"Date","Daily.AQI.Value","Local.Site.Name","AQS.Parameter.Description","County","Site.Latitude","Site.Longitude"
2024-03-01,26,"Taylorsville Liledoun","Ozone","Alexander",35.9138000008966,-81.191
2024-03-02,34,"Taylorsville Liledoun","Ozone","Alexander",35.9138000008966,-81.191
2024-03-03,35,"Taylorsville Liledoun","Ozone","Alexander",35.9138000008966,-81.191
2024-03-04,37,"Taylorsville Liledoun","Ozone","Alexander",35.9138000008966,-81.191
2024-03-05,42,"Taylorsville Liledoun","Ozone","Alexander",35.9138000008966,-81.191
2024-03-06,32,"Taylorsville Liledoun","Ozone","Alexander",35.9138000008966,-81.191
2024-03-07,38,"Taylorsville Liledoun","Ozone","Alexander",35.9138000008966,-81.191
2024-03-08,28,"Taylorsville Liledoun","Ozone","Alexander",35.9138000008966,-81.191
2024-03-09,25,"Taylorsville Liledoun","Ozone","Alexander",35.9138000008966,-81.191
2024-03-10,40,"Taylorsville Liledoun","Ozone","Alexander",35.9138000008966,-81.191
2024-03-11,44,"Taylorsville Liledoun","Ozone","Alexander",35.9138000008966,-81.191
2024-03-12,44,"Taylorsville Liledoun","Ozone","Alexander",35.9138000008966,-81.191
2024-03-13,54,"Taylorsville Liledoun","Ozone","Alexander",35.9138000008966,-81.191
2024-03-14,87,"Taylorsville Liledoun","Ozone","Alexander",35.9138000008966,-81.191
2024-03-15,35,"Taylorsville Liledoun","Ozone","Alexander",35.9138000008966,-81.191
2024-03-16,43,"Taylorsville Liledoun","Ozone","Alexander",35.9138000008966,-81.191
2024-03-17,43,"Taylorsville Liledoun","Ozone","Alexander",35.9138000008966,-81.191
2024-03-18,43,"Taylorsville Liledoun","Ozone","Alexander",35.9138000008966,-81.191
2024-03-19,39,"Taylorsville Liledoun","Ozone","Alexander",35.9138000008966,-81.191
2024-03-20,46,"Taylorsville Liledoun","Ozone","Alexander",35.9138000008966,-81.191
2024-03-21,48,"Taylorsville Liledoun","Ozone","Alexander",35.9138000008966,-81.191
2024-03-22,36,"Taylorsville Liledoun","Ozone","Alexander",35.9138000008966,-81.191
2024-03-23,43,"Taylorsville Liledoun","Ozone","Alexander",35.9138000008966,-81.191
2024-03-24,45,"Taylorsville Liledoun","Ozone","Alexander",35.9138000008966,-81.191
2024-03-25,47,"Taylorsville Liledoun","Ozone","Alexander",35.9138000008966,-81.191
2024-03-26,35,"Taylorsville Liledoun","Ozone","Alexander",35.9138000008966,-81.191
2024-03-27,31,"Taylorsville Liledoun","Ozone","Alexander",35.9138000008966,-81.191
2024-03-28,45,"Taylorsville Liledoun","Ozone","Alexander",35.9138000008966,-81.191
2024-03-29,49,"Taylorsville Liledoun","Ozone","Alexander",35.9138000008966,-81.191
2024-03-30,51,"Taylorsville Liledoun","Ozone","Alexander",35.9138000008966,-81.191
2024-03-31,50,"Taylorsville Liledoun","Ozone","Alexander",35.9138000008966,-81.191
2024-04-01,46,"Taylorsville Liledoun","Ozone","Alexander",35.9138000008966,-81.191
2024-04-02,48,"Taylorsville Liledoun","Ozone","Alexander",35.9138000008966,-81.191
2024-04-03,44,"Taylorsville Liledoun","Ozone","Alexander",35.9138000008966,-81.191
2024-04-04,39,"Taylorsville Liledoun","Ozone","Alexander",35.9138000008966,-81.191
2024-04-05,35,"Taylorsville Liledoun","Ozone","Alexander",35.9138000008966,-81.191
2024-04-06,44,"Taylorsville Liledoun","Ozone","Alexander",35.9138000008966,-81.191
2024-04-07,44,"Taylorsville Liledoun","Ozone","Alexander",35.9138000008966,-81.191
2024-04-08,48,"Taylorsville Liledoun","Ozone","Alexander",35.9138000008966,-81.191
2024-04-09,38,"Taylorsville Liledoun","Ozone","Alexander",35.9138000008966,-81.191
2024-04-10,31,"Taylorsville Liledoun","Ozone","Alexander",35.9138000008966,-81.191
2024-04-11,39,"Taylorsville Liledoun","Ozone","Alexander",35.9138000008966,-81.191
2024-04-12,45,"Taylorsville Liledoun","Ozone","Alexander",35.9138000008966,-81.191
2024-04-13,49,"Taylorsville Liledoun","Ozone","Alexander",35.9138000008966,-81.191
2024-04-14,58,"Taylorsville Liledoun","Ozone","Alexander",35.9138000008966,-81.191
2024-04-15,67,"Taylorsville Liledoun","Ozone","Alexander",35.9138000008966,-81.191
2024-04-16,58,"Taylorsville Liledoun","Ozone","Alexander",35.9138000008966,-81.191
2024-04-17,61,"Taylorsville Liledoun","Ozone","Alexander",35.9138000008966,-81.191
2024-04-18,46,"Taylorsville Liledoun","Ozone","Alexander",35.9138000008966,-81.191
2024-04-19,43,"Taylorsville Liledoun","Ozone","Alexander",35.9138000008966,-81.191
2024-04-20,38,"Taylorsville Liledoun","Ozone","Alexander",35.9138000008966,-81.191
2024-04-21,33,"Taylorsville Liledoun","Ozone","Alexander",35.9138000008966,-81.191
2024-04-22,41,"Taylorsville Liledoun","Ozone","Alexander",35.9138000008966,-81.191
2024-04-23,51,"Taylorsville Liledoun","Ozone","Alexander",35.9138000008966,-81.191
2024-04-24,45,"Taylorsville Liledoun","Ozone","Alexander",35.9138000008966,-81.191
2024-04-25,51,"Taylorsville Liledoun","Ozone","Alexander",35.9138000008966,-81.191
2024-04-26,40,"Taylorsville Liledoun","Ozone","Alexander",35.9138000008966,-81.191
2024-04-27,46,"Taylorsville Liledoun","Ozone","Alexander",35.9138000008966,-81.191
2024-04-28,44,"Taylorsville Liledoun","Ozone","Alexander",35.9138000008966,-81.191
2024-04-29,50,"Taylorsville Liledoun","Ozone","Alexander",35.9138000008966,-81.191
2024-04-30,40,"Taylorsville Liledoun","Ozone","Alexander",35.9138000008966,-81.191
2024-05-01,46,"Taylorsville Liledoun","Ozone","Alexander",35.9138000008966,-81.191
2024-05-02,80,"Taylorsville Liledoun","Ozone","Alexander",35.9138000008966,-81.191
2024-05-03,41,"Taylorsville Liledoun","Ozone","Alexander",35.9138000008966,-81.191
2024-05-04,34,"Taylorsville Liledoun","Ozone","Alexander",35.9138000008966,-81.191
2024-05-05,26,"Taylorsville Liledoun","Ozone","Alexander",35.9138000008966,-81.191
2024-05-06,37,"Taylorsville Liledoun","Ozone","Alexander",35.9138000008966,-81.191
2024-05-07,34,"Taylorsville Liledoun","Ozone","Alexander",35.9138000008966,-81.191
2024-05-08,31,"Taylorsville Liledoun","Ozone","Alexander",35.9138000008966,-81.191
2024-05-09,35,"Taylorsville Liledoun","Ozone","Alexander",35.9138000008966,-81.191
2024-05-10,44,"Taylorsville Liledoun","Ozone","Alexander",35.9138000008966,-81.191
2024-05-11,39,"Taylorsville Liledoun","Ozone","Alexander",35.9138000008966,-81.191
2024-05-12,47,"Taylorsville Liledoun","Ozone","Alexander",35.9138000008966,-81.191
2024-05-13,43,"Taylorsville Liledoun","Ozone","Alexander",35.9138000008966,-81.191
2024-05-14,26,"Taylorsville Liledoun","Ozone","Alexander",35.9138000008966,-81.191
2024-05-15,26,"Taylorsville Liledoun","Ozone","Alexander",35.9138000008966,-81.191
2024-05-16,37,"Taylorsville Liledoun","Ozone","Alexander",35.9138000008966,-81.191
2024-05-17,39,"Taylorsville Liledoun","Ozone","Alexander",35.9138000008966,-81.191
2024-05-18,33,"Taylorsville Liledoun","Ozone","Alexander",35.9138000008966,-81.191
2024-05-19,32,"Taylorsville Liledoun","Ozone","Alexander",35.9138000008966,-81.191
2024-05-20,40,"Taylorsville Liledoun","Ozone","Alexander",35.9138000008966,-81.191
2024-05-21,48,"Taylorsville Liledoun","Ozone","Alexander",35.9138000008966,-81.191
2024-05-22,46,"Taylorsville Liledoun","Ozone","Alexander",35.9138000008966,-81.191
2024-05-23,41,"Taylorsville Liledoun","Ozone","Alexander",35.9138000008966,-81.191
2024-05-24,44,"Taylorsville Liledoun","Ozone","Alexander",35.9138000008966,-81.191
2024-05-25,40,"Taylorsville Liledoun","Ozone","Alexander",35.9138000008966,-81.191
2024-05-26,44,"Taylorsville Liledoun","Ozone","Alexander",35.9138000008966,-81.191
2024-05-27,41,"Taylorsville Liledoun","Ozone","Alexander",35.9138000008966,-81.191
2024-05-28,45,"Taylorsville Liledoun","Ozone","Alexander",35.9138000008966,-81.191
2024-05-29,47,"Taylorsville Liledoun","Ozone","Alexander",35.9138000008966,-81.191
2024-05-30,40,"Taylorsville Liledoun","Ozone","Alexander",35.9138000008966,-81.191
2024-05-31,48,"Taylorsville Liledoun","Ozone","Alexander",35.9138000008966,-81.191
2024-06-01,64,"Taylorsville Liledoun","Ozone","Alexander",35.9138000008966,-81.191
2024-06-02,32,"Taylorsville Liledoun","Ozone","Alexander",35.9138000008966,-81.191
2024-06-03,38,"Taylorsville Liledoun","Ozone","Alexander",35.9138000008966,-81.191
2024-06-04,42,"Taylorsville Liledoun","Ozone","Alexander",35.9138000008966,-81.191
2024-06-05,31,"Taylorsville Liledoun","Ozone","Alexander",35.9138000008966,-81.191
2024-06-06,35,"Taylorsville Liledoun","Ozone","Alexander",35.9138000008966,-81.191
2024-06-07,50,"Taylorsville Liledoun","Ozone","Alexander",35.9138000008966,-81.191
2024-06-08,54,"Taylorsville Liledoun","Ozone","Alexander",35.9138000008966,-81.191
2024-06-09,34,"Taylorsville Liledoun","Ozone","Alexander",35.9138000008966,-81.191
2024-06-10,47,"Taylorsville Liledoun","Ozone","Alexander",35.9138000008966,-81.191
2024-06-11,45,"Taylorsville Liledoun","Ozone","Alexander",35.9138000008966,-81.191
2024-06-12,67,"Taylorsville Liledoun","Ozone","Alexander",35.9138000008966,-81.191
2024-06-13,77,"Taylorsville Liledoun","Ozone","Alexander",35.9138000008966,-81.191
2024-06-14,49,"Taylorsville Liledoun","Ozone","Alexander",35.9138000008966,-81.191
2024-06-15,74,"Taylorsville Liledoun","Ozone","Alexander",35.9138000008966,-81.191
2024-06-16,41,"Taylorsville Liledoun","Ozone","Alexander",35.9138000008966,-81.191
2024-06-17,51,"Taylorsville Liledoun","Ozone","Alexander",35.9138000008966,-81.191
2024-06-18,46,"Taylorsville Liledoun","Ozone","Alexander",35.9138000008966,-81.191
2024-06-19,45,"Taylorsville Liledoun","Ozone","Alexander",35.9138000008966,-81.191
2024-06-20,44,"Taylorsville Liledoun","Ozone","Alexander",35.9138000008966,-81.191
2024-06-21,54,"Taylorsville Liledoun","Ozone","Alexander",35.9138000008966,-81.191
2024-06-22,40,"Taylorsville Liledoun","Ozone","Alexander",35.9138000008966,-81.191
2024-06-23,38,"Taylorsville Liledoun","Ozone","Alexander",35.9138000008966,-81.191
2024-06-24,61,"Taylorsville Liledoun","Ozone","Alexander",35.9138000008966,-81.191
2024-06-25,51,"Taylorsville Liledoun","Ozone","Alexander",35.9138000008966,-81.191
2024-06-26,93,"Taylorsville Liledoun","Ozone","Alexander",35.9138000008966,-81.191
2024-06-27,50,"Taylorsville Liledoun","Ozone","Alexander",35.9138000008966,-81.191
2024-06-28,54,"Taylorsville Liledoun","Ozone","Alexander",35.9138000008966,-81.191
2024-06-29,37,"Taylorsville Liledoun","Ozone","Alexander",35.9138000008966,-81.191
2024-06-30,37,"Taylorsville Liledoun","Ozone","Alexander",35.9138000008966,-81.191
2024-07-01,54,"Taylorsville Liledoun","Ozone","Alexander",35.9138000008966,-81.191
2024-07-02,61,"Taylorsville Liledoun","Ozone","Alexander",35.9138000008966,-81.191
2024-07-03,58,"Taylorsville Liledoun","Ozone","Alexander",35.9138000008966,-81.191
2024-07-04,38,"Taylorsville Liledoun","Ozone","Alexander",35.9138000008966,-81.191
2024-07-05,36,"Taylorsville Liledoun","Ozone","Alexander",35.9138000008966,-81.191
2024-07-06,43,"Taylorsville Liledoun","Ozone","Alexander",35.9138000008966,-81.191
2024-07-07,37,"Taylorsville Liledoun","Ozone","Alexander",35.9138000008966,-81.191
2024-07-08,51,"Taylorsville Liledoun","Ozone","Alexander",35.9138000008966,-81.191
2024-07-09,51,"Taylorsville Liledoun","Ozone","Alexander",35.9138000008966,-81.191
2024-07-10,47,"Taylorsville Liledoun","Ozone","Alexander",35.9138000008966,-81.191
2024-07-11,47,"Taylorsville Liledoun","Ozone","Alexander",35.9138000008966,-81.191
2024-07-12,41,"Taylorsville Liledoun","Ozone","Alexander",35.9138000008966,-81.191
2024-07-13,44,"Taylorsville Liledoun","Ozone","Alexander",35.9138000008966,-81.191
2024-07-14,48,"Taylorsville Liledoun","Ozone","Alexander",35.9138000008966,-81.191
2024-07-15,58,"Taylorsville Liledoun","Ozone","Alexander",35.9138000008966,-81.191
2024-07-16,35,"Taylorsville Liledoun","Ozone","Alexander",35.9138000008966,-81.191
2024-07-17,37,"Taylorsville Liledoun","Ozone","Alexander",35.9138000008966,-81.191
2024-07-18,39,"Taylorsville Liledoun","Ozone","Alexander",35.9138000008966,-81.191
2024-07-19,44,"Taylorsville Liledoun","Ozone","Alexander",35.9138000008966,-81.191
2024-07-20,34,"Taylorsville Liledoun","Ozone","Alexander",35.9138000008966,-81.191
2024-07-21,31,"Taylorsville Liledoun","Ozone","Alexander",35.9138000008966,-81.191
2024-07-22,35,"Taylorsville Liledoun","Ozone","Alexander",35.9138000008966,-81.191
2024-07-23,38,"Taylorsville Liledoun","Ozone","Alexander",35.9138000008966,-81.191
2024-07-24,31,"Taylorsville Liledoun","Ozone","Alexander",35.9138000008966,-81.191
2024-07-25,28,"Taylorsville Liledoun","Ozone","Alexander",35.9138000008966,-81.191
2024-07-26,35,"Taylorsville Liledoun","Ozone","Alexander",35.9138000008966,-81.191
2024-07-27,44,"Taylorsville Liledoun","Ozone","Alexander",35.9138000008966,-81.191
2024-07-28,40,"Taylorsville Liledoun","Ozone","Alexander",35.9138000008966,-81.191
2024-07-29,28,"Taylorsville Liledoun","Ozone","Alexander",35.9138000008966,-81.191
2024-07-30,41,"Taylorsville Liledoun","Ozone","Alexander",35.9138000008966,-81.191
2024-07-31,40,"Taylorsville Liledoun","Ozone","Alexander",35.9138000008966,-81.191
2024-08-01,34,"Taylorsville Liledoun","Ozone","Alexander",35.9138000008966,-81.191
2024-08-02,31,"Taylorsville Liledoun","Ozone","Alexander",35.9138000008966,-81.191
2024-08-03,39,"Taylorsville Liledoun","Ozone","Alexander",35.9138000008966,-81.191
2024-08-04,40,"Taylorsville Liledoun","Ozone","Alexander",35.9138000008966,-81.191
2024-08-05,41,"Taylorsville Liledoun","Ozone","Alexander",35.9138000008966,-81.191
2024-08-06,22,"Taylorsville Liledoun","Ozone","Alexander",35.9138000008966,-81.191
2024-08-07,23,"Taylorsville Liledoun","Ozone","Alexander",35.9138000008966,-81.191
2024-08-08,32,"Taylorsville Liledoun","Ozone","Alexander",35.9138000008966,-81.191
2024-08-09,31,"Taylorsville Liledoun","Ozone","Alexander",35.9138000008966,-81.191
2024-08-10,39,"Taylorsville Liledoun","Ozone","Alexander",35.9138000008966,-81.191
2024-08-11,37,"Taylorsville Liledoun","Ozone","Alexander",35.9138000008966,-81.191
2024-08-12,40,"Taylorsville Liledoun","Ozone","Alexander",35.9138000008966,-81.191
2024-08-13,30,"Taylorsville Liledoun","Ozone","Alexander",35.9138000008966,-81.191
2024-08-14,39,"Taylorsville Liledoun","Ozone","Alexander",35.9138000008966,-81.191
2024-08-15,46,"Taylorsville Liledoun","Ozone","Alexander",35.9138000008966,-81.191
2024-08-16,37,"Taylorsville Liledoun","Ozone","Alexander",35.9138000008966,-81.191
2024-08-17,35,"Taylorsville Liledoun","Ozone","Alexander",35.9138000008966,-81.191
2024-08-18,38,"Taylorsville Liledoun","Ozone","Alexander",35.9138000008966,-81.191
2024-08-19,32,"Taylorsville Liledoun","Ozone","Alexander",35.9138000008966,-81.191
2024-08-20,36,"Taylorsville Liledoun","Ozone","Alexander",35.9138000008966,-81.191
2024-08-21,40,"Taylorsville Liledoun","Ozone","Alexander",35.9138000008966,-81.191
2024-08-22,45,"Taylorsville Liledoun","Ozone","Alexander",35.9138000008966,-81.191
2024-08-23,45,"Taylorsville Liledoun","Ozone","Alexander",35.9138000008966,-81.191
2024-08-24,47,"Taylorsville Liledoun","Ozone","Alexander",35.9138000008966,-81.191
2024-08-25,47,"Taylorsville Liledoun","Ozone","Alexander",35.9138000008966,-81.191
2024-08-26,54,"Taylorsville Liledoun","Ozone","Alexander",35.9138000008966,-81.191
2024-08-27,49,"Taylorsville Liledoun","Ozone","Alexander",35.9138000008966,-81.191
2024-08-28,51,"Taylorsville Liledoun","Ozone","Alexander",35.9138000008966,-81.191
2024-08-29,54,"Taylorsville Liledoun","Ozone","Alexander",35.9138000008966,-81.191
2024-08-30,44,"Taylorsville Liledoun","Ozone","Alexander",35.9138000008966,-81.191
2024-08-31,44,"Taylorsville Liledoun","Ozone","Alexander",35.9138000008966,-81.191
2024-09-01,32,"Taylorsville Liledoun","Ozone","Alexander",35.9138000008966,-81.191
2024-09-02,38,"Taylorsville Liledoun","Ozone","Alexander",35.9138000008966,-81.191
2024-09-03,32,"Taylorsville Liledoun","Ozone","Alexander",35.9138000008966,-81.191
2024-09-04,38,"Taylorsville Liledoun","Ozone","Alexander",35.9138000008966,-81.191
2024-09-05,34,"Taylorsville Liledoun","Ozone","Alexander",35.9138000008966,-81.191
2024-09-06,44,"Taylorsville Liledoun","Ozone","Alexander",35.9138000008966,-81.191
2024-09-07,33,"Taylorsville Liledoun","Ozone","Alexander",35.9138000008966,-81.191
2024-09-08,35,"Taylorsville Liledoun","Ozone","Alexander",35.9138000008966,-81.191
2024-09-09,41,"Taylorsville Liledoun","Ozone","Alexander",35.9138000008966,-81.191
2024-09-10,45,"Taylorsville Liledoun","Ozone","Alexander",35.9138000008966,-81.191
2024-09-11,50,"Taylorsville Liledoun","Ozone","Alexander",35.9138000008966,-81.191
2024-09-12,54,"Taylorsville Liledoun","Ozone","Alexander",35.9138000008966,-81.191
2024-09-13,33,"Taylorsville Liledoun","Ozone","Alexander",35.9138000008966,-81.191
2024-09-14,34,"Taylorsville Liledoun","Ozone","Alexander",35.9138000008966,-81.191
2024-09-15,31,"Taylorsville Liledoun","Ozone","Alexander",35.9138000008966,-81.191
2024-09-16,29,"Taylorsville Liledoun","Ozone","Alexander",35.9138000008966,-81.191
2024-09-17,28,"Taylorsville Liledoun","Ozone","Alexander",35.9138000008966,-81.191
2024-09-18,28,"Taylorsville Liledoun","Ozone","Alexander",35.9138000008966,-81.191
2024-09-19,28,"Taylorsville Liledoun","Ozone","Alexander",35.9138000008966,-81.191
2024-09-20,35,"Taylorsville Liledoun","Ozone","Alexander",35.9138000008966,-81.191
2024-09-21,42,"Taylorsville Liledoun","Ozone","Alexander",35.9138000008966,-81.191
2024-09-22,46,"Taylorsville Liledoun","Ozone","Alexander",35.9138000008966,-81.191
2024-09-23,31,"Taylorsville Liledoun","Ozone","Alexander",35.9138000008966,-81.191
2024-09-24,28,"Taylorsville Liledoun","Ozone","Alexander",35.9138000008966,-81.191
2024-09-25,31,"Taylorsville Liledoun","Ozone","Alexander",35.9138000008966,-81.191
2024-09-26,30,"Taylorsville Liledoun","Ozone","Alexander",35.9138000008966,-81.191
2024-09-27,27,"Taylorsville Liledoun","Ozone","Alexander",35.9138000008966,-81.191
2024-09-28,31,"Taylorsville Liledoun","Ozone","Alexander",35.9138000008966,-81.191
2024-09-29,36,"Taylorsville Liledoun","Ozone","Alexander",35.9138000008966,-81.191
2024-09-30,34,"Taylorsville Liledoun","Ozone","Alexander",35.9138000008966,-81.191
2024-10-01,24,"Taylorsville Liledoun","Ozone","Alexander",35.9138000008966,-81.191
2024-10-02,31,"Taylorsville Liledoun","Ozone","Alexander",35.9138000008966,-81.191
2024-10-03,41,"Taylorsville Liledoun","Ozone","Alexander",35.9138000008966,-81.191
2024-10-04,36,"Taylorsville Liledoun","Ozone","Alexander",35.9138000008966,-81.191
2024-10-05,50,"Taylorsville Liledoun","Ozone","Alexander",35.9138000008966,-81.191
2024-10-06,42,"Taylorsville Liledoun","Ozone","Alexander",35.9138000008966,-81.191
2024-10-07,45,"Taylorsville Liledoun","Ozone","Alexander",35.9138000008966,-81.191
2024-10-08,38,"Taylorsville Liledoun","Ozone","Alexander",35.9138000008966,-81.191
2024-10-09,42,"Taylorsville Liledoun","Ozone","Alexander",35.9138000008966,-81.191
2024-10-10,39,"Taylorsville Liledoun","Ozone","Alexander",35.9138000008966,-81.191
2024-10-11,38,"Taylorsville Liledoun","Ozone","Alexander",35.9138000008966,-81.191
2024-10-12,43,"Taylorsville Liledoun","Ozone","Alexander",35.9138000008966,-81.191
2024-10-13,45,"Taylorsville Liledoun","Ozone","Alexander",35.9138000008966,-81.191
2024-10-14,39,"Taylorsville Liledoun","Ozone","Alexander",35.9138000008966,-81.191
2024-10-15,31,"Taylorsville Liledoun","Ozone","Alexander",35.9138000008966,-81.191
2024-10-16,29,"Taylorsville Liledoun","Ozone","Alexander",35.9138000008966,-81.191
2024-10-17,35,"Taylorsville Liledoun","Ozone","Alexander",35.9138000008966,-81.191
2024-10-18,39,"Taylorsville Liledoun","Ozone","Alexander",35.9138000008966,-81.191
2024-10-19,41,"Taylorsville Liledoun","Ozone","Alexander",35.9138000008966,-81.191
2024-10-20,42,"Taylorsville Liledoun","Ozone","Alexander",35.9138000008966,-81.191
2024-10-21,43,"Taylorsville Liledoun","Ozone","Alexander",35.9138000008966,-81.191
2024-10-22,50,"Taylorsville Liledoun","Ozone","Alexander",35.9138000008966,-81.191
2024-10-23,46,"Taylorsville Liledoun","Ozone","Alexander",35.9138000008966,-81.191
2024-10-24,46,"Taylorsville Liledoun","Ozone","Alexander",35.9138000008966,-81.191
2024-10-25,58,"Taylorsville Liledoun","Ozone","Alexander",35.9138000008966,-81.191
2024-10-26,44,"Taylorsville Liledoun","Ozone","Alexander",35.9138000008966,-81.191
2024-10-27,32,"Taylorsville Liledoun","Ozone","Alexander",35.9138000008966,-81.191
2024-10-28,34,"Taylorsville Liledoun","Ozone","Alexander",35.9138000008966,-81.191
2024-10-29,45,"Taylorsville Liledoun","Ozone","Alexander",35.9138000008966,-81.191
2024-10-30,37,"Taylorsville Liledoun","Ozone","Alexander",35.9138000008966,-81.191
2024-10-31,38,"Taylorsville Liledoun","Ozone","Alexander",35.9138000008966,-81.191
2024-03-01,31,"Linville Falls","Ozone","Avery",35.972347,-81.933072
2024-03-02,37,"Linville Falls","Ozone","Avery",35.972347,-81.933072
2024-03-03,38,"Linville Falls","Ozone","Avery",35.972347,-81.933072
2024-03-04,36,"Linville Falls","Ozone","Avery",35.972347,-81.933072
2024-03-05,43,"Linville Falls","Ozone","Avery",35.972347,-81.933072
2024-03-06,40,"Linville Falls","Ozone","Avery",35.972347,-81.933072
2024-03-07,36,"Linville Falls","Ozone","Avery",35.972347,-81.933072
2024-03-08,32,"Linville Falls","Ozone","Avery",35.972347,-81.933072
2024-03-09,30,"Linville Falls","Ozone","Avery",35.972347,-81.933072
2024-03-10,40,"Linville Falls","Ozone","Avery",35.972347,-81.933072
2024-03-11,46,"Linville Falls","Ozone","Avery",35.972347,-81.933072
2024-03-12,44,"Linville Falls","Ozone","Avery",35.972347,-81.933072
2024-03-13,50,"Linville Falls","Ozone","Avery",35.972347,-81.933072
2024-03-14,90,"Linville Falls","Ozone","Avery",35.972347,-81.933072
2024-03-15,37,"Linville Falls","Ozone","Avery",35.972347,-81.933072
2024-03-16,44,"Linville Falls","Ozone","Avery",35.972347,-81.933072
2024-03-17,44,"Linville Falls","Ozone","Avery",35.972347,-81.933072
2024-03-18,44,"Linville Falls","Ozone","Avery",35.972347,-81.933072
2024-03-19,44,"Linville Falls","Ozone","Avery",35.972347,-81.933072
2024-03-20,48,"Linville Falls","Ozone","Avery",35.972347,-81.933072
2024-03-21,48,"Linville Falls","Ozone","Avery",35.972347,-81.933072
2024-03-22,44,"Linville Falls","Ozone","Avery",35.972347,-81.933072
2024-03-23,40,"Linville Falls","Ozone","Avery",35.972347,-81.933072
2024-03-24,51,"Linville Falls","Ozone","Avery",35.972347,-81.933072
2024-03-25,54,"Linville Falls","Ozone","Avery",35.972347,-81.933072
2024-03-26,39,"Linville Falls","Ozone","Avery",35.972347,-81.933072
2024-03-27,37,"Linville Falls","Ozone","Avery",35.972347,-81.933072
2024-03-28,45,"Linville Falls","Ozone","Avery",35.972347,-81.933072
2024-03-29,49,"Linville Falls","Ozone","Avery",35.972347,-81.933072
2024-03-30,54,"Linville Falls","Ozone","Avery",35.972347,-81.933072
2024-03-31,49,"Linville Falls","Ozone","Avery",35.972347,-81.933072
2024-04-01,45,"Linville Falls","Ozone","Avery",35.972347,-81.933072
2024-04-02,46,"Linville Falls","Ozone","Avery",35.972347,-81.933072
2024-04-03,44,"Linville Falls","Ozone","Avery",35.972347,-81.933072
2024-04-04,40,"Linville Falls","Ozone","Avery",35.972347,-81.933072
2024-04-05,35,"Linville Falls","Ozone","Avery",35.972347,-81.933072
2024-04-06,44,"Linville Falls","Ozone","Avery",35.972347,-81.933072
2024-04-07,44,"Linville Falls","Ozone","Avery",35.972347,-81.933072
2024-04-08,49,"Linville Falls","Ozone","Avery",35.972347,-81.933072
2024-04-09,43,"Linville Falls","Ozone","Avery",35.972347,-81.933072
2024-04-10,40,"Linville Falls","Ozone","Avery",35.972347,-81.933072
2024-04-11,44,"Linville Falls","Ozone","Avery",35.972347,-81.933072
2024-04-12,44,"Linville Falls","Ozone","Avery",35.972347,-81.933072
2024-04-13,49,"Linville Falls","Ozone","Avery",35.972347,-81.933072
2024-04-14,67,"Linville Falls","Ozone","Avery",35.972347,-81.933072
2024-04-15,51,"Linville Falls","Ozone","Avery",35.972347,-81.933072
2024-04-16,61,"Linville Falls","Ozone","Avery",35.972347,-81.933072
2024-04-17,51,"Linville Falls","Ozone","Avery",35.972347,-81.933072
2024-04-18,49,"Linville Falls","Ozone","Avery",35.972347,-81.933072
2024-04-19,46,"Linville Falls","Ozone","Avery",35.972347,-81.933072
2024-04-20,41,"Linville Falls","Ozone","Avery",35.972347,-81.933072
2024-04-21,35,"Linville Falls","Ozone","Avery",35.972347,-81.933072
2024-04-22,46,"Linville Falls","Ozone","Avery",35.972347,-81.933072
2024-04-23,50,"Linville Falls","Ozone","Avery",35.972347,-81.933072
2024-04-24,49,"Linville Falls","Ozone","Avery",35.972347,-81.933072
2024-04-25,58,"Linville Falls","Ozone","Avery",35.972347,-81.933072
2024-04-26,35,"Linville Falls","Ozone","Avery",35.972347,-81.933072
2024-04-27,49,"Linville Falls","Ozone","Avery",35.972347,-81.933072
2024-04-28,44,"Linville Falls","Ozone","Avery",35.972347,-81.933072
2024-04-29,48,"Linville Falls","Ozone","Avery",35.972347,-81.933072
2024-04-30,38,"Linville Falls","Ozone","Avery",35.972347,-81.933072
2024-05-01,47,"Linville Falls","Ozone","Avery",35.972347,-81.933072
2024-05-02,58,"Linville Falls","Ozone","Avery",35.972347,-81.933072
2024-05-03,37,"Linville Falls","Ozone","Avery",35.972347,-81.933072
2024-05-04,38,"Linville Falls","Ozone","Avery",35.972347,-81.933072
2024-05-05,31,"Linville Falls","Ozone","Avery",35.972347,-81.933072
2024-05-06,41,"Linville Falls","Ozone","Avery",35.972347,-81.933072
2024-05-07,34,"Linville Falls","Ozone","Avery",35.972347,-81.933072
2024-05-08,30,"Linville Falls","Ozone","Avery",35.972347,-81.933072
2024-05-09,44,"Linville Falls","Ozone","Avery",35.972347,-81.933072
2024-05-10,45,"Linville Falls","Ozone","Avery",35.972347,-81.933072
2024-05-11,43,"Linville Falls","Ozone","Avery",35.972347,-81.933072
2024-05-12,47,"Linville Falls","Ozone","Avery",35.972347,-81.933072
2024-05-13,44,"Linville Falls","Ozone","Avery",35.972347,-81.933072
2024-05-14,30,"Linville Falls","Ozone","Avery",35.972347,-81.933072
2024-05-15,39,"Linville Falls","Ozone","Avery",35.972347,-81.933072
2024-05-16,41,"Linville Falls","Ozone","Avery",35.972347,-81.933072
2024-05-17,35,"Linville Falls","Ozone","Avery",35.972347,-81.933072
2024-05-18,31,"Linville Falls","Ozone","Avery",35.972347,-81.933072
2024-05-19,31,"Linville Falls","Ozone","Avery",35.972347,-81.933072
2024-05-20,34,"Linville Falls","Ozone","Avery",35.972347,-81.933072
2024-05-21,41,"Linville Falls","Ozone","Avery",35.972347,-81.933072
2024-05-22,44,"Linville Falls","Ozone","Avery",35.972347,-81.933072
2024-05-23,36,"Linville Falls","Ozone","Avery",35.972347,-81.933072
2024-05-24,47,"Linville Falls","Ozone","Avery",35.972347,-81.933072
2024-05-25,37,"Linville Falls","Ozone","Avery",35.972347,-81.933072
2024-05-26,42,"Linville Falls","Ozone","Avery",35.972347,-81.933072
2024-05-27,40,"Linville Falls","Ozone","Avery",35.972347,-81.933072
2024-05-28,46,"Linville Falls","Ozone","Avery",35.972347,-81.933072
2024-05-29,48,"Linville Falls","Ozone","Avery",35.972347,-81.933072
2024-05-30,41,"Linville Falls","Ozone","Avery",35.972347,-81.933072
2024-05-31,40,"Linville Falls","Ozone","Avery",35.972347,-81.933072
2024-06-01,58,"Linville Falls","Ozone","Avery",35.972347,-81.933072
2024-06-02,36,"Linville Falls","Ozone","Avery",35.972347,-81.933072
2024-06-03,35,"Linville Falls","Ozone","Avery",35.972347,-81.933072
2024-06-04,37,"Linville Falls","Ozone","Avery",35.972347,-81.933072
2024-06-05,29,"Linville Falls","Ozone","Avery",35.972347,-81.933072
2024-06-06,42,"Linville Falls","Ozone","Avery",35.972347,-81.933072
2024-06-07,48,"Linville Falls","Ozone","Avery",35.972347,-81.933072
2024-06-08,51,"Linville Falls","Ozone","Avery",35.972347,-81.933072
2024-06-09,41,"Linville Falls","Ozone","Avery",35.972347,-81.933072
2024-06-10,45,"Linville Falls","Ozone","Avery",35.972347,-81.933072
2024-06-11,43,"Linville Falls","Ozone","Avery",35.972347,-81.933072
2024-06-12,47,"Linville Falls","Ozone","Avery",35.972347,-81.933072
2024-06-13,48,"Linville Falls","Ozone","Avery",35.972347,-81.933072
2024-06-14,47,"Linville Falls","Ozone","Avery",35.972347,-81.933072
2024-06-15,45,"Linville Falls","Ozone","Avery",35.972347,-81.933072
2024-06-16,37,"Linville Falls","Ozone","Avery",35.972347,-81.933072
2024-06-17,33,"Linville Falls","Ozone","Avery",35.972347,-81.933072
2024-06-18,42,"Linville Falls","Ozone","Avery",35.972347,-81.933072
2024-06-19,38,"Linville Falls","Ozone","Avery",35.972347,-81.933072
2024-06-20,40,"Linville Falls","Ozone","Avery",35.972347,-81.933072
2024-06-21,42,"Linville Falls","Ozone","Avery",35.972347,-81.933072
2024-06-22,46,"Linville Falls","Ozone","Avery",35.972347,-81.933072
2024-06-23,42,"Linville Falls","Ozone","Avery",35.972347,-81.933072
2024-06-24,58,"Linville Falls","Ozone","Avery",35.972347,-81.933072
2024-06-25,47,"Linville Falls","Ozone","Avery",35.972347,-81.933072
2024-06-26,61,"Linville Falls","Ozone","Avery",35.972347,-81.933072
2024-06-27,36,"Linville Falls","Ozone","Avery",35.972347,-81.933072
2024-06-28,50,"Linville Falls","Ozone","Avery",35.972347,-81.933072
2024-06-29,28,"Linville Falls","Ozone","Avery",35.972347,-81.933072
2024-06-30,31,"Linville Falls","Ozone","Avery",35.972347,-81.933072
2024-07-01,46,"Linville Falls","Ozone","Avery",35.972347,-81.933072
2024-07-02,47,"Linville Falls","Ozone","Avery",35.972347,-81.933072
2024-07-03,47,"Linville Falls","Ozone","Avery",35.972347,-81.933072
2024-07-04,38,"Linville Falls","Ozone","Avery",35.972347,-81.933072
2024-07-05,27,"Linville Falls","Ozone","Avery",35.972347,-81.933072
2024-07-06,31,"Linville Falls","Ozone","Avery",35.972347,-81.933072
2024-07-07,30,"Linville Falls","Ozone","Avery",35.972347,-81.933072
2024-07-08,26,"Linville Falls","Ozone","Avery",35.972347,-81.933072
2024-07-09,31,"Linville Falls","Ozone","Avery",35.972347,-81.933072
2024-07-10,44,"Linville Falls","Ozone","Avery",35.972347,-81.933072
2024-07-11,42,"Linville Falls","Ozone","Avery",35.972347,-81.933072
2024-07-12,43,"Linville Falls","Ozone","Avery",35.972347,-81.933072
2024-07-13,40,"Linville Falls","Ozone","Avery",35.972347,-81.933072
2024-07-14,47,"Linville Falls","Ozone","Avery",35.972347,-81.933072
2024-07-15,40,"Linville Falls","Ozone","Avery",35.972347,-81.933072
2024-07-16,28,"Linville Falls","Ozone","Avery",35.972347,-81.933072
2024-07-17,28,"Linville Falls","Ozone","Avery",35.972347,-81.933072
2024-07-18,33,"Linville Falls","Ozone","Avery",35.972347,-81.933072
2024-07-19,37,"Linville Falls","Ozone","Avery",35.972347,-81.933072
2024-07-20,31,"Linville Falls","Ozone","Avery",35.972347,-81.933072
2024-07-21,25,"Linville Falls","Ozone","Avery",35.972347,-81.933072
2024-07-22,30,"Linville Falls","Ozone","Avery",35.972347,-81.933072
2024-07-23,30,"Linville Falls","Ozone","Avery",35.972347,-81.933072
2024-07-24,30,"Linville Falls","Ozone","Avery",35.972347,-81.933072
2024-07-25,23,"Linville Falls","Ozone","Avery",35.972347,-81.933072
2024-07-26,31,"Linville Falls","Ozone","Avery",35.972347,-81.933072
2024-07-27,35,"Linville Falls","Ozone","Avery",35.972347,-81.933072
2024-07-28,31,"Linville Falls","Ozone","Avery",35.972347,-81.933072
2024-07-29,26,"Linville Falls","Ozone","Avery",35.972347,-81.933072
2024-07-30,35,"Linville Falls","Ozone","Avery",35.972347,-81.933072
2024-07-31,39,"Linville Falls","Ozone","Avery",35.972347,-81.933072
2024-08-01,26,"Linville Falls","Ozone","Avery",35.972347,-81.933072
2024-08-02,27,"Linville Falls","Ozone","Avery",35.972347,-81.933072
2024-08-03,34,"Linville Falls","Ozone","Avery",35.972347,-81.933072
2024-08-04,38,"Linville Falls","Ozone","Avery",35.972347,-81.933072
2024-08-05,40,"Linville Falls","Ozone","Avery",35.972347,-81.933072
2024-08-06,25,"Linville Falls","Ozone","Avery",35.972347,-81.933072
2024-08-07,28,"Linville Falls","Ozone","Avery",35.972347,-81.933072
2024-08-08,26,"Linville Falls","Ozone","Avery",35.972347,-81.933072
2024-08-09,35,"Linville Falls","Ozone","Avery",35.972347,-81.933072
2024-08-10,40,"Linville Falls","Ozone","Avery",35.972347,-81.933072
2024-08-11,37,"Linville Falls","Ozone","Avery",35.972347,-81.933072
2024-08-12,34,"Linville Falls","Ozone","Avery",35.972347,-81.933072
2024-08-13,31,"Linville Falls","Ozone","Avery",35.972347,-81.933072
2024-08-14,35,"Linville Falls","Ozone","Avery",35.972347,-81.933072
2024-08-15,44,"Linville Falls","Ozone","Avery",35.972347,-81.933072
2024-08-16,32,"Linville Falls","Ozone","Avery",35.972347,-81.933072
2024-08-17,37,"Linville Falls","Ozone","Avery",35.972347,-81.933072
2024-08-18,40,"Linville Falls","Ozone","Avery",35.972347,-81.933072
2024-08-19,32,"Linville Falls","Ozone","Avery",35.972347,-81.933072
2024-08-20,36,"Linville Falls","Ozone","Avery",35.972347,-81.933072
2024-08-21,36,"Linville Falls","Ozone","Avery",35.972347,-81.933072
2024-08-22,40,"Linville Falls","Ozone","Avery",35.972347,-81.933072
2024-08-23,43,"Linville Falls","Ozone","Avery",35.972347,-81.933072
2024-08-24,40,"Linville Falls","Ozone","Avery",35.972347,-81.933072
2024-08-25,44,"Linville Falls","Ozone","Avery",35.972347,-81.933072
2024-08-26,39,"Linville Falls","Ozone","Avery",35.972347,-81.933072
2024-08-27,41,"Linville Falls","Ozone","Avery",35.972347,-81.933072
2024-08-28,46,"Linville Falls","Ozone","Avery",35.972347,-81.933072
2024-08-29,39,"Linville Falls","Ozone","Avery",35.972347,-81.933072
2024-08-30,30,"Linville Falls","Ozone","Avery",35.972347,-81.933072
2024-08-31,34,"Linville Falls","Ozone","Avery",35.972347,-81.933072
2024-09-01,31,"Linville Falls","Ozone","Avery",35.972347,-81.933072
2024-09-02,32,"Linville Falls","Ozone","Avery",35.972347,-81.933072
2024-09-03,31,"Linville Falls","Ozone","Avery",35.972347,-81.933072
2024-09-04,37,"Linville Falls","Ozone","Avery",35.972347,-81.933072
2024-09-05,30,"Linville Falls","Ozone","Avery",35.972347,-81.933072
2024-09-06,32,"Linville Falls","Ozone","Avery",35.972347,-81.933072
2024-09-07,32,"Linville Falls","Ozone","Avery",35.972347,-81.933072
2024-09-08,32,"Linville Falls","Ozone","Avery",35.972347,-81.933072
2024-09-09,35,"Linville Falls","Ozone","Avery",35.972347,-81.933072
2024-09-10,39,"Linville Falls","Ozone","Avery",35.972347,-81.933072
2024-09-11,54,"Linville Falls","Ozone","Avery",35.972347,-81.933072
2024-09-12,50,"Linville Falls","Ozone","Avery",35.972347,-81.933072
2024-09-13,35,"Linville Falls","Ozone","Avery",35.972347,-81.933072
2024-09-14,33,"Linville Falls","Ozone","Avery",35.972347,-81.933072
2024-09-15,31,"Linville Falls","Ozone","Avery",35.972347,-81.933072
2024-09-16,31,"Linville Falls","Ozone","Avery",35.972347,-81.933072
2024-09-17,30,"Linville Falls","Ozone","Avery",35.972347,-81.933072
2024-09-18,28,"Linville Falls","Ozone","Avery",35.972347,-81.933072
2024-09-19,22,"Linville Falls","Ozone","Avery",35.972347,-81.933072
2024-09-20,37,"Linville Falls","Ozone","Avery",35.972347,-81.933072
2024-09-21,35,"Linville Falls","Ozone","Avery",35.972347,-81.933072
2024-09-22,37,"Linville Falls","Ozone","Avery",35.972347,-81.933072
2024-09-23,34,"Linville Falls","Ozone","Avery",35.972347,-81.933072
2024-09-24,31,"Linville Falls","Ozone","Avery",35.972347,-81.933072
2024-09-25,36,"Linville Falls","Ozone","Avery",35.972347,-81.933072
2024-09-26,37,"Linville Falls","Ozone","Avery",35.972347,-81.933072
2024-03-01,29,"Bent Creek","Ozone","Buncombe",35.500102002749,-82.5998603096712
2024-03-02,32,"Bent Creek","Ozone","Buncombe",35.500102002749,-82.5998603096712
2024-03-03,34,"Bent Creek","Ozone","Buncombe",35.500102002749,-82.5998603096712
2024-03-04,36,"Bent Creek","Ozone","Buncombe",35.500102002749,-82.5998603096712
2024-03-05,40,"Bent Creek","Ozone","Buncombe",35.500102002749,-82.5998603096712
2024-03-06,33,"Bent Creek","Ozone","Buncombe",35.500102002749,-82.5998603096712
2024-03-07,40,"Bent Creek","Ozone","Buncombe",35.500102002749,-82.5998603096712
2024-03-08,31,"Bent Creek","Ozone","Buncombe",35.500102002749,-82.5998603096712
2024-03-09,31,"Bent Creek","Ozone","Buncombe",35.500102002749,-82.5998603096712
2024-03-10,41,"Bent Creek","Ozone","Buncombe",35.500102002749,-82.5998603096712
2024-03-11,44,"Bent Creek","Ozone","Buncombe",35.500102002749,-82.5998603096712
2024-03-12,44,"Bent Creek","Ozone","Buncombe",35.500102002749,-82.5998603096712
2024-03-13,50,"Bent Creek","Ozone","Buncombe",35.500102002749,-82.5998603096712
2024-03-14,77,"Bent Creek","Ozone","Buncombe",35.500102002749,-82.5998603096712
2024-03-15,33,"Bent Creek","Ozone","Buncombe",35.500102002749,-82.5998603096712
2024-03-16,39,"Bent Creek","Ozone","Buncombe",35.500102002749,-82.5998603096712
2024-03-17,41,"Bent Creek","Ozone","Buncombe",35.500102002749,-82.5998603096712
2024-03-18,41,"Bent Creek","Ozone","Buncombe",35.500102002749,-82.5998603096712
2024-03-19,38,"Bent Creek","Ozone","Buncombe",35.500102002749,-82.5998603096712
2024-03-20,45,"Bent Creek","Ozone","Buncombe",35.500102002749,-82.5998603096712
2024-03-21,46,"Bent Creek","Ozone","Buncombe",35.500102002749,-82.5998603096712
2024-03-22,42,"Bent Creek","Ozone","Buncombe",35.500102002749,-82.5998603096712
2024-03-23,40,"Bent Creek","Ozone","Buncombe",35.500102002749,-82.5998603096712
2024-03-24,47,"Bent Creek","Ozone","Buncombe",35.500102002749,-82.5998603096712
2024-03-25,48,"Bent Creek","Ozone","Buncombe",35.500102002749,-82.5998603096712
2024-03-26,36,"Bent Creek","Ozone","Buncombe",35.500102002749,-82.5998603096712
2024-03-27,40,"Bent Creek","Ozone","Buncombe",35.500102002749,-82.5998603096712
2024-03-28,44,"Bent Creek","Ozone","Buncombe",35.500102002749,-82.5998603096712
2024-03-29,48,"Bent Creek","Ozone","Buncombe",35.500102002749,-82.5998603096712
2024-03-30,51,"Bent Creek","Ozone","Buncombe",35.500102002749,-82.5998603096712
2024-03-31,48,"Bent Creek","Ozone","Buncombe",35.500102002749,-82.5998603096712
2024-04-01,44,"Bent Creek","Ozone","Buncombe",35.500102002749,-82.5998603096712
2024-04-02,47,"Bent Creek","Ozone","Buncombe",35.500102002749,-82.5998603096712
2024-04-03,44,"Bent Creek","Ozone","Buncombe",35.500102002749,-82.5998603096712
2024-04-04,39,"Bent Creek","Ozone","Buncombe",35.500102002749,-82.5998603096712
2024-04-05,33,"Bent Creek","Ozone","Buncombe",35.500102002749,-82.5998603096712
2024-04-06,42,"Bent Creek","Ozone","Buncombe",35.500102002749,-82.5998603096712
2024-04-07,43,"Bent Creek","Ozone","Buncombe",35.500102002749,-82.5998603096712
2024-04-08,49,"Bent Creek","Ozone","Buncombe",35.500102002749,-82.5998603096712
2024-04-09,32,"Bent Creek","Ozone","Buncombe",35.500102002749,-82.5998603096712
2024-04-10,38,"Bent Creek","Ozone","Buncombe",35.500102002749,-82.5998603096712
2024-04-11,44,"Bent Creek","Ozone","Buncombe",35.500102002749,-82.5998603096712
2024-04-12,44,"Bent Creek","Ozone","Buncombe",35.500102002749,-82.5998603096712
2024-04-13,49,"Bent Creek","Ozone","Buncombe",35.500102002749,-82.5998603096712
2024-04-14,64,"Bent Creek","Ozone","Buncombe",35.500102002749,-82.5998603096712
2024-04-15,54,"Bent Creek","Ozone","Buncombe",35.500102002749,-82.5998603096712
2024-04-16,58,"Bent Creek","Ozone","Buncombe",35.500102002749,-82.5998603096712
2024-04-17,49,"Bent Creek","Ozone","Buncombe",35.500102002749,-82.5998603096712
2024-04-18,47,"Bent Creek","Ozone","Buncombe",35.500102002749,-82.5998603096712
2024-04-19,42,"Bent Creek","Ozone","Buncombe",35.500102002749,-82.5998603096712
2024-04-20,38,"Bent Creek","Ozone","Buncombe",35.500102002749,-82.5998603096712
2024-04-21,32,"Bent Creek","Ozone","Buncombe",35.500102002749,-82.5998603096712
2024-04-22,44,"Bent Creek","Ozone","Buncombe",35.500102002749,-82.5998603096712
2024-04-23,50,"Bent Creek","Ozone","Buncombe",35.500102002749,-82.5998603096712
2024-04-24,46,"Bent Creek","Ozone","Buncombe",35.500102002749,-82.5998603096712
2024-04-25,58,"Bent Creek","Ozone","Buncombe",35.500102002749,-82.5998603096712
2024-04-26,31,"Bent Creek","Ozone","Buncombe",35.500102002749,-82.5998603096712
2024-04-27,48,"Bent Creek","Ozone","Buncombe",35.500102002749,-82.5998603096712
2024-04-28,44,"Bent Creek","Ozone","Buncombe",35.500102002749,-82.5998603096712
2024-04-29,46,"Bent Creek","Ozone","Buncombe",35.500102002749,-82.5998603096712
2024-04-30,30,"Bent Creek","Ozone","Buncombe",35.500102002749,-82.5998603096712
2024-05-01,44,"Bent Creek","Ozone","Buncombe",35.500102002749,-82.5998603096712
2024-05-02,64,"Bent Creek","Ozone","Buncombe",35.500102002749,-82.5998603096712
2024-05-03,33,"Bent Creek","Ozone","Buncombe",35.500102002749,-82.5998603096712
2024-05-04,31,"Bent Creek","Ozone","Buncombe",35.500102002749,-82.5998603096712
2024-05-05,31,"Bent Creek","Ozone","Buncombe",35.500102002749,-82.5998603096712
2024-05-06,30,"Bent Creek","Ozone","Buncombe",35.500102002749,-82.5998603096712
2024-05-07,31,"Bent Creek","Ozone","Buncombe",35.500102002749,-82.5998603096712
2024-05-08,37,"Bent Creek","Ozone","Buncombe",35.500102002749,-82.5998603096712
2024-05-09,38,"Bent Creek","Ozone","Buncombe",35.500102002749,-82.5998603096712
2024-05-10,44,"Bent Creek","Ozone","Buncombe",35.500102002749,-82.5998603096712
2024-05-11,42,"Bent Creek","Ozone","Buncombe",35.500102002749,-82.5998603096712
2024-05-12,46,"Bent Creek","Ozone","Buncombe",35.500102002749,-82.5998603096712
2024-05-13,40,"Bent Creek","Ozone","Buncombe",35.500102002749,-82.5998603096712
2024-05-14,23,"Bent Creek","Ozone","Buncombe",35.500102002749,-82.5998603096712
2024-05-15,34,"Bent Creek","Ozone","Buncombe",35.500102002749,-82.5998603096712
2024-05-16,40,"Bent Creek","Ozone","Buncombe",35.500102002749,-82.5998603096712
2024-05-17,31,"Bent Creek","Ozone","Buncombe",35.500102002749,-82.5998603096712
2024-05-18,33,"Bent Creek","Ozone","Buncombe",35.500102002749,-82.5998603096712
2024-05-19,27,"Bent Creek","Ozone","Buncombe",35.500102002749,-82.5998603096712
2024-05-20,38,"Bent Creek","Ozone","Buncombe",35.500102002749,-82.5998603096712
2024-05-21,44,"Bent Creek","Ozone","Buncombe",35.500102002749,-82.5998603096712
2024-05-22,43,"Bent Creek","Ozone","Buncombe",35.500102002749,-82.5998603096712
2024-05-23,40,"Bent Creek","Ozone","Buncombe",35.500102002749,-82.5998603096712
2024-05-24,42,"Bent Creek","Ozone","Buncombe",35.500102002749,-82.5998603096712
2024-05-25,42,"Bent Creek","Ozone","Buncombe",35.500102002749,-82.5998603096712
2024-05-26,32,"Bent Creek","Ozone","Buncombe",35.500102002749,-82.5998603096712
2024-05-27,40,"Bent Creek","Ozone","Buncombe",35.500102002749,-82.5998603096712
2024-05-28,46,"Bent Creek","Ozone","Buncombe",35.500102002749,-82.5998603096712
2024-05-29,50,"Bent Creek","Ozone","Buncombe",35.500102002749,-82.5998603096712
2024-05-30,42,"Bent Creek","Ozone","Buncombe",35.500102002749,-82.5998603096712
2024-05-31,40,"Bent Creek","Ozone","Buncombe",35.500102002749,-82.5998603096712
2024-06-01,54,"Bent Creek","Ozone","Buncombe",35.500102002749,-82.5998603096712
2024-06-02,29,"Bent Creek","Ozone","Buncombe",35.500102002749,-82.5998603096712
2024-06-03,37,"Bent Creek","Ozone","Buncombe",35.500102002749,-82.5998603096712
2024-06-04,34,"Bent Creek","Ozone","Buncombe",35.500102002749,-82.5998603096712
2024-06-05,24,"Bent Creek","Ozone","Buncombe",35.500102002749,-82.5998603096712
2024-06-06,43,"Bent Creek","Ozone","Buncombe",35.500102002749,-82.5998603096712
2024-06-07,48,"Bent Creek","Ozone","Buncombe",35.500102002749,-82.5998603096712
2024-06-08,49,"Bent Creek","Ozone","Buncombe",35.500102002749,-82.5998603096712
2024-06-09,34,"Bent Creek","Ozone","Buncombe",35.500102002749,-82.5998603096712
2024-06-10,45,"Bent Creek","Ozone","Buncombe",35.500102002749,-82.5998603096712
2024-06-11,42,"Bent Creek","Ozone","Buncombe",35.500102002749,-82.5998603096712
2024-06-12,48,"Bent Creek","Ozone","Buncombe",35.500102002749,-82.5998603096712
2024-06-13,61,"Bent Creek","Ozone","Buncombe",35.500102002749,-82.5998603096712
2024-06-14,46,"Bent Creek","Ozone","Buncombe",35.500102002749,-82.5998603096712
2024-06-15,48,"Bent Creek","Ozone","Buncombe",35.500102002749,-82.5998603096712
2024-06-16,43,"Bent Creek","Ozone","Buncombe",35.500102002749,-82.5998603096712
2024-06-17,42,"Bent Creek","Ozone","Buncombe",35.500102002749,-82.5998603096712
2024-06-18,44,"Bent Creek","Ozone","Buncombe",35.500102002749,-82.5998603096712
2024-06-19,38,"Bent Creek","Ozone","Buncombe",35.500102002749,-82.5998603096712
2024-06-20,44,"Bent Creek","Ozone","Buncombe",35.500102002749,-82.5998603096712
2024-06-21,48,"Bent Creek","Ozone","Buncombe",35.500102002749,-82.5998603096712
2024-06-22,50,"Bent Creek","Ozone","Buncombe",35.500102002749,-82.5998603096712
2024-06-23,42,"Bent Creek","Ozone","Buncombe",35.500102002749,-82.5998603096712
2024-06-24,51,"Bent Creek","Ozone","Buncombe",35.500102002749,-82.5998603096712
2024-06-25,54,"Bent Creek","Ozone","Buncombe",35.500102002749,-82.5998603096712
2024-06-26,47,"Bent Creek","Ozone","Buncombe",35.500102002749,-82.5998603096712
2024-06-27,42,"Bent Creek","Ozone","Buncombe",35.500102002749,-82.5998603096712
2024-06-28,49,"Bent Creek","Ozone","Buncombe",35.500102002749,-82.5998603096712
2024-06-29,25,"Bent Creek","Ozone","Buncombe",35.500102002749,-82.5998603096712
2024-06-30,32,"Bent Creek","Ozone","Buncombe",35.500102002749,-82.5998603096712
2024-07-01,43,"Bent Creek","Ozone","Buncombe",35.500102002749,-82.5998603096712
2024-07-02,50,"Bent Creek","Ozone","Buncombe",35.500102002749,-82.5998603096712
2024-07-03,44,"Bent Creek","Ozone","Buncombe",35.500102002749,-82.5998603096712
2024-07-04,37,"Bent Creek","Ozone","Buncombe",35.500102002749,-82.5998603096712
2024-07-05,24,"Bent Creek","Ozone","Buncombe",35.500102002749,-82.5998603096712
2024-07-06,36,"Bent Creek","Ozone","Buncombe",35.500102002749,-82.5998603096712
2024-07-07,31,"Bent Creek","Ozone","Buncombe",35.500102002749,-82.5998603096712
2024-07-08,38,"Bent Creek","Ozone","Buncombe",35.500102002749,-82.5998603096712
2024-07-09,32,"Bent Creek","Ozone","Buncombe",35.500102002749,-82.5998603096712
2024-07-11,46,"Bent Creek","Ozone","Buncombe",35.500102002749,-82.5998603096712
2024-07-12,49,"Bent Creek","Ozone","Buncombe",35.500102002749,-82.5998603096712
2024-07-13,45,"Bent Creek","Ozone","Buncombe",35.500102002749,-82.5998603096712
2024-07-14,41,"Bent Creek","Ozone","Buncombe",35.500102002749,-82.5998603096712
2024-07-15,39,"Bent Creek","Ozone","Buncombe",35.500102002749,-82.5998603096712
2024-07-16,33,"Bent Creek","Ozone","Buncombe",35.500102002749,-82.5998603096712
2024-07-17,31,"Bent Creek","Ozone","Buncombe",35.500102002749,-82.5998603096712
2024-07-20,29,"Bent Creek","Ozone","Buncombe",35.500102002749,-82.5998603096712
2024-07-21,27,"Bent Creek","Ozone","Buncombe",35.500102002749,-82.5998603096712
2024-07-22,32,"Bent Creek","Ozone","Buncombe",35.500102002749,-82.5998603096712
2024-07-23,25,"Bent Creek","Ozone","Buncombe",35.500102002749,-82.5998603096712
2024-07-24,28,"Bent Creek","Ozone","Buncombe",35.500102002749,-82.5998603096712
2024-07-25,21,"Bent Creek","Ozone","Buncombe",35.500102002749,-82.5998603096712
2024-07-26,34,"Bent Creek","Ozone","Buncombe",35.500102002749,-82.5998603096712
2024-07-27,39,"Bent Creek","Ozone","Buncombe",35.500102002749,-82.5998603096712
2024-07-28,28,"Bent Creek","Ozone","Buncombe",35.500102002749,-82.5998603096712
2024-07-29,27,"Bent Creek","Ozone","Buncombe",35.500102002749,-82.5998603096712
2024-07-30,31,"Bent Creek","Ozone","Buncombe",35.500102002749,-82.5998603096712
2024-07-31,36,"Bent Creek","Ozone","Buncombe",35.500102002749,-82.5998603096712
2024-08-01,25,"Bent Creek","Ozone","Buncombe",35.500102002749,-82.5998603096712
2024-08-02,27,"Bent Creek","Ozone","Buncombe",35.500102002749,-82.5998603096712
2024-08-03,32,"Bent Creek","Ozone","Buncombe",35.500102002749,-82.5998603096712
2024-08-04,43,"Bent Creek","Ozone","Buncombe",35.500102002749,-82.5998603096712
2024-08-05,39,"Bent Creek","Ozone","Buncombe",35.500102002749,-82.5998603096712
2024-08-06,25,"Bent Creek","Ozone","Buncombe",35.500102002749,-82.5998603096712
2024-08-07,24,"Bent Creek","Ozone","Buncombe",35.500102002749,-82.5998603096712
2024-08-08,29,"Bent Creek","Ozone","Buncombe",35.500102002749,-82.5998603096712
2024-08-09,36,"Bent Creek","Ozone","Buncombe",35.500102002749,-82.5998603096712
2024-08-10,39,"Bent Creek","Ozone","Buncombe",35.500102002749,-82.5998603096712
2024-08-11,37,"Bent Creek","Ozone","Buncombe",35.500102002749,-82.5998603096712
2024-08-12,36,"Bent Creek","Ozone","Buncombe",35.500102002749,-82.5998603096712
2024-08-13,39,"Bent Creek","Ozone","Buncombe",35.500102002749,-82.5998603096712
2024-08-14,39,"Bent Creek","Ozone","Buncombe",35.500102002749,-82.5998603096712
2024-08-15,37,"Bent Creek","Ozone","Buncombe",35.500102002749,-82.5998603096712
2024-08-16,34,"Bent Creek","Ozone","Buncombe",35.500102002749,-82.5998603096712
2024-08-17,32,"Bent Creek","Ozone","Buncombe",35.500102002749,-82.5998603096712
2024-08-18,34,"Bent Creek","Ozone","Buncombe",35.500102002749,-82.5998603096712
2024-08-19,31,"Bent Creek","Ozone","Buncombe",35.500102002749,-82.5998603096712
2024-08-20,39,"Bent Creek","Ozone","Buncombe",35.500102002749,-82.5998603096712
2024-08-21,39,"Bent Creek","Ozone","Buncombe",35.500102002749,-82.5998603096712
2024-08-22,45,"Bent Creek","Ozone","Buncombe",35.500102002749,-82.5998603096712
2024-08-23,46,"Bent Creek","Ozone","Buncombe",35.500102002749,-82.5998603096712
2024-08-24,45,"Bent Creek","Ozone","Buncombe",35.500102002749,-82.5998603096712
2024-08-25,45,"Bent Creek","Ozone","Buncombe",35.500102002749,-82.5998603096712
2024-08-26,49,"Bent Creek","Ozone","Buncombe",35.500102002749,-82.5998603096712
2024-08-27,50,"Bent Creek","Ozone","Buncombe",35.500102002749,-82.5998603096712
2024-08-28,45,"Bent Creek","Ozone","Buncombe",35.500102002749,-82.5998603096712
2024-08-29,50,"Bent Creek","Ozone","Buncombe",35.500102002749,-82.5998603096712
2024-08-30,45,"Bent Creek","Ozone","Buncombe",35.500102002749,-82.5998603096712
2024-08-31,40,"Bent Creek","Ozone","Buncombe",35.500102002749,-82.5998603096712
2024-09-01,27,"Bent Creek","Ozone","Buncombe",35.500102002749,-82.5998603096712
2024-09-02,35,"Bent Creek","Ozone","Buncombe",35.500102002749,-82.5998603096712
2024-09-03,34,"Bent Creek","Ozone","Buncombe",35.500102002749,-82.5998603096712
2024-09-04,38,"Bent Creek","Ozone","Buncombe",35.500102002749,-82.5998603096712
2024-09-05,34,"Bent Creek","Ozone","Buncombe",35.500102002749,-82.5998603096712
2024-09-06,39,"Bent Creek","Ozone","Buncombe",35.500102002749,-82.5998603096712
2024-09-07,33,"Bent Creek","Ozone","Buncombe",35.500102002749,-82.5998603096712
2024-09-08,34,"Bent Creek","Ozone","Buncombe",35.500102002749,-82.5998603096712
2024-09-09,37,"Bent Creek","Ozone","Buncombe",35.500102002749,-82.5998603096712
2024-09-10,44,"Bent Creek","Ozone","Buncombe",35.500102002749,-82.5998603096712
2024-09-11,47,"Bent Creek","Ozone","Buncombe",35.500102002749,-82.5998603096712
2024-09-12,41,"Bent Creek","Ozone","Buncombe",35.500102002749,-82.5998603096712
2024-09-13,31,"Bent Creek","Ozone","Buncombe",35.500102002749,-82.5998603096712
2024-09-14,31,"Bent Creek","Ozone","Buncombe",35.500102002749,-82.5998603096712
2024-09-15,29,"Bent Creek","Ozone","Buncombe",35.500102002749,-82.5998603096712
2024-09-16,37,"Bent Creek","Ozone","Buncombe",35.500102002749,-82.5998603096712
2024-09-17,16,"Bent Creek","Ozone","Buncombe",35.500102002749,-82.5998603096712
2024-09-18,22,"Bent Creek","Ozone","Buncombe",35.500102002749,-82.5998603096712
2024-09-19,31,"Bent Creek","Ozone","Buncombe",35.500102002749,-82.5998603096712
2024-09-20,39,"Bent Creek","Ozone","Buncombe",35.500102002749,-82.5998603096712
2024-09-21,38,"Bent Creek","Ozone","Buncombe",35.500102002749,-82.5998603096712
2024-09-22,38,"Bent Creek","Ozone","Buncombe",35.500102002749,-82.5998603096712
2024-09-23,34,"Bent Creek","Ozone","Buncombe",35.500102002749,-82.5998603096712
2024-09-24,29,"Bent Creek","Ozone","Buncombe",35.500102002749,-82.5998603096712
2024-09-25,30,"Bent Creek","Ozone","Buncombe",35.500102002749,-82.5998603096712
2024-09-26,30,"Bent Creek","Ozone","Buncombe",35.500102002749,-82.5998603096712
2024-09-28,33,"Bent Creek","Ozone","Buncombe",35.500102002749,-82.5998603096712
2024-09-29,25,"Bent Creek","Ozone","Buncombe",35.500102002749,-82.5998603096712
2024-09-30,18,"Bent Creek","Ozone","Buncombe",35.500102002749,-82.5998603096712
2024-10-01,22,"Bent Creek","Ozone","Buncombe",35.500102002749,-82.5998603096712
2024-10-02,32,"Bent Creek","Ozone","Buncombe",35.500102002749,-82.5998603096712
2024-10-03,38,"Bent Creek","Ozone","Buncombe",35.500102002749,-82.5998603096712
2024-10-04,31,"Bent Creek","Ozone","Buncombe",35.500102002749,-82.5998603096712
2024-10-05,42,"Bent Creek","Ozone","Buncombe",35.500102002749,-82.5998603096712
2024-10-06,44,"Bent Creek","Ozone","Buncombe",35.500102002749,-82.5998603096712
2024-10-07,41,"Bent Creek","Ozone","Buncombe",35.500102002749,-82.5998603096712
2024-10-08,44,"Bent Creek","Ozone","Buncombe",35.500102002749,-82.5998603096712
2024-10-09,42,"Bent Creek","Ozone","Buncombe",35.500102002749,-82.5998603096712
2024-10-10,43,"Bent Creek","Ozone","Buncombe",35.500102002749,-82.5998603096712
2024-10-11,37,"Bent Creek","Ozone","Buncombe",35.500102002749,-82.5998603096712
2024-10-12,41,"Bent Creek","Ozone","Buncombe",35.500102002749,-82.5998603096712
2024-10-13,43,"Bent Creek","Ozone","Buncombe",35.500102002749,-82.5998603096712
2024-10-14,40,"Bent Creek","Ozone","Buncombe",35.500102002749,-82.5998603096712
2024-10-15,31,"Bent Creek","Ozone","Buncombe",35.500102002749,-82.5998603096712
2024-10-16,29,"Bent Creek","Ozone","Buncombe",35.500102002749,-82.5998603096712
2024-10-17,35,"Bent Creek","Ozone","Buncombe",35.500102002749,-82.5998603096712
2024-10-18,40,"Bent Creek","Ozone","Buncombe",35.500102002749,-82.5998603096712
2024-10-19,38,"Bent Creek","Ozone","Buncombe",35.500102002749,-82.5998603096712
2024-10-20,39,"Bent Creek","Ozone","Buncombe",35.500102002749,-82.5998603096712
2024-10-21,42,"Bent Creek","Ozone","Buncombe",35.500102002749,-82.5998603096712
2024-10-22,46,"Bent Creek","Ozone","Buncombe",35.500102002749,-82.5998603096712
2024-10-23,40,"Bent Creek","Ozone","Buncombe",35.500102002749,-82.5998603096712
2024-10-24,45,"Bent Creek","Ozone","Buncombe",35.500102002749,-82.5998603096712
2024-10-25,45,"Bent Creek","Ozone","Buncombe",35.500102002749,-82.5998603096712
2024-10-26,39,"Bent Creek","Ozone","Buncombe",35.500102002749,-82.5998603096712
2024-10-27,31,"Bent Creek","Ozone","Buncombe",35.500102002749,-82.5998603096712
2024-10-28,37,"Bent Creek","Ozone","Buncombe",35.500102002749,-82.5998603096712
2024-10-29,44,"Bent Creek","Ozone","Buncombe",35.500102002749,-82.5998603096712
2024-10-30,37,"Bent Creek","Ozone","Buncombe",35.500102002749,-82.5998603096712
2024-10-31,38,"Bent Creek","Ozone","Buncombe",35.500102002749,-82.5998603096712
2024-03-01,31,"Lenoir (city)","Ozone","Caldwell",35.9359000008969,-81.5306
2024-03-02,33,"Lenoir (city)","Ozone","Caldwell",35.9359000008969,-81.5306
2024-03-03,36,"Lenoir (city)","Ozone","Caldwell",35.9359000008969,-81.5306
2024-03-04,38,"Lenoir (city)","Ozone","Caldwell",35.9359000008969,-81.5306
2024-03-05,41,"Lenoir (city)","Ozone","Caldwell",35.9359000008969,-81.5306
2024-03-06,34,"Lenoir (city)","Ozone","Caldwell",35.9359000008969,-81.5306
2024-03-07,36,"Lenoir (city)","Ozone","Caldwell",35.9359000008969,-81.5306
2024-03-08,25,"Lenoir (city)","Ozone","Caldwell",35.9359000008969,-81.5306
2024-03-09,28,"Lenoir (city)","Ozone","Caldwell",35.9359000008969,-81.5306
2024-03-10,40,"Lenoir (city)","Ozone","Caldwell",35.9359000008969,-81.5306
2024-03-11,44,"Lenoir (city)","Ozone","Caldwell",35.9359000008969,-81.5306
2024-03-12,44,"Lenoir (city)","Ozone","Caldwell",35.9359000008969,-81.5306
2024-03-13,50,"Lenoir (city)","Ozone","Caldwell",35.9359000008969,-81.5306
2024-03-14,87,"Lenoir (city)","Ozone","Caldwell",35.9359000008969,-81.5306
2024-03-15,34,"Lenoir (city)","Ozone","Caldwell",35.9359000008969,-81.5306
2024-03-16,43,"Lenoir (city)","Ozone","Caldwell",35.9359000008969,-81.5306
2024-03-17,43,"Lenoir (city)","Ozone","Caldwell",35.9359000008969,-81.5306
2024-03-18,43,"Lenoir (city)","Ozone","Caldwell",35.9359000008969,-81.5306
2024-03-19,39,"Lenoir (city)","Ozone","Caldwell",35.9359000008969,-81.5306
2024-03-20,47,"Lenoir (city)","Ozone","Caldwell",35.9359000008969,-81.5306
2024-03-21,48,"Lenoir (city)","Ozone","Caldwell",35.9359000008969,-81.5306
2024-03-22,34,"Lenoir (city)","Ozone","Caldwell",35.9359000008969,-81.5306
2024-03-23,42,"Lenoir (city)","Ozone","Caldwell",35.9359000008969,-81.5306
2024-03-24,45,"Lenoir (city)","Ozone","Caldwell",35.9359000008969,-81.5306
2024-03-25,47,"Lenoir (city)","Ozone","Caldwell",35.9359000008969,-81.5306
2024-03-26,34,"Lenoir (city)","Ozone","Caldwell",35.9359000008969,-81.5306
2024-03-27,33,"Lenoir (city)","Ozone","Caldwell",35.9359000008969,-81.5306
2024-03-28,45,"Lenoir (city)","Ozone","Caldwell",35.9359000008969,-81.5306
2024-03-29,49,"Lenoir (city)","Ozone","Caldwell",35.9359000008969,-81.5306
2024-03-30,51,"Lenoir (city)","Ozone","Caldwell",35.9359000008969,-81.5306
2024-03-31,48,"Lenoir (city)","Ozone","Caldwell",35.9359000008969,-81.5306
2024-04-01,44,"Lenoir (city)","Ozone","Caldwell",35.9359000008969,-81.5306
2024-04-02,46,"Lenoir (city)","Ozone","Caldwell",35.9359000008969,-81.5306
2024-04-03,44,"Lenoir (city)","Ozone","Caldwell",35.9359000008969,-81.5306
2024-04-04,39,"Lenoir (city)","Ozone","Caldwell",35.9359000008969,-81.5306
2024-04-05,33,"Lenoir (city)","Ozone","Caldwell",35.9359000008969,-81.5306
2024-04-06,44,"Lenoir (city)","Ozone","Caldwell",35.9359000008969,-81.5306
2024-04-07,43,"Lenoir (city)","Ozone","Caldwell",35.9359000008969,-81.5306
2024-04-08,47,"Lenoir (city)","Ozone","Caldwell",35.9359000008969,-81.5306
2024-04-09,35,"Lenoir (city)","Ozone","Caldwell",35.9359000008969,-81.5306
2024-04-10,31,"Lenoir (city)","Ozone","Caldwell",35.9359000008969,-81.5306
2024-04-11,43,"Lenoir (city)","Ozone","Caldwell",35.9359000008969,-81.5306
2024-04-12,45,"Lenoir (city)","Ozone","Caldwell",35.9359000008969,-81.5306
2024-04-13,49,"Lenoir (city)","Ozone","Caldwell",35.9359000008969,-81.5306
2024-04-14,58,"Lenoir (city)","Ozone","Caldwell",35.9359000008969,-81.5306
2024-04-15,51,"Lenoir (city)","Ozone","Caldwell",35.9359000008969,-81.5306
2024-04-16,49,"Lenoir (city)","Ozone","Caldwell",35.9359000008969,-81.5306
2024-04-17,51,"Lenoir (city)","Ozone","Caldwell",35.9359000008969,-81.5306
2024-04-18,47,"Lenoir (city)","Ozone","Caldwell",35.9359000008969,-81.5306
2024-04-19,40,"Lenoir (city)","Ozone","Caldwell",35.9359000008969,-81.5306
2024-04-20,41,"Lenoir (city)","Ozone","Caldwell",35.9359000008969,-81.5306
2024-04-21,32,"Lenoir (city)","Ozone","Caldwell",35.9359000008969,-81.5306
2024-04-22,41,"Lenoir (city)","Ozone","Caldwell",35.9359000008969,-81.5306
2024-04-23,50,"Lenoir (city)","Ozone","Caldwell",35.9359000008969,-81.5306
2024-04-24,47,"Lenoir (city)","Ozone","Caldwell",35.9359000008969,-81.5306
2024-04-25,58,"Lenoir (city)","Ozone","Caldwell",35.9359000008969,-81.5306
2024-04-26,32,"Lenoir (city)","Ozone","Caldwell",35.9359000008969,-81.5306
2024-04-27,45,"Lenoir (city)","Ozone","Caldwell",35.9359000008969,-81.5306
2024-04-28,44,"Lenoir (city)","Ozone","Caldwell",35.9359000008969,-81.5306
2024-04-29,48,"Lenoir (city)","Ozone","Caldwell",35.9359000008969,-81.5306
2024-04-30,35,"Lenoir (city)","Ozone","Caldwell",35.9359000008969,-81.5306
2024-05-01,45,"Lenoir (city)","Ozone","Caldwell",35.9359000008969,-81.5306
2024-05-02,61,"Lenoir (city)","Ozone","Caldwell",35.9359000008969,-81.5306
2024-05-03,43,"Lenoir (city)","Ozone","Caldwell",35.9359000008969,-81.5306
2024-05-04,31,"Lenoir (city)","Ozone","Caldwell",35.9359000008969,-81.5306
2024-05-05,28,"Lenoir (city)","Ozone","Caldwell",35.9359000008969,-81.5306
2024-05-06,36,"Lenoir (city)","Ozone","Caldwell",35.9359000008969,-81.5306
2024-05-07,31,"Lenoir (city)","Ozone","Caldwell",35.9359000008969,-81.5306
2024-05-08,31,"Lenoir (city)","Ozone","Caldwell",35.9359000008969,-81.5306
2024-05-09,35,"Lenoir (city)","Ozone","Caldwell",35.9359000008969,-81.5306
2024-05-10,46,"Lenoir (city)","Ozone","Caldwell",35.9359000008969,-81.5306
2024-05-11,42,"Lenoir (city)","Ozone","Caldwell",35.9359000008969,-81.5306
2024-05-12,48,"Lenoir (city)","Ozone","Caldwell",35.9359000008969,-81.5306
2024-05-13,39,"Lenoir (city)","Ozone","Caldwell",35.9359000008969,-81.5306
2024-05-14,21,"Lenoir (city)","Ozone","Caldwell",35.9359000008969,-81.5306
2024-05-15,34,"Lenoir (city)","Ozone","Caldwell",35.9359000008969,-81.5306
2024-05-16,42,"Lenoir (city)","Ozone","Caldwell",35.9359000008969,-81.5306
2024-05-17,34,"Lenoir (city)","Ozone","Caldwell",35.9359000008969,-81.5306
2024-05-18,34,"Lenoir (city)","Ozone","Caldwell",35.9359000008969,-81.5306
2024-05-19,31,"Lenoir (city)","Ozone","Caldwell",35.9359000008969,-81.5306
2024-05-20,38,"Lenoir (city)","Ozone","Caldwell",35.9359000008969,-81.5306
2024-05-21,46,"Lenoir (city)","Ozone","Caldwell",35.9359000008969,-81.5306
2024-05-22,48,"Lenoir (city)","Ozone","Caldwell",35.9359000008969,-81.5306
2024-05-23,41,"Lenoir (city)","Ozone","Caldwell",35.9359000008969,-81.5306
2024-05-24,48,"Lenoir (city)","Ozone","Caldwell",35.9359000008969,-81.5306
2024-05-25,39,"Lenoir (city)","Ozone","Caldwell",35.9359000008969,-81.5306
2024-05-26,43,"Lenoir (city)","Ozone","Caldwell",35.9359000008969,-81.5306
2024-05-27,43,"Lenoir (city)","Ozone","Caldwell",35.9359000008969,-81.5306
2024-05-28,47,"Lenoir (city)","Ozone","Caldwell",35.9359000008969,-81.5306
2024-05-29,50,"Lenoir (city)","Ozone","Caldwell",35.9359000008969,-81.5306
2024-05-30,41,"Lenoir (city)","Ozone","Caldwell",35.9359000008969,-81.5306
2024-05-31,46,"Lenoir (city)","Ozone","Caldwell",35.9359000008969,-81.5306
2024-06-01,61,"Lenoir (city)","Ozone","Caldwell",35.9359000008969,-81.5306
2024-06-02,33,"Lenoir (city)","Ozone","Caldwell",35.9359000008969,-81.5306
2024-06-03,36,"Lenoir (city)","Ozone","Caldwell",35.9359000008969,-81.5306
2024-06-04,37,"Lenoir (city)","Ozone","Caldwell",35.9359000008969,-81.5306
2024-06-05,30,"Lenoir (city)","Ozone","Caldwell",35.9359000008969,-81.5306
2024-06-06,37,"Lenoir (city)","Ozone","Caldwell",35.9359000008969,-81.5306
2024-06-07,51,"Lenoir (city)","Ozone","Caldwell",35.9359000008969,-81.5306
2024-06-08,49,"Lenoir (city)","Ozone","Caldwell",35.9359000008969,-81.5306
2024-06-09,38,"Lenoir (city)","Ozone","Caldwell",35.9359000008969,-81.5306
2024-06-10,48,"Lenoir (city)","Ozone","Caldwell",35.9359000008969,-81.5306
2024-06-11,44,"Lenoir (city)","Ozone","Caldwell",35.9359000008969,-81.5306
2024-06-12,50,"Lenoir (city)","Ozone","Caldwell",35.9359000008969,-81.5306
2024-06-13,51,"Lenoir (city)","Ozone","Caldwell",35.9359000008969,-81.5306
2024-06-14,51,"Lenoir (city)","Ozone","Caldwell",35.9359000008969,-81.5306
2024-06-15,54,"Lenoir (city)","Ozone","Caldwell",35.9359000008969,-81.5306
2024-06-16,32,"Lenoir (city)","Ozone","Caldwell",35.9359000008969,-81.5306
2024-06-17,39,"Lenoir (city)","Ozone","Caldwell",35.9359000008969,-81.5306
2024-06-18,43,"Lenoir (city)","Ozone","Caldwell",35.9359000008969,-81.5306
2024-06-19,42,"Lenoir (city)","Ozone","Caldwell",35.9359000008969,-81.5306
2024-06-20,40,"Lenoir (city)","Ozone","Caldwell",35.9359000008969,-81.5306
2024-06-21,47,"Lenoir (city)","Ozone","Caldwell",35.9359000008969,-81.5306
2024-06-22,43,"Lenoir (city)","Ozone","Caldwell",35.9359000008969,-81.5306
2024-06-23,38,"Lenoir (city)","Ozone","Caldwell",35.9359000008969,-81.5306
2024-06-24,58,"Lenoir (city)","Ozone","Caldwell",35.9359000008969,-81.5306
2024-06-25,48,"Lenoir (city)","Ozone","Caldwell",35.9359000008969,-81.5306
2024-06-26,77,"Lenoir (city)","Ozone","Caldwell",35.9359000008969,-81.5306
2024-06-27,42,"Lenoir (city)","Ozone","Caldwell",35.9359000008969,-81.5306
2024-06-28,58,"Lenoir (city)","Ozone","Caldwell",35.9359000008969,-81.5306
2024-06-29,31,"Lenoir (city)","Ozone","Caldwell",35.9359000008969,-81.5306
2024-06-30,36,"Lenoir (city)","Ozone","Caldwell",35.9359000008969,-81.5306
2024-07-01,46,"Lenoir (city)","Ozone","Caldwell",35.9359000008969,-81.5306
2024-07-02,50,"Lenoir (city)","Ozone","Caldwell",35.9359000008969,-81.5306
2024-07-03,51,"Lenoir (city)","Ozone","Caldwell",35.9359000008969,-81.5306
2024-07-04,36,"Lenoir (city)","Ozone","Caldwell",35.9359000008969,-81.5306
2024-07-05,31,"Lenoir (city)","Ozone","Caldwell",35.9359000008969,-81.5306
2024-07-06,36,"Lenoir (city)","Ozone","Caldwell",35.9359000008969,-81.5306
2024-07-07,35,"Lenoir (city)","Ozone","Caldwell",35.9359000008969,-81.5306
2024-07-08,42,"Lenoir (city)","Ozone","Caldwell",35.9359000008969,-81.5306
2024-07-09,44,"Lenoir (city)","Ozone","Caldwell",35.9359000008969,-81.5306
2024-07-10,40,"Lenoir (city)","Ozone","Caldwell",35.9359000008969,-81.5306
2024-07-11,45,"Lenoir (city)","Ozone","Caldwell",35.9359000008969,-81.5306
2024-07-12,41,"Lenoir (city)","Ozone","Caldwell",35.9359000008969,-81.5306
2024-07-13,45,"Lenoir (city)","Ozone","Caldwell",35.9359000008969,-81.5306
2024-07-14,46,"Lenoir (city)","Ozone","Caldwell",35.9359000008969,-81.5306
2024-07-15,46,"Lenoir (city)","Ozone","Caldwell",35.9359000008969,-81.5306
2024-07-16,35,"Lenoir (city)","Ozone","Caldwell",35.9359000008969,-81.5306
2024-07-17,34,"Lenoir (city)","Ozone","Caldwell",35.9359000008969,-81.5306
2024-07-18,37,"Lenoir (city)","Ozone","Caldwell",35.9359000008969,-81.5306
2024-07-19,44,"Lenoir (city)","Ozone","Caldwell",35.9359000008969,-81.5306
2024-07-20,32,"Lenoir (city)","Ozone","Caldwell",35.9359000008969,-81.5306
2024-07-21,31,"Lenoir (city)","Ozone","Caldwell",35.9359000008969,-81.5306
2024-07-22,32,"Lenoir (city)","Ozone","Caldwell",35.9359000008969,-81.5306
2024-07-23,32,"Lenoir (city)","Ozone","Caldwell",35.9359000008969,-81.5306
2024-07-24,31,"Lenoir (city)","Ozone","Caldwell",35.9359000008969,-81.5306
2024-07-25,27,"Lenoir (city)","Ozone","Caldwell",35.9359000008969,-81.5306
2024-07-26,39,"Lenoir (city)","Ozone","Caldwell",35.9359000008969,-81.5306
2024-07-27,41,"Lenoir (city)","Ozone","Caldwell",35.9359000008969,-81.5306
2024-07-28,38,"Lenoir (city)","Ozone","Caldwell",35.9359000008969,-81.5306
2024-07-29,29,"Lenoir (city)","Ozone","Caldwell",35.9359000008969,-81.5306
2024-07-30,37,"Lenoir (city)","Ozone","Caldwell",35.9359000008969,-81.5306
2024-07-31,41,"Lenoir (city)","Ozone","Caldwell",35.9359000008969,-81.5306
2024-08-01,39,"Lenoir (city)","Ozone","Caldwell",35.9359000008969,-81.5306
2024-08-02,31,"Lenoir (city)","Ozone","Caldwell",35.9359000008969,-81.5306
2024-08-03,33,"Lenoir (city)","Ozone","Caldwell",35.9359000008969,-81.5306
2024-08-04,40,"Lenoir (city)","Ozone","Caldwell",35.9359000008969,-81.5306
2024-08-05,39,"Lenoir (city)","Ozone","Caldwell",35.9359000008969,-81.5306
2024-08-06,24,"Lenoir (city)","Ozone","Caldwell",35.9359000008969,-81.5306
2024-08-07,24,"Lenoir (city)","Ozone","Caldwell",35.9359000008969,-81.5306
2024-08-08,34,"Lenoir (city)","Ozone","Caldwell",35.9359000008969,-81.5306
2024-08-09,31,"Lenoir (city)","Ozone","Caldwell",35.9359000008969,-81.5306
2024-08-10,39,"Lenoir (city)","Ozone","Caldwell",35.9359000008969,-81.5306
2024-08-11,35,"Lenoir (city)","Ozone","Caldwell",35.9359000008969,-81.5306
2024-08-12,38,"Lenoir (city)","Ozone","Caldwell",35.9359000008969,-81.5306
2024-08-13,30,"Lenoir (city)","Ozone","Caldwell",35.9359000008969,-81.5306
2024-08-14,37,"Lenoir (city)","Ozone","Caldwell",35.9359000008969,-81.5306
2024-08-15,44,"Lenoir (city)","Ozone","Caldwell",35.9359000008969,-81.5306
2024-08-16,34,"Lenoir (city)","Ozone","Caldwell",35.9359000008969,-81.5306
2024-08-17,34,"Lenoir (city)","Ozone","Caldwell",35.9359000008969,-81.5306
2024-08-18,38,"Lenoir (city)","Ozone","Caldwell",35.9359000008969,-81.5306
2024-08-19,33,"Lenoir (city)","Ozone","Caldwell",35.9359000008969,-81.5306
2024-08-20,37,"Lenoir (city)","Ozone","Caldwell",35.9359000008969,-81.5306
2024-08-21,39,"Lenoir (city)","Ozone","Caldwell",35.9359000008969,-81.5306
2024-08-22,49,"Lenoir (city)","Ozone","Caldwell",35.9359000008969,-81.5306
2024-08-23,46,"Lenoir (city)","Ozone","Caldwell",35.9359000008969,-81.5306
2024-08-24,44,"Lenoir (city)","Ozone","Caldwell",35.9359000008969,-81.5306
2024-08-25,45,"Lenoir (city)","Ozone","Caldwell",35.9359000008969,-81.5306
2024-08-26,49,"Lenoir (city)","Ozone","Caldwell",35.9359000008969,-81.5306
2024-08-27,49,"Lenoir (city)","Ozone","Caldwell",35.9359000008969,-81.5306
2024-08-28,50,"Lenoir (city)","Ozone","Caldwell",35.9359000008969,-81.5306
2024-08-29,50,"Lenoir (city)","Ozone","Caldwell",35.9359000008969,-81.5306
2024-08-30,42,"Lenoir (city)","Ozone","Caldwell",35.9359000008969,-81.5306
2024-08-31,43,"Lenoir (city)","Ozone","Caldwell",35.9359000008969,-81.5306
2024-09-01,33,"Lenoir (city)","Ozone","Caldwell",35.9359000008969,-81.5306
2024-09-02,34,"Lenoir (city)","Ozone","Caldwell",35.9359000008969,-81.5306
2024-09-03,32,"Lenoir (city)","Ozone","Caldwell",35.9359000008969,-81.5306
2024-09-04,36,"Lenoir (city)","Ozone","Caldwell",35.9359000008969,-81.5306
2024-09-05,34,"Lenoir (city)","Ozone","Caldwell",35.9359000008969,-81.5306
2024-09-06,40,"Lenoir (city)","Ozone","Caldwell",35.9359000008969,-81.5306
2024-09-07,35,"Lenoir (city)","Ozone","Caldwell",35.9359000008969,-81.5306
2024-09-08,34,"Lenoir (city)","Ozone","Caldwell",35.9359000008969,-81.5306
2024-09-09,37,"Lenoir (city)","Ozone","Caldwell",35.9359000008969,-81.5306
2024-09-10,42,"Lenoir (city)","Ozone","Caldwell",35.9359000008969,-81.5306
2024-09-11,48,"Lenoir (city)","Ozone","Caldwell",35.9359000008969,-81.5306
2024-09-12,47,"Lenoir (city)","Ozone","Caldwell",35.9359000008969,-81.5306
2024-09-13,31,"Lenoir (city)","Ozone","Caldwell",35.9359000008969,-81.5306
2024-09-14,31,"Lenoir (city)","Ozone","Caldwell",35.9359000008969,-81.5306
2024-09-15,30,"Lenoir (city)","Ozone","Caldwell",35.9359000008969,-81.5306
2024-09-16,30,"Lenoir (city)","Ozone","Caldwell",35.9359000008969,-81.5306
2024-09-17,29,"Lenoir (city)","Ozone","Caldwell",35.9359000008969,-81.5306
2024-09-18,22,"Lenoir (city)","Ozone","Caldwell",35.9359000008969,-81.5306
2024-09-19,26,"Lenoir (city)","Ozone","Caldwell",35.9359000008969,-81.5306
2024-09-20,32,"Lenoir (city)","Ozone","Caldwell",35.9359000008969,-81.5306
2024-09-21,41,"Lenoir (city)","Ozone","Caldwell",35.9359000008969,-81.5306
2024-09-22,41,"Lenoir (city)","Ozone","Caldwell",35.9359000008969,-81.5306
2024-09-23,30,"Lenoir (city)","Ozone","Caldwell",35.9359000008969,-81.5306
2024-09-24,26,"Lenoir (city)","Ozone","Caldwell",35.9359000008969,-81.5306
2024-09-25,29,"Lenoir (city)","Ozone","Caldwell",35.9359000008969,-81.5306
2024-10-08,40,"Lenoir (city)","Ozone","Caldwell",35.9359000008969,-81.5306
2024-10-09,42,"Lenoir (city)","Ozone","Caldwell",35.9359000008969,-81.5306
2024-10-10,39,"Lenoir (city)","Ozone","Caldwell",35.9359000008969,-81.5306
2024-10-11,41,"Lenoir (city)","Ozone","Caldwell",35.9359000008969,-81.5306
2024-10-12,41,"Lenoir (city)","Ozone","Caldwell",35.9359000008969,-81.5306
2024-10-13,44,"Lenoir (city)","Ozone","Caldwell",35.9359000008969,-81.5306
2024-10-14,39,"Lenoir (city)","Ozone","Caldwell",35.9359000008969,-81.5306
2024-10-15,31,"Lenoir (city)","Ozone","Caldwell",35.9359000008969,-81.5306
2024-10-16,30,"Lenoir (city)","Ozone","Caldwell",35.9359000008969,-81.5306
2024-10-17,35,"Lenoir (city)","Ozone","Caldwell",35.9359000008969,-81.5306
2024-10-18,38,"Lenoir (city)","Ozone","Caldwell",35.9359000008969,-81.5306
2024-10-19,38,"Lenoir (city)","Ozone","Caldwell",35.9359000008969,-81.5306
2024-10-20,38,"Lenoir (city)","Ozone","Caldwell",35.9359000008969,-81.5306
2024-10-21,39,"Lenoir (city)","Ozone","Caldwell",35.9359000008969,-81.5306
2024-10-22,48,"Lenoir (city)","Ozone","Caldwell",35.9359000008969,-81.5306
2024-10-23,43,"Lenoir (city)","Ozone","Caldwell",35.9359000008969,-81.5306
2024-10-24,46,"Lenoir (city)","Ozone","Caldwell",35.9359000008969,-81.5306
2024-10-25,48,"Lenoir (city)","Ozone","Caldwell",35.9359000008969,-81.5306
2024-10-26,45,"Lenoir (city)","Ozone","Caldwell",35.9359000008969,-81.5306
2024-10-27,33,"Lenoir (city)","Ozone","Caldwell",35.9359000008969,-81.5306
2024-10-28,35,"Lenoir (city)","Ozone","Caldwell",35.9359000008969,-81.5306
2024-10-29,43,"Lenoir (city)","Ozone","Caldwell",35.9359000008969,-81.5306
2024-10-30,36,"Lenoir (city)","Ozone","Caldwell",35.9359000008969,-81.5306
2024-10-31,39,"Lenoir (city)","Ozone","Caldwell",35.9359000008969,-81.5306
2024-11-01,25,"Lenoir (city)","Ozone","Caldwell",35.9359000008969,-81.5306
2024-11-02,32,"Lenoir (city)","Ozone","Caldwell",35.9359000008969,-81.5306
2024-11-03,36,"Lenoir (city)","Ozone","Caldwell",35.9359000008969,-81.5306
2024-01-01,28,"Beaufort","Ozone","Carteret",34.8848,-76.6203
2024-01-03,30,"Beaufort","Ozone","Carteret",34.8848,-76.6203
2024-01-04,27,"Beaufort","Ozone","Carteret",34.8848,-76.6203
2024-01-05,29,"Beaufort","Ozone","Carteret",34.8848,-76.6203
2024-01-06,34,"Beaufort","Ozone","Carteret",34.8848,-76.6203
2024-01-07,30,"Beaufort","Ozone","Carteret",34.8848,-76.6203
2024-01-08,28,"Beaufort","Ozone","Carteret",34.8848,-76.6203
2024-01-09,37,"Beaufort","Ozone","Carteret",34.8848,-76.6203
2024-01-10,22,"Beaufort","Ozone","Carteret",34.8848,-76.6203
2024-01-11,29,"Beaufort","Ozone","Carteret",34.8848,-76.6203
2024-01-12,37,"Beaufort","Ozone","Carteret",34.8848,-76.6203
2024-01-13,35,"Beaufort","Ozone","Carteret",34.8848,-76.6203
2024-01-14,35,"Beaufort","Ozone","Carteret",34.8848,-76.6203
2024-01-15,34,"Beaufort","Ozone","Carteret",34.8848,-76.6203
2024-01-16,25,"Beaufort","Ozone","Carteret",34.8848,-76.6203
2024-01-17,31,"Beaufort","Ozone","Carteret",34.8848,-76.6203
2024-01-18,37,"Beaufort","Ozone","Carteret",34.8848,-76.6203
2024-01-19,35,"Beaufort","Ozone","Carteret",34.8848,-76.6203
2024-01-20,31,"Beaufort","Ozone","Carteret",34.8848,-76.6203
2024-01-21,32,"Beaufort","Ozone","Carteret",34.8848,-76.6203
2024-01-22,37,"Beaufort","Ozone","Carteret",34.8848,-76.6203
2024-01-23,30,"Beaufort","Ozone","Carteret",34.8848,-76.6203
2024-01-24,37,"Beaufort","Ozone","Carteret",34.8848,-76.6203
2024-01-25,32,"Beaufort","Ozone","Carteret",34.8848,-76.6203
2024-01-26,31,"Beaufort","Ozone","Carteret",34.8848,-76.6203
2024-01-27,22,"Beaufort","Ozone","Carteret",34.8848,-76.6203
2024-01-28,30,"Beaufort","Ozone","Carteret",34.8848,-76.6203
2024-01-29,27,"Beaufort","Ozone","Carteret",34.8848,-76.6203
2024-01-30,29,"Beaufort","Ozone","Carteret",34.8848,-76.6203
2024-01-31,31,"Beaufort","Ozone","Carteret",34.8848,-76.6203
2024-02-01,31,"Beaufort","Ozone","Carteret",34.8848,-76.6203
2024-02-02,31,"Beaufort","Ozone","Carteret",34.8848,-76.6203
2024-02-03,23,"Beaufort","Ozone","Carteret",34.8848,-76.6203
2024-02-04,31,"Beaufort","Ozone","Carteret",34.8848,-76.6203
2024-02-05,39,"Beaufort","Ozone","Carteret",34.8848,-76.6203
2024-02-06,41,"Beaufort","Ozone","Carteret",34.8848,-76.6203
2024-02-07,33,"Beaufort","Ozone","Carteret",34.8848,-76.6203
2024-02-08,34,"Beaufort","Ozone","Carteret",34.8848,-76.6203
2024-02-09,34,"Beaufort","Ozone","Carteret",34.8848,-76.6203
2024-02-10,38,"Beaufort","Ozone","Carteret",34.8848,-76.6203
2024-02-11,32,"Beaufort","Ozone","Carteret",34.8848,-76.6203
2024-02-12,31,"Beaufort","Ozone","Carteret",34.8848,-76.6203
2024-02-13,27,"Beaufort","Ozone","Carteret",34.8848,-76.6203
2024-02-14,38,"Beaufort","Ozone","Carteret",34.8848,-76.6203
2024-02-15,42,"Beaufort","Ozone","Carteret",34.8848,-76.6203
2024-02-16,36,"Beaufort","Ozone","Carteret",34.8848,-76.6203
2024-02-17,32,"Beaufort","Ozone","Carteret",34.8848,-76.6203
2024-02-18,31,"Beaufort","Ozone","Carteret",34.8848,-76.6203
2024-02-19,41,"Beaufort","Ozone","Carteret",34.8848,-76.6203
2024-02-20,40,"Beaufort","Ozone","Carteret",34.8848,-76.6203
2024-02-21,38,"Beaufort","Ozone","Carteret",34.8848,-76.6203
2024-02-22,47,"Beaufort","Ozone","Carteret",34.8848,-76.6203
2024-02-23,45,"Beaufort","Ozone","Carteret",34.8848,-76.6203
2024-02-24,38,"Beaufort","Ozone","Carteret",34.8848,-76.6203
2024-02-25,33,"Beaufort","Ozone","Carteret",34.8848,-76.6203
2024-02-26,42,"Beaufort","Ozone","Carteret",34.8848,-76.6203
2024-02-27,44,"Beaufort","Ozone","Carteret",34.8848,-76.6203
2024-02-28,45,"Beaufort","Ozone","Carteret",34.8848,-76.6203
2024-02-29,33,"Beaufort","Ozone","Carteret",34.8848,-76.6203
2024-03-01,38,"Beaufort","Ozone","Carteret",34.8848,-76.6203
2024-03-02,37,"Beaufort","Ozone","Carteret",34.8848,-76.6203
2024-03-03,31,"Beaufort","Ozone","Carteret",34.8848,-76.6203
2024-03-04,32,"Beaufort","Ozone","Carteret",34.8848,-76.6203
2024-03-05,31,"Beaufort","Ozone","Carteret",34.8848,-76.6203
2024-03-06,36,"Beaufort","Ozone","Carteret",34.8848,-76.6203
2024-03-07,31,"Beaufort","Ozone","Carteret",34.8848,-76.6203
2024-03-08,33,"Beaufort","Ozone","Carteret",34.8848,-76.6203
2024-03-09,32,"Beaufort","Ozone","Carteret",34.8848,-76.6203
2024-03-10,39,"Beaufort","Ozone","Carteret",34.8848,-76.6203
2024-03-11,41,"Beaufort","Ozone","Carteret",34.8848,-76.6203
2024-03-12,47,"Beaufort","Ozone","Carteret",34.8848,-76.6203
2024-03-13,71,"Beaufort","Ozone","Carteret",34.8848,-76.6203
2024-03-14,64,"Beaufort","Ozone","Carteret",34.8848,-76.6203
2024-03-15,49,"Beaufort","Ozone","Carteret",34.8848,-76.6203
2024-03-16,39,"Beaufort","Ozone","Carteret",34.8848,-76.6203
2024-03-17,37,"Beaufort","Ozone","Carteret",34.8848,-76.6203
2024-03-18,39,"Beaufort","Ozone","Carteret",34.8848,-76.6203
2024-03-19,35,"Beaufort","Ozone","Carteret",34.8848,-76.6203
2024-03-20,48,"Beaufort","Ozone","Carteret",34.8848,-76.6203
2024-03-21,41,"Beaufort","Ozone","Carteret",34.8848,-76.6203
2024-03-22,43,"Beaufort","Ozone","Carteret",34.8848,-76.6203
2024-03-23,38,"Beaufort","Ozone","Carteret",34.8848,-76.6203
2024-03-24,41,"Beaufort","Ozone","Carteret",34.8848,-76.6203
2024-03-25,41,"Beaufort","Ozone","Carteret",34.8848,-76.6203
2024-03-26,34,"Beaufort","Ozone","Carteret",34.8848,-76.6203
2024-03-27,29,"Beaufort","Ozone","Carteret",34.8848,-76.6203
2024-03-28,30,"Beaufort","Ozone","Carteret",34.8848,-76.6203
2024-03-29,47,"Beaufort","Ozone","Carteret",34.8848,-76.6203
2024-03-30,58,"Beaufort","Ozone","Carteret",34.8848,-76.6203
2024-03-31,49,"Beaufort","Ozone","Carteret",34.8848,-76.6203
2024-04-01,39,"Beaufort","Ozone","Carteret",34.8848,-76.6203
2024-04-02,40,"Beaufort","Ozone","Carteret",34.8848,-76.6203
2024-04-03,36,"Beaufort","Ozone","Carteret",34.8848,-76.6203
2024-04-04,40,"Beaufort","Ozone","Carteret",34.8848,-76.6203
2024-04-05,41,"Beaufort","Ozone","Carteret",34.8848,-76.6203
2024-04-06,38,"Beaufort","Ozone","Carteret",34.8848,-76.6203
2024-04-07,40,"Beaufort","Ozone","Carteret",34.8848,-76.6203
2024-04-08,44,"Beaufort","Ozone","Carteret",34.8848,-76.6203
2024-04-09,41,"Beaufort","Ozone","Carteret",34.8848,-76.6203
2024-04-10,43,"Beaufort","Ozone","Carteret",34.8848,-76.6203
2024-04-11,41,"Beaufort","Ozone","Carteret",34.8848,-76.6203
2024-04-12,45,"Beaufort","Ozone","Carteret",34.8848,-76.6203
2024-04-13,45,"Beaufort","Ozone","Carteret",34.8848,-76.6203
2024-04-14,50,"Beaufort","Ozone","Carteret",34.8848,-76.6203
2024-04-15,64,"Beaufort","Ozone","Carteret",34.8848,-76.6203
2024-04-16,48,"Beaufort","Ozone","Carteret",34.8848,-76.6203
2024-04-17,45,"Beaufort","Ozone","Carteret",34.8848,-76.6203
2024-04-18,44,"Beaufort","Ozone","Carteret",34.8848,-76.6203
2024-04-19,38,"Beaufort","Ozone","Carteret",34.8848,-76.6203
2024-04-20,36,"Beaufort","Ozone","Carteret",34.8848,-76.6203
2024-04-21,34,"Beaufort","Ozone","Carteret",34.8848,-76.6203
2024-04-22,35,"Beaufort","Ozone","Carteret",34.8848,-76.6203
2024-04-23,49,"Beaufort","Ozone","Carteret",34.8848,-76.6203
2024-04-24,50,"Beaufort","Ozone","Carteret",34.8848,-76.6203
2024-04-25,48,"Beaufort","Ozone","Carteret",34.8848,-76.6203
2024-04-26,44,"Beaufort","Ozone","Carteret",34.8848,-76.6203
2024-04-27,44,"Beaufort","Ozone","Carteret",34.8848,-76.6203
2024-04-28,46,"Beaufort","Ozone","Carteret",34.8848,-76.6203
2024-04-29,43,"Beaufort","Ozone","Carteret",34.8848,-76.6203
2024-04-30,37,"Beaufort","Ozone","Carteret",34.8848,-76.6203
2024-05-01,38,"Beaufort","Ozone","Carteret",34.8848,-76.6203
2024-05-02,40,"Beaufort","Ozone","Carteret",34.8848,-76.6203
2024-05-03,37,"Beaufort","Ozone","Carteret",34.8848,-76.6203
2024-05-04,33,"Beaufort","Ozone","Carteret",34.8848,-76.6203
2024-05-05,36,"Beaufort","Ozone","Carteret",34.8848,-76.6203
2024-05-06,33,"Beaufort","Ozone","Carteret",34.8848,-76.6203
2024-05-07,40,"Beaufort","Ozone","Carteret",34.8848,-76.6203
2024-05-08,42,"Beaufort","Ozone","Carteret",34.8848,-76.6203
2024-05-09,44,"Beaufort","Ozone","Carteret",34.8848,-76.6203
2024-05-10,37,"Beaufort","Ozone","Carteret",34.8848,-76.6203
2024-05-11,31,"Beaufort","Ozone","Carteret",34.8848,-76.6203
2024-05-12,47,"Beaufort","Ozone","Carteret",34.8848,-76.6203
2024-05-13,43,"Beaufort","Ozone","Carteret",34.8848,-76.6203
2024-05-14,40,"Beaufort","Ozone","Carteret",34.8848,-76.6203
2024-05-15,39,"Beaufort","Ozone","Carteret",34.8848,-76.6203
2024-05-16,38,"Beaufort","Ozone","Carteret",34.8848,-76.6203
2024-05-17,37,"Beaufort","Ozone","Carteret",34.8848,-76.6203
2024-05-18,38,"Beaufort","Ozone","Carteret",34.8848,-76.6203
2024-05-19,31,"Beaufort","Ozone","Carteret",34.8848,-76.6203
2024-05-20,28,"Beaufort","Ozone","Carteret",34.8848,-76.6203
2024-05-21,27,"Beaufort","Ozone","Carteret",34.8848,-76.6203
2024-05-22,28,"Beaufort","Ozone","Carteret",34.8848,-76.6203
2024-05-23,32,"Beaufort","Ozone","Carteret",34.8848,-76.6203
2024-05-24,31,"Beaufort","Ozone","Carteret",34.8848,-76.6203
2024-05-25,41,"Beaufort","Ozone","Carteret",34.8848,-76.6203
2024-05-26,44,"Beaufort","Ozone","Carteret",34.8848,-76.6203
2024-05-27,37,"Beaufort","Ozone","Carteret",34.8848,-76.6203
2024-05-28,37,"Beaufort","Ozone","Carteret",34.8848,-76.6203
2024-05-29,45,"Beaufort","Ozone","Carteret",34.8848,-76.6203
2024-05-30,43,"Beaufort","Ozone","Carteret",34.8848,-76.6203
2024-05-31,46,"Beaufort","Ozone","Carteret",34.8848,-76.6203
2024-06-01,50,"Beaufort","Ozone","Carteret",34.8848,-76.6203
2024-06-02,46,"Beaufort","Ozone","Carteret",34.8848,-76.6203
2024-06-03,39,"Beaufort","Ozone","Carteret",34.8848,-76.6203
2024-06-04,39,"Beaufort","Ozone","Carteret",34.8848,-76.6203
2024-06-05,33,"Beaufort","Ozone","Carteret",34.8848,-76.6203
2024-06-06,36,"Beaufort","Ozone","Carteret",34.8848,-76.6203
2024-06-07,42,"Beaufort","Ozone","Carteret",34.8848,-76.6203
2024-06-08,49,"Beaufort","Ozone","Carteret",34.8848,-76.6203
2024-06-09,51,"Beaufort","Ozone","Carteret",34.8848,-76.6203
2024-06-10,40,"Beaufort","Ozone","Carteret",34.8848,-76.6203
2024-06-11,54,"Beaufort","Ozone","Carteret",34.8848,-76.6203
2024-06-12,49,"Beaufort","Ozone","Carteret",34.8848,-76.6203
2024-06-13,45,"Beaufort","Ozone","Carteret",34.8848,-76.6203
2024-06-14,42,"Beaufort","Ozone","Carteret",34.8848,-76.6203
2024-06-15,54,"Beaufort","Ozone","Carteret",34.8848,-76.6203
2024-06-16,49,"Beaufort","Ozone","Carteret",34.8848,-76.6203
2024-06-17,43,"Beaufort","Ozone","Carteret",34.8848,-76.6203
2024-06-18,38,"Beaufort","Ozone","Carteret",34.8848,-76.6203
2024-06-19,40,"Beaufort","Ozone","Carteret",34.8848,-76.6203
2024-06-20,36,"Beaufort","Ozone","Carteret",34.8848,-76.6203
2024-06-21,24,"Beaufort","Ozone","Carteret",34.8848,-76.6203
2024-06-22,17,"Beaufort","Ozone","Carteret",34.8848,-76.6203
2024-06-23,24,"Beaufort","Ozone","Carteret",34.8848,-76.6203
2024-06-24,31,"Beaufort","Ozone","Carteret",34.8848,-76.6203
2024-06-25,44,"Beaufort","Ozone","Carteret",34.8848,-76.6203
2024-06-26,27,"Beaufort","Ozone","Carteret",34.8848,-76.6203
2024-06-27,37,"Beaufort","Ozone","Carteret",34.8848,-76.6203
2024-06-28,46,"Beaufort","Ozone","Carteret",34.8848,-76.6203
2024-06-29,27,"Beaufort","Ozone","Carteret",34.8848,-76.6203
2024-06-30,24,"Beaufort","Ozone","Carteret",34.8848,-76.6203
2024-07-01,31,"Beaufort","Ozone","Carteret",34.8848,-76.6203
2024-07-02,36,"Beaufort","Ozone","Carteret",34.8848,-76.6203
2024-07-03,32,"Beaufort","Ozone","Carteret",34.8848,-76.6203
2024-07-04,34,"Beaufort","Ozone","Carteret",34.8848,-76.6203
2024-07-05,32,"Beaufort","Ozone","Carteret",34.8848,-76.6203
2024-07-06,32,"Beaufort","Ozone","Carteret",34.8848,-76.6203
2024-07-07,28,"Beaufort","Ozone","Carteret",34.8848,-76.6203
2024-07-08,23,"Beaufort","Ozone","Carteret",34.8848,-76.6203
2024-07-09,24,"Beaufort","Ozone","Carteret",34.8848,-76.6203
2024-07-10,23,"Beaufort","Ozone","Carteret",34.8848,-76.6203
2024-07-11,26,"Beaufort","Ozone","Carteret",34.8848,-76.6203
2024-07-12,24,"Beaufort","Ozone","Carteret",34.8848,-76.6203
2024-07-13,34,"Beaufort","Ozone","Carteret",34.8848,-76.6203
2024-07-14,38,"Beaufort","Ozone","Carteret",34.8848,-76.6203
2024-07-15,37,"Beaufort","Ozone","Carteret",34.8848,-76.6203
2024-07-16,35,"Beaufort","Ozone","Carteret",34.8848,-76.6203
2024-07-17,36,"Beaufort","Ozone","Carteret",34.8848,-76.6203
2024-07-18,36,"Beaufort","Ozone","Carteret",34.8848,-76.6203
2024-07-19,36,"Beaufort","Ozone","Carteret",34.8848,-76.6203
2024-07-20,31,"Beaufort","Ozone","Carteret",34.8848,-76.6203
2024-07-21,25,"Beaufort","Ozone","Carteret",34.8848,-76.6203
2024-07-22,24,"Beaufort","Ozone","Carteret",34.8848,-76.6203
2024-07-23,22,"Beaufort","Ozone","Carteret",34.8848,-76.6203
2024-07-24,25,"Beaufort","Ozone","Carteret",34.8848,-76.6203
2024-07-25,18,"Beaufort","Ozone","Carteret",34.8848,-76.6203
2024-07-26,31,"Beaufort","Ozone","Carteret",34.8848,-76.6203
2024-07-27,41,"Beaufort","Ozone","Carteret",34.8848,-76.6203
2024-07-28,35,"Beaufort","Ozone","Carteret",34.8848,-76.6203
2024-07-29,39,"Beaufort","Ozone","Carteret",34.8848,-76.6203
2024-07-30,35,"Beaufort","Ozone","Carteret",34.8848,-76.6203
2024-07-31,43,"Beaufort","Ozone","Carteret",34.8848,-76.6203
2024-08-01,40,"Beaufort","Ozone","Carteret",34.8848,-76.6203
2024-08-02,42,"Beaufort","Ozone","Carteret",34.8848,-76.6203
2024-08-03,19,"Beaufort","Ozone","Carteret",34.8848,-76.6203
2024-08-04,25,"Beaufort","Ozone","Carteret",34.8848,-76.6203
2024-08-05,18,"Beaufort","Ozone","Carteret",34.8848,-76.6203
2024-08-06,23,"Beaufort","Ozone","Carteret",34.8848,-76.6203
2024-08-07,24,"Beaufort","Ozone","Carteret",34.8848,-76.6203
2024-08-08,39,"Beaufort","Ozone","Carteret",34.8848,-76.6203
2024-08-09,40,"Beaufort","Ozone","Carteret",34.8848,-76.6203
2024-08-10,30,"Beaufort","Ozone","Carteret",34.8848,-76.6203
2024-08-11,27,"Beaufort","Ozone","Carteret",34.8848,-76.6203
2024-08-12,31,"Beaufort","Ozone","Carteret",34.8848,-76.6203
2024-08-13,44,"Beaufort","Ozone","Carteret",34.8848,-76.6203
2024-08-14,40,"Beaufort","Ozone","Carteret",34.8848,-76.6203
2024-08-15,38,"Beaufort","Ozone","Carteret",34.8848,-76.6203
2024-08-16,41,"Beaufort","Ozone","Carteret",34.8848,-76.6203
2024-08-17,43,"Beaufort","Ozone","Carteret",34.8848,-76.6203
2024-08-18,42,"Beaufort","Ozone","Carteret",34.8848,-76.6203
2024-08-19,40,"Beaufort","Ozone","Carteret",34.8848,-76.6203
2024-08-20,30,"Beaufort","Ozone","Carteret",34.8848,-76.6203
2024-08-21,37,"Beaufort","Ozone","Carteret",34.8848,-76.6203
2024-08-22,39,"Beaufort","Ozone","Carteret",34.8848,-76.6203
2024-08-23,39,"Beaufort","Ozone","Carteret",34.8848,-76.6203
2024-08-24,37,"Beaufort","Ozone","Carteret",34.8848,-76.6203
2024-08-25,34,"Beaufort","Ozone","Carteret",34.8848,-76.6203
2024-08-26,32,"Beaufort","Ozone","Carteret",34.8848,-76.6203
2024-08-27,28,"Beaufort","Ozone","Carteret",34.8848,-76.6203
2024-08-28,33,"Beaufort","Ozone","Carteret",34.8848,-76.6203
2024-08-29,31,"Beaufort","Ozone","Carteret",34.8848,-76.6203
2024-08-30,21,"Beaufort","Ozone","Carteret",34.8848,-76.6203
2024-08-31,33,"Beaufort","Ozone","Carteret",34.8848,-76.6203
2024-09-01,25,"Beaufort","Ozone","Carteret",34.8848,-76.6203
2024-09-02,35,"Beaufort","Ozone","Carteret",34.8848,-76.6203
2024-09-03,32,"Beaufort","Ozone","Carteret",34.8848,-76.6203
2024-09-04,34,"Beaufort","Ozone","Carteret",34.8848,-76.6203
2024-09-05,33,"Beaufort","Ozone","Carteret",34.8848,-76.6203
2024-09-06,28,"Beaufort","Ozone","Carteret",34.8848,-76.6203
2024-09-07,27,"Beaufort","Ozone","Carteret",34.8848,-76.6203
2024-09-08,26,"Beaufort","Ozone","Carteret",34.8848,-76.6203
2024-09-09,39,"Beaufort","Ozone","Carteret",34.8848,-76.6203
2024-09-10,40,"Beaufort","Ozone","Carteret",34.8848,-76.6203
2024-09-11,44,"Beaufort","Ozone","Carteret",34.8848,-76.6203
2024-09-12,41,"Beaufort","Ozone","Carteret",34.8848,-76.6203
2024-09-13,31,"Beaufort","Ozone","Carteret",34.8848,-76.6203
2024-09-14,31,"Beaufort","Ozone","Carteret",34.8848,-76.6203
2024-09-15,35,"Beaufort","Ozone","Carteret",34.8848,-76.6203
2024-09-16,33,"Beaufort","Ozone","Carteret",34.8848,-76.6203
2024-09-17,31,"Beaufort","Ozone","Carteret",34.8848,-76.6203
2024-09-18,29,"Beaufort","Ozone","Carteret",34.8848,-76.6203
2024-09-19,25,"Beaufort","Ozone","Carteret",34.8848,-76.6203
2024-09-20,38,"Beaufort","Ozone","Carteret",34.8848,-76.6203
2024-09-21,39,"Beaufort","Ozone","Carteret",34.8848,-76.6203
2024-09-22,33,"Beaufort","Ozone","Carteret",34.8848,-76.6203
2024-09-23,34,"Beaufort","Ozone","Carteret",34.8848,-76.6203
2024-09-24,33,"Beaufort","Ozone","Carteret",34.8848,-76.6203
2024-09-25,32,"Beaufort","Ozone","Carteret",34.8848,-76.6203
2024-09-26,27,"Beaufort","Ozone","Carteret",34.8848,-76.6203
2024-09-27,25,"Beaufort","Ozone","Carteret",34.8848,-76.6203
2024-09-28,39,"Beaufort","Ozone","Carteret",34.8848,-76.6203
2024-09-29,31,"Beaufort","Ozone","Carteret",34.8848,-76.6203
2024-09-30,37,"Beaufort","Ozone","Carteret",34.8848,-76.6203
2024-10-01,33,"Beaufort","Ozone","Carteret",34.8848,-76.6203
2024-10-02,26,"Beaufort","Ozone","Carteret",34.8848,-76.6203
2024-10-03,31,"Beaufort","Ozone","Carteret",34.8848,-76.6203
2024-10-04,38,"Beaufort","Ozone","Carteret",34.8848,-76.6203
2024-10-05,36,"Beaufort","Ozone","Carteret",34.8848,-76.6203
2024-10-06,45,"Beaufort","Ozone","Carteret",34.8848,-76.6203
2024-10-07,45,"Beaufort","Ozone","Carteret",34.8848,-76.6203
2024-10-08,36,"Beaufort","Ozone","Carteret",34.8848,-76.6203
2024-10-09,41,"Beaufort","Ozone","Carteret",34.8848,-76.6203
2024-10-10,35,"Beaufort","Ozone","Carteret",34.8848,-76.6203
2024-10-11,26,"Beaufort","Ozone","Carteret",34.8848,-76.6203
2024-10-12,39,"Beaufort","Ozone","Carteret",34.8848,-76.6203
2024-10-13,46,"Beaufort","Ozone","Carteret",34.8848,-76.6203
2024-10-14,44,"Beaufort","Ozone","Carteret",34.8848,-76.6203
2024-10-15,31,"Beaufort","Ozone","Carteret",34.8848,-76.6203
2024-10-16,28,"Beaufort","Ozone","Carteret",34.8848,-76.6203
2024-10-17,32,"Beaufort","Ozone","Carteret",34.8848,-76.6203
2024-10-18,34,"Beaufort","Ozone","Carteret",34.8848,-76.6203
2024-10-19,31,"Beaufort","Ozone","Carteret",34.8848,-76.6203
2024-10-20,31,"Beaufort","Ozone","Carteret",34.8848,-76.6203
2024-10-21,42,"Beaufort","Ozone","Carteret",34.8848,-76.6203
2024-10-22,39,"Beaufort","Ozone","Carteret",34.8848,-76.6203
2024-10-23,34,"Beaufort","Ozone","Carteret",34.8848,-76.6203
2024-10-24,45,"Beaufort","Ozone","Carteret",34.8848,-76.6203
2024-10-25,39,"Beaufort","Ozone","Carteret",34.8848,-76.6203
2024-10-26,43,"Beaufort","Ozone","Carteret",34.8848,-76.6203
2024-10-27,34,"Beaufort","Ozone","Carteret",34.8848,-76.6203
2024-10-28,38,"Beaufort","Ozone","Carteret",34.8848,-76.6203
2024-10-29,33,"Beaufort","Ozone","Carteret",34.8848,-76.6203
2024-10-30,39,"Beaufort","Ozone","Carteret",34.8848,-76.6203
2024-10-31,35,"Beaufort","Ozone","Carteret",34.8848,-76.6203
2024-11-01,35,"Beaufort","Ozone","Carteret",34.8848,-76.6203
2024-11-02,31,"Beaufort","Ozone","Carteret",34.8848,-76.6203
2024-11-03,36,"Beaufort","Ozone","Carteret",34.8848,-76.6203
2024-11-04,32,"Beaufort","Ozone","Carteret",34.8848,-76.6203
2024-11-05,42,"Beaufort","Ozone","Carteret",34.8848,-76.6203
2024-11-06,33,"Beaufort","Ozone","Carteret",34.8848,-76.6203
2024-11-07,20,"Beaufort","Ozone","Carteret",34.8848,-76.6203
2024-11-08,24,"Beaufort","Ozone","Carteret",34.8848,-76.6203
2024-11-09,34,"Beaufort","Ozone","Carteret",34.8848,-76.6203
2024-11-10,33,"Beaufort","Ozone","Carteret",34.8848,-76.6203
2024-11-11,28,"Beaufort","Ozone","Carteret",34.8848,-76.6203
2024-11-12,34,"Beaufort","Ozone","Carteret",34.8848,-76.6203
2024-11-13,35,"Beaufort","Ozone","Carteret",34.8848,-76.6203
2024-11-14,35,"Beaufort","Ozone","Carteret",34.8848,-76.6203
2024-11-15,35,"Beaufort","Ozone","Carteret",34.8848,-76.6203
2024-11-16,27,"Beaufort","Ozone","Carteret",34.8848,-76.6203
2024-11-17,29,"Beaufort","Ozone","Carteret",34.8848,-76.6203
2024-11-18,31,"Beaufort","Ozone","Carteret",34.8848,-76.6203
2024-11-19,30,"Beaufort","Ozone","Carteret",34.8848,-76.6203
2024-11-20,31,"Beaufort","Ozone","Carteret",34.8848,-76.6203
2024-11-21,32,"Beaufort","Ozone","Carteret",34.8848,-76.6203
2024-11-22,19,"Beaufort","Ozone","Carteret",34.8848,-76.6203
2024-11-23,19,"Beaufort","Ozone","Carteret",34.8848,-76.6203
2024-11-24,26,"Beaufort","Ozone","Carteret",34.8848,-76.6203
2024-11-25,35,"Beaufort","Ozone","Carteret",34.8848,-76.6203
2024-11-26,32,"Beaufort","Ozone","Carteret",34.8848,-76.6203
2024-11-27,31,"Beaufort","Ozone","Carteret",34.8848,-76.6203
2024-11-28,31,"Beaufort","Ozone","Carteret",34.8848,-76.6203
2024-11-29,25,"Beaufort","Ozone","Carteret",34.8848,-76.6203
2024-11-30,32,"Beaufort","Ozone","Carteret",34.8848,-76.6203
2024-12-01,34,"Beaufort","Ozone","Carteret",34.8848,-76.6203
2024-12-02,34,"Beaufort","Ozone","Carteret",34.8848,-76.6203
2024-12-03,29,"Beaufort","Ozone","Carteret",34.8848,-76.6203
2024-12-04,38,"Beaufort","Ozone","Carteret",34.8848,-76.6203
2024-12-05,39,"Beaufort","Ozone","Carteret",34.8848,-76.6203
2024-12-06,27,"Beaufort","Ozone","Carteret",34.8848,-76.6203
2024-12-07,31,"Beaufort","Ozone","Carteret",34.8848,-76.6203
2024-12-08,38,"Beaufort","Ozone","Carteret",34.8848,-76.6203
2024-12-09,36,"Beaufort","Ozone","Carteret",34.8848,-76.6203
2024-12-10,36,"Beaufort","Ozone","Carteret",34.8848,-76.6203
2024-12-11,33,"Beaufort","Ozone","Carteret",34.8848,-76.6203
2024-12-12,32,"Beaufort","Ozone","Carteret",34.8848,-76.6203
2024-12-13,33,"Beaufort","Ozone","Carteret",34.8848,-76.6203
2024-12-14,35,"Beaufort","Ozone","Carteret",34.8848,-76.6203
2024-12-15,31,"Beaufort","Ozone","Carteret",34.8848,-76.6203
2024-12-16,31,"Beaufort","Ozone","Carteret",34.8848,-76.6203
2024-12-17,31,"Beaufort","Ozone","Carteret",34.8848,-76.6203
2024-12-18,26,"Beaufort","Ozone","Carteret",34.8848,-76.6203
2024-12-20,26,"Beaufort","Ozone","Carteret",34.8848,-76.6203
2024-12-21,30,"Beaufort","Ozone","Carteret",34.8848,-76.6203
2024-12-22,35,"Beaufort","Ozone","Carteret",34.8848,-76.6203
2024-12-23,35,"Beaufort","Ozone","Carteret",34.8848,-76.6203
2024-12-24,34,"Beaufort","Ozone","Carteret",34.8848,-76.6203
2024-12-25,31,"Beaufort","Ozone","Carteret",34.8848,-76.6203
2024-12-26,30,"Beaufort","Ozone","Carteret",34.8848,-76.6203
2024-12-27,33,"Beaufort","Ozone","Carteret",34.8848,-76.6203
2024-12-28,37,"Beaufort","Ozone","Carteret",34.8848,-76.6203
2024-12-29,41,"Beaufort","Ozone","Carteret",34.8848,-76.6203
2024-12-30,29,"Beaufort","Ozone","Carteret",34.8848,-76.6203
2024-03-01,30,"Cherry Grove","Ozone","Caswell",36.307033,-79.467417
2024-03-02,31,"Cherry Grove","Ozone","Caswell",36.307033,-79.467417
2024-03-03,34,"Cherry Grove","Ozone","Caswell",36.307033,-79.467417
2024-03-04,37,"Cherry Grove","Ozone","Caswell",36.307033,-79.467417
2024-03-05,37,"Cherry Grove","Ozone","Caswell",36.307033,-79.467417
2024-03-06,23,"Cherry Grove","Ozone","Caswell",36.307033,-79.467417
2024-03-07,35,"Cherry Grove","Ozone","Caswell",36.307033,-79.467417
2024-03-08,35,"Cherry Grove","Ozone","Caswell",36.307033,-79.467417
2024-03-09,24,"Cherry Grove","Ozone","Caswell",36.307033,-79.467417
2024-03-10,40,"Cherry Grove","Ozone","Caswell",36.307033,-79.467417
2024-03-11,44,"Cherry Grove","Ozone","Caswell",36.307033,-79.467417
2024-03-12,45,"Cherry Grove","Ozone","Caswell",36.307033,-79.467417
2024-03-13,58,"Cherry Grove","Ozone","Caswell",36.307033,-79.467417
2024-03-14,80,"Cherry Grove","Ozone","Caswell",36.307033,-79.467417
2024-03-15,42,"Cherry Grove","Ozone","Caswell",36.307033,-79.467417
2024-03-16,44,"Cherry Grove","Ozone","Caswell",36.307033,-79.467417
2024-03-17,44,"Cherry Grove","Ozone","Caswell",36.307033,-79.467417
2024-03-18,44,"Cherry Grove","Ozone","Caswell",36.307033,-79.467417
2024-03-19,38,"Cherry Grove","Ozone","Caswell",36.307033,-79.467417
2024-03-20,46,"Cherry Grove","Ozone","Caswell",36.307033,-79.467417
2024-03-21,48,"Cherry Grove","Ozone","Caswell",36.307033,-79.467417
2024-03-22,38,"Cherry Grove","Ozone","Caswell",36.307033,-79.467417
2024-03-23,40,"Cherry Grove","Ozone","Caswell",36.307033,-79.467417
2024-03-24,43,"Cherry Grove","Ozone","Caswell",36.307033,-79.467417
2024-03-25,44,"Cherry Grove","Ozone","Caswell",36.307033,-79.467417
2024-03-26,37,"Cherry Grove","Ozone","Caswell",36.307033,-79.467417
2024-03-27,20,"Cherry Grove","Ozone","Caswell",36.307033,-79.467417
2024-03-28,43,"Cherry Grove","Ozone","Caswell",36.307033,-79.467417
2024-03-29,49,"Cherry Grove","Ozone","Caswell",36.307033,-79.467417
2024-03-30,64,"Cherry Grove","Ozone","Caswell",36.307033,-79.467417
2024-03-31,54,"Cherry Grove","Ozone","Caswell",36.307033,-79.467417
2024-04-01,48,"Cherry Grove","Ozone","Caswell",36.307033,-79.467417
2024-04-02,46,"Cherry Grove","Ozone","Caswell",36.307033,-79.467417
2024-04-03,44,"Cherry Grove","Ozone","Caswell",36.307033,-79.467417
2024-04-04,38,"Cherry Grove","Ozone","Caswell",36.307033,-79.467417
2024-04-05,36,"Cherry Grove","Ozone","Caswell",36.307033,-79.467417
2024-04-06,40,"Cherry Grove","Ozone","Caswell",36.307033,-79.467417
2024-04-07,44,"Cherry Grove","Ozone","Caswell",36.307033,-79.467417
2024-04-08,51,"Cherry Grove","Ozone","Caswell",36.307033,-79.467417
2024-04-09,40,"Cherry Grove","Ozone","Caswell",36.307033,-79.467417
2024-04-10,31,"Cherry Grove","Ozone","Caswell",36.307033,-79.467417
2024-04-11,36,"Cherry Grove","Ozone","Caswell",36.307033,-79.467417
2024-04-12,45,"Cherry Grove","Ozone","Caswell",36.307033,-79.467417
2024-04-13,45,"Cherry Grove","Ozone","Caswell",36.307033,-79.467417
2024-04-14,71,"Cherry Grove","Ozone","Caswell",36.307033,-79.467417
2024-04-15,84,"Cherry Grove","Ozone","Caswell",36.307033,-79.467417
2024-04-16,48,"Cherry Grove","Ozone","Caswell",36.307033,-79.467417
2024-04-17,54,"Cherry Grove","Ozone","Caswell",36.307033,-79.467417
2024-04-18,44,"Cherry Grove","Ozone","Caswell",36.307033,-79.467417
2024-04-19,31,"Cherry Grove","Ozone","Caswell",36.307033,-79.467417
2024-04-20,37,"Cherry Grove","Ozone","Caswell",36.307033,-79.467417
2024-04-21,26,"Cherry Grove","Ozone","Caswell",36.307033,-79.467417
2024-04-22,41,"Cherry Grove","Ozone","Caswell",36.307033,-79.467417
2024-04-23,49,"Cherry Grove","Ozone","Caswell",36.307033,-79.467417
2024-04-24,43,"Cherry Grove","Ozone","Caswell",36.307033,-79.467417
2024-04-25,45,"Cherry Grove","Ozone","Caswell",36.307033,-79.467417
2024-04-26,41,"Cherry Grove","Ozone","Caswell",36.307033,-79.467417
2024-04-27,40,"Cherry Grove","Ozone","Caswell",36.307033,-79.467417
2024-04-28,44,"Cherry Grove","Ozone","Caswell",36.307033,-79.467417
2024-04-29,64,"Cherry Grove","Ozone","Caswell",36.307033,-79.467417
2024-04-30,42,"Cherry Grove","Ozone","Caswell",36.307033,-79.467417
2024-05-01,44,"Cherry Grove","Ozone","Caswell",36.307033,-79.467417
2024-05-02,64,"Cherry Grove","Ozone","Caswell",36.307033,-79.467417
2024-05-03,54,"Cherry Grove","Ozone","Caswell",36.307033,-79.467417
2024-05-04,13,"Cherry Grove","Ozone","Caswell",36.307033,-79.467417
2024-05-05,14,"Cherry Grove","Ozone","Caswell",36.307033,-79.467417
2024-05-06,32,"Cherry Grove","Ozone","Caswell",36.307033,-79.467417
2024-05-07,37,"Cherry Grove","Ozone","Caswell",36.307033,-79.467417
2024-05-08,34,"Cherry Grove","Ozone","Caswell",36.307033,-79.467417
2024-05-09,44,"Cherry Grove","Ozone","Caswell",36.307033,-79.467417
2024-05-10,42,"Cherry Grove","Ozone","Caswell",36.307033,-79.467417
2024-05-11,40,"Cherry Grove","Ozone","Caswell",36.307033,-79.467417
2024-05-12,41,"Cherry Grove","Ozone","Caswell",36.307033,-79.467417
2024-05-13,39,"Cherry Grove","Ozone","Caswell",36.307033,-79.467417
2024-05-14,32,"Cherry Grove","Ozone","Caswell",36.307033,-79.467417
2024-05-15,30,"Cherry Grove","Ozone","Caswell",36.307033,-79.467417
2024-05-16,38,"Cherry Grove","Ozone","Caswell",36.307033,-79.467417
2024-05-17,31,"Cherry Grove","Ozone","Caswell",36.307033,-79.467417
2024-05-18,25,"Cherry Grove","Ozone","Caswell",36.307033,-79.467417
2024-05-19,31,"Cherry Grove","Ozone","Caswell",36.307033,-79.467417
2024-05-20,38,"Cherry Grove","Ozone","Caswell",36.307033,-79.467417
2024-05-21,39,"Cherry Grove","Ozone","Caswell",36.307033,-79.467417
2024-05-22,46,"Cherry Grove","Ozone","Caswell",36.307033,-79.467417
2024-05-23,41,"Cherry Grove","Ozone","Caswell",36.307033,-79.467417
2024-05-24,37,"Cherry Grove","Ozone","Caswell",36.307033,-79.467417
2024-05-25,43,"Cherry Grove","Ozone","Caswell",36.307033,-79.467417
2024-05-26,42,"Cherry Grove","Ozone","Caswell",36.307033,-79.467417
2024-05-27,46,"Cherry Grove","Ozone","Caswell",36.307033,-79.467417
2024-05-28,42,"Cherry Grove","Ozone","Caswell",36.307033,-79.467417
2024-05-29,47,"Cherry Grove","Ozone","Caswell",36.307033,-79.467417
2024-05-30,38,"Cherry Grove","Ozone","Caswell",36.307033,-79.467417
2024-05-31,47,"Cherry Grove","Ozone","Caswell",36.307033,-79.467417
2024-06-01,47,"Cherry Grove","Ozone","Caswell",36.307033,-79.467417
2024-06-02,41,"Cherry Grove","Ozone","Caswell",36.307033,-79.467417
2024-06-03,38,"Cherry Grove","Ozone","Caswell",36.307033,-79.467417
2024-06-04,37,"Cherry Grove","Ozone","Caswell",36.307033,-79.467417
2024-06-05,34,"Cherry Grove","Ozone","Caswell",36.307033,-79.467417
2024-06-06,37,"Cherry Grove","Ozone","Caswell",36.307033,-79.467417
2024-06-07,47,"Cherry Grove","Ozone","Caswell",36.307033,-79.467417
2024-06-08,51,"Cherry Grove","Ozone","Caswell",36.307033,-79.467417
2024-06-09,42,"Cherry Grove","Ozone","Caswell",36.307033,-79.467417
2024-06-10,46,"Cherry Grove","Ozone","Caswell",36.307033,-79.467417
2024-06-11,39,"Cherry Grove","Ozone","Caswell",36.307033,-79.467417
2024-06-12,45,"Cherry Grove","Ozone","Caswell",36.307033,-79.467417
2024-06-13,49,"Cherry Grove","Ozone","Caswell",36.307033,-79.467417
2024-06-14,49,"Cherry Grove","Ozone","Caswell",36.307033,-79.467417
2024-06-15,50,"Cherry Grove","Ozone","Caswell",36.307033,-79.467417
2024-06-16,41,"Cherry Grove","Ozone","Caswell",36.307033,-79.467417
2024-06-17,43,"Cherry Grove","Ozone","Caswell",36.307033,-79.467417
2024-06-18,42,"Cherry Grove","Ozone","Caswell",36.307033,-79.467417
2024-06-19,38,"Cherry Grove","Ozone","Caswell",36.307033,-79.467417
2024-06-20,35,"Cherry Grove","Ozone","Caswell",36.307033,-79.467417
2024-06-21,44,"Cherry Grove","Ozone","Caswell",36.307033,-79.467417
2024-06-22,27,"Cherry Grove","Ozone","Caswell",36.307033,-79.467417
2024-06-23,31,"Cherry Grove","Ozone","Caswell",36.307033,-79.467417
2024-06-24,48,"Cherry Grove","Ozone","Caswell",36.307033,-79.467417
2024-06-25,58,"Cherry Grove","Ozone","Caswell",36.307033,-79.467417
2024-06-26,74,"Cherry Grove","Ozone","Caswell",36.307033,-79.467417
2024-06-27,45,"Cherry Grove","Ozone","Caswell",36.307033,-79.467417
2024-06-28,54,"Cherry Grove","Ozone","Caswell",36.307033,-79.467417
2024-06-29,38,"Cherry Grove","Ozone","Caswell",36.307033,-79.467417
2024-06-30,38,"Cherry Grove","Ozone","Caswell",36.307033,-79.467417
2024-07-01,35,"Cherry Grove","Ozone","Caswell",36.307033,-79.467417
2024-07-02,47,"Cherry Grove","Ozone","Caswell",36.307033,-79.467417
2024-07-03,47,"Cherry Grove","Ozone","Caswell",36.307033,-79.467417
2024-07-04,44,"Cherry Grove","Ozone","Caswell",36.307033,-79.467417
2024-07-05,42,"Cherry Grove","Ozone","Caswell",36.307033,-79.467417
2024-07-06,44,"Cherry Grove","Ozone","Caswell",36.307033,-79.467417
2024-07-07,29,"Cherry Grove","Ozone","Caswell",36.307033,-79.467417
2024-07-08,41,"Cherry Grove","Ozone","Caswell",36.307033,-79.467417
2024-07-09,43,"Cherry Grove","Ozone","Caswell",36.307033,-79.467417
2024-07-10,36,"Cherry Grove","Ozone","Caswell",36.307033,-79.467417
2024-07-11,48,"Cherry Grove","Ozone","Caswell",36.307033,-79.467417
2024-07-12,26,"Cherry Grove","Ozone","Caswell",36.307033,-79.467417
2024-07-13,34,"Cherry Grove","Ozone","Caswell",36.307033,-79.467417
2024-07-14,48,"Cherry Grove","Ozone","Caswell",36.307033,-79.467417
2024-07-15,61,"Cherry Grove","Ozone","Caswell",36.307033,-79.467417
2024-07-16,58,"Cherry Grove","Ozone","Caswell",36.307033,-79.467417
2024-07-17,49,"Cherry Grove","Ozone","Caswell",36.307033,-79.467417
2024-07-18,44,"Cherry Grove","Ozone","Caswell",36.307033,-79.467417
2024-07-19,47,"Cherry Grove","Ozone","Caswell",36.307033,-79.467417
2024-07-20,33,"Cherry Grove","Ozone","Caswell",36.307033,-79.467417
2024-07-21,37,"Cherry Grove","Ozone","Caswell",36.307033,-79.467417
2024-07-22,32,"Cherry Grove","Ozone","Caswell",36.307033,-79.467417
2024-07-23,36,"Cherry Grove","Ozone","Caswell",36.307033,-79.467417
2024-07-24,39,"Cherry Grove","Ozone","Caswell",36.307033,-79.467417
2024-07-25,28,"Cherry Grove","Ozone","Caswell",36.307033,-79.467417
2024-07-26,31,"Cherry Grove","Ozone","Caswell",36.307033,-79.467417
2024-07-27,42,"Cherry Grove","Ozone","Caswell",36.307033,-79.467417
2024-07-28,42,"Cherry Grove","Ozone","Caswell",36.307033,-79.467417
2024-07-29,33,"Cherry Grove","Ozone","Caswell",36.307033,-79.467417
2024-07-30,41,"Cherry Grove","Ozone","Caswell",36.307033,-79.467417
2024-07-31,45,"Cherry Grove","Ozone","Caswell",36.307033,-79.467417
2024-08-01,39,"Cherry Grove","Ozone","Caswell",36.307033,-79.467417
2024-08-02,36,"Cherry Grove","Ozone","Caswell",36.307033,-79.467417
2024-08-03,30,"Cherry Grove","Ozone","Caswell",36.307033,-79.467417
2024-08-04,41,"Cherry Grove","Ozone","Caswell",36.307033,-79.467417
2024-08-05,36,"Cherry Grove","Ozone","Caswell",36.307033,-79.467417
2024-08-06,17,"Cherry Grove","Ozone","Caswell",36.307033,-79.467417
2024-08-07,19,"Cherry Grove","Ozone","Caswell",36.307033,-79.467417
2024-08-08,25,"Cherry Grove","Ozone","Caswell",36.307033,-79.467417
2024-08-09,31,"Cherry Grove","Ozone","Caswell",36.307033,-79.467417
2024-08-10,38,"Cherry Grove","Ozone","Caswell",36.307033,-79.467417
2024-08-11,34,"Cherry Grove","Ozone","Caswell",36.307033,-79.467417
2024-08-12,34,"Cherry Grove","Ozone","Caswell",36.307033,-79.467417
2024-08-13,26,"Cherry Grove","Ozone","Caswell",36.307033,-79.467417
2024-08-14,36,"Cherry Grove","Ozone","Caswell",36.307033,-79.467417
2024-08-15,34,"Cherry Grove","Ozone","Caswell",36.307033,-79.467417
2024-08-16,41,"Cherry Grove","Ozone","Caswell",36.307033,-79.467417
2024-08-17,37,"Cherry Grove","Ozone","Caswell",36.307033,-79.467417
2024-08-18,39,"Cherry Grove","Ozone","Caswell",36.307033,-79.467417
2024-08-19,31,"Cherry Grove","Ozone","Caswell",36.307033,-79.467417
2024-08-20,33,"Cherry Grove","Ozone","Caswell",36.307033,-79.467417
2024-08-21,38,"Cherry Grove","Ozone","Caswell",36.307033,-79.467417
2024-08-22,37,"Cherry Grove","Ozone","Caswell",36.307033,-79.467417
2024-08-23,39,"Cherry Grove","Ozone","Caswell",36.307033,-79.467417
2024-08-24,50,"Cherry Grove","Ozone","Caswell",36.307033,-79.467417
2024-08-25,50,"Cherry Grove","Ozone","Caswell",36.307033,-79.467417
2024-08-26,74,"Cherry Grove","Ozone","Caswell",36.307033,-79.467417
2024-08-28,71,"Cherry Grove","Ozone","Caswell",36.307033,-79.467417
2024-08-29,46,"Cherry Grove","Ozone","Caswell",36.307033,-79.467417
2024-08-30,31,"Cherry Grove","Ozone","Caswell",36.307033,-79.467417
2024-08-31,37,"Cherry Grove","Ozone","Caswell",36.307033,-79.467417
2024-09-01,37,"Cherry Grove","Ozone","Caswell",36.307033,-79.467417
2024-09-02,33,"Cherry Grove","Ozone","Caswell",36.307033,-79.467417
2024-09-03,30,"Cherry Grove","Ozone","Caswell",36.307033,-79.467417
2024-09-04,31,"Cherry Grove","Ozone","Caswell",36.307033,-79.467417
2024-09-05,37,"Cherry Grove","Ozone","Caswell",36.307033,-79.467417
2024-09-06,35,"Cherry Grove","Ozone","Caswell",36.307033,-79.467417
2024-09-07,35,"Cherry Grove","Ozone","Caswell",36.307033,-79.467417
2024-09-08,31,"Cherry Grove","Ozone","Caswell",36.307033,-79.467417
2024-09-09,35,"Cherry Grove","Ozone","Caswell",36.307033,-79.467417
2024-09-10,37,"Cherry Grove","Ozone","Caswell",36.307033,-79.467417
2024-09-11,44,"Cherry Grove","Ozone","Caswell",36.307033,-79.467417
2024-09-12,44,"Cherry Grove","Ozone","Caswell",36.307033,-79.467417
2024-09-13,23,"Cherry Grove","Ozone","Caswell",36.307033,-79.467417
2024-09-14,30,"Cherry Grove","Ozone","Caswell",36.307033,-79.467417
2024-09-15,23,"Cherry Grove","Ozone","Caswell",36.307033,-79.467417
2024-09-16,25,"Cherry Grove","Ozone","Caswell",36.307033,-79.467417
2024-09-17,22,"Cherry Grove","Ozone","Caswell",36.307033,-79.467417
2024-09-18,30,"Cherry Grove","Ozone","Caswell",36.307033,-79.467417
2024-09-19,23,"Cherry Grove","Ozone","Caswell",36.307033,-79.467417
2024-09-20,28,"Cherry Grove","Ozone","Caswell",36.307033,-79.467417
2024-09-21,39,"Cherry Grove","Ozone","Caswell",36.307033,-79.467417
2024-09-22,32,"Cherry Grove","Ozone","Caswell",36.307033,-79.467417
2024-09-23,20,"Cherry Grove","Ozone","Caswell",36.307033,-79.467417
2024-09-24,19,"Cherry Grove","Ozone","Caswell",36.307033,-79.467417
2024-09-25,30,"Cherry Grove","Ozone","Caswell",36.307033,-79.467417
2024-09-26,20,"Cherry Grove","Ozone","Caswell",36.307033,-79.467417
2024-09-27,19,"Cherry Grove","Ozone","Caswell",36.307033,-79.467417
2024-09-28,36,"Cherry Grove","Ozone","Caswell",36.307033,-79.467417
2024-09-29,30,"Cherry Grove","Ozone","Caswell",36.307033,-79.467417
2024-09-30,19,"Cherry Grove","Ozone","Caswell",36.307033,-79.467417
2024-10-01,18,"Cherry Grove","Ozone","Caswell",36.307033,-79.467417
2024-10-02,23,"Cherry Grove","Ozone","Caswell",36.307033,-79.467417
2024-10-03,26,"Cherry Grove","Ozone","Caswell",36.307033,-79.467417
2024-10-04,29,"Cherry Grove","Ozone","Caswell",36.307033,-79.467417
2024-10-05,46,"Cherry Grove","Ozone","Caswell",36.307033,-79.467417
2024-10-06,31,"Cherry Grove","Ozone","Caswell",36.307033,-79.467417
2024-10-07,37,"Cherry Grove","Ozone","Caswell",36.307033,-79.467417
2024-10-08,31,"Cherry Grove","Ozone","Caswell",36.307033,-79.467417
2024-10-09,39,"Cherry Grove","Ozone","Caswell",36.307033,-79.467417
2024-10-10,31,"Cherry Grove","Ozone","Caswell",36.307033,-79.467417
2024-10-11,30,"Cherry Grove","Ozone","Caswell",36.307033,-79.467417
2024-10-12,38,"Cherry Grove","Ozone","Caswell",36.307033,-79.467417
2024-10-13,44,"Cherry Grove","Ozone","Caswell",36.307033,-79.467417
2024-10-14,37,"Cherry Grove","Ozone","Caswell",36.307033,-79.467417
2024-10-15,28,"Cherry Grove","Ozone","Caswell",36.307033,-79.467417
2024-10-16,25,"Cherry Grove","Ozone","Caswell",36.307033,-79.467417
2024-10-17,31,"Cherry Grove","Ozone","Caswell",36.307033,-79.467417
2024-10-18,33,"Cherry Grove","Ozone","Caswell",36.307033,-79.467417
2024-10-19,37,"Cherry Grove","Ozone","Caswell",36.307033,-79.467417
2024-10-20,37,"Cherry Grove","Ozone","Caswell",36.307033,-79.467417
2024-10-22,43,"Cherry Grove","Ozone","Caswell",36.307033,-79.467417
2024-10-23,47,"Cherry Grove","Ozone","Caswell",36.307033,-79.467417
2024-10-24,43,"Cherry Grove","Ozone","Caswell",36.307033,-79.467417
2024-10-25,47,"Cherry Grove","Ozone","Caswell",36.307033,-79.467417
2024-10-26,42,"Cherry Grove","Ozone","Caswell",36.307033,-79.467417
2024-10-27,26,"Cherry Grove","Ozone","Caswell",36.307033,-79.467417
2024-10-28,33,"Cherry Grove","Ozone","Caswell",36.307033,-79.467417
2024-10-29,40,"Cherry Grove","Ozone","Caswell",36.307033,-79.467417
2024-10-30,37,"Cherry Grove","Ozone","Caswell",36.307033,-79.467417
2024-10-31,36,"Cherry Grove","Ozone","Caswell",36.307033,-79.467417
2024-03-01,35,"Honeycutt School","Ozone","Cumberland",35.0023035275774,-78.9916923423935
2024-03-02,31,"Honeycutt School","Ozone","Cumberland",35.0023035275774,-78.9916923423935
2024-03-03,31,"Honeycutt School","Ozone","Cumberland",35.0023035275774,-78.9916923423935
2024-03-04,38,"Honeycutt School","Ozone","Cumberland",35.0023035275774,-78.9916923423935
2024-03-05,39,"Honeycutt School","Ozone","Cumberland",35.0023035275774,-78.9916923423935
2024-03-06,23,"Honeycutt School","Ozone","Cumberland",35.0023035275774,-78.9916923423935
2024-03-07,40,"Honeycutt School","Ozone","Cumberland",35.0023035275774,-78.9916923423935
2024-03-08,35,"Honeycutt School","Ozone","Cumberland",35.0023035275774,-78.9916923423935
2024-03-09,30,"Honeycutt School","Ozone","Cumberland",35.0023035275774,-78.9916923423935
2024-03-10,42,"Honeycutt School","Ozone","Cumberland",35.0023035275774,-78.9916923423935
2024-03-11,44,"Honeycutt School","Ozone","Cumberland",35.0023035275774,-78.9916923423935
2024-03-12,54,"Honeycutt School","Ozone","Cumberland",35.0023035275774,-78.9916923423935
2024-03-13,54,"Honeycutt School","Ozone","Cumberland",35.0023035275774,-78.9916923423935
2024-03-14,90,"Honeycutt School","Ozone","Cumberland",35.0023035275774,-78.9916923423935
2024-03-15,48,"Honeycutt School","Ozone","Cumberland",35.0023035275774,-78.9916923423935
2024-03-16,39,"Honeycutt School","Ozone","Cumberland",35.0023035275774,-78.9916923423935
2024-03-17,43,"Honeycutt School","Ozone","Cumberland",35.0023035275774,-78.9916923423935
2024-03-18,44,"Honeycutt School","Ozone","Cumberland",35.0023035275774,-78.9916923423935
2024-03-19,40,"Honeycutt School","Ozone","Cumberland",35.0023035275774,-78.9916923423935
2024-03-20,51,"Honeycutt School","Ozone","Cumberland",35.0023035275774,-78.9916923423935
2024-03-21,46,"Honeycutt School","Ozone","Cumberland",35.0023035275774,-78.9916923423935
2024-03-22,35,"Honeycutt School","Ozone","Cumberland",35.0023035275774,-78.9916923423935
2024-03-23,35,"Honeycutt School","Ozone","Cumberland",35.0023035275774,-78.9916923423935
2024-03-24,44,"Honeycutt School","Ozone","Cumberland",35.0023035275774,-78.9916923423935
2024-03-25,46,"Honeycutt School","Ozone","Cumberland",35.0023035275774,-78.9916923423935
2024-03-26,41,"Honeycutt School","Ozone","Cumberland",35.0023035275774,-78.9916923423935
2024-03-27,31,"Honeycutt School","Ozone","Cumberland",35.0023035275774,-78.9916923423935
2024-03-28,28,"Honeycutt School","Ozone","Cumberland",35.0023035275774,-78.9916923423935
2024-03-29,50,"Honeycutt School","Ozone","Cumberland",35.0023035275774,-78.9916923423935
2024-03-30,67,"Honeycutt School","Ozone","Cumberland",35.0023035275774,-78.9916923423935
2024-03-31,61,"Honeycutt School","Ozone","Cumberland",35.0023035275774,-78.9916923423935
2024-04-01,46,"Honeycutt School","Ozone","Cumberland",35.0023035275774,-78.9916923423935
2024-04-02,44,"Honeycutt School","Ozone","Cumberland",35.0023035275774,-78.9916923423935
2024-04-03,42,"Honeycutt School","Ozone","Cumberland",35.0023035275774,-78.9916923423935
2024-04-04,42,"Honeycutt School","Ozone","Cumberland",35.0023035275774,-78.9916923423935
2024-04-05,44,"Honeycutt School","Ozone","Cumberland",35.0023035275774,-78.9916923423935
2024-04-06,44,"Honeycutt School","Ozone","Cumberland",35.0023035275774,-78.9916923423935
2024-04-07,44,"Honeycutt School","Ozone","Cumberland",35.0023035275774,-78.9916923423935
2024-04-08,48,"Honeycutt School","Ozone","Cumberland",35.0023035275774,-78.9916923423935
2024-04-09,44,"Honeycutt School","Ozone","Cumberland",35.0023035275774,-78.9916923423935
2024-04-10,44,"Honeycutt School","Ozone","Cumberland",35.0023035275774,-78.9916923423935
2024-04-11,40,"Honeycutt School","Ozone","Cumberland",35.0023035275774,-78.9916923423935
2024-04-12,48,"Honeycutt School","Ozone","Cumberland",35.0023035275774,-78.9916923423935
2024-04-13,48,"Honeycutt School","Ozone","Cumberland",35.0023035275774,-78.9916923423935
2024-04-14,61,"Honeycutt School","Ozone","Cumberland",35.0023035275774,-78.9916923423935
2024-04-15,74,"Honeycutt School","Ozone","Cumberland",35.0023035275774,-78.9916923423935
2024-04-16,90,"Honeycutt School","Ozone","Cumberland",35.0023035275774,-78.9916923423935
2024-04-17,51,"Honeycutt School","Ozone","Cumberland",35.0023035275774,-78.9916923423935
2024-04-18,47,"Honeycutt School","Ozone","Cumberland",35.0023035275774,-78.9916923423935
2024-04-19,35,"Honeycutt School","Ozone","Cumberland",35.0023035275774,-78.9916923423935
2024-04-20,37,"Honeycutt School","Ozone","Cumberland",35.0023035275774,-78.9916923423935
2024-04-21,34,"Honeycutt School","Ozone","Cumberland",35.0023035275774,-78.9916923423935
2024-04-22,42,"Honeycutt School","Ozone","Cumberland",35.0023035275774,-78.9916923423935
2024-04-23,51,"Honeycutt School","Ozone","Cumberland",35.0023035275774,-78.9916923423935
2024-04-24,47,"Honeycutt School","Ozone","Cumberland",35.0023035275774,-78.9916923423935
2024-04-25,64,"Honeycutt School","Ozone","Cumberland",35.0023035275774,-78.9916923423935
2024-04-26,44,"Honeycutt School","Ozone","Cumberland",35.0023035275774,-78.9916923423935
2024-04-27,47,"Honeycutt School","Ozone","Cumberland",35.0023035275774,-78.9916923423935
2024-04-28,47,"Honeycutt School","Ozone","Cumberland",35.0023035275774,-78.9916923423935
2024-04-29,50,"Honeycutt School","Ozone","Cumberland",35.0023035275774,-78.9916923423935
2024-04-30,44,"Honeycutt School","Ozone","Cumberland",35.0023035275774,-78.9916923423935
2024-05-01,48,"Honeycutt School","Ozone","Cumberland",35.0023035275774,-78.9916923423935
2024-05-02,64,"Honeycutt School","Ozone","Cumberland",35.0023035275774,-78.9916923423935
2024-05-03,54,"Honeycutt School","Ozone","Cumberland",35.0023035275774,-78.9916923423935
2024-05-04,32,"Honeycutt School","Ozone","Cumberland",35.0023035275774,-78.9916923423935
2024-05-05,30,"Honeycutt School","Ozone","Cumberland",35.0023035275774,-78.9916923423935
2024-05-06,34,"Honeycutt School","Ozone","Cumberland",35.0023035275774,-78.9916923423935
2024-05-07,39,"Honeycutt School","Ozone","Cumberland",35.0023035275774,-78.9916923423935
2024-05-08,39,"Honeycutt School","Ozone","Cumberland",35.0023035275774,-78.9916923423935
2024-05-09,43,"Honeycutt School","Ozone","Cumberland",35.0023035275774,-78.9916923423935
2024-05-10,42,"Honeycutt School","Ozone","Cumberland",35.0023035275774,-78.9916923423935
2024-05-11,44,"Honeycutt School","Ozone","Cumberland",35.0023035275774,-78.9916923423935
2024-05-12,49,"Honeycutt School","Ozone","Cumberland",35.0023035275774,-78.9916923423935
2024-05-13,48,"Honeycutt School","Ozone","Cumberland",35.0023035275774,-78.9916923423935
2024-05-14,36,"Honeycutt School","Ozone","Cumberland",35.0023035275774,-78.9916923423935
2024-05-15,33,"Honeycutt School","Ozone","Cumberland",35.0023035275774,-78.9916923423935
2024-05-16,40,"Honeycutt School","Ozone","Cumberland",35.0023035275774,-78.9916923423935
2024-05-17,46,"Honeycutt School","Ozone","Cumberland",35.0023035275774,-78.9916923423935
2024-05-18,38,"Honeycutt School","Ozone","Cumberland",35.0023035275774,-78.9916923423935
2024-05-19,32,"Honeycutt School","Ozone","Cumberland",35.0023035275774,-78.9916923423935
2024-05-20,40,"Honeycutt School","Ozone","Cumberland",35.0023035275774,-78.9916923423935
2024-05-22,50,"Honeycutt School","Ozone","Cumberland",35.0023035275774,-78.9916923423935
2024-05-23,46,"Honeycutt School","Ozone","Cumberland",35.0023035275774,-78.9916923423935
2024-05-24,44,"Honeycutt School","Ozone","Cumberland",35.0023035275774,-78.9916923423935
2024-05-25,50,"Honeycutt School","Ozone","Cumberland",35.0023035275774,-78.9916923423935
2024-05-26,58,"Honeycutt School","Ozone","Cumberland",35.0023035275774,-78.9916923423935
2024-05-27,41,"Honeycutt School","Ozone","Cumberland",35.0023035275774,-78.9916923423935
2024-05-28,49,"Honeycutt School","Ozone","Cumberland",35.0023035275774,-78.9916923423935
2024-05-29,61,"Honeycutt School","Ozone","Cumberland",35.0023035275774,-78.9916923423935
2024-05-30,48,"Honeycutt School","Ozone","Cumberland",35.0023035275774,-78.9916923423935
2024-05-31,64,"Honeycutt School","Ozone","Cumberland",35.0023035275774,-78.9916923423935
2024-06-01,61,"Honeycutt School","Ozone","Cumberland",35.0023035275774,-78.9916923423935
2024-06-02,51,"Honeycutt School","Ozone","Cumberland",35.0023035275774,-78.9916923423935
2024-06-03,44,"Honeycutt School","Ozone","Cumberland",35.0023035275774,-78.9916923423935
2024-06-04,46,"Honeycutt School","Ozone","Cumberland",35.0023035275774,-78.9916923423935
2024-06-05,39,"Honeycutt School","Ozone","Cumberland",35.0023035275774,-78.9916923423935
2024-06-06,40,"Honeycutt School","Ozone","Cumberland",35.0023035275774,-78.9916923423935
2024-06-07,67,"Honeycutt School","Ozone","Cumberland",35.0023035275774,-78.9916923423935
2024-06-08,84,"Honeycutt School","Ozone","Cumberland",35.0023035275774,-78.9916923423935
2024-06-09,50,"Honeycutt School","Ozone","Cumberland",35.0023035275774,-78.9916923423935
2024-06-10,51,"Honeycutt School","Ozone","Cumberland",35.0023035275774,-78.9916923423935
2024-06-11,64,"Honeycutt School","Ozone","Cumberland",35.0023035275774,-78.9916923423935
2024-06-12,64,"Honeycutt School","Ozone","Cumberland",35.0023035275774,-78.9916923423935
2024-06-13,58,"Honeycutt School","Ozone","Cumberland",35.0023035275774,-78.9916923423935
2024-06-14,67,"Honeycutt School","Ozone","Cumberland",35.0023035275774,-78.9916923423935
2024-06-15,74,"Honeycutt School","Ozone","Cumberland",35.0023035275774,-78.9916923423935
2024-06-16,58,"Honeycutt School","Ozone","Cumberland",35.0023035275774,-78.9916923423935
2024-06-17,47,"Honeycutt School","Ozone","Cumberland",35.0023035275774,-78.9916923423935
2024-06-18,46,"Honeycutt School","Ozone","Cumberland",35.0023035275774,-78.9916923423935
2024-06-19,45,"Honeycutt School","Ozone","Cumberland",35.0023035275774,-78.9916923423935
2024-06-20,41,"Honeycutt School","Ozone","Cumberland",35.0023035275774,-78.9916923423935
2024-06-21,42,"Honeycutt School","Ozone","Cumberland",35.0023035275774,-78.9916923423935
2024-06-22,29,"Honeycutt School","Ozone","Cumberland",35.0023035275774,-78.9916923423935
2024-06-23,31,"Honeycutt School","Ozone","Cumberland",35.0023035275774,-78.9916923423935
2024-06-24,45,"Honeycutt School","Ozone","Cumberland",35.0023035275774,-78.9916923423935
2024-06-25,50,"Honeycutt School","Ozone","Cumberland",35.0023035275774,-78.9916923423935
2024-06-26,54,"Honeycutt School","Ozone","Cumberland",35.0023035275774,-78.9916923423935
2024-06-27,48,"Honeycutt School","Ozone","Cumberland",35.0023035275774,-78.9916923423935
2024-06-28,74,"Honeycutt School","Ozone","Cumberland",35.0023035275774,-78.9916923423935
2024-06-29,45,"Honeycutt School","Ozone","Cumberland",35.0023035275774,-78.9916923423935
2024-06-30,36,"Honeycutt School","Ozone","Cumberland",35.0023035275774,-78.9916923423935
2024-07-01,41,"Honeycutt School","Ozone","Cumberland",35.0023035275774,-78.9916923423935
2024-07-02,74,"Honeycutt School","Ozone","Cumberland",35.0023035275774,-78.9916923423935
2024-07-03,74,"Honeycutt School","Ozone","Cumberland",35.0023035275774,-78.9916923423935
2024-07-04,46,"Honeycutt School","Ozone","Cumberland",35.0023035275774,-78.9916923423935
2024-07-05,41,"Honeycutt School","Ozone","Cumberland",35.0023035275774,-78.9916923423935
2024-07-06,39,"Honeycutt School","Ozone","Cumberland",35.0023035275774,-78.9916923423935
2024-07-07,41,"Honeycutt School","Ozone","Cumberland",35.0023035275774,-78.9916923423935
2024-07-08,44,"Honeycutt School","Ozone","Cumberland",35.0023035275774,-78.9916923423935
2024-07-09,41,"Honeycutt School","Ozone","Cumberland",35.0023035275774,-78.9916923423935
2024-07-10,39,"Honeycutt School","Ozone","Cumberland",35.0023035275774,-78.9916923423935
2024-07-11,50,"Honeycutt School","Ozone","Cumberland",35.0023035275774,-78.9916923423935
2024-07-12,28,"Honeycutt School","Ozone","Cumberland",35.0023035275774,-78.9916923423935
2024-07-13,37,"Honeycutt School","Ozone","Cumberland",35.0023035275774,-78.9916923423935
2024-07-14,58,"Honeycutt School","Ozone","Cumberland",35.0023035275774,-78.9916923423935
2024-07-15,61,"Honeycutt School","Ozone","Cumberland",35.0023035275774,-78.9916923423935
2024-07-16,54,"Honeycutt School","Ozone","Cumberland",35.0023035275774,-78.9916923423935
2024-07-17,42,"Honeycutt School","Ozone","Cumberland",35.0023035275774,-78.9916923423935
2024-07-18,44,"Honeycutt School","Ozone","Cumberland",35.0023035275774,-78.9916923423935
2024-07-19,43,"Honeycutt School","Ozone","Cumberland",35.0023035275774,-78.9916923423935
2024-07-20,35,"Honeycutt School","Ozone","Cumberland",35.0023035275774,-78.9916923423935
2024-07-22,29,"Honeycutt School","Ozone","Cumberland",35.0023035275774,-78.9916923423935
2024-07-23,33,"Honeycutt School","Ozone","Cumberland",35.0023035275774,-78.9916923423935
2024-07-24,31,"Honeycutt School","Ozone","Cumberland",35.0023035275774,-78.9916923423935
2024-07-25,29,"Honeycutt School","Ozone","Cumberland",35.0023035275774,-78.9916923423935
2024-07-26,24,"Honeycutt School","Ozone","Cumberland",35.0023035275774,-78.9916923423935
2024-07-27,46,"Honeycutt School","Ozone","Cumberland",35.0023035275774,-78.9916923423935
2024-07-28,50,"Honeycutt School","Ozone","Cumberland",35.0023035275774,-78.9916923423935
2024-07-29,37,"Honeycutt School","Ozone","Cumberland",35.0023035275774,-78.9916923423935
2024-07-30,35,"Honeycutt School","Ozone","Cumberland",35.0023035275774,-78.9916923423935
2024-07-31,48,"Honeycutt School","Ozone","Cumberland",35.0023035275774,-78.9916923423935
2024-08-01,44,"Honeycutt School","Ozone","Cumberland",35.0023035275774,-78.9916923423935
2024-08-02,35,"Honeycutt School","Ozone","Cumberland",35.0023035275774,-78.9916923423935
2024-08-03,35,"Honeycutt School","Ozone","Cumberland",35.0023035275774,-78.9916923423935
2024-08-04,31,"Honeycutt School","Ozone","Cumberland",35.0023035275774,-78.9916923423935
2024-08-05,21,"Honeycutt School","Ozone","Cumberland",35.0023035275774,-78.9916923423935
2024-08-06,18,"Honeycutt School","Ozone","Cumberland",35.0023035275774,-78.9916923423935
2024-08-07,33,"Honeycutt School","Ozone","Cumberland",35.0023035275774,-78.9916923423935
2024-08-08,30,"Honeycutt School","Ozone","Cumberland",35.0023035275774,-78.9916923423935
2024-08-09,35,"Honeycutt School","Ozone","Cumberland",35.0023035275774,-78.9916923423935
2024-08-10,37,"Honeycutt School","Ozone","Cumberland",35.0023035275774,-78.9916923423935
2024-08-11,39,"Honeycutt School","Ozone","Cumberland",35.0023035275774,-78.9916923423935
2024-08-12,36,"Honeycutt School","Ozone","Cumberland",35.0023035275774,-78.9916923423935
2024-08-13,39,"Honeycutt School","Ozone","Cumberland",35.0023035275774,-78.9916923423935
2024-08-14,49,"Honeycutt School","Ozone","Cumberland",35.0023035275774,-78.9916923423935
2024-08-15,48,"Honeycutt School","Ozone","Cumberland",35.0023035275774,-78.9916923423935
2024-08-16,51,"Honeycutt School","Ozone","Cumberland",35.0023035275774,-78.9916923423935
2024-08-17,44,"Honeycutt School","Ozone","Cumberland",35.0023035275774,-78.9916923423935
2024-08-18,43,"Honeycutt School","Ozone","Cumberland",35.0023035275774,-78.9916923423935
2024-08-19,41,"Honeycutt School","Ozone","Cumberland",35.0023035275774,-78.9916923423935
2024-08-20,38,"Honeycutt School","Ozone","Cumberland",35.0023035275774,-78.9916923423935
2024-08-21,46,"Honeycutt School","Ozone","Cumberland",35.0023035275774,-78.9916923423935
2024-08-22,44,"Honeycutt School","Ozone","Cumberland",35.0023035275774,-78.9916923423935
2024-08-23,46,"Honeycutt School","Ozone","Cumberland",35.0023035275774,-78.9916923423935
2024-08-24,44,"Honeycutt School","Ozone","Cumberland",35.0023035275774,-78.9916923423935
2024-08-25,44,"Honeycutt School","Ozone","Cumberland",35.0023035275774,-78.9916923423935
2024-08-26,48,"Honeycutt School","Ozone","Cumberland",35.0023035275774,-78.9916923423935
2024-08-27,48,"Honeycutt School","Ozone","Cumberland",35.0023035275774,-78.9916923423935
2024-08-28,43,"Honeycutt School","Ozone","Cumberland",35.0023035275774,-78.9916923423935
2024-08-29,48,"Honeycutt School","Ozone","Cumberland",35.0023035275774,-78.9916923423935
2024-08-30,39,"Honeycutt School","Ozone","Cumberland",35.0023035275774,-78.9916923423935
2024-08-31,45,"Honeycutt School","Ozone","Cumberland",35.0023035275774,-78.9916923423935
2024-09-01,33,"Honeycutt School","Ozone","Cumberland",35.0023035275774,-78.9916923423935
2024-09-02,33,"Honeycutt School","Ozone","Cumberland",35.0023035275774,-78.9916923423935
2024-09-03,38,"Honeycutt School","Ozone","Cumberland",35.0023035275774,-78.9916923423935
2024-09-04,36,"Honeycutt School","Ozone","Cumberland",35.0023035275774,-78.9916923423935
2024-09-05,35,"Honeycutt School","Ozone","Cumberland",35.0023035275774,-78.9916923423935
2024-09-06,41,"Honeycutt School","Ozone","Cumberland",35.0023035275774,-78.9916923423935
2024-09-07,33,"Honeycutt School","Ozone","Cumberland",35.0023035275774,-78.9916923423935
2024-09-08,34,"Honeycutt School","Ozone","Cumberland",35.0023035275774,-78.9916923423935
2024-09-09,39,"Honeycutt School","Ozone","Cumberland",35.0023035275774,-78.9916923423935
2024-09-10,47,"Honeycutt School","Ozone","Cumberland",35.0023035275774,-78.9916923423935
2024-09-11,43,"Honeycutt School","Ozone","Cumberland",35.0023035275774,-78.9916923423935
2024-09-12,43,"Honeycutt School","Ozone","Cumberland",35.0023035275774,-78.9916923423935
2024-09-13,30,"Honeycutt School","Ozone","Cumberland",35.0023035275774,-78.9916923423935
2024-09-14,33,"Honeycutt School","Ozone","Cumberland",35.0023035275774,-78.9916923423935
2024-09-15,30,"Honeycutt School","Ozone","Cumberland",35.0023035275774,-78.9916923423935
2024-09-16,31,"Honeycutt School","Ozone","Cumberland",35.0023035275774,-78.9916923423935
2024-09-17,31,"Honeycutt School","Ozone","Cumberland",35.0023035275774,-78.9916923423935
2024-09-18,41,"Honeycutt School","Ozone","Cumberland",35.0023035275774,-78.9916923423935
2024-09-19,29,"Honeycutt School","Ozone","Cumberland",35.0023035275774,-78.9916923423935
2024-09-20,38,"Honeycutt School","Ozone","Cumberland",35.0023035275774,-78.9916923423935
2024-09-21,47,"Honeycutt School","Ozone","Cumberland",35.0023035275774,-78.9916923423935
2024-09-22,41,"Honeycutt School","Ozone","Cumberland",35.0023035275774,-78.9916923423935
2024-09-23,34,"Honeycutt School","Ozone","Cumberland",35.0023035275774,-78.9916923423935
2024-09-24,40,"Honeycutt School","Ozone","Cumberland",35.0023035275774,-78.9916923423935
2024-09-25,39,"Honeycutt School","Ozone","Cumberland",35.0023035275774,-78.9916923423935
2024-09-26,22,"Honeycutt School","Ozone","Cumberland",35.0023035275774,-78.9916923423935
2024-09-27,30,"Honeycutt School","Ozone","Cumberland",35.0023035275774,-78.9916923423935
2024-09-28,46,"Honeycutt School","Ozone","Cumberland",35.0023035275774,-78.9916923423935
2024-09-29,36,"Honeycutt School","Ozone","Cumberland",35.0023035275774,-78.9916923423935
2024-09-30,37,"Honeycutt School","Ozone","Cumberland",35.0023035275774,-78.9916923423935
2024-10-01,22,"Honeycutt School","Ozone","Cumberland",35.0023035275774,-78.9916923423935
2024-10-02,31,"Honeycutt School","Ozone","Cumberland",35.0023035275774,-78.9916923423935
2024-10-03,34,"Honeycutt School","Ozone","Cumberland",35.0023035275774,-78.9916923423935
2024-10-04,38,"Honeycutt School","Ozone","Cumberland",35.0023035275774,-78.9916923423935
2024-10-05,43,"Honeycutt School","Ozone","Cumberland",35.0023035275774,-78.9916923423935
2024-10-06,46,"Honeycutt School","Ozone","Cumberland",35.0023035275774,-78.9916923423935
2024-10-07,44,"Honeycutt School","Ozone","Cumberland",35.0023035275774,-78.9916923423935
2024-10-08,39,"Honeycutt School","Ozone","Cumberland",35.0023035275774,-78.9916923423935
2024-10-09,40,"Honeycutt School","Ozone","Cumberland",35.0023035275774,-78.9916923423935
2024-10-10,37,"Honeycutt School","Ozone","Cumberland",35.0023035275774,-78.9916923423935
2024-10-11,31,"Honeycutt School","Ozone","Cumberland",35.0023035275774,-78.9916923423935
2024-10-12,44,"Honeycutt School","Ozone","Cumberland",35.0023035275774,-78.9916923423935
2024-10-13,58,"Honeycutt School","Ozone","Cumberland",35.0023035275774,-78.9916923423935
2024-10-14,46,"Honeycutt School","Ozone","Cumberland",35.0023035275774,-78.9916923423935
2024-10-15,33,"Honeycutt School","Ozone","Cumberland",35.0023035275774,-78.9916923423935
2024-10-16,29,"Honeycutt School","Ozone","Cumberland",35.0023035275774,-78.9916923423935
2024-10-17,33,"Honeycutt School","Ozone","Cumberland",35.0023035275774,-78.9916923423935
2024-10-18,38,"Honeycutt School","Ozone","Cumberland",35.0023035275774,-78.9916923423935
2024-10-19,42,"Honeycutt School","Ozone","Cumberland",35.0023035275774,-78.9916923423935
2024-10-20,40,"Honeycutt School","Ozone","Cumberland",35.0023035275774,-78.9916923423935
2024-10-21,48,"Honeycutt School","Ozone","Cumberland",35.0023035275774,-78.9916923423935
2024-10-22,50,"Honeycutt School","Ozone","Cumberland",35.0023035275774,-78.9916923423935
2024-10-23,44,"Honeycutt School","Ozone","Cumberland",35.0023035275774,-78.9916923423935
2024-10-24,49,"Honeycutt School","Ozone","Cumberland",35.0023035275774,-78.9916923423935
2024-10-25,48,"Honeycutt School","Ozone","Cumberland",35.0023035275774,-78.9916923423935
2024-10-26,45,"Honeycutt School","Ozone","Cumberland",35.0023035275774,-78.9916923423935
2024-10-27,33,"Honeycutt School","Ozone","Cumberland",35.0023035275774,-78.9916923423935
2024-10-28,40,"Honeycutt School","Ozone","Cumberland",35.0023035275774,-78.9916923423935
2024-10-29,36,"Honeycutt School","Ozone","Cumberland",35.0023035275774,-78.9916923423935
2024-10-30,40,"Honeycutt School","Ozone","Cumberland",35.0023035275774,-78.9916923423935
2024-10-31,39,"Honeycutt School","Ozone","Cumberland",35.0023035275774,-78.9916923423935
2024-03-01,36,"Wade School","Ozone","Cumberland",35.1487,-78.7068
2024-03-02,31,"Wade School","Ozone","Cumberland",35.1487,-78.7068
2024-03-03,27,"Wade School","Ozone","Cumberland",35.1487,-78.7068
2024-03-04,37,"Wade School","Ozone","Cumberland",35.1487,-78.7068
2024-03-05,36,"Wade School","Ozone","Cumberland",35.1487,-78.7068
2024-03-06,25,"Wade School","Ozone","Cumberland",35.1487,-78.7068
2024-03-07,43,"Wade School","Ozone","Cumberland",35.1487,-78.7068
2024-03-08,37,"Wade School","Ozone","Cumberland",35.1487,-78.7068
2024-03-09,29,"Wade School","Ozone","Cumberland",35.1487,-78.7068
2024-03-10,43,"Wade School","Ozone","Cumberland",35.1487,-78.7068
2024-03-11,44,"Wade School","Ozone","Cumberland",35.1487,-78.7068
2024-03-12,54,"Wade School","Ozone","Cumberland",35.1487,-78.7068
2024-03-13,64,"Wade School","Ozone","Cumberland",35.1487,-78.7068
2024-03-14,87,"Wade School","Ozone","Cumberland",35.1487,-78.7068
2024-03-15,50,"Wade School","Ozone","Cumberland",35.1487,-78.7068
2024-03-16,40,"Wade School","Ozone","Cumberland",35.1487,-78.7068
2024-03-17,44,"Wade School","Ozone","Cumberland",35.1487,-78.7068
2024-03-18,46,"Wade School","Ozone","Cumberland",35.1487,-78.7068
2024-03-19,40,"Wade School","Ozone","Cumberland",35.1487,-78.7068
2024-03-20,58,"Wade School","Ozone","Cumberland",35.1487,-78.7068
2024-03-21,46,"Wade School","Ozone","Cumberland",35.1487,-78.7068
2024-03-22,39,"Wade School","Ozone","Cumberland",35.1487,-78.7068
2024-03-23,35,"Wade School","Ozone","Cumberland",35.1487,-78.7068
2024-03-24,45,"Wade School","Ozone","Cumberland",35.1487,-78.7068
2024-03-25,46,"Wade School","Ozone","Cumberland",35.1487,-78.7068
2024-03-26,42,"Wade School","Ozone","Cumberland",35.1487,-78.7068
2024-03-27,25,"Wade School","Ozone","Cumberland",35.1487,-78.7068
2024-03-28,26,"Wade School","Ozone","Cumberland",35.1487,-78.7068
2024-03-29,51,"Wade School","Ozone","Cumberland",35.1487,-78.7068
2024-03-30,67,"Wade School","Ozone","Cumberland",35.1487,-78.7068
2024-03-31,61,"Wade School","Ozone","Cumberland",35.1487,-78.7068
2024-04-01,46,"Wade School","Ozone","Cumberland",35.1487,-78.7068
2024-04-02,44,"Wade School","Ozone","Cumberland",35.1487,-78.7068
2024-04-03,40,"Wade School","Ozone","Cumberland",35.1487,-78.7068
2024-04-04,42,"Wade School","Ozone","Cumberland",35.1487,-78.7068
2024-04-05,44,"Wade School","Ozone","Cumberland",35.1487,-78.7068
2024-04-06,43,"Wade School","Ozone","Cumberland",35.1487,-78.7068
2024-04-07,45,"Wade School","Ozone","Cumberland",35.1487,-78.7068
2024-04-08,49,"Wade School","Ozone","Cumberland",35.1487,-78.7068
2024-04-09,44,"Wade School","Ozone","Cumberland",35.1487,-78.7068
2024-04-10,43,"Wade School","Ozone","Cumberland",35.1487,-78.7068
2024-04-11,38,"Wade School","Ozone","Cumberland",35.1487,-78.7068
2024-04-12,48,"Wade School","Ozone","Cumberland",35.1487,-78.7068
2024-04-13,47,"Wade School","Ozone","Cumberland",35.1487,-78.7068
2024-04-14,58,"Wade School","Ozone","Cumberland",35.1487,-78.7068
2024-04-15,71,"Wade School","Ozone","Cumberland",35.1487,-78.7068
2024-04-16,74,"Wade School","Ozone","Cumberland",35.1487,-78.7068
2024-04-17,48,"Wade School","Ozone","Cumberland",35.1487,-78.7068
2024-04-18,48,"Wade School","Ozone","Cumberland",35.1487,-78.7068
2024-04-19,36,"Wade School","Ozone","Cumberland",35.1487,-78.7068
2024-04-20,33,"Wade School","Ozone","Cumberland",35.1487,-78.7068
2024-04-21,31,"Wade School","Ozone","Cumberland",35.1487,-78.7068
2024-04-22,43,"Wade School","Ozone","Cumberland",35.1487,-78.7068
2024-04-23,50,"Wade School","Ozone","Cumberland",35.1487,-78.7068
2024-04-24,46,"Wade School","Ozone","Cumberland",35.1487,-78.7068
2024-04-25,61,"Wade School","Ozone","Cumberland",35.1487,-78.7068
2024-04-26,43,"Wade School","Ozone","Cumberland",35.1487,-78.7068
2024-04-27,45,"Wade School","Ozone","Cumberland",35.1487,-78.7068
2024-04-28,45,"Wade School","Ozone","Cumberland",35.1487,-78.7068
2024-04-29,49,"Wade School","Ozone","Cumberland",35.1487,-78.7068
2024-04-30,44,"Wade School","Ozone","Cumberland",35.1487,-78.7068
2024-05-01,47,"Wade School","Ozone","Cumberland",35.1487,-78.7068
2024-05-02,58,"Wade School","Ozone","Cumberland",35.1487,-78.7068
2024-05-03,49,"Wade School","Ozone","Cumberland",35.1487,-78.7068
2024-05-04,31,"Wade School","Ozone","Cumberland",35.1487,-78.7068
2024-05-05,27,"Wade School","Ozone","Cumberland",35.1487,-78.7068
2024-05-06,34,"Wade School","Ozone","Cumberland",35.1487,-78.7068
2024-05-07,40,"Wade School","Ozone","Cumberland",35.1487,-78.7068
2024-05-08,38,"Wade School","Ozone","Cumberland",35.1487,-78.7068
2024-05-09,42,"Wade School","Ozone","Cumberland",35.1487,-78.7068
2024-05-10,38,"Wade School","Ozone","Cumberland",35.1487,-78.7068
2024-05-11,42,"Wade School","Ozone","Cumberland",35.1487,-78.7068
2024-05-12,48,"Wade School","Ozone","Cumberland",35.1487,-78.7068
2024-05-13,44,"Wade School","Ozone","Cumberland",35.1487,-78.7068
2024-05-14,35,"Wade School","Ozone","Cumberland",35.1487,-78.7068
2024-05-15,27,"Wade School","Ozone","Cumberland",35.1487,-78.7068
2024-05-16,39,"Wade School","Ozone","Cumberland",35.1487,-78.7068
2024-05-17,44,"Wade School","Ozone","Cumberland",35.1487,-78.7068
2024-05-18,37,"Wade School","Ozone","Cumberland",35.1487,-78.7068
2024-05-19,33,"Wade School","Ozone","Cumberland",35.1487,-78.7068
2024-05-20,40,"Wade School","Ozone","Cumberland",35.1487,-78.7068
2024-05-21,43,"Wade School","Ozone","Cumberland",35.1487,-78.7068
2024-05-22,46,"Wade School","Ozone","Cumberland",35.1487,-78.7068
2024-05-23,46,"Wade School","Ozone","Cumberland",35.1487,-78.7068
2024-05-24,41,"Wade School","Ozone","Cumberland",35.1487,-78.7068
2024-05-25,45,"Wade School","Ozone","Cumberland",35.1487,-78.7068
2024-05-26,48,"Wade School","Ozone","Cumberland",35.1487,-78.7068
2024-05-27,38,"Wade School","Ozone","Cumberland",35.1487,-78.7068
2024-05-28,46,"Wade School","Ozone","Cumberland",35.1487,-78.7068
2024-05-29,50,"Wade School","Ozone","Cumberland",35.1487,-78.7068
2024-05-30,46,"Wade School","Ozone","Cumberland",35.1487,-78.7068
2024-05-31,51,"Wade School","Ozone","Cumberland",35.1487,-78.7068
2024-06-01,51,"Wade School","Ozone","Cumberland",35.1487,-78.7068
2024-06-02,47,"Wade School","Ozone","Cumberland",35.1487,-78.7068
2024-06-03,43,"Wade School","Ozone","Cumberland",35.1487,-78.7068
2024-06-04,45,"Wade School","Ozone","Cumberland",35.1487,-78.7068
2024-06-05,36,"Wade School","Ozone","Cumberland",35.1487,-78.7068
2024-06-06,40,"Wade School","Ozone","Cumberland",35.1487,-78.7068
2024-06-07,64,"Wade School","Ozone","Cumberland",35.1487,-78.7068
2024-06-08,87,"Wade School","Ozone","Cumberland",35.1487,-78.7068
2024-06-09,48,"Wade School","Ozone","Cumberland",35.1487,-78.7068
2024-06-10,54,"Wade School","Ozone","Cumberland",35.1487,-78.7068
2024-06-11,61,"Wade School","Ozone","Cumberland",35.1487,-78.7068
2024-06-12,64,"Wade School","Ozone","Cumberland",35.1487,-78.7068
2024-06-13,51,"Wade School","Ozone","Cumberland",35.1487,-78.7068
2024-06-14,61,"Wade School","Ozone","Cumberland",35.1487,-78.7068
2024-06-15,77,"Wade School","Ozone","Cumberland",35.1487,-78.7068
2024-06-16,58,"Wade School","Ozone","Cumberland",35.1487,-78.7068
2024-06-17,48,"Wade School","Ozone","Cumberland",35.1487,-78.7068
2024-06-18,45,"Wade School","Ozone","Cumberland",35.1487,-78.7068
2024-06-19,44,"Wade School","Ozone","Cumberland",35.1487,-78.7068
2024-06-20,41,"Wade School","Ozone","Cumberland",35.1487,-78.7068
2024-06-21,39,"Wade School","Ozone","Cumberland",35.1487,-78.7068
2024-06-22,29,"Wade School","Ozone","Cumberland",35.1487,-78.7068
2024-06-23,31,"Wade School","Ozone","Cumberland",35.1487,-78.7068
2024-06-24,51,"Wade School","Ozone","Cumberland",35.1487,-78.7068
2024-06-25,67,"Wade School","Ozone","Cumberland",35.1487,-78.7068
2024-06-26,51,"Wade School","Ozone","Cumberland",35.1487,-78.7068
2024-06-27,54,"Wade School","Ozone","Cumberland",35.1487,-78.7068
2024-06-28,61,"Wade School","Ozone","Cumberland",35.1487,-78.7068
2024-06-29,40,"Wade School","Ozone","Cumberland",35.1487,-78.7068
2024-06-30,32,"Wade School","Ozone","Cumberland",35.1487,-78.7068
2024-07-01,41,"Wade School","Ozone","Cumberland",35.1487,-78.7068
2024-07-02,71,"Wade School","Ozone","Cumberland",35.1487,-78.7068
2024-07-03,64,"Wade School","Ozone","Cumberland",35.1487,-78.7068
2024-07-04,48,"Wade School","Ozone","Cumberland",35.1487,-78.7068
2024-07-05,39,"Wade School","Ozone","Cumberland",35.1487,-78.7068
2024-07-06,39,"Wade School","Ozone","Cumberland",35.1487,-78.7068
2024-07-07,37,"Wade School","Ozone","Cumberland",35.1487,-78.7068
2024-07-08,40,"Wade School","Ozone","Cumberland",35.1487,-78.7068
2024-07-09,33,"Wade School","Ozone","Cumberland",35.1487,-78.7068
2024-07-10,35,"Wade School","Ozone","Cumberland",35.1487,-78.7068
2024-07-11,44,"Wade School","Ozone","Cumberland",35.1487,-78.7068
2024-07-12,25,"Wade School","Ozone","Cumberland",35.1487,-78.7068
2024-07-13,35,"Wade School","Ozone","Cumberland",35.1487,-78.7068
2024-07-14,44,"Wade School","Ozone","Cumberland",35.1487,-78.7068
2024-07-15,50,"Wade School","Ozone","Cumberland",35.1487,-78.7068
2024-07-16,58,"Wade School","Ozone","Cumberland",35.1487,-78.7068
2024-07-17,42,"Wade School","Ozone","Cumberland",35.1487,-78.7068
2024-07-18,41,"Wade School","Ozone","Cumberland",35.1487,-78.7068
2024-07-19,40,"Wade School","Ozone","Cumberland",35.1487,-78.7068
2024-07-20,32,"Wade School","Ozone","Cumberland",35.1487,-78.7068
2024-07-21,29,"Wade School","Ozone","Cumberland",35.1487,-78.7068
2024-07-22,27,"Wade School","Ozone","Cumberland",35.1487,-78.7068
2024-07-23,30,"Wade School","Ozone","Cumberland",35.1487,-78.7068
2024-07-24,29,"Wade School","Ozone","Cumberland",35.1487,-78.7068
2024-07-25,29,"Wade School","Ozone","Cumberland",35.1487,-78.7068
2024-07-26,22,"Wade School","Ozone","Cumberland",35.1487,-78.7068
2024-07-27,44,"Wade School","Ozone","Cumberland",35.1487,-78.7068
2024-07-28,48,"Wade School","Ozone","Cumberland",35.1487,-78.7068
2024-07-29,35,"Wade School","Ozone","Cumberland",35.1487,-78.7068
2024-07-30,34,"Wade School","Ozone","Cumberland",35.1487,-78.7068
2024-07-31,48,"Wade School","Ozone","Cumberland",35.1487,-78.7068
2024-08-01,47,"Wade School","Ozone","Cumberland",35.1487,-78.7068
2024-08-02,36,"Wade School","Ozone","Cumberland",35.1487,-78.7068
2024-08-03,34,"Wade School","Ozone","Cumberland",35.1487,-78.7068
2024-08-04,30,"Wade School","Ozone","Cumberland",35.1487,-78.7068
2024-08-05,20,"Wade School","Ozone","Cumberland",35.1487,-78.7068
2024-08-06,17,"Wade School","Ozone","Cumberland",35.1487,-78.7068
2024-08-07,31,"Wade School","Ozone","Cumberland",35.1487,-78.7068
2024-08-08,30,"Wade School","Ozone","Cumberland",35.1487,-78.7068
2024-08-09,31,"Wade School","Ozone","Cumberland",35.1487,-78.7068
2024-08-10,37,"Wade School","Ozone","Cumberland",35.1487,-78.7068
2024-08-11,31,"Wade School","Ozone","Cumberland",35.1487,-78.7068
2024-08-12,31,"Wade School","Ozone","Cumberland",35.1487,-78.7068
2024-08-13,36,"Wade School","Ozone","Cumberland",35.1487,-78.7068
2024-08-14,47,"Wade School","Ozone","Cumberland",35.1487,-78.7068
2024-08-15,45,"Wade School","Ozone","Cumberland",35.1487,-78.7068
2024-08-16,49,"Wade School","Ozone","Cumberland",35.1487,-78.7068
2024-08-17,44,"Wade School","Ozone","Cumberland",35.1487,-78.7068
2024-08-18,43,"Wade School","Ozone","Cumberland",35.1487,-78.7068
2024-08-19,39,"Wade School","Ozone","Cumberland",35.1487,-78.7068
2024-08-20,37,"Wade School","Ozone","Cumberland",35.1487,-78.7068
2024-08-21,44,"Wade School","Ozone","Cumberland",35.1487,-78.7068
2024-08-22,44,"Wade School","Ozone","Cumberland",35.1487,-78.7068
2024-08-23,45,"Wade School","Ozone","Cumberland",35.1487,-78.7068
2024-08-24,44,"Wade School","Ozone","Cumberland",35.1487,-78.7068
2024-08-25,44,"Wade School","Ozone","Cumberland",35.1487,-78.7068
2024-08-26,44,"Wade School","Ozone","Cumberland",35.1487,-78.7068
2024-08-27,54,"Wade School","Ozone","Cumberland",35.1487,-78.7068
2024-08-28,46,"Wade School","Ozone","Cumberland",35.1487,-78.7068
2024-08-29,50,"Wade School","Ozone","Cumberland",35.1487,-78.7068
2024-08-30,40,"Wade School","Ozone","Cumberland",35.1487,-78.7068
2024-08-31,43,"Wade School","Ozone","Cumberland",35.1487,-78.7068
2024-09-01,31,"Wade School","Ozone","Cumberland",35.1487,-78.7068
2024-09-02,31,"Wade School","Ozone","Cumberland",35.1487,-78.7068
2024-09-03,36,"Wade School","Ozone","Cumberland",35.1487,-78.7068
2024-09-04,35,"Wade School","Ozone","Cumberland",35.1487,-78.7068
2024-09-05,34,"Wade School","Ozone","Cumberland",35.1487,-78.7068
2024-09-06,39,"Wade School","Ozone","Cumberland",35.1487,-78.7068
2024-09-07,30,"Wade School","Ozone","Cumberland",35.1487,-78.7068
2024-09-08,32,"Wade School","Ozone","Cumberland",35.1487,-78.7068
2024-09-09,37,"Wade School","Ozone","Cumberland",35.1487,-78.7068
2024-09-10,45,"Wade School","Ozone","Cumberland",35.1487,-78.7068
2024-09-11,43,"Wade School","Ozone","Cumberland",35.1487,-78.7068
2024-09-12,43,"Wade School","Ozone","Cumberland",35.1487,-78.7068
2024-09-13,28,"Wade School","Ozone","Cumberland",35.1487,-78.7068
2024-09-14,32,"Wade School","Ozone","Cumberland",35.1487,-78.7068
2024-09-15,30,"Wade School","Ozone","Cumberland",35.1487,-78.7068
2024-09-16,31,"Wade School","Ozone","Cumberland",35.1487,-78.7068
2024-09-17,27,"Wade School","Ozone","Cumberland",35.1487,-78.7068
2024-09-18,38,"Wade School","Ozone","Cumberland",35.1487,-78.7068
2024-09-19,27,"Wade School","Ozone","Cumberland",35.1487,-78.7068
2024-09-20,38,"Wade School","Ozone","Cumberland",35.1487,-78.7068
2024-09-21,43,"Wade School","Ozone","Cumberland",35.1487,-78.7068
2024-09-22,40,"Wade School","Ozone","Cumberland",35.1487,-78.7068
2024-09-23,34,"Wade School","Ozone","Cumberland",35.1487,-78.7068
2024-09-24,35,"Wade School","Ozone","Cumberland",35.1487,-78.7068
2024-09-25,36,"Wade School","Ozone","Cumberland",35.1487,-78.7068
2024-09-26,20,"Wade School","Ozone","Cumberland",35.1487,-78.7068
2024-09-27,28,"Wade School","Ozone","Cumberland",35.1487,-78.7068
2024-09-28,44,"Wade School","Ozone","Cumberland",35.1487,-78.7068
2024-09-29,32,"Wade School","Ozone","Cumberland",35.1487,-78.7068
2024-09-30,32,"Wade School","Ozone","Cumberland",35.1487,-78.7068
2024-10-01,22,"Wade School","Ozone","Cumberland",35.1487,-78.7068
2024-10-02,30,"Wade School","Ozone","Cumberland",35.1487,-78.7068
2024-10-03,31,"Wade School","Ozone","Cumberland",35.1487,-78.7068
2024-10-04,36,"Wade School","Ozone","Cumberland",35.1487,-78.7068
2024-10-05,38,"Wade School","Ozone","Cumberland",35.1487,-78.7068
2024-10-06,46,"Wade School","Ozone","Cumberland",35.1487,-78.7068
2024-10-07,44,"Wade School","Ozone","Cumberland",35.1487,-78.7068
2024-10-08,39,"Wade School","Ozone","Cumberland",35.1487,-78.7068
2024-10-09,40,"Wade School","Ozone","Cumberland",35.1487,-78.7068
2024-10-10,35,"Wade School","Ozone","Cumberland",35.1487,-78.7068
2024-10-11,30,"Wade School","Ozone","Cumberland",35.1487,-78.7068
2024-10-12,42,"Wade School","Ozone","Cumberland",35.1487,-78.7068
2024-10-13,50,"Wade School","Ozone","Cumberland",35.1487,-78.7068
2024-10-14,44,"Wade School","Ozone","Cumberland",35.1487,-78.7068
2024-10-15,31,"Wade School","Ozone","Cumberland",35.1487,-78.7068
2024-10-16,26,"Wade School","Ozone","Cumberland",35.1487,-78.7068
2024-10-17,30,"Wade School","Ozone","Cumberland",35.1487,-78.7068
2024-10-18,34,"Wade School","Ozone","Cumberland",35.1487,-78.7068
2024-10-19,39,"Wade School","Ozone","Cumberland",35.1487,-78.7068
2024-10-20,39,"Wade School","Ozone","Cumberland",35.1487,-78.7068
2024-10-21,48,"Wade School","Ozone","Cumberland",35.1487,-78.7068
2024-10-22,47,"Wade School","Ozone","Cumberland",35.1487,-78.7068
2024-10-23,40,"Wade School","Ozone","Cumberland",35.1487,-78.7068
2024-10-24,47,"Wade School","Ozone","Cumberland",35.1487,-78.7068
2024-10-25,44,"Wade School","Ozone","Cumberland",35.1487,-78.7068
2024-10-26,41,"Wade School","Ozone","Cumberland",35.1487,-78.7068
2024-10-27,31,"Wade School","Ozone","Cumberland",35.1487,-78.7068
2024-10-28,38,"Wade School","Ozone","Cumberland",35.1487,-78.7068
2024-10-29,34,"Wade School","Ozone","Cumberland",35.1487,-78.7068
2024-10-30,34,"Wade School","Ozone","Cumberland",35.1487,-78.7068
2024-10-31,36,"Wade School","Ozone","Cumberland",35.1487,-78.7068
2024-03-01,31,"Durham Armory","Ozone","Durham",36.0329550008979,-78.904037
2024-03-02,28,"Durham Armory","Ozone","Durham",36.0329550008979,-78.904037
2024-03-03,29,"Durham Armory","Ozone","Durham",36.0329550008979,-78.904037
2024-03-04,37,"Durham Armory","Ozone","Durham",36.0329550008979,-78.904037
2024-03-05,29,"Durham Armory","Ozone","Durham",36.0329550008979,-78.904037
2024-03-06,25,"Durham Armory","Ozone","Durham",36.0329550008979,-78.904037
2024-03-07,36,"Durham Armory","Ozone","Durham",36.0329550008979,-78.904037
2024-03-08,35,"Durham Armory","Ozone","Durham",36.0329550008979,-78.904037
2024-03-09,27,"Durham Armory","Ozone","Durham",36.0329550008979,-78.904037
2024-03-10,41,"Durham Armory","Ozone","Durham",36.0329550008979,-78.904037
2024-03-11,42,"Durham Armory","Ozone","Durham",36.0329550008979,-78.904037
2024-03-12,43,"Durham Armory","Ozone","Durham",36.0329550008979,-78.904037
2024-03-13,48,"Durham Armory","Ozone","Durham",36.0329550008979,-78.904037
2024-03-14,71,"Durham Armory","Ozone","Durham",36.0329550008979,-78.904037
2024-03-15,44,"Durham Armory","Ozone","Durham",36.0329550008979,-78.904037
2024-03-16,41,"Durham Armory","Ozone","Durham",36.0329550008979,-78.904037
2024-03-17,43,"Durham Armory","Ozone","Durham",36.0329550008979,-78.904037
2024-03-18,44,"Durham Armory","Ozone","Durham",36.0329550008979,-78.904037
2024-03-19,37,"Durham Armory","Ozone","Durham",36.0329550008979,-78.904037
2024-03-20,46,"Durham Armory","Ozone","Durham",36.0329550008979,-78.904037
2024-03-21,44,"Durham Armory","Ozone","Durham",36.0329550008979,-78.904037
2024-03-22,37,"Durham Armory","Ozone","Durham",36.0329550008979,-78.904037
2024-03-23,36,"Durham Armory","Ozone","Durham",36.0329550008979,-78.904037
2024-03-24,43,"Durham Armory","Ozone","Durham",36.0329550008979,-78.904037
2024-03-25,44,"Durham Armory","Ozone","Durham",36.0329550008979,-78.904037
2024-03-26,38,"Durham Armory","Ozone","Durham",36.0329550008979,-78.904037
2024-03-27,19,"Durham Armory","Ozone","Durham",36.0329550008979,-78.904037
2024-03-28,29,"Durham Armory","Ozone","Durham",36.0329550008979,-78.904037
2024-03-29,48,"Durham Armory","Ozone","Durham",36.0329550008979,-78.904037
2024-03-30,54,"Durham Armory","Ozone","Durham",36.0329550008979,-78.904037
2024-03-31,51,"Durham Armory","Ozone","Durham",36.0329550008979,-78.904037
2024-04-01,44,"Durham Armory","Ozone","Durham",36.0329550008979,-78.904037
2024-04-02,43,"Durham Armory","Ozone","Durham",36.0329550008979,-78.904037
2024-04-03,44,"Durham Armory","Ozone","Durham",36.0329550008979,-78.904037
2024-04-04,38,"Durham Armory","Ozone","Durham",36.0329550008979,-78.904037
2024-04-05,38,"Durham Armory","Ozone","Durham",36.0329550008979,-78.904037
2024-04-06,39,"Durham Armory","Ozone","Durham",36.0329550008979,-78.904037
2024-04-07,43,"Durham Armory","Ozone","Durham",36.0329550008979,-78.904037
2024-04-08,46,"Durham Armory","Ozone","Durham",36.0329550008979,-78.904037
2024-04-09,41,"Durham Armory","Ozone","Durham",36.0329550008979,-78.904037
2024-04-10,37,"Durham Armory","Ozone","Durham",36.0329550008979,-78.904037
2024-04-11,37,"Durham Armory","Ozone","Durham",36.0329550008979,-78.904037
2024-04-12,46,"Durham Armory","Ozone","Durham",36.0329550008979,-78.904037
2024-04-13,45,"Durham Armory","Ozone","Durham",36.0329550008979,-78.904037
2024-04-14,51,"Durham Armory","Ozone","Durham",36.0329550008979,-78.904037
2024-04-15,54,"Durham Armory","Ozone","Durham",36.0329550008979,-78.904037
2024-04-16,48,"Durham Armory","Ozone","Durham",36.0329550008979,-78.904037
2024-04-17,40,"Durham Armory","Ozone","Durham",36.0329550008979,-78.904037
2024-04-18,43,"Durham Armory","Ozone","Durham",36.0329550008979,-78.904037
2024-04-19,43,"Durham Armory","Ozone","Durham",36.0329550008979,-78.904037
2024-04-20,28,"Durham Armory","Ozone","Durham",36.0329550008979,-78.904037
2024-04-21,25,"Durham Armory","Ozone","Durham",36.0329550008979,-78.904037
2024-04-22,38,"Durham Armory","Ozone","Durham",36.0329550008979,-78.904037
2024-04-23,45,"Durham Armory","Ozone","Durham",36.0329550008979,-78.904037
2024-04-24,37,"Durham Armory","Ozone","Durham",36.0329550008979,-78.904037
2024-04-25,48,"Durham Armory","Ozone","Durham",36.0329550008979,-78.904037
2024-04-26,42,"Durham Armory","Ozone","Durham",36.0329550008979,-78.904037
2024-04-27,45,"Durham Armory","Ozone","Durham",36.0329550008979,-78.904037
2024-04-28,41,"Durham Armory","Ozone","Durham",36.0329550008979,-78.904037
2024-04-29,46,"Durham Armory","Ozone","Durham",36.0329550008979,-78.904037
2024-04-30,39,"Durham Armory","Ozone","Durham",36.0329550008979,-78.904037
2024-05-01,44,"Durham Armory","Ozone","Durham",36.0329550008979,-78.904037
2024-05-02,67,"Durham Armory","Ozone","Durham",36.0329550008979,-78.904037
2024-05-03,54,"Durham Armory","Ozone","Durham",36.0329550008979,-78.904037
2024-05-04,13,"Durham Armory","Ozone","Durham",36.0329550008979,-78.904037
2024-05-05,21,"Durham Armory","Ozone","Durham",36.0329550008979,-78.904037
2024-05-06,31,"Durham Armory","Ozone","Durham",36.0329550008979,-78.904037
2024-05-07,39,"Durham Armory","Ozone","Durham",36.0329550008979,-78.904037
2024-05-08,37,"Durham Armory","Ozone","Durham",36.0329550008979,-78.904037
2024-05-09,42,"Durham Armory","Ozone","Durham",36.0329550008979,-78.904037
2024-05-10,44,"Durham Armory","Ozone","Durham",36.0329550008979,-78.904037
2024-05-11,43,"Durham Armory","Ozone","Durham",36.0329550008979,-78.904037
2024-05-12,43,"Durham Armory","Ozone","Durham",36.0329550008979,-78.904037
2024-05-13,44,"Durham Armory","Ozone","Durham",36.0329550008979,-78.904037
2024-05-14,32,"Durham Armory","Ozone","Durham",36.0329550008979,-78.904037
2024-05-15,32,"Durham Armory","Ozone","Durham",36.0329550008979,-78.904037
2024-05-16,36,"Durham Armory","Ozone","Durham",36.0329550008979,-78.904037
2024-05-17,40,"Durham Armory","Ozone","Durham",36.0329550008979,-78.904037
2024-05-18,26,"Durham Armory","Ozone","Durham",36.0329550008979,-78.904037
2024-05-19,31,"Durham Armory","Ozone","Durham",36.0329550008979,-78.904037
2024-05-20,38,"Durham Armory","Ozone","Durham",36.0329550008979,-78.904037
2024-05-21,44,"Durham Armory","Ozone","Durham",36.0329550008979,-78.904037
2024-05-22,50,"Durham Armory","Ozone","Durham",36.0329550008979,-78.904037
2024-05-23,49,"Durham Armory","Ozone","Durham",36.0329550008979,-78.904037
2024-05-24,41,"Durham Armory","Ozone","Durham",36.0329550008979,-78.904037
2024-05-25,44,"Durham Armory","Ozone","Durham",36.0329550008979,-78.904037
2024-05-26,45,"Durham Armory","Ozone","Durham",36.0329550008979,-78.904037
2024-05-27,38,"Durham Armory","Ozone","Durham",36.0329550008979,-78.904037
2024-05-28,43,"Durham Armory","Ozone","Durham",36.0329550008979,-78.904037
2024-05-29,51,"Durham Armory","Ozone","Durham",36.0329550008979,-78.904037
2024-05-30,41,"Durham Armory","Ozone","Durham",36.0329550008979,-78.904037
2024-05-31,44,"Durham Armory","Ozone","Durham",36.0329550008979,-78.904037
2024-06-01,61,"Durham Armory","Ozone","Durham",36.0329550008979,-78.904037
2024-06-02,40,"Durham Armory","Ozone","Durham",36.0329550008979,-78.904037
2024-06-03,37,"Durham Armory","Ozone","Durham",36.0329550008979,-78.904037
2024-06-04,40,"Durham Armory","Ozone","Durham",36.0329550008979,-78.904037
2024-06-05,36,"Durham Armory","Ozone","Durham",36.0329550008979,-78.904037
2024-06-06,40,"Durham Armory","Ozone","Durham",36.0329550008979,-78.904037
2024-06-07,54,"Durham Armory","Ozone","Durham",36.0329550008979,-78.904037
2024-06-08,74,"Durham Armory","Ozone","Durham",36.0329550008979,-78.904037
2024-06-09,47,"Durham Armory","Ozone","Durham",36.0329550008979,-78.904037
2024-06-10,51,"Durham Armory","Ozone","Durham",36.0329550008979,-78.904037
2024-06-11,43,"Durham Armory","Ozone","Durham",36.0329550008979,-78.904037
2024-06-12,64,"Durham Armory","Ozone","Durham",36.0329550008979,-78.904037
2024-06-13,51,"Durham Armory","Ozone","Durham",36.0329550008979,-78.904037
2024-06-14,64,"Durham Armory","Ozone","Durham",36.0329550008979,-78.904037
2024-06-15,49,"Durham Armory","Ozone","Durham",36.0329550008979,-78.904037
2024-06-16,54,"Durham Armory","Ozone","Durham",36.0329550008979,-78.904037
2024-06-17,49,"Durham Armory","Ozone","Durham",36.0329550008979,-78.904037
2024-06-18,48,"Durham Armory","Ozone","Durham",36.0329550008979,-78.904037
2024-06-19,42,"Durham Armory","Ozone","Durham",36.0329550008979,-78.904037
2024-06-20,40,"Durham Armory","Ozone","Durham",36.0329550008979,-78.904037
2024-06-21,48,"Durham Armory","Ozone","Durham",36.0329550008979,-78.904037
2024-06-22,24,"Durham Armory","Ozone","Durham",36.0329550008979,-78.904037
2024-06-23,29,"Durham Armory","Ozone","Durham",36.0329550008979,-78.904037
2024-06-24,49,"Durham Armory","Ozone","Durham",36.0329550008979,-78.904037
2024-06-25,77,"Durham Armory","Ozone","Durham",36.0329550008979,-78.904037
2024-06-26,58,"Durham Armory","Ozone","Durham",36.0329550008979,-78.904037
2024-06-27,43,"Durham Armory","Ozone","Durham",36.0329550008979,-78.904037
2024-06-28,67,"Durham Armory","Ozone","Durham",36.0329550008979,-78.904037
2024-06-29,43,"Durham Armory","Ozone","Durham",36.0329550008979,-78.904037
2024-06-30,34,"Durham Armory","Ozone","Durham",36.0329550008979,-78.904037
2024-07-01,33,"Durham Armory","Ozone","Durham",36.0329550008979,-78.904037
2024-07-02,54,"Durham Armory","Ozone","Durham",36.0329550008979,-78.904037
2024-07-03,67,"Durham Armory","Ozone","Durham",36.0329550008979,-78.904037
2024-07-04,42,"Durham Armory","Ozone","Durham",36.0329550008979,-78.904037
2024-07-05,32,"Durham Armory","Ozone","Durham",36.0329550008979,-78.904037
2024-07-06,39,"Durham Armory","Ozone","Durham",36.0329550008979,-78.904037
2024-07-07,28,"Durham Armory","Ozone","Durham",36.0329550008979,-78.904037
2024-07-08,35,"Durham Armory","Ozone","Durham",36.0329550008979,-78.904037
2024-07-10,38,"Durham Armory","Ozone","Durham",36.0329550008979,-78.904037
2024-07-11,45,"Durham Armory","Ozone","Durham",36.0329550008979,-78.904037
2024-07-12,24,"Durham Armory","Ozone","Durham",36.0329550008979,-78.904037
2024-07-13,32,"Durham Armory","Ozone","Durham",36.0329550008979,-78.904037
2024-07-14,47,"Durham Armory","Ozone","Durham",36.0329550008979,-78.904037
2024-07-15,77,"Durham Armory","Ozone","Durham",36.0329550008979,-78.904037
2024-07-16,45,"Durham Armory","Ozone","Durham",36.0329550008979,-78.904037
2024-07-17,42,"Durham Armory","Ozone","Durham",36.0329550008979,-78.904037
2024-07-18,38,"Durham Armory","Ozone","Durham",36.0329550008979,-78.904037
2024-07-19,37,"Durham Armory","Ozone","Durham",36.0329550008979,-78.904037
2024-07-20,32,"Durham Armory","Ozone","Durham",36.0329550008979,-78.904037
2024-07-21,42,"Durham Armory","Ozone","Durham",36.0329550008979,-78.904037
2024-07-22,29,"Durham Armory","Ozone","Durham",36.0329550008979,-78.904037
2024-07-23,31,"Durham Armory","Ozone","Durham",36.0329550008979,-78.904037
2024-07-24,29,"Durham Armory","Ozone","Durham",36.0329550008979,-78.904037
2024-07-25,24,"Durham Armory","Ozone","Durham",36.0329550008979,-78.904037
2024-07-26,30,"Durham Armory","Ozone","Durham",36.0329550008979,-78.904037
2024-07-27,42,"Durham Armory","Ozone","Durham",36.0329550008979,-78.904037
2024-07-28,47,"Durham Armory","Ozone","Durham",36.0329550008979,-78.904037
2024-07-29,32,"Durham Armory","Ozone","Durham",36.0329550008979,-78.904037
2024-07-30,30,"Durham Armory","Ozone","Durham",36.0329550008979,-78.904037
2024-07-31,47,"Durham Armory","Ozone","Durham",36.0329550008979,-78.904037
2024-08-01,42,"Durham Armory","Ozone","Durham",36.0329550008979,-78.904037
2024-08-02,36,"Durham Armory","Ozone","Durham",36.0329550008979,-78.904037
2024-08-03,34,"Durham Armory","Ozone","Durham",36.0329550008979,-78.904037
2024-08-04,35,"Durham Armory","Ozone","Durham",36.0329550008979,-78.904037
2024-08-05,40,"Durham Armory","Ozone","Durham",36.0329550008979,-78.904037
2024-08-06,17,"Durham Armory","Ozone","Durham",36.0329550008979,-78.904037
2024-08-07,24,"Durham Armory","Ozone","Durham",36.0329550008979,-78.904037
2024-08-08,27,"Durham Armory","Ozone","Durham",36.0329550008979,-78.904037
2024-08-09,28,"Durham Armory","Ozone","Durham",36.0329550008979,-78.904037
2024-08-10,42,"Durham Armory","Ozone","Durham",36.0329550008979,-78.904037
2024-08-11,31,"Durham Armory","Ozone","Durham",36.0329550008979,-78.904037
2024-08-12,36,"Durham Armory","Ozone","Durham",36.0329550008979,-78.904037
2024-08-13,26,"Durham Armory","Ozone","Durham",36.0329550008979,-78.904037
2024-08-14,42,"Durham Armory","Ozone","Durham",36.0329550008979,-78.904037
2024-08-15,40,"Durham Armory","Ozone","Durham",36.0329550008979,-78.904037
2024-08-16,48,"Durham Armory","Ozone","Durham",36.0329550008979,-78.904037
2024-08-17,39,"Durham Armory","Ozone","Durham",36.0329550008979,-78.904037
2024-08-18,36,"Durham Armory","Ozone","Durham",36.0329550008979,-78.904037
2024-08-19,36,"Durham Armory","Ozone","Durham",36.0329550008979,-78.904037
2024-08-20,31,"Durham Armory","Ozone","Durham",36.0329550008979,-78.904037
2024-08-21,39,"Durham Armory","Ozone","Durham",36.0329550008979,-78.904037
2024-08-22,40,"Durham Armory","Ozone","Durham",36.0329550008979,-78.904037
2024-08-23,42,"Durham Armory","Ozone","Durham",36.0329550008979,-78.904037
2024-08-24,51,"Durham Armory","Ozone","Durham",36.0329550008979,-78.904037
2024-08-25,48,"Durham Armory","Ozone","Durham",36.0329550008979,-78.904037
2024-08-26,97,"Durham Armory","Ozone","Durham",36.0329550008979,-78.904037
2024-08-27,58,"Durham Armory","Ozone","Durham",36.0329550008979,-78.904037
2024-08-28,58,"Durham Armory","Ozone","Durham",36.0329550008979,-78.904037
2024-08-29,54,"Durham Armory","Ozone","Durham",36.0329550008979,-78.904037
2024-08-30,43,"Durham Armory","Ozone","Durham",36.0329550008979,-78.904037
2024-08-31,40,"Durham Armory","Ozone","Durham",36.0329550008979,-78.904037
2024-09-01,34,"Durham Armory","Ozone","Durham",36.0329550008979,-78.904037
2024-09-02,31,"Durham Armory","Ozone","Durham",36.0329550008979,-78.904037
2024-09-03,31,"Durham Armory","Ozone","Durham",36.0329550008979,-78.904037
2024-09-04,31,"Durham Armory","Ozone","Durham",36.0329550008979,-78.904037
2024-09-05,36,"Durham Armory","Ozone","Durham",36.0329550008979,-78.904037
2024-09-06,36,"Durham Armory","Ozone","Durham",36.0329550008979,-78.904037
2024-09-07,39,"Durham Armory","Ozone","Durham",36.0329550008979,-78.904037
2024-09-08,36,"Durham Armory","Ozone","Durham",36.0329550008979,-78.904037
2024-09-09,40,"Durham Armory","Ozone","Durham",36.0329550008979,-78.904037
2024-09-10,41,"Durham Armory","Ozone","Durham",36.0329550008979,-78.904037
2024-09-11,45,"Durham Armory","Ozone","Durham",36.0329550008979,-78.904037
2024-09-12,42,"Durham Armory","Ozone","Durham",36.0329550008979,-78.904037
2024-09-13,20,"Durham Armory","Ozone","Durham",36.0329550008979,-78.904037
2024-09-14,29,"Durham Armory","Ozone","Durham",36.0329550008979,-78.904037
2024-09-15,26,"Durham Armory","Ozone","Durham",36.0329550008979,-78.904037
2024-09-16,27,"Durham Armory","Ozone","Durham",36.0329550008979,-78.904037
2024-09-17,21,"Durham Armory","Ozone","Durham",36.0329550008979,-78.904037
2024-09-18,27,"Durham Armory","Ozone","Durham",36.0329550008979,-78.904037
2024-09-19,21,"Durham Armory","Ozone","Durham",36.0329550008979,-78.904037
2024-09-20,33,"Durham Armory","Ozone","Durham",36.0329550008979,-78.904037
2024-09-21,37,"Durham Armory","Ozone","Durham",36.0329550008979,-78.904037
2024-09-22,30,"Durham Armory","Ozone","Durham",36.0329550008979,-78.904037
2024-09-23,31,"Durham Armory","Ozone","Durham",36.0329550008979,-78.904037
2024-09-24,24,"Durham Armory","Ozone","Durham",36.0329550008979,-78.904037
2024-09-25,32,"Durham Armory","Ozone","Durham",36.0329550008979,-78.904037
2024-09-26,20,"Durham Armory","Ozone","Durham",36.0329550008979,-78.904037
2024-09-27,21,"Durham Armory","Ozone","Durham",36.0329550008979,-78.904037
2024-09-28,39,"Durham Armory","Ozone","Durham",36.0329550008979,-78.904037
2024-09-29,36,"Durham Armory","Ozone","Durham",36.0329550008979,-78.904037
2024-09-30,22,"Durham Armory","Ozone","Durham",36.0329550008979,-78.904037
2024-10-01,18,"Durham Armory","Ozone","Durham",36.0329550008979,-78.904037
2024-10-02,23,"Durham Armory","Ozone","Durham",36.0329550008979,-78.904037
2024-10-03,28,"Durham Armory","Ozone","Durham",36.0329550008979,-78.904037
2024-10-04,37,"Durham Armory","Ozone","Durham",36.0329550008979,-78.904037
2024-10-05,39,"Durham Armory","Ozone","Durham",36.0329550008979,-78.904037
2024-10-06,44,"Durham Armory","Ozone","Durham",36.0329550008979,-78.904037
2024-10-07,38,"Durham Armory","Ozone","Durham",36.0329550008979,-78.904037
2024-10-08,33,"Durham Armory","Ozone","Durham",36.0329550008979,-78.904037
2024-10-09,37,"Durham Armory","Ozone","Durham",36.0329550008979,-78.904037
2024-10-10,32,"Durham Armory","Ozone","Durham",36.0329550008979,-78.904037
2024-10-11,27,"Durham Armory","Ozone","Durham",36.0329550008979,-78.904037
2024-10-12,42,"Durham Armory","Ozone","Durham",36.0329550008979,-78.904037
2024-10-13,44,"Durham Armory","Ozone","Durham",36.0329550008979,-78.904037
2024-10-14,41,"Durham Armory","Ozone","Durham",36.0329550008979,-78.904037
2024-10-15,30,"Durham Armory","Ozone","Durham",36.0329550008979,-78.904037
2024-10-16,25,"Durham Armory","Ozone","Durham",36.0329550008979,-78.904037
2024-10-17,31,"Durham Armory","Ozone","Durham",36.0329550008979,-78.904037
2024-10-18,33,"Durham Armory","Ozone","Durham",36.0329550008979,-78.904037
2024-10-19,37,"Durham Armory","Ozone","Durham",36.0329550008979,-78.904037
2024-10-20,38,"Durham Armory","Ozone","Durham",36.0329550008979,-78.904037
2024-10-21,41,"Durham Armory","Ozone","Durham",36.0329550008979,-78.904037
2024-10-22,44,"Durham Armory","Ozone","Durham",36.0329550008979,-78.904037
2024-10-23,44,"Durham Armory","Ozone","Durham",36.0329550008979,-78.904037
2024-10-24,44,"Durham Armory","Ozone","Durham",36.0329550008979,-78.904037
2024-10-25,40,"Durham Armory","Ozone","Durham",36.0329550008979,-78.904037
2024-10-26,43,"Durham Armory","Ozone","Durham",36.0329550008979,-78.904037
2024-10-27,27,"Durham Armory","Ozone","Durham",36.0329550008979,-78.904037
2024-10-28,35,"Durham Armory","Ozone","Durham",36.0329550008979,-78.904037
2024-10-29,38,"Durham Armory","Ozone","Durham",36.0329550008979,-78.904037
2024-10-30,34,"Durham Armory","Ozone","Durham",36.0329550008979,-78.904037
2024-10-31,33,"Durham Armory","Ozone","Durham",36.0329550008979,-78.904037
2024-03-01,37,"Leggett","Ozone","Edgecombe",35.988278,-77.5843
2024-03-02,31,"Leggett","Ozone","Edgecombe",35.988278,-77.5843
2024-03-03,33,"Leggett","Ozone","Edgecombe",35.988278,-77.5843
2024-03-04,33,"Leggett","Ozone","Edgecombe",35.988278,-77.5843
2024-03-05,30,"Leggett","Ozone","Edgecombe",35.988278,-77.5843
2024-03-06,23,"Leggett","Ozone","Edgecombe",35.988278,-77.5843
2024-03-07,35,"Leggett","Ozone","Edgecombe",35.988278,-77.5843
2024-03-08,34,"Leggett","Ozone","Edgecombe",35.988278,-77.5843
2024-03-09,29,"Leggett","Ozone","Edgecombe",35.988278,-77.5843
2024-03-10,40,"Leggett","Ozone","Edgecombe",35.988278,-77.5843
2024-03-11,42,"Leggett","Ozone","Edgecombe",35.988278,-77.5843
2024-03-12,45,"Leggett","Ozone","Edgecombe",35.988278,-77.5843
2024-03-13,50,"Leggett","Ozone","Edgecombe",35.988278,-77.5843
2024-03-14,67,"Leggett","Ozone","Edgecombe",35.988278,-77.5843
2024-03-15,50,"Leggett","Ozone","Edgecombe",35.988278,-77.5843
2024-03-16,39,"Leggett","Ozone","Edgecombe",35.988278,-77.5843
2024-03-17,44,"Leggett","Ozone","Edgecombe",35.988278,-77.5843
2024-03-18,43,"Leggett","Ozone","Edgecombe",35.988278,-77.5843
2024-03-19,37,"Leggett","Ozone","Edgecombe",35.988278,-77.5843
2024-03-20,49,"Leggett","Ozone","Edgecombe",35.988278,-77.5843
2024-03-21,44,"Leggett","Ozone","Edgecombe",35.988278,-77.5843
2024-03-22,40,"Leggett","Ozone","Edgecombe",35.988278,-77.5843
2024-03-23,35,"Leggett","Ozone","Edgecombe",35.988278,-77.5843
2024-03-24,40,"Leggett","Ozone","Edgecombe",35.988278,-77.5843
2024-03-28,26,"Leggett","Ozone","Edgecombe",35.988278,-77.5843
2024-03-29,48,"Leggett","Ozone","Edgecombe",35.988278,-77.5843
2024-03-30,51,"Leggett","Ozone","Edgecombe",35.988278,-77.5843
2024-03-31,51,"Leggett","Ozone","Edgecombe",35.988278,-77.5843
2024-04-01,44,"Leggett","Ozone","Edgecombe",35.988278,-77.5843
2024-04-02,42,"Leggett","Ozone","Edgecombe",35.988278,-77.5843
2024-04-03,30,"Leggett","Ozone","Edgecombe",35.988278,-77.5843
2024-04-04,40,"Leggett","Ozone","Edgecombe",35.988278,-77.5843
2024-04-05,40,"Leggett","Ozone","Edgecombe",35.988278,-77.5843
2024-04-06,38,"Leggett","Ozone","Edgecombe",35.988278,-77.5843
2024-04-07,42,"Leggett","Ozone","Edgecombe",35.988278,-77.5843
2024-04-08,45,"Leggett","Ozone","Edgecombe",35.988278,-77.5843
2024-04-09,42,"Leggett","Ozone","Edgecombe",35.988278,-77.5843
2024-04-10,37,"Leggett","Ozone","Edgecombe",35.988278,-77.5843
2024-04-11,36,"Leggett","Ozone","Edgecombe",35.988278,-77.5843
2024-04-12,49,"Leggett","Ozone","Edgecombe",35.988278,-77.5843
2024-04-13,45,"Leggett","Ozone","Edgecombe",35.988278,-77.5843
2024-04-14,50,"Leggett","Ozone","Edgecombe",35.988278,-77.5843
2024-04-15,64,"Leggett","Ozone","Edgecombe",35.988278,-77.5843
2024-04-16,46,"Leggett","Ozone","Edgecombe",35.988278,-77.5843
2024-04-17,45,"Leggett","Ozone","Edgecombe",35.988278,-77.5843
2024-04-18,44,"Leggett","Ozone","Edgecombe",35.988278,-77.5843
2024-04-19,38,"Leggett","Ozone","Edgecombe",35.988278,-77.5843
2024-04-20,25,"Leggett","Ozone","Edgecombe",35.988278,-77.5843
2024-04-21,29,"Leggett","Ozone","Edgecombe",35.988278,-77.5843
2024-04-22,37,"Leggett","Ozone","Edgecombe",35.988278,-77.5843
2024-04-23,48,"Leggett","Ozone","Edgecombe",35.988278,-77.5843
2024-04-24,38,"Leggett","Ozone","Edgecombe",35.988278,-77.5843
2024-04-25,44,"Leggett","Ozone","Edgecombe",35.988278,-77.5843
2024-04-26,42,"Leggett","Ozone","Edgecombe",35.988278,-77.5843
2024-04-27,38,"Leggett","Ozone","Edgecombe",35.988278,-77.5843
2024-04-28,43,"Leggett","Ozone","Edgecombe",35.988278,-77.5843
2024-04-29,47,"Leggett","Ozone","Edgecombe",35.988278,-77.5843
2024-04-30,40,"Leggett","Ozone","Edgecombe",35.988278,-77.5843
2024-05-01,47,"Leggett","Ozone","Edgecombe",35.988278,-77.5843
2024-05-02,51,"Leggett","Ozone","Edgecombe",35.988278,-77.5843
2024-05-03,48,"Leggett","Ozone","Edgecombe",35.988278,-77.5843
2024-05-04,27,"Leggett","Ozone","Edgecombe",35.988278,-77.5843
2024-05-05,25,"Leggett","Ozone","Edgecombe",35.988278,-77.5843
2024-05-06,35,"Leggett","Ozone","Edgecombe",35.988278,-77.5843
2024-05-07,41,"Leggett","Ozone","Edgecombe",35.988278,-77.5843
2024-05-08,39,"Leggett","Ozone","Edgecombe",35.988278,-77.5843
2024-05-09,44,"Leggett","Ozone","Edgecombe",35.988278,-77.5843
2024-05-10,40,"Leggett","Ozone","Edgecombe",35.988278,-77.5843
2024-05-11,31,"Leggett","Ozone","Edgecombe",35.988278,-77.5843
2024-05-12,43,"Leggett","Ozone","Edgecombe",35.988278,-77.5843
2024-05-13,41,"Leggett","Ozone","Edgecombe",35.988278,-77.5843
2024-05-14,34,"Leggett","Ozone","Edgecombe",35.988278,-77.5843
2024-05-15,31,"Leggett","Ozone","Edgecombe",35.988278,-77.5843
2024-05-16,36,"Leggett","Ozone","Edgecombe",35.988278,-77.5843
2024-05-17,34,"Leggett","Ozone","Edgecombe",35.988278,-77.5843
2024-05-18,27,"Leggett","Ozone","Edgecombe",35.988278,-77.5843
2024-05-19,30,"Leggett","Ozone","Edgecombe",35.988278,-77.5843
2024-05-20,35,"Leggett","Ozone","Edgecombe",35.988278,-77.5843
2024-05-21,33,"Leggett","Ozone","Edgecombe",35.988278,-77.5843
2024-05-22,44,"Leggett","Ozone","Edgecombe",35.988278,-77.5843
2024-05-23,47,"Leggett","Ozone","Edgecombe",35.988278,-77.5843
2024-05-24,40,"Leggett","Ozone","Edgecombe",35.988278,-77.5843
2024-05-25,39,"Leggett","Ozone","Edgecombe",35.988278,-77.5843
2024-05-26,42,"Leggett","Ozone","Edgecombe",35.988278,-77.5843
2024-05-27,26,"Leggett","Ozone","Edgecombe",35.988278,-77.5843
2024-05-28,42,"Leggett","Ozone","Edgecombe",35.988278,-77.5843
2024-05-29,49,"Leggett","Ozone","Edgecombe",35.988278,-77.5843
2024-05-30,38,"Leggett","Ozone","Edgecombe",35.988278,-77.5843
2024-05-31,46,"Leggett","Ozone","Edgecombe",35.988278,-77.5843
2024-06-01,51,"Leggett","Ozone","Edgecombe",35.988278,-77.5843
2024-06-02,44,"Leggett","Ozone","Edgecombe",35.988278,-77.5843
2024-06-03,36,"Leggett","Ozone","Edgecombe",35.988278,-77.5843
2024-06-04,42,"Leggett","Ozone","Edgecombe",35.988278,-77.5843
2024-06-05,34,"Leggett","Ozone","Edgecombe",35.988278,-77.5843
2024-06-06,41,"Leggett","Ozone","Edgecombe",35.988278,-77.5843
2024-06-07,54,"Leggett","Ozone","Edgecombe",35.988278,-77.5843
2024-06-08,64,"Leggett","Ozone","Edgecombe",35.988278,-77.5843
2024-06-09,49,"Leggett","Ozone","Edgecombe",35.988278,-77.5843
2024-06-10,50,"Leggett","Ozone","Edgecombe",35.988278,-77.5843
2024-06-11,45,"Leggett","Ozone","Edgecombe",35.988278,-77.5843
2024-06-12,46,"Leggett","Ozone","Edgecombe",35.988278,-77.5843
2024-06-13,45,"Leggett","Ozone","Edgecombe",35.988278,-77.5843
2024-06-14,54,"Leggett","Ozone","Edgecombe",35.988278,-77.5843
2024-06-15,67,"Leggett","Ozone","Edgecombe",35.988278,-77.5843
2024-06-16,49,"Leggett","Ozone","Edgecombe",35.988278,-77.5843
2024-06-17,45,"Leggett","Ozone","Edgecombe",35.988278,-77.5843
2024-06-18,44,"Leggett","Ozone","Edgecombe",35.988278,-77.5843
2024-06-19,39,"Leggett","Ozone","Edgecombe",35.988278,-77.5843
2024-06-20,36,"Leggett","Ozone","Edgecombe",35.988278,-77.5843
2024-06-21,40,"Leggett","Ozone","Edgecombe",35.988278,-77.5843
2024-06-22,29,"Leggett","Ozone","Edgecombe",35.988278,-77.5843
2024-06-23,31,"Leggett","Ozone","Edgecombe",35.988278,-77.5843
2024-06-24,42,"Leggett","Ozone","Edgecombe",35.988278,-77.5843
2024-06-25,50,"Leggett","Ozone","Edgecombe",35.988278,-77.5843
2024-06-26,67,"Leggett","Ozone","Edgecombe",35.988278,-77.5843
2024-06-27,44,"Leggett","Ozone","Edgecombe",35.988278,-77.5843
2024-06-28,61,"Leggett","Ozone","Edgecombe",35.988278,-77.5843
2024-06-29,36,"Leggett","Ozone","Edgecombe",35.988278,-77.5843
2024-06-30,33,"Leggett","Ozone","Edgecombe",35.988278,-77.5843
2024-07-01,34,"Leggett","Ozone","Edgecombe",35.988278,-77.5843
2024-07-02,42,"Leggett","Ozone","Edgecombe",35.988278,-77.5843
2024-07-03,50,"Leggett","Ozone","Edgecombe",35.988278,-77.5843
2024-07-04,48,"Leggett","Ozone","Edgecombe",35.988278,-77.5843
2024-07-05,43,"Leggett","Ozone","Edgecombe",35.988278,-77.5843
2024-07-06,45,"Leggett","Ozone","Edgecombe",35.988278,-77.5843
2024-07-07,35,"Leggett","Ozone","Edgecombe",35.988278,-77.5843
2024-07-08,39,"Leggett","Ozone","Edgecombe",35.988278,-77.5843
2024-07-09,33,"Leggett","Ozone","Edgecombe",35.988278,-77.5843
2024-07-10,32,"Leggett","Ozone","Edgecombe",35.988278,-77.5843
2024-07-11,26,"Leggett","Ozone","Edgecombe",35.988278,-77.5843
2024-07-12,24,"Leggett","Ozone","Edgecombe",35.988278,-77.5843
2024-07-13,28,"Leggett","Ozone","Edgecombe",35.988278,-77.5843
2024-07-14,41,"Leggett","Ozone","Edgecombe",35.988278,-77.5843
2024-07-15,46,"Leggett","Ozone","Edgecombe",35.988278,-77.5843
2024-07-16,50,"Leggett","Ozone","Edgecombe",35.988278,-77.5843
2024-07-17,40,"Leggett","Ozone","Edgecombe",35.988278,-77.5843
2024-07-18,36,"Leggett","Ozone","Edgecombe",35.988278,-77.5843
2024-07-19,33,"Leggett","Ozone","Edgecombe",35.988278,-77.5843
2024-07-20,32,"Leggett","Ozone","Edgecombe",35.988278,-77.5843
2024-07-21,32,"Leggett","Ozone","Edgecombe",35.988278,-77.5843
2024-07-22,28,"Leggett","Ozone","Edgecombe",35.988278,-77.5843
2024-07-23,27,"Leggett","Ozone","Edgecombe",35.988278,-77.5843
2024-07-24,31,"Leggett","Ozone","Edgecombe",35.988278,-77.5843
2024-07-25,23,"Leggett","Ozone","Edgecombe",35.988278,-77.5843
2024-07-26,30,"Leggett","Ozone","Edgecombe",35.988278,-77.5843
2024-07-27,38,"Leggett","Ozone","Edgecombe",35.988278,-77.5843
2024-07-28,44,"Leggett","Ozone","Edgecombe",35.988278,-77.5843
2024-07-29,38,"Leggett","Ozone","Edgecombe",35.988278,-77.5843
2024-07-30,35,"Leggett","Ozone","Edgecombe",35.988278,-77.5843
2024-07-31,41,"Leggett","Ozone","Edgecombe",35.988278,-77.5843
2024-08-01,44,"Leggett","Ozone","Edgecombe",35.988278,-77.5843
2024-08-02,35,"Leggett","Ozone","Edgecombe",35.988278,-77.5843
2024-08-03,29,"Leggett","Ozone","Edgecombe",35.988278,-77.5843
2024-08-04,31,"Leggett","Ozone","Edgecombe",35.988278,-77.5843
2024-08-05,22,"Leggett","Ozone","Edgecombe",35.988278,-77.5843
2024-08-06,15,"Leggett","Ozone","Edgecombe",35.988278,-77.5843
2024-08-07,19,"Leggett","Ozone","Edgecombe",35.988278,-77.5843
2024-08-08,33,"Leggett","Ozone","Edgecombe",35.988278,-77.5843
2024-08-09,30,"Leggett","Ozone","Edgecombe",35.988278,-77.5843
2024-08-10,32,"Leggett","Ozone","Edgecombe",35.988278,-77.5843
2024-08-11,26,"Leggett","Ozone","Edgecombe",35.988278,-77.5843
2024-08-12,29,"Leggett","Ozone","Edgecombe",35.988278,-77.5843
2024-08-13,37,"Leggett","Ozone","Edgecombe",35.988278,-77.5843
2024-08-14,35,"Leggett","Ozone","Edgecombe",35.988278,-77.5843
2024-08-15,45,"Leggett","Ozone","Edgecombe",35.988278,-77.5843
2024-08-16,46,"Leggett","Ozone","Edgecombe",35.988278,-77.5843
2024-08-17,37,"Leggett","Ozone","Edgecombe",35.988278,-77.5843
2024-08-18,39,"Leggett","Ozone","Edgecombe",35.988278,-77.5843
2024-08-19,33,"Leggett","Ozone","Edgecombe",35.988278,-77.5843
2024-08-20,32,"Leggett","Ozone","Edgecombe",35.988278,-77.5843
2024-08-21,36,"Leggett","Ozone","Edgecombe",35.988278,-77.5843
2024-08-22,38,"Leggett","Ozone","Edgecombe",35.988278,-77.5843
2024-08-23,41,"Leggett","Ozone","Edgecombe",35.988278,-77.5843
2024-08-24,41,"Leggett","Ozone","Edgecombe",35.988278,-77.5843
2024-08-25,33,"Leggett","Ozone","Edgecombe",35.988278,-77.5843
2024-08-26,42,"Leggett","Ozone","Edgecombe",35.988278,-77.5843
2024-08-27,49,"Leggett","Ozone","Edgecombe",35.988278,-77.5843
2024-08-28,80,"Leggett","Ozone","Edgecombe",35.988278,-77.5843
2024-08-29,49,"Leggett","Ozone","Edgecombe",35.988278,-77.5843
2024-08-30,35,"Leggett","Ozone","Edgecombe",35.988278,-77.5843
2024-08-31,32,"Leggett","Ozone","Edgecombe",35.988278,-77.5843
2024-09-01,24,"Leggett","Ozone","Edgecombe",35.988278,-77.5843
2024-09-02,20,"Leggett","Ozone","Edgecombe",35.988278,-77.5843
2024-09-03,31,"Leggett","Ozone","Edgecombe",35.988278,-77.5843
2024-09-04,32,"Leggett","Ozone","Edgecombe",35.988278,-77.5843
2024-09-05,31,"Leggett","Ozone","Edgecombe",35.988278,-77.5843
2024-09-06,32,"Leggett","Ozone","Edgecombe",35.988278,-77.5843
2024-09-07,21,"Leggett","Ozone","Edgecombe",35.988278,-77.5843
2024-09-08,31,"Leggett","Ozone","Edgecombe",35.988278,-77.5843
2024-09-09,33,"Leggett","Ozone","Edgecombe",35.988278,-77.5843
2024-09-10,38,"Leggett","Ozone","Edgecombe",35.988278,-77.5843
2024-09-11,44,"Leggett","Ozone","Edgecombe",35.988278,-77.5843
2024-09-12,38,"Leggett","Ozone","Edgecombe",35.988278,-77.5843
2024-09-13,25,"Leggett","Ozone","Edgecombe",35.988278,-77.5843
2024-09-14,28,"Leggett","Ozone","Edgecombe",35.988278,-77.5843
2024-09-15,26,"Leggett","Ozone","Edgecombe",35.988278,-77.5843
2024-09-16,25,"Leggett","Ozone","Edgecombe",35.988278,-77.5843
2024-09-17,24,"Leggett","Ozone","Edgecombe",35.988278,-77.5843
2024-09-18,23,"Leggett","Ozone","Edgecombe",35.988278,-77.5843
2024-09-19,21,"Leggett","Ozone","Edgecombe",35.988278,-77.5843
2024-09-20,42,"Leggett","Ozone","Edgecombe",35.988278,-77.5843
2024-09-21,38,"Leggett","Ozone","Edgecombe",35.988278,-77.5843
2024-09-22,30,"Leggett","Ozone","Edgecombe",35.988278,-77.5843
2024-09-23,31,"Leggett","Ozone","Edgecombe",35.988278,-77.5843
2024-09-24,20,"Leggett","Ozone","Edgecombe",35.988278,-77.5843
2024-09-25,26,"Leggett","Ozone","Edgecombe",35.988278,-77.5843
2024-09-26,19,"Leggett","Ozone","Edgecombe",35.988278,-77.5843
2024-09-27,20,"Leggett","Ozone","Edgecombe",35.988278,-77.5843
2024-09-28,34,"Leggett","Ozone","Edgecombe",35.988278,-77.5843
2024-09-29,33,"Leggett","Ozone","Edgecombe",35.988278,-77.5843
2024-09-30,24,"Leggett","Ozone","Edgecombe",35.988278,-77.5843
2024-10-01,23,"Leggett","Ozone","Edgecombe",35.988278,-77.5843
2024-10-02,21,"Leggett","Ozone","Edgecombe",35.988278,-77.5843
2024-10-03,29,"Leggett","Ozone","Edgecombe",35.988278,-77.5843
2024-10-04,31,"Leggett","Ozone","Edgecombe",35.988278,-77.5843
2024-10-05,30,"Leggett","Ozone","Edgecombe",35.988278,-77.5843
2024-10-06,38,"Leggett","Ozone","Edgecombe",35.988278,-77.5843
2024-10-07,40,"Leggett","Ozone","Edgecombe",35.988278,-77.5843
2024-10-08,32,"Leggett","Ozone","Edgecombe",35.988278,-77.5843
2024-10-09,35,"Leggett","Ozone","Edgecombe",35.988278,-77.5843
2024-10-10,32,"Leggett","Ozone","Edgecombe",35.988278,-77.5843
2024-10-11,27,"Leggett","Ozone","Edgecombe",35.988278,-77.5843
2024-10-12,42,"Leggett","Ozone","Edgecombe",35.988278,-77.5843
2024-10-13,44,"Leggett","Ozone","Edgecombe",35.988278,-77.5843
2024-10-14,42,"Leggett","Ozone","Edgecombe",35.988278,-77.5843
2024-10-15,31,"Leggett","Ozone","Edgecombe",35.988278,-77.5843
2024-10-16,27,"Leggett","Ozone","Edgecombe",35.988278,-77.5843
2024-10-17,31,"Leggett","Ozone","Edgecombe",35.988278,-77.5843
2024-10-18,33,"Leggett","Ozone","Edgecombe",35.988278,-77.5843
2024-10-19,35,"Leggett","Ozone","Edgecombe",35.988278,-77.5843
2024-10-20,32,"Leggett","Ozone","Edgecombe",35.988278,-77.5843
2024-10-21,43,"Leggett","Ozone","Edgecombe",35.988278,-77.5843
2024-10-22,44,"Leggett","Ozone","Edgecombe",35.988278,-77.5843
2024-10-23,39,"Leggett","Ozone","Edgecombe",35.988278,-77.5843
2024-10-24,40,"Leggett","Ozone","Edgecombe",35.988278,-77.5843
2024-10-25,39,"Leggett","Ozone","Edgecombe",35.988278,-77.5843
2024-10-26,39,"Leggett","Ozone","Edgecombe",35.988278,-77.5843
2024-10-27,25,"Leggett","Ozone","Edgecombe",35.988278,-77.5843
2024-10-28,36,"Leggett","Ozone","Edgecombe",35.988278,-77.5843
2024-10-29,35,"Leggett","Ozone","Edgecombe",35.988278,-77.5843
2024-10-30,31,"Leggett","Ozone","Edgecombe",35.988278,-77.5843
2024-10-31,34,"Leggett","Ozone","Edgecombe",35.988278,-77.5843
2024-03-01,27,"Hattie Avenue","Ozone","Forsyth",36.11094,-80.224501
2024-03-02,35,"Hattie Avenue","Ozone","Forsyth",36.11094,-80.224501
2024-03-03,35,"Hattie Avenue","Ozone","Forsyth",36.11094,-80.224501
2024-03-04,36,"Hattie Avenue","Ozone","Forsyth",36.11094,-80.224501
2024-03-05,40,"Hattie Avenue","Ozone","Forsyth",36.11094,-80.224501
2024-03-06,23,"Hattie Avenue","Ozone","Forsyth",36.11094,-80.224501
2024-03-07,36,"Hattie Avenue","Ozone","Forsyth",36.11094,-80.224501
2024-03-08,32,"Hattie Avenue","Ozone","Forsyth",36.11094,-80.224501
2024-03-09,23,"Hattie Avenue","Ozone","Forsyth",36.11094,-80.224501
2024-03-10,39,"Hattie Avenue","Ozone","Forsyth",36.11094,-80.224501
2024-03-11,43,"Hattie Avenue","Ozone","Forsyth",36.11094,-80.224501
2024-03-12,42,"Hattie Avenue","Ozone","Forsyth",36.11094,-80.224501
2024-03-13,50,"Hattie Avenue","Ozone","Forsyth",36.11094,-80.224501
2024-03-14,80,"Hattie Avenue","Ozone","Forsyth",36.11094,-80.224501
2024-03-15,35,"Hattie Avenue","Ozone","Forsyth",36.11094,-80.224501
2024-03-16,43,"Hattie Avenue","Ozone","Forsyth",36.11094,-80.224501
2024-03-17,42,"Hattie Avenue","Ozone","Forsyth",36.11094,-80.224501
2024-03-18,44,"Hattie Avenue","Ozone","Forsyth",36.11094,-80.224501
2024-03-19,36,"Hattie Avenue","Ozone","Forsyth",36.11094,-80.224501
2024-03-20,44,"Hattie Avenue","Ozone","Forsyth",36.11094,-80.224501
2024-03-21,47,"Hattie Avenue","Ozone","Forsyth",36.11094,-80.224501
2024-03-22,32,"Hattie Avenue","Ozone","Forsyth",36.11094,-80.224501
2024-03-23,40,"Hattie Avenue","Ozone","Forsyth",36.11094,-80.224501
2024-03-24,44,"Hattie Avenue","Ozone","Forsyth",36.11094,-80.224501
2024-03-25,48,"Hattie Avenue","Ozone","Forsyth",36.11094,-80.224501
2024-03-26,33,"Hattie Avenue","Ozone","Forsyth",36.11094,-80.224501
2024-03-27,25,"Hattie Avenue","Ozone","Forsyth",36.11094,-80.224501
2024-03-28,44,"Hattie Avenue","Ozone","Forsyth",36.11094,-80.224501
2024-03-29,47,"Hattie Avenue","Ozone","Forsyth",36.11094,-80.224501
2024-03-30,54,"Hattie Avenue","Ozone","Forsyth",36.11094,-80.224501
2024-03-31,49,"Hattie Avenue","Ozone","Forsyth",36.11094,-80.224501
2024-04-01,45,"Hattie Avenue","Ozone","Forsyth",36.11094,-80.224501
2024-04-02,45,"Hattie Avenue","Ozone","Forsyth",36.11094,-80.224501
2024-04-03,43,"Hattie Avenue","Ozone","Forsyth",36.11094,-80.224501
2024-04-04,37,"Hattie Avenue","Ozone","Forsyth",36.11094,-80.224501
2024-04-05,35,"Hattie Avenue","Ozone","Forsyth",36.11094,-80.224501
2024-04-06,41,"Hattie Avenue","Ozone","Forsyth",36.11094,-80.224501
2024-04-07,47,"Hattie Avenue","Ozone","Forsyth",36.11094,-80.224501
2024-04-08,49,"Hattie Avenue","Ozone","Forsyth",36.11094,-80.224501
2024-04-09,33,"Hattie Avenue","Ozone","Forsyth",36.11094,-80.224501
2024-04-10,36,"Hattie Avenue","Ozone","Forsyth",36.11094,-80.224501
2024-04-11,38,"Hattie Avenue","Ozone","Forsyth",36.11094,-80.224501
2024-04-12,44,"Hattie Avenue","Ozone","Forsyth",36.11094,-80.224501
2024-04-13,45,"Hattie Avenue","Ozone","Forsyth",36.11094,-80.224501
2024-04-14,58,"Hattie Avenue","Ozone","Forsyth",36.11094,-80.224501
2024-04-15,64,"Hattie Avenue","Ozone","Forsyth",36.11094,-80.224501
2024-04-16,67,"Hattie Avenue","Ozone","Forsyth",36.11094,-80.224501
2024-04-17,51,"Hattie Avenue","Ozone","Forsyth",36.11094,-80.224501
2024-04-18,44,"Hattie Avenue","Ozone","Forsyth",36.11094,-80.224501
2024-04-19,46,"Hattie Avenue","Ozone","Forsyth",36.11094,-80.224501
2024-04-20,37,"Hattie Avenue","Ozone","Forsyth",36.11094,-80.224501
2024-04-21,29,"Hattie Avenue","Ozone","Forsyth",36.11094,-80.224501
2024-04-22,43,"Hattie Avenue","Ozone","Forsyth",36.11094,-80.224501
2024-04-23,46,"Hattie Avenue","Ozone","Forsyth",36.11094,-80.224501
2024-04-24,42,"Hattie Avenue","Ozone","Forsyth",36.11094,-80.224501
2024-04-25,61,"Hattie Avenue","Ozone","Forsyth",36.11094,-80.224501
2024-04-26,44,"Hattie Avenue","Ozone","Forsyth",36.11094,-80.224501
2024-04-27,45,"Hattie Avenue","Ozone","Forsyth",36.11094,-80.224501
2024-04-28,44,"Hattie Avenue","Ozone","Forsyth",36.11094,-80.224501
2024-04-29,61,"Hattie Avenue","Ozone","Forsyth",36.11094,-80.224501
2024-04-30,41,"Hattie Avenue","Ozone","Forsyth",36.11094,-80.224501
2024-05-01,46,"Hattie Avenue","Ozone","Forsyth",36.11094,-80.224501
2024-05-02,87,"Hattie Avenue","Ozone","Forsyth",36.11094,-80.224501
2024-05-03,51,"Hattie Avenue","Ozone","Forsyth",36.11094,-80.224501
2024-05-04,18,"Hattie Avenue","Ozone","Forsyth",36.11094,-80.224501
2024-05-05,23,"Hattie Avenue","Ozone","Forsyth",36.11094,-80.224501
2024-05-06,36,"Hattie Avenue","Ozone","Forsyth",36.11094,-80.224501
2024-05-07,33,"Hattie Avenue","Ozone","Forsyth",36.11094,-80.224501
2024-05-08,29,"Hattie Avenue","Ozone","Forsyth",36.11094,-80.224501
2024-05-09,43,"Hattie Avenue","Ozone","Forsyth",36.11094,-80.224501
2024-05-10,42,"Hattie Avenue","Ozone","Forsyth",36.11094,-80.224501
2024-05-11,40,"Hattie Avenue","Ozone","Forsyth",36.11094,-80.224501
2024-05-12,44,"Hattie Avenue","Ozone","Forsyth",36.11094,-80.224501
2024-05-13,43,"Hattie Avenue","Ozone","Forsyth",36.11094,-80.224501
2024-05-14,30,"Hattie Avenue","Ozone","Forsyth",36.11094,-80.224501
2024-05-15,32,"Hattie Avenue","Ozone","Forsyth",36.11094,-80.224501
2024-05-16,44,"Hattie Avenue","Ozone","Forsyth",36.11094,-80.224501
2024-05-17,35,"Hattie Avenue","Ozone","Forsyth",36.11094,-80.224501
2024-05-18,36,"Hattie Avenue","Ozone","Forsyth",36.11094,-80.224501
2024-05-19,39,"Hattie Avenue","Ozone","Forsyth",36.11094,-80.224501
2024-05-20,43,"Hattie Avenue","Ozone","Forsyth",36.11094,-80.224501
2024-05-21,64,"Hattie Avenue","Ozone","Forsyth",36.11094,-80.224501
2024-05-22,61,"Hattie Avenue","Ozone","Forsyth",36.11094,-80.224501
2024-05-23,43,"Hattie Avenue","Ozone","Forsyth",36.11094,-80.224501
2024-05-24,42,"Hattie Avenue","Ozone","Forsyth",36.11094,-80.224501
2024-05-25,44,"Hattie Avenue","Ozone","Forsyth",36.11094,-80.224501
2024-05-26,48,"Hattie Avenue","Ozone","Forsyth",36.11094,-80.224501
2024-05-27,47,"Hattie Avenue","Ozone","Forsyth",36.11094,-80.224501
2024-05-28,44,"Hattie Avenue","Ozone","Forsyth",36.11094,-80.224501
2024-05-29,48,"Hattie Avenue","Ozone","Forsyth",36.11094,-80.224501
2024-05-30,42,"Hattie Avenue","Ozone","Forsyth",36.11094,-80.224501
2024-05-31,58,"Hattie Avenue","Ozone","Forsyth",36.11094,-80.224501
2024-06-01,54,"Hattie Avenue","Ozone","Forsyth",36.11094,-80.224501
2024-06-02,43,"Hattie Avenue","Ozone","Forsyth",36.11094,-80.224501
2024-06-03,39,"Hattie Avenue","Ozone","Forsyth",36.11094,-80.224501
2024-06-04,46,"Hattie Avenue","Ozone","Forsyth",36.11094,-80.224501
2024-06-05,37,"Hattie Avenue","Ozone","Forsyth",36.11094,-80.224501
2024-06-06,40,"Hattie Avenue","Ozone","Forsyth",36.11094,-80.224501
2024-06-07,48,"Hattie Avenue","Ozone","Forsyth",36.11094,-80.224501
2024-06-08,67,"Hattie Avenue","Ozone","Forsyth",36.11094,-80.224501
2024-06-09,43,"Hattie Avenue","Ozone","Forsyth",36.11094,-80.224501
2024-06-10,47,"Hattie Avenue","Ozone","Forsyth",36.11094,-80.224501
2024-06-11,44,"Hattie Avenue","Ozone","Forsyth",36.11094,-80.224501
2024-06-12,71,"Hattie Avenue","Ozone","Forsyth",36.11094,-80.224501
2024-06-13,64,"Hattie Avenue","Ozone","Forsyth",36.11094,-80.224501
2024-06-14,54,"Hattie Avenue","Ozone","Forsyth",36.11094,-80.224501
2024-06-15,77,"Hattie Avenue","Ozone","Forsyth",36.11094,-80.224501
2024-06-16,45,"Hattie Avenue","Ozone","Forsyth",36.11094,-80.224501
2024-06-17,46,"Hattie Avenue","Ozone","Forsyth",36.11094,-80.224501
2024-06-18,50,"Hattie Avenue","Ozone","Forsyth",36.11094,-80.224501
2024-06-19,71,"Hattie Avenue","Ozone","Forsyth",36.11094,-80.224501
2024-06-20,58,"Hattie Avenue","Ozone","Forsyth",36.11094,-80.224501
2024-06-21,67,"Hattie Avenue","Ozone","Forsyth",36.11094,-80.224501
2024-06-22,36,"Hattie Avenue","Ozone","Forsyth",36.11094,-80.224501
2024-06-23,39,"Hattie Avenue","Ozone","Forsyth",36.11094,-80.224501
2024-06-24,61,"Hattie Avenue","Ozone","Forsyth",36.11094,-80.224501
2024-06-25,71,"Hattie Avenue","Ozone","Forsyth",36.11094,-80.224501
2024-06-26,105,"Hattie Avenue","Ozone","Forsyth",36.11094,-80.224501
2024-06-27,49,"Hattie Avenue","Ozone","Forsyth",36.11094,-80.224501
2024-06-28,77,"Hattie Avenue","Ozone","Forsyth",36.11094,-80.224501
2024-06-29,39,"Hattie Avenue","Ozone","Forsyth",36.11094,-80.224501
2024-06-30,37,"Hattie Avenue","Ozone","Forsyth",36.11094,-80.224501
2024-07-01,48,"Hattie Avenue","Ozone","Forsyth",36.11094,-80.224501
2024-07-02,84,"Hattie Avenue","Ozone","Forsyth",36.11094,-80.224501
2024-07-03,67,"Hattie Avenue","Ozone","Forsyth",36.11094,-80.224501
2024-07-04,46,"Hattie Avenue","Ozone","Forsyth",36.11094,-80.224501
2024-07-05,41,"Hattie Avenue","Ozone","Forsyth",36.11094,-80.224501
2024-07-06,46,"Hattie Avenue","Ozone","Forsyth",36.11094,-80.224501
2024-07-07,31,"Hattie Avenue","Ozone","Forsyth",36.11094,-80.224501
2024-07-08,58,"Hattie Avenue","Ozone","Forsyth",36.11094,-80.224501
2024-07-09,64,"Hattie Avenue","Ozone","Forsyth",36.11094,-80.224501
2024-07-10,48,"Hattie Avenue","Ozone","Forsyth",36.11094,-80.224501
2024-07-11,61,"Hattie Avenue","Ozone","Forsyth",36.11094,-80.224501
2024-07-12,32,"Hattie Avenue","Ozone","Forsyth",36.11094,-80.224501
2024-07-13,51,"Hattie Avenue","Ozone","Forsyth",36.11094,-80.224501
2024-07-14,50,"Hattie Avenue","Ozone","Forsyth",36.11094,-80.224501
2024-07-15,64,"Hattie Avenue","Ozone","Forsyth",36.11094,-80.224501
2024-07-16,47,"Hattie Avenue","Ozone","Forsyth",36.11094,-80.224501
2024-07-17,45,"Hattie Avenue","Ozone","Forsyth",36.11094,-80.224501
2024-07-18,44,"Hattie Avenue","Ozone","Forsyth",36.11094,-80.224501
2024-07-19,46,"Hattie Avenue","Ozone","Forsyth",36.11094,-80.224501
2024-07-20,32,"Hattie Avenue","Ozone","Forsyth",36.11094,-80.224501
2024-07-21,37,"Hattie Avenue","Ozone","Forsyth",36.11094,-80.224501
2024-07-22,38,"Hattie Avenue","Ozone","Forsyth",36.11094,-80.224501
2024-07-23,41,"Hattie Avenue","Ozone","Forsyth",36.11094,-80.224501
2024-07-24,38,"Hattie Avenue","Ozone","Forsyth",36.11094,-80.224501
2024-07-25,27,"Hattie Avenue","Ozone","Forsyth",36.11094,-80.224501
2024-07-26,38,"Hattie Avenue","Ozone","Forsyth",36.11094,-80.224501
2024-07-27,49,"Hattie Avenue","Ozone","Forsyth",36.11094,-80.224501
2024-07-28,47,"Hattie Avenue","Ozone","Forsyth",36.11094,-80.224501
2024-07-29,33,"Hattie Avenue","Ozone","Forsyth",36.11094,-80.224501
2024-07-30,47,"Hattie Avenue","Ozone","Forsyth",36.11094,-80.224501
2024-07-31,47,"Hattie Avenue","Ozone","Forsyth",36.11094,-80.224501
2024-08-01,46,"Hattie Avenue","Ozone","Forsyth",36.11094,-80.224501
2024-08-02,37,"Hattie Avenue","Ozone","Forsyth",36.11094,-80.224501
2024-08-03,38,"Hattie Avenue","Ozone","Forsyth",36.11094,-80.224501
2024-08-04,41,"Hattie Avenue","Ozone","Forsyth",36.11094,-80.224501
2024-08-05,47,"Hattie Avenue","Ozone","Forsyth",36.11094,-80.224501
2024-08-06,26,"Hattie Avenue","Ozone","Forsyth",36.11094,-80.224501
2024-08-07,26,"Hattie Avenue","Ozone","Forsyth",36.11094,-80.224501
2024-08-08,30,"Hattie Avenue","Ozone","Forsyth",36.11094,-80.224501
2024-08-09,32,"Hattie Avenue","Ozone","Forsyth",36.11094,-80.224501
2024-08-10,44,"Hattie Avenue","Ozone","Forsyth",36.11094,-80.224501
2024-08-11,77,"Hattie Avenue","Ozone","Forsyth",36.11094,-80.224501
2024-08-12,44,"Hattie Avenue","Ozone","Forsyth",36.11094,-80.224501
2024-08-13,28,"Hattie Avenue","Ozone","Forsyth",36.11094,-80.224501
2024-08-14,46,"Hattie Avenue","Ozone","Forsyth",36.11094,-80.224501
2024-08-15,47,"Hattie Avenue","Ozone","Forsyth",36.11094,-80.224501
2024-08-16,51,"Hattie Avenue","Ozone","Forsyth",36.11094,-80.224501
2024-08-17,39,"Hattie Avenue","Ozone","Forsyth",36.11094,-80.224501
2024-08-18,40,"Hattie Avenue","Ozone","Forsyth",36.11094,-80.224501
2024-08-19,32,"Hattie Avenue","Ozone","Forsyth",36.11094,-80.224501
2024-08-20,38,"Hattie Avenue","Ozone","Forsyth",36.11094,-80.224501
2024-08-21,43,"Hattie Avenue","Ozone","Forsyth",36.11094,-80.224501
2024-08-22,54,"Hattie Avenue","Ozone","Forsyth",36.11094,-80.224501
2024-08-23,48,"Hattie Avenue","Ozone","Forsyth",36.11094,-80.224501
2024-08-24,45,"Hattie Avenue","Ozone","Forsyth",36.11094,-80.224501
2024-08-25,49,"Hattie Avenue","Ozone","Forsyth",36.11094,-80.224501
2024-08-26,105,"Hattie Avenue","Ozone","Forsyth",36.11094,-80.224501
2024-08-27,112,"Hattie Avenue","Ozone","Forsyth",36.11094,-80.224501
2024-08-28,71,"Hattie Avenue","Ozone","Forsyth",36.11094,-80.224501
2024-08-29,67,"Hattie Avenue","Ozone","Forsyth",36.11094,-80.224501
2024-08-30,64,"Hattie Avenue","Ozone","Forsyth",36.11094,-80.224501
2024-08-31,46,"Hattie Avenue","Ozone","Forsyth",36.11094,-80.224501
2024-09-01,39,"Hattie Avenue","Ozone","Forsyth",36.11094,-80.224501
2024-09-02,37,"Hattie Avenue","Ozone","Forsyth",36.11094,-80.224501
2024-09-03,33,"Hattie Avenue","Ozone","Forsyth",36.11094,-80.224501
2024-09-04,41,"Hattie Avenue","Ozone","Forsyth",36.11094,-80.224501
2024-09-05,41,"Hattie Avenue","Ozone","Forsyth",36.11094,-80.224501
2024-09-06,48,"Hattie Avenue","Ozone","Forsyth",36.11094,-80.224501
2024-09-07,36,"Hattie Avenue","Ozone","Forsyth",36.11094,-80.224501
2024-09-08,41,"Hattie Avenue","Ozone","Forsyth",36.11094,-80.224501
2024-09-09,47,"Hattie Avenue","Ozone","Forsyth",36.11094,-80.224501
2024-09-10,47,"Hattie Avenue","Ozone","Forsyth",36.11094,-80.224501
2024-09-11,64,"Hattie Avenue","Ozone","Forsyth",36.11094,-80.224501
2024-09-12,46,"Hattie Avenue","Ozone","Forsyth",36.11094,-80.224501
2024-09-13,29,"Hattie Avenue","Ozone","Forsyth",36.11094,-80.224501
2024-09-14,31,"Hattie Avenue","Ozone","Forsyth",36.11094,-80.224501
2024-09-15,29,"Hattie Avenue","Ozone","Forsyth",36.11094,-80.224501
2024-09-16,29,"Hattie Avenue","Ozone","Forsyth",36.11094,-80.224501
2024-09-17,21,"Hattie Avenue","Ozone","Forsyth",36.11094,-80.224501
2024-09-18,36,"Hattie Avenue","Ozone","Forsyth",36.11094,-80.224501
2024-09-19,23,"Hattie Avenue","Ozone","Forsyth",36.11094,-80.224501
2024-09-20,32,"Hattie Avenue","Ozone","Forsyth",36.11094,-80.224501
2024-09-21,45,"Hattie Avenue","Ozone","Forsyth",36.11094,-80.224501
2024-09-22,49,"Hattie Avenue","Ozone","Forsyth",36.11094,-80.224501
2024-09-23,19,"Hattie Avenue","Ozone","Forsyth",36.11094,-80.224501
2024-09-24,24,"Hattie Avenue","Ozone","Forsyth",36.11094,-80.224501
2024-09-25,35,"Hattie Avenue","Ozone","Forsyth",36.11094,-80.224501
2024-09-26,23,"Hattie Avenue","Ozone","Forsyth",36.11094,-80.224501
2024-09-27,23,"Hattie Avenue","Ozone","Forsyth",36.11094,-80.224501
2024-09-28,39,"Hattie Avenue","Ozone","Forsyth",36.11094,-80.224501
2024-09-29,38,"Hattie Avenue","Ozone","Forsyth",36.11094,-80.224501
2024-09-30,32,"Hattie Avenue","Ozone","Forsyth",36.11094,-80.224501
2024-10-01,22,"Hattie Avenue","Ozone","Forsyth",36.11094,-80.224501
2024-10-02,32,"Hattie Avenue","Ozone","Forsyth",36.11094,-80.224501
2024-10-03,33,"Hattie Avenue","Ozone","Forsyth",36.11094,-80.224501
2024-10-04,32,"Hattie Avenue","Ozone","Forsyth",36.11094,-80.224501
2024-10-05,54,"Hattie Avenue","Ozone","Forsyth",36.11094,-80.224501
2024-10-06,36,"Hattie Avenue","Ozone","Forsyth",36.11094,-80.224501
2024-10-07,44,"Hattie Avenue","Ozone","Forsyth",36.11094,-80.224501
2024-10-08,37,"Hattie Avenue","Ozone","Forsyth",36.11094,-80.224501
2024-10-09,44,"Hattie Avenue","Ozone","Forsyth",36.11094,-80.224501
2024-10-10,33,"Hattie Avenue","Ozone","Forsyth",36.11094,-80.224501
2024-10-11,33,"Hattie Avenue","Ozone","Forsyth",36.11094,-80.224501
2024-10-12,41,"Hattie Avenue","Ozone","Forsyth",36.11094,-80.224501
2024-10-13,46,"Hattie Avenue","Ozone","Forsyth",36.11094,-80.224501
2024-10-14,37,"Hattie Avenue","Ozone","Forsyth",36.11094,-80.224501
2024-10-15,30,"Hattie Avenue","Ozone","Forsyth",36.11094,-80.224501
2024-10-16,25,"Hattie Avenue","Ozone","Forsyth",36.11094,-80.224501
2024-10-17,34,"Hattie Avenue","Ozone","Forsyth",36.11094,-80.224501
2024-10-18,34,"Hattie Avenue","Ozone","Forsyth",36.11094,-80.224501
2024-10-19,38,"Hattie Avenue","Ozone","Forsyth",36.11094,-80.224501
2024-10-20,40,"Hattie Avenue","Ozone","Forsyth",36.11094,-80.224501
2024-10-21,44,"Hattie Avenue","Ozone","Forsyth",36.11094,-80.224501
2024-10-22,50,"Hattie Avenue","Ozone","Forsyth",36.11094,-80.224501
2024-10-23,45,"Hattie Avenue","Ozone","Forsyth",36.11094,-80.224501
2024-10-24,45,"Hattie Avenue","Ozone","Forsyth",36.11094,-80.224501
2024-10-25,51,"Hattie Avenue","Ozone","Forsyth",36.11094,-80.224501
2024-10-26,45,"Hattie Avenue","Ozone","Forsyth",36.11094,-80.224501
2024-10-27,30,"Hattie Avenue","Ozone","Forsyth",36.11094,-80.224501
2024-10-28,38,"Hattie Avenue","Ozone","Forsyth",36.11094,-80.224501
2024-10-29,44,"Hattie Avenue","Ozone","Forsyth",36.11094,-80.224501
2024-10-30,39,"Hattie Avenue","Ozone","Forsyth",36.11094,-80.224501
2024-03-01,27,"Clemmons Middle","Ozone","Forsyth",36.026612,-80.341962
2024-03-02,37,"Clemmons Middle","Ozone","Forsyth",36.026612,-80.341962
2024-03-03,39,"Clemmons Middle","Ozone","Forsyth",36.026612,-80.341962
2024-03-04,40,"Clemmons Middle","Ozone","Forsyth",36.026612,-80.341962
2024-03-05,44,"Clemmons Middle","Ozone","Forsyth",36.026612,-80.341962
2024-03-06,23,"Clemmons Middle","Ozone","Forsyth",36.026612,-80.341962
2024-03-07,40,"Clemmons Middle","Ozone","Forsyth",36.026612,-80.341962
2024-03-08,36,"Clemmons Middle","Ozone","Forsyth",36.026612,-80.341962
2024-03-09,25,"Clemmons Middle","Ozone","Forsyth",36.026612,-80.341962
2024-03-10,44,"Clemmons Middle","Ozone","Forsyth",36.026612,-80.341962
2024-03-11,46,"Clemmons Middle","Ozone","Forsyth",36.026612,-80.341962
2024-03-12,47,"Clemmons Middle","Ozone","Forsyth",36.026612,-80.341962
2024-03-13,67,"Clemmons Middle","Ozone","Forsyth",36.026612,-80.341962
2024-03-14,100,"Clemmons Middle","Ozone","Forsyth",36.026612,-80.341962
2024-03-15,39,"Clemmons Middle","Ozone","Forsyth",36.026612,-80.341962
2024-03-16,45,"Clemmons Middle","Ozone","Forsyth",36.026612,-80.341962
2024-03-17,44,"Clemmons Middle","Ozone","Forsyth",36.026612,-80.341962
2024-03-18,47,"Clemmons Middle","Ozone","Forsyth",36.026612,-80.341962
2024-03-19,42,"Clemmons Middle","Ozone","Forsyth",36.026612,-80.341962
2024-03-20,49,"Clemmons Middle","Ozone","Forsyth",36.026612,-80.341962
2024-03-21,54,"Clemmons Middle","Ozone","Forsyth",36.026612,-80.341962
2024-03-22,35,"Clemmons Middle","Ozone","Forsyth",36.026612,-80.341962
2024-03-23,44,"Clemmons Middle","Ozone","Forsyth",36.026612,-80.341962
2024-03-24,48,"Clemmons Middle","Ozone","Forsyth",36.026612,-80.341962
2024-03-25,58,"Clemmons Middle","Ozone","Forsyth",36.026612,-80.341962
2024-03-26,35,"Clemmons Middle","Ozone","Forsyth",36.026612,-80.341962
2024-03-27,26,"Clemmons Middle","Ozone","Forsyth",36.026612,-80.341962
2024-03-28,48,"Clemmons Middle","Ozone","Forsyth",36.026612,-80.341962
2024-03-29,54,"Clemmons Middle","Ozone","Forsyth",36.026612,-80.341962
2024-03-30,71,"Clemmons Middle","Ozone","Forsyth",36.026612,-80.341962
2024-03-31,64,"Clemmons Middle","Ozone","Forsyth",36.026612,-80.341962
2024-04-01,50,"Clemmons Middle","Ozone","Forsyth",36.026612,-80.341962
2024-04-02,49,"Clemmons Middle","Ozone","Forsyth",36.026612,-80.341962
2024-04-03,47,"Clemmons Middle","Ozone","Forsyth",36.026612,-80.341962
2024-04-04,42,"Clemmons Middle","Ozone","Forsyth",36.026612,-80.341962
2024-04-05,40,"Clemmons Middle","Ozone","Forsyth",36.026612,-80.341962
2024-04-06,45,"Clemmons Middle","Ozone","Forsyth",36.026612,-80.341962
2024-04-07,49,"Clemmons Middle","Ozone","Forsyth",36.026612,-80.341962
2024-04-08,58,"Clemmons Middle","Ozone","Forsyth",36.026612,-80.341962
2024-04-09,41,"Clemmons Middle","Ozone","Forsyth",36.026612,-80.341962
2024-04-10,39,"Clemmons Middle","Ozone","Forsyth",36.026612,-80.341962
2024-04-11,41,"Clemmons Middle","Ozone","Forsyth",36.026612,-80.341962
2024-04-12,48,"Clemmons Middle","Ozone","Forsyth",36.026612,-80.341962
2024-04-13,50,"Clemmons Middle","Ozone","Forsyth",36.026612,-80.341962
2024-04-14,74,"Clemmons Middle","Ozone","Forsyth",36.026612,-80.341962
2024-04-15,84,"Clemmons Middle","Ozone","Forsyth",36.026612,-80.341962
2024-04-16,80,"Clemmons Middle","Ozone","Forsyth",36.026612,-80.341962
2024-04-17,71,"Clemmons Middle","Ozone","Forsyth",36.026612,-80.341962
2024-04-18,47,"Clemmons Middle","Ozone","Forsyth",36.026612,-80.341962
2024-04-19,58,"Clemmons Middle","Ozone","Forsyth",36.026612,-80.341962
2024-04-20,39,"Clemmons Middle","Ozone","Forsyth",36.026612,-80.341962
2024-04-21,31,"Clemmons Middle","Ozone","Forsyth",36.026612,-80.341962
2024-04-22,44,"Clemmons Middle","Ozone","Forsyth",36.026612,-80.341962
2024-04-23,49,"Clemmons Middle","Ozone","Forsyth",36.026612,-80.341962
2024-04-24,44,"Clemmons Middle","Ozone","Forsyth",36.026612,-80.341962
2024-04-25,71,"Clemmons Middle","Ozone","Forsyth",36.026612,-80.341962
2024-04-26,47,"Clemmons Middle","Ozone","Forsyth",36.026612,-80.341962
2024-04-27,49,"Clemmons Middle","Ozone","Forsyth",36.026612,-80.341962
2024-04-28,47,"Clemmons Middle","Ozone","Forsyth",36.026612,-80.341962
2024-04-29,77,"Clemmons Middle","Ozone","Forsyth",36.026612,-80.341962
2024-04-30,45,"Clemmons Middle","Ozone","Forsyth",36.026612,-80.341962
2024-05-01,51,"Clemmons Middle","Ozone","Forsyth",36.026612,-80.341962
2024-05-02,84,"Clemmons Middle","Ozone","Forsyth",36.026612,-80.341962
2024-05-03,61,"Clemmons Middle","Ozone","Forsyth",36.026612,-80.341962
2024-05-04,26,"Clemmons Middle","Ozone","Forsyth",36.026612,-80.341962
2024-05-05,27,"Clemmons Middle","Ozone","Forsyth",36.026612,-80.341962
2024-05-06,41,"Clemmons Middle","Ozone","Forsyth",36.026612,-80.341962
2024-05-07,36,"Clemmons Middle","Ozone","Forsyth",36.026612,-80.341962
2024-05-08,33,"Clemmons Middle","Ozone","Forsyth",36.026612,-80.341962
2024-05-09,45,"Clemmons Middle","Ozone","Forsyth",36.026612,-80.341962
2024-05-11,40,"Clemmons Middle","Ozone","Forsyth",36.026612,-80.341962
2024-05-12,44,"Clemmons Middle","Ozone","Forsyth",36.026612,-80.341962
2024-05-13,42,"Clemmons Middle","Ozone","Forsyth",36.026612,-80.341962
2024-05-14,28,"Clemmons Middle","Ozone","Forsyth",36.026612,-80.341962
2024-05-15,31,"Clemmons Middle","Ozone","Forsyth",36.026612,-80.341962
2024-05-16,42,"Clemmons Middle","Ozone","Forsyth",36.026612,-80.341962
2024-05-17,35,"Clemmons Middle","Ozone","Forsyth",36.026612,-80.341962
2024-05-18,34,"Clemmons Middle","Ozone","Forsyth",36.026612,-80.341962
2024-05-19,40,"Clemmons Middle","Ozone","Forsyth",36.026612,-80.341962
2024-05-20,44,"Clemmons Middle","Ozone","Forsyth",36.026612,-80.341962
2024-05-21,49,"Clemmons Middle","Ozone","Forsyth",36.026612,-80.341962
2024-05-22,51,"Clemmons Middle","Ozone","Forsyth",36.026612,-80.341962
2024-05-23,43,"Clemmons Middle","Ozone","Forsyth",36.026612,-80.341962
2024-05-24,43,"Clemmons Middle","Ozone","Forsyth",36.026612,-80.341962
2024-05-25,43,"Clemmons Middle","Ozone","Forsyth",36.026612,-80.341962
2024-05-26,44,"Clemmons Middle","Ozone","Forsyth",36.026612,-80.341962
2024-05-27,48,"Clemmons Middle","Ozone","Forsyth",36.026612,-80.341962
2024-05-28,45,"Clemmons Middle","Ozone","Forsyth",36.026612,-80.341962
2024-05-29,50,"Clemmons Middle","Ozone","Forsyth",36.026612,-80.341962
2024-05-30,42,"Clemmons Middle","Ozone","Forsyth",36.026612,-80.341962
2024-05-31,51,"Clemmons Middle","Ozone","Forsyth",36.026612,-80.341962
2024-06-01,51,"Clemmons Middle","Ozone","Forsyth",36.026612,-80.341962
2024-06-02,41,"Clemmons Middle","Ozone","Forsyth",36.026612,-80.341962
2024-06-03,35,"Clemmons Middle","Ozone","Forsyth",36.026612,-80.341962
2024-06-04,43,"Clemmons Middle","Ozone","Forsyth",36.026612,-80.341962
2024-06-05,35,"Clemmons Middle","Ozone","Forsyth",36.026612,-80.341962
2024-06-06,40,"Clemmons Middle","Ozone","Forsyth",36.026612,-80.341962
2024-06-07,51,"Clemmons Middle","Ozone","Forsyth",36.026612,-80.341962
2024-06-08,61,"Clemmons Middle","Ozone","Forsyth",36.026612,-80.341962
2024-06-09,42,"Clemmons Middle","Ozone","Forsyth",36.026612,-80.341962
2024-06-10,49,"Clemmons Middle","Ozone","Forsyth",36.026612,-80.341962
2024-06-11,45,"Clemmons Middle","Ozone","Forsyth",36.026612,-80.341962
2024-06-12,64,"Clemmons Middle","Ozone","Forsyth",36.026612,-80.341962
2024-06-13,54,"Clemmons Middle","Ozone","Forsyth",36.026612,-80.341962
2024-06-14,58,"Clemmons Middle","Ozone","Forsyth",36.026612,-80.341962
2024-06-15,87,"Clemmons Middle","Ozone","Forsyth",36.026612,-80.341962
2024-06-16,44,"Clemmons Middle","Ozone","Forsyth",36.026612,-80.341962
2024-06-17,44,"Clemmons Middle","Ozone","Forsyth",36.026612,-80.341962
2024-06-18,46,"Clemmons Middle","Ozone","Forsyth",36.026612,-80.341962
2024-06-19,47,"Clemmons Middle","Ozone","Forsyth",36.026612,-80.341962
2024-06-20,46,"Clemmons Middle","Ozone","Forsyth",36.026612,-80.341962
2024-06-21,50,"Clemmons Middle","Ozone","Forsyth",36.026612,-80.341962
2024-06-22,33,"Clemmons Middle","Ozone","Forsyth",36.026612,-80.341962
2024-06-23,37,"Clemmons Middle","Ozone","Forsyth",36.026612,-80.341962
2024-06-24,51,"Clemmons Middle","Ozone","Forsyth",36.026612,-80.341962
2024-06-25,64,"Clemmons Middle","Ozone","Forsyth",36.026612,-80.341962
2024-06-26,100,"Clemmons Middle","Ozone","Forsyth",36.026612,-80.341962
2024-06-27,40,"Clemmons Middle","Ozone","Forsyth",36.026612,-80.341962
2024-06-28,67,"Clemmons Middle","Ozone","Forsyth",36.026612,-80.341962
2024-06-29,36,"Clemmons Middle","Ozone","Forsyth",36.026612,-80.341962
2024-06-30,36,"Clemmons Middle","Ozone","Forsyth",36.026612,-80.341962
2024-07-01,49,"Clemmons Middle","Ozone","Forsyth",36.026612,-80.341962
2024-07-02,71,"Clemmons Middle","Ozone","Forsyth",36.026612,-80.341962
2024-07-03,64,"Clemmons Middle","Ozone","Forsyth",36.026612,-80.341962
2024-07-04,45,"Clemmons Middle","Ozone","Forsyth",36.026612,-80.341962
2024-07-05,38,"Clemmons Middle","Ozone","Forsyth",36.026612,-80.341962
2024-07-06,44,"Clemmons Middle","Ozone","Forsyth",36.026612,-80.341962
2024-07-07,29,"Clemmons Middle","Ozone","Forsyth",36.026612,-80.341962
2024-07-08,44,"Clemmons Middle","Ozone","Forsyth",36.026612,-80.341962
2024-07-09,50,"Clemmons Middle","Ozone","Forsyth",36.026612,-80.341962
2024-07-10,46,"Clemmons Middle","Ozone","Forsyth",36.026612,-80.341962
2024-07-11,51,"Clemmons Middle","Ozone","Forsyth",36.026612,-80.341962
2024-07-12,30,"Clemmons Middle","Ozone","Forsyth",36.026612,-80.341962
2024-07-13,46,"Clemmons Middle","Ozone","Forsyth",36.026612,-80.341962
2024-07-14,44,"Clemmons Middle","Ozone","Forsyth",36.026612,-80.341962
2024-07-15,50,"Clemmons Middle","Ozone","Forsyth",36.026612,-80.341962
2024-07-16,43,"Clemmons Middle","Ozone","Forsyth",36.026612,-80.341962
2024-07-17,44,"Clemmons Middle","Ozone","Forsyth",36.026612,-80.341962
2024-07-18,43,"Clemmons Middle","Ozone","Forsyth",36.026612,-80.341962
2024-07-19,46,"Clemmons Middle","Ozone","Forsyth",36.026612,-80.341962
2024-07-20,32,"Clemmons Middle","Ozone","Forsyth",36.026612,-80.341962
2024-07-21,31,"Clemmons Middle","Ozone","Forsyth",36.026612,-80.341962
2024-07-22,36,"Clemmons Middle","Ozone","Forsyth",36.026612,-80.341962
2024-07-23,38,"Clemmons Middle","Ozone","Forsyth",36.026612,-80.341962
2024-07-24,34,"Clemmons Middle","Ozone","Forsyth",36.026612,-80.341962
2024-07-25,23,"Clemmons Middle","Ozone","Forsyth",36.026612,-80.341962
2024-07-26,36,"Clemmons Middle","Ozone","Forsyth",36.026612,-80.341962
2024-07-27,49,"Clemmons Middle","Ozone","Forsyth",36.026612,-80.341962
2024-07-28,43,"Clemmons Middle","Ozone","Forsyth",36.026612,-80.341962
2024-07-29,31,"Clemmons Middle","Ozone","Forsyth",36.026612,-80.341962
2024-07-30,44,"Clemmons Middle","Ozone","Forsyth",36.026612,-80.341962
2024-07-31,43,"Clemmons Middle","Ozone","Forsyth",36.026612,-80.341962
2024-08-01,43,"Clemmons Middle","Ozone","Forsyth",36.026612,-80.341962
2024-08-02,35,"Clemmons Middle","Ozone","Forsyth",36.026612,-80.341962
2024-08-03,36,"Clemmons Middle","Ozone","Forsyth",36.026612,-80.341962
2024-08-04,42,"Clemmons Middle","Ozone","Forsyth",36.026612,-80.341962
2024-08-05,44,"Clemmons Middle","Ozone","Forsyth",36.026612,-80.341962
2024-08-06,24,"Clemmons Middle","Ozone","Forsyth",36.026612,-80.341962
2024-08-07,24,"Clemmons Middle","Ozone","Forsyth",36.026612,-80.341962
2024-08-08,28,"Clemmons Middle","Ozone","Forsyth",36.026612,-80.341962
2024-08-09,31,"Clemmons Middle","Ozone","Forsyth",36.026612,-80.341962
2024-08-10,39,"Clemmons Middle","Ozone","Forsyth",36.026612,-80.341962
2024-08-11,67,"Clemmons Middle","Ozone","Forsyth",36.026612,-80.341962
2024-08-12,44,"Clemmons Middle","Ozone","Forsyth",36.026612,-80.341962
2024-08-13,20,"Clemmons Middle","Ozone","Forsyth",36.026612,-80.341962
2024-08-14,48,"Clemmons Middle","Ozone","Forsyth",36.026612,-80.341962
2024-08-15,44,"Clemmons Middle","Ozone","Forsyth",36.026612,-80.341962
2024-08-16,50,"Clemmons Middle","Ozone","Forsyth",36.026612,-80.341962
2024-08-17,35,"Clemmons Middle","Ozone","Forsyth",36.026612,-80.341962
2024-08-18,37,"Clemmons Middle","Ozone","Forsyth",36.026612,-80.341962
2024-08-19,29,"Clemmons Middle","Ozone","Forsyth",36.026612,-80.341962
2024-08-20,37,"Clemmons Middle","Ozone","Forsyth",36.026612,-80.341962
2024-08-21,45,"Clemmons Middle","Ozone","Forsyth",36.026612,-80.341962
2024-08-22,48,"Clemmons Middle","Ozone","Forsyth",36.026612,-80.341962
2024-08-23,54,"Clemmons Middle","Ozone","Forsyth",36.026612,-80.341962
2024-08-24,49,"Clemmons Middle","Ozone","Forsyth",36.026612,-80.341962
2024-08-25,51,"Clemmons Middle","Ozone","Forsyth",36.026612,-80.341962
2024-08-26,54,"Clemmons Middle","Ozone","Forsyth",36.026612,-80.341962
2024-08-27,97,"Clemmons Middle","Ozone","Forsyth",36.026612,-80.341962
2024-08-28,58,"Clemmons Middle","Ozone","Forsyth",36.026612,-80.341962
2024-08-29,50,"Clemmons Middle","Ozone","Forsyth",36.026612,-80.341962
2024-08-30,46,"Clemmons Middle","Ozone","Forsyth",36.026612,-80.341962
2024-08-31,42,"Clemmons Middle","Ozone","Forsyth",36.026612,-80.341962
2024-09-01,35,"Clemmons Middle","Ozone","Forsyth",36.026612,-80.341962
2024-09-02,39,"Clemmons Middle","Ozone","Forsyth",36.026612,-80.341962
2024-09-03,33,"Clemmons Middle","Ozone","Forsyth",36.026612,-80.341962
2024-09-04,41,"Clemmons Middle","Ozone","Forsyth",36.026612,-80.341962
2024-09-05,40,"Clemmons Middle","Ozone","Forsyth",36.026612,-80.341962
2024-09-06,51,"Clemmons Middle","Ozone","Forsyth",36.026612,-80.341962
2024-09-07,36,"Clemmons Middle","Ozone","Forsyth",36.026612,-80.341962
2024-09-08,38,"Clemmons Middle","Ozone","Forsyth",36.026612,-80.341962
2024-09-09,42,"Clemmons Middle","Ozone","Forsyth",36.026612,-80.341962
2024-09-10,64,"Clemmons Middle","Ozone","Forsyth",36.026612,-80.341962
2024-09-11,50,"Clemmons Middle","Ozone","Forsyth",36.026612,-80.341962
2024-09-12,51,"Clemmons Middle","Ozone","Forsyth",36.026612,-80.341962
2024-09-13,29,"Clemmons Middle","Ozone","Forsyth",36.026612,-80.341962
2024-09-14,31,"Clemmons Middle","Ozone","Forsyth",36.026612,-80.341962
2024-09-15,29,"Clemmons Middle","Ozone","Forsyth",36.026612,-80.341962
2024-09-16,28,"Clemmons Middle","Ozone","Forsyth",36.026612,-80.341962
2024-09-17,20,"Clemmons Middle","Ozone","Forsyth",36.026612,-80.341962
2024-09-18,40,"Clemmons Middle","Ozone","Forsyth",36.026612,-80.341962
2024-09-19,27,"Clemmons Middle","Ozone","Forsyth",36.026612,-80.341962
2024-09-20,36,"Clemmons Middle","Ozone","Forsyth",36.026612,-80.341962
2024-09-21,44,"Clemmons Middle","Ozone","Forsyth",36.026612,-80.341962
2024-09-22,54,"Clemmons Middle","Ozone","Forsyth",36.026612,-80.341962
2024-09-23,19,"Clemmons Middle","Ozone","Forsyth",36.026612,-80.341962
2024-09-24,24,"Clemmons Middle","Ozone","Forsyth",36.026612,-80.341962
2024-09-25,33,"Clemmons Middle","Ozone","Forsyth",36.026612,-80.341962
2024-09-26,23,"Clemmons Middle","Ozone","Forsyth",36.026612,-80.341962
2024-09-27,25,"Clemmons Middle","Ozone","Forsyth",36.026612,-80.341962
2024-09-28,38,"Clemmons Middle","Ozone","Forsyth",36.026612,-80.341962
2024-09-29,38,"Clemmons Middle","Ozone","Forsyth",36.026612,-80.341962
2024-09-30,31,"Clemmons Middle","Ozone","Forsyth",36.026612,-80.341962
2024-10-01,22,"Clemmons Middle","Ozone","Forsyth",36.026612,-80.341962
2024-10-02,31,"Clemmons Middle","Ozone","Forsyth",36.026612,-80.341962
2024-10-03,32,"Clemmons Middle","Ozone","Forsyth",36.026612,-80.341962
2024-10-04,31,"Clemmons Middle","Ozone","Forsyth",36.026612,-80.341962
2024-10-05,54,"Clemmons Middle","Ozone","Forsyth",36.026612,-80.341962
2024-10-06,32,"Clemmons Middle","Ozone","Forsyth",36.026612,-80.341962
2024-10-07,39,"Clemmons Middle","Ozone","Forsyth",36.026612,-80.341962
2024-10-08,38,"Clemmons Middle","Ozone","Forsyth",36.026612,-80.341962
2024-10-09,44,"Clemmons Middle","Ozone","Forsyth",36.026612,-80.341962
2024-10-10,35,"Clemmons Middle","Ozone","Forsyth",36.026612,-80.341962
2024-10-11,35,"Clemmons Middle","Ozone","Forsyth",36.026612,-80.341962
2024-10-12,39,"Clemmons Middle","Ozone","Forsyth",36.026612,-80.341962
2024-10-13,44,"Clemmons Middle","Ozone","Forsyth",36.026612,-80.341962
2024-10-14,40,"Clemmons Middle","Ozone","Forsyth",36.026612,-80.341962
2024-10-15,29,"Clemmons Middle","Ozone","Forsyth",36.026612,-80.341962
2024-10-16,25,"Clemmons Middle","Ozone","Forsyth",36.026612,-80.341962
2024-10-17,32,"Clemmons Middle","Ozone","Forsyth",36.026612,-80.341962
2024-10-18,33,"Clemmons Middle","Ozone","Forsyth",36.026612,-80.341962
2024-10-19,40,"Clemmons Middle","Ozone","Forsyth",36.026612,-80.341962
2024-10-20,40,"Clemmons Middle","Ozone","Forsyth",36.026612,-80.341962
2024-10-21,42,"Clemmons Middle","Ozone","Forsyth",36.026612,-80.341962
2024-10-22,44,"Clemmons Middle","Ozone","Forsyth",36.026612,-80.341962
2024-10-23,47,"Clemmons Middle","Ozone","Forsyth",36.026612,-80.341962
2024-10-24,44,"Clemmons Middle","Ozone","Forsyth",36.026612,-80.341962
2024-10-25,51,"Clemmons Middle","Ozone","Forsyth",36.026612,-80.341962
2024-10-26,42,"Clemmons Middle","Ozone","Forsyth",36.026612,-80.341962
2024-10-27,29,"Clemmons Middle","Ozone","Forsyth",36.026612,-80.341962
2024-10-28,36,"Clemmons Middle","Ozone","Forsyth",36.026612,-80.341962
2024-10-29,44,"Clemmons Middle","Ozone","Forsyth",36.026612,-80.341962
2024-10-30,41,"Clemmons Middle","Ozone","Forsyth",36.026612,-80.341962
2024-03-01,27,"Union Cross","Ozone","Forsyth",36.051805,-80.144933
2024-03-02,36,"Union Cross","Ozone","Forsyth",36.051805,-80.144933
2024-03-03,35,"Union Cross","Ozone","Forsyth",36.051805,-80.144933
2024-03-04,38,"Union Cross","Ozone","Forsyth",36.051805,-80.144933
2024-03-05,42,"Union Cross","Ozone","Forsyth",36.051805,-80.144933
2024-03-06,26,"Union Cross","Ozone","Forsyth",36.051805,-80.144933
2024-03-07,37,"Union Cross","Ozone","Forsyth",36.051805,-80.144933
2024-03-08,33,"Union Cross","Ozone","Forsyth",36.051805,-80.144933
2024-03-09,24,"Union Cross","Ozone","Forsyth",36.051805,-80.144933
2024-03-10,41,"Union Cross","Ozone","Forsyth",36.051805,-80.144933
2024-03-11,44,"Union Cross","Ozone","Forsyth",36.051805,-80.144933
2024-03-12,44,"Union Cross","Ozone","Forsyth",36.051805,-80.144933
2024-03-13,58,"Union Cross","Ozone","Forsyth",36.051805,-80.144933
2024-03-14,90,"Union Cross","Ozone","Forsyth",36.051805,-80.144933
2024-03-15,36,"Union Cross","Ozone","Forsyth",36.051805,-80.144933
2024-03-16,43,"Union Cross","Ozone","Forsyth",36.051805,-80.144933
2024-03-17,43,"Union Cross","Ozone","Forsyth",36.051805,-80.144933
2024-03-18,44,"Union Cross","Ozone","Forsyth",36.051805,-80.144933
2024-03-19,39,"Union Cross","Ozone","Forsyth",36.051805,-80.144933
2024-03-20,47,"Union Cross","Ozone","Forsyth",36.051805,-80.144933
2024-03-21,47,"Union Cross","Ozone","Forsyth",36.051805,-80.144933
2024-03-22,34,"Union Cross","Ozone","Forsyth",36.051805,-80.144933
2024-03-23,42,"Union Cross","Ozone","Forsyth",36.051805,-80.144933
2024-03-24,45,"Union Cross","Ozone","Forsyth",36.051805,-80.144933
2024-03-25,48,"Union Cross","Ozone","Forsyth",36.051805,-80.144933
2024-03-26,34,"Union Cross","Ozone","Forsyth",36.051805,-80.144933
2024-03-27,23,"Union Cross","Ozone","Forsyth",36.051805,-80.144933
2024-03-28,47,"Union Cross","Ozone","Forsyth",36.051805,-80.144933
2024-03-29,50,"Union Cross","Ozone","Forsyth",36.051805,-80.144933
2024-03-30,71,"Union Cross","Ozone","Forsyth",36.051805,-80.144933
2024-03-31,54,"Union Cross","Ozone","Forsyth",36.051805,-80.144933
2024-04-01,47,"Union Cross","Ozone","Forsyth",36.051805,-80.144933
2024-04-02,48,"Union Cross","Ozone","Forsyth",36.051805,-80.144933
2024-04-03,45,"Union Cross","Ozone","Forsyth",36.051805,-80.144933
2024-04-04,40,"Union Cross","Ozone","Forsyth",36.051805,-80.144933
2024-04-05,38,"Union Cross","Ozone","Forsyth",36.051805,-80.144933
2024-04-06,43,"Union Cross","Ozone","Forsyth",36.051805,-80.144933
2024-04-07,48,"Union Cross","Ozone","Forsyth",36.051805,-80.144933
2024-04-08,58,"Union Cross","Ozone","Forsyth",36.051805,-80.144933
2024-04-09,40,"Union Cross","Ozone","Forsyth",36.051805,-80.144933
2024-04-10,37,"Union Cross","Ozone","Forsyth",36.051805,-80.144933
2024-04-11,38,"Union Cross","Ozone","Forsyth",36.051805,-80.144933
2024-04-12,46,"Union Cross","Ozone","Forsyth",36.051805,-80.144933
2024-04-13,48,"Union Cross","Ozone","Forsyth",36.051805,-80.144933
2024-04-14,67,"Union Cross","Ozone","Forsyth",36.051805,-80.144933
2024-04-15,77,"Union Cross","Ozone","Forsyth",36.051805,-80.144933
2024-04-16,61,"Union Cross","Ozone","Forsyth",36.051805,-80.144933
2024-04-17,61,"Union Cross","Ozone","Forsyth",36.051805,-80.144933
2024-04-18,45,"Union Cross","Ozone","Forsyth",36.051805,-80.144933
2024-04-19,46,"Union Cross","Ozone","Forsyth",36.051805,-80.144933
2024-04-20,40,"Union Cross","Ozone","Forsyth",36.051805,-80.144933
2024-04-21,31,"Union Cross","Ozone","Forsyth",36.051805,-80.144933
2024-04-22,44,"Union Cross","Ozone","Forsyth",36.051805,-80.144933
2024-04-23,49,"Union Cross","Ozone","Forsyth",36.051805,-80.144933
2024-04-24,44,"Union Cross","Ozone","Forsyth",36.051805,-80.144933
2024-04-25,61,"Union Cross","Ozone","Forsyth",36.051805,-80.144933
2024-04-26,44,"Union Cross","Ozone","Forsyth",36.051805,-80.144933
2024-04-27,46,"Union Cross","Ozone","Forsyth",36.051805,-80.144933
2024-04-28,45,"Union Cross","Ozone","Forsyth",36.051805,-80.144933
2024-04-29,67,"Union Cross","Ozone","Forsyth",36.051805,-80.144933
2024-04-30,44,"Union Cross","Ozone","Forsyth",36.051805,-80.144933
2024-05-01,48,"Union Cross","Ozone","Forsyth",36.051805,-80.144933
2024-05-02,77,"Union Cross","Ozone","Forsyth",36.051805,-80.144933
2024-05-03,51,"Union Cross","Ozone","Forsyth",36.051805,-80.144933
2024-05-04,20,"Union Cross","Ozone","Forsyth",36.051805,-80.144933
2024-05-05,25,"Union Cross","Ozone","Forsyth",36.051805,-80.144933
2024-05-06,39,"Union Cross","Ozone","Forsyth",36.051805,-80.144933
2024-05-07,34,"Union Cross","Ozone","Forsyth",36.051805,-80.144933
2024-05-08,36,"Union Cross","Ozone","Forsyth",36.051805,-80.144933
2024-05-09,44,"Union Cross","Ozone","Forsyth",36.051805,-80.144933
2024-05-10,46,"Union Cross","Ozone","Forsyth",36.051805,-80.144933
2024-05-11,43,"Union Cross","Ozone","Forsyth",36.051805,-80.144933
2024-05-12,47,"Union Cross","Ozone","Forsyth",36.051805,-80.144933
2024-05-13,42,"Union Cross","Ozone","Forsyth",36.051805,-80.144933
2024-05-14,31,"Union Cross","Ozone","Forsyth",36.051805,-80.144933
2024-05-15,32,"Union Cross","Ozone","Forsyth",36.051805,-80.144933
2024-05-16,45,"Union Cross","Ozone","Forsyth",36.051805,-80.144933
2024-05-17,36,"Union Cross","Ozone","Forsyth",36.051805,-80.144933
2024-05-18,36,"Union Cross","Ozone","Forsyth",36.051805,-80.144933
2024-05-19,40,"Union Cross","Ozone","Forsyth",36.051805,-80.144933
2024-05-20,44,"Union Cross","Ozone","Forsyth",36.051805,-80.144933
2024-05-21,51,"Union Cross","Ozone","Forsyth",36.051805,-80.144933
2024-05-22,61,"Union Cross","Ozone","Forsyth",36.051805,-80.144933
2024-05-23,49,"Union Cross","Ozone","Forsyth",36.051805,-80.144933
2024-05-24,46,"Union Cross","Ozone","Forsyth",36.051805,-80.144933
2024-05-25,45,"Union Cross","Ozone","Forsyth",36.051805,-80.144933
2024-05-26,49,"Union Cross","Ozone","Forsyth",36.051805,-80.144933
2024-05-27,50,"Union Cross","Ozone","Forsyth",36.051805,-80.144933
2024-05-28,49,"Union Cross","Ozone","Forsyth",36.051805,-80.144933
2024-05-29,58,"Union Cross","Ozone","Forsyth",36.051805,-80.144933
2024-05-30,44,"Union Cross","Ozone","Forsyth",36.051805,-80.144933
2024-05-31,61,"Union Cross","Ozone","Forsyth",36.051805,-80.144933
2024-06-01,51,"Union Cross","Ozone","Forsyth",36.051805,-80.144933
2024-06-02,45,"Union Cross","Ozone","Forsyth",36.051805,-80.144933
2024-06-03,40,"Union Cross","Ozone","Forsyth",36.051805,-80.144933
2024-06-04,44,"Union Cross","Ozone","Forsyth",36.051805,-80.144933
2024-06-05,39,"Union Cross","Ozone","Forsyth",36.051805,-80.144933
2024-06-06,43,"Union Cross","Ozone","Forsyth",36.051805,-80.144933
2024-06-07,64,"Union Cross","Ozone","Forsyth",36.051805,-80.144933
2024-06-08,77,"Union Cross","Ozone","Forsyth",36.051805,-80.144933
2024-06-09,46,"Union Cross","Ozone","Forsyth",36.051805,-80.144933
2024-06-10,58,"Union Cross","Ozone","Forsyth",36.051805,-80.144933
2024-06-11,46,"Union Cross","Ozone","Forsyth",36.051805,-80.144933
2024-06-12,67,"Union Cross","Ozone","Forsyth",36.051805,-80.144933
2024-06-13,64,"Union Cross","Ozone","Forsyth",36.051805,-80.144933
2024-06-14,74,"Union Cross","Ozone","Forsyth",36.051805,-80.144933
2024-06-15,74,"Union Cross","Ozone","Forsyth",36.051805,-80.144933
2024-06-16,47,"Union Cross","Ozone","Forsyth",36.051805,-80.144933
2024-06-17,47,"Union Cross","Ozone","Forsyth",36.051805,-80.144933
2024-06-18,51,"Union Cross","Ozone","Forsyth",36.051805,-80.144933
2024-06-19,51,"Union Cross","Ozone","Forsyth",36.051805,-80.144933
2024-06-20,54,"Union Cross","Ozone","Forsyth",36.051805,-80.144933
2024-06-21,64,"Union Cross","Ozone","Forsyth",36.051805,-80.144933
2024-06-22,36,"Union Cross","Ozone","Forsyth",36.051805,-80.144933
2024-06-23,40,"Union Cross","Ozone","Forsyth",36.051805,-80.144933
2024-06-24,74,"Union Cross","Ozone","Forsyth",36.051805,-80.144933
2024-06-25,74,"Union Cross","Ozone","Forsyth",36.051805,-80.144933
2024-06-26,122,"Union Cross","Ozone","Forsyth",36.051805,-80.144933
2024-06-27,54,"Union Cross","Ozone","Forsyth",36.051805,-80.144933
2024-06-28,77,"Union Cross","Ozone","Forsyth",36.051805,-80.144933
2024-06-29,40,"Union Cross","Ozone","Forsyth",36.051805,-80.144933
2024-06-30,44,"Union Cross","Ozone","Forsyth",36.051805,-80.144933
2024-07-01,49,"Union Cross","Ozone","Forsyth",36.051805,-80.144933
2024-07-02,90,"Union Cross","Ozone","Forsyth",36.051805,-80.144933
2024-07-03,77,"Union Cross","Ozone","Forsyth",36.051805,-80.144933
2024-07-04,49,"Union Cross","Ozone","Forsyth",36.051805,-80.144933
2024-07-05,43,"Union Cross","Ozone","Forsyth",36.051805,-80.144933
2024-07-06,50,"Union Cross","Ozone","Forsyth",36.051805,-80.144933
2024-07-07,31,"Union Cross","Ozone","Forsyth",36.051805,-80.144933
2024-07-08,50,"Union Cross","Ozone","Forsyth",36.051805,-80.144933
2024-07-09,49,"Union Cross","Ozone","Forsyth",36.051805,-80.144933
2024-07-10,50,"Union Cross","Ozone","Forsyth",36.051805,-80.144933
2024-07-11,77,"Union Cross","Ozone","Forsyth",36.051805,-80.144933
2024-07-12,35,"Union Cross","Ozone","Forsyth",36.051805,-80.144933
2024-07-13,51,"Union Cross","Ozone","Forsyth",36.051805,-80.144933
2024-07-14,58,"Union Cross","Ozone","Forsyth",36.051805,-80.144933
2024-07-15,71,"Union Cross","Ozone","Forsyth",36.051805,-80.144933
2024-07-16,49,"Union Cross","Ozone","Forsyth",36.051805,-80.144933
2024-07-17,50,"Union Cross","Ozone","Forsyth",36.051805,-80.144933
2024-07-18,46,"Union Cross","Ozone","Forsyth",36.051805,-80.144933
2024-07-19,42,"Union Cross","Ozone","Forsyth",36.051805,-80.144933
2024-07-20,35,"Union Cross","Ozone","Forsyth",36.051805,-80.144933
2024-07-21,34,"Union Cross","Ozone","Forsyth",36.051805,-80.144933
2024-07-22,39,"Union Cross","Ozone","Forsyth",36.051805,-80.144933
2024-07-23,40,"Union Cross","Ozone","Forsyth",36.051805,-80.144933
2024-07-24,37,"Union Cross","Ozone","Forsyth",36.051805,-80.144933
2024-07-25,28,"Union Cross","Ozone","Forsyth",36.051805,-80.144933
2024-07-26,36,"Union Cross","Ozone","Forsyth",36.051805,-80.144933
2024-07-27,49,"Union Cross","Ozone","Forsyth",36.051805,-80.144933
2024-07-28,44,"Union Cross","Ozone","Forsyth",36.051805,-80.144933
2024-07-29,31,"Union Cross","Ozone","Forsyth",36.051805,-80.144933
2024-07-30,45,"Union Cross","Ozone","Forsyth",36.051805,-80.144933
2024-07-31,47,"Union Cross","Ozone","Forsyth",36.051805,-80.144933
2024-08-01,49,"Union Cross","Ozone","Forsyth",36.051805,-80.144933
2024-08-02,38,"Union Cross","Ozone","Forsyth",36.051805,-80.144933
2024-08-03,37,"Union Cross","Ozone","Forsyth",36.051805,-80.144933
2024-08-04,44,"Union Cross","Ozone","Forsyth",36.051805,-80.144933
2024-08-05,45,"Union Cross","Ozone","Forsyth",36.051805,-80.144933
2024-08-06,21,"Union Cross","Ozone","Forsyth",36.051805,-80.144933
2024-08-07,28,"Union Cross","Ozone","Forsyth",36.051805,-80.144933
2024-08-08,30,"Union Cross","Ozone","Forsyth",36.051805,-80.144933
2024-08-09,31,"Union Cross","Ozone","Forsyth",36.051805,-80.144933
2024-08-10,44,"Union Cross","Ozone","Forsyth",36.051805,-80.144933
2024-08-11,43,"Union Cross","Ozone","Forsyth",36.051805,-80.144933
2024-08-12,42,"Union Cross","Ozone","Forsyth",36.051805,-80.144933
2024-08-13,23,"Union Cross","Ozone","Forsyth",36.051805,-80.144933
2024-08-14,39,"Union Cross","Ozone","Forsyth",36.051805,-80.144933
2024-08-15,46,"Union Cross","Ozone","Forsyth",36.051805,-80.144933
2024-08-16,45,"Union Cross","Ozone","Forsyth",36.051805,-80.144933
2024-08-17,36,"Union Cross","Ozone","Forsyth",36.051805,-80.144933
2024-08-18,38,"Union Cross","Ozone","Forsyth",36.051805,-80.144933
2024-08-19,31,"Union Cross","Ozone","Forsyth",36.051805,-80.144933
2024-08-20,35,"Union Cross","Ozone","Forsyth",36.051805,-80.144933
2024-08-21,44,"Union Cross","Ozone","Forsyth",36.051805,-80.144933
2024-08-22,48,"Union Cross","Ozone","Forsyth",36.051805,-80.144933
2024-08-23,49,"Union Cross","Ozone","Forsyth",36.051805,-80.144933
2024-08-24,44,"Union Cross","Ozone","Forsyth",36.051805,-80.144933
2024-08-25,45,"Union Cross","Ozone","Forsyth",36.051805,-80.144933
2024-08-26,80,"Union Cross","Ozone","Forsyth",36.051805,-80.144933
2024-08-27,64,"Union Cross","Ozone","Forsyth",36.051805,-80.144933
2024-08-28,54,"Union Cross","Ozone","Forsyth",36.051805,-80.144933
2024-08-29,67,"Union Cross","Ozone","Forsyth",36.051805,-80.144933
2024-08-30,48,"Union Cross","Ozone","Forsyth",36.051805,-80.144933
2024-08-31,44,"Union Cross","Ozone","Forsyth",36.051805,-80.144933
2024-09-01,35,"Union Cross","Ozone","Forsyth",36.051805,-80.144933
2024-09-02,37,"Union Cross","Ozone","Forsyth",36.051805,-80.144933
2024-09-03,33,"Union Cross","Ozone","Forsyth",36.051805,-80.144933
2024-09-04,39,"Union Cross","Ozone","Forsyth",36.051805,-80.144933
2024-09-05,39,"Union Cross","Ozone","Forsyth",36.051805,-80.144933
2024-09-06,46,"Union Cross","Ozone","Forsyth",36.051805,-80.144933
2024-09-07,37,"Union Cross","Ozone","Forsyth",36.051805,-80.144933
2024-09-08,36,"Union Cross","Ozone","Forsyth",36.051805,-80.144933
2024-09-09,44,"Union Cross","Ozone","Forsyth",36.051805,-80.144933
2024-09-10,49,"Union Cross","Ozone","Forsyth",36.051805,-80.144933
2024-09-11,48,"Union Cross","Ozone","Forsyth",36.051805,-80.144933
2024-09-12,46,"Union Cross","Ozone","Forsyth",36.051805,-80.144933
2024-09-13,26,"Union Cross","Ozone","Forsyth",36.051805,-80.144933
2024-09-14,30,"Union Cross","Ozone","Forsyth",36.051805,-80.144933
2024-09-15,28,"Union Cross","Ozone","Forsyth",36.051805,-80.144933
2024-09-16,29,"Union Cross","Ozone","Forsyth",36.051805,-80.144933
2024-09-17,19,"Union Cross","Ozone","Forsyth",36.051805,-80.144933
2024-09-18,36,"Union Cross","Ozone","Forsyth",36.051805,-80.144933
2024-09-19,27,"Union Cross","Ozone","Forsyth",36.051805,-80.144933
2024-09-20,33,"Union Cross","Ozone","Forsyth",36.051805,-80.144933
2024-09-21,41,"Union Cross","Ozone","Forsyth",36.051805,-80.144933
2024-09-22,47,"Union Cross","Ozone","Forsyth",36.051805,-80.144933
2024-09-23,19,"Union Cross","Ozone","Forsyth",36.051805,-80.144933
2024-09-24,24,"Union Cross","Ozone","Forsyth",36.051805,-80.144933
2024-09-25,35,"Union Cross","Ozone","Forsyth",36.051805,-80.144933
2024-09-26,25,"Union Cross","Ozone","Forsyth",36.051805,-80.144933
2024-09-27,26,"Union Cross","Ozone","Forsyth",36.051805,-80.144933
2024-09-28,39,"Union Cross","Ozone","Forsyth",36.051805,-80.144933
2024-09-29,39,"Union Cross","Ozone","Forsyth",36.051805,-80.144933
2024-09-30,31,"Union Cross","Ozone","Forsyth",36.051805,-80.144933
2024-10-01,25,"Union Cross","Ozone","Forsyth",36.051805,-80.144933
2024-10-02,34,"Union Cross","Ozone","Forsyth",36.051805,-80.144933
2024-10-03,34,"Union Cross","Ozone","Forsyth",36.051805,-80.144933
2024-10-04,35,"Union Cross","Ozone","Forsyth",36.051805,-80.144933
2024-10-05,61,"Union Cross","Ozone","Forsyth",36.051805,-80.144933
2024-10-06,38,"Union Cross","Ozone","Forsyth",36.051805,-80.144933
2024-10-07,45,"Union Cross","Ozone","Forsyth",36.051805,-80.144933
2024-10-08,39,"Union Cross","Ozone","Forsyth",36.051805,-80.144933
2024-10-09,44,"Union Cross","Ozone","Forsyth",36.051805,-80.144933
2024-10-10,36,"Union Cross","Ozone","Forsyth",36.051805,-80.144933
2024-10-11,35,"Union Cross","Ozone","Forsyth",36.051805,-80.144933
2024-10-12,42,"Union Cross","Ozone","Forsyth",36.051805,-80.144933
2024-10-13,49,"Union Cross","Ozone","Forsyth",36.051805,-80.144933
2024-10-14,42,"Union Cross","Ozone","Forsyth",36.051805,-80.144933
2024-10-15,31,"Union Cross","Ozone","Forsyth",36.051805,-80.144933
2024-10-16,28,"Union Cross","Ozone","Forsyth",36.051805,-80.144933
2024-10-17,34,"Union Cross","Ozone","Forsyth",36.051805,-80.144933
2024-10-18,38,"Union Cross","Ozone","Forsyth",36.051805,-80.144933
2024-10-19,44,"Union Cross","Ozone","Forsyth",36.051805,-80.144933
2024-10-20,42,"Union Cross","Ozone","Forsyth",36.051805,-80.144933
2024-10-21,45,"Union Cross","Ozone","Forsyth",36.051805,-80.144933
2024-10-22,49,"Union Cross","Ozone","Forsyth",36.051805,-80.144933
2024-10-23,49,"Union Cross","Ozone","Forsyth",36.051805,-80.144933
2024-10-24,46,"Union Cross","Ozone","Forsyth",36.051805,-80.144933
2024-10-25,64,"Union Cross","Ozone","Forsyth",36.051805,-80.144933
2024-10-26,46,"Union Cross","Ozone","Forsyth",36.051805,-80.144933
2024-10-27,30,"Union Cross","Ozone","Forsyth",36.051805,-80.144933
2024-10-28,39,"Union Cross","Ozone","Forsyth",36.051805,-80.144933
2024-10-29,44,"Union Cross","Ozone","Forsyth",36.051805,-80.144933
2024-10-30,41,"Union Cross","Ozone","Forsyth",36.051805,-80.144933
2024-03-01,40,"Joanna Bald","Ozone","Graham",35.2578000008897,-83.7955
2024-03-02,45,"Joanna Bald","Ozone","Graham",35.2578000008897,-83.7955
2024-03-03,45,"Joanna Bald","Ozone","Graham",35.2578000008897,-83.7955
2024-03-04,33,"Joanna Bald","Ozone","Graham",35.2578000008897,-83.7955
2024-03-05,41,"Joanna Bald","Ozone","Graham",35.2578000008897,-83.7955
2024-03-06,38,"Joanna Bald","Ozone","Graham",35.2578000008897,-83.7955
2024-03-07,36,"Joanna Bald","Ozone","Graham",35.2578000008897,-83.7955
2024-03-08,37,"Joanna Bald","Ozone","Graham",35.2578000008897,-83.7955
2024-03-09,32,"Joanna Bald","Ozone","Graham",35.2578000008897,-83.7955
2024-03-10,39,"Joanna Bald","Ozone","Graham",35.2578000008897,-83.7955
2024-03-11,48,"Joanna Bald","Ozone","Graham",35.2578000008897,-83.7955
2024-03-12,49,"Joanna Bald","Ozone","Graham",35.2578000008897,-83.7955
2024-03-13,77,"Joanna Bald","Ozone","Graham",35.2578000008897,-83.7955
2024-03-14,58,"Joanna Bald","Ozone","Graham",35.2578000008897,-83.7955
2024-03-15,36,"Joanna Bald","Ozone","Graham",35.2578000008897,-83.7955
2024-03-16,44,"Joanna Bald","Ozone","Graham",35.2578000008897,-83.7955
2024-03-17,42,"Joanna Bald","Ozone","Graham",35.2578000008897,-83.7955
2024-03-18,41,"Joanna Bald","Ozone","Graham",35.2578000008897,-83.7955
2024-03-19,46,"Joanna Bald","Ozone","Graham",35.2578000008897,-83.7955
2024-03-20,54,"Joanna Bald","Ozone","Graham",35.2578000008897,-83.7955
2024-03-22,44,"Joanna Bald","Ozone","Graham",35.2578000008897,-83.7955
2024-03-23,51,"Joanna Bald","Ozone","Graham",35.2578000008897,-83.7955
2024-03-24,54,"Joanna Bald","Ozone","Graham",35.2578000008897,-83.7955
2024-03-25,51,"Joanna Bald","Ozone","Graham",35.2578000008897,-83.7955
2024-03-26,42,"Joanna Bald","Ozone","Graham",35.2578000008897,-83.7955
2024-03-27,40,"Joanna Bald","Ozone","Graham",35.2578000008897,-83.7955
2024-03-28,47,"Joanna Bald","Ozone","Graham",35.2578000008897,-83.7955
2024-03-29,54,"Joanna Bald","Ozone","Graham",35.2578000008897,-83.7955
2024-03-30,61,"Joanna Bald","Ozone","Graham",35.2578000008897,-83.7955
2024-03-31,47,"Joanna Bald","Ozone","Graham",35.2578000008897,-83.7955
2024-04-01,41,"Joanna Bald","Ozone","Graham",35.2578000008897,-83.7955
2024-04-02,40,"Joanna Bald","Ozone","Graham",35.2578000008897,-83.7955
2024-04-03,44,"Joanna Bald","Ozone","Graham",35.2578000008897,-83.7955
2024-04-04,40,"Joanna Bald","Ozone","Graham",35.2578000008897,-83.7955
2024-04-05,33,"Joanna Bald","Ozone","Graham",35.2578000008897,-83.7955
2024-04-06,44,"Joanna Bald","Ozone","Graham",35.2578000008897,-83.7955
2024-04-07,50,"Joanna Bald","Ozone","Graham",35.2578000008897,-83.7955
2024-04-08,54,"Joanna Bald","Ozone","Graham",35.2578000008897,-83.7955
2024-04-09,51,"Joanna Bald","Ozone","Graham",35.2578000008897,-83.7955
2024-04-10,44,"Joanna Bald","Ozone","Graham",35.2578000008897,-83.7955
2024-04-11,45,"Joanna Bald","Ozone","Graham",35.2578000008897,-83.7955
2024-04-12,44,"Joanna Bald","Ozone","Graham",35.2578000008897,-83.7955
2024-04-13,61,"Joanna Bald","Ozone","Graham",35.2578000008897,-83.7955
2024-04-14,71,"Joanna Bald","Ozone","Graham",35.2578000008897,-83.7955
2024-04-15,71,"Joanna Bald","Ozone","Graham",35.2578000008897,-83.7955
2024-04-16,67,"Joanna Bald","Ozone","Graham",35.2578000008897,-83.7955
2024-04-17,49,"Joanna Bald","Ozone","Graham",35.2578000008897,-83.7955
2024-04-18,47,"Joanna Bald","Ozone","Graham",35.2578000008897,-83.7955
2024-04-19,45,"Joanna Bald","Ozone","Graham",35.2578000008897,-83.7955
2024-04-20,44,"Joanna Bald","Ozone","Graham",35.2578000008897,-83.7955
2024-04-21,41,"Joanna Bald","Ozone","Graham",35.2578000008897,-83.7955
2024-04-22,49,"Joanna Bald","Ozone","Graham",35.2578000008897,-83.7955
2024-04-23,51,"Joanna Bald","Ozone","Graham",35.2578000008897,-83.7955
2024-04-24,54,"Joanna Bald","Ozone","Graham",35.2578000008897,-83.7955
2024-04-25,67,"Joanna Bald","Ozone","Graham",35.2578000008897,-83.7955
2024-04-26,47,"Joanna Bald","Ozone","Graham",35.2578000008897,-83.7955
2024-04-27,45,"Joanna Bald","Ozone","Graham",35.2578000008897,-83.7955
2024-04-28,44,"Joanna Bald","Ozone","Graham",35.2578000008897,-83.7955
2024-04-29,47,"Joanna Bald","Ozone","Graham",35.2578000008897,-83.7955
2024-04-30,50,"Joanna Bald","Ozone","Graham",35.2578000008897,-83.7955
2024-05-01,49,"Joanna Bald","Ozone","Graham",35.2578000008897,-83.7955
2024-05-02,54,"Joanna Bald","Ozone","Graham",35.2578000008897,-83.7955
2024-05-03,44,"Joanna Bald","Ozone","Graham",35.2578000008897,-83.7955
2024-05-04,41,"Joanna Bald","Ozone","Graham",35.2578000008897,-83.7955
2024-05-05,44,"Joanna Bald","Ozone","Graham",35.2578000008897,-83.7955
2024-05-06,39,"Joanna Bald","Ozone","Graham",35.2578000008897,-83.7955
2024-05-07,33,"Joanna Bald","Ozone","Graham",35.2578000008897,-83.7955
2024-05-08,49,"Joanna Bald","Ozone","Graham",35.2578000008897,-83.7955
2024-05-09,58,"Joanna Bald","Ozone","Graham",35.2578000008897,-83.7955
2024-05-10,44,"Joanna Bald","Ozone","Graham",35.2578000008897,-83.7955
2024-05-11,47,"Joanna Bald","Ozone","Graham",35.2578000008897,-83.7955
2024-05-12,51,"Joanna Bald","Ozone","Graham",35.2578000008897,-83.7955
2024-05-13,42,"Joanna Bald","Ozone","Graham",35.2578000008897,-83.7955
2024-05-14,46,"Joanna Bald","Ozone","Graham",35.2578000008897,-83.7955
2024-05-15,42,"Joanna Bald","Ozone","Graham",35.2578000008897,-83.7955
2024-05-16,44,"Joanna Bald","Ozone","Graham",35.2578000008897,-83.7955
2024-05-17,36,"Joanna Bald","Ozone","Graham",35.2578000008897,-83.7955
2024-05-18,64,"Joanna Bald","Ozone","Graham",35.2578000008897,-83.7955
2024-05-19,38,"Joanna Bald","Ozone","Graham",35.2578000008897,-83.7955
2024-05-20,44,"Joanna Bald","Ozone","Graham",35.2578000008897,-83.7955
2024-05-21,40,"Joanna Bald","Ozone","Graham",35.2578000008897,-83.7955
2024-05-22,58,"Joanna Bald","Ozone","Graham",35.2578000008897,-83.7955
2024-05-23,42,"Joanna Bald","Ozone","Graham",35.2578000008897,-83.7955
2024-05-24,44,"Joanna Bald","Ozone","Graham",35.2578000008897,-83.7955
2024-05-25,61,"Joanna Bald","Ozone","Graham",35.2578000008897,-83.7955
2024-05-26,36,"Joanna Bald","Ozone","Graham",35.2578000008897,-83.7955
2024-05-27,46,"Joanna Bald","Ozone","Graham",35.2578000008897,-83.7955
2024-05-28,50,"Joanna Bald","Ozone","Graham",35.2578000008897,-83.7955
2024-05-29,50,"Joanna Bald","Ozone","Graham",35.2578000008897,-83.7955
2024-05-30,46,"Joanna Bald","Ozone","Graham",35.2578000008897,-83.7955
2024-05-31,51,"Joanna Bald","Ozone","Graham",35.2578000008897,-83.7955
2024-06-01,50,"Joanna Bald","Ozone","Graham",35.2578000008897,-83.7955
2024-06-02,34,"Joanna Bald","Ozone","Graham",35.2578000008897,-83.7955
2024-06-03,37,"Joanna Bald","Ozone","Graham",35.2578000008897,-83.7955
2024-06-04,31,"Joanna Bald","Ozone","Graham",35.2578000008897,-83.7955
2024-06-05,38,"Joanna Bald","Ozone","Graham",35.2578000008897,-83.7955
2024-06-06,44,"Joanna Bald","Ozone","Graham",35.2578000008897,-83.7955
2024-06-07,49,"Joanna Bald","Ozone","Graham",35.2578000008897,-83.7955
2024-06-08,51,"Joanna Bald","Ozone","Graham",35.2578000008897,-83.7955
2024-06-09,41,"Joanna Bald","Ozone","Graham",35.2578000008897,-83.7955
2024-06-10,47,"Joanna Bald","Ozone","Graham",35.2578000008897,-83.7955
2024-06-11,50,"Joanna Bald","Ozone","Graham",35.2578000008897,-83.7955
2024-06-12,58,"Joanna Bald","Ozone","Graham",35.2578000008897,-83.7955
2024-06-13,54,"Joanna Bald","Ozone","Graham",35.2578000008897,-83.7955
2024-06-14,61,"Joanna Bald","Ozone","Graham",35.2578000008897,-83.7955
2024-06-15,50,"Joanna Bald","Ozone","Graham",35.2578000008897,-83.7955
2024-06-16,43,"Joanna Bald","Ozone","Graham",35.2578000008897,-83.7955
2024-06-17,38,"Joanna Bald","Ozone","Graham",35.2578000008897,-83.7955
2024-06-18,44,"Joanna Bald","Ozone","Graham",35.2578000008897,-83.7955
2024-06-19,48,"Joanna Bald","Ozone","Graham",35.2578000008897,-83.7955
2024-06-20,44,"Joanna Bald","Ozone","Graham",35.2578000008897,-83.7955
2024-06-21,46,"Joanna Bald","Ozone","Graham",35.2578000008897,-83.7955
2024-06-22,37,"Joanna Bald","Ozone","Graham",35.2578000008897,-83.7955
2024-06-23,42,"Joanna Bald","Ozone","Graham",35.2578000008897,-83.7955
2024-06-24,50,"Joanna Bald","Ozone","Graham",35.2578000008897,-83.7955
2024-06-25,50,"Joanna Bald","Ozone","Graham",35.2578000008897,-83.7955
2024-06-26,90,"Joanna Bald","Ozone","Graham",35.2578000008897,-83.7955
2024-06-27,41,"Joanna Bald","Ozone","Graham",35.2578000008897,-83.7955
2024-06-28,38,"Joanna Bald","Ozone","Graham",35.2578000008897,-83.7955
2024-06-29,33,"Joanna Bald","Ozone","Graham",35.2578000008897,-83.7955
2024-06-30,44,"Joanna Bald","Ozone","Graham",35.2578000008897,-83.7955
2024-07-01,44,"Joanna Bald","Ozone","Graham",35.2578000008897,-83.7955
2024-07-02,54,"Joanna Bald","Ozone","Graham",35.2578000008897,-83.7955
2024-07-03,36,"Joanna Bald","Ozone","Graham",35.2578000008897,-83.7955
2024-07-04,34,"Joanna Bald","Ozone","Graham",35.2578000008897,-83.7955
2024-07-05,37,"Joanna Bald","Ozone","Graham",35.2578000008897,-83.7955
2024-07-06,50,"Joanna Bald","Ozone","Graham",35.2578000008897,-83.7955
2024-07-07,32,"Joanna Bald","Ozone","Graham",35.2578000008897,-83.7955
2024-07-08,37,"Joanna Bald","Ozone","Graham",35.2578000008897,-83.7955
2024-07-09,25,"Joanna Bald","Ozone","Graham",35.2578000008897,-83.7955
2024-07-10,48,"Joanna Bald","Ozone","Graham",35.2578000008897,-83.7955
2024-07-11,51,"Joanna Bald","Ozone","Graham",35.2578000008897,-83.7955
2024-07-12,49,"Joanna Bald","Ozone","Graham",35.2578000008897,-83.7955
2024-07-13,67,"Joanna Bald","Ozone","Graham",35.2578000008897,-83.7955
2024-07-14,61,"Joanna Bald","Ozone","Graham",35.2578000008897,-83.7955
2024-07-15,44,"Joanna Bald","Ozone","Graham",35.2578000008897,-83.7955
2024-07-16,36,"Joanna Bald","Ozone","Graham",35.2578000008897,-83.7955
2024-07-17,41,"Joanna Bald","Ozone","Graham",35.2578000008897,-83.7955
2024-07-18,38,"Joanna Bald","Ozone","Graham",35.2578000008897,-83.7955
2024-07-19,34,"Joanna Bald","Ozone","Graham",35.2578000008897,-83.7955
2024-07-20,29,"Joanna Bald","Ozone","Graham",35.2578000008897,-83.7955
2024-07-21,30,"Joanna Bald","Ozone","Graham",35.2578000008897,-83.7955
2024-07-22,32,"Joanna Bald","Ozone","Graham",35.2578000008897,-83.7955
2024-07-23,32,"Joanna Bald","Ozone","Graham",35.2578000008897,-83.7955
2024-07-24,27,"Joanna Bald","Ozone","Graham",35.2578000008897,-83.7955
2024-07-25,26,"Joanna Bald","Ozone","Graham",35.2578000008897,-83.7955
2024-07-26,39,"Joanna Bald","Ozone","Graham",35.2578000008897,-83.7955
2024-07-27,32,"Joanna Bald","Ozone","Graham",35.2578000008897,-83.7955
2024-07-28,24,"Joanna Bald","Ozone","Graham",35.2578000008897,-83.7955
2024-07-30,80,"Joanna Bald","Ozone","Graham",35.2578000008897,-83.7955
2024-07-31,32,"Joanna Bald","Ozone","Graham",35.2578000008897,-83.7955
2024-08-01,23,"Joanna Bald","Ozone","Graham",35.2578000008897,-83.7955
2024-08-02,36,"Joanna Bald","Ozone","Graham",35.2578000008897,-83.7955
2024-08-03,58,"Joanna Bald","Ozone","Graham",35.2578000008897,-83.7955
2024-08-04,38,"Joanna Bald","Ozone","Graham",35.2578000008897,-83.7955
2024-08-05,35,"Joanna Bald","Ozone","Graham",35.2578000008897,-83.7955
2024-08-06,44,"Joanna Bald","Ozone","Graham",35.2578000008897,-83.7955
2024-08-07,43,"Joanna Bald","Ozone","Graham",35.2578000008897,-83.7955
2024-08-08,26,"Joanna Bald","Ozone","Graham",35.2578000008897,-83.7955
2024-08-09,44,"Joanna Bald","Ozone","Graham",35.2578000008897,-83.7955
2024-08-10,51,"Joanna Bald","Ozone","Graham",35.2578000008897,-83.7955
2024-08-11,50,"Joanna Bald","Ozone","Graham",35.2578000008897,-83.7955
2024-08-12,39,"Joanna Bald","Ozone","Graham",35.2578000008897,-83.7955
2024-08-13,48,"Joanna Bald","Ozone","Graham",35.2578000008897,-83.7955
2024-08-14,44,"Joanna Bald","Ozone","Graham",35.2578000008897,-83.7955
2024-08-15,36,"Joanna Bald","Ozone","Graham",35.2578000008897,-83.7955
2024-08-16,42,"Joanna Bald","Ozone","Graham",35.2578000008897,-83.7955
2024-08-17,45,"Joanna Bald","Ozone","Graham",35.2578000008897,-83.7955
2024-08-18,38,"Joanna Bald","Ozone","Graham",35.2578000008897,-83.7955
2024-08-19,31,"Joanna Bald","Ozone","Graham",35.2578000008897,-83.7955
2024-08-20,39,"Joanna Bald","Ozone","Graham",35.2578000008897,-83.7955
2024-08-21,37,"Joanna Bald","Ozone","Graham",35.2578000008897,-83.7955
2024-08-22,45,"Joanna Bald","Ozone","Graham",35.2578000008897,-83.7955
2024-08-25,50,"Joanna Bald","Ozone","Graham",35.2578000008897,-83.7955
2024-08-26,77,"Joanna Bald","Ozone","Graham",35.2578000008897,-83.7955
2024-08-27,54,"Joanna Bald","Ozone","Graham",35.2578000008897,-83.7955
2024-08-28,54,"Joanna Bald","Ozone","Graham",35.2578000008897,-83.7955
2024-08-29,54,"Joanna Bald","Ozone","Graham",35.2578000008897,-83.7955
2024-08-30,48,"Joanna Bald","Ozone","Graham",35.2578000008897,-83.7955
2024-08-31,46,"Joanna Bald","Ozone","Graham",35.2578000008897,-83.7955
2024-09-01,34,"Joanna Bald","Ozone","Graham",35.2578000008897,-83.7955
2024-09-02,35,"Joanna Bald","Ozone","Graham",35.2578000008897,-83.7955
2024-09-03,31,"Joanna Bald","Ozone","Graham",35.2578000008897,-83.7955
2024-09-04,32,"Joanna Bald","Ozone","Graham",35.2578000008897,-83.7955
2024-09-05,36,"Joanna Bald","Ozone","Graham",35.2578000008897,-83.7955
2024-09-06,43,"Joanna Bald","Ozone","Graham",35.2578000008897,-83.7955
2024-09-07,34,"Joanna Bald","Ozone","Graham",35.2578000008897,-83.7955
2024-09-08,38,"Joanna Bald","Ozone","Graham",35.2578000008897,-83.7955
2024-09-09,43,"Joanna Bald","Ozone","Graham",35.2578000008897,-83.7955
2024-09-10,49,"Joanna Bald","Ozone","Graham",35.2578000008897,-83.7955
2024-09-11,50,"Joanna Bald","Ozone","Graham",35.2578000008897,-83.7955
2024-09-12,43,"Joanna Bald","Ozone","Graham",35.2578000008897,-83.7955
2024-09-13,31,"Joanna Bald","Ozone","Graham",35.2578000008897,-83.7955
2024-09-14,32,"Joanna Bald","Ozone","Graham",35.2578000008897,-83.7955
2024-09-15,30,"Joanna Bald","Ozone","Graham",35.2578000008897,-83.7955
2024-09-16,39,"Joanna Bald","Ozone","Graham",35.2578000008897,-83.7955
2024-09-18,27,"Joanna Bald","Ozone","Graham",35.2578000008897,-83.7955
2024-09-19,38,"Joanna Bald","Ozone","Graham",35.2578000008897,-83.7955
2024-09-20,51,"Joanna Bald","Ozone","Graham",35.2578000008897,-83.7955
2024-09-21,50,"Joanna Bald","Ozone","Graham",35.2578000008897,-83.7955
2024-09-22,48,"Joanna Bald","Ozone","Graham",35.2578000008897,-83.7955
2024-09-23,38,"Joanna Bald","Ozone","Graham",35.2578000008897,-83.7955
2024-09-24,34,"Joanna Bald","Ozone","Graham",35.2578000008897,-83.7955
2024-10-08,49,"Joanna Bald","Ozone","Graham",35.2578000008897,-83.7955
2024-10-09,44,"Joanna Bald","Ozone","Graham",35.2578000008897,-83.7955
2024-10-10,48,"Joanna Bald","Ozone","Graham",35.2578000008897,-83.7955
2024-10-11,48,"Joanna Bald","Ozone","Graham",35.2578000008897,-83.7955
2024-10-12,61,"Joanna Bald","Ozone","Graham",35.2578000008897,-83.7955
2024-10-13,48,"Joanna Bald","Ozone","Graham",35.2578000008897,-83.7955
2024-10-14,35,"Joanna Bald","Ozone","Graham",35.2578000008897,-83.7955
2024-10-15,31,"Joanna Bald","Ozone","Graham",35.2578000008897,-83.7955
2024-10-16,31,"Joanna Bald","Ozone","Graham",35.2578000008897,-83.7955
2024-10-17,42,"Joanna Bald","Ozone","Graham",35.2578000008897,-83.7955
2024-10-18,48,"Joanna Bald","Ozone","Graham",35.2578000008897,-83.7955
2024-10-19,45,"Joanna Bald","Ozone","Graham",35.2578000008897,-83.7955
2024-10-20,42,"Joanna Bald","Ozone","Graham",35.2578000008897,-83.7955
2024-10-21,47,"Joanna Bald","Ozone","Graham",35.2578000008897,-83.7955
2024-10-22,47,"Joanna Bald","Ozone","Graham",35.2578000008897,-83.7955
2024-10-23,61,"Joanna Bald","Ozone","Graham",35.2578000008897,-83.7955
2024-10-24,71,"Joanna Bald","Ozone","Graham",35.2578000008897,-83.7955
2024-10-25,64,"Joanna Bald","Ozone","Graham",35.2578000008897,-83.7955
2024-10-26,49,"Joanna Bald","Ozone","Graham",35.2578000008897,-83.7955
2024-10-27,37,"Joanna Bald","Ozone","Graham",35.2578000008897,-83.7955
2024-10-28,41,"Joanna Bald","Ozone","Graham",35.2578000008897,-83.7955
2024-10-29,45,"Joanna Bald","Ozone","Graham",35.2578000008897,-83.7955
2024-10-30,38,"Joanna Bald","Ozone","Graham",35.2578000008897,-83.7955
2024-10-31,40,"Joanna Bald","Ozone","Graham",35.2578000008897,-83.7955
2024-11-01,37,"Joanna Bald","Ozone","Graham",35.2578000008897,-83.7955
2024-11-02,35,"Joanna Bald","Ozone","Graham",35.2578000008897,-83.7955
2024-11-03,36,"Joanna Bald","Ozone","Graham",35.2578000008897,-83.7955
2024-11-04,34,"Joanna Bald","Ozone","Graham",35.2578000008897,-83.7955
2024-11-05,33,"Joanna Bald","Ozone","Graham",35.2578000008897,-83.7955
2024-11-06,31,"Joanna Bald","Ozone","Graham",35.2578000008897,-83.7955
2024-11-07,35,"Joanna Bald","Ozone","Graham",35.2578000008897,-83.7955
2024-11-08,37,"Joanna Bald","Ozone","Graham",35.2578000008897,-83.7955
2024-11-09,37,"Joanna Bald","Ozone","Graham",35.2578000008897,-83.7955
2024-11-10,34,"Joanna Bald","Ozone","Graham",35.2578000008897,-83.7955
2024-11-11,41,"Joanna Bald","Ozone","Graham",35.2578000008897,-83.7955
2024-11-12,43,"Joanna Bald","Ozone","Graham",35.2578000008897,-83.7955
2024-11-13,37,"Joanna Bald","Ozone","Graham",35.2578000008897,-83.7955
2024-11-14,32,"Joanna Bald","Ozone","Graham",35.2578000008897,-83.7955
2024-11-15,47,"Joanna Bald","Ozone","Graham",35.2578000008897,-83.7955
2024-11-16,48,"Joanna Bald","Ozone","Graham",35.2578000008897,-83.7955
2024-11-17,44,"Joanna Bald","Ozone","Graham",35.2578000008897,-83.7955
2024-11-18,39,"Joanna Bald","Ozone","Graham",35.2578000008897,-83.7955
2024-11-19,35,"Joanna Bald","Ozone","Graham",35.2578000008897,-83.7955
2024-11-20,35,"Joanna Bald","Ozone","Graham",35.2578000008897,-83.7955
2024-11-27,39,"Joanna Bald","Ozone","Graham",35.2578000008897,-83.7955
2024-11-28,30,"Joanna Bald","Ozone","Graham",35.2578000008897,-83.7955
2024-11-29,34,"Joanna Bald","Ozone","Graham",35.2578000008897,-83.7955
2024-03-01,34,"Butner","Ozone","Granville",36.141111,-78.768056
2024-03-02,31,"Butner","Ozone","Granville",36.141111,-78.768056
2024-03-03,32,"Butner","Ozone","Granville",36.141111,-78.768056
2024-03-04,39,"Butner","Ozone","Granville",36.141111,-78.768056
2024-03-05,32,"Butner","Ozone","Granville",36.141111,-78.768056
2024-03-06,29,"Butner","Ozone","Granville",36.141111,-78.768056
2024-03-07,38,"Butner","Ozone","Granville",36.141111,-78.768056
2024-03-08,35,"Butner","Ozone","Granville",36.141111,-78.768056
2024-03-09,31,"Butner","Ozone","Granville",36.141111,-78.768056
2024-03-10,43,"Butner","Ozone","Granville",36.141111,-78.768056
2024-03-11,44,"Butner","Ozone","Granville",36.141111,-78.768056
2024-03-12,46,"Butner","Ozone","Granville",36.141111,-78.768056
2024-03-13,51,"Butner","Ozone","Granville",36.141111,-78.768056
2024-03-14,90,"Butner","Ozone","Granville",36.141111,-78.768056
2024-03-15,49,"Butner","Ozone","Granville",36.141111,-78.768056
2024-03-16,44,"Butner","Ozone","Granville",36.141111,-78.768056
2024-03-17,46,"Butner","Ozone","Granville",36.141111,-78.768056
2024-03-18,47,"Butner","Ozone","Granville",36.141111,-78.768056
2024-03-19,41,"Butner","Ozone","Granville",36.141111,-78.768056
2024-03-20,50,"Butner","Ozone","Granville",36.141111,-78.768056
2024-03-21,48,"Butner","Ozone","Granville",36.141111,-78.768056
2024-03-22,41,"Butner","Ozone","Granville",36.141111,-78.768056
2024-03-23,38,"Butner","Ozone","Granville",36.141111,-78.768056
2024-03-24,44,"Butner","Ozone","Granville",36.141111,-78.768056
2024-03-25,46,"Butner","Ozone","Granville",36.141111,-78.768056
2024-03-26,40,"Butner","Ozone","Granville",36.141111,-78.768056
2024-03-27,21,"Butner","Ozone","Granville",36.141111,-78.768056
2024-03-28,36,"Butner","Ozone","Granville",36.141111,-78.768056
2024-03-29,54,"Butner","Ozone","Granville",36.141111,-78.768056
2024-03-30,67,"Butner","Ozone","Granville",36.141111,-78.768056
2024-03-31,61,"Butner","Ozone","Granville",36.141111,-78.768056
2024-04-01,47,"Butner","Ozone","Granville",36.141111,-78.768056
2024-04-02,45,"Butner","Ozone","Granville",36.141111,-78.768056
2024-04-03,45,"Butner","Ozone","Granville",36.141111,-78.768056
2024-04-04,42,"Butner","Ozone","Granville",36.141111,-78.768056
2024-04-05,40,"Butner","Ozone","Granville",36.141111,-78.768056
2024-04-06,42,"Butner","Ozone","Granville",36.141111,-78.768056
2024-04-07,45,"Butner","Ozone","Granville",36.141111,-78.768056
2024-04-08,49,"Butner","Ozone","Granville",36.141111,-78.768056
2024-04-09,46,"Butner","Ozone","Granville",36.141111,-78.768056
2024-04-10,37,"Butner","Ozone","Granville",36.141111,-78.768056
2024-04-11,40,"Butner","Ozone","Granville",36.141111,-78.768056
2024-04-12,50,"Butner","Ozone","Granville",36.141111,-78.768056
2024-04-13,49,"Butner","Ozone","Granville",36.141111,-78.768056
2024-04-14,64,"Butner","Ozone","Granville",36.141111,-78.768056
2024-04-15,67,"Butner","Ozone","Granville",36.141111,-78.768056
2024-04-16,48,"Butner","Ozone","Granville",36.141111,-78.768056
2024-04-17,45,"Butner","Ozone","Granville",36.141111,-78.768056
2024-04-18,48,"Butner","Ozone","Granville",36.141111,-78.768056
2024-04-19,43,"Butner","Ozone","Granville",36.141111,-78.768056
2024-04-20,38,"Butner","Ozone","Granville",36.141111,-78.768056
2024-04-21,30,"Butner","Ozone","Granville",36.141111,-78.768056
2024-04-22,41,"Butner","Ozone","Granville",36.141111,-78.768056
2024-04-23,49,"Butner","Ozone","Granville",36.141111,-78.768056
2024-04-24,39,"Butner","Ozone","Granville",36.141111,-78.768056
2024-04-25,51,"Butner","Ozone","Granville",36.141111,-78.768056
2024-04-26,44,"Butner","Ozone","Granville",36.141111,-78.768056
2024-04-27,44,"Butner","Ozone","Granville",36.141111,-78.768056
2024-04-28,44,"Butner","Ozone","Granville",36.141111,-78.768056
2024-04-29,54,"Butner","Ozone","Granville",36.141111,-78.768056
2024-04-30,43,"Butner","Ozone","Granville",36.141111,-78.768056
2024-05-01,47,"Butner","Ozone","Granville",36.141111,-78.768056
2024-05-02,71,"Butner","Ozone","Granville",36.141111,-78.768056
2024-05-03,67,"Butner","Ozone","Granville",36.141111,-78.768056
2024-05-04,16,"Butner","Ozone","Granville",36.141111,-78.768056
2024-05-05,25,"Butner","Ozone","Granville",36.141111,-78.768056
2024-05-06,34,"Butner","Ozone","Granville",36.141111,-78.768056
2024-05-07,43,"Butner","Ozone","Granville",36.141111,-78.768056
2024-05-08,42,"Butner","Ozone","Granville",36.141111,-78.768056
2024-05-09,44,"Butner","Ozone","Granville",36.141111,-78.768056
2024-05-10,47,"Butner","Ozone","Granville",36.141111,-78.768056
2024-05-11,44,"Butner","Ozone","Granville",36.141111,-78.768056
2024-05-12,45,"Butner","Ozone","Granville",36.141111,-78.768056
2024-05-13,48,"Butner","Ozone","Granville",36.141111,-78.768056
2024-05-14,36,"Butner","Ozone","Granville",36.141111,-78.768056
2024-05-15,33,"Butner","Ozone","Granville",36.141111,-78.768056
2024-05-16,41,"Butner","Ozone","Granville",36.141111,-78.768056
2024-05-17,39,"Butner","Ozone","Granville",36.141111,-78.768056
2024-05-18,29,"Butner","Ozone","Granville",36.141111,-78.768056
2024-05-19,34,"Butner","Ozone","Granville",36.141111,-78.768056
2024-05-20,41,"Butner","Ozone","Granville",36.141111,-78.768056
2024-05-21,44,"Butner","Ozone","Granville",36.141111,-78.768056
2024-05-22,58,"Butner","Ozone","Granville",36.141111,-78.768056
2024-05-23,48,"Butner","Ozone","Granville",36.141111,-78.768056
2024-05-24,40,"Butner","Ozone","Granville",36.141111,-78.768056
2024-05-25,46,"Butner","Ozone","Granville",36.141111,-78.768056
2024-05-26,48,"Butner","Ozone","Granville",36.141111,-78.768056
2024-05-27,42,"Butner","Ozone","Granville",36.141111,-78.768056
2024-05-28,46,"Butner","Ozone","Granville",36.141111,-78.768056
2024-05-29,58,"Butner","Ozone","Granville",36.141111,-78.768056
2024-05-30,44,"Butner","Ozone","Granville",36.141111,-78.768056
2024-05-31,46,"Butner","Ozone","Granville",36.141111,-78.768056
2024-06-01,67,"Butner","Ozone","Granville",36.141111,-78.768056
2024-06-02,44,"Butner","Ozone","Granville",36.141111,-78.768056
2024-06-03,40,"Butner","Ozone","Granville",36.141111,-78.768056
2024-06-04,45,"Butner","Ozone","Granville",36.141111,-78.768056
2024-06-05,40,"Butner","Ozone","Granville",36.141111,-78.768056
2024-06-06,42,"Butner","Ozone","Granville",36.141111,-78.768056
2024-06-07,61,"Butner","Ozone","Granville",36.141111,-78.768056
2024-06-08,80,"Butner","Ozone","Granville",36.141111,-78.768056
2024-06-09,49,"Butner","Ozone","Granville",36.141111,-78.768056
2024-06-10,61,"Butner","Ozone","Granville",36.141111,-78.768056
2024-06-11,44,"Butner","Ozone","Granville",36.141111,-78.768056
2024-06-12,64,"Butner","Ozone","Granville",36.141111,-78.768056
2024-06-13,77,"Butner","Ozone","Granville",36.141111,-78.768056
2024-06-14,61,"Butner","Ozone","Granville",36.141111,-78.768056
2024-06-15,58,"Butner","Ozone","Granville",36.141111,-78.768056
2024-06-16,58,"Butner","Ozone","Granville",36.141111,-78.768056
2024-06-17,74,"Butner","Ozone","Granville",36.141111,-78.768056
2024-06-18,48,"Butner","Ozone","Granville",36.141111,-78.768056
2024-06-19,44,"Butner","Ozone","Granville",36.141111,-78.768056
2024-06-20,40,"Butner","Ozone","Granville",36.141111,-78.768056
2024-06-21,45,"Butner","Ozone","Granville",36.141111,-78.768056
2024-06-22,28,"Butner","Ozone","Granville",36.141111,-78.768056
2024-06-23,31,"Butner","Ozone","Granville",36.141111,-78.768056
2024-06-24,64,"Butner","Ozone","Granville",36.141111,-78.768056
2024-06-25,84,"Butner","Ozone","Granville",36.141111,-78.768056
2024-06-26,71,"Butner","Ozone","Granville",36.141111,-78.768056
2024-06-27,44,"Butner","Ozone","Granville",36.141111,-78.768056
2024-06-28,77,"Butner","Ozone","Granville",36.141111,-78.768056
2024-06-29,50,"Butner","Ozone","Granville",36.141111,-78.768056
2024-06-30,38,"Butner","Ozone","Granville",36.141111,-78.768056
2024-07-01,36,"Butner","Ozone","Granville",36.141111,-78.768056
2024-07-02,58,"Butner","Ozone","Granville",36.141111,-78.768056
2024-07-03,101,"Butner","Ozone","Granville",36.141111,-78.768056
2024-07-04,46,"Butner","Ozone","Granville",36.141111,-78.768056
2024-07-05,39,"Butner","Ozone","Granville",36.141111,-78.768056
2024-07-06,43,"Butner","Ozone","Granville",36.141111,-78.768056
2024-07-07,33,"Butner","Ozone","Granville",36.141111,-78.768056
2024-07-08,42,"Butner","Ozone","Granville",36.141111,-78.768056
2024-07-09,48,"Butner","Ozone","Granville",36.141111,-78.768056
2024-07-10,39,"Butner","Ozone","Granville",36.141111,-78.768056
2024-07-11,47,"Butner","Ozone","Granville",36.141111,-78.768056
2024-07-12,25,"Butner","Ozone","Granville",36.141111,-78.768056
2024-07-13,39,"Butner","Ozone","Granville",36.141111,-78.768056
2024-07-14,45,"Butner","Ozone","Granville",36.141111,-78.768056
2024-07-15,77,"Butner","Ozone","Granville",36.141111,-78.768056
2024-07-16,51,"Butner","Ozone","Granville",36.141111,-78.768056
2024-07-17,44,"Butner","Ozone","Granville",36.141111,-78.768056
2024-07-18,39,"Butner","Ozone","Granville",36.141111,-78.768056
2024-07-19,39,"Butner","Ozone","Granville",36.141111,-78.768056
2024-07-20,32,"Butner","Ozone","Granville",36.141111,-78.768056
2024-07-21,38,"Butner","Ozone","Granville",36.141111,-78.768056
2024-07-22,32,"Butner","Ozone","Granville",36.141111,-78.768056
2024-07-23,33,"Butner","Ozone","Granville",36.141111,-78.768056
2024-07-24,31,"Butner","Ozone","Granville",36.141111,-78.768056
2024-07-25,27,"Butner","Ozone","Granville",36.141111,-78.768056
2024-07-26,31,"Butner","Ozone","Granville",36.141111,-78.768056
2024-07-27,44,"Butner","Ozone","Granville",36.141111,-78.768056
2024-07-28,47,"Butner","Ozone","Granville",36.141111,-78.768056
2024-07-29,33,"Butner","Ozone","Granville",36.141111,-78.768056
2024-07-30,31,"Butner","Ozone","Granville",36.141111,-78.768056
2024-07-31,44,"Butner","Ozone","Granville",36.141111,-78.768056
2024-08-01,40,"Butner","Ozone","Granville",36.141111,-78.768056
2024-08-02,42,"Butner","Ozone","Granville",36.141111,-78.768056
2024-08-03,36,"Butner","Ozone","Granville",36.141111,-78.768056
2024-08-04,35,"Butner","Ozone","Granville",36.141111,-78.768056
2024-08-05,41,"Butner","Ozone","Granville",36.141111,-78.768056
2024-08-06,18,"Butner","Ozone","Granville",36.141111,-78.768056
2024-08-07,24,"Butner","Ozone","Granville",36.141111,-78.768056
2024-08-08,27,"Butner","Ozone","Granville",36.141111,-78.768056
2024-08-09,31,"Butner","Ozone","Granville",36.141111,-78.768056
2024-08-10,43,"Butner","Ozone","Granville",36.141111,-78.768056
2024-08-11,33,"Butner","Ozone","Granville",36.141111,-78.768056
2024-08-13,30,"Butner","Ozone","Granville",36.141111,-78.768056
2024-08-14,40,"Butner","Ozone","Granville",36.141111,-78.768056
2024-08-15,40,"Butner","Ozone","Granville",36.141111,-78.768056
2024-08-16,67,"Butner","Ozone","Granville",36.141111,-78.768056
2024-08-17,41,"Butner","Ozone","Granville",36.141111,-78.768056
2024-08-18,41,"Butner","Ozone","Granville",36.141111,-78.768056
2024-08-19,38,"Butner","Ozone","Granville",36.141111,-78.768056
2024-08-20,30,"Butner","Ozone","Granville",36.141111,-78.768056
2024-08-21,40,"Butner","Ozone","Granville",36.141111,-78.768056
2024-08-22,42,"Butner","Ozone","Granville",36.141111,-78.768056
2024-08-23,43,"Butner","Ozone","Granville",36.141111,-78.768056
2024-08-24,51,"Butner","Ozone","Granville",36.141111,-78.768056
2024-08-25,51,"Butner","Ozone","Granville",36.141111,-78.768056
2024-08-26,80,"Butner","Ozone","Granville",36.141111,-78.768056
2024-08-27,71,"Butner","Ozone","Granville",36.141111,-78.768056
2024-08-28,74,"Butner","Ozone","Granville",36.141111,-78.768056
2024-08-29,74,"Butner","Ozone","Granville",36.141111,-78.768056
2024-08-30,38,"Butner","Ozone","Granville",36.141111,-78.768056
2024-08-31,39,"Butner","Ozone","Granville",36.141111,-78.768056
2024-09-01,36,"Butner","Ozone","Granville",36.141111,-78.768056
2024-09-02,32,"Butner","Ozone","Granville",36.141111,-78.768056
2024-09-03,34,"Butner","Ozone","Granville",36.141111,-78.768056
2024-09-04,33,"Butner","Ozone","Granville",36.141111,-78.768056
2024-09-05,37,"Butner","Ozone","Granville",36.141111,-78.768056
2024-09-06,38,"Butner","Ozone","Granville",36.141111,-78.768056
2024-09-07,40,"Butner","Ozone","Granville",36.141111,-78.768056
2024-09-08,34,"Butner","Ozone","Granville",36.141111,-78.768056
2024-09-09,39,"Butner","Ozone","Granville",36.141111,-78.768056
2024-09-10,45,"Butner","Ozone","Granville",36.141111,-78.768056
2024-09-11,47,"Butner","Ozone","Granville",36.141111,-78.768056
2024-09-12,44,"Butner","Ozone","Granville",36.141111,-78.768056
2024-09-13,25,"Butner","Ozone","Granville",36.141111,-78.768056
2024-09-14,32,"Butner","Ozone","Granville",36.141111,-78.768056
2024-09-15,28,"Butner","Ozone","Granville",36.141111,-78.768056
2024-09-16,27,"Butner","Ozone","Granville",36.141111,-78.768056
2024-09-17,27,"Butner","Ozone","Granville",36.141111,-78.768056
2024-09-18,34,"Butner","Ozone","Granville",36.141111,-78.768056
2024-09-19,22,"Butner","Ozone","Granville",36.141111,-78.768056
2024-09-20,38,"Butner","Ozone","Granville",36.141111,-78.768056
2024-09-21,41,"Butner","Ozone","Granville",36.141111,-78.768056
2024-09-22,29,"Butner","Ozone","Granville",36.141111,-78.768056
2024-09-23,34,"Butner","Ozone","Granville",36.141111,-78.768056
2024-09-24,24,"Butner","Ozone","Granville",36.141111,-78.768056
2024-09-25,37,"Butner","Ozone","Granville",36.141111,-78.768056
2024-09-26,23,"Butner","Ozone","Granville",36.141111,-78.768056
2024-09-27,23,"Butner","Ozone","Granville",36.141111,-78.768056
2024-09-28,41,"Butner","Ozone","Granville",36.141111,-78.768056
2024-09-29,37,"Butner","Ozone","Granville",36.141111,-78.768056
2024-09-30,21,"Butner","Ozone","Granville",36.141111,-78.768056
2024-10-01,19,"Butner","Ozone","Granville",36.141111,-78.768056
2024-10-02,25,"Butner","Ozone","Granville",36.141111,-78.768056
2024-10-03,26,"Butner","Ozone","Granville",36.141111,-78.768056
2024-10-04,36,"Butner","Ozone","Granville",36.141111,-78.768056
2024-10-05,39,"Butner","Ozone","Granville",36.141111,-78.768056
2024-10-06,44,"Butner","Ozone","Granville",36.141111,-78.768056
2024-10-07,42,"Butner","Ozone","Granville",36.141111,-78.768056
2024-10-08,35,"Butner","Ozone","Granville",36.141111,-78.768056
2024-10-09,38,"Butner","Ozone","Granville",36.141111,-78.768056
2024-10-10,34,"Butner","Ozone","Granville",36.141111,-78.768056
2024-10-11,28,"Butner","Ozone","Granville",36.141111,-78.768056
2024-10-12,44,"Butner","Ozone","Granville",36.141111,-78.768056
2024-10-13,46,"Butner","Ozone","Granville",36.141111,-78.768056
2024-10-14,43,"Butner","Ozone","Granville",36.141111,-78.768056
2024-10-15,31,"Butner","Ozone","Granville",36.141111,-78.768056
2024-10-16,28,"Butner","Ozone","Granville",36.141111,-78.768056
2024-10-17,32,"Butner","Ozone","Granville",36.141111,-78.768056
2024-10-18,35,"Butner","Ozone","Granville",36.141111,-78.768056
2024-10-19,40,"Butner","Ozone","Granville",36.141111,-78.768056
2024-10-20,42,"Butner","Ozone","Granville",36.141111,-78.768056
2024-10-21,44,"Butner","Ozone","Granville",36.141111,-78.768056
2024-10-22,46,"Butner","Ozone","Granville",36.141111,-78.768056
2024-10-23,49,"Butner","Ozone","Granville",36.141111,-78.768056
2024-10-24,44,"Butner","Ozone","Granville",36.141111,-78.768056
2024-10-25,43,"Butner","Ozone","Granville",36.141111,-78.768056
2024-10-26,45,"Butner","Ozone","Granville",36.141111,-78.768056
2024-10-27,30,"Butner","Ozone","Granville",36.141111,-78.768056
2024-10-28,35,"Butner","Ozone","Granville",36.141111,-78.768056
2024-10-29,42,"Butner","Ozone","Granville",36.141111,-78.768056
2024-10-30,36,"Butner","Ozone","Granville",36.141111,-78.768056
2024-10-31,37,"Butner","Ozone","Granville",36.141111,-78.768056
2024-03-01,29,"Mendenhall School","Ozone","Guilford",36.1090060008986,-79.802314
2024-03-02,34,"Mendenhall School","Ozone","Guilford",36.1090060008986,-79.802314
2024-03-03,33,"Mendenhall School","Ozone","Guilford",36.1090060008986,-79.802314
2024-03-04,37,"Mendenhall School","Ozone","Guilford",36.1090060008986,-79.802314
2024-03-05,40,"Mendenhall School","Ozone","Guilford",36.1090060008986,-79.802314
2024-03-06,21,"Mendenhall School","Ozone","Guilford",36.1090060008986,-79.802314
2024-03-07,36,"Mendenhall School","Ozone","Guilford",36.1090060008986,-79.802314
2024-03-08,34,"Mendenhall School","Ozone","Guilford",36.1090060008986,-79.802314
2024-03-09,23,"Mendenhall School","Ozone","Guilford",36.1090060008986,-79.802314
2024-03-10,40,"Mendenhall School","Ozone","Guilford",36.1090060008986,-79.802314
2024-03-11,43,"Mendenhall School","Ozone","Guilford",36.1090060008986,-79.802314
2024-03-12,43,"Mendenhall School","Ozone","Guilford",36.1090060008986,-79.802314
2024-03-13,51,"Mendenhall School","Ozone","Guilford",36.1090060008986,-79.802314
2024-03-14,80,"Mendenhall School","Ozone","Guilford",36.1090060008986,-79.802314
2024-03-15,39,"Mendenhall School","Ozone","Guilford",36.1090060008986,-79.802314
2024-03-16,44,"Mendenhall School","Ozone","Guilford",36.1090060008986,-79.802314
2024-03-17,43,"Mendenhall School","Ozone","Guilford",36.1090060008986,-79.802314
2024-03-18,44,"Mendenhall School","Ozone","Guilford",36.1090060008986,-79.802314
2024-03-19,37,"Mendenhall School","Ozone","Guilford",36.1090060008986,-79.802314
2024-03-20,45,"Mendenhall School","Ozone","Guilford",36.1090060008986,-79.802314
2024-03-21,48,"Mendenhall School","Ozone","Guilford",36.1090060008986,-79.802314
2024-03-22,33,"Mendenhall School","Ozone","Guilford",36.1090060008986,-79.802314
2024-03-23,38,"Mendenhall School","Ozone","Guilford",36.1090060008986,-79.802314
2024-03-24,43,"Mendenhall School","Ozone","Guilford",36.1090060008986,-79.802314
2024-03-25,46,"Mendenhall School","Ozone","Guilford",36.1090060008986,-79.802314
2024-03-26,36,"Mendenhall School","Ozone","Guilford",36.1090060008986,-79.802314
2024-03-27,20,"Mendenhall School","Ozone","Guilford",36.1090060008986,-79.802314
2024-03-28,43,"Mendenhall School","Ozone","Guilford",36.1090060008986,-79.802314
2024-03-29,48,"Mendenhall School","Ozone","Guilford",36.1090060008986,-79.802314
2024-03-30,64,"Mendenhall School","Ozone","Guilford",36.1090060008986,-79.802314
2024-03-31,58,"Mendenhall School","Ozone","Guilford",36.1090060008986,-79.802314
2024-04-01,47,"Mendenhall School","Ozone","Guilford",36.1090060008986,-79.802314
2024-04-02,48,"Mendenhall School","Ozone","Guilford",36.1090060008986,-79.802314
2024-04-03,44,"Mendenhall School","Ozone","Guilford",36.1090060008986,-79.802314
2024-04-04,38,"Mendenhall School","Ozone","Guilford",36.1090060008986,-79.802314
2024-04-05,36,"Mendenhall School","Ozone","Guilford",36.1090060008986,-79.802314
2024-04-06,41,"Mendenhall School","Ozone","Guilford",36.1090060008986,-79.802314
2024-04-07,47,"Mendenhall School","Ozone","Guilford",36.1090060008986,-79.802314
2024-04-08,58,"Mendenhall School","Ozone","Guilford",36.1090060008986,-79.802314
2024-04-09,39,"Mendenhall School","Ozone","Guilford",36.1090060008986,-79.802314
2024-04-10,34,"Mendenhall School","Ozone","Guilford",36.1090060008986,-79.802314
2024-04-11,37,"Mendenhall School","Ozone","Guilford",36.1090060008986,-79.802314
2024-04-12,45,"Mendenhall School","Ozone","Guilford",36.1090060008986,-79.802314
2024-04-13,45,"Mendenhall School","Ozone","Guilford",36.1090060008986,-79.802314
2024-04-14,74,"Mendenhall School","Ozone","Guilford",36.1090060008986,-79.802314
2024-04-15,87,"Mendenhall School","Ozone","Guilford",36.1090060008986,-79.802314
2024-04-16,50,"Mendenhall School","Ozone","Guilford",36.1090060008986,-79.802314
2024-04-17,58,"Mendenhall School","Ozone","Guilford",36.1090060008986,-79.802314
2024-04-18,45,"Mendenhall School","Ozone","Guilford",36.1090060008986,-79.802314
2024-04-19,39,"Mendenhall School","Ozone","Guilford",36.1090060008986,-79.802314
2024-04-20,37,"Mendenhall School","Ozone","Guilford",36.1090060008986,-79.802314
2024-04-21,27,"Mendenhall School","Ozone","Guilford",36.1090060008986,-79.802314
2024-04-22,42,"Mendenhall School","Ozone","Guilford",36.1090060008986,-79.802314
2024-04-23,50,"Mendenhall School","Ozone","Guilford",36.1090060008986,-79.802314
2024-04-24,43,"Mendenhall School","Ozone","Guilford",36.1090060008986,-79.802314
2024-04-25,49,"Mendenhall School","Ozone","Guilford",36.1090060008986,-79.802314
2024-04-26,44,"Mendenhall School","Ozone","Guilford",36.1090060008986,-79.802314
2024-04-27,44,"Mendenhall School","Ozone","Guilford",36.1090060008986,-79.802314
2024-04-28,44,"Mendenhall School","Ozone","Guilford",36.1090060008986,-79.802314
2024-04-29,58,"Mendenhall School","Ozone","Guilford",36.1090060008986,-79.802314
2024-04-30,43,"Mendenhall School","Ozone","Guilford",36.1090060008986,-79.802314
2024-05-01,47,"Mendenhall School","Ozone","Guilford",36.1090060008986,-79.802314
2024-05-02,90,"Mendenhall School","Ozone","Guilford",36.1090060008986,-79.802314
2024-05-03,61,"Mendenhall School","Ozone","Guilford",36.1090060008986,-79.802314
2024-05-04,11,"Mendenhall School","Ozone","Guilford",36.1090060008986,-79.802314
2024-05-05,18,"Mendenhall School","Ozone","Guilford",36.1090060008986,-79.802314
2024-05-06,32,"Mendenhall School","Ozone","Guilford",36.1090060008986,-79.802314
2024-05-07,38,"Mendenhall School","Ozone","Guilford",36.1090060008986,-79.802314
2024-05-08,37,"Mendenhall School","Ozone","Guilford",36.1090060008986,-79.802314
2024-05-09,45,"Mendenhall School","Ozone","Guilford",36.1090060008986,-79.802314
2024-05-10,43,"Mendenhall School","Ozone","Guilford",36.1090060008986,-79.802314
2024-05-11,42,"Mendenhall School","Ozone","Guilford",36.1090060008986,-79.802314
2024-05-12,44,"Mendenhall School","Ozone","Guilford",36.1090060008986,-79.802314
2024-05-13,43,"Mendenhall School","Ozone","Guilford",36.1090060008986,-79.802314
2024-05-14,29,"Mendenhall School","Ozone","Guilford",36.1090060008986,-79.802314
2024-05-15,30,"Mendenhall School","Ozone","Guilford",36.1090060008986,-79.802314
2024-05-16,42,"Mendenhall School","Ozone","Guilford",36.1090060008986,-79.802314
2024-05-17,33,"Mendenhall School","Ozone","Guilford",36.1090060008986,-79.802314
2024-05-18,31,"Mendenhall School","Ozone","Guilford",36.1090060008986,-79.802314
2024-05-19,33,"Mendenhall School","Ozone","Guilford",36.1090060008986,-79.802314
2024-05-20,39,"Mendenhall School","Ozone","Guilford",36.1090060008986,-79.802314
2024-05-21,58,"Mendenhall School","Ozone","Guilford",36.1090060008986,-79.802314
2024-05-22,49,"Mendenhall School","Ozone","Guilford",36.1090060008986,-79.802314
2024-05-23,46,"Mendenhall School","Ozone","Guilford",36.1090060008986,-79.802314
2024-05-24,41,"Mendenhall School","Ozone","Guilford",36.1090060008986,-79.802314
2024-05-25,47,"Mendenhall School","Ozone","Guilford",36.1090060008986,-79.802314
2024-05-26,46,"Mendenhall School","Ozone","Guilford",36.1090060008986,-79.802314
2024-05-27,49,"Mendenhall School","Ozone","Guilford",36.1090060008986,-79.802314
2024-05-28,46,"Mendenhall School","Ozone","Guilford",36.1090060008986,-79.802314
2024-05-29,50,"Mendenhall School","Ozone","Guilford",36.1090060008986,-79.802314
2024-05-30,40,"Mendenhall School","Ozone","Guilford",36.1090060008986,-79.802314
2024-05-31,46,"Mendenhall School","Ozone","Guilford",36.1090060008986,-79.802314
2024-06-01,50,"Mendenhall School","Ozone","Guilford",36.1090060008986,-79.802314
2024-06-02,44,"Mendenhall School","Ozone","Guilford",36.1090060008986,-79.802314
2024-06-03,40,"Mendenhall School","Ozone","Guilford",36.1090060008986,-79.802314
2024-06-04,42,"Mendenhall School","Ozone","Guilford",36.1090060008986,-79.802314
2024-06-05,37,"Mendenhall School","Ozone","Guilford",36.1090060008986,-79.802314
2024-06-06,41,"Mendenhall School","Ozone","Guilford",36.1090060008986,-79.802314
2024-06-07,51,"Mendenhall School","Ozone","Guilford",36.1090060008986,-79.802314
2024-06-08,71,"Mendenhall School","Ozone","Guilford",36.1090060008986,-79.802314
2024-06-09,45,"Mendenhall School","Ozone","Guilford",36.1090060008986,-79.802314
2024-06-10,49,"Mendenhall School","Ozone","Guilford",36.1090060008986,-79.802314
2024-06-11,40,"Mendenhall School","Ozone","Guilford",36.1090060008986,-79.802314
2024-06-12,50,"Mendenhall School","Ozone","Guilford",36.1090060008986,-79.802314
2024-06-13,61,"Mendenhall School","Ozone","Guilford",36.1090060008986,-79.802314
2024-06-14,64,"Mendenhall School","Ozone","Guilford",36.1090060008986,-79.802314
2024-06-15,58,"Mendenhall School","Ozone","Guilford",36.1090060008986,-79.802314
2024-06-16,43,"Mendenhall School","Ozone","Guilford",36.1090060008986,-79.802314
2024-06-17,45,"Mendenhall School","Ozone","Guilford",36.1090060008986,-79.802314
2024-06-18,47,"Mendenhall School","Ozone","Guilford",36.1090060008986,-79.802314
2024-06-19,51,"Mendenhall School","Ozone","Guilford",36.1090060008986,-79.802314
2024-06-20,44,"Mendenhall School","Ozone","Guilford",36.1090060008986,-79.802314
2024-06-21,51,"Mendenhall School","Ozone","Guilford",36.1090060008986,-79.802314
2024-06-22,31,"Mendenhall School","Ozone","Guilford",36.1090060008986,-79.802314
2024-06-23,34,"Mendenhall School","Ozone","Guilford",36.1090060008986,-79.802314
2024-06-24,50,"Mendenhall School","Ozone","Guilford",36.1090060008986,-79.802314
2024-06-25,67,"Mendenhall School","Ozone","Guilford",36.1090060008986,-79.802314
2024-06-26,84,"Mendenhall School","Ozone","Guilford",36.1090060008986,-79.802314
2024-06-27,46,"Mendenhall School","Ozone","Guilford",36.1090060008986,-79.802314
2024-06-28,74,"Mendenhall School","Ozone","Guilford",36.1090060008986,-79.802314
2024-06-29,37,"Mendenhall School","Ozone","Guilford",36.1090060008986,-79.802314
2024-06-30,42,"Mendenhall School","Ozone","Guilford",36.1090060008986,-79.802314
2024-07-01,42,"Mendenhall School","Ozone","Guilford",36.1090060008986,-79.802314
2024-07-02,58,"Mendenhall School","Ozone","Guilford",36.1090060008986,-79.802314
2024-07-03,51,"Mendenhall School","Ozone","Guilford",36.1090060008986,-79.802314
2024-07-04,46,"Mendenhall School","Ozone","Guilford",36.1090060008986,-79.802314
2024-07-05,41,"Mendenhall School","Ozone","Guilford",36.1090060008986,-79.802314
2024-07-06,51,"Mendenhall School","Ozone","Guilford",36.1090060008986,-79.802314
2024-07-07,29,"Mendenhall School","Ozone","Guilford",36.1090060008986,-79.802314
2024-07-08,47,"Mendenhall School","Ozone","Guilford",36.1090060008986,-79.802314
2024-07-09,43,"Mendenhall School","Ozone","Guilford",36.1090060008986,-79.802314
2024-07-10,40,"Mendenhall School","Ozone","Guilford",36.1090060008986,-79.802314
2024-07-11,49,"Mendenhall School","Ozone","Guilford",36.1090060008986,-79.802314
2024-07-12,30,"Mendenhall School","Ozone","Guilford",36.1090060008986,-79.802314
2024-07-13,44,"Mendenhall School","Ozone","Guilford",36.1090060008986,-79.802314
2024-07-14,58,"Mendenhall School","Ozone","Guilford",36.1090060008986,-79.802314
2024-07-15,100,"Mendenhall School","Ozone","Guilford",36.1090060008986,-79.802314
2024-07-16,64,"Mendenhall School","Ozone","Guilford",36.1090060008986,-79.802314
2024-07-17,51,"Mendenhall School","Ozone","Guilford",36.1090060008986,-79.802314
2024-07-18,46,"Mendenhall School","Ozone","Guilford",36.1090060008986,-79.802314
2024-07-19,42,"Mendenhall School","Ozone","Guilford",36.1090060008986,-79.802314
2024-07-20,33,"Mendenhall School","Ozone","Guilford",36.1090060008986,-79.802314
2024-07-21,44,"Mendenhall School","Ozone","Guilford",36.1090060008986,-79.802314
2024-07-22,39,"Mendenhall School","Ozone","Guilford",36.1090060008986,-79.802314
2024-07-23,39,"Mendenhall School","Ozone","Guilford",36.1090060008986,-79.802314
2024-07-24,40,"Mendenhall School","Ozone","Guilford",36.1090060008986,-79.802314
2024-07-25,27,"Mendenhall School","Ozone","Guilford",36.1090060008986,-79.802314
2024-07-26,33,"Mendenhall School","Ozone","Guilford",36.1090060008986,-79.802314
2024-07-27,47,"Mendenhall School","Ozone","Guilford",36.1090060008986,-79.802314
2024-07-28,46,"Mendenhall School","Ozone","Guilford",36.1090060008986,-79.802314
2024-07-29,33,"Mendenhall School","Ozone","Guilford",36.1090060008986,-79.802314
2024-07-30,48,"Mendenhall School","Ozone","Guilford",36.1090060008986,-79.802314
2024-07-31,51,"Mendenhall School","Ozone","Guilford",36.1090060008986,-79.802314
2024-08-01,45,"Mendenhall School","Ozone","Guilford",36.1090060008986,-79.802314
2024-08-02,38,"Mendenhall School","Ozone","Guilford",36.1090060008986,-79.802314
2024-08-03,34,"Mendenhall School","Ozone","Guilford",36.1090060008986,-79.802314
2024-08-04,44,"Mendenhall School","Ozone","Guilford",36.1090060008986,-79.802314
2024-08-05,42,"Mendenhall School","Ozone","Guilford",36.1090060008986,-79.802314
2024-08-06,20,"Mendenhall School","Ozone","Guilford",36.1090060008986,-79.802314
2024-08-07,22,"Mendenhall School","Ozone","Guilford",36.1090060008986,-79.802314
2024-08-08,27,"Mendenhall School","Ozone","Guilford",36.1090060008986,-79.802314
2024-08-09,34,"Mendenhall School","Ozone","Guilford",36.1090060008986,-79.802314
2024-08-10,43,"Mendenhall School","Ozone","Guilford",36.1090060008986,-79.802314
2024-08-11,38,"Mendenhall School","Ozone","Guilford",36.1090060008986,-79.802314
2024-08-12,36,"Mendenhall School","Ozone","Guilford",36.1090060008986,-79.802314
2024-08-13,21,"Mendenhall School","Ozone","Guilford",36.1090060008986,-79.802314
2024-08-14,37,"Mendenhall School","Ozone","Guilford",36.1090060008986,-79.802314
2024-08-15,45,"Mendenhall School","Ozone","Guilford",36.1090060008986,-79.802314
2024-08-16,47,"Mendenhall School","Ozone","Guilford",36.1090060008986,-79.802314
2024-08-17,41,"Mendenhall School","Ozone","Guilford",36.1090060008986,-79.802314
2024-08-18,43,"Mendenhall School","Ozone","Guilford",36.1090060008986,-79.802314
2024-08-19,34,"Mendenhall School","Ozone","Guilford",36.1090060008986,-79.802314
2024-08-20,36,"Mendenhall School","Ozone","Guilford",36.1090060008986,-79.802314
2024-08-21,41,"Mendenhall School","Ozone","Guilford",36.1090060008986,-79.802314
2024-08-22,43,"Mendenhall School","Ozone","Guilford",36.1090060008986,-79.802314
2024-08-23,42,"Mendenhall School","Ozone","Guilford",36.1090060008986,-79.802314
2024-08-24,45,"Mendenhall School","Ozone","Guilford",36.1090060008986,-79.802314
2024-08-25,46,"Mendenhall School","Ozone","Guilford",36.1090060008986,-79.802314
2024-08-26,122,"Mendenhall School","Ozone","Guilford",36.1090060008986,-79.802314
2024-08-27,54,"Mendenhall School","Ozone","Guilford",36.1090060008986,-79.802314
2024-08-28,87,"Mendenhall School","Ozone","Guilford",36.1090060008986,-79.802314
2024-08-29,67,"Mendenhall School","Ozone","Guilford",36.1090060008986,-79.802314
2024-08-30,51,"Mendenhall School","Ozone","Guilford",36.1090060008986,-79.802314
2024-08-31,45,"Mendenhall School","Ozone","Guilford",36.1090060008986,-79.802314
2024-09-01,39,"Mendenhall School","Ozone","Guilford",36.1090060008986,-79.802314
2024-09-02,33,"Mendenhall School","Ozone","Guilford",36.1090060008986,-79.802314
2024-09-03,30,"Mendenhall School","Ozone","Guilford",36.1090060008986,-79.802314
2024-09-04,32,"Mendenhall School","Ozone","Guilford",36.1090060008986,-79.802314
2024-09-05,37,"Mendenhall School","Ozone","Guilford",36.1090060008986,-79.802314
2024-09-06,45,"Mendenhall School","Ozone","Guilford",36.1090060008986,-79.802314
2024-09-07,36,"Mendenhall School","Ozone","Guilford",36.1090060008986,-79.802314
2024-09-08,37,"Mendenhall School","Ozone","Guilford",36.1090060008986,-79.802314
2024-09-09,44,"Mendenhall School","Ozone","Guilford",36.1090060008986,-79.802314
2024-09-10,45,"Mendenhall School","Ozone","Guilford",36.1090060008986,-79.802314
2024-09-11,49,"Mendenhall School","Ozone","Guilford",36.1090060008986,-79.802314
2024-09-12,45,"Mendenhall School","Ozone","Guilford",36.1090060008986,-79.802314
2024-09-13,24,"Mendenhall School","Ozone","Guilford",36.1090060008986,-79.802314
2024-09-14,29,"Mendenhall School","Ozone","Guilford",36.1090060008986,-79.802314
2024-09-15,25,"Mendenhall School","Ozone","Guilford",36.1090060008986,-79.802314
2024-09-16,26,"Mendenhall School","Ozone","Guilford",36.1090060008986,-79.802314
2024-09-17,21,"Mendenhall School","Ozone","Guilford",36.1090060008986,-79.802314
2024-09-18,33,"Mendenhall School","Ozone","Guilford",36.1090060008986,-79.802314
2024-09-19,25,"Mendenhall School","Ozone","Guilford",36.1090060008986,-79.802314
2024-09-20,30,"Mendenhall School","Ozone","Guilford",36.1090060008986,-79.802314
2024-09-21,44,"Mendenhall School","Ozone","Guilford",36.1090060008986,-79.802314
2024-09-22,39,"Mendenhall School","Ozone","Guilford",36.1090060008986,-79.802314
2024-09-23,19,"Mendenhall School","Ozone","Guilford",36.1090060008986,-79.802314
2024-09-24,22,"Mendenhall School","Ozone","Guilford",36.1090060008986,-79.802314
2024-09-25,34,"Mendenhall School","Ozone","Guilford",36.1090060008986,-79.802314
2024-09-26,19,"Mendenhall School","Ozone","Guilford",36.1090060008986,-79.802314
2024-09-27,24,"Mendenhall School","Ozone","Guilford",36.1090060008986,-79.802314
2024-09-28,40,"Mendenhall School","Ozone","Guilford",36.1090060008986,-79.802314
2024-09-29,32,"Mendenhall School","Ozone","Guilford",36.1090060008986,-79.802314
2024-09-30,25,"Mendenhall School","Ozone","Guilford",36.1090060008986,-79.802314
2024-10-01,21,"Mendenhall School","Ozone","Guilford",36.1090060008986,-79.802314
2024-10-02,29,"Mendenhall School","Ozone","Guilford",36.1090060008986,-79.802314
2024-10-03,29,"Mendenhall School","Ozone","Guilford",36.1090060008986,-79.802314
2024-10-04,31,"Mendenhall School","Ozone","Guilford",36.1090060008986,-79.802314
2024-10-05,50,"Mendenhall School","Ozone","Guilford",36.1090060008986,-79.802314
2024-10-06,39,"Mendenhall School","Ozone","Guilford",36.1090060008986,-79.802314
2024-10-07,42,"Mendenhall School","Ozone","Guilford",36.1090060008986,-79.802314
2024-10-08,34,"Mendenhall School","Ozone","Guilford",36.1090060008986,-79.802314
2024-10-09,43,"Mendenhall School","Ozone","Guilford",36.1090060008986,-79.802314
2024-10-10,35,"Mendenhall School","Ozone","Guilford",36.1090060008986,-79.802314
2024-10-11,34,"Mendenhall School","Ozone","Guilford",36.1090060008986,-79.802314
2024-10-12,44,"Mendenhall School","Ozone","Guilford",36.1090060008986,-79.802314
2024-10-13,47,"Mendenhall School","Ozone","Guilford",36.1090060008986,-79.802314
2024-10-14,39,"Mendenhall School","Ozone","Guilford",36.1090060008986,-79.802314
2024-10-15,29,"Mendenhall School","Ozone","Guilford",36.1090060008986,-79.802314
2024-10-16,25,"Mendenhall School","Ozone","Guilford",36.1090060008986,-79.802314
2024-10-17,32,"Mendenhall School","Ozone","Guilford",36.1090060008986,-79.802314
2024-10-18,35,"Mendenhall School","Ozone","Guilford",36.1090060008986,-79.802314
2024-10-19,40,"Mendenhall School","Ozone","Guilford",36.1090060008986,-79.802314
2024-10-20,40,"Mendenhall School","Ozone","Guilford",36.1090060008986,-79.802314
2024-10-21,41,"Mendenhall School","Ozone","Guilford",36.1090060008986,-79.802314
2024-10-22,54,"Mendenhall School","Ozone","Guilford",36.1090060008986,-79.802314
2024-10-23,51,"Mendenhall School","Ozone","Guilford",36.1090060008986,-79.802314
2024-10-24,44,"Mendenhall School","Ozone","Guilford",36.1090060008986,-79.802314
2024-10-25,50,"Mendenhall School","Ozone","Guilford",36.1090060008986,-79.802314
2024-10-26,43,"Mendenhall School","Ozone","Guilford",36.1090060008986,-79.802314
2024-10-27,26,"Mendenhall School","Ozone","Guilford",36.1090060008986,-79.802314
2024-10-28,36,"Mendenhall School","Ozone","Guilford",36.1090060008986,-79.802314
2024-10-29,42,"Mendenhall School","Ozone","Guilford",36.1090060008986,-79.802314
2024-10-30,38,"Mendenhall School","Ozone","Guilford",36.1090060008986,-79.802314
2024-10-31,38,"Mendenhall School","Ozone","Guilford",36.1090060008986,-79.802314
2024-03-01,28,"Waynesville School","Ozone","Haywood",35.507224,-82.963625
2024-03-02,37,"Waynesville School","Ozone","Haywood",35.507224,-82.963625
2024-03-03,36,"Waynesville School","Ozone","Haywood",35.507224,-82.963625
2024-03-04,33,"Waynesville School","Ozone","Haywood",35.507224,-82.963625
2024-03-05,40,"Waynesville School","Ozone","Haywood",35.507224,-82.963625
2024-03-06,37,"Waynesville School","Ozone","Haywood",35.507224,-82.963625
2024-03-07,39,"Waynesville School","Ozone","Haywood",35.507224,-82.963625
2024-03-08,37,"Waynesville School","Ozone","Haywood",35.507224,-82.963625
2024-03-09,33,"Waynesville School","Ozone","Haywood",35.507224,-82.963625
2024-03-10,42,"Waynesville School","Ozone","Haywood",35.507224,-82.963625
2024-03-11,44,"Waynesville School","Ozone","Haywood",35.507224,-82.963625
2024-03-12,42,"Waynesville School","Ozone","Haywood",35.507224,-82.963625
2024-03-13,49,"Waynesville School","Ozone","Haywood",35.507224,-82.963625
2024-03-14,51,"Waynesville School","Ozone","Haywood",35.507224,-82.963625
2024-03-15,35,"Waynesville School","Ozone","Haywood",35.507224,-82.963625
2024-03-16,42,"Waynesville School","Ozone","Haywood",35.507224,-82.963625
2024-03-17,42,"Waynesville School","Ozone","Haywood",35.507224,-82.963625
2024-03-18,41,"Waynesville School","Ozone","Haywood",35.507224,-82.963625
2024-03-19,41,"Waynesville School","Ozone","Haywood",35.507224,-82.963625
2024-03-20,46,"Waynesville School","Ozone","Haywood",35.507224,-82.963625
2024-03-21,47,"Waynesville School","Ozone","Haywood",35.507224,-82.963625
2024-03-22,48,"Waynesville School","Ozone","Haywood",35.507224,-82.963625
2024-03-23,40,"Waynesville School","Ozone","Haywood",35.507224,-82.963625
2024-03-24,49,"Waynesville School","Ozone","Haywood",35.507224,-82.963625
2024-03-25,49,"Waynesville School","Ozone","Haywood",35.507224,-82.963625
2024-03-26,38,"Waynesville School","Ozone","Haywood",35.507224,-82.963625
2024-03-27,40,"Waynesville School","Ozone","Haywood",35.507224,-82.963625
2024-03-28,44,"Waynesville School","Ozone","Haywood",35.507224,-82.963625
2024-03-29,48,"Waynesville School","Ozone","Haywood",35.507224,-82.963625
2024-03-30,54,"Waynesville School","Ozone","Haywood",35.507224,-82.963625
2024-03-31,48,"Waynesville School","Ozone","Haywood",35.507224,-82.963625
2024-04-01,44,"Waynesville School","Ozone","Haywood",35.507224,-82.963625
2024-04-02,48,"Waynesville School","Ozone","Haywood",35.507224,-82.963625
2024-04-03,44,"Waynesville School","Ozone","Haywood",35.507224,-82.963625
2024-04-04,39,"Waynesville School","Ozone","Haywood",35.507224,-82.963625
2024-04-05,34,"Waynesville School","Ozone","Haywood",35.507224,-82.963625
2024-04-06,43,"Waynesville School","Ozone","Haywood",35.507224,-82.963625
2024-04-07,45,"Waynesville School","Ozone","Haywood",35.507224,-82.963625
2024-04-08,49,"Waynesville School","Ozone","Haywood",35.507224,-82.963625
2024-04-09,47,"Waynesville School","Ozone","Haywood",35.507224,-82.963625
2024-04-10,46,"Waynesville School","Ozone","Haywood",35.507224,-82.963625
2024-04-11,45,"Waynesville School","Ozone","Haywood",35.507224,-82.963625
2024-04-12,44,"Waynesville School","Ozone","Haywood",35.507224,-82.963625
2024-04-13,49,"Waynesville School","Ozone","Haywood",35.507224,-82.963625
2024-04-14,67,"Waynesville School","Ozone","Haywood",35.507224,-82.963625
2024-04-15,50,"Waynesville School","Ozone","Haywood",35.507224,-82.963625
2024-04-16,50,"Waynesville School","Ozone","Haywood",35.507224,-82.963625
2024-04-17,50,"Waynesville School","Ozone","Haywood",35.507224,-82.963625
2024-04-18,49,"Waynesville School","Ozone","Haywood",35.507224,-82.963625
2024-04-19,47,"Waynesville School","Ozone","Haywood",35.507224,-82.963625
2024-04-20,35,"Waynesville School","Ozone","Haywood",35.507224,-82.963625
2024-04-21,35,"Waynesville School","Ozone","Haywood",35.507224,-82.963625
2024-04-22,47,"Waynesville School","Ozone","Haywood",35.507224,-82.963625
2024-04-23,49,"Waynesville School","Ozone","Haywood",35.507224,-82.963625
2024-04-24,48,"Waynesville School","Ozone","Haywood",35.507224,-82.963625
2024-04-25,58,"Waynesville School","Ozone","Haywood",35.507224,-82.963625
2024-04-26,31,"Waynesville School","Ozone","Haywood",35.507224,-82.963625
2024-04-27,48,"Waynesville School","Ozone","Haywood",35.507224,-82.963625
2024-04-28,44,"Waynesville School","Ozone","Haywood",35.507224,-82.963625
2024-04-29,47,"Waynesville School","Ozone","Haywood",35.507224,-82.963625
2024-04-30,46,"Waynesville School","Ozone","Haywood",35.507224,-82.963625
2024-05-01,46,"Waynesville School","Ozone","Haywood",35.507224,-82.963625
2024-05-02,61,"Waynesville School","Ozone","Haywood",35.507224,-82.963625
2024-05-03,35,"Waynesville School","Ozone","Haywood",35.507224,-82.963625
2024-05-04,28,"Waynesville School","Ozone","Haywood",35.507224,-82.963625
2024-05-05,44,"Waynesville School","Ozone","Haywood",35.507224,-82.963625
2024-05-06,38,"Waynesville School","Ozone","Haywood",35.507224,-82.963625
2024-05-07,37,"Waynesville School","Ozone","Haywood",35.507224,-82.963625
2024-05-08,40,"Waynesville School","Ozone","Haywood",35.507224,-82.963625
2024-05-09,49,"Waynesville School","Ozone","Haywood",35.507224,-82.963625
2024-05-10,45,"Waynesville School","Ozone","Haywood",35.507224,-82.963625
2024-05-11,42,"Waynesville School","Ozone","Haywood",35.507224,-82.963625
2024-05-12,48,"Waynesville School","Ozone","Haywood",35.507224,-82.963625
2024-05-13,38,"Waynesville School","Ozone","Haywood",35.507224,-82.963625
2024-05-15,41,"Waynesville School","Ozone","Haywood",35.507224,-82.963625
2024-05-16,44,"Waynesville School","Ozone","Haywood",35.507224,-82.963625
2024-05-17,33,"Waynesville School","Ozone","Haywood",35.507224,-82.963625
2024-05-18,43,"Waynesville School","Ozone","Haywood",35.507224,-82.963625
2024-05-19,35,"Waynesville School","Ozone","Haywood",35.507224,-82.963625
2024-05-20,43,"Waynesville School","Ozone","Haywood",35.507224,-82.963625
2024-05-21,44,"Waynesville School","Ozone","Haywood",35.507224,-82.963625
2024-05-22,44,"Waynesville School","Ozone","Haywood",35.507224,-82.963625
2024-05-23,40,"Waynesville School","Ozone","Haywood",35.507224,-82.963625
2024-05-24,45,"Waynesville School","Ozone","Haywood",35.507224,-82.963625
2024-05-25,43,"Waynesville School","Ozone","Haywood",35.507224,-82.963625
2024-05-26,37,"Waynesville School","Ozone","Haywood",35.507224,-82.963625
2024-05-27,46,"Waynesville School","Ozone","Haywood",35.507224,-82.963625
2024-05-28,48,"Waynesville School","Ozone","Haywood",35.507224,-82.963625
2024-05-29,58,"Waynesville School","Ozone","Haywood",35.507224,-82.963625
2024-05-30,44,"Waynesville School","Ozone","Haywood",35.507224,-82.963625
2024-05-31,44,"Waynesville School","Ozone","Haywood",35.507224,-82.963625
2024-06-01,49,"Waynesville School","Ozone","Haywood",35.507224,-82.963625
2024-06-02,35,"Waynesville School","Ozone","Haywood",35.507224,-82.963625
2024-06-03,39,"Waynesville School","Ozone","Haywood",35.507224,-82.963625
2024-06-04,36,"Waynesville School","Ozone","Haywood",35.507224,-82.963625
2024-06-05,36,"Waynesville School","Ozone","Haywood",35.507224,-82.963625
2024-06-06,44,"Waynesville School","Ozone","Haywood",35.507224,-82.963625
2024-06-07,51,"Waynesville School","Ozone","Haywood",35.507224,-82.963625
2024-06-08,58,"Waynesville School","Ozone","Haywood",35.507224,-82.963625
2024-06-09,40,"Waynesville School","Ozone","Haywood",35.507224,-82.963625
2024-06-10,49,"Waynesville School","Ozone","Haywood",35.507224,-82.963625
2024-06-11,45,"Waynesville School","Ozone","Haywood",35.507224,-82.963625
2024-06-12,46,"Waynesville School","Ozone","Haywood",35.507224,-82.963625
2024-06-13,49,"Waynesville School","Ozone","Haywood",35.507224,-82.963625
2024-06-14,49,"Waynesville School","Ozone","Haywood",35.507224,-82.963625
2024-06-15,46,"Waynesville School","Ozone","Haywood",35.507224,-82.963625
2024-06-16,39,"Waynesville School","Ozone","Haywood",35.507224,-82.963625
2024-06-17,36,"Waynesville School","Ozone","Haywood",35.507224,-82.963625
2024-06-18,45,"Waynesville School","Ozone","Haywood",35.507224,-82.963625
2024-06-19,40,"Waynesville School","Ozone","Haywood",35.507224,-82.963625
2024-06-20,45,"Waynesville School","Ozone","Haywood",35.507224,-82.963625
2024-06-21,43,"Waynesville School","Ozone","Haywood",35.507224,-82.963625
2024-06-22,43,"Waynesville School","Ozone","Haywood",35.507224,-82.963625
2024-06-23,44,"Waynesville School","Ozone","Haywood",35.507224,-82.963625
2024-06-24,58,"Waynesville School","Ozone","Haywood",35.507224,-82.963625
2024-06-25,50,"Waynesville School","Ozone","Haywood",35.507224,-82.963625
2024-06-26,50,"Waynesville School","Ozone","Haywood",35.507224,-82.963625
2024-06-27,38,"Waynesville School","Ozone","Haywood",35.507224,-82.963625
2024-06-28,38,"Waynesville School","Ozone","Haywood",35.507224,-82.963625
2024-06-29,29,"Waynesville School","Ozone","Haywood",35.507224,-82.963625
2024-06-30,40,"Waynesville School","Ozone","Haywood",35.507224,-82.963625
2024-07-01,46,"Waynesville School","Ozone","Haywood",35.507224,-82.963625
2024-07-02,41,"Waynesville School","Ozone","Haywood",35.507224,-82.963625
2024-07-03,42,"Waynesville School","Ozone","Haywood",35.507224,-82.963625
2024-07-04,37,"Waynesville School","Ozone","Haywood",35.507224,-82.963625
2024-07-05,29,"Waynesville School","Ozone","Haywood",35.507224,-82.963625
2024-07-06,39,"Waynesville School","Ozone","Haywood",35.507224,-82.963625
2024-07-07,28,"Waynesville School","Ozone","Haywood",35.507224,-82.963625
2024-07-08,38,"Waynesville School","Ozone","Haywood",35.507224,-82.963625
2024-07-09,32,"Waynesville School","Ozone","Haywood",35.507224,-82.963625
2024-07-10,42,"Waynesville School","Ozone","Haywood",35.507224,-82.963625
2024-07-11,51,"Waynesville School","Ozone","Haywood",35.507224,-82.963625
2024-07-12,50,"Waynesville School","Ozone","Haywood",35.507224,-82.963625
2024-07-13,47,"Waynesville School","Ozone","Haywood",35.507224,-82.963625
2024-07-14,41,"Waynesville School","Ozone","Haywood",35.507224,-82.963625
2024-07-15,43,"Waynesville School","Ozone","Haywood",35.507224,-82.963625
2024-07-16,32,"Waynesville School","Ozone","Haywood",35.507224,-82.963625
2024-07-17,33,"Waynesville School","Ozone","Haywood",35.507224,-82.963625
2024-07-18,41,"Waynesville School","Ozone","Haywood",35.507224,-82.963625
2024-07-19,32,"Waynesville School","Ozone","Haywood",35.507224,-82.963625
2024-07-20,33,"Waynesville School","Ozone","Haywood",35.507224,-82.963625
2024-07-21,29,"Waynesville School","Ozone","Haywood",35.507224,-82.963625
2024-07-22,38,"Waynesville School","Ozone","Haywood",35.507224,-82.963625
2024-07-23,35,"Waynesville School","Ozone","Haywood",35.507224,-82.963625
2024-07-24,31,"Waynesville School","Ozone","Haywood",35.507224,-82.963625
2024-07-25,25,"Waynesville School","Ozone","Haywood",35.507224,-82.963625
2024-07-26,39,"Waynesville School","Ozone","Haywood",35.507224,-82.963625
2024-07-27,41,"Waynesville School","Ozone","Haywood",35.507224,-82.963625
2024-07-28,30,"Waynesville School","Ozone","Haywood",35.507224,-82.963625
2024-07-29,30,"Waynesville School","Ozone","Haywood",35.507224,-82.963625
2024-07-30,32,"Waynesville School","Ozone","Haywood",35.507224,-82.963625
2024-07-31,41,"Waynesville School","Ozone","Haywood",35.507224,-82.963625
2024-08-01,28,"Waynesville School","Ozone","Haywood",35.507224,-82.963625
2024-08-02,31,"Waynesville School","Ozone","Haywood",35.507224,-82.963625
2024-08-03,43,"Waynesville School","Ozone","Haywood",35.507224,-82.963625
2024-08-04,45,"Waynesville School","Ozone","Haywood",35.507224,-82.963625
2024-08-05,45,"Waynesville School","Ozone","Haywood",35.507224,-82.963625
2024-08-06,32,"Waynesville School","Ozone","Haywood",35.507224,-82.963625
2024-08-07,35,"Waynesville School","Ozone","Haywood",35.507224,-82.963625
2024-08-08,28,"Waynesville School","Ozone","Haywood",35.507224,-82.963625
2024-08-09,43,"Waynesville School","Ozone","Haywood",35.507224,-82.963625
2024-08-10,43,"Waynesville School","Ozone","Haywood",35.507224,-82.963625
2024-08-11,33,"Waynesville School","Ozone","Haywood",35.507224,-82.963625
2024-08-12,38,"Waynesville School","Ozone","Haywood",35.507224,-82.963625
2024-08-13,44,"Waynesville School","Ozone","Haywood",35.507224,-82.963625
2024-08-14,43,"Waynesville School","Ozone","Haywood",35.507224,-82.963625
2024-08-15,40,"Waynesville School","Ozone","Haywood",35.507224,-82.963625
2024-08-16,39,"Waynesville School","Ozone","Haywood",35.507224,-82.963625
2024-08-17,40,"Waynesville School","Ozone","Haywood",35.507224,-82.963625
2024-08-18,39,"Waynesville School","Ozone","Haywood",35.507224,-82.963625
2024-08-19,34,"Waynesville School","Ozone","Haywood",35.507224,-82.963625
2024-08-20,43,"Waynesville School","Ozone","Haywood",35.507224,-82.963625
2024-08-21,42,"Waynesville School","Ozone","Haywood",35.507224,-82.963625
2024-08-22,44,"Waynesville School","Ozone","Haywood",35.507224,-82.963625
2024-08-23,58,"Waynesville School","Ozone","Haywood",35.507224,-82.963625
2024-08-24,45,"Waynesville School","Ozone","Haywood",35.507224,-82.963625
2024-08-25,49,"Waynesville School","Ozone","Haywood",35.507224,-82.963625
2024-08-26,51,"Waynesville School","Ozone","Haywood",35.507224,-82.963625
2024-08-27,49,"Waynesville School","Ozone","Haywood",35.507224,-82.963625
2024-08-28,51,"Waynesville School","Ozone","Haywood",35.507224,-82.963625
2024-08-29,54,"Waynesville School","Ozone","Haywood",35.507224,-82.963625
2024-08-30,44,"Waynesville School","Ozone","Haywood",35.507224,-82.963625
2024-08-31,41,"Waynesville School","Ozone","Haywood",35.507224,-82.963625
2024-09-01,30,"Waynesville School","Ozone","Haywood",35.507224,-82.963625
2024-09-02,41,"Waynesville School","Ozone","Haywood",35.507224,-82.963625
2024-09-03,36,"Waynesville School","Ozone","Haywood",35.507224,-82.963625
2024-09-04,39,"Waynesville School","Ozone","Haywood",35.507224,-82.963625
2024-09-05,38,"Waynesville School","Ozone","Haywood",35.507224,-82.963625
2024-09-06,42,"Waynesville School","Ozone","Haywood",35.507224,-82.963625
2024-09-07,34,"Waynesville School","Ozone","Haywood",35.507224,-82.963625
2024-09-08,33,"Waynesville School","Ozone","Haywood",35.507224,-82.963625
2024-09-09,39,"Waynesville School","Ozone","Haywood",35.507224,-82.963625
2024-09-10,45,"Waynesville School","Ozone","Haywood",35.507224,-82.963625
2024-09-11,49,"Waynesville School","Ozone","Haywood",35.507224,-82.963625
2024-09-12,45,"Waynesville School","Ozone","Haywood",35.507224,-82.963625
2024-09-13,34,"Waynesville School","Ozone","Haywood",35.507224,-82.963625
2024-09-14,31,"Waynesville School","Ozone","Haywood",35.507224,-82.963625
2024-09-15,31,"Waynesville School","Ozone","Haywood",35.507224,-82.963625
2024-09-16,41,"Waynesville School","Ozone","Haywood",35.507224,-82.963625
2024-09-17,20,"Waynesville School","Ozone","Haywood",35.507224,-82.963625
2024-09-18,25,"Waynesville School","Ozone","Haywood",35.507224,-82.963625
2024-09-19,33,"Waynesville School","Ozone","Haywood",35.507224,-82.963625
2024-09-20,45,"Waynesville School","Ozone","Haywood",35.507224,-82.963625
2024-09-21,35,"Waynesville School","Ozone","Haywood",35.507224,-82.963625
2024-09-22,40,"Waynesville School","Ozone","Haywood",35.507224,-82.963625
2024-09-23,40,"Waynesville School","Ozone","Haywood",35.507224,-82.963625
2024-09-24,36,"Waynesville School","Ozone","Haywood",35.507224,-82.963625
2024-09-25,31,"Waynesville School","Ozone","Haywood",35.507224,-82.963625
2024-09-26,28,"Waynesville School","Ozone","Haywood",35.507224,-82.963625
2024-09-27,40,"Waynesville School","Ozone","Haywood",35.507224,-82.963625
2024-09-28,34,"Waynesville School","Ozone","Haywood",35.507224,-82.963625
2024-09-29,28,"Waynesville School","Ozone","Haywood",35.507224,-82.963625
2024-09-30,28,"Waynesville School","Ozone","Haywood",35.507224,-82.963625
2024-10-01,26,"Waynesville School","Ozone","Haywood",35.507224,-82.963625
2024-10-02,37,"Waynesville School","Ozone","Haywood",35.507224,-82.963625
2024-10-03,28,"Waynesville School","Ozone","Haywood",35.507224,-82.963625
2024-10-04,31,"Waynesville School","Ozone","Haywood",35.507224,-82.963625
2024-10-05,43,"Waynesville School","Ozone","Haywood",35.507224,-82.963625
2024-10-06,44,"Waynesville School","Ozone","Haywood",35.507224,-82.963625
2024-10-07,45,"Waynesville School","Ozone","Haywood",35.507224,-82.963625
2024-10-08,39,"Waynesville School","Ozone","Haywood",35.507224,-82.963625
2024-10-09,40,"Waynesville School","Ozone","Haywood",35.507224,-82.963625
2024-10-10,44,"Waynesville School","Ozone","Haywood",35.507224,-82.963625
2024-10-11,39,"Waynesville School","Ozone","Haywood",35.507224,-82.963625
2024-10-12,42,"Waynesville School","Ozone","Haywood",35.507224,-82.963625
2024-10-13,48,"Waynesville School","Ozone","Haywood",35.507224,-82.963625
2024-10-14,40,"Waynesville School","Ozone","Haywood",35.507224,-82.963625
2024-10-15,32,"Waynesville School","Ozone","Haywood",35.507224,-82.963625
2024-10-16,31,"Waynesville School","Ozone","Haywood",35.507224,-82.963625
2024-10-17,35,"Waynesville School","Ozone","Haywood",35.507224,-82.963625
2024-10-18,42,"Waynesville School","Ozone","Haywood",35.507224,-82.963625
2024-10-19,41,"Waynesville School","Ozone","Haywood",35.507224,-82.963625
2024-10-20,39,"Waynesville School","Ozone","Haywood",35.507224,-82.963625
2024-10-21,43,"Waynesville School","Ozone","Haywood",35.507224,-82.963625
2024-10-22,44,"Waynesville School","Ozone","Haywood",35.507224,-82.963625
2024-10-23,42,"Waynesville School","Ozone","Haywood",35.507224,-82.963625
2024-10-24,50,"Waynesville School","Ozone","Haywood",35.507224,-82.963625
2024-10-25,44,"Waynesville School","Ozone","Haywood",35.507224,-82.963625
2024-10-26,41,"Waynesville School","Ozone","Haywood",35.507224,-82.963625
2024-10-27,33,"Waynesville School","Ozone","Haywood",35.507224,-82.963625
2024-10-28,35,"Waynesville School","Ozone","Haywood",35.507224,-82.963625
2024-10-29,39,"Waynesville School","Ozone","Haywood",35.507224,-82.963625
2024-10-30,40,"Waynesville School","Ozone","Haywood",35.507224,-82.963625
2024-10-31,40,"Waynesville School","Ozone","Haywood",35.507224,-82.963625
2024-03-01,42,"Frying Pan Mountain","Ozone","Haywood",35.379167,-82.7925
2024-03-02,49,"Frying Pan Mountain","Ozone","Haywood",35.379167,-82.7925
2024-03-03,44,"Frying Pan Mountain","Ozone","Haywood",35.379167,-82.7925
2024-03-04,34,"Frying Pan Mountain","Ozone","Haywood",35.379167,-82.7925
2024-03-05,40,"Frying Pan Mountain","Ozone","Haywood",35.379167,-82.7925
2024-03-06,40,"Frying Pan Mountain","Ozone","Haywood",35.379167,-82.7925
2024-03-07,38,"Frying Pan Mountain","Ozone","Haywood",35.379167,-82.7925
2024-03-08,35,"Frying Pan Mountain","Ozone","Haywood",35.379167,-82.7925
2024-03-09,38,"Frying Pan Mountain","Ozone","Haywood",35.379167,-82.7925
2024-03-10,42,"Frying Pan Mountain","Ozone","Haywood",35.379167,-82.7925
2024-03-11,47,"Frying Pan Mountain","Ozone","Haywood",35.379167,-82.7925
2024-03-12,48,"Frying Pan Mountain","Ozone","Haywood",35.379167,-82.7925
2024-03-13,58,"Frying Pan Mountain","Ozone","Haywood",35.379167,-82.7925
2024-03-14,77,"Frying Pan Mountain","Ozone","Haywood",35.379167,-82.7925
2024-03-15,36,"Frying Pan Mountain","Ozone","Haywood",35.379167,-82.7925
2024-03-16,43,"Frying Pan Mountain","Ozone","Haywood",35.379167,-82.7925
2024-03-17,42,"Frying Pan Mountain","Ozone","Haywood",35.379167,-82.7925
2024-03-18,42,"Frying Pan Mountain","Ozone","Haywood",35.379167,-82.7925
2024-03-19,44,"Frying Pan Mountain","Ozone","Haywood",35.379167,-82.7925
2024-03-20,48,"Frying Pan Mountain","Ozone","Haywood",35.379167,-82.7925
2024-03-21,54,"Frying Pan Mountain","Ozone","Haywood",35.379167,-82.7925
2024-03-22,51,"Frying Pan Mountain","Ozone","Haywood",35.379167,-82.7925
2024-03-23,61,"Frying Pan Mountain","Ozone","Haywood",35.379167,-82.7925
2024-03-24,64,"Frying Pan Mountain","Ozone","Haywood",35.379167,-82.7925
2024-03-26,41,"Frying Pan Mountain","Ozone","Haywood",35.379167,-82.7925
2024-03-27,42,"Frying Pan Mountain","Ozone","Haywood",35.379167,-82.7925
2024-03-28,46,"Frying Pan Mountain","Ozone","Haywood",35.379167,-82.7925
2024-03-29,50,"Frying Pan Mountain","Ozone","Haywood",35.379167,-82.7925
2024-03-30,61,"Frying Pan Mountain","Ozone","Haywood",35.379167,-82.7925
2024-03-31,48,"Frying Pan Mountain","Ozone","Haywood",35.379167,-82.7925
2024-04-01,46,"Frying Pan Mountain","Ozone","Haywood",35.379167,-82.7925
2024-04-02,54,"Frying Pan Mountain","Ozone","Haywood",35.379167,-82.7925
2024-04-03,45,"Frying Pan Mountain","Ozone","Haywood",35.379167,-82.7925
2024-04-04,40,"Frying Pan Mountain","Ozone","Haywood",35.379167,-82.7925
2024-04-05,36,"Frying Pan Mountain","Ozone","Haywood",35.379167,-82.7925
2024-04-06,44,"Frying Pan Mountain","Ozone","Haywood",35.379167,-82.7925
2024-04-07,61,"Frying Pan Mountain","Ozone","Haywood",35.379167,-82.7925
2024-04-08,54,"Frying Pan Mountain","Ozone","Haywood",35.379167,-82.7925
2024-04-09,54,"Frying Pan Mountain","Ozone","Haywood",35.379167,-82.7925
2024-04-10,43,"Frying Pan Mountain","Ozone","Haywood",35.379167,-82.7925
2024-04-11,45,"Frying Pan Mountain","Ozone","Haywood",35.379167,-82.7925
2024-04-12,44,"Frying Pan Mountain","Ozone","Haywood",35.379167,-82.7925
2024-04-13,58,"Frying Pan Mountain","Ozone","Haywood",35.379167,-82.7925
2024-04-14,71,"Frying Pan Mountain","Ozone","Haywood",35.379167,-82.7925
2024-04-15,58,"Frying Pan Mountain","Ozone","Haywood",35.379167,-82.7925
2024-04-16,67,"Frying Pan Mountain","Ozone","Haywood",35.379167,-82.7925
2024-04-17,54,"Frying Pan Mountain","Ozone","Haywood",35.379167,-82.7925
2024-04-18,54,"Frying Pan Mountain","Ozone","Haywood",35.379167,-82.7925
2024-04-19,49,"Frying Pan Mountain","Ozone","Haywood",35.379167,-82.7925
2024-04-20,44,"Frying Pan Mountain","Ozone","Haywood",35.379167,-82.7925
2024-04-21,40,"Frying Pan Mountain","Ozone","Haywood",35.379167,-82.7925
2024-04-22,48,"Frying Pan Mountain","Ozone","Haywood",35.379167,-82.7925
2024-04-23,61,"Frying Pan Mountain","Ozone","Haywood",35.379167,-82.7925
2024-04-24,58,"Frying Pan Mountain","Ozone","Haywood",35.379167,-82.7925
2024-04-25,64,"Frying Pan Mountain","Ozone","Haywood",35.379167,-82.7925
2024-04-26,44,"Frying Pan Mountain","Ozone","Haywood",35.379167,-82.7925
2024-04-27,46,"Frying Pan Mountain","Ozone","Haywood",35.379167,-82.7925
2024-04-28,43,"Frying Pan Mountain","Ozone","Haywood",35.379167,-82.7925
2024-04-29,44,"Frying Pan Mountain","Ozone","Haywood",35.379167,-82.7925
2024-04-30,49,"Frying Pan Mountain","Ozone","Haywood",35.379167,-82.7925
2024-05-01,48,"Frying Pan Mountain","Ozone","Haywood",35.379167,-82.7925
2024-05-02,74,"Frying Pan Mountain","Ozone","Haywood",35.379167,-82.7925
2024-05-03,44,"Frying Pan Mountain","Ozone","Haywood",35.379167,-82.7925
2024-05-04,44,"Frying Pan Mountain","Ozone","Haywood",35.379167,-82.7925
2024-05-05,47,"Frying Pan Mountain","Ozone","Haywood",35.379167,-82.7925
2024-05-06,41,"Frying Pan Mountain","Ozone","Haywood",35.379167,-82.7925
2024-05-07,37,"Frying Pan Mountain","Ozone","Haywood",35.379167,-82.7925
2024-05-08,47,"Frying Pan Mountain","Ozone","Haywood",35.379167,-82.7925
2024-05-09,64,"Frying Pan Mountain","Ozone","Haywood",35.379167,-82.7925
2024-05-10,44,"Frying Pan Mountain","Ozone","Haywood",35.379167,-82.7925
2024-05-11,44,"Frying Pan Mountain","Ozone","Haywood",35.379167,-82.7925
2024-05-12,48,"Frying Pan Mountain","Ozone","Haywood",35.379167,-82.7925
2024-05-13,41,"Frying Pan Mountain","Ozone","Haywood",35.379167,-82.7925
2024-05-14,44,"Frying Pan Mountain","Ozone","Haywood",35.379167,-82.7925
2024-05-15,46,"Frying Pan Mountain","Ozone","Haywood",35.379167,-82.7925
2024-05-16,48,"Frying Pan Mountain","Ozone","Haywood",35.379167,-82.7925
2024-05-17,41,"Frying Pan Mountain","Ozone","Haywood",35.379167,-82.7925
2024-05-18,44,"Frying Pan Mountain","Ozone","Haywood",35.379167,-82.7925
2024-05-19,43,"Frying Pan Mountain","Ozone","Haywood",35.379167,-82.7925
2024-05-20,43,"Frying Pan Mountain","Ozone","Haywood",35.379167,-82.7925
2024-05-21,46,"Frying Pan Mountain","Ozone","Haywood",35.379167,-82.7925
2024-05-22,61,"Frying Pan Mountain","Ozone","Haywood",35.379167,-82.7925
2024-05-23,44,"Frying Pan Mountain","Ozone","Haywood",35.379167,-82.7925
2024-05-24,48,"Frying Pan Mountain","Ozone","Haywood",35.379167,-82.7925
2024-05-25,58,"Frying Pan Mountain","Ozone","Haywood",35.379167,-82.7925
2024-05-26,39,"Frying Pan Mountain","Ozone","Haywood",35.379167,-82.7925
2024-05-27,46,"Frying Pan Mountain","Ozone","Haywood",35.379167,-82.7925
2024-05-28,46,"Frying Pan Mountain","Ozone","Haywood",35.379167,-82.7925
2024-05-29,51,"Frying Pan Mountain","Ozone","Haywood",35.379167,-82.7925
2024-05-30,44,"Frying Pan Mountain","Ozone","Haywood",35.379167,-82.7925
2024-05-31,48,"Frying Pan Mountain","Ozone","Haywood",35.379167,-82.7925
2024-06-01,54,"Frying Pan Mountain","Ozone","Haywood",35.379167,-82.7925
2024-06-02,41,"Frying Pan Mountain","Ozone","Haywood",35.379167,-82.7925
2024-06-03,42,"Frying Pan Mountain","Ozone","Haywood",35.379167,-82.7925
2024-06-04,35,"Frying Pan Mountain","Ozone","Haywood",35.379167,-82.7925
2024-06-05,44,"Frying Pan Mountain","Ozone","Haywood",35.379167,-82.7925
2024-06-06,47,"Frying Pan Mountain","Ozone","Haywood",35.379167,-82.7925
2024-06-07,49,"Frying Pan Mountain","Ozone","Haywood",35.379167,-82.7925
2024-06-08,49,"Frying Pan Mountain","Ozone","Haywood",35.379167,-82.7925
2024-06-09,42,"Frying Pan Mountain","Ozone","Haywood",35.379167,-82.7925
2024-06-10,46,"Frying Pan Mountain","Ozone","Haywood",35.379167,-82.7925
2024-06-11,43,"Frying Pan Mountain","Ozone","Haywood",35.379167,-82.7925
2024-06-12,40,"Frying Pan Mountain","Ozone","Haywood",35.379167,-82.7925
2024-06-13,47,"Frying Pan Mountain","Ozone","Haywood",35.379167,-82.7925
2024-06-14,47,"Frying Pan Mountain","Ozone","Haywood",35.379167,-82.7925
2024-06-15,44,"Frying Pan Mountain","Ozone","Haywood",35.379167,-82.7925
2024-06-16,34,"Frying Pan Mountain","Ozone","Haywood",35.379167,-82.7925
2024-06-17,35,"Frying Pan Mountain","Ozone","Haywood",35.379167,-82.7925
2024-06-18,43,"Frying Pan Mountain","Ozone","Haywood",35.379167,-82.7925
2024-06-19,44,"Frying Pan Mountain","Ozone","Haywood",35.379167,-82.7925
2024-06-20,46,"Frying Pan Mountain","Ozone","Haywood",35.379167,-82.7925
2024-06-21,47,"Frying Pan Mountain","Ozone","Haywood",35.379167,-82.7925
2024-06-23,43,"Frying Pan Mountain","Ozone","Haywood",35.379167,-82.7925
2024-06-25,54,"Frying Pan Mountain","Ozone","Haywood",35.379167,-82.7925
2024-06-26,90,"Frying Pan Mountain","Ozone","Haywood",35.379167,-82.7925
2024-06-27,38,"Frying Pan Mountain","Ozone","Haywood",35.379167,-82.7925
2024-06-28,39,"Frying Pan Mountain","Ozone","Haywood",35.379167,-82.7925
2024-06-29,33,"Frying Pan Mountain","Ozone","Haywood",35.379167,-82.7925
2024-07-01,44,"Frying Pan Mountain","Ozone","Haywood",35.379167,-82.7925
2024-07-02,44,"Frying Pan Mountain","Ozone","Haywood",35.379167,-82.7925
2024-07-03,38,"Frying Pan Mountain","Ozone","Haywood",35.379167,-82.7925
2024-07-04,31,"Frying Pan Mountain","Ozone","Haywood",35.379167,-82.7925
2024-07-05,42,"Frying Pan Mountain","Ozone","Haywood",35.379167,-82.7925
2024-07-06,44,"Frying Pan Mountain","Ozone","Haywood",35.379167,-82.7925
2024-07-07,34,"Frying Pan Mountain","Ozone","Haywood",35.379167,-82.7925
2024-07-08,36,"Frying Pan Mountain","Ozone","Haywood",35.379167,-82.7925
2024-07-09,26,"Frying Pan Mountain","Ozone","Haywood",35.379167,-82.7925
2024-07-10,50,"Frying Pan Mountain","Ozone","Haywood",35.379167,-82.7925
2024-07-11,58,"Frying Pan Mountain","Ozone","Haywood",35.379167,-82.7925
2024-07-12,45,"Frying Pan Mountain","Ozone","Haywood",35.379167,-82.7925
2024-07-13,58,"Frying Pan Mountain","Ozone","Haywood",35.379167,-82.7925
2024-07-14,61,"Frying Pan Mountain","Ozone","Haywood",35.379167,-82.7925
2024-07-15,42,"Frying Pan Mountain","Ozone","Haywood",35.379167,-82.7925
2024-07-17,43,"Frying Pan Mountain","Ozone","Haywood",35.379167,-82.7925
2024-07-18,39,"Frying Pan Mountain","Ozone","Haywood",35.379167,-82.7925
2024-07-19,41,"Frying Pan Mountain","Ozone","Haywood",35.379167,-82.7925
2024-07-20,31,"Frying Pan Mountain","Ozone","Haywood",35.379167,-82.7925
2024-07-21,35,"Frying Pan Mountain","Ozone","Haywood",35.379167,-82.7925
2024-07-22,36,"Frying Pan Mountain","Ozone","Haywood",35.379167,-82.7925
2024-07-23,36,"Frying Pan Mountain","Ozone","Haywood",35.379167,-82.7925
2024-07-24,30,"Frying Pan Mountain","Ozone","Haywood",35.379167,-82.7925
2024-07-25,31,"Frying Pan Mountain","Ozone","Haywood",35.379167,-82.7925
2024-07-26,42,"Frying Pan Mountain","Ozone","Haywood",35.379167,-82.7925
2024-07-27,32,"Frying Pan Mountain","Ozone","Haywood",35.379167,-82.7925
2024-07-28,28,"Frying Pan Mountain","Ozone","Haywood",35.379167,-82.7925
2024-07-29,35,"Frying Pan Mountain","Ozone","Haywood",35.379167,-82.7925
2024-07-30,51,"Frying Pan Mountain","Ozone","Haywood",35.379167,-82.7925
2024-07-31,44,"Frying Pan Mountain","Ozone","Haywood",35.379167,-82.7925
2024-08-01,27,"Frying Pan Mountain","Ozone","Haywood",35.379167,-82.7925
2024-08-02,43,"Frying Pan Mountain","Ozone","Haywood",35.379167,-82.7925
2024-08-03,42,"Frying Pan Mountain","Ozone","Haywood",35.379167,-82.7925
2024-08-04,41,"Frying Pan Mountain","Ozone","Haywood",35.379167,-82.7925
2024-08-05,37,"Frying Pan Mountain","Ozone","Haywood",35.379167,-82.7925
2024-08-06,27,"Frying Pan Mountain","Ozone","Haywood",35.379167,-82.7925
2024-08-07,31,"Frying Pan Mountain","Ozone","Haywood",35.379167,-82.7925
2024-08-08,31,"Frying Pan Mountain","Ozone","Haywood",35.379167,-82.7925
2024-08-09,37,"Frying Pan Mountain","Ozone","Haywood",35.379167,-82.7925
2024-08-10,41,"Frying Pan Mountain","Ozone","Haywood",35.379167,-82.7925
2024-08-11,44,"Frying Pan Mountain","Ozone","Haywood",35.379167,-82.7925
2024-08-12,32,"Frying Pan Mountain","Ozone","Haywood",35.379167,-82.7925
2024-08-13,45,"Frying Pan Mountain","Ozone","Haywood",35.379167,-82.7925
2024-08-14,34,"Frying Pan Mountain","Ozone","Haywood",35.379167,-82.7925
2024-08-15,42,"Frying Pan Mountain","Ozone","Haywood",35.379167,-82.7925
2024-08-16,41,"Frying Pan Mountain","Ozone","Haywood",35.379167,-82.7925
2024-08-17,44,"Frying Pan Mountain","Ozone","Haywood",35.379167,-82.7925
2024-08-18,43,"Frying Pan Mountain","Ozone","Haywood",35.379167,-82.7925
2024-08-19,33,"Frying Pan Mountain","Ozone","Haywood",35.379167,-82.7925
2024-08-20,40,"Frying Pan Mountain","Ozone","Haywood",35.379167,-82.7925
2024-08-21,32,"Frying Pan Mountain","Ozone","Haywood",35.379167,-82.7925
2024-08-22,44,"Frying Pan Mountain","Ozone","Haywood",35.379167,-82.7925
2024-08-23,49,"Frying Pan Mountain","Ozone","Haywood",35.379167,-82.7925
2024-08-24,50,"Frying Pan Mountain","Ozone","Haywood",35.379167,-82.7925
2024-08-25,74,"Frying Pan Mountain","Ozone","Haywood",35.379167,-82.7925
2024-08-26,54,"Frying Pan Mountain","Ozone","Haywood",35.379167,-82.7925
2024-08-27,61,"Frying Pan Mountain","Ozone","Haywood",35.379167,-82.7925
2024-08-28,48,"Frying Pan Mountain","Ozone","Haywood",35.379167,-82.7925
2024-08-29,50,"Frying Pan Mountain","Ozone","Haywood",35.379167,-82.7925
2024-08-30,42,"Frying Pan Mountain","Ozone","Haywood",35.379167,-82.7925
2024-08-31,40,"Frying Pan Mountain","Ozone","Haywood",35.379167,-82.7925
2024-09-01,36,"Frying Pan Mountain","Ozone","Haywood",35.379167,-82.7925
2024-09-02,39,"Frying Pan Mountain","Ozone","Haywood",35.379167,-82.7925
2024-09-03,30,"Frying Pan Mountain","Ozone","Haywood",35.379167,-82.7925
2024-09-04,32,"Frying Pan Mountain","Ozone","Haywood",35.379167,-82.7925
2024-09-05,43,"Frying Pan Mountain","Ozone","Haywood",35.379167,-82.7925
2024-09-06,38,"Frying Pan Mountain","Ozone","Haywood",35.379167,-82.7925
2024-09-07,33,"Frying Pan Mountain","Ozone","Haywood",35.379167,-82.7925
2024-09-08,31,"Frying Pan Mountain","Ozone","Haywood",35.379167,-82.7925
2024-09-09,37,"Frying Pan Mountain","Ozone","Haywood",35.379167,-82.7925
2024-09-10,58,"Frying Pan Mountain","Ozone","Haywood",35.379167,-82.7925
2024-09-11,46,"Frying Pan Mountain","Ozone","Haywood",35.379167,-82.7925
2024-09-12,42,"Frying Pan Mountain","Ozone","Haywood",35.379167,-82.7925
2024-09-13,31,"Frying Pan Mountain","Ozone","Haywood",35.379167,-82.7925
2024-09-14,30,"Frying Pan Mountain","Ozone","Haywood",35.379167,-82.7925
2024-09-15,31,"Frying Pan Mountain","Ozone","Haywood",35.379167,-82.7925
2024-09-16,37,"Frying Pan Mountain","Ozone","Haywood",35.379167,-82.7925
2024-09-17,27,"Frying Pan Mountain","Ozone","Haywood",35.379167,-82.7925
2024-09-18,35,"Frying Pan Mountain","Ozone","Haywood",35.379167,-82.7925
2024-09-19,35,"Frying Pan Mountain","Ozone","Haywood",35.379167,-82.7925
2024-09-20,50,"Frying Pan Mountain","Ozone","Haywood",35.379167,-82.7925
2024-09-21,47,"Frying Pan Mountain","Ozone","Haywood",35.379167,-82.7925
2024-09-22,45,"Frying Pan Mountain","Ozone","Haywood",35.379167,-82.7925
2024-09-23,41,"Frying Pan Mountain","Ozone","Haywood",35.379167,-82.7925
2024-09-24,37,"Frying Pan Mountain","Ozone","Haywood",35.379167,-82.7925
2024-10-18,47,"Frying Pan Mountain","Ozone","Haywood",35.379167,-82.7925
2024-10-19,47,"Frying Pan Mountain","Ozone","Haywood",35.379167,-82.7925
2024-10-20,44,"Frying Pan Mountain","Ozone","Haywood",35.379167,-82.7925
2024-10-21,48,"Frying Pan Mountain","Ozone","Haywood",35.379167,-82.7925
2024-10-22,45,"Frying Pan Mountain","Ozone","Haywood",35.379167,-82.7925
2024-10-23,48,"Frying Pan Mountain","Ozone","Haywood",35.379167,-82.7925
2024-10-24,64,"Frying Pan Mountain","Ozone","Haywood",35.379167,-82.7925
2024-10-25,49,"Frying Pan Mountain","Ozone","Haywood",35.379167,-82.7925
2024-10-26,48,"Frying Pan Mountain","Ozone","Haywood",35.379167,-82.7925
2024-10-27,38,"Frying Pan Mountain","Ozone","Haywood",35.379167,-82.7925
2024-10-28,58,"Frying Pan Mountain","Ozone","Haywood",35.379167,-82.7925
2024-10-29,44,"Frying Pan Mountain","Ozone","Haywood",35.379167,-82.7925
2024-10-30,33,"Frying Pan Mountain","Ozone","Haywood",35.379167,-82.7925
2024-10-31,38,"Frying Pan Mountain","Ozone","Haywood",35.379167,-82.7925
2024-11-01,33,"Frying Pan Mountain","Ozone","Haywood",35.379167,-82.7925
2024-11-02,30,"Frying Pan Mountain","Ozone","Haywood",35.379167,-82.7925
2024-11-03,38,"Frying Pan Mountain","Ozone","Haywood",35.379167,-82.7925
2024-11-04,35,"Frying Pan Mountain","Ozone","Haywood",35.379167,-82.7925
2024-11-05,29,"Frying Pan Mountain","Ozone","Haywood",35.379167,-82.7925
2024-11-06,28,"Frying Pan Mountain","Ozone","Haywood",35.379167,-82.7925
2024-11-07,31,"Frying Pan Mountain","Ozone","Haywood",35.379167,-82.7925
2024-11-08,33,"Frying Pan Mountain","Ozone","Haywood",35.379167,-82.7925
2024-11-09,36,"Frying Pan Mountain","Ozone","Haywood",35.379167,-82.7925
2024-11-10,35,"Frying Pan Mountain","Ozone","Haywood",35.379167,-82.7925
2024-11-11,39,"Frying Pan Mountain","Ozone","Haywood",35.379167,-82.7925
2024-11-12,44,"Frying Pan Mountain","Ozone","Haywood",35.379167,-82.7925
2024-11-13,31,"Frying Pan Mountain","Ozone","Haywood",35.379167,-82.7925
2024-11-14,33,"Frying Pan Mountain","Ozone","Haywood",35.379167,-82.7925
2024-11-15,42,"Frying Pan Mountain","Ozone","Haywood",35.379167,-82.7925
2024-11-16,61,"Frying Pan Mountain","Ozone","Haywood",35.379167,-82.7925
2024-11-17,48,"Frying Pan Mountain","Ozone","Haywood",35.379167,-82.7925
2024-11-18,45,"Frying Pan Mountain","Ozone","Haywood",35.379167,-82.7925
2024-11-19,40,"Frying Pan Mountain","Ozone","Haywood",35.379167,-82.7925
2024-11-20,34,"Frying Pan Mountain","Ozone","Haywood",35.379167,-82.7925
2024-11-21,35,"Frying Pan Mountain","Ozone","Haywood",35.379167,-82.7925
2024-11-22,25,"Frying Pan Mountain","Ozone","Haywood",35.379167,-82.7925
2024-11-23,44,"Frying Pan Mountain","Ozone","Haywood",35.379167,-82.7925
2024-11-24,46,"Frying Pan Mountain","Ozone","Haywood",35.379167,-82.7925
2024-11-25,43,"Frying Pan Mountain","Ozone","Haywood",35.379167,-82.7925
2024-11-26,40,"Frying Pan Mountain","Ozone","Haywood",35.379167,-82.7925
2024-11-28,31,"Frying Pan Mountain","Ozone","Haywood",35.379167,-82.7925
2024-11-29,34,"Frying Pan Mountain","Ozone","Haywood",35.379167,-82.7925
2024-03-01,39,"Purchase Knob","Ozone","Haywood",35.587144,-83.074156
2024-03-02,45,"Purchase Knob","Ozone","Haywood",35.587144,-83.074156
2024-03-03,47,"Purchase Knob","Ozone","Haywood",35.587144,-83.074156
2024-03-04,37,"Purchase Knob","Ozone","Haywood",35.587144,-83.074156
2024-03-05,42,"Purchase Knob","Ozone","Haywood",35.587144,-83.074156
2024-03-06,41,"Purchase Knob","Ozone","Haywood",35.587144,-83.074156
2024-03-07,40,"Purchase Knob","Ozone","Haywood",35.587144,-83.074156
2024-03-08,38,"Purchase Knob","Ozone","Haywood",35.587144,-83.074156
2024-03-09,34,"Purchase Knob","Ozone","Haywood",35.587144,-83.074156
2024-03-10,44,"Purchase Knob","Ozone","Haywood",35.587144,-83.074156
2024-03-11,45,"Purchase Knob","Ozone","Haywood",35.587144,-83.074156
2024-03-12,47,"Purchase Knob","Ozone","Haywood",35.587144,-83.074156
2024-03-13,61,"Purchase Knob","Ozone","Haywood",35.587144,-83.074156
2024-03-14,54,"Purchase Knob","Ozone","Haywood",35.587144,-83.074156
2024-03-15,37,"Purchase Knob","Ozone","Haywood",35.587144,-83.074156
2024-03-16,41,"Purchase Knob","Ozone","Haywood",35.587144,-83.074156
2024-03-17,43,"Purchase Knob","Ozone","Haywood",35.587144,-83.074156
2024-03-18,43,"Purchase Knob","Ozone","Haywood",35.587144,-83.074156
2024-03-19,46,"Purchase Knob","Ozone","Haywood",35.587144,-83.074156
2024-03-20,49,"Purchase Knob","Ozone","Haywood",35.587144,-83.074156
2024-03-21,64,"Purchase Knob","Ozone","Haywood",35.587144,-83.074156
2024-03-22,71,"Purchase Knob","Ozone","Haywood",35.587144,-83.074156
2024-03-23,74,"Purchase Knob","Ozone","Haywood",35.587144,-83.074156
2024-03-24,74,"Purchase Knob","Ozone","Haywood",35.587144,-83.074156
2024-03-25,54,"Purchase Knob","Ozone","Haywood",35.587144,-83.074156
2024-03-26,44,"Purchase Knob","Ozone","Haywood",35.587144,-83.074156
2024-03-27,43,"Purchase Knob","Ozone","Haywood",35.587144,-83.074156
2024-03-28,48,"Purchase Knob","Ozone","Haywood",35.587144,-83.074156
2024-03-29,51,"Purchase Knob","Ozone","Haywood",35.587144,-83.074156
2024-03-30,64,"Purchase Knob","Ozone","Haywood",35.587144,-83.074156
2024-03-31,48,"Purchase Knob","Ozone","Haywood",35.587144,-83.074156
2024-04-01,46,"Purchase Knob","Ozone","Haywood",35.587144,-83.074156
2024-04-02,49,"Purchase Knob","Ozone","Haywood",35.587144,-83.074156
2024-04-03,44,"Purchase Knob","Ozone","Haywood",35.587144,-83.074156
2024-04-04,41,"Purchase Knob","Ozone","Haywood",35.587144,-83.074156
2024-04-05,36,"Purchase Knob","Ozone","Haywood",35.587144,-83.074156
2024-04-06,45,"Purchase Knob","Ozone","Haywood",35.587144,-83.074156
2024-04-07,50,"Purchase Knob","Ozone","Haywood",35.587144,-83.074156
2024-04-08,54,"Purchase Knob","Ozone","Haywood",35.587144,-83.074156
2024-04-09,51,"Purchase Knob","Ozone","Haywood",35.587144,-83.074156
2024-04-10,47,"Purchase Knob","Ozone","Haywood",35.587144,-83.074156
2024-04-11,46,"Purchase Knob","Ozone","Haywood",35.587144,-83.074156
2024-04-12,46,"Purchase Knob","Ozone","Haywood",35.587144,-83.074156
2024-04-13,64,"Purchase Knob","Ozone","Haywood",35.587144,-83.074156
2024-04-14,77,"Purchase Knob","Ozone","Haywood",35.587144,-83.074156
2024-04-15,61,"Purchase Knob","Ozone","Haywood",35.587144,-83.074156
2024-04-16,67,"Purchase Knob","Ozone","Haywood",35.587144,-83.074156
2024-04-17,51,"Purchase Knob","Ozone","Haywood",35.587144,-83.074156
2024-04-18,58,"Purchase Knob","Ozone","Haywood",35.587144,-83.074156
2024-04-19,49,"Purchase Knob","Ozone","Haywood",35.587144,-83.074156
2024-04-20,43,"Purchase Knob","Ozone","Haywood",35.587144,-83.074156
2024-04-21,38,"Purchase Knob","Ozone","Haywood",35.587144,-83.074156
2024-04-22,50,"Purchase Knob","Ozone","Haywood",35.587144,-83.074156
2024-04-23,54,"Purchase Knob","Ozone","Haywood",35.587144,-83.074156
2024-04-24,64,"Purchase Knob","Ozone","Haywood",35.587144,-83.074156
2024-04-25,67,"Purchase Knob","Ozone","Haywood",35.587144,-83.074156
2024-04-26,50,"Purchase Knob","Ozone","Haywood",35.587144,-83.074156
2024-04-27,50,"Purchase Knob","Ozone","Haywood",35.587144,-83.074156
2024-04-28,46,"Purchase Knob","Ozone","Haywood",35.587144,-83.074156
2024-04-29,50,"Purchase Knob","Ozone","Haywood",35.587144,-83.074156
2024-04-30,50,"Purchase Knob","Ozone","Haywood",35.587144,-83.074156
2024-05-01,50,"Purchase Knob","Ozone","Haywood",35.587144,-83.074156
2024-05-02,64,"Purchase Knob","Ozone","Haywood",35.587144,-83.074156
2024-05-03,45,"Purchase Knob","Ozone","Haywood",35.587144,-83.074156
2024-05-04,40,"Purchase Knob","Ozone","Haywood",35.587144,-83.074156
2024-05-05,47,"Purchase Knob","Ozone","Haywood",35.587144,-83.074156
2024-05-06,42,"Purchase Knob","Ozone","Haywood",35.587144,-83.074156
2024-05-07,37,"Purchase Knob","Ozone","Haywood",35.587144,-83.074156
2024-05-08,44,"Purchase Knob","Ozone","Haywood",35.587144,-83.074156
2024-05-09,64,"Purchase Knob","Ozone","Haywood",35.587144,-83.074156
2024-05-10,45,"Purchase Knob","Ozone","Haywood",35.587144,-83.074156
2024-05-11,48,"Purchase Knob","Ozone","Haywood",35.587144,-83.074156
2024-05-12,51,"Purchase Knob","Ozone","Haywood",35.587144,-83.074156
2024-05-13,42,"Purchase Knob","Ozone","Haywood",35.587144,-83.074156
2024-05-14,42,"Purchase Knob","Ozone","Haywood",35.587144,-83.074156
2024-05-15,44,"Purchase Knob","Ozone","Haywood",35.587144,-83.074156
2024-05-16,47,"Purchase Knob","Ozone","Haywood",35.587144,-83.074156
2024-05-17,41,"Purchase Knob","Ozone","Haywood",35.587144,-83.074156
2024-05-18,48,"Purchase Knob","Ozone","Haywood",35.587144,-83.074156
2024-05-19,49,"Purchase Knob","Ozone","Haywood",35.587144,-83.074156
2024-05-20,47,"Purchase Knob","Ozone","Haywood",35.587144,-83.074156
2024-05-21,43,"Purchase Knob","Ozone","Haywood",35.587144,-83.074156
2024-05-22,48,"Purchase Knob","Ozone","Haywood",35.587144,-83.074156
2024-05-23,44,"Purchase Knob","Ozone","Haywood",35.587144,-83.074156
2024-05-24,44,"Purchase Knob","Ozone","Haywood",35.587144,-83.074156
2024-05-25,64,"Purchase Knob","Ozone","Haywood",35.587144,-83.074156
2024-05-26,44,"Purchase Knob","Ozone","Haywood",35.587144,-83.074156
2024-05-27,46,"Purchase Knob","Ozone","Haywood",35.587144,-83.074156
2024-05-28,49,"Purchase Knob","Ozone","Haywood",35.587144,-83.074156
2024-05-29,58,"Purchase Knob","Ozone","Haywood",35.587144,-83.074156
2024-05-30,46,"Purchase Knob","Ozone","Haywood",35.587144,-83.074156
2024-05-31,48,"Purchase Knob","Ozone","Haywood",35.587144,-83.074156
2024-06-01,50,"Purchase Knob","Ozone","Haywood",35.587144,-83.074156
2024-06-02,34,"Purchase Knob","Ozone","Haywood",35.587144,-83.074156
2024-06-03,35,"Purchase Knob","Ozone","Haywood",35.587144,-83.074156
2024-06-04,34,"Purchase Knob","Ozone","Haywood",35.587144,-83.074156
2024-06-05,40,"Purchase Knob","Ozone","Haywood",35.587144,-83.074156
2024-06-06,51,"Purchase Knob","Ozone","Haywood",35.587144,-83.074156
2024-06-07,54,"Purchase Knob","Ozone","Haywood",35.587144,-83.074156
2024-06-08,54,"Purchase Knob","Ozone","Haywood",35.587144,-83.074156
2024-06-09,42,"Purchase Knob","Ozone","Haywood",35.587144,-83.074156
2024-06-10,48,"Purchase Knob","Ozone","Haywood",35.587144,-83.074156
2024-06-11,46,"Purchase Knob","Ozone","Haywood",35.587144,-83.074156
2024-06-12,48,"Purchase Knob","Ozone","Haywood",35.587144,-83.074156
2024-06-13,51,"Purchase Knob","Ozone","Haywood",35.587144,-83.074156
2024-06-14,54,"Purchase Knob","Ozone","Haywood",35.587144,-83.074156
2024-06-15,61,"Purchase Knob","Ozone","Haywood",35.587144,-83.074156
2024-06-16,41,"Purchase Knob","Ozone","Haywood",35.587144,-83.074156
2024-06-17,37,"Purchase Knob","Ozone","Haywood",35.587144,-83.074156
2024-06-18,49,"Purchase Knob","Ozone","Haywood",35.587144,-83.074156
2024-06-19,49,"Purchase Knob","Ozone","Haywood",35.587144,-83.074156
2024-06-20,49,"Purchase Knob","Ozone","Haywood",35.587144,-83.074156
2024-06-21,45,"Purchase Knob","Ozone","Haywood",35.587144,-83.074156
2024-06-22,42,"Purchase Knob","Ozone","Haywood",35.587144,-83.074156
2024-06-23,46,"Purchase Knob","Ozone","Haywood",35.587144,-83.074156
2024-06-24,54,"Purchase Knob","Ozone","Haywood",35.587144,-83.074156
2024-06-25,46,"Purchase Knob","Ozone","Haywood",35.587144,-83.074156
2024-06-26,61,"Purchase Knob","Ozone","Haywood",35.587144,-83.074156
2024-06-27,37,"Purchase Knob","Ozone","Haywood",35.587144,-83.074156
2024-06-28,43,"Purchase Knob","Ozone","Haywood",35.587144,-83.074156
2024-06-29,29,"Purchase Knob","Ozone","Haywood",35.587144,-83.074156
2024-06-30,43,"Purchase Knob","Ozone","Haywood",35.587144,-83.074156
2024-07-01,49,"Purchase Knob","Ozone","Haywood",35.587144,-83.074156
2024-07-02,44,"Purchase Knob","Ozone","Haywood",35.587144,-83.074156
2024-07-03,37,"Purchase Knob","Ozone","Haywood",35.587144,-83.074156
2024-07-04,34,"Purchase Knob","Ozone","Haywood",35.587144,-83.074156
2024-07-05,34,"Purchase Knob","Ozone","Haywood",35.587144,-83.074156
2024-07-06,48,"Purchase Knob","Ozone","Haywood",35.587144,-83.074156
2024-07-07,31,"Purchase Knob","Ozone","Haywood",35.587144,-83.074156
2024-07-08,35,"Purchase Knob","Ozone","Haywood",35.587144,-83.074156
2024-07-09,31,"Purchase Knob","Ozone","Haywood",35.587144,-83.074156
2024-07-10,50,"Purchase Knob","Ozone","Haywood",35.587144,-83.074156
2024-07-11,74,"Purchase Knob","Ozone","Haywood",35.587144,-83.074156
2024-07-12,77,"Purchase Knob","Ozone","Haywood",35.587144,-83.074156
2024-07-13,51,"Purchase Knob","Ozone","Haywood",35.587144,-83.074156
2024-07-14,61,"Purchase Knob","Ozone","Haywood",35.587144,-83.074156
2024-07-15,41,"Purchase Knob","Ozone","Haywood",35.587144,-83.074156
2024-07-17,40,"Purchase Knob","Ozone","Haywood",35.587144,-83.074156
2024-07-18,38,"Purchase Knob","Ozone","Haywood",35.587144,-83.074156
2024-07-19,37,"Purchase Knob","Ozone","Haywood",35.587144,-83.074156
2024-07-20,31,"Purchase Knob","Ozone","Haywood",35.587144,-83.074156
2024-07-21,33,"Purchase Knob","Ozone","Haywood",35.587144,-83.074156
2024-07-22,31,"Purchase Knob","Ozone","Haywood",35.587144,-83.074156
2024-07-23,31,"Purchase Knob","Ozone","Haywood",35.587144,-83.074156
2024-07-24,28,"Purchase Knob","Ozone","Haywood",35.587144,-83.074156
2024-07-25,36,"Purchase Knob","Ozone","Haywood",35.587144,-83.074156
2024-07-26,50,"Purchase Knob","Ozone","Haywood",35.587144,-83.074156
2024-07-27,40,"Purchase Knob","Ozone","Haywood",35.587144,-83.074156
2024-07-28,31,"Purchase Knob","Ozone","Haywood",35.587144,-83.074156
2024-07-29,33,"Purchase Knob","Ozone","Haywood",35.587144,-83.074156
2024-07-30,58,"Purchase Knob","Ozone","Haywood",35.587144,-83.074156
2024-07-31,45,"Purchase Knob","Ozone","Haywood",35.587144,-83.074156
2024-08-01,24,"Purchase Knob","Ozone","Haywood",35.587144,-83.074156
2024-08-02,34,"Purchase Knob","Ozone","Haywood",35.587144,-83.074156
2024-08-03,48,"Purchase Knob","Ozone","Haywood",35.587144,-83.074156
2024-08-04,44,"Purchase Knob","Ozone","Haywood",35.587144,-83.074156
2024-08-05,44,"Purchase Knob","Ozone","Haywood",35.587144,-83.074156
2024-08-06,46,"Purchase Knob","Ozone","Haywood",35.587144,-83.074156
2024-08-07,40,"Purchase Knob","Ozone","Haywood",35.587144,-83.074156
2024-08-08,32,"Purchase Knob","Ozone","Haywood",35.587144,-83.074156
2024-08-09,40,"Purchase Knob","Ozone","Haywood",35.587144,-83.074156
2024-08-10,40,"Purchase Knob","Ozone","Haywood",35.587144,-83.074156
2024-08-11,43,"Purchase Knob","Ozone","Haywood",35.587144,-83.074156
2024-08-12,41,"Purchase Knob","Ozone","Haywood",35.587144,-83.074156
2024-08-13,45,"Purchase Knob","Ozone","Haywood",35.587144,-83.074156
2024-08-14,41,"Purchase Knob","Ozone","Haywood",35.587144,-83.074156
2024-08-15,39,"Purchase Knob","Ozone","Haywood",35.587144,-83.074156
2024-08-16,39,"Purchase Knob","Ozone","Haywood",35.587144,-83.074156
2024-08-17,43,"Purchase Knob","Ozone","Haywood",35.587144,-83.074156
2024-08-18,42,"Purchase Knob","Ozone","Haywood",35.587144,-83.074156
2024-08-19,31,"Purchase Knob","Ozone","Haywood",35.587144,-83.074156
2024-08-20,39,"Purchase Knob","Ozone","Haywood",35.587144,-83.074156
2024-08-21,42,"Purchase Knob","Ozone","Haywood",35.587144,-83.074156
2024-08-22,44,"Purchase Knob","Ozone","Haywood",35.587144,-83.074156
2024-08-23,50,"Purchase Knob","Ozone","Haywood",35.587144,-83.074156
2024-08-24,46,"Purchase Knob","Ozone","Haywood",35.587144,-83.074156
2024-08-25,77,"Purchase Knob","Ozone","Haywood",35.587144,-83.074156
2024-08-26,49,"Purchase Knob","Ozone","Haywood",35.587144,-83.074156
2024-08-27,49,"Purchase Knob","Ozone","Haywood",35.587144,-83.074156
2024-08-28,101,"Purchase Knob","Ozone","Haywood",35.587144,-83.074156
2024-08-29,71,"Purchase Knob","Ozone","Haywood",35.587144,-83.074156
2024-08-30,48,"Purchase Knob","Ozone","Haywood",35.587144,-83.074156
2024-08-31,41,"Purchase Knob","Ozone","Haywood",35.587144,-83.074156
2024-09-01,36,"Purchase Knob","Ozone","Haywood",35.587144,-83.074156
2024-09-02,40,"Purchase Knob","Ozone","Haywood",35.587144,-83.074156
2024-09-03,37,"Purchase Knob","Ozone","Haywood",35.587144,-83.074156
2024-09-04,37,"Purchase Knob","Ozone","Haywood",35.587144,-83.074156
2024-09-05,39,"Purchase Knob","Ozone","Haywood",35.587144,-83.074156
2024-09-06,44,"Purchase Knob","Ozone","Haywood",35.587144,-83.074156
2024-09-07,33,"Purchase Knob","Ozone","Haywood",35.587144,-83.074156
2024-09-08,35,"Purchase Knob","Ozone","Haywood",35.587144,-83.074156
2024-09-09,37,"Purchase Knob","Ozone","Haywood",35.587144,-83.074156
2024-09-10,50,"Purchase Knob","Ozone","Haywood",35.587144,-83.074156
2024-09-11,58,"Purchase Knob","Ozone","Haywood",35.587144,-83.074156
2024-09-12,46,"Purchase Knob","Ozone","Haywood",35.587144,-83.074156
2024-09-13,35,"Purchase Knob","Ozone","Haywood",35.587144,-83.074156
2024-09-14,33,"Purchase Knob","Ozone","Haywood",35.587144,-83.074156
2024-09-15,32,"Purchase Knob","Ozone","Haywood",35.587144,-83.074156
2024-09-16,40,"Purchase Knob","Ozone","Haywood",35.587144,-83.074156
2024-09-17,27,"Purchase Knob","Ozone","Haywood",35.587144,-83.074156
2024-09-18,31,"Purchase Knob","Ozone","Haywood",35.587144,-83.074156
2024-09-19,37,"Purchase Knob","Ozone","Haywood",35.587144,-83.074156
2024-09-20,67,"Purchase Knob","Ozone","Haywood",35.587144,-83.074156
2024-09-21,58,"Purchase Knob","Ozone","Haywood",35.587144,-83.074156
2024-09-22,50,"Purchase Knob","Ozone","Haywood",35.587144,-83.074156
2024-09-23,39,"Purchase Knob","Ozone","Haywood",35.587144,-83.074156
2024-09-24,36,"Purchase Knob","Ozone","Haywood",35.587144,-83.074156
2024-10-07,45,"Purchase Knob","Ozone","Haywood",35.587144,-83.074156
2024-10-08,45,"Purchase Knob","Ozone","Haywood",35.587144,-83.074156
2024-10-09,50,"Purchase Knob","Ozone","Haywood",35.587144,-83.074156
2024-10-10,46,"Purchase Knob","Ozone","Haywood",35.587144,-83.074156
2024-10-11,44,"Purchase Knob","Ozone","Haywood",35.587144,-83.074156
2024-10-12,48,"Purchase Knob","Ozone","Haywood",35.587144,-83.074156
2024-10-13,49,"Purchase Knob","Ozone","Haywood",35.587144,-83.074156
2024-10-14,43,"Purchase Knob","Ozone","Haywood",35.587144,-83.074156
2024-10-15,33,"Purchase Knob","Ozone","Haywood",35.587144,-83.074156
2024-10-16,32,"Purchase Knob","Ozone","Haywood",35.587144,-83.074156
2024-10-17,49,"Purchase Knob","Ozone","Haywood",35.587144,-83.074156
2024-10-18,48,"Purchase Knob","Ozone","Haywood",35.587144,-83.074156
2024-10-19,46,"Purchase Knob","Ozone","Haywood",35.587144,-83.074156
2024-10-20,46,"Purchase Knob","Ozone","Haywood",35.587144,-83.074156
2024-10-21,48,"Purchase Knob","Ozone","Haywood",35.587144,-83.074156
2024-10-22,49,"Purchase Knob","Ozone","Haywood",35.587144,-83.074156
2024-10-23,54,"Purchase Knob","Ozone","Haywood",35.587144,-83.074156
2024-10-24,71,"Purchase Knob","Ozone","Haywood",35.587144,-83.074156
2024-10-25,51,"Purchase Knob","Ozone","Haywood",35.587144,-83.074156
2024-10-26,48,"Purchase Knob","Ozone","Haywood",35.587144,-83.074156
2024-10-27,31,"Purchase Knob","Ozone","Haywood",35.587144,-83.074156
2024-10-28,45,"Purchase Knob","Ozone","Haywood",35.587144,-83.074156
2024-10-29,47,"Purchase Knob","Ozone","Haywood",35.587144,-83.074156
2024-10-30,41,"Purchase Knob","Ozone","Haywood",35.587144,-83.074156
2024-10-31,39,"Purchase Knob","Ozone","Haywood",35.587144,-83.074156
2024-11-01,34,"Purchase Knob","Ozone","Haywood",35.587144,-83.074156
2024-11-02,34,"Purchase Knob","Ozone","Haywood",35.587144,-83.074156
2024-11-03,39,"Purchase Knob","Ozone","Haywood",35.587144,-83.074156
2024-11-04,35,"Purchase Knob","Ozone","Haywood",35.587144,-83.074156
2024-11-05,32,"Purchase Knob","Ozone","Haywood",35.587144,-83.074156
2024-11-06,32,"Purchase Knob","Ozone","Haywood",35.587144,-83.074156
2024-11-07,33,"Purchase Knob","Ozone","Haywood",35.587144,-83.074156
2024-11-08,35,"Purchase Knob","Ozone","Haywood",35.587144,-83.074156
2024-11-09,39,"Purchase Knob","Ozone","Haywood",35.587144,-83.074156
2024-11-10,35,"Purchase Knob","Ozone","Haywood",35.587144,-83.074156
2024-11-11,42,"Purchase Knob","Ozone","Haywood",35.587144,-83.074156
2024-11-12,42,"Purchase Knob","Ozone","Haywood",35.587144,-83.074156
2024-11-13,34,"Purchase Knob","Ozone","Haywood",35.587144,-83.074156
2024-11-14,35,"Purchase Knob","Ozone","Haywood",35.587144,-83.074156
2024-11-15,42,"Purchase Knob","Ozone","Haywood",35.587144,-83.074156
2024-11-16,64,"Purchase Knob","Ozone","Haywood",35.587144,-83.074156
2024-11-17,46,"Purchase Knob","Ozone","Haywood",35.587144,-83.074156
2024-11-18,43,"Purchase Knob","Ozone","Haywood",35.587144,-83.074156
2024-11-19,39,"Purchase Knob","Ozone","Haywood",35.587144,-83.074156
2024-11-20,36,"Purchase Knob","Ozone","Haywood",35.587144,-83.074156
2024-11-21,35,"Purchase Knob","Ozone","Haywood",35.587144,-83.074156
2024-11-22,30,"Purchase Knob","Ozone","Haywood",35.587144,-83.074156
2024-11-23,44,"Purchase Knob","Ozone","Haywood",35.587144,-83.074156
2024-11-24,48,"Purchase Knob","Ozone","Haywood",35.587144,-83.074156
2024-11-25,44,"Purchase Knob","Ozone","Haywood",35.587144,-83.074156
2024-11-26,42,"Purchase Knob","Ozone","Haywood",35.587144,-83.074156
2024-11-27,43,"Purchase Knob","Ozone","Haywood",35.587144,-83.074156
2024-11-28,30,"Purchase Knob","Ozone","Haywood",35.587144,-83.074156
2024-11-29,38,"Purchase Knob","Ozone","Haywood",35.587144,-83.074156
2024-03-01,36,"West Johnston Co.","Ozone","Johnston",35.59095,-78.4622
2024-03-02,33,"West Johnston Co.","Ozone","Johnston",35.59095,-78.4622
2024-03-03,31,"West Johnston Co.","Ozone","Johnston",35.59095,-78.4622
2024-03-04,36,"West Johnston Co.","Ozone","Johnston",35.59095,-78.4622
2024-03-05,35,"West Johnston Co.","Ozone","Johnston",35.59095,-78.4622
2024-03-06,27,"West Johnston Co.","Ozone","Johnston",35.59095,-78.4622
2024-03-07,39,"West Johnston Co.","Ozone","Johnston",35.59095,-78.4622
2024-03-08,36,"West Johnston Co.","Ozone","Johnston",35.59095,-78.4622
2024-03-09,28,"West Johnston Co.","Ozone","Johnston",35.59095,-78.4622
2024-03-10,43,"West Johnston Co.","Ozone","Johnston",35.59095,-78.4622
2024-03-11,44,"West Johnston Co.","Ozone","Johnston",35.59095,-78.4622
2024-03-12,43,"West Johnston Co.","Ozone","Johnston",35.59095,-78.4622
2024-03-13,51,"West Johnston Co.","Ozone","Johnston",35.59095,-78.4622
2024-03-14,80,"West Johnston Co.","Ozone","Johnston",35.59095,-78.4622
2024-03-15,47,"West Johnston Co.","Ozone","Johnston",35.59095,-78.4622
2024-03-16,42,"West Johnston Co.","Ozone","Johnston",35.59095,-78.4622
2024-03-17,43,"West Johnston Co.","Ozone","Johnston",35.59095,-78.4622
2024-03-18,45,"West Johnston Co.","Ozone","Johnston",35.59095,-78.4622
2024-03-19,37,"West Johnston Co.","Ozone","Johnston",35.59095,-78.4622
2024-03-20,49,"West Johnston Co.","Ozone","Johnston",35.59095,-78.4622
2024-03-21,47,"West Johnston Co.","Ozone","Johnston",35.59095,-78.4622
2024-03-22,40,"West Johnston Co.","Ozone","Johnston",35.59095,-78.4622
2024-03-23,36,"West Johnston Co.","Ozone","Johnston",35.59095,-78.4622
2024-03-24,44,"West Johnston Co.","Ozone","Johnston",35.59095,-78.4622
2024-03-25,47,"West Johnston Co.","Ozone","Johnston",35.59095,-78.4622
2024-03-26,41,"West Johnston Co.","Ozone","Johnston",35.59095,-78.4622
2024-03-27,20,"West Johnston Co.","Ozone","Johnston",35.59095,-78.4622
2024-03-28,26,"West Johnston Co.","Ozone","Johnston",35.59095,-78.4622
2024-03-29,50,"West Johnston Co.","Ozone","Johnston",35.59095,-78.4622
2024-03-30,54,"West Johnston Co.","Ozone","Johnston",35.59095,-78.4622
2024-03-31,58,"West Johnston Co.","Ozone","Johnston",35.59095,-78.4622
2024-04-01,48,"West Johnston Co.","Ozone","Johnston",35.59095,-78.4622
2024-04-02,45,"West Johnston Co.","Ozone","Johnston",35.59095,-78.4622
2024-04-03,42,"West Johnston Co.","Ozone","Johnston",35.59095,-78.4622
2024-04-04,41,"West Johnston Co.","Ozone","Johnston",35.59095,-78.4622
2024-04-05,43,"West Johnston Co.","Ozone","Johnston",35.59095,-78.4622
2024-04-06,42,"West Johnston Co.","Ozone","Johnston",35.59095,-78.4622
2024-04-07,46,"West Johnston Co.","Ozone","Johnston",35.59095,-78.4622
2024-04-08,48,"West Johnston Co.","Ozone","Johnston",35.59095,-78.4622
2024-04-09,41,"West Johnston Co.","Ozone","Johnston",35.59095,-78.4622
2024-04-10,40,"West Johnston Co.","Ozone","Johnston",35.59095,-78.4622
2024-04-11,38,"West Johnston Co.","Ozone","Johnston",35.59095,-78.4622
2024-04-12,48,"West Johnston Co.","Ozone","Johnston",35.59095,-78.4622
2024-04-13,47,"West Johnston Co.","Ozone","Johnston",35.59095,-78.4622
2024-04-14,54,"West Johnston Co.","Ozone","Johnston",35.59095,-78.4622
2024-04-15,61,"West Johnston Co.","Ozone","Johnston",35.59095,-78.4622
2024-04-16,48,"West Johnston Co.","Ozone","Johnston",35.59095,-78.4622
2024-04-17,46,"West Johnston Co.","Ozone","Johnston",35.59095,-78.4622
2024-04-18,49,"West Johnston Co.","Ozone","Johnston",35.59095,-78.4622
2024-04-19,36,"West Johnston Co.","Ozone","Johnston",35.59095,-78.4622
2024-04-20,39,"West Johnston Co.","Ozone","Johnston",35.59095,-78.4622
2024-04-21,28,"West Johnston Co.","Ozone","Johnston",35.59095,-78.4622
2024-04-22,38,"West Johnston Co.","Ozone","Johnston",35.59095,-78.4622
2024-04-23,49,"West Johnston Co.","Ozone","Johnston",35.59095,-78.4622
2024-04-24,42,"West Johnston Co.","Ozone","Johnston",35.59095,-78.4622
2024-04-25,50,"West Johnston Co.","Ozone","Johnston",35.59095,-78.4622
2024-04-26,45,"West Johnston Co.","Ozone","Johnston",35.59095,-78.4622
2024-04-27,43,"West Johnston Co.","Ozone","Johnston",35.59095,-78.4622
2024-04-28,44,"West Johnston Co.","Ozone","Johnston",35.59095,-78.4622
2024-04-29,49,"West Johnston Co.","Ozone","Johnston",35.59095,-78.4622
2024-04-30,42,"West Johnston Co.","Ozone","Johnston",35.59095,-78.4622
2024-05-01,54,"West Johnston Co.","Ozone","Johnston",35.59095,-78.4622
2024-05-02,64,"West Johnston Co.","Ozone","Johnston",35.59095,-78.4622
2024-05-03,54,"West Johnston Co.","Ozone","Johnston",35.59095,-78.4622
2024-05-04,31,"West Johnston Co.","Ozone","Johnston",35.59095,-78.4622
2024-05-05,24,"West Johnston Co.","Ozone","Johnston",35.59095,-78.4622
2024-05-06,28,"West Johnston Co.","Ozone","Johnston",35.59095,-78.4622
2024-05-07,39,"West Johnston Co.","Ozone","Johnston",35.59095,-78.4622
2024-05-08,33,"West Johnston Co.","Ozone","Johnston",35.59095,-78.4622
2024-05-09,42,"West Johnston Co.","Ozone","Johnston",35.59095,-78.4622
2024-05-10,39,"West Johnston Co.","Ozone","Johnston",35.59095,-78.4622
2024-05-11,41,"West Johnston Co.","Ozone","Johnston",35.59095,-78.4622
2024-05-12,48,"West Johnston Co.","Ozone","Johnston",35.59095,-78.4622
2024-05-13,44,"West Johnston Co.","Ozone","Johnston",35.59095,-78.4622
2024-05-14,36,"West Johnston Co.","Ozone","Johnston",35.59095,-78.4622
2024-05-15,32,"West Johnston Co.","Ozone","Johnston",35.59095,-78.4622
2024-05-16,44,"West Johnston Co.","Ozone","Johnston",35.59095,-78.4622
2024-05-17,41,"West Johnston Co.","Ozone","Johnston",35.59095,-78.4622
2024-05-18,32,"West Johnston Co.","Ozone","Johnston",35.59095,-78.4622
2024-05-19,34,"West Johnston Co.","Ozone","Johnston",35.59095,-78.4622
2024-05-20,37,"West Johnston Co.","Ozone","Johnston",35.59095,-78.4622
2024-05-21,43,"West Johnston Co.","Ozone","Johnston",35.59095,-78.4622
2024-05-22,48,"West Johnston Co.","Ozone","Johnston",35.59095,-78.4622
2024-05-23,45,"West Johnston Co.","Ozone","Johnston",35.59095,-78.4622
2024-05-24,42,"West Johnston Co.","Ozone","Johnston",35.59095,-78.4622
2024-05-25,45,"West Johnston Co.","Ozone","Johnston",35.59095,-78.4622
2024-05-26,46,"West Johnston Co.","Ozone","Johnston",35.59095,-78.4622
2024-05-27,32,"West Johnston Co.","Ozone","Johnston",35.59095,-78.4622
2024-05-28,51,"West Johnston Co.","Ozone","Johnston",35.59095,-78.4622
2024-05-29,61,"West Johnston Co.","Ozone","Johnston",35.59095,-78.4622
2024-05-30,45,"West Johnston Co.","Ozone","Johnston",35.59095,-78.4622
2024-05-31,47,"West Johnston Co.","Ozone","Johnston",35.59095,-78.4622
2024-06-01,51,"West Johnston Co.","Ozone","Johnston",35.59095,-78.4622
2024-06-02,45,"West Johnston Co.","Ozone","Johnston",35.59095,-78.4622
2024-06-03,39,"West Johnston Co.","Ozone","Johnston",35.59095,-78.4622
2024-06-04,44,"West Johnston Co.","Ozone","Johnston",35.59095,-78.4622
2024-06-05,38,"West Johnston Co.","Ozone","Johnston",35.59095,-78.4622
2024-06-06,39,"West Johnston Co.","Ozone","Johnston",35.59095,-78.4622
2024-06-07,64,"West Johnston Co.","Ozone","Johnston",35.59095,-78.4622
2024-06-08,84,"West Johnston Co.","Ozone","Johnston",35.59095,-78.4622
2024-06-09,49,"West Johnston Co.","Ozone","Johnston",35.59095,-78.4622
2024-06-10,67,"West Johnston Co.","Ozone","Johnston",35.59095,-78.4622
2024-06-11,48,"West Johnston Co.","Ozone","Johnston",35.59095,-78.4622
2024-06-12,61,"West Johnston Co.","Ozone","Johnston",35.59095,-78.4622
2024-06-13,61,"West Johnston Co.","Ozone","Johnston",35.59095,-78.4622
2024-06-14,71,"West Johnston Co.","Ozone","Johnston",35.59095,-78.4622
2024-06-15,71,"West Johnston Co.","Ozone","Johnston",35.59095,-78.4622
2024-06-16,64,"West Johnston Co.","Ozone","Johnston",35.59095,-78.4622
2024-06-17,48,"West Johnston Co.","Ozone","Johnston",35.59095,-78.4622
2024-06-18,48,"West Johnston Co.","Ozone","Johnston",35.59095,-78.4622
2024-06-19,43,"West Johnston Co.","Ozone","Johnston",35.59095,-78.4622
2024-06-20,40,"West Johnston Co.","Ozone","Johnston",35.59095,-78.4622
2024-06-21,44,"West Johnston Co.","Ozone","Johnston",35.59095,-78.4622
2024-06-22,30,"West Johnston Co.","Ozone","Johnston",35.59095,-78.4622
2024-06-23,31,"West Johnston Co.","Ozone","Johnston",35.59095,-78.4622
2024-06-24,64,"West Johnston Co.","Ozone","Johnston",35.59095,-78.4622
2024-06-25,77,"West Johnston Co.","Ozone","Johnston",35.59095,-78.4622
2024-06-26,84,"West Johnston Co.","Ozone","Johnston",35.59095,-78.4622
2024-06-28,64,"West Johnston Co.","Ozone","Johnston",35.59095,-78.4622
2024-06-29,42,"West Johnston Co.","Ozone","Johnston",35.59095,-78.4622
2024-06-30,32,"West Johnston Co.","Ozone","Johnston",35.59095,-78.4622
2024-07-01,36,"West Johnston Co.","Ozone","Johnston",35.59095,-78.4622
2024-07-02,54,"West Johnston Co.","Ozone","Johnston",35.59095,-78.4622
2024-07-03,77,"West Johnston Co.","Ozone","Johnston",35.59095,-78.4622
2024-07-04,45,"West Johnston Co.","Ozone","Johnston",35.59095,-78.4622
2024-07-05,42,"West Johnston Co.","Ozone","Johnston",35.59095,-78.4622
2024-07-06,40,"West Johnston Co.","Ozone","Johnston",35.59095,-78.4622
2024-07-07,31,"West Johnston Co.","Ozone","Johnston",35.59095,-78.4622
2024-07-08,39,"West Johnston Co.","Ozone","Johnston",35.59095,-78.4622
2024-07-09,39,"West Johnston Co.","Ozone","Johnston",35.59095,-78.4622
2024-07-10,37,"West Johnston Co.","Ozone","Johnston",35.59095,-78.4622
2024-07-11,42,"West Johnston Co.","Ozone","Johnston",35.59095,-78.4622
2024-07-12,21,"West Johnston Co.","Ozone","Johnston",35.59095,-78.4622
2024-07-13,31,"West Johnston Co.","Ozone","Johnston",35.59095,-78.4622
2024-07-14,46,"West Johnston Co.","Ozone","Johnston",35.59095,-78.4622
2024-07-15,51,"West Johnston Co.","Ozone","Johnston",35.59095,-78.4622
2024-07-16,67,"West Johnston Co.","Ozone","Johnston",35.59095,-78.4622
2024-07-17,43,"West Johnston Co.","Ozone","Johnston",35.59095,-78.4622
2024-07-18,39,"West Johnston Co.","Ozone","Johnston",35.59095,-78.4622
2024-07-19,36,"West Johnston Co.","Ozone","Johnston",35.59095,-78.4622
2024-07-20,32,"West Johnston Co.","Ozone","Johnston",35.59095,-78.4622
2024-07-21,31,"West Johnston Co.","Ozone","Johnston",35.59095,-78.4622
2024-07-22,27,"West Johnston Co.","Ozone","Johnston",35.59095,-78.4622
2024-07-23,28,"West Johnston Co.","Ozone","Johnston",35.59095,-78.4622
2024-07-24,30,"West Johnston Co.","Ozone","Johnston",35.59095,-78.4622
2024-07-25,27,"West Johnston Co.","Ozone","Johnston",35.59095,-78.4622
2024-07-26,26,"West Johnston Co.","Ozone","Johnston",35.59095,-78.4622
2024-07-27,42,"West Johnston Co.","Ozone","Johnston",35.59095,-78.4622
2024-07-28,50,"West Johnston Co.","Ozone","Johnston",35.59095,-78.4622
2024-07-29,29,"West Johnston Co.","Ozone","Johnston",35.59095,-78.4622
2024-07-30,38,"West Johnston Co.","Ozone","Johnston",35.59095,-78.4622
2024-07-31,43,"West Johnston Co.","Ozone","Johnston",35.59095,-78.4622
2024-08-01,47,"West Johnston Co.","Ozone","Johnston",35.59095,-78.4622
2024-08-02,33,"West Johnston Co.","Ozone","Johnston",35.59095,-78.4622
2024-08-04,32,"West Johnston Co.","Ozone","Johnston",35.59095,-78.4622
2024-08-05,24,"West Johnston Co.","Ozone","Johnston",35.59095,-78.4622
2024-08-06,17,"West Johnston Co.","Ozone","Johnston",35.59095,-78.4622
2024-08-07,28,"West Johnston Co.","Ozone","Johnston",35.59095,-78.4622
2024-08-08,30,"West Johnston Co.","Ozone","Johnston",35.59095,-78.4622
2024-08-09,31,"West Johnston Co.","Ozone","Johnston",35.59095,-78.4622
2024-08-10,38,"West Johnston Co.","Ozone","Johnston",35.59095,-78.4622
2024-08-11,31,"West Johnston Co.","Ozone","Johnston",35.59095,-78.4622
2024-08-12,32,"West Johnston Co.","Ozone","Johnston",35.59095,-78.4622
2024-08-13,37,"West Johnston Co.","Ozone","Johnston",35.59095,-78.4622
2024-08-14,46,"West Johnston Co.","Ozone","Johnston",35.59095,-78.4622
2024-08-15,42,"West Johnston Co.","Ozone","Johnston",35.59095,-78.4622
2024-08-16,46,"West Johnston Co.","Ozone","Johnston",35.59095,-78.4622
2024-08-17,43,"West Johnston Co.","Ozone","Johnston",35.59095,-78.4622
2024-08-18,44,"West Johnston Co.","Ozone","Johnston",35.59095,-78.4622
2024-08-19,43,"West Johnston Co.","Ozone","Johnston",35.59095,-78.4622
2024-08-20,32,"West Johnston Co.","Ozone","Johnston",35.59095,-78.4622
2024-08-21,41,"West Johnston Co.","Ozone","Johnston",35.59095,-78.4622
2024-08-22,43,"West Johnston Co.","Ozone","Johnston",35.59095,-78.4622
2024-08-23,44,"West Johnston Co.","Ozone","Johnston",35.59095,-78.4622
2024-08-24,46,"West Johnston Co.","Ozone","Johnston",35.59095,-78.4622
2024-08-25,44,"West Johnston Co.","Ozone","Johnston",35.59095,-78.4622
2024-08-26,46,"West Johnston Co.","Ozone","Johnston",35.59095,-78.4622
2024-08-28,48,"West Johnston Co.","Ozone","Johnston",35.59095,-78.4622
2024-08-29,49,"West Johnston Co.","Ozone","Johnston",35.59095,-78.4622
2024-08-30,35,"West Johnston Co.","Ozone","Johnston",35.59095,-78.4622
2024-08-31,43,"West Johnston Co.","Ozone","Johnston",35.59095,-78.4622
2024-09-01,31,"West Johnston Co.","Ozone","Johnston",35.59095,-78.4622
2024-09-02,29,"West Johnston Co.","Ozone","Johnston",35.59095,-78.4622
2024-09-03,35,"West Johnston Co.","Ozone","Johnston",35.59095,-78.4622
2024-09-04,35,"West Johnston Co.","Ozone","Johnston",35.59095,-78.4622
2024-09-05,33,"West Johnston Co.","Ozone","Johnston",35.59095,-78.4622
2024-09-06,38,"West Johnston Co.","Ozone","Johnston",35.59095,-78.4622
2024-09-07,37,"West Johnston Co.","Ozone","Johnston",35.59095,-78.4622
2024-09-08,34,"West Johnston Co.","Ozone","Johnston",35.59095,-78.4622
2024-09-09,36,"West Johnston Co.","Ozone","Johnston",35.59095,-78.4622
2024-09-10,48,"West Johnston Co.","Ozone","Johnston",35.59095,-78.4622
2024-09-11,46,"West Johnston Co.","Ozone","Johnston",35.59095,-78.4622
2024-09-12,43,"West Johnston Co.","Ozone","Johnston",35.59095,-78.4622
2024-09-13,27,"West Johnston Co.","Ozone","Johnston",35.59095,-78.4622
2024-09-14,32,"West Johnston Co.","Ozone","Johnston",35.59095,-78.4622
2024-09-15,30,"West Johnston Co.","Ozone","Johnston",35.59095,-78.4622
2024-09-16,30,"West Johnston Co.","Ozone","Johnston",35.59095,-78.4622
2024-09-17,25,"West Johnston Co.","Ozone","Johnston",35.59095,-78.4622
2024-09-20,39,"West Johnston Co.","Ozone","Johnston",35.59095,-78.4622
2024-09-21,41,"West Johnston Co.","Ozone","Johnston",35.59095,-78.4622
2024-09-22,33,"West Johnston Co.","Ozone","Johnston",35.59095,-78.4622
2024-09-23,33,"West Johnston Co.","Ozone","Johnston",35.59095,-78.4622
2024-09-24,24,"West Johnston Co.","Ozone","Johnston",35.59095,-78.4622
2024-09-25,33,"West Johnston Co.","Ozone","Johnston",35.59095,-78.4622
2024-09-26,19,"West Johnston Co.","Ozone","Johnston",35.59095,-78.4622
2024-09-27,24,"West Johnston Co.","Ozone","Johnston",35.59095,-78.4622
2024-09-28,40,"West Johnston Co.","Ozone","Johnston",35.59095,-78.4622
2024-09-29,31,"West Johnston Co.","Ozone","Johnston",35.59095,-78.4622
2024-09-30,31,"West Johnston Co.","Ozone","Johnston",35.59095,-78.4622
2024-10-01,20,"West Johnston Co.","Ozone","Johnston",35.59095,-78.4622
2024-10-02,23,"West Johnston Co.","Ozone","Johnston",35.59095,-78.4622
2024-10-03,30,"West Johnston Co.","Ozone","Johnston",35.59095,-78.4622
2024-10-04,34,"West Johnston Co.","Ozone","Johnston",35.59095,-78.4622
2024-10-05,31,"West Johnston Co.","Ozone","Johnston",35.59095,-78.4622
2024-10-06,45,"West Johnston Co.","Ozone","Johnston",35.59095,-78.4622
2024-10-07,42,"West Johnston Co.","Ozone","Johnston",35.59095,-78.4622
2024-10-08,35,"West Johnston Co.","Ozone","Johnston",35.59095,-78.4622
2024-10-09,39,"West Johnston Co.","Ozone","Johnston",35.59095,-78.4622
2024-10-10,35,"West Johnston Co.","Ozone","Johnston",35.59095,-78.4622
2024-10-11,31,"West Johnston Co.","Ozone","Johnston",35.59095,-78.4622
2024-10-12,41,"West Johnston Co.","Ozone","Johnston",35.59095,-78.4622
2024-10-13,46,"West Johnston Co.","Ozone","Johnston",35.59095,-78.4622
2024-10-14,46,"West Johnston Co.","Ozone","Johnston",35.59095,-78.4622
2024-10-15,33,"West Johnston Co.","Ozone","Johnston",35.59095,-78.4622
2024-10-16,29,"West Johnston Co.","Ozone","Johnston",35.59095,-78.4622
2024-10-17,32,"West Johnston Co.","Ozone","Johnston",35.59095,-78.4622
2024-10-18,35,"West Johnston Co.","Ozone","Johnston",35.59095,-78.4622
2024-10-19,39,"West Johnston Co.","Ozone","Johnston",35.59095,-78.4622
2024-10-20,39,"West Johnston Co.","Ozone","Johnston",35.59095,-78.4622
2024-10-21,45,"West Johnston Co.","Ozone","Johnston",35.59095,-78.4622
2024-10-22,47,"West Johnston Co.","Ozone","Johnston",35.59095,-78.4622
2024-10-23,44,"West Johnston Co.","Ozone","Johnston",35.59095,-78.4622
2024-10-24,45,"West Johnston Co.","Ozone","Johnston",35.59095,-78.4622
2024-10-25,43,"West Johnston Co.","Ozone","Johnston",35.59095,-78.4622
2024-10-26,43,"West Johnston Co.","Ozone","Johnston",35.59095,-78.4622
2024-10-27,30,"West Johnston Co.","Ozone","Johnston",35.59095,-78.4622
2024-10-28,39,"West Johnston Co.","Ozone","Johnston",35.59095,-78.4622
2024-10-29,35,"West Johnston Co.","Ozone","Johnston",35.59095,-78.4622
2024-10-30,37,"West Johnston Co.","Ozone","Johnston",35.59095,-78.4622
2024-10-31,37,"West Johnston Co.","Ozone","Johnston",35.59095,-78.4622
2024-03-01,38,"Lenoir Co. Comm. Coll.","Ozone","Lenoir",35.2318,-77.5669
2024-03-02,33,"Lenoir Co. Comm. Coll.","Ozone","Lenoir",35.2318,-77.5669
2024-03-03,29,"Lenoir Co. Comm. Coll.","Ozone","Lenoir",35.2318,-77.5669
2024-03-04,31,"Lenoir Co. Comm. Coll.","Ozone","Lenoir",35.2318,-77.5669
2024-03-05,30,"Lenoir Co. Comm. Coll.","Ozone","Lenoir",35.2318,-77.5669
2024-03-06,19,"Lenoir Co. Comm. Coll.","Ozone","Lenoir",35.2318,-77.5669
2024-03-07,36,"Lenoir Co. Comm. Coll.","Ozone","Lenoir",35.2318,-77.5669
2024-03-08,34,"Lenoir Co. Comm. Coll.","Ozone","Lenoir",35.2318,-77.5669
2024-03-09,30,"Lenoir Co. Comm. Coll.","Ozone","Lenoir",35.2318,-77.5669
2024-03-10,41,"Lenoir Co. Comm. Coll.","Ozone","Lenoir",35.2318,-77.5669
2024-03-11,42,"Lenoir Co. Comm. Coll.","Ozone","Lenoir",35.2318,-77.5669
2024-03-12,45,"Lenoir Co. Comm. Coll.","Ozone","Lenoir",35.2318,-77.5669
2024-03-13,58,"Lenoir Co. Comm. Coll.","Ozone","Lenoir",35.2318,-77.5669
2024-03-14,74,"Lenoir Co. Comm. Coll.","Ozone","Lenoir",35.2318,-77.5669
2024-03-15,58,"Lenoir Co. Comm. Coll.","Ozone","Lenoir",35.2318,-77.5669
2024-03-16,36,"Lenoir Co. Comm. Coll.","Ozone","Lenoir",35.2318,-77.5669
2024-03-17,41,"Lenoir Co. Comm. Coll.","Ozone","Lenoir",35.2318,-77.5669
2024-03-18,43,"Lenoir Co. Comm. Coll.","Ozone","Lenoir",35.2318,-77.5669
2024-03-19,37,"Lenoir Co. Comm. Coll.","Ozone","Lenoir",35.2318,-77.5669
2024-03-20,48,"Lenoir Co. Comm. Coll.","Ozone","Lenoir",35.2318,-77.5669
2024-03-21,42,"Lenoir Co. Comm. Coll.","Ozone","Lenoir",35.2318,-77.5669
2024-03-22,43,"Lenoir Co. Comm. Coll.","Ozone","Lenoir",35.2318,-77.5669
2024-03-23,34,"Lenoir Co. Comm. Coll.","Ozone","Lenoir",35.2318,-77.5669
2024-03-24,42,"Lenoir Co. Comm. Coll.","Ozone","Lenoir",35.2318,-77.5669
2024-03-25,43,"Lenoir Co. Comm. Coll.","Ozone","Lenoir",35.2318,-77.5669
2024-03-26,38,"Lenoir Co. Comm. Coll.","Ozone","Lenoir",35.2318,-77.5669
2024-03-27,24,"Lenoir Co. Comm. Coll.","Ozone","Lenoir",35.2318,-77.5669
2024-03-28,27,"Lenoir Co. Comm. Coll.","Ozone","Lenoir",35.2318,-77.5669
2024-03-29,49,"Lenoir Co. Comm. Coll.","Ozone","Lenoir",35.2318,-77.5669
2024-03-30,51,"Lenoir Co. Comm. Coll.","Ozone","Lenoir",35.2318,-77.5669
2024-03-31,51,"Lenoir Co. Comm. Coll.","Ozone","Lenoir",35.2318,-77.5669
2024-04-01,43,"Lenoir Co. Comm. Coll.","Ozone","Lenoir",35.2318,-77.5669
2024-04-02,40,"Lenoir Co. Comm. Coll.","Ozone","Lenoir",35.2318,-77.5669
2024-04-03,36,"Lenoir Co. Comm. Coll.","Ozone","Lenoir",35.2318,-77.5669
2024-04-04,41,"Lenoir Co. Comm. Coll.","Ozone","Lenoir",35.2318,-77.5669
2024-04-05,43,"Lenoir Co. Comm. Coll.","Ozone","Lenoir",35.2318,-77.5669
2024-04-06,41,"Lenoir Co. Comm. Coll.","Ozone","Lenoir",35.2318,-77.5669
2024-04-07,42,"Lenoir Co. Comm. Coll.","Ozone","Lenoir",35.2318,-77.5669
2024-04-08,44,"Lenoir Co. Comm. Coll.","Ozone","Lenoir",35.2318,-77.5669
2024-04-09,43,"Lenoir Co. Comm. Coll.","Ozone","Lenoir",35.2318,-77.5669
2024-04-10,44,"Lenoir Co. Comm. Coll.","Ozone","Lenoir",35.2318,-77.5669
2024-04-11,37,"Lenoir Co. Comm. Coll.","Ozone","Lenoir",35.2318,-77.5669
2024-04-12,46,"Lenoir Co. Comm. Coll.","Ozone","Lenoir",35.2318,-77.5669
2024-04-13,46,"Lenoir Co. Comm. Coll.","Ozone","Lenoir",35.2318,-77.5669
2024-04-14,48,"Lenoir Co. Comm. Coll.","Ozone","Lenoir",35.2318,-77.5669
2024-04-15,58,"Lenoir Co. Comm. Coll.","Ozone","Lenoir",35.2318,-77.5669
2024-04-16,45,"Lenoir Co. Comm. Coll.","Ozone","Lenoir",35.2318,-77.5669
2024-04-17,48,"Lenoir Co. Comm. Coll.","Ozone","Lenoir",35.2318,-77.5669
2024-04-18,49,"Lenoir Co. Comm. Coll.","Ozone","Lenoir",35.2318,-77.5669
2024-04-19,43,"Lenoir Co. Comm. Coll.","Ozone","Lenoir",35.2318,-77.5669
2024-04-20,33,"Lenoir Co. Comm. Coll.","Ozone","Lenoir",35.2318,-77.5669
2024-04-21,29,"Lenoir Co. Comm. Coll.","Ozone","Lenoir",35.2318,-77.5669
2024-04-22,35,"Lenoir Co. Comm. Coll.","Ozone","Lenoir",35.2318,-77.5669
2024-04-23,49,"Lenoir Co. Comm. Coll.","Ozone","Lenoir",35.2318,-77.5669
2024-04-24,47,"Lenoir Co. Comm. Coll.","Ozone","Lenoir",35.2318,-77.5669
2024-04-25,49,"Lenoir Co. Comm. Coll.","Ozone","Lenoir",35.2318,-77.5669
2024-04-26,43,"Lenoir Co. Comm. Coll.","Ozone","Lenoir",35.2318,-77.5669
2024-04-27,41,"Lenoir Co. Comm. Coll.","Ozone","Lenoir",35.2318,-77.5669
2024-04-28,44,"Lenoir Co. Comm. Coll.","Ozone","Lenoir",35.2318,-77.5669
2024-04-29,45,"Lenoir Co. Comm. Coll.","Ozone","Lenoir",35.2318,-77.5669
2024-04-30,38,"Lenoir Co. Comm. Coll.","Ozone","Lenoir",35.2318,-77.5669
2024-05-01,41,"Lenoir Co. Comm. Coll.","Ozone","Lenoir",35.2318,-77.5669
2024-05-02,45,"Lenoir Co. Comm. Coll.","Ozone","Lenoir",35.2318,-77.5669
2024-05-03,46,"Lenoir Co. Comm. Coll.","Ozone","Lenoir",35.2318,-77.5669
2024-05-04,31,"Lenoir Co. Comm. Coll.","Ozone","Lenoir",35.2318,-77.5669
2024-05-05,26,"Lenoir Co. Comm. Coll.","Ozone","Lenoir",35.2318,-77.5669
2024-05-06,31,"Lenoir Co. Comm. Coll.","Ozone","Lenoir",35.2318,-77.5669
2024-05-07,43,"Lenoir Co. Comm. Coll.","Ozone","Lenoir",35.2318,-77.5669
2024-05-08,41,"Lenoir Co. Comm. Coll.","Ozone","Lenoir",35.2318,-77.5669
2024-05-09,45,"Lenoir Co. Comm. Coll.","Ozone","Lenoir",35.2318,-77.5669
2024-05-10,38,"Lenoir Co. Comm. Coll.","Ozone","Lenoir",35.2318,-77.5669
2024-05-11,34,"Lenoir Co. Comm. Coll.","Ozone","Lenoir",35.2318,-77.5669
2024-05-12,48,"Lenoir Co. Comm. Coll.","Ozone","Lenoir",35.2318,-77.5669
2024-05-13,42,"Lenoir Co. Comm. Coll.","Ozone","Lenoir",35.2318,-77.5669
2024-05-14,37,"Lenoir Co. Comm. Coll.","Ozone","Lenoir",35.2318,-77.5669
2024-05-15,31,"Lenoir Co. Comm. Coll.","Ozone","Lenoir",35.2318,-77.5669
2024-05-16,39,"Lenoir Co. Comm. Coll.","Ozone","Lenoir",35.2318,-77.5669
2024-05-17,37,"Lenoir Co. Comm. Coll.","Ozone","Lenoir",35.2318,-77.5669
2024-05-18,35,"Lenoir Co. Comm. Coll.","Ozone","Lenoir",35.2318,-77.5669
2024-05-19,31,"Lenoir Co. Comm. Coll.","Ozone","Lenoir",35.2318,-77.5669
2024-05-20,33,"Lenoir Co. Comm. Coll.","Ozone","Lenoir",35.2318,-77.5669
2024-05-21,32,"Lenoir Co. Comm. Coll.","Ozone","Lenoir",35.2318,-77.5669
2024-05-22,38,"Lenoir Co. Comm. Coll.","Ozone","Lenoir",35.2318,-77.5669
2024-05-23,43,"Lenoir Co. Comm. Coll.","Ozone","Lenoir",35.2318,-77.5669
2024-05-24,39,"Lenoir Co. Comm. Coll.","Ozone","Lenoir",35.2318,-77.5669
2024-05-25,44,"Lenoir Co. Comm. Coll.","Ozone","Lenoir",35.2318,-77.5669
2024-05-26,42,"Lenoir Co. Comm. Coll.","Ozone","Lenoir",35.2318,-77.5669
2024-05-27,31,"Lenoir Co. Comm. Coll.","Ozone","Lenoir",35.2318,-77.5669
2024-05-28,50,"Lenoir Co. Comm. Coll.","Ozone","Lenoir",35.2318,-77.5669
2024-05-29,54,"Lenoir Co. Comm. Coll.","Ozone","Lenoir",35.2318,-77.5669
2024-05-30,43,"Lenoir Co. Comm. Coll.","Ozone","Lenoir",35.2318,-77.5669
2024-05-31,46,"Lenoir Co. Comm. Coll.","Ozone","Lenoir",35.2318,-77.5669
2024-06-01,50,"Lenoir Co. Comm. Coll.","Ozone","Lenoir",35.2318,-77.5669
2024-06-02,47,"Lenoir Co. Comm. Coll.","Ozone","Lenoir",35.2318,-77.5669
2024-06-03,41,"Lenoir Co. Comm. Coll.","Ozone","Lenoir",35.2318,-77.5669
2024-06-04,42,"Lenoir Co. Comm. Coll.","Ozone","Lenoir",35.2318,-77.5669
2024-06-05,31,"Lenoir Co. Comm. Coll.","Ozone","Lenoir",35.2318,-77.5669
2024-06-06,41,"Lenoir Co. Comm. Coll.","Ozone","Lenoir",35.2318,-77.5669
2024-06-07,71,"Lenoir Co. Comm. Coll.","Ozone","Lenoir",35.2318,-77.5669
2024-06-08,71,"Lenoir Co. Comm. Coll.","Ozone","Lenoir",35.2318,-77.5669
2024-06-09,54,"Lenoir Co. Comm. Coll.","Ozone","Lenoir",35.2318,-77.5669
2024-06-10,44,"Lenoir Co. Comm. Coll.","Ozone","Lenoir",35.2318,-77.5669
2024-06-11,58,"Lenoir Co. Comm. Coll.","Ozone","Lenoir",35.2318,-77.5669
2024-06-12,48,"Lenoir Co. Comm. Coll.","Ozone","Lenoir",35.2318,-77.5669
2024-06-13,46,"Lenoir Co. Comm. Coll.","Ozone","Lenoir",35.2318,-77.5669
2024-06-14,64,"Lenoir Co. Comm. Coll.","Ozone","Lenoir",35.2318,-77.5669
2024-06-15,77,"Lenoir Co. Comm. Coll.","Ozone","Lenoir",35.2318,-77.5669
2024-06-16,49,"Lenoir Co. Comm. Coll.","Ozone","Lenoir",35.2318,-77.5669
2024-06-17,46,"Lenoir Co. Comm. Coll.","Ozone","Lenoir",35.2318,-77.5669
2024-06-18,40,"Lenoir Co. Comm. Coll.","Ozone","Lenoir",35.2318,-77.5669
2024-06-19,42,"Lenoir Co. Comm. Coll.","Ozone","Lenoir",35.2318,-77.5669
2024-06-20,36,"Lenoir Co. Comm. Coll.","Ozone","Lenoir",35.2318,-77.5669
2024-06-21,30,"Lenoir Co. Comm. Coll.","Ozone","Lenoir",35.2318,-77.5669
2024-06-22,24,"Lenoir Co. Comm. Coll.","Ozone","Lenoir",35.2318,-77.5669
2024-06-23,26,"Lenoir Co. Comm. Coll.","Ozone","Lenoir",35.2318,-77.5669
2024-06-24,33,"Lenoir Co. Comm. Coll.","Ozone","Lenoir",35.2318,-77.5669
2024-06-25,47,"Lenoir Co. Comm. Coll.","Ozone","Lenoir",35.2318,-77.5669
2024-06-26,37,"Lenoir Co. Comm. Coll.","Ozone","Lenoir",35.2318,-77.5669
2024-06-27,41,"Lenoir Co. Comm. Coll.","Ozone","Lenoir",35.2318,-77.5669
2024-06-28,48,"Lenoir Co. Comm. Coll.","Ozone","Lenoir",35.2318,-77.5669
2024-06-29,31,"Lenoir Co. Comm. Coll.","Ozone","Lenoir",35.2318,-77.5669
2024-06-30,29,"Lenoir Co. Comm. Coll.","Ozone","Lenoir",35.2318,-77.5669
2024-07-01,34,"Lenoir Co. Comm. Coll.","Ozone","Lenoir",35.2318,-77.5669
2024-07-02,43,"Lenoir Co. Comm. Coll.","Ozone","Lenoir",35.2318,-77.5669
2024-07-03,44,"Lenoir Co. Comm. Coll.","Ozone","Lenoir",35.2318,-77.5669
2024-07-04,40,"Lenoir Co. Comm. Coll.","Ozone","Lenoir",35.2318,-77.5669
2024-07-05,36,"Lenoir Co. Comm. Coll.","Ozone","Lenoir",35.2318,-77.5669
2024-07-06,32,"Lenoir Co. Comm. Coll.","Ozone","Lenoir",35.2318,-77.5669
2024-07-07,31,"Lenoir Co. Comm. Coll.","Ozone","Lenoir",35.2318,-77.5669
2024-07-08,28,"Lenoir Co. Comm. Coll.","Ozone","Lenoir",35.2318,-77.5669
2024-07-09,27,"Lenoir Co. Comm. Coll.","Ozone","Lenoir",35.2318,-77.5669
2024-07-10,28,"Lenoir Co. Comm. Coll.","Ozone","Lenoir",35.2318,-77.5669
2024-07-11,18,"Lenoir Co. Comm. Coll.","Ozone","Lenoir",35.2318,-77.5669
2024-07-12,23,"Lenoir Co. Comm. Coll.","Ozone","Lenoir",35.2318,-77.5669
2024-07-13,31,"Lenoir Co. Comm. Coll.","Ozone","Lenoir",35.2318,-77.5669
2024-07-14,44,"Lenoir Co. Comm. Coll.","Ozone","Lenoir",35.2318,-77.5669
2024-07-15,42,"Lenoir Co. Comm. Coll.","Ozone","Lenoir",35.2318,-77.5669
2024-07-16,40,"Lenoir Co. Comm. Coll.","Ozone","Lenoir",35.2318,-77.5669
2024-07-17,33,"Lenoir Co. Comm. Coll.","Ozone","Lenoir",35.2318,-77.5669
2024-07-18,33,"Lenoir Co. Comm. Coll.","Ozone","Lenoir",35.2318,-77.5669
2024-07-19,36,"Lenoir Co. Comm. Coll.","Ozone","Lenoir",35.2318,-77.5669
2024-07-20,30,"Lenoir Co. Comm. Coll.","Ozone","Lenoir",35.2318,-77.5669
2024-07-21,26,"Lenoir Co. Comm. Coll.","Ozone","Lenoir",35.2318,-77.5669
2024-07-22,20,"Lenoir Co. Comm. Coll.","Ozone","Lenoir",35.2318,-77.5669
2024-07-23,24,"Lenoir Co. Comm. Coll.","Ozone","Lenoir",35.2318,-77.5669
2024-07-24,22,"Lenoir Co. Comm. Coll.","Ozone","Lenoir",35.2318,-77.5669
2024-07-25,21,"Lenoir Co. Comm. Coll.","Ozone","Lenoir",35.2318,-77.5669
2024-07-26,19,"Lenoir Co. Comm. Coll.","Ozone","Lenoir",35.2318,-77.5669
2024-07-27,38,"Lenoir Co. Comm. Coll.","Ozone","Lenoir",35.2318,-77.5669
2024-07-28,44,"Lenoir Co. Comm. Coll.","Ozone","Lenoir",35.2318,-77.5669
2024-07-29,38,"Lenoir Co. Comm. Coll.","Ozone","Lenoir",35.2318,-77.5669
2024-07-30,37,"Lenoir Co. Comm. Coll.","Ozone","Lenoir",35.2318,-77.5669
2024-07-31,42,"Lenoir Co. Comm. Coll.","Ozone","Lenoir",35.2318,-77.5669
2024-08-01,43,"Lenoir Co. Comm. Coll.","Ozone","Lenoir",35.2318,-77.5669
2024-08-02,30,"Lenoir Co. Comm. Coll.","Ozone","Lenoir",35.2318,-77.5669
2024-08-03,24,"Lenoir Co. Comm. Coll.","Ozone","Lenoir",35.2318,-77.5669
2024-08-04,23,"Lenoir Co. Comm. Coll.","Ozone","Lenoir",35.2318,-77.5669
2024-08-05,17,"Lenoir Co. Comm. Coll.","Ozone","Lenoir",35.2318,-77.5669
2024-08-06,16,"Lenoir Co. Comm. Coll.","Ozone","Lenoir",35.2318,-77.5669
2024-08-07,27,"Lenoir Co. Comm. Coll.","Ozone","Lenoir",35.2318,-77.5669
2024-08-08,34,"Lenoir Co. Comm. Coll.","Ozone","Lenoir",35.2318,-77.5669
2024-08-09,30,"Lenoir Co. Comm. Coll.","Ozone","Lenoir",35.2318,-77.5669
2024-08-10,30,"Lenoir Co. Comm. Coll.","Ozone","Lenoir",35.2318,-77.5669
2024-08-11,26,"Lenoir Co. Comm. Coll.","Ozone","Lenoir",35.2318,-77.5669
2024-08-12,28,"Lenoir Co. Comm. Coll.","Ozone","Lenoir",35.2318,-77.5669
2024-08-13,36,"Lenoir Co. Comm. Coll.","Ozone","Lenoir",35.2318,-77.5669
2024-08-14,40,"Lenoir Co. Comm. Coll.","Ozone","Lenoir",35.2318,-77.5669
2024-08-15,46,"Lenoir Co. Comm. Coll.","Ozone","Lenoir",35.2318,-77.5669
2024-08-16,49,"Lenoir Co. Comm. Coll.","Ozone","Lenoir",35.2318,-77.5669
2024-08-17,39,"Lenoir Co. Comm. Coll.","Ozone","Lenoir",35.2318,-77.5669
2024-08-18,41,"Lenoir Co. Comm. Coll.","Ozone","Lenoir",35.2318,-77.5669
2024-08-19,39,"Lenoir Co. Comm. Coll.","Ozone","Lenoir",35.2318,-77.5669
2024-08-20,31,"Lenoir Co. Comm. Coll.","Ozone","Lenoir",35.2318,-77.5669
2024-08-21,39,"Lenoir Co. Comm. Coll.","Ozone","Lenoir",35.2318,-77.5669
2024-08-22,39,"Lenoir Co. Comm. Coll.","Ozone","Lenoir",35.2318,-77.5669
2024-08-23,41,"Lenoir Co. Comm. Coll.","Ozone","Lenoir",35.2318,-77.5669
2024-08-24,34,"Lenoir Co. Comm. Coll.","Ozone","Lenoir",35.2318,-77.5669
2024-08-25,31,"Lenoir Co. Comm. Coll.","Ozone","Lenoir",35.2318,-77.5669
2024-08-26,36,"Lenoir Co. Comm. Coll.","Ozone","Lenoir",35.2318,-77.5669
2024-08-27,37,"Lenoir Co. Comm. Coll.","Ozone","Lenoir",35.2318,-77.5669
2024-08-28,45,"Lenoir Co. Comm. Coll.","Ozone","Lenoir",35.2318,-77.5669
2024-08-29,39,"Lenoir Co. Comm. Coll.","Ozone","Lenoir",35.2318,-77.5669
2024-08-30,31,"Lenoir Co. Comm. Coll.","Ozone","Lenoir",35.2318,-77.5669
2024-08-31,37,"Lenoir Co. Comm. Coll.","Ozone","Lenoir",35.2318,-77.5669
2024-09-01,32,"Lenoir Co. Comm. Coll.","Ozone","Lenoir",35.2318,-77.5669
2024-09-02,30,"Lenoir Co. Comm. Coll.","Ozone","Lenoir",35.2318,-77.5669
2024-09-03,33,"Lenoir Co. Comm. Coll.","Ozone","Lenoir",35.2318,-77.5669
2024-09-04,31,"Lenoir Co. Comm. Coll.","Ozone","Lenoir",35.2318,-77.5669
2024-09-05,32,"Lenoir Co. Comm. Coll.","Ozone","Lenoir",35.2318,-77.5669
2024-09-06,31,"Lenoir Co. Comm. Coll.","Ozone","Lenoir",35.2318,-77.5669
2024-09-07,25,"Lenoir Co. Comm. Coll.","Ozone","Lenoir",35.2318,-77.5669
2024-09-08,26,"Lenoir Co. Comm. Coll.","Ozone","Lenoir",35.2318,-77.5669
2024-09-09,35,"Lenoir Co. Comm. Coll.","Ozone","Lenoir",35.2318,-77.5669
2024-09-10,38,"Lenoir Co. Comm. Coll.","Ozone","Lenoir",35.2318,-77.5669
2024-09-11,39,"Lenoir Co. Comm. Coll.","Ozone","Lenoir",35.2318,-77.5669
2024-09-12,39,"Lenoir Co. Comm. Coll.","Ozone","Lenoir",35.2318,-77.5669
2024-09-13,25,"Lenoir Co. Comm. Coll.","Ozone","Lenoir",35.2318,-77.5669
2024-09-14,27,"Lenoir Co. Comm. Coll.","Ozone","Lenoir",35.2318,-77.5669
2024-09-15,29,"Lenoir Co. Comm. Coll.","Ozone","Lenoir",35.2318,-77.5669
2024-09-16,29,"Lenoir Co. Comm. Coll.","Ozone","Lenoir",35.2318,-77.5669
2024-09-17,23,"Lenoir Co. Comm. Coll.","Ozone","Lenoir",35.2318,-77.5669
2024-09-18,36,"Lenoir Co. Comm. Coll.","Ozone","Lenoir",35.2318,-77.5669
2024-09-19,24,"Lenoir Co. Comm. Coll.","Ozone","Lenoir",35.2318,-77.5669
2024-09-20,44,"Lenoir Co. Comm. Coll.","Ozone","Lenoir",35.2318,-77.5669
2024-09-21,37,"Lenoir Co. Comm. Coll.","Ozone","Lenoir",35.2318,-77.5669
2024-09-22,36,"Lenoir Co. Comm. Coll.","Ozone","Lenoir",35.2318,-77.5669
2024-09-23,34,"Lenoir Co. Comm. Coll.","Ozone","Lenoir",35.2318,-77.5669
2024-09-24,26,"Lenoir Co. Comm. Coll.","Ozone","Lenoir",35.2318,-77.5669
2024-09-25,31,"Lenoir Co. Comm. Coll.","Ozone","Lenoir",35.2318,-77.5669
2024-09-26,22,"Lenoir Co. Comm. Coll.","Ozone","Lenoir",35.2318,-77.5669
2024-09-27,23,"Lenoir Co. Comm. Coll.","Ozone","Lenoir",35.2318,-77.5669
2024-09-28,37,"Lenoir Co. Comm. Coll.","Ozone","Lenoir",35.2318,-77.5669
2024-09-29,31,"Lenoir Co. Comm. Coll.","Ozone","Lenoir",35.2318,-77.5669
2024-09-30,30,"Lenoir Co. Comm. Coll.","Ozone","Lenoir",35.2318,-77.5669
2024-10-01,28,"Lenoir Co. Comm. Coll.","Ozone","Lenoir",35.2318,-77.5669
2024-10-02,24,"Lenoir Co. Comm. Coll.","Ozone","Lenoir",35.2318,-77.5669
2024-10-03,29,"Lenoir Co. Comm. Coll.","Ozone","Lenoir",35.2318,-77.5669
2024-10-04,32,"Lenoir Co. Comm. Coll.","Ozone","Lenoir",35.2318,-77.5669
2024-10-05,33,"Lenoir Co. Comm. Coll.","Ozone","Lenoir",35.2318,-77.5669
2024-10-06,44,"Lenoir Co. Comm. Coll.","Ozone","Lenoir",35.2318,-77.5669
2024-10-07,44,"Lenoir Co. Comm. Coll.","Ozone","Lenoir",35.2318,-77.5669
2024-10-08,34,"Lenoir Co. Comm. Coll.","Ozone","Lenoir",35.2318,-77.5669
2024-10-09,37,"Lenoir Co. Comm. Coll.","Ozone","Lenoir",35.2318,-77.5669
2024-10-10,33,"Lenoir Co. Comm. Coll.","Ozone","Lenoir",35.2318,-77.5669
2024-10-11,28,"Lenoir Co. Comm. Coll.","Ozone","Lenoir",35.2318,-77.5669
2024-10-12,40,"Lenoir Co. Comm. Coll.","Ozone","Lenoir",35.2318,-77.5669
2024-10-13,44,"Lenoir Co. Comm. Coll.","Ozone","Lenoir",35.2318,-77.5669
2024-10-14,46,"Lenoir Co. Comm. Coll.","Ozone","Lenoir",35.2318,-77.5669
2024-10-15,32,"Lenoir Co. Comm. Coll.","Ozone","Lenoir",35.2318,-77.5669
2024-10-16,26,"Lenoir Co. Comm. Coll.","Ozone","Lenoir",35.2318,-77.5669
2024-10-17,32,"Lenoir Co. Comm. Coll.","Ozone","Lenoir",35.2318,-77.5669
2024-10-18,34,"Lenoir Co. Comm. Coll.","Ozone","Lenoir",35.2318,-77.5669
2024-10-19,34,"Lenoir Co. Comm. Coll.","Ozone","Lenoir",35.2318,-77.5669
2024-10-20,33,"Lenoir Co. Comm. Coll.","Ozone","Lenoir",35.2318,-77.5669
2024-10-21,43,"Lenoir Co. Comm. Coll.","Ozone","Lenoir",35.2318,-77.5669
2024-10-22,43,"Lenoir Co. Comm. Coll.","Ozone","Lenoir",35.2318,-77.5669
2024-10-23,38,"Lenoir Co. Comm. Coll.","Ozone","Lenoir",35.2318,-77.5669
2024-10-24,44,"Lenoir Co. Comm. Coll.","Ozone","Lenoir",35.2318,-77.5669
2024-10-25,40,"Lenoir Co. Comm. Coll.","Ozone","Lenoir",35.2318,-77.5669
2024-10-26,43,"Lenoir Co. Comm. Coll.","Ozone","Lenoir",35.2318,-77.5669
2024-10-27,27,"Lenoir Co. Comm. Coll.","Ozone","Lenoir",35.2318,-77.5669
2024-10-28,36,"Lenoir Co. Comm. Coll.","Ozone","Lenoir",35.2318,-77.5669
2024-10-29,33,"Lenoir Co. Comm. Coll.","Ozone","Lenoir",35.2318,-77.5669
2024-10-30,35,"Lenoir Co. Comm. Coll.","Ozone","Lenoir",35.2318,-77.5669
2024-10-31,35,"Lenoir Co. Comm. Coll.","Ozone","Lenoir",35.2318,-77.5669
2024-11-01,34,"Lenoir Co. Comm. Coll.","Ozone","Lenoir",35.2318,-77.5669
2024-11-02,30,"Lenoir Co. Comm. Coll.","Ozone","Lenoir",35.2318,-77.5669
2024-11-03,35,"Lenoir Co. Comm. Coll.","Ozone","Lenoir",35.2318,-77.5669
2024-03-01,24,"Crouse","Ozone","Lincoln",35.438556,-81.27675
2024-03-02,31,"Crouse","Ozone","Lincoln",35.438556,-81.27675
2024-03-03,24,"Crouse","Ozone","Lincoln",35.438556,-81.27675
2024-03-04,37,"Crouse","Ozone","Lincoln",35.438556,-81.27675
2024-03-05,41,"Crouse","Ozone","Lincoln",35.438556,-81.27675
2024-03-06,29,"Crouse","Ozone","Lincoln",35.438556,-81.27675
2024-03-07,38,"Crouse","Ozone","Lincoln",35.438556,-81.27675
2024-03-08,24,"Crouse","Ozone","Lincoln",35.438556,-81.27675
2024-03-09,24,"Crouse","Ozone","Lincoln",35.438556,-81.27675
2024-03-10,40,"Crouse","Ozone","Lincoln",35.438556,-81.27675
2024-03-11,44,"Crouse","Ozone","Lincoln",35.438556,-81.27675
2024-03-12,43,"Crouse","Ozone","Lincoln",35.438556,-81.27675
2024-03-13,61,"Crouse","Ozone","Lincoln",35.438556,-81.27675
2024-03-14,74,"Crouse","Ozone","Lincoln",35.438556,-81.27675
2024-03-15,36,"Crouse","Ozone","Lincoln",35.438556,-81.27675
2024-03-16,40,"Crouse","Ozone","Lincoln",35.438556,-81.27675
2024-03-17,40,"Crouse","Ozone","Lincoln",35.438556,-81.27675
2024-03-18,41,"Crouse","Ozone","Lincoln",35.438556,-81.27675
2024-03-20,46,"Crouse","Ozone","Lincoln",35.438556,-81.27675
2024-03-21,49,"Crouse","Ozone","Lincoln",35.438556,-81.27675
2024-03-22,31,"Crouse","Ozone","Lincoln",35.438556,-81.27675
2024-03-23,40,"Crouse","Ozone","Lincoln",35.438556,-81.27675
2024-03-24,44,"Crouse","Ozone","Lincoln",35.438556,-81.27675
2024-03-25,44,"Crouse","Ozone","Lincoln",35.438556,-81.27675
2024-03-27,24,"Crouse","Ozone","Lincoln",35.438556,-81.27675
2024-03-28,44,"Crouse","Ozone","Lincoln",35.438556,-81.27675
2024-03-29,48,"Crouse","Ozone","Lincoln",35.438556,-81.27675
2024-03-30,61,"Crouse","Ozone","Lincoln",35.438556,-81.27675
2024-03-31,48,"Crouse","Ozone","Lincoln",35.438556,-81.27675
2024-04-01,44,"Crouse","Ozone","Lincoln",35.438556,-81.27675
2024-04-02,44,"Crouse","Ozone","Lincoln",35.438556,-81.27675
2024-04-03,44,"Crouse","Ozone","Lincoln",35.438556,-81.27675
2024-04-04,40,"Crouse","Ozone","Lincoln",35.438556,-81.27675
2024-04-05,34,"Crouse","Ozone","Lincoln",35.438556,-81.27675
2024-04-06,42,"Crouse","Ozone","Lincoln",35.438556,-81.27675
2024-04-07,44,"Crouse","Ozone","Lincoln",35.438556,-81.27675
2024-04-08,44,"Crouse","Ozone","Lincoln",35.438556,-81.27675
2024-04-09,34,"Crouse","Ozone","Lincoln",35.438556,-81.27675
2024-04-10,32,"Crouse","Ozone","Lincoln",35.438556,-81.27675
2024-04-11,35,"Crouse","Ozone","Lincoln",35.438556,-81.27675
2024-04-12,44,"Crouse","Ozone","Lincoln",35.438556,-81.27675
2024-04-13,48,"Crouse","Ozone","Lincoln",35.438556,-81.27675
2024-04-14,54,"Crouse","Ozone","Lincoln",35.438556,-81.27675
2024-04-15,51,"Crouse","Ozone","Lincoln",35.438556,-81.27675
2024-04-16,51,"Crouse","Ozone","Lincoln",35.438556,-81.27675
2024-04-17,51,"Crouse","Ozone","Lincoln",35.438556,-81.27675
2024-04-18,44,"Crouse","Ozone","Lincoln",35.438556,-81.27675
2024-04-19,46,"Crouse","Ozone","Lincoln",35.438556,-81.27675
2024-04-20,38,"Crouse","Ozone","Lincoln",35.438556,-81.27675
2024-04-21,30,"Crouse","Ozone","Lincoln",35.438556,-81.27675
2024-04-22,40,"Crouse","Ozone","Lincoln",35.438556,-81.27675
2024-04-23,45,"Crouse","Ozone","Lincoln",35.438556,-81.27675
2024-04-24,40,"Crouse","Ozone","Lincoln",35.438556,-81.27675
2024-04-25,50,"Crouse","Ozone","Lincoln",35.438556,-81.27675
2024-04-26,33,"Crouse","Ozone","Lincoln",35.438556,-81.27675
2024-04-27,42,"Crouse","Ozone","Lincoln",35.438556,-81.27675
2024-04-28,40,"Crouse","Ozone","Lincoln",35.438556,-81.27675
2024-04-29,44,"Crouse","Ozone","Lincoln",35.438556,-81.27675
2024-04-30,37,"Crouse","Ozone","Lincoln",35.438556,-81.27675
2024-05-01,45,"Crouse","Ozone","Lincoln",35.438556,-81.27675
2024-05-02,77,"Crouse","Ozone","Lincoln",35.438556,-81.27675
2024-05-03,37,"Crouse","Ozone","Lincoln",35.438556,-81.27675
2024-05-04,27,"Crouse","Ozone","Lincoln",35.438556,-81.27675
2024-05-05,25,"Crouse","Ozone","Lincoln",35.438556,-81.27675
2024-05-06,32,"Crouse","Ozone","Lincoln",35.438556,-81.27675
2024-05-07,32,"Crouse","Ozone","Lincoln",35.438556,-81.27675
2024-05-08,27,"Crouse","Ozone","Lincoln",35.438556,-81.27675
2024-05-09,37,"Crouse","Ozone","Lincoln",35.438556,-81.27675
2024-05-10,43,"Crouse","Ozone","Lincoln",35.438556,-81.27675
2024-05-11,40,"Crouse","Ozone","Lincoln",35.438556,-81.27675
2024-05-12,44,"Crouse","Ozone","Lincoln",35.438556,-81.27675
2024-05-13,38,"Crouse","Ozone","Lincoln",35.438556,-81.27675
2024-05-14,20,"Crouse","Ozone","Lincoln",35.438556,-81.27675
2024-05-15,31,"Crouse","Ozone","Lincoln",35.438556,-81.27675
2024-05-16,37,"Crouse","Ozone","Lincoln",35.438556,-81.27675
2024-05-17,34,"Crouse","Ozone","Lincoln",35.438556,-81.27675
2024-05-18,31,"Crouse","Ozone","Lincoln",35.438556,-81.27675
2024-05-19,31,"Crouse","Ozone","Lincoln",35.438556,-81.27675
2024-05-20,42,"Crouse","Ozone","Lincoln",35.438556,-81.27675
2024-05-21,45,"Crouse","Ozone","Lincoln",35.438556,-81.27675
2024-05-22,40,"Crouse","Ozone","Lincoln",35.438556,-81.27675
2024-05-23,45,"Crouse","Ozone","Lincoln",35.438556,-81.27675
2024-05-24,42,"Crouse","Ozone","Lincoln",35.438556,-81.27675
2024-05-25,38,"Crouse","Ozone","Lincoln",35.438556,-81.27675
2024-05-26,38,"Crouse","Ozone","Lincoln",35.438556,-81.27675
2024-05-27,44,"Crouse","Ozone","Lincoln",35.438556,-81.27675
2024-05-28,41,"Crouse","Ozone","Lincoln",35.438556,-81.27675
2024-05-29,46,"Crouse","Ozone","Lincoln",35.438556,-81.27675
2024-05-30,42,"Crouse","Ozone","Lincoln",35.438556,-81.27675
2024-05-31,47,"Crouse","Ozone","Lincoln",35.438556,-81.27675
2024-06-01,54,"Crouse","Ozone","Lincoln",35.438556,-81.27675
2024-06-02,35,"Crouse","Ozone","Lincoln",35.438556,-81.27675
2024-06-03,34,"Crouse","Ozone","Lincoln",35.438556,-81.27675
2024-06-04,35,"Crouse","Ozone","Lincoln",35.438556,-81.27675
2024-06-05,28,"Crouse","Ozone","Lincoln",35.438556,-81.27675
2024-06-06,38,"Crouse","Ozone","Lincoln",35.438556,-81.27675
2024-06-07,47,"Crouse","Ozone","Lincoln",35.438556,-81.27675
2024-06-08,54,"Crouse","Ozone","Lincoln",35.438556,-81.27675
2024-06-09,36,"Crouse","Ozone","Lincoln",35.438556,-81.27675
2024-06-10,47,"Crouse","Ozone","Lincoln",35.438556,-81.27675
2024-06-11,47,"Crouse","Ozone","Lincoln",35.438556,-81.27675
2024-06-12,61,"Crouse","Ozone","Lincoln",35.438556,-81.27675
2024-06-13,80,"Crouse","Ozone","Lincoln",35.438556,-81.27675
2024-06-14,48,"Crouse","Ozone","Lincoln",35.438556,-81.27675
2024-06-15,61,"Crouse","Ozone","Lincoln",35.438556,-81.27675
2024-06-16,40,"Crouse","Ozone","Lincoln",35.438556,-81.27675
2024-06-17,42,"Crouse","Ozone","Lincoln",35.438556,-81.27675
2024-06-18,44,"Crouse","Ozone","Lincoln",35.438556,-81.27675
2024-06-19,44,"Crouse","Ozone","Lincoln",35.438556,-81.27675
2024-06-20,42,"Crouse","Ozone","Lincoln",35.438556,-81.27675
2024-06-21,46,"Crouse","Ozone","Lincoln",35.438556,-81.27675
2024-06-22,27,"Crouse","Ozone","Lincoln",35.438556,-81.27675
2024-06-23,34,"Crouse","Ozone","Lincoln",35.438556,-81.27675
2024-06-24,51,"Crouse","Ozone","Lincoln",35.438556,-81.27675
2024-06-25,64,"Crouse","Ozone","Lincoln",35.438556,-81.27675
2024-06-26,74,"Crouse","Ozone","Lincoln",35.438556,-81.27675
2024-06-27,43,"Crouse","Ozone","Lincoln",35.438556,-81.27675
2024-06-28,54,"Crouse","Ozone","Lincoln",35.438556,-81.27675
2024-06-29,32,"Crouse","Ozone","Lincoln",35.438556,-81.27675
2024-06-30,34,"Crouse","Ozone","Lincoln",35.438556,-81.27675
2024-07-01,47,"Crouse","Ozone","Lincoln",35.438556,-81.27675
2024-07-02,54,"Crouse","Ozone","Lincoln",35.438556,-81.27675
2024-07-03,49,"Crouse","Ozone","Lincoln",35.438556,-81.27675
2024-07-04,38,"Crouse","Ozone","Lincoln",35.438556,-81.27675
2024-07-05,35,"Crouse","Ozone","Lincoln",35.438556,-81.27675
2024-07-06,41,"Crouse","Ozone","Lincoln",35.438556,-81.27675
2024-07-07,31,"Crouse","Ozone","Lincoln",35.438556,-81.27675
2024-07-08,41,"Crouse","Ozone","Lincoln",35.438556,-81.27675
2024-07-09,39,"Crouse","Ozone","Lincoln",35.438556,-81.27675
2024-07-10,40,"Crouse","Ozone","Lincoln",35.438556,-81.27675
2024-07-11,50,"Crouse","Ozone","Lincoln",35.438556,-81.27675
2024-07-12,40,"Crouse","Ozone","Lincoln",35.438556,-81.27675
2024-07-13,44,"Crouse","Ozone","Lincoln",35.438556,-81.27675
2024-07-14,49,"Crouse","Ozone","Lincoln",35.438556,-81.27675
2024-07-15,46,"Crouse","Ozone","Lincoln",35.438556,-81.27675
2024-07-16,42,"Crouse","Ozone","Lincoln",35.438556,-81.27675
2024-07-17,37,"Crouse","Ozone","Lincoln",35.438556,-81.27675
2024-07-18,39,"Crouse","Ozone","Lincoln",35.438556,-81.27675
2024-07-19,31,"Crouse","Ozone","Lincoln",35.438556,-81.27675
2024-07-20,36,"Crouse","Ozone","Lincoln",35.438556,-81.27675
2024-07-21,23,"Crouse","Ozone","Lincoln",35.438556,-81.27675
2024-07-22,31,"Crouse","Ozone","Lincoln",35.438556,-81.27675
2024-07-23,34,"Crouse","Ozone","Lincoln",35.438556,-81.27675
2024-07-24,33,"Crouse","Ozone","Lincoln",35.438556,-81.27675
2024-07-25,24,"Crouse","Ozone","Lincoln",35.438556,-81.27675
2024-07-26,37,"Crouse","Ozone","Lincoln",35.438556,-81.27675
2024-07-27,38,"Crouse","Ozone","Lincoln",35.438556,-81.27675
2024-07-28,37,"Crouse","Ozone","Lincoln",35.438556,-81.27675
2024-07-29,28,"Crouse","Ozone","Lincoln",35.438556,-81.27675
2024-07-30,35,"Crouse","Ozone","Lincoln",35.438556,-81.27675
2024-07-31,37,"Crouse","Ozone","Lincoln",35.438556,-81.27675
2024-08-01,37,"Crouse","Ozone","Lincoln",35.438556,-81.27675
2024-08-02,32,"Crouse","Ozone","Lincoln",35.438556,-81.27675
2024-08-03,33,"Crouse","Ozone","Lincoln",35.438556,-81.27675
2024-08-04,41,"Crouse","Ozone","Lincoln",35.438556,-81.27675
2024-08-05,33,"Crouse","Ozone","Lincoln",35.438556,-81.27675
2024-08-06,20,"Crouse","Ozone","Lincoln",35.438556,-81.27675
2024-08-07,24,"Crouse","Ozone","Lincoln",35.438556,-81.27675
2024-08-08,30,"Crouse","Ozone","Lincoln",35.438556,-81.27675
2024-08-09,33,"Crouse","Ozone","Lincoln",35.438556,-81.27675
2024-08-10,37,"Crouse","Ozone","Lincoln",35.438556,-81.27675
2024-08-11,43,"Crouse","Ozone","Lincoln",35.438556,-81.27675
2024-08-12,41,"Crouse","Ozone","Lincoln",35.438556,-81.27675
2024-08-13,30,"Crouse","Ozone","Lincoln",35.438556,-81.27675
2024-08-14,45,"Crouse","Ozone","Lincoln",35.438556,-81.27675
2024-08-15,46,"Crouse","Ozone","Lincoln",35.438556,-81.27675
2024-08-16,44,"Crouse","Ozone","Lincoln",35.438556,-81.27675
2024-08-17,32,"Crouse","Ozone","Lincoln",35.438556,-81.27675
2024-08-18,37,"Crouse","Ozone","Lincoln",35.438556,-81.27675
2024-08-19,30,"Crouse","Ozone","Lincoln",35.438556,-81.27675
2024-08-20,37,"Crouse","Ozone","Lincoln",35.438556,-81.27675
2024-08-21,39,"Crouse","Ozone","Lincoln",35.438556,-81.27675
2024-08-22,45,"Crouse","Ozone","Lincoln",35.438556,-81.27675
2024-08-23,46,"Crouse","Ozone","Lincoln",35.438556,-81.27675
2024-08-24,46,"Crouse","Ozone","Lincoln",35.438556,-81.27675
2024-08-25,50,"Crouse","Ozone","Lincoln",35.438556,-81.27675
2024-08-26,64,"Crouse","Ozone","Lincoln",35.438556,-81.27675
2024-08-27,64,"Crouse","Ozone","Lincoln",35.438556,-81.27675
2024-08-28,46,"Crouse","Ozone","Lincoln",35.438556,-81.27675
2024-08-29,49,"Crouse","Ozone","Lincoln",35.438556,-81.27675
2024-08-30,41,"Crouse","Ozone","Lincoln",35.438556,-81.27675
2024-08-31,40,"Crouse","Ozone","Lincoln",35.438556,-81.27675
2024-09-01,33,"Crouse","Ozone","Lincoln",35.438556,-81.27675
2024-09-02,36,"Crouse","Ozone","Lincoln",35.438556,-81.27675
2024-09-03,36,"Crouse","Ozone","Lincoln",35.438556,-81.27675
2024-09-04,38,"Crouse","Ozone","Lincoln",35.438556,-81.27675
2024-09-05,35,"Crouse","Ozone","Lincoln",35.438556,-81.27675
2024-09-06,44,"Crouse","Ozone","Lincoln",35.438556,-81.27675
2024-09-07,33,"Crouse","Ozone","Lincoln",35.438556,-81.27675
2024-09-08,35,"Crouse","Ozone","Lincoln",35.438556,-81.27675
2024-09-09,41,"Crouse","Ozone","Lincoln",35.438556,-81.27675
2024-09-10,46,"Crouse","Ozone","Lincoln",35.438556,-81.27675
2024-09-11,46,"Crouse","Ozone","Lincoln",35.438556,-81.27675
2024-09-12,44,"Crouse","Ozone","Lincoln",35.438556,-81.27675
2024-09-13,28,"Crouse","Ozone","Lincoln",35.438556,-81.27675
2024-09-14,31,"Crouse","Ozone","Lincoln",35.438556,-81.27675
2024-09-15,27,"Crouse","Ozone","Lincoln",35.438556,-81.27675
2024-09-16,25,"Crouse","Ozone","Lincoln",35.438556,-81.27675
2024-09-17,19,"Crouse","Ozone","Lincoln",35.438556,-81.27675
2024-09-18,22,"Crouse","Ozone","Lincoln",35.438556,-81.27675
2024-09-19,27,"Crouse","Ozone","Lincoln",35.438556,-81.27675
2024-09-20,38,"Crouse","Ozone","Lincoln",35.438556,-81.27675
2024-09-21,41,"Crouse","Ozone","Lincoln",35.438556,-81.27675
2024-09-22,43,"Crouse","Ozone","Lincoln",35.438556,-81.27675
2024-09-23,27,"Crouse","Ozone","Lincoln",35.438556,-81.27675
2024-09-24,26,"Crouse","Ozone","Lincoln",35.438556,-81.27675
2024-09-25,30,"Crouse","Ozone","Lincoln",35.438556,-81.27675
2024-09-26,25,"Crouse","Ozone","Lincoln",35.438556,-81.27675
2024-09-27,26,"Crouse","Ozone","Lincoln",35.438556,-81.27675
2024-09-28,32,"Crouse","Ozone","Lincoln",35.438556,-81.27675
2024-09-29,33,"Crouse","Ozone","Lincoln",35.438556,-81.27675
2024-09-30,35,"Crouse","Ozone","Lincoln",35.438556,-81.27675
2024-10-01,23,"Crouse","Ozone","Lincoln",35.438556,-81.27675
2024-10-02,34,"Crouse","Ozone","Lincoln",35.438556,-81.27675
2024-10-03,43,"Crouse","Ozone","Lincoln",35.438556,-81.27675
2024-10-04,33,"Crouse","Ozone","Lincoln",35.438556,-81.27675
2024-10-05,45,"Crouse","Ozone","Lincoln",35.438556,-81.27675
2024-10-06,41,"Crouse","Ozone","Lincoln",35.438556,-81.27675
2024-10-07,36,"Crouse","Ozone","Lincoln",35.438556,-81.27675
2024-10-08,40,"Crouse","Ozone","Lincoln",35.438556,-81.27675
2024-10-09,43,"Crouse","Ozone","Lincoln",35.438556,-81.27675
2024-10-10,38,"Crouse","Ozone","Lincoln",35.438556,-81.27675
2024-10-11,34,"Crouse","Ozone","Lincoln",35.438556,-81.27675
2024-10-12,42,"Crouse","Ozone","Lincoln",35.438556,-81.27675
2024-10-13,42,"Crouse","Ozone","Lincoln",35.438556,-81.27675
2024-10-14,41,"Crouse","Ozone","Lincoln",35.438556,-81.27675
2024-10-15,29,"Crouse","Ozone","Lincoln",35.438556,-81.27675
2024-10-16,28,"Crouse","Ozone","Lincoln",35.438556,-81.27675
2024-10-17,33,"Crouse","Ozone","Lincoln",35.438556,-81.27675
2024-10-18,36,"Crouse","Ozone","Lincoln",35.438556,-81.27675
2024-10-19,40,"Crouse","Ozone","Lincoln",35.438556,-81.27675
2024-10-20,41,"Crouse","Ozone","Lincoln",35.438556,-81.27675
2024-10-21,43,"Crouse","Ozone","Lincoln",35.438556,-81.27675
2024-10-22,42,"Crouse","Ozone","Lincoln",35.438556,-81.27675
2024-10-23,41,"Crouse","Ozone","Lincoln",35.438556,-81.27675
2024-10-24,44,"Crouse","Ozone","Lincoln",35.438556,-81.27675
2024-10-25,47,"Crouse","Ozone","Lincoln",35.438556,-81.27675
2024-10-26,39,"Crouse","Ozone","Lincoln",35.438556,-81.27675
2024-10-27,28,"Crouse","Ozone","Lincoln",35.438556,-81.27675
2024-10-28,30,"Crouse","Ozone","Lincoln",35.438556,-81.27675
2024-10-29,41,"Crouse","Ozone","Lincoln",35.438556,-81.27675
2024-10-30,32,"Crouse","Ozone","Lincoln",35.438556,-81.27675
2024-10-31,34,"Crouse","Ozone","Lincoln",35.438556,-81.27675
2024-01-01,30,"Coweeta","Ozone","Macon",35.0608,-83.4306
2024-01-02,24,"Coweeta","Ozone","Macon",35.0608,-83.4306
2024-01-05,31,"Coweeta","Ozone","Macon",35.0608,-83.4306
2024-01-06,32,"Coweeta","Ozone","Macon",35.0608,-83.4306
2024-01-07,31,"Coweeta","Ozone","Macon",35.0608,-83.4306
2024-01-08,31,"Coweeta","Ozone","Macon",35.0608,-83.4306
2024-01-09,36,"Coweeta","Ozone","Macon",35.0608,-83.4306
2024-01-10,31,"Coweeta","Ozone","Macon",35.0608,-83.4306
2024-01-11,29,"Coweeta","Ozone","Macon",35.0608,-83.4306
2024-01-12,37,"Coweeta","Ozone","Macon",35.0608,-83.4306
2024-01-13,32,"Coweeta","Ozone","Macon",35.0608,-83.4306
2024-01-14,37,"Coweeta","Ozone","Macon",35.0608,-83.4306
2024-01-15,32,"Coweeta","Ozone","Macon",35.0608,-83.4306
2024-01-16,36,"Coweeta","Ozone","Macon",35.0608,-83.4306
2024-01-17,34,"Coweeta","Ozone","Macon",35.0608,-83.4306
2024-01-18,34,"Coweeta","Ozone","Macon",35.0608,-83.4306
2024-01-19,36,"Coweeta","Ozone","Macon",35.0608,-83.4306
2024-01-20,35,"Coweeta","Ozone","Macon",35.0608,-83.4306
2024-01-21,32,"Coweeta","Ozone","Macon",35.0608,-83.4306
2024-01-22,35,"Coweeta","Ozone","Macon",35.0608,-83.4306
2024-01-23,19,"Coweeta","Ozone","Macon",35.0608,-83.4306
2024-01-24,31,"Coweeta","Ozone","Macon",35.0608,-83.4306
2024-01-25,25,"Coweeta","Ozone","Macon",35.0608,-83.4306
2024-01-26,26,"Coweeta","Ozone","Macon",35.0608,-83.4306
2024-01-27,31,"Coweeta","Ozone","Macon",35.0608,-83.4306
2024-01-28,25,"Coweeta","Ozone","Macon",35.0608,-83.4306
2024-01-29,32,"Coweeta","Ozone","Macon",35.0608,-83.4306
2024-01-30,34,"Coweeta","Ozone","Macon",35.0608,-83.4306
2024-01-31,29,"Coweeta","Ozone","Macon",35.0608,-83.4306
2024-02-01,26,"Coweeta","Ozone","Macon",35.0608,-83.4306
2024-02-02,38,"Coweeta","Ozone","Macon",35.0608,-83.4306
2024-02-03,32,"Coweeta","Ozone","Macon",35.0608,-83.4306
2024-02-04,39,"Coweeta","Ozone","Macon",35.0608,-83.4306
2024-02-05,39,"Coweeta","Ozone","Macon",35.0608,-83.4306
2024-02-06,35,"Coweeta","Ozone","Macon",35.0608,-83.4306
2024-02-07,35,"Coweeta","Ozone","Macon",35.0608,-83.4306
2024-02-08,40,"Coweeta","Ozone","Macon",35.0608,-83.4306
2024-02-09,33,"Coweeta","Ozone","Macon",35.0608,-83.4306
2024-02-10,37,"Coweeta","Ozone","Macon",35.0608,-83.4306
2024-02-11,30,"Coweeta","Ozone","Macon",35.0608,-83.4306
2024-02-12,37,"Coweeta","Ozone","Macon",35.0608,-83.4306
2024-02-13,37,"Coweeta","Ozone","Macon",35.0608,-83.4306
2024-02-14,34,"Coweeta","Ozone","Macon",35.0608,-83.4306
2024-02-15,38,"Coweeta","Ozone","Macon",35.0608,-83.4306
2024-02-16,44,"Coweeta","Ozone","Macon",35.0608,-83.4306
2024-02-17,38,"Coweeta","Ozone","Macon",35.0608,-83.4306
2024-02-18,33,"Coweeta","Ozone","Macon",35.0608,-83.4306
2024-02-19,38,"Coweeta","Ozone","Macon",35.0608,-83.4306
2024-02-20,44,"Coweeta","Ozone","Macon",35.0608,-83.4306
2024-02-21,49,"Coweeta","Ozone","Macon",35.0608,-83.4306
2024-02-22,71,"Coweeta","Ozone","Macon",35.0608,-83.4306
2024-02-23,42,"Coweeta","Ozone","Macon",35.0608,-83.4306
2024-02-24,40,"Coweeta","Ozone","Macon",35.0608,-83.4306
2024-02-25,37,"Coweeta","Ozone","Macon",35.0608,-83.4306
2024-02-26,64,"Coweeta","Ozone","Macon",35.0608,-83.4306
2024-02-27,39,"Coweeta","Ozone","Macon",35.0608,-83.4306
2024-02-28,37,"Coweeta","Ozone","Macon",35.0608,-83.4306
2024-02-29,36,"Coweeta","Ozone","Macon",35.0608,-83.4306
2024-03-01,33,"Coweeta","Ozone","Macon",35.0608,-83.4306
2024-03-02,32,"Coweeta","Ozone","Macon",35.0608,-83.4306
2024-03-03,31,"Coweeta","Ozone","Macon",35.0608,-83.4306
2024-03-04,31,"Coweeta","Ozone","Macon",35.0608,-83.4306
2024-03-05,37,"Coweeta","Ozone","Macon",35.0608,-83.4306
2024-03-06,34,"Coweeta","Ozone","Macon",35.0608,-83.4306
2024-03-07,38,"Coweeta","Ozone","Macon",35.0608,-83.4306
2024-03-08,36,"Coweeta","Ozone","Macon",35.0608,-83.4306
2024-03-09,36,"Coweeta","Ozone","Macon",35.0608,-83.4306
2024-03-10,44,"Coweeta","Ozone","Macon",35.0608,-83.4306
2024-03-11,44,"Coweeta","Ozone","Macon",35.0608,-83.4306
2024-03-12,40,"Coweeta","Ozone","Macon",35.0608,-83.4306
2024-03-13,47,"Coweeta","Ozone","Macon",35.0608,-83.4306
2024-03-14,51,"Coweeta","Ozone","Macon",35.0608,-83.4306
2024-03-15,35,"Coweeta","Ozone","Macon",35.0608,-83.4306
2024-03-16,41,"Coweeta","Ozone","Macon",35.0608,-83.4306
2024-03-17,43,"Coweeta","Ozone","Macon",35.0608,-83.4306
2024-03-18,43,"Coweeta","Ozone","Macon",35.0608,-83.4306
2024-03-19,48,"Coweeta","Ozone","Macon",35.0608,-83.4306
2024-03-20,50,"Coweeta","Ozone","Macon",35.0608,-83.4306
2024-03-21,46,"Coweeta","Ozone","Macon",35.0608,-83.4306
2024-03-22,51,"Coweeta","Ozone","Macon",35.0608,-83.4306
2024-03-23,44,"Coweeta","Ozone","Macon",35.0608,-83.4306
2024-03-24,48,"Coweeta","Ozone","Macon",35.0608,-83.4306
2024-03-25,58,"Coweeta","Ozone","Macon",35.0608,-83.4306
2024-03-26,40,"Coweeta","Ozone","Macon",35.0608,-83.4306
2024-03-27,39,"Coweeta","Ozone","Macon",35.0608,-83.4306
2024-03-28,46,"Coweeta","Ozone","Macon",35.0608,-83.4306
2024-03-29,46,"Coweeta","Ozone","Macon",35.0608,-83.4306
2024-03-30,54,"Coweeta","Ozone","Macon",35.0608,-83.4306
2024-03-31,47,"Coweeta","Ozone","Macon",35.0608,-83.4306
2024-04-01,45,"Coweeta","Ozone","Macon",35.0608,-83.4306
2024-04-02,44,"Coweeta","Ozone","Macon",35.0608,-83.4306
2024-04-03,45,"Coweeta","Ozone","Macon",35.0608,-83.4306
2024-04-04,42,"Coweeta","Ozone","Macon",35.0608,-83.4306
2024-04-05,35,"Coweeta","Ozone","Macon",35.0608,-83.4306
2024-04-06,43,"Coweeta","Ozone","Macon",35.0608,-83.4306
2024-04-07,44,"Coweeta","Ozone","Macon",35.0608,-83.4306
2024-04-08,58,"Coweeta","Ozone","Macon",35.0608,-83.4306
2024-04-09,44,"Coweeta","Ozone","Macon",35.0608,-83.4306
2024-04-10,43,"Coweeta","Ozone","Macon",35.0608,-83.4306
2024-04-11,44,"Coweeta","Ozone","Macon",35.0608,-83.4306
2024-04-13,49,"Coweeta","Ozone","Macon",35.0608,-83.4306
2024-04-14,61,"Coweeta","Ozone","Macon",35.0608,-83.4306
2024-04-15,49,"Coweeta","Ozone","Macon",35.0608,-83.4306
2024-04-16,58,"Coweeta","Ozone","Macon",35.0608,-83.4306
2024-04-17,51,"Coweeta","Ozone","Macon",35.0608,-83.4306
2024-04-18,48,"Coweeta","Ozone","Macon",35.0608,-83.4306
2024-04-19,44,"Coweeta","Ozone","Macon",35.0608,-83.4306
2024-04-20,43,"Coweeta","Ozone","Macon",35.0608,-83.4306
2024-04-21,31,"Coweeta","Ozone","Macon",35.0608,-83.4306
2024-04-22,43,"Coweeta","Ozone","Macon",35.0608,-83.4306
2024-04-23,51,"Coweeta","Ozone","Macon",35.0608,-83.4306
2024-04-24,47,"Coweeta","Ozone","Macon",35.0608,-83.4306
2024-04-25,58,"Coweeta","Ozone","Macon",35.0608,-83.4306
2024-04-26,41,"Coweeta","Ozone","Macon",35.0608,-83.4306
2024-04-27,45,"Coweeta","Ozone","Macon",35.0608,-83.4306
2024-04-28,44,"Coweeta","Ozone","Macon",35.0608,-83.4306
2024-04-29,46,"Coweeta","Ozone","Macon",35.0608,-83.4306
2024-04-30,43,"Coweeta","Ozone","Macon",35.0608,-83.4306
2024-05-01,44,"Coweeta","Ozone","Macon",35.0608,-83.4306
2024-05-02,51,"Coweeta","Ozone","Macon",35.0608,-83.4306
2024-05-03,26,"Coweeta","Ozone","Macon",35.0608,-83.4306
2024-05-04,23,"Coweeta","Ozone","Macon",35.0608,-83.4306
2024-05-05,30,"Coweeta","Ozone","Macon",35.0608,-83.4306
2024-05-06,25,"Coweeta","Ozone","Macon",35.0608,-83.4306
2024-05-07,29,"Coweeta","Ozone","Macon",35.0608,-83.4306
2024-05-08,31,"Coweeta","Ozone","Macon",35.0608,-83.4306
2024-05-09,40,"Coweeta","Ozone","Macon",35.0608,-83.4306
2024-05-10,46,"Coweeta","Ozone","Macon",35.0608,-83.4306
2024-05-11,42,"Coweeta","Ozone","Macon",35.0608,-83.4306
2024-05-12,44,"Coweeta","Ozone","Macon",35.0608,-83.4306
2024-05-13,33,"Coweeta","Ozone","Macon",35.0608,-83.4306
2024-05-14,28,"Coweeta","Ozone","Macon",35.0608,-83.4306
2024-05-15,41,"Coweeta","Ozone","Macon",35.0608,-83.4306
2024-05-16,40,"Coweeta","Ozone","Macon",35.0608,-83.4306
2024-05-17,31,"Coweeta","Ozone","Macon",35.0608,-83.4306
2024-05-18,33,"Coweeta","Ozone","Macon",35.0608,-83.4306
2024-05-19,31,"Coweeta","Ozone","Macon",35.0608,-83.4306
2024-05-20,32,"Coweeta","Ozone","Macon",35.0608,-83.4306
2024-05-21,36,"Coweeta","Ozone","Macon",35.0608,-83.4306
2024-05-22,44,"Coweeta","Ozone","Macon",35.0608,-83.4306
2024-05-23,26,"Coweeta","Ozone","Macon",35.0608,-83.4306
2024-05-24,34,"Coweeta","Ozone","Macon",35.0608,-83.4306
2024-05-25,36,"Coweeta","Ozone","Macon",35.0608,-83.4306
2024-05-26,25,"Coweeta","Ozone","Macon",35.0608,-83.4306
2024-05-27,41,"Coweeta","Ozone","Macon",35.0608,-83.4306
2024-05-28,44,"Coweeta","Ozone","Macon",35.0608,-83.4306
2024-05-29,50,"Coweeta","Ozone","Macon",35.0608,-83.4306
2024-05-30,40,"Coweeta","Ozone","Macon",35.0608,-83.4306
2024-05-31,36,"Coweeta","Ozone","Macon",35.0608,-83.4306
2024-06-01,46,"Coweeta","Ozone","Macon",35.0608,-83.4306
2024-06-02,27,"Coweeta","Ozone","Macon",35.0608,-83.4306
2024-06-03,24,"Coweeta","Ozone","Macon",35.0608,-83.4306
2024-06-04,30,"Coweeta","Ozone","Macon",35.0608,-83.4306
2024-06-05,27,"Coweeta","Ozone","Macon",35.0608,-83.4306
2024-06-06,35,"Coweeta","Ozone","Macon",35.0608,-83.4306
2024-06-07,47,"Coweeta","Ozone","Macon",35.0608,-83.4306
2024-06-08,44,"Coweeta","Ozone","Macon",35.0608,-83.4306
2024-06-09,38,"Coweeta","Ozone","Macon",35.0608,-83.4306
2024-06-10,47,"Coweeta","Ozone","Macon",35.0608,-83.4306
2024-06-11,38,"Coweeta","Ozone","Macon",35.0608,-83.4306
2024-06-12,45,"Coweeta","Ozone","Macon",35.0608,-83.4306
2024-06-13,44,"Coweeta","Ozone","Macon",35.0608,-83.4306
2024-06-14,43,"Coweeta","Ozone","Macon",35.0608,-83.4306
2024-06-15,39,"Coweeta","Ozone","Macon",35.0608,-83.4306
2024-06-16,38,"Coweeta","Ozone","Macon",35.0608,-83.4306
2024-06-17,37,"Coweeta","Ozone","Macon",35.0608,-83.4306
2024-06-18,38,"Coweeta","Ozone","Macon",35.0608,-83.4306
2024-06-19,37,"Coweeta","Ozone","Macon",35.0608,-83.4306
2024-06-20,38,"Coweeta","Ozone","Macon",35.0608,-83.4306
2024-06-21,38,"Coweeta","Ozone","Macon",35.0608,-83.4306
2024-06-22,36,"Coweeta","Ozone","Macon",35.0608,-83.4306
2024-06-23,41,"Coweeta","Ozone","Macon",35.0608,-83.4306
2024-06-24,54,"Coweeta","Ozone","Macon",35.0608,-83.4306
2024-06-25,41,"Coweeta","Ozone","Macon",35.0608,-83.4306
2024-06-26,47,"Coweeta","Ozone","Macon",35.0608,-83.4306
2024-06-27,30,"Coweeta","Ozone","Macon",35.0608,-83.4306
2024-06-28,32,"Coweeta","Ozone","Macon",35.0608,-83.4306
2024-06-29,23,"Coweeta","Ozone","Macon",35.0608,-83.4306
2024-06-30,28,"Coweeta","Ozone","Macon",35.0608,-83.4306
2024-07-01,44,"Coweeta","Ozone","Macon",35.0608,-83.4306
2024-07-02,44,"Coweeta","Ozone","Macon",35.0608,-83.4306
2024-07-03,37,"Coweeta","Ozone","Macon",35.0608,-83.4306
2024-07-04,30,"Coweeta","Ozone","Macon",35.0608,-83.4306
2024-07-05,23,"Coweeta","Ozone","Macon",35.0608,-83.4306
2024-07-06,22,"Coweeta","Ozone","Macon",35.0608,-83.4306
2024-07-07,23,"Coweeta","Ozone","Macon",35.0608,-83.4306
2024-07-08,23,"Coweeta","Ozone","Macon",35.0608,-83.4306
2024-07-09,29,"Coweeta","Ozone","Macon",35.0608,-83.4306
2024-07-10,37,"Coweeta","Ozone","Macon",35.0608,-83.4306
2024-07-11,42,"Coweeta","Ozone","Macon",35.0608,-83.4306
2024-07-12,39,"Coweeta","Ozone","Macon",35.0608,-83.4306
2024-07-13,36,"Coweeta","Ozone","Macon",35.0608,-83.4306
2024-07-14,27,"Coweeta","Ozone","Macon",35.0608,-83.4306
2024-07-15,25,"Coweeta","Ozone","Macon",35.0608,-83.4306
2024-07-16,26,"Coweeta","Ozone","Macon",35.0608,-83.4306
2024-07-17,24,"Coweeta","Ozone","Macon",35.0608,-83.4306
2024-07-18,32,"Coweeta","Ozone","Macon",35.0608,-83.4306
2024-07-19,23,"Coweeta","Ozone","Macon",35.0608,-83.4306
2024-07-20,21,"Coweeta","Ozone","Macon",35.0608,-83.4306
2024-07-21,17,"Coweeta","Ozone","Macon",35.0608,-83.4306
2024-07-22,25,"Coweeta","Ozone","Macon",35.0608,-83.4306
2024-07-23,17,"Coweeta","Ozone","Macon",35.0608,-83.4306
2024-07-24,18,"Coweeta","Ozone","Macon",35.0608,-83.4306
2024-07-25,17,"Coweeta","Ozone","Macon",35.0608,-83.4306
2024-07-26,18,"Coweeta","Ozone","Macon",35.0608,-83.4306
2024-07-27,25,"Coweeta","Ozone","Macon",35.0608,-83.4306
2024-07-28,30,"Coweeta","Ozone","Macon",35.0608,-83.4306
2024-07-29,22,"Coweeta","Ozone","Macon",35.0608,-83.4306
2024-07-30,23,"Coweeta","Ozone","Macon",35.0608,-83.4306
2024-07-31,25,"Coweeta","Ozone","Macon",35.0608,-83.4306
2024-08-01,19,"Coweeta","Ozone","Macon",35.0608,-83.4306
2024-08-02,20,"Coweeta","Ozone","Macon",35.0608,-83.4306
2024-08-03,33,"Coweeta","Ozone","Macon",35.0608,-83.4306
2024-08-04,38,"Coweeta","Ozone","Macon",35.0608,-83.4306
2024-08-05,30,"Coweeta","Ozone","Macon",35.0608,-83.4306
2024-08-06,24,"Coweeta","Ozone","Macon",35.0608,-83.4306
2024-08-07,31,"Coweeta","Ozone","Macon",35.0608,-83.4306
2024-08-08,26,"Coweeta","Ozone","Macon",35.0608,-83.4306
2024-08-09,29,"Coweeta","Ozone","Macon",35.0608,-83.4306
2024-08-10,31,"Coweeta","Ozone","Macon",35.0608,-83.4306
2024-08-11,25,"Coweeta","Ozone","Macon",35.0608,-83.4306
2024-08-12,30,"Coweeta","Ozone","Macon",35.0608,-83.4306
2024-08-13,27,"Coweeta","Ozone","Macon",35.0608,-83.4306
2024-08-14,38,"Coweeta","Ozone","Macon",35.0608,-83.4306
2024-08-15,31,"Coweeta","Ozone","Macon",35.0608,-83.4306
2024-08-16,30,"Coweeta","Ozone","Macon",35.0608,-83.4306
2024-08-17,28,"Coweeta","Ozone","Macon",35.0608,-83.4306
2024-08-18,33,"Coweeta","Ozone","Macon",35.0608,-83.4306
2024-08-19,33,"Coweeta","Ozone","Macon",35.0608,-83.4306
2024-08-20,33,"Coweeta","Ozone","Macon",35.0608,-83.4306
2024-08-21,35,"Coweeta","Ozone","Macon",35.0608,-83.4306
2024-08-22,43,"Coweeta","Ozone","Macon",35.0608,-83.4306
2024-08-23,41,"Coweeta","Ozone","Macon",35.0608,-83.4306
2024-08-24,39,"Coweeta","Ozone","Macon",35.0608,-83.4306
2024-08-25,40,"Coweeta","Ozone","Macon",35.0608,-83.4306
2024-08-26,42,"Coweeta","Ozone","Macon",35.0608,-83.4306
2024-08-27,39,"Coweeta","Ozone","Macon",35.0608,-83.4306
2024-08-28,39,"Coweeta","Ozone","Macon",35.0608,-83.4306
2024-08-29,38,"Coweeta","Ozone","Macon",35.0608,-83.4306
2024-08-30,38,"Coweeta","Ozone","Macon",35.0608,-83.4306
2024-08-31,27,"Coweeta","Ozone","Macon",35.0608,-83.4306
2024-09-01,19,"Coweeta","Ozone","Macon",35.0608,-83.4306
2024-09-02,23,"Coweeta","Ozone","Macon",35.0608,-83.4306
2024-09-03,27,"Coweeta","Ozone","Macon",35.0608,-83.4306
2024-09-04,28,"Coweeta","Ozone","Macon",35.0608,-83.4306
2024-09-05,31,"Coweeta","Ozone","Macon",35.0608,-83.4306
2024-09-06,22,"Coweeta","Ozone","Macon",35.0608,-83.4306
2024-09-07,31,"Coweeta","Ozone","Macon",35.0608,-83.4306
2024-09-08,30,"Coweeta","Ozone","Macon",35.0608,-83.4306
2024-09-09,30,"Coweeta","Ozone","Macon",35.0608,-83.4306
2024-09-10,31,"Coweeta","Ozone","Macon",35.0608,-83.4306
2024-09-11,43,"Coweeta","Ozone","Macon",35.0608,-83.4306
2024-09-12,38,"Coweeta","Ozone","Macon",35.0608,-83.4306
2024-09-13,14,"Coweeta","Ozone","Macon",35.0608,-83.4306
2024-09-14,21,"Coweeta","Ozone","Macon",35.0608,-83.4306
2024-09-15,27,"Coweeta","Ozone","Macon",35.0608,-83.4306
2024-09-16,33,"Coweeta","Ozone","Macon",35.0608,-83.4306
2024-09-17,20,"Coweeta","Ozone","Macon",35.0608,-83.4306
2024-09-18,18,"Coweeta","Ozone","Macon",35.0608,-83.4306
2024-09-19,23,"Coweeta","Ozone","Macon",35.0608,-83.4306
2024-09-20,28,"Coweeta","Ozone","Macon",35.0608,-83.4306
2024-09-21,24,"Coweeta","Ozone","Macon",35.0608,-83.4306
2024-09-22,22,"Coweeta","Ozone","Macon",35.0608,-83.4306
2024-09-23,28,"Coweeta","Ozone","Macon",35.0608,-83.4306
2024-09-24,26,"Coweeta","Ozone","Macon",35.0608,-83.4306
2024-09-25,27,"Coweeta","Ozone","Macon",35.0608,-83.4306
2024-09-26,20,"Coweeta","Ozone","Macon",35.0608,-83.4306
2024-09-27,32,"Coweeta","Ozone","Macon",35.0608,-83.4306
2024-09-30,19,"Coweeta","Ozone","Macon",35.0608,-83.4306
2024-10-01,16,"Coweeta","Ozone","Macon",35.0608,-83.4306
2024-10-02,24,"Coweeta","Ozone","Macon",35.0608,-83.4306
2024-10-03,29,"Coweeta","Ozone","Macon",35.0608,-83.4306
2024-10-04,25,"Coweeta","Ozone","Macon",35.0608,-83.4306
2024-10-05,25,"Coweeta","Ozone","Macon",35.0608,-83.4306
2024-10-06,35,"Coweeta","Ozone","Macon",35.0608,-83.4306
2024-10-07,35,"Coweeta","Ozone","Macon",35.0608,-83.4306
2024-10-08,31,"Coweeta","Ozone","Macon",35.0608,-83.4306
2024-10-09,27,"Coweeta","Ozone","Macon",35.0608,-83.4306
2024-10-10,40,"Coweeta","Ozone","Macon",35.0608,-83.4306
2024-10-11,32,"Coweeta","Ozone","Macon",35.0608,-83.4306
2024-10-12,29,"Coweeta","Ozone","Macon",35.0608,-83.4306
2024-10-13,34,"Coweeta","Ozone","Macon",35.0608,-83.4306
2024-10-14,42,"Coweeta","Ozone","Macon",35.0608,-83.4306
2024-10-15,31,"Coweeta","Ozone","Macon",35.0608,-83.4306
2024-10-16,31,"Coweeta","Ozone","Macon",35.0608,-83.4306
2024-10-17,36,"Coweeta","Ozone","Macon",35.0608,-83.4306
2024-10-18,32,"Coweeta","Ozone","Macon",35.0608,-83.4306
2024-10-19,31,"Coweeta","Ozone","Macon",35.0608,-83.4306
2024-10-20,29,"Coweeta","Ozone","Macon",35.0608,-83.4306
2024-10-21,32,"Coweeta","Ozone","Macon",35.0608,-83.4306
2024-10-22,38,"Coweeta","Ozone","Macon",35.0608,-83.4306
2024-10-23,31,"Coweeta","Ozone","Macon",35.0608,-83.4306
2024-10-24,44,"Coweeta","Ozone","Macon",35.0608,-83.4306
2024-10-25,38,"Coweeta","Ozone","Macon",35.0608,-83.4306
2024-10-26,28,"Coweeta","Ozone","Macon",35.0608,-83.4306
2024-10-27,32,"Coweeta","Ozone","Macon",35.0608,-83.4306
2024-10-28,34,"Coweeta","Ozone","Macon",35.0608,-83.4306
2024-10-29,41,"Coweeta","Ozone","Macon",35.0608,-83.4306
2024-10-30,38,"Coweeta","Ozone","Macon",35.0608,-83.4306
2024-10-31,39,"Coweeta","Ozone","Macon",35.0608,-83.4306
2024-11-01,28,"Coweeta","Ozone","Macon",35.0608,-83.4306
2024-11-02,29,"Coweeta","Ozone","Macon",35.0608,-83.4306
2024-11-03,40,"Coweeta","Ozone","Macon",35.0608,-83.4306
2024-11-04,30,"Coweeta","Ozone","Macon",35.0608,-83.4306
2024-11-05,29,"Coweeta","Ozone","Macon",35.0608,-83.4306
2024-11-06,27,"Coweeta","Ozone","Macon",35.0608,-83.4306
2024-11-07,24,"Coweeta","Ozone","Macon",35.0608,-83.4306
2024-11-08,23,"Coweeta","Ozone","Macon",35.0608,-83.4306
2024-11-09,41,"Coweeta","Ozone","Macon",35.0608,-83.4306
2024-11-10,34,"Coweeta","Ozone","Macon",35.0608,-83.4306
2024-11-11,23,"Coweeta","Ozone","Macon",35.0608,-83.4306
2024-11-12,27,"Coweeta","Ozone","Macon",35.0608,-83.4306
2024-11-13,34,"Coweeta","Ozone","Macon",35.0608,-83.4306
2024-11-14,31,"Coweeta","Ozone","Macon",35.0608,-83.4306
2024-11-15,29,"Coweeta","Ozone","Macon",35.0608,-83.4306
2024-11-16,20,"Coweeta","Ozone","Macon",35.0608,-83.4306
2024-11-17,23,"Coweeta","Ozone","Macon",35.0608,-83.4306
2024-11-18,31,"Coweeta","Ozone","Macon",35.0608,-83.4306
2024-11-19,28,"Coweeta","Ozone","Macon",35.0608,-83.4306
2024-11-20,35,"Coweeta","Ozone","Macon",35.0608,-83.4306
2024-11-21,36,"Coweeta","Ozone","Macon",35.0608,-83.4306
2024-11-22,26,"Coweeta","Ozone","Macon",35.0608,-83.4306
2024-11-23,27,"Coweeta","Ozone","Macon",35.0608,-83.4306
2024-11-24,27,"Coweeta","Ozone","Macon",35.0608,-83.4306
2024-11-25,33,"Coweeta","Ozone","Macon",35.0608,-83.4306
2024-11-26,31,"Coweeta","Ozone","Macon",35.0608,-83.4306
2024-11-27,30,"Coweeta","Ozone","Macon",35.0608,-83.4306
2024-11-28,29,"Coweeta","Ozone","Macon",35.0608,-83.4306
2024-11-29,34,"Coweeta","Ozone","Macon",35.0608,-83.4306
2024-11-30,36,"Coweeta","Ozone","Macon",35.0608,-83.4306
2024-12-01,35,"Coweeta","Ozone","Macon",35.0608,-83.4306
2024-12-02,37,"Coweeta","Ozone","Macon",35.0608,-83.4306
2024-12-03,31,"Coweeta","Ozone","Macon",35.0608,-83.4306
2024-12-04,40,"Coweeta","Ozone","Macon",35.0608,-83.4306
2024-12-05,37,"Coweeta","Ozone","Macon",35.0608,-83.4306
2024-12-06,30,"Coweeta","Ozone","Macon",35.0608,-83.4306
2024-12-07,31,"Coweeta","Ozone","Macon",35.0608,-83.4306
2024-12-08,34,"Coweeta","Ozone","Macon",35.0608,-83.4306
2024-12-10,27,"Coweeta","Ozone","Macon",35.0608,-83.4306
2024-12-11,34,"Coweeta","Ozone","Macon",35.0608,-83.4306
2024-12-12,35,"Coweeta","Ozone","Macon",35.0608,-83.4306
2024-12-13,26,"Coweeta","Ozone","Macon",35.0608,-83.4306
2024-12-14,39,"Coweeta","Ozone","Macon",35.0608,-83.4306
2024-12-15,33,"Coweeta","Ozone","Macon",35.0608,-83.4306
2024-12-16,27,"Coweeta","Ozone","Macon",35.0608,-83.4306
2024-12-17,22,"Coweeta","Ozone","Macon",35.0608,-83.4306
2024-12-18,31,"Coweeta","Ozone","Macon",35.0608,-83.4306
2024-12-19,28,"Coweeta","Ozone","Macon",35.0608,-83.4306
2024-12-20,30,"Coweeta","Ozone","Macon",35.0608,-83.4306
2024-12-21,24,"Coweeta","Ozone","Macon",35.0608,-83.4306
2024-12-22,22,"Coweeta","Ozone","Macon",35.0608,-83.4306
2024-12-23,31,"Coweeta","Ozone","Macon",35.0608,-83.4306
2024-12-24,28,"Coweeta","Ozone","Macon",35.0608,-83.4306
2024-12-25,32,"Coweeta","Ozone","Macon",35.0608,-83.4306
2024-12-26,32,"Coweeta","Ozone","Macon",35.0608,-83.4306
2024-12-27,34,"Coweeta","Ozone","Macon",35.0608,-83.4306
2024-12-28,30,"Coweeta","Ozone","Macon",35.0608,-83.4306
2024-12-29,41,"Coweeta","Ozone","Macon",35.0608,-83.4306
2024-12-30,30,"Coweeta","Ozone","Macon",35.0608,-83.4306
2024-03-01,35,"Jamesville School","Ozone","Martin",35.81066,-76.9063
2024-03-02,28,"Jamesville School","Ozone","Martin",35.81066,-76.9063
2024-03-03,32,"Jamesville School","Ozone","Martin",35.81066,-76.9063
2024-03-04,27,"Jamesville School","Ozone","Martin",35.81066,-76.9063
2024-03-05,25,"Jamesville School","Ozone","Martin",35.81066,-76.9063
2024-03-06,21,"Jamesville School","Ozone","Martin",35.81066,-76.9063
2024-03-07,31,"Jamesville School","Ozone","Martin",35.81066,-76.9063
2024-03-08,32,"Jamesville School","Ozone","Martin",35.81066,-76.9063
2024-03-09,26,"Jamesville School","Ozone","Martin",35.81066,-76.9063
2024-03-10,40,"Jamesville School","Ozone","Martin",35.81066,-76.9063
2024-03-11,40,"Jamesville School","Ozone","Martin",35.81066,-76.9063
2024-03-12,43,"Jamesville School","Ozone","Martin",35.81066,-76.9063
2024-03-13,46,"Jamesville School","Ozone","Martin",35.81066,-76.9063
2024-03-14,61,"Jamesville School","Ozone","Martin",35.81066,-76.9063
2024-03-15,47,"Jamesville School","Ozone","Martin",35.81066,-76.9063
2024-03-16,35,"Jamesville School","Ozone","Martin",35.81066,-76.9063
2024-03-17,39,"Jamesville School","Ozone","Martin",35.81066,-76.9063
2024-03-18,41,"Jamesville School","Ozone","Martin",35.81066,-76.9063
2024-03-19,35,"Jamesville School","Ozone","Martin",35.81066,-76.9063
2024-03-20,45,"Jamesville School","Ozone","Martin",35.81066,-76.9063
2024-03-21,39,"Jamesville School","Ozone","Martin",35.81066,-76.9063
2024-03-22,35,"Jamesville School","Ozone","Martin",35.81066,-76.9063
2024-03-23,34,"Jamesville School","Ozone","Martin",35.81066,-76.9063
2024-03-24,41,"Jamesville School","Ozone","Martin",35.81066,-76.9063
2024-03-25,40,"Jamesville School","Ozone","Martin",35.81066,-76.9063
2024-03-26,31,"Jamesville School","Ozone","Martin",35.81066,-76.9063
2024-03-27,22,"Jamesville School","Ozone","Martin",35.81066,-76.9063
2024-03-28,24,"Jamesville School","Ozone","Martin",35.81066,-76.9063
2024-03-29,45,"Jamesville School","Ozone","Martin",35.81066,-76.9063
2024-03-30,48,"Jamesville School","Ozone","Martin",35.81066,-76.9063
2024-03-31,44,"Jamesville School","Ozone","Martin",35.81066,-76.9063
2024-04-01,37,"Jamesville School","Ozone","Martin",35.81066,-76.9063
2024-04-02,31,"Jamesville School","Ozone","Martin",35.81066,-76.9063
2024-04-03,29,"Jamesville School","Ozone","Martin",35.81066,-76.9063
2024-04-04,39,"Jamesville School","Ozone","Martin",35.81066,-76.9063
2024-04-05,41,"Jamesville School","Ozone","Martin",35.81066,-76.9063
2024-04-06,36,"Jamesville School","Ozone","Martin",35.81066,-76.9063
2024-04-07,39,"Jamesville School","Ozone","Martin",35.81066,-76.9063
2024-04-08,42,"Jamesville School","Ozone","Martin",35.81066,-76.9063
2024-04-09,36,"Jamesville School","Ozone","Martin",35.81066,-76.9063
2024-04-10,32,"Jamesville School","Ozone","Martin",35.81066,-76.9063
2024-04-11,30,"Jamesville School","Ozone","Martin",35.81066,-76.9063
2024-04-12,45,"Jamesville School","Ozone","Martin",35.81066,-76.9063
2024-04-13,43,"Jamesville School","Ozone","Martin",35.81066,-76.9063
2024-04-14,45,"Jamesville School","Ozone","Martin",35.81066,-76.9063
2024-04-15,47,"Jamesville School","Ozone","Martin",35.81066,-76.9063
2024-04-16,46,"Jamesville School","Ozone","Martin",35.81066,-76.9063
2024-04-17,37,"Jamesville School","Ozone","Martin",35.81066,-76.9063
2024-04-18,40,"Jamesville School","Ozone","Martin",35.81066,-76.9063
2024-04-19,30,"Jamesville School","Ozone","Martin",35.81066,-76.9063
2024-04-20,23,"Jamesville School","Ozone","Martin",35.81066,-76.9063
2024-04-21,26,"Jamesville School","Ozone","Martin",35.81066,-76.9063
2024-04-22,36,"Jamesville School","Ozone","Martin",35.81066,-76.9063
2024-04-23,45,"Jamesville School","Ozone","Martin",35.81066,-76.9063
2024-04-24,38,"Jamesville School","Ozone","Martin",35.81066,-76.9063
2024-04-25,42,"Jamesville School","Ozone","Martin",35.81066,-76.9063
2024-04-26,38,"Jamesville School","Ozone","Martin",35.81066,-76.9063
2024-04-27,35,"Jamesville School","Ozone","Martin",35.81066,-76.9063
2024-04-28,35,"Jamesville School","Ozone","Martin",35.81066,-76.9063
2024-04-29,41,"Jamesville School","Ozone","Martin",35.81066,-76.9063
2024-04-30,32,"Jamesville School","Ozone","Martin",35.81066,-76.9063
2024-05-01,33,"Jamesville School","Ozone","Martin",35.81066,-76.9063
2024-05-02,44,"Jamesville School","Ozone","Martin",35.81066,-76.9063
2024-05-03,39,"Jamesville School","Ozone","Martin",35.81066,-76.9063
2024-05-04,27,"Jamesville School","Ozone","Martin",35.81066,-76.9063
2024-05-05,26,"Jamesville School","Ozone","Martin",35.81066,-76.9063
2024-05-06,24,"Jamesville School","Ozone","Martin",35.81066,-76.9063
2024-05-07,34,"Jamesville School","Ozone","Martin",35.81066,-76.9063
2024-05-08,34,"Jamesville School","Ozone","Martin",35.81066,-76.9063
2024-05-09,39,"Jamesville School","Ozone","Martin",35.81066,-76.9063
2024-05-10,35,"Jamesville School","Ozone","Martin",35.81066,-76.9063
2024-05-11,28,"Jamesville School","Ozone","Martin",35.81066,-76.9063
2024-05-12,41,"Jamesville School","Ozone","Martin",35.81066,-76.9063
2024-05-13,37,"Jamesville School","Ozone","Martin",35.81066,-76.9063
2024-05-14,31,"Jamesville School","Ozone","Martin",35.81066,-76.9063
2024-05-15,26,"Jamesville School","Ozone","Martin",35.81066,-76.9063
2024-05-16,33,"Jamesville School","Ozone","Martin",35.81066,-76.9063
2024-05-17,31,"Jamesville School","Ozone","Martin",35.81066,-76.9063
2024-05-18,27,"Jamesville School","Ozone","Martin",35.81066,-76.9063
2024-05-19,24,"Jamesville School","Ozone","Martin",35.81066,-76.9063
2024-05-20,31,"Jamesville School","Ozone","Martin",35.81066,-76.9063
2024-05-21,25,"Jamesville School","Ozone","Martin",35.81066,-76.9063
2024-05-22,31,"Jamesville School","Ozone","Martin",35.81066,-76.9063
2024-05-23,37,"Jamesville School","Ozone","Martin",35.81066,-76.9063
2024-05-24,31,"Jamesville School","Ozone","Martin",35.81066,-76.9063
2024-05-25,26,"Jamesville School","Ozone","Martin",35.81066,-76.9063
2024-05-26,37,"Jamesville School","Ozone","Martin",35.81066,-76.9063
2024-05-27,25,"Jamesville School","Ozone","Martin",35.81066,-76.9063
2024-05-28,34,"Jamesville School","Ozone","Martin",35.81066,-76.9063
2024-05-29,44,"Jamesville School","Ozone","Martin",35.81066,-76.9063
2024-05-30,34,"Jamesville School","Ozone","Martin",35.81066,-76.9063
2024-05-31,41,"Jamesville School","Ozone","Martin",35.81066,-76.9063
2024-06-01,46,"Jamesville School","Ozone","Martin",35.81066,-76.9063
2024-06-02,38,"Jamesville School","Ozone","Martin",35.81066,-76.9063
2024-06-03,31,"Jamesville School","Ozone","Martin",35.81066,-76.9063
2024-06-04,31,"Jamesville School","Ozone","Martin",35.81066,-76.9063
2024-06-05,27,"Jamesville School","Ozone","Martin",35.81066,-76.9063
2024-06-06,32,"Jamesville School","Ozone","Martin",35.81066,-76.9063
2024-06-07,44,"Jamesville School","Ozone","Martin",35.81066,-76.9063
2024-06-08,49,"Jamesville School","Ozone","Martin",35.81066,-76.9063
2024-06-09,44,"Jamesville School","Ozone","Martin",35.81066,-76.9063
2024-06-10,43,"Jamesville School","Ozone","Martin",35.81066,-76.9063
2024-06-11,42,"Jamesville School","Ozone","Martin",35.81066,-76.9063
2024-06-12,39,"Jamesville School","Ozone","Martin",35.81066,-76.9063
2024-06-13,36,"Jamesville School","Ozone","Martin",35.81066,-76.9063
2024-06-15,45,"Jamesville School","Ozone","Martin",35.81066,-76.9063
2024-06-16,43,"Jamesville School","Ozone","Martin",35.81066,-76.9063
2024-06-17,34,"Jamesville School","Ozone","Martin",35.81066,-76.9063
2024-06-18,32,"Jamesville School","Ozone","Martin",35.81066,-76.9063
2024-06-19,31,"Jamesville School","Ozone","Martin",35.81066,-76.9063
2024-06-20,29,"Jamesville School","Ozone","Martin",35.81066,-76.9063
2024-06-21,30,"Jamesville School","Ozone","Martin",35.81066,-76.9063
2024-06-22,22,"Jamesville School","Ozone","Martin",35.81066,-76.9063
2024-06-23,23,"Jamesville School","Ozone","Martin",35.81066,-76.9063
2024-06-24,31,"Jamesville School","Ozone","Martin",35.81066,-76.9063
2024-06-25,43,"Jamesville School","Ozone","Martin",35.81066,-76.9063
2024-06-26,36,"Jamesville School","Ozone","Martin",35.81066,-76.9063
2024-06-27,32,"Jamesville School","Ozone","Martin",35.81066,-76.9063
2024-06-28,45,"Jamesville School","Ozone","Martin",35.81066,-76.9063
2024-06-29,30,"Jamesville School","Ozone","Martin",35.81066,-76.9063
2024-06-30,24,"Jamesville School","Ozone","Martin",35.81066,-76.9063
2024-07-01,29,"Jamesville School","Ozone","Martin",35.81066,-76.9063
2024-07-02,39,"Jamesville School","Ozone","Martin",35.81066,-76.9063
2024-07-03,43,"Jamesville School","Ozone","Martin",35.81066,-76.9063
2024-07-04,36,"Jamesville School","Ozone","Martin",35.81066,-76.9063
2024-07-05,31,"Jamesville School","Ozone","Martin",35.81066,-76.9063
2024-07-06,31,"Jamesville School","Ozone","Martin",35.81066,-76.9063
2024-07-07,32,"Jamesville School","Ozone","Martin",35.81066,-76.9063
2024-07-08,26,"Jamesville School","Ozone","Martin",35.81066,-76.9063
2024-07-09,24,"Jamesville School","Ozone","Martin",35.81066,-76.9063
2024-07-10,20,"Jamesville School","Ozone","Martin",35.81066,-76.9063
2024-07-11,20,"Jamesville School","Ozone","Martin",35.81066,-76.9063
2024-07-12,22,"Jamesville School","Ozone","Martin",35.81066,-76.9063
2024-07-13,24,"Jamesville School","Ozone","Martin",35.81066,-76.9063
2024-07-14,37,"Jamesville School","Ozone","Martin",35.81066,-76.9063
2024-07-15,38,"Jamesville School","Ozone","Martin",35.81066,-76.9063
2024-07-16,34,"Jamesville School","Ozone","Martin",35.81066,-76.9063
2024-07-17,26,"Jamesville School","Ozone","Martin",35.81066,-76.9063
2024-07-18,30,"Jamesville School","Ozone","Martin",35.81066,-76.9063
2024-07-19,28,"Jamesville School","Ozone","Martin",35.81066,-76.9063
2024-07-20,27,"Jamesville School","Ozone","Martin",35.81066,-76.9063
2024-07-21,25,"Jamesville School","Ozone","Martin",35.81066,-76.9063
2024-07-22,20,"Jamesville School","Ozone","Martin",35.81066,-76.9063
2024-07-23,20,"Jamesville School","Ozone","Martin",35.81066,-76.9063
2024-07-24,21,"Jamesville School","Ozone","Martin",35.81066,-76.9063
2024-07-25,21,"Jamesville School","Ozone","Martin",35.81066,-76.9063
2024-07-26,30,"Jamesville School","Ozone","Martin",35.81066,-76.9063
2024-07-27,35,"Jamesville School","Ozone","Martin",35.81066,-76.9063
2024-07-28,40,"Jamesville School","Ozone","Martin",35.81066,-76.9063
2024-07-29,33,"Jamesville School","Ozone","Martin",35.81066,-76.9063
2024-07-30,31,"Jamesville School","Ozone","Martin",35.81066,-76.9063
2024-07-31,34,"Jamesville School","Ozone","Martin",35.81066,-76.9063
2024-08-01,37,"Jamesville School","Ozone","Martin",35.81066,-76.9063
2024-08-02,29,"Jamesville School","Ozone","Martin",35.81066,-76.9063
2024-08-03,22,"Jamesville School","Ozone","Martin",35.81066,-76.9063
2024-08-04,25,"Jamesville School","Ozone","Martin",35.81066,-76.9063
2024-08-05,16,"Jamesville School","Ozone","Martin",35.81066,-76.9063
2024-08-06,16,"Jamesville School","Ozone","Martin",35.81066,-76.9063
2024-08-07,18,"Jamesville School","Ozone","Martin",35.81066,-76.9063
2024-08-08,31,"Jamesville School","Ozone","Martin",35.81066,-76.9063
2024-08-09,27,"Jamesville School","Ozone","Martin",35.81066,-76.9063
2024-08-10,20,"Jamesville School","Ozone","Martin",35.81066,-76.9063
2024-08-11,29,"Jamesville School","Ozone","Martin",35.81066,-76.9063
2024-08-12,31,"Jamesville School","Ozone","Martin",35.81066,-76.9063
2024-08-13,41,"Jamesville School","Ozone","Martin",35.81066,-76.9063
2024-08-14,38,"Jamesville School","Ozone","Martin",35.81066,-76.9063
2024-08-15,43,"Jamesville School","Ozone","Martin",35.81066,-76.9063
2024-08-16,43,"Jamesville School","Ozone","Martin",35.81066,-76.9063
2024-08-17,35,"Jamesville School","Ozone","Martin",35.81066,-76.9063
2024-08-18,34,"Jamesville School","Ozone","Martin",35.81066,-76.9063
2024-08-19,29,"Jamesville School","Ozone","Martin",35.81066,-76.9063
2024-08-20,26,"Jamesville School","Ozone","Martin",35.81066,-76.9063
2024-08-21,36,"Jamesville School","Ozone","Martin",35.81066,-76.9063
2024-08-22,38,"Jamesville School","Ozone","Martin",35.81066,-76.9063
2024-08-23,42,"Jamesville School","Ozone","Martin",35.81066,-76.9063
2024-08-24,35,"Jamesville School","Ozone","Martin",35.81066,-76.9063
2024-08-25,32,"Jamesville School","Ozone","Martin",35.81066,-76.9063
2024-08-26,38,"Jamesville School","Ozone","Martin",35.81066,-76.9063
2024-08-27,39,"Jamesville School","Ozone","Martin",35.81066,-76.9063
2024-08-28,47,"Jamesville School","Ozone","Martin",35.81066,-76.9063
2024-08-29,35,"Jamesville School","Ozone","Martin",35.81066,-76.9063
2024-08-30,40,"Jamesville School","Ozone","Martin",35.81066,-76.9063
2024-08-31,31,"Jamesville School","Ozone","Martin",35.81066,-76.9063
2024-09-01,28,"Jamesville School","Ozone","Martin",35.81066,-76.9063
2024-09-02,26,"Jamesville School","Ozone","Martin",35.81066,-76.9063
2024-09-03,31,"Jamesville School","Ozone","Martin",35.81066,-76.9063
2024-09-04,31,"Jamesville School","Ozone","Martin",35.81066,-76.9063
2024-09-05,30,"Jamesville School","Ozone","Martin",35.81066,-76.9063
2024-09-06,25,"Jamesville School","Ozone","Martin",35.81066,-76.9063
2024-09-07,24,"Jamesville School","Ozone","Martin",35.81066,-76.9063
2024-09-08,26,"Jamesville School","Ozone","Martin",35.81066,-76.9063
2024-09-09,36,"Jamesville School","Ozone","Martin",35.81066,-76.9063
2024-09-10,37,"Jamesville School","Ozone","Martin",35.81066,-76.9063
2024-09-11,45,"Jamesville School","Ozone","Martin",35.81066,-76.9063
2024-09-12,36,"Jamesville School","Ozone","Martin",35.81066,-76.9063
2024-09-13,23,"Jamesville School","Ozone","Martin",35.81066,-76.9063
2024-09-14,27,"Jamesville School","Ozone","Martin",35.81066,-76.9063
2024-09-15,26,"Jamesville School","Ozone","Martin",35.81066,-76.9063
2024-09-16,25,"Jamesville School","Ozone","Martin",35.81066,-76.9063
2024-09-17,22,"Jamesville School","Ozone","Martin",35.81066,-76.9063
2024-09-18,19,"Jamesville School","Ozone","Martin",35.81066,-76.9063
2024-09-19,22,"Jamesville School","Ozone","Martin",35.81066,-76.9063
2024-09-20,37,"Jamesville School","Ozone","Martin",35.81066,-76.9063
2024-09-21,35,"Jamesville School","Ozone","Martin",35.81066,-76.9063
2024-09-22,31,"Jamesville School","Ozone","Martin",35.81066,-76.9063
2024-09-23,34,"Jamesville School","Ozone","Martin",35.81066,-76.9063
2024-09-24,22,"Jamesville School","Ozone","Martin",35.81066,-76.9063
2024-09-25,24,"Jamesville School","Ozone","Martin",35.81066,-76.9063
2024-09-26,20,"Jamesville School","Ozone","Martin",35.81066,-76.9063
2024-09-27,18,"Jamesville School","Ozone","Martin",35.81066,-76.9063
2024-09-28,31,"Jamesville School","Ozone","Martin",35.81066,-76.9063
2024-09-29,30,"Jamesville School","Ozone","Martin",35.81066,-76.9063
2024-09-30,24,"Jamesville School","Ozone","Martin",35.81066,-76.9063
2024-10-01,25,"Jamesville School","Ozone","Martin",35.81066,-76.9063
2024-10-02,23,"Jamesville School","Ozone","Martin",35.81066,-76.9063
2024-10-03,30,"Jamesville School","Ozone","Martin",35.81066,-76.9063
2024-10-04,33,"Jamesville School","Ozone","Martin",35.81066,-76.9063
2024-10-05,29,"Jamesville School","Ozone","Martin",35.81066,-76.9063
2024-10-06,42,"Jamesville School","Ozone","Martin",35.81066,-76.9063
2024-10-07,34,"Jamesville School","Ozone","Martin",35.81066,-76.9063
2024-10-08,31,"Jamesville School","Ozone","Martin",35.81066,-76.9063
2024-10-09,11,"Jamesville School","Ozone","Martin",35.81066,-76.9063
2024-10-10,28,"Jamesville School","Ozone","Martin",35.81066,-76.9063
2024-10-11,26,"Jamesville School","Ozone","Martin",35.81066,-76.9063
2024-10-12,37,"Jamesville School","Ozone","Martin",35.81066,-76.9063
2024-10-13,40,"Jamesville School","Ozone","Martin",35.81066,-76.9063
2024-10-14,42,"Jamesville School","Ozone","Martin",35.81066,-76.9063
2024-10-15,31,"Jamesville School","Ozone","Martin",35.81066,-76.9063
2024-10-16,28,"Jamesville School","Ozone","Martin",35.81066,-76.9063
2024-10-17,31,"Jamesville School","Ozone","Martin",35.81066,-76.9063
2024-10-18,33,"Jamesville School","Ozone","Martin",35.81066,-76.9063
2024-10-19,33,"Jamesville School","Ozone","Martin",35.81066,-76.9063
2024-10-20,28,"Jamesville School","Ozone","Martin",35.81066,-76.9063
2024-10-21,40,"Jamesville School","Ozone","Martin",35.81066,-76.9063
2024-10-22,45,"Jamesville School","Ozone","Martin",35.81066,-76.9063
2024-10-23,31,"Jamesville School","Ozone","Martin",35.81066,-76.9063
2024-10-24,43,"Jamesville School","Ozone","Martin",35.81066,-76.9063
2024-10-25,35,"Jamesville School","Ozone","Martin",35.81066,-76.9063
2024-10-26,39,"Jamesville School","Ozone","Martin",35.81066,-76.9063
2024-10-27,20,"Jamesville School","Ozone","Martin",35.81066,-76.9063
2024-10-28,37,"Jamesville School","Ozone","Martin",35.81066,-76.9063
2024-10-29,31,"Jamesville School","Ozone","Martin",35.81066,-76.9063
2024-10-30,28,"Jamesville School","Ozone","Martin",35.81066,-76.9063
2024-10-31,29,"Jamesville School","Ozone","Martin",35.81066,-76.9063
2024-11-01,29,"Jamesville School","Ozone","Martin",35.81066,-76.9063
2024-11-02,32,"Jamesville School","Ozone","Martin",35.81066,-76.9063
2024-11-03,35,"Jamesville School","Ozone","Martin",35.81066,-76.9063
2024-01-01,28,"Garinger High School","Ozone","Mecklenburg",35.2401000008895,-80.785683
2024-01-02,23,"Garinger High School","Ozone","Mecklenburg",35.2401000008895,-80.785683
2024-01-03,21,"Garinger High School","Ozone","Mecklenburg",35.2401000008895,-80.785683
2024-01-04,29,"Garinger High School","Ozone","Mecklenburg",35.2401000008895,-80.785683
2024-01-05,25,"Garinger High School","Ozone","Mecklenburg",35.2401000008895,-80.785683
2024-01-06,21,"Garinger High School","Ozone","Mecklenburg",35.2401000008895,-80.785683
2024-01-07,31,"Garinger High School","Ozone","Mecklenburg",35.2401000008895,-80.785683
2024-01-08,29,"Garinger High School","Ozone","Mecklenburg",35.2401000008895,-80.785683
2024-01-09,34,"Garinger High School","Ozone","Mecklenburg",35.2401000008895,-80.785683
2024-01-10,23,"Garinger High School","Ozone","Mecklenburg",35.2401000008895,-80.785683
2024-01-11,28,"Garinger High School","Ozone","Mecklenburg",35.2401000008895,-80.785683
2024-01-12,29,"Garinger High School","Ozone","Mecklenburg",35.2401000008895,-80.785683
2024-01-13,31,"Garinger High School","Ozone","Mecklenburg",35.2401000008895,-80.785683
2024-01-14,38,"Garinger High School","Ozone","Mecklenburg",35.2401000008895,-80.785683
2024-01-15,25,"Garinger High School","Ozone","Mecklenburg",35.2401000008895,-80.785683
2024-01-16,31,"Garinger High School","Ozone","Mecklenburg",35.2401000008895,-80.785683
2024-01-17,30,"Garinger High School","Ozone","Mecklenburg",35.2401000008895,-80.785683
2024-01-18,33,"Garinger High School","Ozone","Mecklenburg",35.2401000008895,-80.785683
2024-01-19,33,"Garinger High School","Ozone","Mecklenburg",35.2401000008895,-80.785683
2024-01-20,32,"Garinger High School","Ozone","Mecklenburg",35.2401000008895,-80.785683
2024-01-21,31,"Garinger High School","Ozone","Mecklenburg",35.2401000008895,-80.785683
2024-01-22,33,"Garinger High School","Ozone","Mecklenburg",35.2401000008895,-80.785683
2024-01-24,26,"Garinger High School","Ozone","Mecklenburg",35.2401000008895,-80.785683
2024-01-25,22,"Garinger High School","Ozone","Mecklenburg",35.2401000008895,-80.785683
2024-01-26,27,"Garinger High School","Ozone","Mecklenburg",35.2401000008895,-80.785683
2024-01-27,24,"Garinger High School","Ozone","Mecklenburg",35.2401000008895,-80.785683
2024-01-28,23,"Garinger High School","Ozone","Mecklenburg",35.2401000008895,-80.785683
2024-01-29,32,"Garinger High School","Ozone","Mecklenburg",35.2401000008895,-80.785683
2024-01-30,31,"Garinger High School","Ozone","Mecklenburg",35.2401000008895,-80.785683
2024-01-31,28,"Garinger High School","Ozone","Mecklenburg",35.2401000008895,-80.785683
2024-02-01,30,"Garinger High School","Ozone","Mecklenburg",35.2401000008895,-80.785683
2024-02-02,37,"Garinger High School","Ozone","Mecklenburg",35.2401000008895,-80.785683
2024-02-03,29,"Garinger High School","Ozone","Mecklenburg",35.2401000008895,-80.785683
2024-02-04,33,"Garinger High School","Ozone","Mecklenburg",35.2401000008895,-80.785683
2024-02-05,37,"Garinger High School","Ozone","Mecklenburg",35.2401000008895,-80.785683
2024-02-06,32,"Garinger High School","Ozone","Mecklenburg",35.2401000008895,-80.785683
2024-02-07,35,"Garinger High School","Ozone","Mecklenburg",35.2401000008895,-80.785683
2024-02-08,36,"Garinger High School","Ozone","Mecklenburg",35.2401000008895,-80.785683
2024-02-09,30,"Garinger High School","Ozone","Mecklenburg",35.2401000008895,-80.785683
2024-02-10,34,"Garinger High School","Ozone","Mecklenburg",35.2401000008895,-80.785683
2024-02-11,25,"Garinger High School","Ozone","Mecklenburg",35.2401000008895,-80.785683
2024-02-12,33,"Garinger High School","Ozone","Mecklenburg",35.2401000008895,-80.785683
2024-02-13,37,"Garinger High School","Ozone","Mecklenburg",35.2401000008895,-80.785683
2024-02-14,39,"Garinger High School","Ozone","Mecklenburg",35.2401000008895,-80.785683
2024-02-15,43,"Garinger High School","Ozone","Mecklenburg",35.2401000008895,-80.785683
2024-02-16,36,"Garinger High School","Ozone","Mecklenburg",35.2401000008895,-80.785683
2024-02-17,36,"Garinger High School","Ozone","Mecklenburg",35.2401000008895,-80.785683
2024-02-18,34,"Garinger High School","Ozone","Mecklenburg",35.2401000008895,-80.785683
2024-02-19,39,"Garinger High School","Ozone","Mecklenburg",35.2401000008895,-80.785683
2024-02-20,44,"Garinger High School","Ozone","Mecklenburg",35.2401000008895,-80.785683
2024-02-21,40,"Garinger High School","Ozone","Mecklenburg",35.2401000008895,-80.785683
2024-02-22,64,"Garinger High School","Ozone","Mecklenburg",35.2401000008895,-80.785683
2024-02-23,36,"Garinger High School","Ozone","Mecklenburg",35.2401000008895,-80.785683
2024-02-24,36,"Garinger High School","Ozone","Mecklenburg",35.2401000008895,-80.785683
2024-02-25,39,"Garinger High School","Ozone","Mecklenburg",35.2401000008895,-80.785683
2024-02-26,48,"Garinger High School","Ozone","Mecklenburg",35.2401000008895,-80.785683
2024-02-27,40,"Garinger High School","Ozone","Mecklenburg",35.2401000008895,-80.785683
2024-02-28,38,"Garinger High School","Ozone","Mecklenburg",35.2401000008895,-80.785683
2024-02-29,33,"Garinger High School","Ozone","Mecklenburg",35.2401000008895,-80.785683
2024-03-01,23,"Garinger High School","Ozone","Mecklenburg",35.2401000008895,-80.785683
2024-03-02,31,"Garinger High School","Ozone","Mecklenburg",35.2401000008895,-80.785683
2024-03-03,31,"Garinger High School","Ozone","Mecklenburg",35.2401000008895,-80.785683
2024-03-04,36,"Garinger High School","Ozone","Mecklenburg",35.2401000008895,-80.785683
2024-03-05,42,"Garinger High School","Ozone","Mecklenburg",35.2401000008895,-80.785683
2024-03-06,29,"Garinger High School","Ozone","Mecklenburg",35.2401000008895,-80.785683
2024-03-07,40,"Garinger High School","Ozone","Mecklenburg",35.2401000008895,-80.785683
2024-03-08,30,"Garinger High School","Ozone","Mecklenburg",35.2401000008895,-80.785683
2024-03-09,22,"Garinger High School","Ozone","Mecklenburg",35.2401000008895,-80.785683
2024-03-10,41,"Garinger High School","Ozone","Mecklenburg",35.2401000008895,-80.785683
2024-03-11,43,"Garinger High School","Ozone","Mecklenburg",35.2401000008895,-80.785683
2024-03-12,43,"Garinger High School","Ozone","Mecklenburg",35.2401000008895,-80.785683
2024-03-13,58,"Garinger High School","Ozone","Mecklenburg",35.2401000008895,-80.785683
2024-03-14,80,"Garinger High School","Ozone","Mecklenburg",35.2401000008895,-80.785683
2024-03-15,33,"Garinger High School","Ozone","Mecklenburg",35.2401000008895,-80.785683
2024-03-16,42,"Garinger High School","Ozone","Mecklenburg",35.2401000008895,-80.785683
2024-03-17,41,"Garinger High School","Ozone","Mecklenburg",35.2401000008895,-80.785683
2024-03-18,42,"Garinger High School","Ozone","Mecklenburg",35.2401000008895,-80.785683
2024-03-19,37,"Garinger High School","Ozone","Mecklenburg",35.2401000008895,-80.785683
2024-03-20,48,"Garinger High School","Ozone","Mecklenburg",35.2401000008895,-80.785683
2024-03-21,47,"Garinger High School","Ozone","Mecklenburg",35.2401000008895,-80.785683
2024-03-22,33,"Garinger High School","Ozone","Mecklenburg",35.2401000008895,-80.785683
2024-03-23,42,"Garinger High School","Ozone","Mecklenburg",35.2401000008895,-80.785683
2024-03-24,44,"Garinger High School","Ozone","Mecklenburg",35.2401000008895,-80.785683
2024-03-25,46,"Garinger High School","Ozone","Mecklenburg",35.2401000008895,-80.785683
2024-03-26,37,"Garinger High School","Ozone","Mecklenburg",35.2401000008895,-80.785683
2024-03-27,19,"Garinger High School","Ozone","Mecklenburg",35.2401000008895,-80.785683
2024-03-28,42,"Garinger High School","Ozone","Mecklenburg",35.2401000008895,-80.785683
2024-03-29,47,"Garinger High School","Ozone","Mecklenburg",35.2401000008895,-80.785683
2024-03-30,54,"Garinger High School","Ozone","Mecklenburg",35.2401000008895,-80.785683
2024-03-31,50,"Garinger High School","Ozone","Mecklenburg",35.2401000008895,-80.785683
2024-04-01,43,"Garinger High School","Ozone","Mecklenburg",35.2401000008895,-80.785683
2024-04-02,41,"Garinger High School","Ozone","Mecklenburg",35.2401000008895,-80.785683
2024-04-03,43,"Garinger High School","Ozone","Mecklenburg",35.2401000008895,-80.785683
2024-04-04,38,"Garinger High School","Ozone","Mecklenburg",35.2401000008895,-80.785683
2024-04-05,36,"Garinger High School","Ozone","Mecklenburg",35.2401000008895,-80.785683
2024-04-06,43,"Garinger High School","Ozone","Mecklenburg",35.2401000008895,-80.785683
2024-04-07,47,"Garinger High School","Ozone","Mecklenburg",35.2401000008895,-80.785683
2024-04-08,45,"Garinger High School","Ozone","Mecklenburg",35.2401000008895,-80.785683
2024-04-09,32,"Garinger High School","Ozone","Mecklenburg",35.2401000008895,-80.785683
2024-04-10,37,"Garinger High School","Ozone","Mecklenburg",35.2401000008895,-80.785683
2024-04-11,36,"Garinger High School","Ozone","Mecklenburg",35.2401000008895,-80.785683
2024-04-12,44,"Garinger High School","Ozone","Mecklenburg",35.2401000008895,-80.785683
2024-04-13,47,"Garinger High School","Ozone","Mecklenburg",35.2401000008895,-80.785683
2024-04-14,54,"Garinger High School","Ozone","Mecklenburg",35.2401000008895,-80.785683
2024-04-15,61,"Garinger High School","Ozone","Mecklenburg",35.2401000008895,-80.785683
2024-04-16,61,"Garinger High School","Ozone","Mecklenburg",35.2401000008895,-80.785683
2024-04-17,45,"Garinger High School","Ozone","Mecklenburg",35.2401000008895,-80.785683
2024-04-18,50,"Garinger High School","Ozone","Mecklenburg",35.2401000008895,-80.785683
2024-04-19,74,"Garinger High School","Ozone","Mecklenburg",35.2401000008895,-80.785683
2024-04-20,40,"Garinger High School","Ozone","Mecklenburg",35.2401000008895,-80.785683
2024-04-21,33,"Garinger High School","Ozone","Mecklenburg",35.2401000008895,-80.785683
2024-04-22,39,"Garinger High School","Ozone","Mecklenburg",35.2401000008895,-80.785683
2024-04-23,43,"Garinger High School","Ozone","Mecklenburg",35.2401000008895,-80.785683
2024-04-24,46,"Garinger High School","Ozone","Mecklenburg",35.2401000008895,-80.785683
2024-04-25,71,"Garinger High School","Ozone","Mecklenburg",35.2401000008895,-80.785683
2024-04-26,38,"Garinger High School","Ozone","Mecklenburg",35.2401000008895,-80.785683
2024-04-27,44,"Garinger High School","Ozone","Mecklenburg",35.2401000008895,-80.785683
2024-04-28,41,"Garinger High School","Ozone","Mecklenburg",35.2401000008895,-80.785683
2024-04-29,45,"Garinger High School","Ozone","Mecklenburg",35.2401000008895,-80.785683
2024-04-30,38,"Garinger High School","Ozone","Mecklenburg",35.2401000008895,-80.785683
2024-05-01,50,"Garinger High School","Ozone","Mecklenburg",35.2401000008895,-80.785683
2024-05-02,67,"Garinger High School","Ozone","Mecklenburg",35.2401000008895,-80.785683
2024-05-03,46,"Garinger High School","Ozone","Mecklenburg",35.2401000008895,-80.785683
2024-05-04,28,"Garinger High School","Ozone","Mecklenburg",35.2401000008895,-80.785683
2024-05-05,34,"Garinger High School","Ozone","Mecklenburg",35.2401000008895,-80.785683
2024-05-06,31,"Garinger High School","Ozone","Mecklenburg",35.2401000008895,-80.785683
2024-05-07,32,"Garinger High School","Ozone","Mecklenburg",35.2401000008895,-80.785683
2024-05-08,35,"Garinger High School","Ozone","Mecklenburg",35.2401000008895,-80.785683
2024-05-09,38,"Garinger High School","Ozone","Mecklenburg",35.2401000008895,-80.785683
2024-05-10,43,"Garinger High School","Ozone","Mecklenburg",35.2401000008895,-80.785683
2024-05-11,44,"Garinger High School","Ozone","Mecklenburg",35.2401000008895,-80.785683
2024-05-12,46,"Garinger High School","Ozone","Mecklenburg",35.2401000008895,-80.785683
2024-05-13,43,"Garinger High School","Ozone","Mecklenburg",35.2401000008895,-80.785683
2024-05-14,20,"Garinger High School","Ozone","Mecklenburg",35.2401000008895,-80.785683
2024-05-15,32,"Garinger High School","Ozone","Mecklenburg",35.2401000008895,-80.785683
2024-05-16,44,"Garinger High School","Ozone","Mecklenburg",35.2401000008895,-80.785683
2024-05-17,38,"Garinger High School","Ozone","Mecklenburg",35.2401000008895,-80.785683
2024-05-18,32,"Garinger High School","Ozone","Mecklenburg",35.2401000008895,-80.785683
2024-05-19,38,"Garinger High School","Ozone","Mecklenburg",35.2401000008895,-80.785683
2024-05-20,47,"Garinger High School","Ozone","Mecklenburg",35.2401000008895,-80.785683
2024-05-21,61,"Garinger High School","Ozone","Mecklenburg",35.2401000008895,-80.785683
2024-05-22,51,"Garinger High School","Ozone","Mecklenburg",35.2401000008895,-80.785683
2024-05-23,46,"Garinger High School","Ozone","Mecklenburg",35.2401000008895,-80.785683
2024-05-24,47,"Garinger High School","Ozone","Mecklenburg",35.2401000008895,-80.785683
2024-05-25,46,"Garinger High School","Ozone","Mecklenburg",35.2401000008895,-80.785683
2024-05-26,46,"Garinger High School","Ozone","Mecklenburg",35.2401000008895,-80.785683
2024-05-27,47,"Garinger High School","Ozone","Mecklenburg",35.2401000008895,-80.785683
2024-05-28,47,"Garinger High School","Ozone","Mecklenburg",35.2401000008895,-80.785683
2024-05-29,51,"Garinger High School","Ozone","Mecklenburg",35.2401000008895,-80.785683
2024-05-30,46,"Garinger High School","Ozone","Mecklenburg",35.2401000008895,-80.785683
2024-05-31,74,"Garinger High School","Ozone","Mecklenburg",35.2401000008895,-80.785683
2024-06-01,58,"Garinger High School","Ozone","Mecklenburg",35.2401000008895,-80.785683
2024-06-02,42,"Garinger High School","Ozone","Mecklenburg",35.2401000008895,-80.785683
2024-06-03,42,"Garinger High School","Ozone","Mecklenburg",35.2401000008895,-80.785683
2024-06-04,44,"Garinger High School","Ozone","Mecklenburg",35.2401000008895,-80.785683
2024-06-05,31,"Garinger High School","Ozone","Mecklenburg",35.2401000008895,-80.785683
2024-06-06,36,"Garinger High School","Ozone","Mecklenburg",35.2401000008895,-80.785683
2024-06-07,51,"Garinger High School","Ozone","Mecklenburg",35.2401000008895,-80.785683
2024-06-08,97,"Garinger High School","Ozone","Mecklenburg",35.2401000008895,-80.785683
2024-06-09,46,"Garinger High School","Ozone","Mecklenburg",35.2401000008895,-80.785683
2024-06-10,54,"Garinger High School","Ozone","Mecklenburg",35.2401000008895,-80.785683
2024-06-11,51,"Garinger High School","Ozone","Mecklenburg",35.2401000008895,-80.785683
2024-06-12,71,"Garinger High School","Ozone","Mecklenburg",35.2401000008895,-80.785683
2024-06-13,58,"Garinger High School","Ozone","Mecklenburg",35.2401000008895,-80.785683
2024-06-14,93,"Garinger High School","Ozone","Mecklenburg",35.2401000008895,-80.785683
2024-06-15,64,"Garinger High School","Ozone","Mecklenburg",35.2401000008895,-80.785683
2024-06-16,44,"Garinger High School","Ozone","Mecklenburg",35.2401000008895,-80.785683
2024-06-17,46,"Garinger High School","Ozone","Mecklenburg",35.2401000008895,-80.785683
2024-06-18,44,"Garinger High School","Ozone","Mecklenburg",35.2401000008895,-80.785683
2024-06-19,42,"Garinger High School","Ozone","Mecklenburg",35.2401000008895,-80.785683
2024-06-20,40,"Garinger High School","Ozone","Mecklenburg",35.2401000008895,-80.785683
2024-06-21,45,"Garinger High School","Ozone","Mecklenburg",35.2401000008895,-80.785683
2024-06-22,28,"Garinger High School","Ozone","Mecklenburg",35.2401000008895,-80.785683
2024-06-23,32,"Garinger High School","Ozone","Mecklenburg",35.2401000008895,-80.785683
2024-06-24,64,"Garinger High School","Ozone","Mecklenburg",35.2401000008895,-80.785683
2024-06-25,115,"Garinger High School","Ozone","Mecklenburg",35.2401000008895,-80.785683
2024-06-26,74,"Garinger High School","Ozone","Mecklenburg",35.2401000008895,-80.785683
2024-06-27,51,"Garinger High School","Ozone","Mecklenburg",35.2401000008895,-80.785683
2024-06-28,51,"Garinger High School","Ozone","Mecklenburg",35.2401000008895,-80.785683
2024-06-29,35,"Garinger High School","Ozone","Mecklenburg",35.2401000008895,-80.785683
2024-06-30,42,"Garinger High School","Ozone","Mecklenburg",35.2401000008895,-80.785683
2024-07-01,50,"Garinger High School","Ozone","Mecklenburg",35.2401000008895,-80.785683
2024-07-02,49,"Garinger High School","Ozone","Mecklenburg",35.2401000008895,-80.785683
2024-07-03,74,"Garinger High School","Ozone","Mecklenburg",35.2401000008895,-80.785683
2024-07-04,39,"Garinger High School","Ozone","Mecklenburg",35.2401000008895,-80.785683
2024-07-05,37,"Garinger High School","Ozone","Mecklenburg",35.2401000008895,-80.785683
2024-07-06,45,"Garinger High School","Ozone","Mecklenburg",35.2401000008895,-80.785683
2024-07-07,35,"Garinger High School","Ozone","Mecklenburg",35.2401000008895,-80.785683
2024-07-08,74,"Garinger High School","Ozone","Mecklenburg",35.2401000008895,-80.785683
2024-07-09,45,"Garinger High School","Ozone","Mecklenburg",35.2401000008895,-80.785683
2024-07-10,41,"Garinger High School","Ozone","Mecklenburg",35.2401000008895,-80.785683
2024-07-11,74,"Garinger High School","Ozone","Mecklenburg",35.2401000008895,-80.785683
2024-07-12,32,"Garinger High School","Ozone","Mecklenburg",35.2401000008895,-80.785683
2024-07-13,77,"Garinger High School","Ozone","Mecklenburg",35.2401000008895,-80.785683
2024-07-14,50,"Garinger High School","Ozone","Mecklenburg",35.2401000008895,-80.785683
2024-07-15,80,"Garinger High School","Ozone","Mecklenburg",35.2401000008895,-80.785683
2024-07-16,49,"Garinger High School","Ozone","Mecklenburg",35.2401000008895,-80.785683
2024-07-17,46,"Garinger High School","Ozone","Mecklenburg",35.2401000008895,-80.785683
2024-07-18,47,"Garinger High School","Ozone","Mecklenburg",35.2401000008895,-80.785683
2024-07-19,32,"Garinger High School","Ozone","Mecklenburg",35.2401000008895,-80.785683
2024-07-20,33,"Garinger High School","Ozone","Mecklenburg",35.2401000008895,-80.785683
2024-07-21,24,"Garinger High School","Ozone","Mecklenburg",35.2401000008895,-80.785683
2024-07-22,33,"Garinger High School","Ozone","Mecklenburg",35.2401000008895,-80.785683
2024-07-23,31,"Garinger High School","Ozone","Mecklenburg",35.2401000008895,-80.785683
2024-07-24,37,"Garinger High School","Ozone","Mecklenburg",35.2401000008895,-80.785683
2024-07-25,29,"Garinger High School","Ozone","Mecklenburg",35.2401000008895,-80.785683
2024-07-26,36,"Garinger High School","Ozone","Mecklenburg",35.2401000008895,-80.785683
2024-07-27,42,"Garinger High School","Ozone","Mecklenburg",35.2401000008895,-80.785683
2024-07-28,44,"Garinger High School","Ozone","Mecklenburg",35.2401000008895,-80.785683
2024-07-30,34,"Garinger High School","Ozone","Mecklenburg",35.2401000008895,-80.785683
2024-07-31,54,"Garinger High School","Ozone","Mecklenburg",35.2401000008895,-80.785683
2024-08-01,77,"Garinger High School","Ozone","Mecklenburg",35.2401000008895,-80.785683
2024-08-02,31,"Garinger High School","Ozone","Mecklenburg",35.2401000008895,-80.785683
2024-08-03,32,"Garinger High School","Ozone","Mecklenburg",35.2401000008895,-80.785683
2024-08-04,44,"Garinger High School","Ozone","Mecklenburg",35.2401000008895,-80.785683
2024-08-05,24,"Garinger High School","Ozone","Mecklenburg",35.2401000008895,-80.785683
2024-08-06,17,"Garinger High School","Ozone","Mecklenburg",35.2401000008895,-80.785683
2024-08-07,28,"Garinger High School","Ozone","Mecklenburg",35.2401000008895,-80.785683
2024-08-08,27,"Garinger High School","Ozone","Mecklenburg",35.2401000008895,-80.785683
2024-08-09,47,"Garinger High School","Ozone","Mecklenburg",35.2401000008895,-80.785683
2024-08-10,47,"Garinger High School","Ozone","Mecklenburg",35.2401000008895,-80.785683
2024-08-11,43,"Garinger High School","Ozone","Mecklenburg",35.2401000008895,-80.785683
2024-08-12,42,"Garinger High School","Ozone","Mecklenburg",35.2401000008895,-80.785683
2024-08-13,32,"Garinger High School","Ozone","Mecklenburg",35.2401000008895,-80.785683
2024-08-14,51,"Garinger High School","Ozone","Mecklenburg",35.2401000008895,-80.785683
2024-08-15,44,"Garinger High School","Ozone","Mecklenburg",35.2401000008895,-80.785683
2024-08-16,42,"Garinger High School","Ozone","Mecklenburg",35.2401000008895,-80.785683
2024-08-17,41,"Garinger High School","Ozone","Mecklenburg",35.2401000008895,-80.785683
2024-08-18,44,"Garinger High School","Ozone","Mecklenburg",35.2401000008895,-80.785683
2024-08-19,40,"Garinger High School","Ozone","Mecklenburg",35.2401000008895,-80.785683
2024-08-20,44,"Garinger High School","Ozone","Mecklenburg",35.2401000008895,-80.785683
2024-08-21,44,"Garinger High School","Ozone","Mecklenburg",35.2401000008895,-80.785683
2024-08-22,42,"Garinger High School","Ozone","Mecklenburg",35.2401000008895,-80.785683
2024-08-23,42,"Garinger High School","Ozone","Mecklenburg",35.2401000008895,-80.785683
2024-08-24,47,"Garinger High School","Ozone","Mecklenburg",35.2401000008895,-80.785683
2024-08-25,48,"Garinger High School","Ozone","Mecklenburg",35.2401000008895,-80.785683
2024-08-26,71,"Garinger High School","Ozone","Mecklenburg",35.2401000008895,-80.785683
2024-08-27,136,"Garinger High School","Ozone","Mecklenburg",35.2401000008895,-80.785683
2024-08-28,71,"Garinger High School","Ozone","Mecklenburg",35.2401000008895,-80.785683
2024-08-29,93,"Garinger High School","Ozone","Mecklenburg",35.2401000008895,-80.785683
2024-08-30,44,"Garinger High School","Ozone","Mecklenburg",35.2401000008895,-80.785683
2024-08-31,51,"Garinger High School","Ozone","Mecklenburg",35.2401000008895,-80.785683
2024-09-01,31,"Garinger High School","Ozone","Mecklenburg",35.2401000008895,-80.785683
2024-09-02,40,"Garinger High School","Ozone","Mecklenburg",35.2401000008895,-80.785683
2024-09-03,38,"Garinger High School","Ozone","Mecklenburg",35.2401000008895,-80.785683
2024-09-04,38,"Garinger High School","Ozone","Mecklenburg",35.2401000008895,-80.785683
2024-09-05,44,"Garinger High School","Ozone","Mecklenburg",35.2401000008895,-80.785683
2024-09-06,43,"Garinger High School","Ozone","Mecklenburg",35.2401000008895,-80.785683
2024-09-07,42,"Garinger High School","Ozone","Mecklenburg",35.2401000008895,-80.785683
2024-09-08,33,"Garinger High School","Ozone","Mecklenburg",35.2401000008895,-80.785683
2024-09-09,42,"Garinger High School","Ozone","Mecklenburg",35.2401000008895,-80.785683
2024-09-10,51,"Garinger High School","Ozone","Mecklenburg",35.2401000008895,-80.785683
2024-09-11,42,"Garinger High School","Ozone","Mecklenburg",35.2401000008895,-80.785683
2024-09-12,45,"Garinger High School","Ozone","Mecklenburg",35.2401000008895,-80.785683
2024-09-13,31,"Garinger High School","Ozone","Mecklenburg",35.2401000008895,-80.785683
2024-09-14,32,"Garinger High School","Ozone","Mecklenburg",35.2401000008895,-80.785683
2024-09-15,28,"Garinger High School","Ozone","Mecklenburg",35.2401000008895,-80.785683
2024-09-16,27,"Garinger High School","Ozone","Mecklenburg",35.2401000008895,-80.785683
2024-09-17,19,"Garinger High School","Ozone","Mecklenburg",35.2401000008895,-80.785683
2024-09-18,30,"Garinger High School","Ozone","Mecklenburg",35.2401000008895,-80.785683
2024-09-19,31,"Garinger High School","Ozone","Mecklenburg",35.2401000008895,-80.785683
2024-09-20,44,"Garinger High School","Ozone","Mecklenburg",35.2401000008895,-80.785683
2024-09-21,46,"Garinger High School","Ozone","Mecklenburg",35.2401000008895,-80.785683
2024-09-22,48,"Garinger High School","Ozone","Mecklenburg",35.2401000008895,-80.785683
2024-09-23,19,"Garinger High School","Ozone","Mecklenburg",35.2401000008895,-80.785683
2024-09-24,33,"Garinger High School","Ozone","Mecklenburg",35.2401000008895,-80.785683
2024-09-25,37,"Garinger High School","Ozone","Mecklenburg",35.2401000008895,-80.785683
2024-09-26,26,"Garinger High School","Ozone","Mecklenburg",35.2401000008895,-80.785683
2024-09-28,36,"Garinger High School","Ozone","Mecklenburg",35.2401000008895,-80.785683
2024-09-29,34,"Garinger High School","Ozone","Mecklenburg",35.2401000008895,-80.785683
2024-09-30,34,"Garinger High School","Ozone","Mecklenburg",35.2401000008895,-80.785683
2024-10-01,28,"Garinger High School","Ozone","Mecklenburg",35.2401000008895,-80.785683
2024-10-02,35,"Garinger High School","Ozone","Mecklenburg",35.2401000008895,-80.785683
2024-10-03,36,"Garinger High School","Ozone","Mecklenburg",35.2401000008895,-80.785683
2024-10-04,36,"Garinger High School","Ozone","Mecklenburg",35.2401000008895,-80.785683
2024-10-05,50,"Garinger High School","Ozone","Mecklenburg",35.2401000008895,-80.785683
2024-10-06,36,"Garinger High School","Ozone","Mecklenburg",35.2401000008895,-80.785683
2024-10-07,47,"Garinger High School","Ozone","Mecklenburg",35.2401000008895,-80.785683
2024-10-08,41,"Garinger High School","Ozone","Mecklenburg",35.2401000008895,-80.785683
2024-10-09,43,"Garinger High School","Ozone","Mecklenburg",35.2401000008895,-80.785683
2024-10-10,41,"Garinger High School","Ozone","Mecklenburg",35.2401000008895,-80.785683
2024-10-11,32,"Garinger High School","Ozone","Mecklenburg",35.2401000008895,-80.785683
2024-10-12,43,"Garinger High School","Ozone","Mecklenburg",35.2401000008895,-80.785683
2024-10-13,44,"Garinger High School","Ozone","Mecklenburg",35.2401000008895,-80.785683
2024-10-14,43,"Garinger High School","Ozone","Mecklenburg",35.2401000008895,-80.785683
2024-10-15,30,"Garinger High School","Ozone","Mecklenburg",35.2401000008895,-80.785683
2024-10-16,26,"Garinger High School","Ozone","Mecklenburg",35.2401000008895,-80.785683
2024-10-17,33,"Garinger High School","Ozone","Mecklenburg",35.2401000008895,-80.785683
2024-10-18,35,"Garinger High School","Ozone","Mecklenburg",35.2401000008895,-80.785683
2024-10-19,42,"Garinger High School","Ozone","Mecklenburg",35.2401000008895,-80.785683
2024-10-20,44,"Garinger High School","Ozone","Mecklenburg",35.2401000008895,-80.785683
2024-10-21,44,"Garinger High School","Ozone","Mecklenburg",35.2401000008895,-80.785683
2024-10-22,47,"Garinger High School","Ozone","Mecklenburg",35.2401000008895,-80.785683
2024-10-23,44,"Garinger High School","Ozone","Mecklenburg",35.2401000008895,-80.785683
2024-10-24,50,"Garinger High School","Ozone","Mecklenburg",35.2401000008895,-80.785683
2024-10-25,49,"Garinger High School","Ozone","Mecklenburg",35.2401000008895,-80.785683
2024-10-26,50,"Garinger High School","Ozone","Mecklenburg",35.2401000008895,-80.785683
2024-10-27,30,"Garinger High School","Ozone","Mecklenburg",35.2401000008895,-80.785683
2024-10-28,41,"Garinger High School","Ozone","Mecklenburg",35.2401000008895,-80.785683
2024-10-29,37,"Garinger High School","Ozone","Mecklenburg",35.2401000008895,-80.785683
2024-10-30,37,"Garinger High School","Ozone","Mecklenburg",35.2401000008895,-80.785683
2024-10-31,35,"Garinger High School","Ozone","Mecklenburg",35.2401000008895,-80.785683
2024-11-01,27,"Garinger High School","Ozone","Mecklenburg",35.2401000008895,-80.785683
2024-11-02,31,"Garinger High School","Ozone","Mecklenburg",35.2401000008895,-80.785683
2024-11-03,36,"Garinger High School","Ozone","Mecklenburg",35.2401000008895,-80.785683
2024-11-04,30,"Garinger High School","Ozone","Mecklenburg",35.2401000008895,-80.785683
2024-11-05,20,"Garinger High School","Ozone","Mecklenburg",35.2401000008895,-80.785683
2024-11-06,23,"Garinger High School","Ozone","Mecklenburg",35.2401000008895,-80.785683
2024-11-07,24,"Garinger High School","Ozone","Mecklenburg",35.2401000008895,-80.785683
2024-11-08,27,"Garinger High School","Ozone","Mecklenburg",35.2401000008895,-80.785683
2024-11-09,37,"Garinger High School","Ozone","Mecklenburg",35.2401000008895,-80.785683
2024-11-10,23,"Garinger High School","Ozone","Mecklenburg",35.2401000008895,-80.785683
2024-11-11,14,"Garinger High School","Ozone","Mecklenburg",35.2401000008895,-80.785683
2024-11-12,35,"Garinger High School","Ozone","Mecklenburg",35.2401000008895,-80.785683
2024-11-13,31,"Garinger High School","Ozone","Mecklenburg",35.2401000008895,-80.785683
2024-11-14,19,"Garinger High School","Ozone","Mecklenburg",35.2401000008895,-80.785683
2024-11-15,24,"Garinger High School","Ozone","Mecklenburg",35.2401000008895,-80.785683
2024-11-16,27,"Garinger High School","Ozone","Mecklenburg",35.2401000008895,-80.785683
2024-11-17,33,"Garinger High School","Ozone","Mecklenburg",35.2401000008895,-80.785683
2024-11-18,33,"Garinger High School","Ozone","Mecklenburg",35.2401000008895,-80.785683
2024-11-19,27,"Garinger High School","Ozone","Mecklenburg",35.2401000008895,-80.785683
2024-11-20,23,"Garinger High School","Ozone","Mecklenburg",35.2401000008895,-80.785683
2024-11-21,31,"Garinger High School","Ozone","Mecklenburg",35.2401000008895,-80.785683
2024-11-22,18,"Garinger High School","Ozone","Mecklenburg",35.2401000008895,-80.785683
2024-11-23,23,"Garinger High School","Ozone","Mecklenburg",35.2401000008895,-80.785683
2024-11-24,29,"Garinger High School","Ozone","Mecklenburg",35.2401000008895,-80.785683
2024-11-25,32,"Garinger High School","Ozone","Mecklenburg",35.2401000008895,-80.785683
2024-11-26,27,"Garinger High School","Ozone","Mecklenburg",35.2401000008895,-80.785683
2024-11-27,26,"Garinger High School","Ozone","Mecklenburg",35.2401000008895,-80.785683
2024-11-28,26,"Garinger High School","Ozone","Mecklenburg",35.2401000008895,-80.785683
2024-11-29,29,"Garinger High School","Ozone","Mecklenburg",35.2401000008895,-80.785683
2024-11-30,33,"Garinger High School","Ozone","Mecklenburg",35.2401000008895,-80.785683
2024-12-01,30,"Garinger High School","Ozone","Mecklenburg",35.2401000008895,-80.785683
2024-12-02,32,"Garinger High School","Ozone","Mecklenburg",35.2401000008895,-80.785683
2024-12-03,26,"Garinger High School","Ozone","Mecklenburg",35.2401000008895,-80.785683
2024-12-04,32,"Garinger High School","Ozone","Mecklenburg",35.2401000008895,-80.785683
2024-12-05,35,"Garinger High School","Ozone","Mecklenburg",35.2401000008895,-80.785683
2024-12-06,30,"Garinger High School","Ozone","Mecklenburg",35.2401000008895,-80.785683
2024-12-07,31,"Garinger High School","Ozone","Mecklenburg",35.2401000008895,-80.785683
2024-12-08,34,"Garinger High School","Ozone","Mecklenburg",35.2401000008895,-80.785683
2024-12-09,19,"Garinger High School","Ozone","Mecklenburg",35.2401000008895,-80.785683
2024-12-10,27,"Garinger High School","Ozone","Mecklenburg",35.2401000008895,-80.785683
2024-12-11,26,"Garinger High School","Ozone","Mecklenburg",35.2401000008895,-80.785683
2024-12-12,31,"Garinger High School","Ozone","Mecklenburg",35.2401000008895,-80.785683
2024-12-13,24,"Garinger High School","Ozone","Mecklenburg",35.2401000008895,-80.785683
2024-12-14,23,"Garinger High School","Ozone","Mecklenburg",35.2401000008895,-80.785683
2024-12-15,21,"Garinger High School","Ozone","Mecklenburg",35.2401000008895,-80.785683
2024-12-16,14,"Garinger High School","Ozone","Mecklenburg",35.2401000008895,-80.785683
2024-12-17,23,"Garinger High School","Ozone","Mecklenburg",35.2401000008895,-80.785683
2024-12-18,25,"Garinger High School","Ozone","Mecklenburg",35.2401000008895,-80.785683
2024-12-19,26,"Garinger High School","Ozone","Mecklenburg",35.2401000008895,-80.785683
2024-12-20,21,"Garinger High School","Ozone","Mecklenburg",35.2401000008895,-80.785683
2024-12-21,28,"Garinger High School","Ozone","Mecklenburg",35.2401000008895,-80.785683
2024-12-22,32,"Garinger High School","Ozone","Mecklenburg",35.2401000008895,-80.785683
2024-12-23,32,"Garinger High School","Ozone","Mecklenburg",35.2401000008895,-80.785683
2024-12-24,27,"Garinger High School","Ozone","Mecklenburg",35.2401000008895,-80.785683
2024-12-25,34,"Garinger High School","Ozone","Mecklenburg",35.2401000008895,-80.785683
2024-12-26,29,"Garinger High School","Ozone","Mecklenburg",35.2401000008895,-80.785683
2024-12-27,20,"Garinger High School","Ozone","Mecklenburg",35.2401000008895,-80.785683
2024-12-28,16,"Garinger High School","Ozone","Mecklenburg",35.2401000008895,-80.785683
2024-12-29,34,"Garinger High School","Ozone","Mecklenburg",35.2401000008895,-80.785683
2024-12-30,29,"Garinger High School","Ozone","Mecklenburg",35.2401000008895,-80.785683
2024-03-01,20,"University Meadows","Ozone","Mecklenburg",35.314158,-80.713469
2024-03-02,31,"University Meadows","Ozone","Mecklenburg",35.314158,-80.713469
2024-03-03,31,"University Meadows","Ozone","Mecklenburg",35.314158,-80.713469
2024-03-04,32,"University Meadows","Ozone","Mecklenburg",35.314158,-80.713469
2024-03-05,41,"University Meadows","Ozone","Mecklenburg",35.314158,-80.713469
2024-03-06,26,"University Meadows","Ozone","Mecklenburg",35.314158,-80.713469
2024-03-07,37,"University Meadows","Ozone","Mecklenburg",35.314158,-80.713469
2024-03-08,28,"University Meadows","Ozone","Mecklenburg",35.314158,-80.713469
2024-03-09,22,"University Meadows","Ozone","Mecklenburg",35.314158,-80.713469
2024-03-10,43,"University Meadows","Ozone","Mecklenburg",35.314158,-80.713469
2024-03-11,44,"University Meadows","Ozone","Mecklenburg",35.314158,-80.713469
2024-03-12,43,"University Meadows","Ozone","Mecklenburg",35.314158,-80.713469
2024-03-13,54,"University Meadows","Ozone","Mecklenburg",35.314158,-80.713469
2024-03-14,80,"University Meadows","Ozone","Mecklenburg",35.314158,-80.713469
2024-03-15,36,"University Meadows","Ozone","Mecklenburg",35.314158,-80.713469
2024-03-16,43,"University Meadows","Ozone","Mecklenburg",35.314158,-80.713469
2024-03-17,44,"University Meadows","Ozone","Mecklenburg",35.314158,-80.713469
2024-03-18,44,"University Meadows","Ozone","Mecklenburg",35.314158,-80.713469
2024-03-19,37,"University Meadows","Ozone","Mecklenburg",35.314158,-80.713469
2024-03-20,47,"University Meadows","Ozone","Mecklenburg",35.314158,-80.713469
2024-03-21,46,"University Meadows","Ozone","Mecklenburg",35.314158,-80.713469
2024-03-22,31,"University Meadows","Ozone","Mecklenburg",35.314158,-80.713469
2024-03-23,42,"University Meadows","Ozone","Mecklenburg",35.314158,-80.713469
2024-03-24,44,"University Meadows","Ozone","Mecklenburg",35.314158,-80.713469
2024-03-25,46,"University Meadows","Ozone","Mecklenburg",35.314158,-80.713469
2024-03-26,35,"University Meadows","Ozone","Mecklenburg",35.314158,-80.713469
2024-03-27,19,"University Meadows","Ozone","Mecklenburg",35.314158,-80.713469
2024-03-28,44,"University Meadows","Ozone","Mecklenburg",35.314158,-80.713469
2024-03-29,50,"University Meadows","Ozone","Mecklenburg",35.314158,-80.713469
2024-03-30,61,"University Meadows","Ozone","Mecklenburg",35.314158,-80.713469
2024-03-31,54,"University Meadows","Ozone","Mecklenburg",35.314158,-80.713469
2024-04-01,44,"University Meadows","Ozone","Mecklenburg",35.314158,-80.713469
2024-04-02,43,"University Meadows","Ozone","Mecklenburg",35.314158,-80.713469
2024-04-03,44,"University Meadows","Ozone","Mecklenburg",35.314158,-80.713469
2024-04-04,41,"University Meadows","Ozone","Mecklenburg",35.314158,-80.713469
2024-04-05,38,"University Meadows","Ozone","Mecklenburg",35.314158,-80.713469
2024-04-06,44,"University Meadows","Ozone","Mecklenburg",35.314158,-80.713469
2024-04-07,48,"University Meadows","Ozone","Mecklenburg",35.314158,-80.713469
2024-04-08,47,"University Meadows","Ozone","Mecklenburg",35.314158,-80.713469
2024-04-09,38,"University Meadows","Ozone","Mecklenburg",35.314158,-80.713469
2024-04-10,38,"University Meadows","Ozone","Mecklenburg",35.314158,-80.713469
2024-04-11,37,"University Meadows","Ozone","Mecklenburg",35.314158,-80.713469
2024-04-12,48,"University Meadows","Ozone","Mecklenburg",35.314158,-80.713469
2024-04-13,50,"University Meadows","Ozone","Mecklenburg",35.314158,-80.713469
2024-04-14,64,"University Meadows","Ozone","Mecklenburg",35.314158,-80.713469
2024-04-15,67,"University Meadows","Ozone","Mecklenburg",35.314158,-80.713469
2024-04-16,54,"University Meadows","Ozone","Mecklenburg",35.314158,-80.713469
2024-04-17,48,"University Meadows","Ozone","Mecklenburg",35.314158,-80.713469
2024-04-18,50,"University Meadows","Ozone","Mecklenburg",35.314158,-80.713469
2024-04-19,77,"University Meadows","Ozone","Mecklenburg",35.314158,-80.713469
2024-04-20,44,"University Meadows","Ozone","Mecklenburg",35.314158,-80.713469
2024-04-21,33,"University Meadows","Ozone","Mecklenburg",35.314158,-80.713469
2024-04-22,40,"University Meadows","Ozone","Mecklenburg",35.314158,-80.713469
2024-04-23,44,"University Meadows","Ozone","Mecklenburg",35.314158,-80.713469
2024-04-24,48,"University Meadows","Ozone","Mecklenburg",35.314158,-80.713469
2024-04-25,67,"University Meadows","Ozone","Mecklenburg",35.314158,-80.713469
2024-04-26,38,"University Meadows","Ozone","Mecklenburg",35.314158,-80.713469
2024-04-27,45,"University Meadows","Ozone","Mecklenburg",35.314158,-80.713469
2024-04-28,44,"University Meadows","Ozone","Mecklenburg",35.314158,-80.713469
2024-04-29,49,"University Meadows","Ozone","Mecklenburg",35.314158,-80.713469
2024-04-30,41,"University Meadows","Ozone","Mecklenburg",35.314158,-80.713469
2024-05-01,49,"University Meadows","Ozone","Mecklenburg",35.314158,-80.713469
2024-05-02,71,"University Meadows","Ozone","Mecklenburg",35.314158,-80.713469
2024-05-03,50,"University Meadows","Ozone","Mecklenburg",35.314158,-80.713469
2024-05-04,26,"University Meadows","Ozone","Mecklenburg",35.314158,-80.713469
2024-05-05,36,"University Meadows","Ozone","Mecklenburg",35.314158,-80.713469
2024-05-06,34,"University Meadows","Ozone","Mecklenburg",35.314158,-80.713469
2024-05-07,36,"University Meadows","Ozone","Mecklenburg",35.314158,-80.713469
2024-05-08,44,"University Meadows","Ozone","Mecklenburg",35.314158,-80.713469
2024-05-09,42,"University Meadows","Ozone","Mecklenburg",35.314158,-80.713469
2024-05-10,47,"University Meadows","Ozone","Mecklenburg",35.314158,-80.713469
2024-05-11,45,"University Meadows","Ozone","Mecklenburg",35.314158,-80.713469
2024-05-12,48,"University Meadows","Ozone","Mecklenburg",35.314158,-80.713469
2024-05-13,44,"University Meadows","Ozone","Mecklenburg",35.314158,-80.713469
2024-05-14,21,"University Meadows","Ozone","Mecklenburg",35.314158,-80.713469
2024-05-15,32,"University Meadows","Ozone","Mecklenburg",35.314158,-80.713469
2024-05-16,45,"University Meadows","Ozone","Mecklenburg",35.314158,-80.713469
2024-05-17,41,"University Meadows","Ozone","Mecklenburg",35.314158,-80.713469
2024-05-18,36,"University Meadows","Ozone","Mecklenburg",35.314158,-80.713469
2024-05-19,38,"University Meadows","Ozone","Mecklenburg",35.314158,-80.713469
2024-05-20,47,"University Meadows","Ozone","Mecklenburg",35.314158,-80.713469
2024-05-21,54,"University Meadows","Ozone","Mecklenburg",35.314158,-80.713469
2024-05-22,58,"University Meadows","Ozone","Mecklenburg",35.314158,-80.713469
2024-05-23,58,"University Meadows","Ozone","Mecklenburg",35.314158,-80.713469
2024-05-24,51,"University Meadows","Ozone","Mecklenburg",35.314158,-80.713469
2024-05-25,51,"University Meadows","Ozone","Mecklenburg",35.314158,-80.713469
2024-05-26,47,"University Meadows","Ozone","Mecklenburg",35.314158,-80.713469
2024-05-27,50,"University Meadows","Ozone","Mecklenburg",35.314158,-80.713469
2024-05-28,51,"University Meadows","Ozone","Mecklenburg",35.314158,-80.713469
2024-05-29,58,"University Meadows","Ozone","Mecklenburg",35.314158,-80.713469
2024-05-30,47,"University Meadows","Ozone","Mecklenburg",35.314158,-80.713469
2024-05-31,67,"University Meadows","Ozone","Mecklenburg",35.314158,-80.713469
2024-06-01,67,"University Meadows","Ozone","Mecklenburg",35.314158,-80.713469
2024-06-02,44,"University Meadows","Ozone","Mecklenburg",35.314158,-80.713469
2024-06-03,46,"University Meadows","Ozone","Mecklenburg",35.314158,-80.713469
2024-06-04,45,"University Meadows","Ozone","Mecklenburg",35.314158,-80.713469
2024-06-05,34,"University Meadows","Ozone","Mecklenburg",35.314158,-80.713469
2024-06-06,41,"University Meadows","Ozone","Mecklenburg",35.314158,-80.713469
2024-06-07,61,"University Meadows","Ozone","Mecklenburg",35.314158,-80.713469
2024-06-08,100,"University Meadows","Ozone","Mecklenburg",35.314158,-80.713469
2024-06-09,50,"University Meadows","Ozone","Mecklenburg",35.314158,-80.713469
2024-06-10,67,"University Meadows","Ozone","Mecklenburg",35.314158,-80.713469
2024-06-11,51,"University Meadows","Ozone","Mecklenburg",35.314158,-80.713469
2024-06-12,71,"University Meadows","Ozone","Mecklenburg",35.314158,-80.713469
2024-06-13,64,"University Meadows","Ozone","Mecklenburg",35.314158,-80.713469
2024-06-14,101,"University Meadows","Ozone","Mecklenburg",35.314158,-80.713469
2024-06-15,80,"University Meadows","Ozone","Mecklenburg",35.314158,-80.713469
2024-06-16,46,"University Meadows","Ozone","Mecklenburg",35.314158,-80.713469
2024-06-17,49,"University Meadows","Ozone","Mecklenburg",35.314158,-80.713469
2024-06-18,42,"University Meadows","Ozone","Mecklenburg",35.314158,-80.713469
2024-06-19,41,"University Meadows","Ozone","Mecklenburg",35.314158,-80.713469
2024-06-20,39,"University Meadows","Ozone","Mecklenburg",35.314158,-80.713469
2024-06-21,44,"University Meadows","Ozone","Mecklenburg",35.314158,-80.713469
2024-06-22,30,"University Meadows","Ozone","Mecklenburg",35.314158,-80.713469
2024-06-23,35,"University Meadows","Ozone","Mecklenburg",35.314158,-80.713469
2024-06-24,84,"University Meadows","Ozone","Mecklenburg",35.314158,-80.713469
2024-06-25,101,"University Meadows","Ozone","Mecklenburg",35.314158,-80.713469
2024-06-26,87,"University Meadows","Ozone","Mecklenburg",35.314158,-80.713469
2024-06-27,50,"University Meadows","Ozone","Mecklenburg",35.314158,-80.713469
2024-06-28,50,"University Meadows","Ozone","Mecklenburg",35.314158,-80.713469
2024-06-29,37,"University Meadows","Ozone","Mecklenburg",35.314158,-80.713469
2024-06-30,41,"University Meadows","Ozone","Mecklenburg",35.314158,-80.713469
2024-07-01,50,"University Meadows","Ozone","Mecklenburg",35.314158,-80.713469
2024-07-02,48,"University Meadows","Ozone","Mecklenburg",35.314158,-80.713469
2024-07-03,100,"University Meadows","Ozone","Mecklenburg",35.314158,-80.713469
2024-07-04,43,"University Meadows","Ozone","Mecklenburg",35.314158,-80.713469
2024-07-05,40,"University Meadows","Ozone","Mecklenburg",35.314158,-80.713469
2024-07-06,44,"University Meadows","Ozone","Mecklenburg",35.314158,-80.713469
2024-07-07,37,"University Meadows","Ozone","Mecklenburg",35.314158,-80.713469
2024-07-08,49,"University Meadows","Ozone","Mecklenburg",35.314158,-80.713469
2024-07-09,58,"University Meadows","Ozone","Mecklenburg",35.314158,-80.713469
2024-07-10,47,"University Meadows","Ozone","Mecklenburg",35.314158,-80.713469
2024-07-11,77,"University Meadows","Ozone","Mecklenburg",35.314158,-80.713469
2024-07-12,30,"University Meadows","Ozone","Mecklenburg",35.314158,-80.713469
2024-07-13,71,"University Meadows","Ozone","Mecklenburg",35.314158,-80.713469
2024-07-14,74,"University Meadows","Ozone","Mecklenburg",35.314158,-80.713469
2024-07-15,84,"University Meadows","Ozone","Mecklenburg",35.314158,-80.713469
2024-07-16,67,"University Meadows","Ozone","Mecklenburg",35.314158,-80.713469
2024-07-17,58,"University Meadows","Ozone","Mecklenburg",35.314158,-80.713469
2024-07-18,54,"University Meadows","Ozone","Mecklenburg",35.314158,-80.713469
2024-07-19,31,"University Meadows","Ozone","Mecklenburg",35.314158,-80.713469
2024-07-20,39,"University Meadows","Ozone","Mecklenburg",35.314158,-80.713469
2024-07-22,38,"University Meadows","Ozone","Mecklenburg",35.314158,-80.713469
2024-07-23,37,"University Meadows","Ozone","Mecklenburg",35.314158,-80.713469
2024-07-24,46,"University Meadows","Ozone","Mecklenburg",35.314158,-80.713469
2024-07-25,31,"University Meadows","Ozone","Mecklenburg",35.314158,-80.713469
2024-07-26,34,"University Meadows","Ozone","Mecklenburg",35.314158,-80.713469
2024-07-27,42,"University Meadows","Ozone","Mecklenburg",35.314158,-80.713469
2024-07-28,47,"University Meadows","Ozone","Mecklenburg",35.314158,-80.713469
2024-07-29,29,"University Meadows","Ozone","Mecklenburg",35.314158,-80.713469
2024-07-30,43,"University Meadows","Ozone","Mecklenburg",35.314158,-80.713469
2024-07-31,58,"University Meadows","Ozone","Mecklenburg",35.314158,-80.713469
2024-08-01,80,"University Meadows","Ozone","Mecklenburg",35.314158,-80.713469
2024-08-02,35,"University Meadows","Ozone","Mecklenburg",35.314158,-80.713469
2024-08-03,35,"University Meadows","Ozone","Mecklenburg",35.314158,-80.713469
2024-08-04,45,"University Meadows","Ozone","Mecklenburg",35.314158,-80.713469
2024-08-05,26,"University Meadows","Ozone","Mecklenburg",35.314158,-80.713469
2024-08-06,17,"University Meadows","Ozone","Mecklenburg",35.314158,-80.713469
2024-08-07,30,"University Meadows","Ozone","Mecklenburg",35.314158,-80.713469
2024-08-08,28,"University Meadows","Ozone","Mecklenburg",35.314158,-80.713469
2024-08-09,48,"University Meadows","Ozone","Mecklenburg",35.314158,-80.713469
2024-08-10,51,"University Meadows","Ozone","Mecklenburg",35.314158,-80.713469
2024-08-11,44,"University Meadows","Ozone","Mecklenburg",35.314158,-80.713469
2024-08-12,43,"University Meadows","Ozone","Mecklenburg",35.314158,-80.713469
2024-08-13,32,"University Meadows","Ozone","Mecklenburg",35.314158,-80.713469
2024-08-14,50,"University Meadows","Ozone","Mecklenburg",35.314158,-80.713469
2024-08-15,44,"University Meadows","Ozone","Mecklenburg",35.314158,-80.713469
2024-08-16,47,"University Meadows","Ozone","Mecklenburg",35.314158,-80.713469
2024-08-17,44,"University Meadows","Ozone","Mecklenburg",35.314158,-80.713469
2024-08-18,46,"University Meadows","Ozone","Mecklenburg",35.314158,-80.713469
2024-08-19,43,"University Meadows","Ozone","Mecklenburg",35.314158,-80.713469
2024-08-20,43,"University Meadows","Ozone","Mecklenburg",35.314158,-80.713469
2024-08-21,43,"University Meadows","Ozone","Mecklenburg",35.314158,-80.713469
2024-08-22,41,"University Meadows","Ozone","Mecklenburg",35.314158,-80.713469
2024-08-23,42,"University Meadows","Ozone","Mecklenburg",35.314158,-80.713469
2024-08-24,47,"University Meadows","Ozone","Mecklenburg",35.314158,-80.713469
2024-08-25,49,"University Meadows","Ozone","Mecklenburg",35.314158,-80.713469
2024-08-26,64,"University Meadows","Ozone","Mecklenburg",35.314158,-80.713469
2024-08-27,156,"University Meadows","Ozone","Mecklenburg",35.314158,-80.713469
2024-08-28,108,"University Meadows","Ozone","Mecklenburg",35.314158,-80.713469
2024-08-29,100,"University Meadows","Ozone","Mecklenburg",35.314158,-80.713469
2024-08-30,50,"University Meadows","Ozone","Mecklenburg",35.314158,-80.713469
2024-08-31,61,"University Meadows","Ozone","Mecklenburg",35.314158,-80.713469
2024-09-01,34,"University Meadows","Ozone","Mecklenburg",35.314158,-80.713469
2024-09-03,37,"University Meadows","Ozone","Mecklenburg",35.314158,-80.713469
2024-09-04,37,"University Meadows","Ozone","Mecklenburg",35.314158,-80.713469
2024-09-05,43,"University Meadows","Ozone","Mecklenburg",35.314158,-80.713469
2024-09-06,41,"University Meadows","Ozone","Mecklenburg",35.314158,-80.713469
2024-09-07,42,"University Meadows","Ozone","Mecklenburg",35.314158,-80.713469
2024-09-08,34,"University Meadows","Ozone","Mecklenburg",35.314158,-80.713469
2024-09-09,40,"University Meadows","Ozone","Mecklenburg",35.314158,-80.713469
2024-09-10,51,"University Meadows","Ozone","Mecklenburg",35.314158,-80.713469
2024-09-11,41,"University Meadows","Ozone","Mecklenburg",35.314158,-80.713469
2024-09-12,44,"University Meadows","Ozone","Mecklenburg",35.314158,-80.713469
2024-09-13,30,"University Meadows","Ozone","Mecklenburg",35.314158,-80.713469
2024-09-14,33,"University Meadows","Ozone","Mecklenburg",35.314158,-80.713469
2024-09-15,28,"University Meadows","Ozone","Mecklenburg",35.314158,-80.713469
2024-09-16,27,"University Meadows","Ozone","Mecklenburg",35.314158,-80.713469
2024-09-17,19,"University Meadows","Ozone","Mecklenburg",35.314158,-80.713469
2024-09-18,33,"University Meadows","Ozone","Mecklenburg",35.314158,-80.713469
2024-09-19,30,"University Meadows","Ozone","Mecklenburg",35.314158,-80.713469
2024-09-20,43,"University Meadows","Ozone","Mecklenburg",35.314158,-80.713469
2024-09-21,61,"University Meadows","Ozone","Mecklenburg",35.314158,-80.713469
2024-09-22,50,"University Meadows","Ozone","Mecklenburg",35.314158,-80.713469
2024-09-23,18,"University Meadows","Ozone","Mecklenburg",35.314158,-80.713469
2024-09-24,36,"University Meadows","Ozone","Mecklenburg",35.314158,-80.713469
2024-09-25,38,"University Meadows","Ozone","Mecklenburg",35.314158,-80.713469
2024-09-26,25,"University Meadows","Ozone","Mecklenburg",35.314158,-80.713469
2024-09-27,28,"University Meadows","Ozone","Mecklenburg",35.314158,-80.713469
2024-09-28,39,"University Meadows","Ozone","Mecklenburg",35.314158,-80.713469
2024-09-29,37,"University Meadows","Ozone","Mecklenburg",35.314158,-80.713469
2024-09-30,38,"University Meadows","Ozone","Mecklenburg",35.314158,-80.713469
2024-10-01,28,"University Meadows","Ozone","Mecklenburg",35.314158,-80.713469
2024-10-02,35,"University Meadows","Ozone","Mecklenburg",35.314158,-80.713469
2024-10-03,35,"University Meadows","Ozone","Mecklenburg",35.314158,-80.713469
2024-10-04,36,"University Meadows","Ozone","Mecklenburg",35.314158,-80.713469
2024-10-05,51,"University Meadows","Ozone","Mecklenburg",35.314158,-80.713469
2024-10-06,35,"University Meadows","Ozone","Mecklenburg",35.314158,-80.713469
2024-10-07,51,"University Meadows","Ozone","Mecklenburg",35.314158,-80.713469
2024-10-08,41,"University Meadows","Ozone","Mecklenburg",35.314158,-80.713469
2024-10-09,41,"University Meadows","Ozone","Mecklenburg",35.314158,-80.713469
2024-10-10,40,"University Meadows","Ozone","Mecklenburg",35.314158,-80.713469
2024-10-11,35,"University Meadows","Ozone","Mecklenburg",35.314158,-80.713469
2024-10-12,47,"University Meadows","Ozone","Mecklenburg",35.314158,-80.713469
2024-10-13,46,"University Meadows","Ozone","Mecklenburg",35.314158,-80.713469
2024-10-14,44,"University Meadows","Ozone","Mecklenburg",35.314158,-80.713469
2024-10-15,31,"University Meadows","Ozone","Mecklenburg",35.314158,-80.713469
2024-10-16,26,"University Meadows","Ozone","Mecklenburg",35.314158,-80.713469
2024-10-17,33,"University Meadows","Ozone","Mecklenburg",35.314158,-80.713469
2024-10-18,35,"University Meadows","Ozone","Mecklenburg",35.314158,-80.713469
2024-10-19,43,"University Meadows","Ozone","Mecklenburg",35.314158,-80.713469
2024-10-20,44,"University Meadows","Ozone","Mecklenburg",35.314158,-80.713469
2024-10-21,41,"University Meadows","Ozone","Mecklenburg",35.314158,-80.713469
2024-10-22,46,"University Meadows","Ozone","Mecklenburg",35.314158,-80.713469
2024-10-23,46,"University Meadows","Ozone","Mecklenburg",35.314158,-80.713469
2024-10-24,48,"University Meadows","Ozone","Mecklenburg",35.314158,-80.713469
2024-10-25,51,"University Meadows","Ozone","Mecklenburg",35.314158,-80.713469
2024-10-26,50,"University Meadows","Ozone","Mecklenburg",35.314158,-80.713469
2024-10-27,31,"University Meadows","Ozone","Mecklenburg",35.314158,-80.713469
2024-10-28,39,"University Meadows","Ozone","Mecklenburg",35.314158,-80.713469
2024-10-29,38,"University Meadows","Ozone","Mecklenburg",35.314158,-80.713469
2024-10-30,38,"University Meadows","Ozone","Mecklenburg",35.314158,-80.713469
2024-01-02,26,"Candor","Ozone","Montgomery",35.2632,-79.8365
2024-01-03,23,"Candor","Ozone","Montgomery",35.2632,-79.8365
2024-01-04,29,"Candor","Ozone","Montgomery",35.2632,-79.8365
2024-01-05,30,"Candor","Ozone","Montgomery",35.2632,-79.8365
2024-01-06,24,"Candor","Ozone","Montgomery",35.2632,-79.8365
2024-01-07,32,"Candor","Ozone","Montgomery",35.2632,-79.8365
2024-01-08,30,"Candor","Ozone","Montgomery",35.2632,-79.8365
2024-01-09,34,"Candor","Ozone","Montgomery",35.2632,-79.8365
2024-01-10,22,"Candor","Ozone","Montgomery",35.2632,-79.8365
2024-01-11,30,"Candor","Ozone","Montgomery",35.2632,-79.8365
2024-01-12,33,"Candor","Ozone","Montgomery",35.2632,-79.8365
2024-01-13,31,"Candor","Ozone","Montgomery",35.2632,-79.8365
2024-01-14,36,"Candor","Ozone","Montgomery",35.2632,-79.8365
2024-01-15,30,"Candor","Ozone","Montgomery",35.2632,-79.8365
2024-01-16,31,"Candor","Ozone","Montgomery",35.2632,-79.8365
2024-01-17,31,"Candor","Ozone","Montgomery",35.2632,-79.8365
2024-01-18,33,"Candor","Ozone","Montgomery",35.2632,-79.8365
2024-01-19,37,"Candor","Ozone","Montgomery",35.2632,-79.8365
2024-01-20,33,"Candor","Ozone","Montgomery",35.2632,-79.8365
2024-01-21,35,"Candor","Ozone","Montgomery",35.2632,-79.8365
2024-01-22,36,"Candor","Ozone","Montgomery",35.2632,-79.8365
2024-01-23,22,"Candor","Ozone","Montgomery",35.2632,-79.8365
2024-01-24,32,"Candor","Ozone","Montgomery",35.2632,-79.8365
2024-01-25,21,"Candor","Ozone","Montgomery",35.2632,-79.8365
2024-01-26,23,"Candor","Ozone","Montgomery",35.2632,-79.8365
2024-01-27,26,"Candor","Ozone","Montgomery",35.2632,-79.8365
2024-01-28,24,"Candor","Ozone","Montgomery",35.2632,-79.8365
2024-01-29,33,"Candor","Ozone","Montgomery",35.2632,-79.8365
2024-01-30,31,"Candor","Ozone","Montgomery",35.2632,-79.8365
2024-01-31,22,"Candor","Ozone","Montgomery",35.2632,-79.8365
2024-02-01,29,"Candor","Ozone","Montgomery",35.2632,-79.8365
2024-02-02,37,"Candor","Ozone","Montgomery",35.2632,-79.8365
2024-02-03,29,"Candor","Ozone","Montgomery",35.2632,-79.8365
2024-02-04,33,"Candor","Ozone","Montgomery",35.2632,-79.8365
2024-02-05,39,"Candor","Ozone","Montgomery",35.2632,-79.8365
2024-02-06,34,"Candor","Ozone","Montgomery",35.2632,-79.8365
2024-02-07,37,"Candor","Ozone","Montgomery",35.2632,-79.8365
2024-02-08,37,"Candor","Ozone","Montgomery",35.2632,-79.8365
2024-02-09,30,"Candor","Ozone","Montgomery",35.2632,-79.8365
2024-02-10,35,"Candor","Ozone","Montgomery",35.2632,-79.8365
2024-02-11,24,"Candor","Ozone","Montgomery",35.2632,-79.8365
2024-02-12,32,"Candor","Ozone","Montgomery",35.2632,-79.8365
2024-02-13,38,"Candor","Ozone","Montgomery",35.2632,-79.8365
2024-02-14,41,"Candor","Ozone","Montgomery",35.2632,-79.8365
2024-02-15,42,"Candor","Ozone","Montgomery",35.2632,-79.8365
2024-02-16,34,"Candor","Ozone","Montgomery",35.2632,-79.8365
2024-02-17,36,"Candor","Ozone","Montgomery",35.2632,-79.8365
2024-02-18,36,"Candor","Ozone","Montgomery",35.2632,-79.8365
2024-02-19,42,"Candor","Ozone","Montgomery",35.2632,-79.8365
2024-02-20,44,"Candor","Ozone","Montgomery",35.2632,-79.8365
2024-02-21,45,"Candor","Ozone","Montgomery",35.2632,-79.8365
2024-02-22,71,"Candor","Ozone","Montgomery",35.2632,-79.8365
2024-02-23,34,"Candor","Ozone","Montgomery",35.2632,-79.8365
2024-02-24,37,"Candor","Ozone","Montgomery",35.2632,-79.8365
2024-02-25,35,"Candor","Ozone","Montgomery",35.2632,-79.8365
2024-02-26,49,"Candor","Ozone","Montgomery",35.2632,-79.8365
2024-02-27,44,"Candor","Ozone","Montgomery",35.2632,-79.8365
2024-02-28,39,"Candor","Ozone","Montgomery",35.2632,-79.8365
2024-02-29,34,"Candor","Ozone","Montgomery",35.2632,-79.8365
2024-03-01,31,"Candor","Ozone","Montgomery",35.2632,-79.8365
2024-03-02,26,"Candor","Ozone","Montgomery",35.2632,-79.8365
2024-03-03,28,"Candor","Ozone","Montgomery",35.2632,-79.8365
2024-03-04,35,"Candor","Ozone","Montgomery",35.2632,-79.8365
2024-03-06,24,"Candor","Ozone","Montgomery",35.2632,-79.8365
2024-03-07,35,"Candor","Ozone","Montgomery",35.2632,-79.8365
2024-03-08,35,"Candor","Ozone","Montgomery",35.2632,-79.8365
2024-03-09,28,"Candor","Ozone","Montgomery",35.2632,-79.8365
2024-03-10,42,"Candor","Ozone","Montgomery",35.2632,-79.8365
2024-03-11,43,"Candor","Ozone","Montgomery",35.2632,-79.8365
2024-03-12,47,"Candor","Ozone","Montgomery",35.2632,-79.8365
2024-03-13,54,"Candor","Ozone","Montgomery",35.2632,-79.8365
2024-03-14,71,"Candor","Ozone","Montgomery",35.2632,-79.8365
2024-03-15,42,"Candor","Ozone","Montgomery",35.2632,-79.8365
2024-03-16,37,"Candor","Ozone","Montgomery",35.2632,-79.8365
2024-03-17,38,"Candor","Ozone","Montgomery",35.2632,-79.8365
2024-03-18,44,"Candor","Ozone","Montgomery",35.2632,-79.8365
2024-03-20,50,"Candor","Ozone","Montgomery",35.2632,-79.8365
2024-03-21,46,"Candor","Ozone","Montgomery",35.2632,-79.8365
2024-03-22,36,"Candor","Ozone","Montgomery",35.2632,-79.8365
2024-03-23,38,"Candor","Ozone","Montgomery",35.2632,-79.8365
2024-03-24,43,"Candor","Ozone","Montgomery",35.2632,-79.8365
2024-03-25,47,"Candor","Ozone","Montgomery",35.2632,-79.8365
2024-03-26,44,"Candor","Ozone","Montgomery",35.2632,-79.8365
2024-03-27,21,"Candor","Ozone","Montgomery",35.2632,-79.8365
2024-03-28,44,"Candor","Ozone","Montgomery",35.2632,-79.8365
2024-03-29,50,"Candor","Ozone","Montgomery",35.2632,-79.8365
2024-03-30,51,"Candor","Ozone","Montgomery",35.2632,-79.8365
2024-03-31,50,"Candor","Ozone","Montgomery",35.2632,-79.8365
2024-04-01,40,"Candor","Ozone","Montgomery",35.2632,-79.8365
2024-04-02,42,"Candor","Ozone","Montgomery",35.2632,-79.8365
2024-04-03,44,"Candor","Ozone","Montgomery",35.2632,-79.8365
2024-04-04,40,"Candor","Ozone","Montgomery",35.2632,-79.8365
2024-04-05,41,"Candor","Ozone","Montgomery",35.2632,-79.8365
2024-04-06,44,"Candor","Ozone","Montgomery",35.2632,-79.8365
2024-04-07,43,"Candor","Ozone","Montgomery",35.2632,-79.8365
2024-04-08,45,"Candor","Ozone","Montgomery",35.2632,-79.8365
2024-04-09,32,"Candor","Ozone","Montgomery",35.2632,-79.8365
2024-04-10,38,"Candor","Ozone","Montgomery",35.2632,-79.8365
2024-04-11,39,"Candor","Ozone","Montgomery",35.2632,-79.8365
2024-04-12,46,"Candor","Ozone","Montgomery",35.2632,-79.8365
2024-04-13,49,"Candor","Ozone","Montgomery",35.2632,-79.8365
2024-04-14,51,"Candor","Ozone","Montgomery",35.2632,-79.8365
2024-04-15,50,"Candor","Ozone","Montgomery",35.2632,-79.8365
2024-04-16,64,"Candor","Ozone","Montgomery",35.2632,-79.8365
2024-04-17,46,"Candor","Ozone","Montgomery",35.2632,-79.8365
2024-04-18,48,"Candor","Ozone","Montgomery",35.2632,-79.8365
2024-04-19,42,"Candor","Ozone","Montgomery",35.2632,-79.8365
2024-04-20,33,"Candor","Ozone","Montgomery",35.2632,-79.8365
2024-04-21,32,"Candor","Ozone","Montgomery",35.2632,-79.8365
2024-04-22,36,"Candor","Ozone","Montgomery",35.2632,-79.8365
2024-04-23,43,"Candor","Ozone","Montgomery",35.2632,-79.8365
2024-04-24,44,"Candor","Ozone","Montgomery",35.2632,-79.8365
2024-04-25,61,"Candor","Ozone","Montgomery",35.2632,-79.8365
2024-04-26,43,"Candor","Ozone","Montgomery",35.2632,-79.8365
2024-04-27,42,"Candor","Ozone","Montgomery",35.2632,-79.8365
2024-04-28,38,"Candor","Ozone","Montgomery",35.2632,-79.8365
2024-04-29,44,"Candor","Ozone","Montgomery",35.2632,-79.8365
2024-05-01,46,"Candor","Ozone","Montgomery",35.2632,-79.8365
2024-05-02,49,"Candor","Ozone","Montgomery",35.2632,-79.8365
2024-05-03,44,"Candor","Ozone","Montgomery",35.2632,-79.8365
2024-05-04,24,"Candor","Ozone","Montgomery",35.2632,-79.8365
2024-05-05,27,"Candor","Ozone","Montgomery",35.2632,-79.8365
2024-05-06,24,"Candor","Ozone","Montgomery",35.2632,-79.8365
2024-05-07,31,"Candor","Ozone","Montgomery",35.2632,-79.8365
2024-05-09,32,"Candor","Ozone","Montgomery",35.2632,-79.8365
2024-05-10,42,"Candor","Ozone","Montgomery",35.2632,-79.8365
2024-05-11,41,"Candor","Ozone","Montgomery",35.2632,-79.8365
2024-05-12,46,"Candor","Ozone","Montgomery",35.2632,-79.8365
2024-05-13,37,"Candor","Ozone","Montgomery",35.2632,-79.8365
2024-05-14,29,"Candor","Ozone","Montgomery",35.2632,-79.8365
2024-05-15,25,"Candor","Ozone","Montgomery",35.2632,-79.8365
2024-05-16,35,"Candor","Ozone","Montgomery",35.2632,-79.8365
2024-05-17,30,"Candor","Ozone","Montgomery",35.2632,-79.8365
2024-05-18,31,"Candor","Ozone","Montgomery",35.2632,-79.8365
2024-05-19,31,"Candor","Ozone","Montgomery",35.2632,-79.8365
2024-05-20,39,"Candor","Ozone","Montgomery",35.2632,-79.8365
2024-05-21,39,"Candor","Ozone","Montgomery",35.2632,-79.8365
2024-05-22,40,"Candor","Ozone","Montgomery",35.2632,-79.8365
2024-05-23,36,"Candor","Ozone","Montgomery",35.2632,-79.8365
2024-05-24,45,"Candor","Ozone","Montgomery",35.2632,-79.8365
2024-05-25,42,"Candor","Ozone","Montgomery",35.2632,-79.8365
2024-05-26,41,"Candor","Ozone","Montgomery",35.2632,-79.8365
2024-05-27,34,"Candor","Ozone","Montgomery",35.2632,-79.8365
2024-05-28,47,"Candor","Ozone","Montgomery",35.2632,-79.8365
2024-05-29,58,"Candor","Ozone","Montgomery",35.2632,-79.8365
2024-05-30,45,"Candor","Ozone","Montgomery",35.2632,-79.8365
2024-05-31,48,"Candor","Ozone","Montgomery",35.2632,-79.8365
2024-06-01,45,"Candor","Ozone","Montgomery",35.2632,-79.8365
2024-06-02,30,"Candor","Ozone","Montgomery",35.2632,-79.8365
2024-06-03,29,"Candor","Ozone","Montgomery",35.2632,-79.8365
2024-06-04,31,"Candor","Ozone","Montgomery",35.2632,-79.8365
2024-06-05,26,"Candor","Ozone","Montgomery",35.2632,-79.8365
2024-06-06,30,"Candor","Ozone","Montgomery",35.2632,-79.8365
2024-06-07,50,"Candor","Ozone","Montgomery",35.2632,-79.8365
2024-06-08,48,"Candor","Ozone","Montgomery",35.2632,-79.8365
2024-06-09,42,"Candor","Ozone","Montgomery",35.2632,-79.8365
2024-06-10,45,"Candor","Ozone","Montgomery",35.2632,-79.8365
2024-06-11,42,"Candor","Ozone","Montgomery",35.2632,-79.8365
2024-06-12,45,"Candor","Ozone","Montgomery",35.2632,-79.8365
2024-06-13,43,"Candor","Ozone","Montgomery",35.2632,-79.8365
2024-06-14,45,"Candor","Ozone","Montgomery",35.2632,-79.8365
2024-06-15,45,"Candor","Ozone","Montgomery",35.2632,-79.8365
2024-06-16,43,"Candor","Ozone","Montgomery",35.2632,-79.8365
2024-06-17,44,"Candor","Ozone","Montgomery",35.2632,-79.8365
2024-06-18,44,"Candor","Ozone","Montgomery",35.2632,-79.8365
2024-06-19,41,"Candor","Ozone","Montgomery",35.2632,-79.8365
2024-06-20,40,"Candor","Ozone","Montgomery",35.2632,-79.8365
2024-06-21,39,"Candor","Ozone","Montgomery",35.2632,-79.8365
2024-06-22,25,"Candor","Ozone","Montgomery",35.2632,-79.8365
2024-06-23,28,"Candor","Ozone","Montgomery",35.2632,-79.8365
2024-06-24,51,"Candor","Ozone","Montgomery",35.2632,-79.8365
2024-06-25,58,"Candor","Ozone","Montgomery",35.2632,-79.8365
2024-06-26,50,"Candor","Ozone","Montgomery",35.2632,-79.8365
2024-06-27,42,"Candor","Ozone","Montgomery",35.2632,-79.8365
2024-06-28,54,"Candor","Ozone","Montgomery",35.2632,-79.8365
2024-06-29,28,"Candor","Ozone","Montgomery",35.2632,-79.8365
2024-06-30,30,"Candor","Ozone","Montgomery",35.2632,-79.8365
2024-07-01,41,"Candor","Ozone","Montgomery",35.2632,-79.8365
2024-07-02,61,"Candor","Ozone","Montgomery",35.2632,-79.8365
2024-07-03,47,"Candor","Ozone","Montgomery",35.2632,-79.8365
2024-07-04,40,"Candor","Ozone","Montgomery",35.2632,-79.8365
2024-07-05,35,"Candor","Ozone","Montgomery",35.2632,-79.8365
2024-07-06,34,"Candor","Ozone","Montgomery",35.2632,-79.8365
2024-07-07,33,"Candor","Ozone","Montgomery",35.2632,-79.8365
2024-07-08,38,"Candor","Ozone","Montgomery",35.2632,-79.8365
2024-07-09,43,"Candor","Ozone","Montgomery",35.2632,-79.8365
2024-07-10,35,"Candor","Ozone","Montgomery",35.2632,-79.8365
2024-07-11,58,"Candor","Ozone","Montgomery",35.2632,-79.8365
2024-07-12,26,"Candor","Ozone","Montgomery",35.2632,-79.8365
2024-07-13,33,"Candor","Ozone","Montgomery",35.2632,-79.8365
2024-07-14,40,"Candor","Ozone","Montgomery",35.2632,-79.8365
2024-07-15,44,"Candor","Ozone","Montgomery",35.2632,-79.8365
2024-07-16,41,"Candor","Ozone","Montgomery",35.2632,-79.8365
2024-07-17,37,"Candor","Ozone","Montgomery",35.2632,-79.8365
2024-07-18,45,"Candor","Ozone","Montgomery",35.2632,-79.8365
2024-07-19,31,"Candor","Ozone","Montgomery",35.2632,-79.8365
2024-07-20,29,"Candor","Ozone","Montgomery",35.2632,-79.8365
2024-07-23,26,"Candor","Ozone","Montgomery",35.2632,-79.8365
2024-07-24,25,"Candor","Ozone","Montgomery",35.2632,-79.8365
2024-07-25,25,"Candor","Ozone","Montgomery",35.2632,-79.8365
2024-07-26,29,"Candor","Ozone","Montgomery",35.2632,-79.8365
2024-07-27,43,"Candor","Ozone","Montgomery",35.2632,-79.8365
2024-07-28,38,"Candor","Ozone","Montgomery",35.2632,-79.8365
2024-07-29,28,"Candor","Ozone","Montgomery",35.2632,-79.8365
2024-07-30,25,"Candor","Ozone","Montgomery",35.2632,-79.8365
2024-07-31,42,"Candor","Ozone","Montgomery",35.2632,-79.8365
2024-08-01,42,"Candor","Ozone","Montgomery",35.2632,-79.8365
2024-08-02,28,"Candor","Ozone","Montgomery",35.2632,-79.8365
2024-08-03,26,"Candor","Ozone","Montgomery",35.2632,-79.8365
2024-08-04,30,"Candor","Ozone","Montgomery",35.2632,-79.8365
2024-08-05,17,"Candor","Ozone","Montgomery",35.2632,-79.8365
2024-08-06,14,"Candor","Ozone","Montgomery",35.2632,-79.8365
2024-08-07,29,"Candor","Ozone","Montgomery",35.2632,-79.8365
2024-08-08,26,"Candor","Ozone","Montgomery",35.2632,-79.8365
2024-08-09,21,"Candor","Ozone","Montgomery",35.2632,-79.8365
2024-08-10,37,"Candor","Ozone","Montgomery",35.2632,-79.8365
2024-08-11,35,"Candor","Ozone","Montgomery",35.2632,-79.8365
2024-08-12,31,"Candor","Ozone","Montgomery",35.2632,-79.8365
2024-08-13,25,"Candor","Ozone","Montgomery",35.2632,-79.8365
2024-08-14,42,"Candor","Ozone","Montgomery",35.2632,-79.8365
2024-08-15,39,"Candor","Ozone","Montgomery",35.2632,-79.8365
2024-08-16,38,"Candor","Ozone","Montgomery",35.2632,-79.8365
2024-08-17,31,"Candor","Ozone","Montgomery",35.2632,-79.8365
2024-08-18,32,"Candor","Ozone","Montgomery",35.2632,-79.8365
2024-08-19,34,"Candor","Ozone","Montgomery",35.2632,-79.8365
2024-08-20,38,"Candor","Ozone","Montgomery",35.2632,-79.8365
2024-08-21,37,"Candor","Ozone","Montgomery",35.2632,-79.8365
2024-08-22,42,"Candor","Ozone","Montgomery",35.2632,-79.8365
2024-08-23,44,"Candor","Ozone","Montgomery",35.2632,-79.8365
2024-08-24,44,"Candor","Ozone","Montgomery",35.2632,-79.8365
2024-08-25,44,"Candor","Ozone","Montgomery",35.2632,-79.8365
2024-08-26,46,"Candor","Ozone","Montgomery",35.2632,-79.8365
2024-08-27,67,"Candor","Ozone","Montgomery",35.2632,-79.8365
2024-08-28,46,"Candor","Ozone","Montgomery",35.2632,-79.8365
2024-08-29,40,"Candor","Ozone","Montgomery",35.2632,-79.8365
2024-08-30,31,"Candor","Ozone","Montgomery",35.2632,-79.8365
2024-08-31,33,"Candor","Ozone","Montgomery",35.2632,-79.8365
2024-09-01,27,"Candor","Ozone","Montgomery",35.2632,-79.8365
2024-09-02,30,"Candor","Ozone","Montgomery",35.2632,-79.8365
2024-09-03,34,"Candor","Ozone","Montgomery",35.2632,-79.8365
2024-09-04,32,"Candor","Ozone","Montgomery",35.2632,-79.8365
2024-09-05,34,"Candor","Ozone","Montgomery",35.2632,-79.8365
2024-09-06,32,"Candor","Ozone","Montgomery",35.2632,-79.8365
2024-09-07,36,"Candor","Ozone","Montgomery",35.2632,-79.8365
2024-09-08,31,"Candor","Ozone","Montgomery",35.2632,-79.8365
2024-09-09,35,"Candor","Ozone","Montgomery",35.2632,-79.8365
2024-09-10,41,"Candor","Ozone","Montgomery",35.2632,-79.8365
2024-09-11,42,"Candor","Ozone","Montgomery",35.2632,-79.8365
2024-09-12,44,"Candor","Ozone","Montgomery",35.2632,-79.8365
2024-09-13,30,"Candor","Ozone","Montgomery",35.2632,-79.8365
2024-09-14,31,"Candor","Ozone","Montgomery",35.2632,-79.8365
2024-09-15,28,"Candor","Ozone","Montgomery",35.2632,-79.8365
2024-09-16,27,"Candor","Ozone","Montgomery",35.2632,-79.8365
2024-09-17,22,"Candor","Ozone","Montgomery",35.2632,-79.8365
2024-09-18,29,"Candor","Ozone","Montgomery",35.2632,-79.8365
2024-09-19,23,"Candor","Ozone","Montgomery",35.2632,-79.8365
2024-09-20,25,"Candor","Ozone","Montgomery",35.2632,-79.8365
2024-09-21,32,"Candor","Ozone","Montgomery",35.2632,-79.8365
2024-09-22,37,"Candor","Ozone","Montgomery",35.2632,-79.8365
2024-09-23,25,"Candor","Ozone","Montgomery",35.2632,-79.8365
2024-09-24,27,"Candor","Ozone","Montgomery",35.2632,-79.8365
2024-09-25,31,"Candor","Ozone","Montgomery",35.2632,-79.8365
2024-09-26,21,"Candor","Ozone","Montgomery",35.2632,-79.8365
2024-09-27,19,"Candor","Ozone","Montgomery",35.2632,-79.8365
2024-09-28,34,"Candor","Ozone","Montgomery",35.2632,-79.8365
2024-09-29,25,"Candor","Ozone","Montgomery",35.2632,-79.8365
2024-09-30,29,"Candor","Ozone","Montgomery",35.2632,-79.8365
2024-10-01,23,"Candor","Ozone","Montgomery",35.2632,-79.8365
2024-10-02,30,"Candor","Ozone","Montgomery",35.2632,-79.8365
2024-10-03,30,"Candor","Ozone","Montgomery",35.2632,-79.8365
2024-10-04,28,"Candor","Ozone","Montgomery",35.2632,-79.8365
2024-10-05,43,"Candor","Ozone","Montgomery",35.2632,-79.8365
2024-10-06,35,"Candor","Ozone","Montgomery",35.2632,-79.8365
2024-10-07,37,"Candor","Ozone","Montgomery",35.2632,-79.8365
2024-10-08,35,"Candor","Ozone","Montgomery",35.2632,-79.8365
2024-10-09,35,"Candor","Ozone","Montgomery",35.2632,-79.8365
2024-10-10,36,"Candor","Ozone","Montgomery",35.2632,-79.8365
2024-10-11,29,"Candor","Ozone","Montgomery",35.2632,-79.8365
2024-10-12,38,"Candor","Ozone","Montgomery",35.2632,-79.8365
2024-10-13,36,"Candor","Ozone","Montgomery",35.2632,-79.8365
2024-10-14,45,"Candor","Ozone","Montgomery",35.2632,-79.8365
2024-10-15,31,"Candor","Ozone","Montgomery",35.2632,-79.8365
2024-10-16,26,"Candor","Ozone","Montgomery",35.2632,-79.8365
2024-10-17,32,"Candor","Ozone","Montgomery",35.2632,-79.8365
2024-10-18,36,"Candor","Ozone","Montgomery",35.2632,-79.8365
2024-10-19,40,"Candor","Ozone","Montgomery",35.2632,-79.8365
2024-10-20,39,"Candor","Ozone","Montgomery",35.2632,-79.8365
2024-10-21,43,"Candor","Ozone","Montgomery",35.2632,-79.8365
2024-10-22,42,"Candor","Ozone","Montgomery",35.2632,-79.8365
2024-10-23,44,"Candor","Ozone","Montgomery",35.2632,-79.8365
2024-10-24,49,"Candor","Ozone","Montgomery",35.2632,-79.8365
2024-10-25,41,"Candor","Ozone","Montgomery",35.2632,-79.8365
2024-10-26,44,"Candor","Ozone","Montgomery",35.2632,-79.8365
2024-10-27,31,"Candor","Ozone","Montgomery",35.2632,-79.8365
2024-10-28,36,"Candor","Ozone","Montgomery",35.2632,-79.8365
2024-10-29,33,"Candor","Ozone","Montgomery",35.2632,-79.8365
2024-10-30,33,"Candor","Ozone","Montgomery",35.2632,-79.8365
2024-10-31,32,"Candor","Ozone","Montgomery",35.2632,-79.8365
2024-11-01,31,"Candor","Ozone","Montgomery",35.2632,-79.8365
2024-11-02,31,"Candor","Ozone","Montgomery",35.2632,-79.8365
2024-11-03,37,"Candor","Ozone","Montgomery",35.2632,-79.8365
2024-11-04,31,"Candor","Ozone","Montgomery",35.2632,-79.8365
2024-11-05,35,"Candor","Ozone","Montgomery",35.2632,-79.8365
2024-11-06,30,"Candor","Ozone","Montgomery",35.2632,-79.8365
2024-11-07,23,"Candor","Ozone","Montgomery",35.2632,-79.8365
2024-11-08,21,"Candor","Ozone","Montgomery",35.2632,-79.8365
2024-11-09,36,"Candor","Ozone","Montgomery",35.2632,-79.8365
2024-11-10,22,"Candor","Ozone","Montgomery",35.2632,-79.8365
2024-11-11,16,"Candor","Ozone","Montgomery",35.2632,-79.8365
2024-11-12,35,"Candor","Ozone","Montgomery",35.2632,-79.8365
2024-11-13,31,"Candor","Ozone","Montgomery",35.2632,-79.8365
2024-11-14,24,"Candor","Ozone","Montgomery",35.2632,-79.8365
2024-11-15,25,"Candor","Ozone","Montgomery",35.2632,-79.8365
2024-11-16,29,"Candor","Ozone","Montgomery",35.2632,-79.8365
2024-11-17,31,"Candor","Ozone","Montgomery",35.2632,-79.8365
2024-11-18,34,"Candor","Ozone","Montgomery",35.2632,-79.8365
2024-11-19,23,"Candor","Ozone","Montgomery",35.2632,-79.8365
2024-11-20,29,"Candor","Ozone","Montgomery",35.2632,-79.8365
2024-11-21,34,"Candor","Ozone","Montgomery",35.2632,-79.8365
2024-11-22,19,"Candor","Ozone","Montgomery",35.2632,-79.8365
2024-11-23,22,"Candor","Ozone","Montgomery",35.2632,-79.8365
2024-11-24,27,"Candor","Ozone","Montgomery",35.2632,-79.8365
2024-11-25,33,"Candor","Ozone","Montgomery",35.2632,-79.8365
2024-11-26,29,"Candor","Ozone","Montgomery",35.2632,-79.8365
2024-11-27,29,"Candor","Ozone","Montgomery",35.2632,-79.8365
2024-11-28,30,"Candor","Ozone","Montgomery",35.2632,-79.8365
2024-11-29,31,"Candor","Ozone","Montgomery",35.2632,-79.8365
2024-11-30,37,"Candor","Ozone","Montgomery",35.2632,-79.8365
2024-12-01,33,"Candor","Ozone","Montgomery",35.2632,-79.8365
2024-12-02,36,"Candor","Ozone","Montgomery",35.2632,-79.8365
2024-12-03,27,"Candor","Ozone","Montgomery",35.2632,-79.8365
2024-12-04,32,"Candor","Ozone","Montgomery",35.2632,-79.8365
2024-12-05,39,"Candor","Ozone","Montgomery",35.2632,-79.8365
2024-12-06,31,"Candor","Ozone","Montgomery",35.2632,-79.8365
2024-12-07,34,"Candor","Ozone","Montgomery",35.2632,-79.8365
2024-12-09,24,"Candor","Ozone","Montgomery",35.2632,-79.8365
2024-12-10,27,"Candor","Ozone","Montgomery",35.2632,-79.8365
2024-12-11,29,"Candor","Ozone","Montgomery",35.2632,-79.8365
2024-12-12,33,"Candor","Ozone","Montgomery",35.2632,-79.8365
2024-12-13,31,"Candor","Ozone","Montgomery",35.2632,-79.8365
2024-12-14,24,"Candor","Ozone","Montgomery",35.2632,-79.8365
2024-12-15,26,"Candor","Ozone","Montgomery",35.2632,-79.8365
2024-12-16,19,"Candor","Ozone","Montgomery",35.2632,-79.8365
2024-12-17,26,"Candor","Ozone","Montgomery",35.2632,-79.8365
2024-12-18,23,"Candor","Ozone","Montgomery",35.2632,-79.8365
2024-12-19,24,"Candor","Ozone","Montgomery",35.2632,-79.8365
2024-12-20,22,"Candor","Ozone","Montgomery",35.2632,-79.8365
2024-12-21,27,"Candor","Ozone","Montgomery",35.2632,-79.8365
2024-12-22,34,"Candor","Ozone","Montgomery",35.2632,-79.8365
2024-12-23,35,"Candor","Ozone","Montgomery",35.2632,-79.8365
2024-12-24,37,"Candor","Ozone","Montgomery",35.2632,-79.8365
2024-12-25,31,"Candor","Ozone","Montgomery",35.2632,-79.8365
2024-12-26,29,"Candor","Ozone","Montgomery",35.2632,-79.8365
2024-12-27,23,"Candor","Ozone","Montgomery",35.2632,-79.8365
2024-12-28,30,"Candor","Ozone","Montgomery",35.2632,-79.8365
2024-12-29,36,"Candor","Ozone","Montgomery",35.2632,-79.8365
2024-12-30,30,"Candor","Ozone","Montgomery",35.2632,-79.8365
2024-03-01,41,"Castle Hayne","Ozone","New Hanover",34.364167,-77.838611
2024-03-02,34,"Castle Hayne","Ozone","New Hanover",34.364167,-77.838611
2024-03-03,29,"Castle Hayne","Ozone","New Hanover",34.364167,-77.838611
2024-03-04,33,"Castle Hayne","Ozone","New Hanover",34.364167,-77.838611
2024-03-05,41,"Castle Hayne","Ozone","New Hanover",34.364167,-77.838611
2024-03-06,26,"Castle Hayne","Ozone","New Hanover",34.364167,-77.838611
2024-03-07,34,"Castle Hayne","Ozone","New Hanover",34.364167,-77.838611
2024-03-08,36,"Castle Hayne","Ozone","New Hanover",34.364167,-77.838611
2024-03-09,34,"Castle Hayne","Ozone","New Hanover",34.364167,-77.838611
2024-03-10,42,"Castle Hayne","Ozone","New Hanover",34.364167,-77.838611
2024-03-11,43,"Castle Hayne","Ozone","New Hanover",34.364167,-77.838611
2024-03-12,50,"Castle Hayne","Ozone","New Hanover",34.364167,-77.838611
2024-03-13,67,"Castle Hayne","Ozone","New Hanover",34.364167,-77.838611
2024-03-14,97,"Castle Hayne","Ozone","New Hanover",34.364167,-77.838611
2024-03-15,54,"Castle Hayne","Ozone","New Hanover",34.364167,-77.838611
2024-03-16,40,"Castle Hayne","Ozone","New Hanover",34.364167,-77.838611
2024-03-17,41,"Castle Hayne","Ozone","New Hanover",34.364167,-77.838611
2024-03-18,42,"Castle Hayne","Ozone","New Hanover",34.364167,-77.838611
2024-03-19,37,"Castle Hayne","Ozone","New Hanover",34.364167,-77.838611
2024-03-20,49,"Castle Hayne","Ozone","New Hanover",34.364167,-77.838611
2024-03-21,43,"Castle Hayne","Ozone","New Hanover",34.364167,-77.838611
2024-03-22,44,"Castle Hayne","Ozone","New Hanover",34.364167,-77.838611
2024-03-23,34,"Castle Hayne","Ozone","New Hanover",34.364167,-77.838611
2024-03-24,44,"Castle Hayne","Ozone","New Hanover",34.364167,-77.838611
2024-03-25,42,"Castle Hayne","Ozone","New Hanover",34.364167,-77.838611
2024-03-26,39,"Castle Hayne","Ozone","New Hanover",34.364167,-77.838611
2024-03-27,35,"Castle Hayne","Ozone","New Hanover",34.364167,-77.838611
2024-03-28,28,"Castle Hayne","Ozone","New Hanover",34.364167,-77.838611
2024-03-29,48,"Castle Hayne","Ozone","New Hanover",34.364167,-77.838611
2024-03-30,64,"Castle Hayne","Ozone","New Hanover",34.364167,-77.838611
2024-03-31,61,"Castle Hayne","Ozone","New Hanover",34.364167,-77.838611
2024-04-01,42,"Castle Hayne","Ozone","New Hanover",34.364167,-77.838611
2024-04-02,43,"Castle Hayne","Ozone","New Hanover",34.364167,-77.838611
2024-04-03,37,"Castle Hayne","Ozone","New Hanover",34.364167,-77.838611
2024-04-04,42,"Castle Hayne","Ozone","New Hanover",34.364167,-77.838611
2024-04-05,43,"Castle Hayne","Ozone","New Hanover",34.364167,-77.838611
2024-04-06,44,"Castle Hayne","Ozone","New Hanover",34.364167,-77.838611
2024-04-07,43,"Castle Hayne","Ozone","New Hanover",34.364167,-77.838611
2024-04-08,46,"Castle Hayne","Ozone","New Hanover",34.364167,-77.838611
2024-04-09,42,"Castle Hayne","Ozone","New Hanover",34.364167,-77.838611
2024-04-10,46,"Castle Hayne","Ozone","New Hanover",34.364167,-77.838611
2024-04-11,40,"Castle Hayne","Ozone","New Hanover",34.364167,-77.838611
2024-04-12,48,"Castle Hayne","Ozone","New Hanover",34.364167,-77.838611
2024-04-13,46,"Castle Hayne","Ozone","New Hanover",34.364167,-77.838611
2024-04-14,58,"Castle Hayne","Ozone","New Hanover",34.364167,-77.838611
2024-04-15,74,"Castle Hayne","Ozone","New Hanover",34.364167,-77.838611
2024-04-16,61,"Castle Hayne","Ozone","New Hanover",34.364167,-77.838611
2024-04-17,49,"Castle Hayne","Ozone","New Hanover",34.364167,-77.838611
2024-04-18,45,"Castle Hayne","Ozone","New Hanover",34.364167,-77.838611
2024-04-19,40,"Castle Hayne","Ozone","New Hanover",34.364167,-77.838611
2024-04-20,38,"Castle Hayne","Ozone","New Hanover",34.364167,-77.838611
2024-04-21,27,"Castle Hayne","Ozone","New Hanover",34.364167,-77.838611
2024-04-22,37,"Castle Hayne","Ozone","New Hanover",34.364167,-77.838611
2024-04-23,51,"Castle Hayne","Ozone","New Hanover",34.364167,-77.838611
2024-04-24,54,"Castle Hayne","Ozone","New Hanover",34.364167,-77.838611
2024-04-25,50,"Castle Hayne","Ozone","New Hanover",34.364167,-77.838611
2024-04-26,47,"Castle Hayne","Ozone","New Hanover",34.364167,-77.838611
2024-04-27,44,"Castle Hayne","Ozone","New Hanover",34.364167,-77.838611
2024-04-28,47,"Castle Hayne","Ozone","New Hanover",34.364167,-77.838611
2024-04-29,44,"Castle Hayne","Ozone","New Hanover",34.364167,-77.838611
2024-04-30,38,"Castle Hayne","Ozone","New Hanover",34.364167,-77.838611
2024-05-01,37,"Castle Hayne","Ozone","New Hanover",34.364167,-77.838611
2024-05-02,41,"Castle Hayne","Ozone","New Hanover",34.364167,-77.838611
2024-05-03,38,"Castle Hayne","Ozone","New Hanover",34.364167,-77.838611
2024-05-04,30,"Castle Hayne","Ozone","New Hanover",34.364167,-77.838611
2024-05-05,29,"Castle Hayne","Ozone","New Hanover",34.364167,-77.838611
2024-05-06,31,"Castle Hayne","Ozone","New Hanover",34.364167,-77.838611
2024-05-07,34,"Castle Hayne","Ozone","New Hanover",34.364167,-77.838611
2024-05-08,36,"Castle Hayne","Ozone","New Hanover",34.364167,-77.838611
2024-05-09,39,"Castle Hayne","Ozone","New Hanover",34.364167,-77.838611
2024-05-10,37,"Castle Hayne","Ozone","New Hanover",34.364167,-77.838611
2024-05-11,33,"Castle Hayne","Ozone","New Hanover",34.364167,-77.838611
2024-05-12,45,"Castle Hayne","Ozone","New Hanover",34.364167,-77.838611
2024-05-13,44,"Castle Hayne","Ozone","New Hanover",34.364167,-77.838611
2024-05-14,43,"Castle Hayne","Ozone","New Hanover",34.364167,-77.838611
2024-05-15,40,"Castle Hayne","Ozone","New Hanover",34.364167,-77.838611
2024-05-16,36,"Castle Hayne","Ozone","New Hanover",34.364167,-77.838611
2024-05-17,37,"Castle Hayne","Ozone","New Hanover",34.364167,-77.838611
2024-05-18,33,"Castle Hayne","Ozone","New Hanover",34.364167,-77.838611
2024-05-19,25,"Castle Hayne","Ozone","New Hanover",34.364167,-77.838611
2024-05-20,29,"Castle Hayne","Ozone","New Hanover",34.364167,-77.838611
2024-05-21,31,"Castle Hayne","Ozone","New Hanover",34.364167,-77.838611
2024-05-22,31,"Castle Hayne","Ozone","New Hanover",34.364167,-77.838611
2024-05-23,42,"Castle Hayne","Ozone","New Hanover",34.364167,-77.838611
2024-05-24,36,"Castle Hayne","Ozone","New Hanover",34.364167,-77.838611
2024-05-25,44,"Castle Hayne","Ozone","New Hanover",34.364167,-77.838611
2024-05-26,44,"Castle Hayne","Ozone","New Hanover",34.364167,-77.838611
2024-05-27,31,"Castle Hayne","Ozone","New Hanover",34.364167,-77.838611
2024-05-28,41,"Castle Hayne","Ozone","New Hanover",34.364167,-77.838611
2024-05-29,48,"Castle Hayne","Ozone","New Hanover",34.364167,-77.838611
2024-05-30,47,"Castle Hayne","Ozone","New Hanover",34.364167,-77.838611
2024-05-31,46,"Castle Hayne","Ozone","New Hanover",34.364167,-77.838611
2024-06-01,51,"Castle Hayne","Ozone","New Hanover",34.364167,-77.838611
2024-06-02,50,"Castle Hayne","Ozone","New Hanover",34.364167,-77.838611
2024-06-03,43,"Castle Hayne","Ozone","New Hanover",34.364167,-77.838611
2024-06-04,41,"Castle Hayne","Ozone","New Hanover",34.364167,-77.838611
2024-06-05,36,"Castle Hayne","Ozone","New Hanover",34.364167,-77.838611
2024-06-06,34,"Castle Hayne","Ozone","New Hanover",34.364167,-77.838611
2024-06-07,42,"Castle Hayne","Ozone","New Hanover",34.364167,-77.838611
2024-06-08,51,"Castle Hayne","Ozone","New Hanover",34.364167,-77.838611
2024-06-09,61,"Castle Hayne","Ozone","New Hanover",34.364167,-77.838611
2024-06-10,31,"Castle Hayne","Ozone","New Hanover",34.364167,-77.838611
2024-06-11,67,"Castle Hayne","Ozone","New Hanover",34.364167,-77.838611
2024-06-12,48,"Castle Hayne","Ozone","New Hanover",34.364167,-77.838611
2024-06-13,47,"Castle Hayne","Ozone","New Hanover",34.364167,-77.838611
2024-06-14,49,"Castle Hayne","Ozone","New Hanover",34.364167,-77.838611
2024-06-15,50,"Castle Hayne","Ozone","New Hanover",34.364167,-77.838611
2024-06-16,64,"Castle Hayne","Ozone","New Hanover",34.364167,-77.838611
2024-06-17,44,"Castle Hayne","Ozone","New Hanover",34.364167,-77.838611
2024-06-18,40,"Castle Hayne","Ozone","New Hanover",34.364167,-77.838611
2024-06-19,41,"Castle Hayne","Ozone","New Hanover",34.364167,-77.838611
2024-06-20,39,"Castle Hayne","Ozone","New Hanover",34.364167,-77.838611
2024-06-21,19,"Castle Hayne","Ozone","New Hanover",34.364167,-77.838611
2024-06-22,19,"Castle Hayne","Ozone","New Hanover",34.364167,-77.838611
2024-06-23,26,"Castle Hayne","Ozone","New Hanover",34.364167,-77.838611
2024-06-24,38,"Castle Hayne","Ozone","New Hanover",34.364167,-77.838611
2024-06-25,43,"Castle Hayne","Ozone","New Hanover",34.364167,-77.838611
2024-06-26,30,"Castle Hayne","Ozone","New Hanover",34.364167,-77.838611
2024-06-27,39,"Castle Hayne","Ozone","New Hanover",34.364167,-77.838611
2024-06-28,45,"Castle Hayne","Ozone","New Hanover",34.364167,-77.838611
2024-06-29,30,"Castle Hayne","Ozone","New Hanover",34.364167,-77.838611
2024-06-30,24,"Castle Hayne","Ozone","New Hanover",34.364167,-77.838611
2024-07-01,30,"Castle Hayne","Ozone","New Hanover",34.364167,-77.838611
2024-07-02,41,"Castle Hayne","Ozone","New Hanover",34.364167,-77.838611
2024-07-03,38,"Castle Hayne","Ozone","New Hanover",34.364167,-77.838611
2024-07-04,37,"Castle Hayne","Ozone","New Hanover",34.364167,-77.838611
2024-07-05,35,"Castle Hayne","Ozone","New Hanover",34.364167,-77.838611
2024-07-06,34,"Castle Hayne","Ozone","New Hanover",34.364167,-77.838611
2024-07-07,31,"Castle Hayne","Ozone","New Hanover",34.364167,-77.838611
2024-07-08,27,"Castle Hayne","Ozone","New Hanover",34.364167,-77.838611
2024-07-09,24,"Castle Hayne","Ozone","New Hanover",34.364167,-77.838611
2024-07-10,29,"Castle Hayne","Ozone","New Hanover",34.364167,-77.838611
2024-07-11,26,"Castle Hayne","Ozone","New Hanover",34.364167,-77.838611
2024-07-12,29,"Castle Hayne","Ozone","New Hanover",34.364167,-77.838611
2024-07-13,35,"Castle Hayne","Ozone","New Hanover",34.364167,-77.838611
2024-07-14,44,"Castle Hayne","Ozone","New Hanover",34.364167,-77.838611
2024-07-15,41,"Castle Hayne","Ozone","New Hanover",34.364167,-77.838611
2024-07-16,40,"Castle Hayne","Ozone","New Hanover",34.364167,-77.838611
2024-07-17,33,"Castle Hayne","Ozone","New Hanover",34.364167,-77.838611
2024-07-18,29,"Castle Hayne","Ozone","New Hanover",34.364167,-77.838611
2024-07-19,22,"Castle Hayne","Ozone","New Hanover",34.364167,-77.838611
2024-07-20,20,"Castle Hayne","Ozone","New Hanover",34.364167,-77.838611
2024-07-21,26,"Castle Hayne","Ozone","New Hanover",34.364167,-77.838611
2024-07-22,18,"Castle Hayne","Ozone","New Hanover",34.364167,-77.838611
2024-07-23,23,"Castle Hayne","Ozone","New Hanover",34.364167,-77.838611
2024-07-24,26,"Castle Hayne","Ozone","New Hanover",34.364167,-77.838611
2024-07-25,18,"Castle Hayne","Ozone","New Hanover",34.364167,-77.838611
2024-07-26,23,"Castle Hayne","Ozone","New Hanover",34.364167,-77.838611
2024-07-27,41,"Castle Hayne","Ozone","New Hanover",34.364167,-77.838611
2024-07-28,45,"Castle Hayne","Ozone","New Hanover",34.364167,-77.838611
2024-07-29,38,"Castle Hayne","Ozone","New Hanover",34.364167,-77.838611
2024-07-30,40,"Castle Hayne","Ozone","New Hanover",34.364167,-77.838611
2024-07-31,44,"Castle Hayne","Ozone","New Hanover",34.364167,-77.838611
2024-08-01,41,"Castle Hayne","Ozone","New Hanover",34.364167,-77.838611
2024-08-02,33,"Castle Hayne","Ozone","New Hanover",34.364167,-77.838611
2024-08-03,19,"Castle Hayne","Ozone","New Hanover",34.364167,-77.838611
2024-08-04,23,"Castle Hayne","Ozone","New Hanover",34.364167,-77.838611
2024-08-06,24,"Castle Hayne","Ozone","New Hanover",34.364167,-77.838611
2024-08-07,37,"Castle Hayne","Ozone","New Hanover",34.364167,-77.838611
2024-08-08,39,"Castle Hayne","Ozone","New Hanover",34.364167,-77.838611
2024-08-09,36,"Castle Hayne","Ozone","New Hanover",34.364167,-77.838611
2024-08-10,37,"Castle Hayne","Ozone","New Hanover",34.364167,-77.838611
2024-08-11,30,"Castle Hayne","Ozone","New Hanover",34.364167,-77.838611
2024-08-12,31,"Castle Hayne","Ozone","New Hanover",34.364167,-77.838611
2024-08-13,43,"Castle Hayne","Ozone","New Hanover",34.364167,-77.838611
2024-08-15,44,"Castle Hayne","Ozone","New Hanover",34.364167,-77.838611
2024-08-16,49,"Castle Hayne","Ozone","New Hanover",34.364167,-77.838611
2024-08-17,44,"Castle Hayne","Ozone","New Hanover",34.364167,-77.838611
2024-08-18,40,"Castle Hayne","Ozone","New Hanover",34.364167,-77.838611
2024-08-19,37,"Castle Hayne","Ozone","New Hanover",34.364167,-77.838611
2024-08-20,32,"Castle Hayne","Ozone","New Hanover",34.364167,-77.838611
2024-08-21,39,"Castle Hayne","Ozone","New Hanover",34.364167,-77.838611
2024-08-22,40,"Castle Hayne","Ozone","New Hanover",34.364167,-77.838611
2024-08-23,35,"Castle Hayne","Ozone","New Hanover",34.364167,-77.838611
2024-08-24,34,"Castle Hayne","Ozone","New Hanover",34.364167,-77.838611
2024-08-25,27,"Castle Hayne","Ozone","New Hanover",34.364167,-77.838611
2024-08-26,23,"Castle Hayne","Ozone","New Hanover",34.364167,-77.838611
2024-08-27,28,"Castle Hayne","Ozone","New Hanover",34.364167,-77.838611
2024-08-28,34,"Castle Hayne","Ozone","New Hanover",34.364167,-77.838611
2024-08-29,34,"Castle Hayne","Ozone","New Hanover",34.364167,-77.838611
2024-08-30,24,"Castle Hayne","Ozone","New Hanover",34.364167,-77.838611
2024-08-31,34,"Castle Hayne","Ozone","New Hanover",34.364167,-77.838611
2024-09-01,26,"Castle Hayne","Ozone","New Hanover",34.364167,-77.838611
2024-09-02,22,"Castle Hayne","Ozone","New Hanover",34.364167,-77.838611
2024-09-03,32,"Castle Hayne","Ozone","New Hanover",34.364167,-77.838611
2024-09-04,32,"Castle Hayne","Ozone","New Hanover",34.364167,-77.838611
2024-09-05,29,"Castle Hayne","Ozone","New Hanover",34.364167,-77.838611
2024-09-06,25,"Castle Hayne","Ozone","New Hanover",34.364167,-77.838611
2024-09-07,22,"Castle Hayne","Ozone","New Hanover",34.364167,-77.838611
2024-09-08,19,"Castle Hayne","Ozone","New Hanover",34.364167,-77.838611
2024-09-09,37,"Castle Hayne","Ozone","New Hanover",34.364167,-77.838611
2024-09-10,40,"Castle Hayne","Ozone","New Hanover",34.364167,-77.838611
2024-09-11,42,"Castle Hayne","Ozone","New Hanover",34.364167,-77.838611
2024-09-12,40,"Castle Hayne","Ozone","New Hanover",34.364167,-77.838611
2024-09-13,24,"Castle Hayne","Ozone","New Hanover",34.364167,-77.838611
2024-09-14,24,"Castle Hayne","Ozone","New Hanover",34.364167,-77.838611
2024-09-15,27,"Castle Hayne","Ozone","New Hanover",34.364167,-77.838611
2024-09-16,32,"Castle Hayne","Ozone","New Hanover",34.364167,-77.838611
2024-09-17,31,"Castle Hayne","Ozone","New Hanover",34.364167,-77.838611
2024-09-19,28,"Castle Hayne","Ozone","New Hanover",34.364167,-77.838611
2024-09-20,35,"Castle Hayne","Ozone","New Hanover",34.364167,-77.838611
2024-09-21,37,"Castle Hayne","Ozone","New Hanover",34.364167,-77.838611
2024-09-22,31,"Castle Hayne","Ozone","New Hanover",34.364167,-77.838611
2024-09-23,35,"Castle Hayne","Ozone","New Hanover",34.364167,-77.838611
2024-09-24,32,"Castle Hayne","Ozone","New Hanover",34.364167,-77.838611
2024-09-25,36,"Castle Hayne","Ozone","New Hanover",34.364167,-77.838611
2024-09-26,28,"Castle Hayne","Ozone","New Hanover",34.364167,-77.838611
2024-09-28,41,"Castle Hayne","Ozone","New Hanover",34.364167,-77.838611
2024-09-29,36,"Castle Hayne","Ozone","New Hanover",34.364167,-77.838611
2024-09-30,36,"Castle Hayne","Ozone","New Hanover",34.364167,-77.838611
2024-10-01,33,"Castle Hayne","Ozone","New Hanover",34.364167,-77.838611
2024-10-02,23,"Castle Hayne","Ozone","New Hanover",34.364167,-77.838611
2024-10-03,28,"Castle Hayne","Ozone","New Hanover",34.364167,-77.838611
2024-10-04,35,"Castle Hayne","Ozone","New Hanover",34.364167,-77.838611
2024-10-05,33,"Castle Hayne","Ozone","New Hanover",34.364167,-77.838611
2024-10-06,44,"Castle Hayne","Ozone","New Hanover",34.364167,-77.838611
2024-10-07,48,"Castle Hayne","Ozone","New Hanover",34.364167,-77.838611
2024-10-08,35,"Castle Hayne","Ozone","New Hanover",34.364167,-77.838611
2024-10-09,33,"Castle Hayne","Ozone","New Hanover",34.364167,-77.838611
2024-10-10,33,"Castle Hayne","Ozone","New Hanover",34.364167,-77.838611
2024-10-11,27,"Castle Hayne","Ozone","New Hanover",34.364167,-77.838611
2024-10-12,38,"Castle Hayne","Ozone","New Hanover",34.364167,-77.838611
2024-10-13,46,"Castle Hayne","Ozone","New Hanover",34.364167,-77.838611
2024-10-14,44,"Castle Hayne","Ozone","New Hanover",34.364167,-77.838611
2024-10-15,31,"Castle Hayne","Ozone","New Hanover",34.364167,-77.838611
2024-10-16,23,"Castle Hayne","Ozone","New Hanover",34.364167,-77.838611
2024-10-17,32,"Castle Hayne","Ozone","New Hanover",34.364167,-77.838611
2024-10-18,34,"Castle Hayne","Ozone","New Hanover",34.364167,-77.838611
2024-10-19,33,"Castle Hayne","Ozone","New Hanover",34.364167,-77.838611
2024-10-20,30,"Castle Hayne","Ozone","New Hanover",34.364167,-77.838611
2024-10-21,36,"Castle Hayne","Ozone","New Hanover",34.364167,-77.838611
2024-10-22,35,"Castle Hayne","Ozone","New Hanover",34.364167,-77.838611
2024-10-23,33,"Castle Hayne","Ozone","New Hanover",34.364167,-77.838611
2024-10-24,47,"Castle Hayne","Ozone","New Hanover",34.364167,-77.838611
2024-10-25,42,"Castle Hayne","Ozone","New Hanover",34.364167,-77.838611
2024-10-26,44,"Castle Hayne","Ozone","New Hanover",34.364167,-77.838611
2024-10-27,29,"Castle Hayne","Ozone","New Hanover",34.364167,-77.838611
2024-10-28,35,"Castle Hayne","Ozone","New Hanover",34.364167,-77.838611
2024-10-29,31,"Castle Hayne","Ozone","New Hanover",34.364167,-77.838611
2024-10-30,40,"Castle Hayne","Ozone","New Hanover",34.364167,-77.838611
2024-10-31,36,"Castle Hayne","Ozone","New Hanover",34.364167,-77.838611
2024-03-01,32,"Bushy Fork","Ozone","Person",36.306965,-79.09197
2024-03-02,30,"Bushy Fork","Ozone","Person",36.306965,-79.09197
2024-03-03,34,"Bushy Fork","Ozone","Person",36.306965,-79.09197
2024-03-04,39,"Bushy Fork","Ozone","Person",36.306965,-79.09197
2024-03-05,35,"Bushy Fork","Ozone","Person",36.306965,-79.09197
2024-03-06,30,"Bushy Fork","Ozone","Person",36.306965,-79.09197
2024-03-07,37,"Bushy Fork","Ozone","Person",36.306965,-79.09197
2024-03-08,34,"Bushy Fork","Ozone","Person",36.306965,-79.09197
2024-03-09,27,"Bushy Fork","Ozone","Person",36.306965,-79.09197
2024-03-10,41,"Bushy Fork","Ozone","Person",36.306965,-79.09197
2024-03-11,43,"Bushy Fork","Ozone","Person",36.306965,-79.09197
2024-03-12,44,"Bushy Fork","Ozone","Person",36.306965,-79.09197
2024-03-13,50,"Bushy Fork","Ozone","Person",36.306965,-79.09197
2024-03-14,77,"Bushy Fork","Ozone","Person",36.306965,-79.09197
2024-03-15,46,"Bushy Fork","Ozone","Person",36.306965,-79.09197
2024-03-16,40,"Bushy Fork","Ozone","Person",36.306965,-79.09197
2024-03-17,44,"Bushy Fork","Ozone","Person",36.306965,-79.09197
2024-03-18,44,"Bushy Fork","Ozone","Person",36.306965,-79.09197
2024-03-19,39,"Bushy Fork","Ozone","Person",36.306965,-79.09197
2024-03-20,47,"Bushy Fork","Ozone","Person",36.306965,-79.09197
2024-03-21,46,"Bushy Fork","Ozone","Person",36.306965,-79.09197
2024-03-22,39,"Bushy Fork","Ozone","Person",36.306965,-79.09197
2024-03-23,38,"Bushy Fork","Ozone","Person",36.306965,-79.09197
2024-03-24,43,"Bushy Fork","Ozone","Person",36.306965,-79.09197
2024-03-25,45,"Bushy Fork","Ozone","Person",36.306965,-79.09197
2024-03-26,41,"Bushy Fork","Ozone","Person",36.306965,-79.09197
2024-03-27,22,"Bushy Fork","Ozone","Person",36.306965,-79.09197
2024-03-28,42,"Bushy Fork","Ozone","Person",36.306965,-79.09197
2024-03-29,50,"Bushy Fork","Ozone","Person",36.306965,-79.09197
2024-03-30,64,"Bushy Fork","Ozone","Person",36.306965,-79.09197
2024-03-31,54,"Bushy Fork","Ozone","Person",36.306965,-79.09197
2024-04-01,46,"Bushy Fork","Ozone","Person",36.306965,-79.09197
2024-04-02,44,"Bushy Fork","Ozone","Person",36.306965,-79.09197
2024-04-03,45,"Bushy Fork","Ozone","Person",36.306965,-79.09197
2024-04-04,39,"Bushy Fork","Ozone","Person",36.306965,-79.09197
2024-04-05,37,"Bushy Fork","Ozone","Person",36.306965,-79.09197
2024-04-06,40,"Bushy Fork","Ozone","Person",36.306965,-79.09197
2024-04-07,44,"Bushy Fork","Ozone","Person",36.306965,-79.09197
2024-04-08,49,"Bushy Fork","Ozone","Person",36.306965,-79.09197
2024-04-09,42,"Bushy Fork","Ozone","Person",36.306965,-79.09197
2024-04-10,33,"Bushy Fork","Ozone","Person",36.306965,-79.09197
2024-04-11,37,"Bushy Fork","Ozone","Person",36.306965,-79.09197
2024-04-12,46,"Bushy Fork","Ozone","Person",36.306965,-79.09197
2024-04-13,47,"Bushy Fork","Ozone","Person",36.306965,-79.09197
2024-04-14,64,"Bushy Fork","Ozone","Person",36.306965,-79.09197
2024-04-15,71,"Bushy Fork","Ozone","Person",36.306965,-79.09197
2024-04-16,45,"Bushy Fork","Ozone","Person",36.306965,-79.09197
2024-04-17,46,"Bushy Fork","Ozone","Person",36.306965,-79.09197
2024-04-18,45,"Bushy Fork","Ozone","Person",36.306965,-79.09197
2024-04-19,34,"Bushy Fork","Ozone","Person",36.306965,-79.09197
2024-04-20,36,"Bushy Fork","Ozone","Person",36.306965,-79.09197
2024-04-21,27,"Bushy Fork","Ozone","Person",36.306965,-79.09197
2024-04-22,41,"Bushy Fork","Ozone","Person",36.306965,-79.09197
2024-04-23,47,"Bushy Fork","Ozone","Person",36.306965,-79.09197
2024-04-24,41,"Bushy Fork","Ozone","Person",36.306965,-79.09197
2024-04-25,47,"Bushy Fork","Ozone","Person",36.306965,-79.09197
2024-04-26,42,"Bushy Fork","Ozone","Person",36.306965,-79.09197
2024-04-27,40,"Bushy Fork","Ozone","Person",36.306965,-79.09197
2024-04-28,42,"Bushy Fork","Ozone","Person",36.306965,-79.09197
2024-04-29,50,"Bushy Fork","Ozone","Person",36.306965,-79.09197
2024-04-30,41,"Bushy Fork","Ozone","Person",36.306965,-79.09197
2024-05-01,44,"Bushy Fork","Ozone","Person",36.306965,-79.09197
2024-05-03,50,"Bushy Fork","Ozone","Person",36.306965,-79.09197
2024-05-04,15,"Bushy Fork","Ozone","Person",36.306965,-79.09197
2024-05-05,19,"Bushy Fork","Ozone","Person",36.306965,-79.09197
2024-05-06,34,"Bushy Fork","Ozone","Person",36.306965,-79.09197
2024-05-07,39,"Bushy Fork","Ozone","Person",36.306965,-79.09197
2024-05-08,38,"Bushy Fork","Ozone","Person",36.306965,-79.09197
2024-05-09,44,"Bushy Fork","Ozone","Person",36.306965,-79.09197
2024-05-10,44,"Bushy Fork","Ozone","Person",36.306965,-79.09197
2024-05-11,41,"Bushy Fork","Ozone","Person",36.306965,-79.09197
2024-05-12,43,"Bushy Fork","Ozone","Person",36.306965,-79.09197
2024-05-13,42,"Bushy Fork","Ozone","Person",36.306965,-79.09197
2024-05-14,34,"Bushy Fork","Ozone","Person",36.306965,-79.09197
2024-05-15,33,"Bushy Fork","Ozone","Person",36.306965,-79.09197
2024-05-16,37,"Bushy Fork","Ozone","Person",36.306965,-79.09197
2024-05-17,35,"Bushy Fork","Ozone","Person",36.306965,-79.09197
2024-05-18,28,"Bushy Fork","Ozone","Person",36.306965,-79.09197
2024-05-19,31,"Bushy Fork","Ozone","Person",36.306965,-79.09197
2024-05-20,38,"Bushy Fork","Ozone","Person",36.306965,-79.09197
2024-05-21,40,"Bushy Fork","Ozone","Person",36.306965,-79.09197
2024-05-22,45,"Bushy Fork","Ozone","Person",36.306965,-79.09197
2024-05-23,45,"Bushy Fork","Ozone","Person",36.306965,-79.09197
2024-05-24,33,"Bushy Fork","Ozone","Person",36.306965,-79.09197
2024-05-25,40,"Bushy Fork","Ozone","Person",36.306965,-79.09197
2024-05-26,42,"Bushy Fork","Ozone","Person",36.306965,-79.09197
2024-05-27,43,"Bushy Fork","Ozone","Person",36.306965,-79.09197
2024-05-28,44,"Bushy Fork","Ozone","Person",36.306965,-79.09197
2024-05-29,49,"Bushy Fork","Ozone","Person",36.306965,-79.09197
2024-05-30,40,"Bushy Fork","Ozone","Person",36.306965,-79.09197
2024-05-31,49,"Bushy Fork","Ozone","Person",36.306965,-79.09197
2024-06-01,49,"Bushy Fork","Ozone","Person",36.306965,-79.09197
2024-06-02,42,"Bushy Fork","Ozone","Person",36.306965,-79.09197
2024-06-03,41,"Bushy Fork","Ozone","Person",36.306965,-79.09197
2024-06-04,39,"Bushy Fork","Ozone","Person",36.306965,-79.09197
2024-06-05,33,"Bushy Fork","Ozone","Person",36.306965,-79.09197
2024-06-07,49,"Bushy Fork","Ozone","Person",36.306965,-79.09197
2024-06-08,61,"Bushy Fork","Ozone","Person",36.306965,-79.09197
2024-06-09,45,"Bushy Fork","Ozone","Person",36.306965,-79.09197
2024-06-10,50,"Bushy Fork","Ozone","Person",36.306965,-79.09197
2024-06-11,41,"Bushy Fork","Ozone","Person",36.306965,-79.09197
2024-06-12,54,"Bushy Fork","Ozone","Person",36.306965,-79.09197
2024-06-13,54,"Bushy Fork","Ozone","Person",36.306965,-79.09197
2024-06-14,54,"Bushy Fork","Ozone","Person",36.306965,-79.09197
2024-06-15,58,"Bushy Fork","Ozone","Person",36.306965,-79.09197
2024-06-16,48,"Bushy Fork","Ozone","Person",36.306965,-79.09197
2024-06-17,43,"Bushy Fork","Ozone","Person",36.306965,-79.09197
2024-06-18,44,"Bushy Fork","Ozone","Person",36.306965,-79.09197
2024-06-19,39,"Bushy Fork","Ozone","Person",36.306965,-79.09197
2024-06-20,37,"Bushy Fork","Ozone","Person",36.306965,-79.09197
2024-06-21,42,"Bushy Fork","Ozone","Person",36.306965,-79.09197
2024-06-22,26,"Bushy Fork","Ozone","Person",36.306965,-79.09197
2024-06-23,28,"Bushy Fork","Ozone","Person",36.306965,-79.09197
2024-06-24,49,"Bushy Fork","Ozone","Person",36.306965,-79.09197
2024-06-25,58,"Bushy Fork","Ozone","Person",36.306965,-79.09197
2024-06-26,61,"Bushy Fork","Ozone","Person",36.306965,-79.09197
2024-06-27,43,"Bushy Fork","Ozone","Person",36.306965,-79.09197
2024-06-28,64,"Bushy Fork","Ozone","Person",36.306965,-79.09197
2024-06-29,41,"Bushy Fork","Ozone","Person",36.306965,-79.09197
2024-07-01,39,"Bushy Fork","Ozone","Person",36.306965,-79.09197
2024-07-02,48,"Bushy Fork","Ozone","Person",36.306965,-79.09197
2024-07-03,46,"Bushy Fork","Ozone","Person",36.306965,-79.09197
2024-07-04,44,"Bushy Fork","Ozone","Person",36.306965,-79.09197
2024-07-05,39,"Bushy Fork","Ozone","Person",36.306965,-79.09197
2024-07-06,39,"Bushy Fork","Ozone","Person",36.306965,-79.09197
2024-07-07,31,"Bushy Fork","Ozone","Person",36.306965,-79.09197
2024-07-08,39,"Bushy Fork","Ozone","Person",36.306965,-79.09197
2024-07-09,42,"Bushy Fork","Ozone","Person",36.306965,-79.09197
2024-07-10,36,"Bushy Fork","Ozone","Person",36.306965,-79.09197
2024-07-11,51,"Bushy Fork","Ozone","Person",36.306965,-79.09197
2024-07-12,22,"Bushy Fork","Ozone","Person",36.306965,-79.09197
2024-07-13,33,"Bushy Fork","Ozone","Person",36.306965,-79.09197
2024-07-14,50,"Bushy Fork","Ozone","Person",36.306965,-79.09197
2024-07-15,46,"Bushy Fork","Ozone","Person",36.306965,-79.09197
2024-07-16,47,"Bushy Fork","Ozone","Person",36.306965,-79.09197
2024-07-17,45,"Bushy Fork","Ozone","Person",36.306965,-79.09197
2024-07-18,39,"Bushy Fork","Ozone","Person",36.306965,-79.09197
2024-07-19,40,"Bushy Fork","Ozone","Person",36.306965,-79.09197
2024-07-20,31,"Bushy Fork","Ozone","Person",36.306965,-79.09197
2024-07-21,37,"Bushy Fork","Ozone","Person",36.306965,-79.09197
2024-07-22,29,"Bushy Fork","Ozone","Person",36.306965,-79.09197
2024-07-23,33,"Bushy Fork","Ozone","Person",36.306965,-79.09197
2024-07-24,36,"Bushy Fork","Ozone","Person",36.306965,-79.09197
2024-07-25,27,"Bushy Fork","Ozone","Person",36.306965,-79.09197
2024-07-26,28,"Bushy Fork","Ozone","Person",36.306965,-79.09197
2024-07-27,40,"Bushy Fork","Ozone","Person",36.306965,-79.09197
2024-07-28,44,"Bushy Fork","Ozone","Person",36.306965,-79.09197
2024-07-29,33,"Bushy Fork","Ozone","Person",36.306965,-79.09197
2024-07-30,32,"Bushy Fork","Ozone","Person",36.306965,-79.09197
2024-07-31,41,"Bushy Fork","Ozone","Person",36.306965,-79.09197
2024-08-01,38,"Bushy Fork","Ozone","Person",36.306965,-79.09197
2024-08-02,38,"Bushy Fork","Ozone","Person",36.306965,-79.09197
2024-08-03,30,"Bushy Fork","Ozone","Person",36.306965,-79.09197
2024-08-04,38,"Bushy Fork","Ozone","Person",36.306965,-79.09197
2024-08-05,37,"Bushy Fork","Ozone","Person",36.306965,-79.09197
2024-08-06,18,"Bushy Fork","Ozone","Person",36.306965,-79.09197
2024-08-07,20,"Bushy Fork","Ozone","Person",36.306965,-79.09197
2024-08-08,26,"Bushy Fork","Ozone","Person",36.306965,-79.09197
2024-08-09,31,"Bushy Fork","Ozone","Person",36.306965,-79.09197
2024-08-10,42,"Bushy Fork","Ozone","Person",36.306965,-79.09197
2024-08-11,43,"Bushy Fork","Ozone","Person",36.306965,-79.09197
2024-08-12,37,"Bushy Fork","Ozone","Person",36.306965,-79.09197
2024-08-13,26,"Bushy Fork","Ozone","Person",36.306965,-79.09197
2024-08-14,39,"Bushy Fork","Ozone","Person",36.306965,-79.09197
2024-08-15,43,"Bushy Fork","Ozone","Person",36.306965,-79.09197
2024-08-16,42,"Bushy Fork","Ozone","Person",36.306965,-79.09197
2024-08-17,36,"Bushy Fork","Ozone","Person",36.306965,-79.09197
2024-08-18,39,"Bushy Fork","Ozone","Person",36.306965,-79.09197
2024-08-19,34,"Bushy Fork","Ozone","Person",36.306965,-79.09197
2024-08-20,33,"Bushy Fork","Ozone","Person",36.306965,-79.09197
2024-08-21,39,"Bushy Fork","Ozone","Person",36.306965,-79.09197
2024-08-22,42,"Bushy Fork","Ozone","Person",36.306965,-79.09197
2024-08-23,39,"Bushy Fork","Ozone","Person",36.306965,-79.09197
2024-08-24,47,"Bushy Fork","Ozone","Person",36.306965,-79.09197
2024-08-25,44,"Bushy Fork","Ozone","Person",36.306965,-79.09197
2024-08-26,54,"Bushy Fork","Ozone","Person",36.306965,-79.09197
2024-08-27,54,"Bushy Fork","Ozone","Person",36.306965,-79.09197
2024-08-28,77,"Bushy Fork","Ozone","Person",36.306965,-79.09197
2024-08-29,48,"Bushy Fork","Ozone","Person",36.306965,-79.09197
2024-08-30,29,"Bushy Fork","Ozone","Person",36.306965,-79.09197
2024-08-31,36,"Bushy Fork","Ozone","Person",36.306965,-79.09197
2024-09-01,36,"Bushy Fork","Ozone","Person",36.306965,-79.09197
2024-09-02,32,"Bushy Fork","Ozone","Person",36.306965,-79.09197
2024-09-03,31,"Bushy Fork","Ozone","Person",36.306965,-79.09197
2024-09-04,30,"Bushy Fork","Ozone","Person",36.306965,-79.09197
2024-09-05,35,"Bushy Fork","Ozone","Person",36.306965,-79.09197
2024-09-06,35,"Bushy Fork","Ozone","Person",36.306965,-79.09197
2024-09-07,39,"Bushy Fork","Ozone","Person",36.306965,-79.09197
2024-09-08,32,"Bushy Fork","Ozone","Person",36.306965,-79.09197
2024-09-09,33,"Bushy Fork","Ozone","Person",36.306965,-79.09197
2024-09-10,38,"Bushy Fork","Ozone","Person",36.306965,-79.09197
2024-09-11,44,"Bushy Fork","Ozone","Person",36.306965,-79.09197
2024-09-12,44,"Bushy Fork","Ozone","Person",36.306965,-79.09197
2024-09-13,23,"Bushy Fork","Ozone","Person",36.306965,-79.09197
2024-09-14,31,"Bushy Fork","Ozone","Person",36.306965,-79.09197
2024-09-15,26,"Bushy Fork","Ozone","Person",36.306965,-79.09197
2024-09-16,25,"Bushy Fork","Ozone","Person",36.306965,-79.09197
2024-09-17,26,"Bushy Fork","Ozone","Person",36.306965,-79.09197
2024-09-18,31,"Bushy Fork","Ozone","Person",36.306965,-79.09197
2024-09-19,21,"Bushy Fork","Ozone","Person",36.306965,-79.09197
2024-09-20,31,"Bushy Fork","Ozone","Person",36.306965,-79.09197
2024-09-21,37,"Bushy Fork","Ozone","Person",36.306965,-79.09197
2024-09-22,29,"Bushy Fork","Ozone","Person",36.306965,-79.09197
2024-09-23,24,"Bushy Fork","Ozone","Person",36.306965,-79.09197
2024-09-24,24,"Bushy Fork","Ozone","Person",36.306965,-79.09197
2024-09-25,33,"Bushy Fork","Ozone","Person",36.306965,-79.09197
2024-09-26,20,"Bushy Fork","Ozone","Person",36.306965,-79.09197
2024-09-27,20,"Bushy Fork","Ozone","Person",36.306965,-79.09197
2024-09-28,37,"Bushy Fork","Ozone","Person",36.306965,-79.09197
2024-09-29,31,"Bushy Fork","Ozone","Person",36.306965,-79.09197
2024-09-30,22,"Bushy Fork","Ozone","Person",36.306965,-79.09197
2024-10-01,16,"Bushy Fork","Ozone","Person",36.306965,-79.09197
2024-10-02,23,"Bushy Fork","Ozone","Person",36.306965,-79.09197
2024-10-03,24,"Bushy Fork","Ozone","Person",36.306965,-79.09197
2024-10-04,31,"Bushy Fork","Ozone","Person",36.306965,-79.09197
2024-10-05,44,"Bushy Fork","Ozone","Person",36.306965,-79.09197
2024-10-06,37,"Bushy Fork","Ozone","Person",36.306965,-79.09197
2024-10-07,39,"Bushy Fork","Ozone","Person",36.306965,-79.09197
2024-10-08,32,"Bushy Fork","Ozone","Person",36.306965,-79.09197
2024-10-09,40,"Bushy Fork","Ozone","Person",36.306965,-79.09197
2024-10-10,34,"Bushy Fork","Ozone","Person",36.306965,-79.09197
2024-10-11,27,"Bushy Fork","Ozone","Person",36.306965,-79.09197
2024-10-12,38,"Bushy Fork","Ozone","Person",36.306965,-79.09197
2024-10-13,44,"Bushy Fork","Ozone","Person",36.306965,-79.09197
2024-10-14,39,"Bushy Fork","Ozone","Person",36.306965,-79.09197
2024-10-15,30,"Bushy Fork","Ozone","Person",36.306965,-79.09197
2024-10-16,25,"Bushy Fork","Ozone","Person",36.306965,-79.09197
2024-10-17,32,"Bushy Fork","Ozone","Person",36.306965,-79.09197
2024-10-18,33,"Bushy Fork","Ozone","Person",36.306965,-79.09197
2024-10-19,38,"Bushy Fork","Ozone","Person",36.306965,-79.09197
2024-10-20,41,"Bushy Fork","Ozone","Person",36.306965,-79.09197
2024-10-21,40,"Bushy Fork","Ozone","Person",36.306965,-79.09197
2024-10-22,43,"Bushy Fork","Ozone","Person",36.306965,-79.09197
2024-10-23,46,"Bushy Fork","Ozone","Person",36.306965,-79.09197
2024-10-24,44,"Bushy Fork","Ozone","Person",36.306965,-79.09197
2024-10-25,44,"Bushy Fork","Ozone","Person",36.306965,-79.09197
2024-10-26,44,"Bushy Fork","Ozone","Person",36.306965,-79.09197
2024-10-27,30,"Bushy Fork","Ozone","Person",36.306965,-79.09197
2024-10-28,35,"Bushy Fork","Ozone","Person",36.306965,-79.09197
2024-10-29,41,"Bushy Fork","Ozone","Person",36.306965,-79.09197
2024-10-30,36,"Bushy Fork","Ozone","Person",36.306965,-79.09197
2024-10-31,35,"Bushy Fork","Ozone","Person",36.306965,-79.09197
2024-03-01,39,"Pitt Agri. Center","Ozone","Pitt",35.6412760008938,-77.360126
2024-03-02,31,"Pitt Agri. Center","Ozone","Pitt",35.6412760008938,-77.360126
2024-03-03,31,"Pitt Agri. Center","Ozone","Pitt",35.6412760008938,-77.360126
2024-03-04,30,"Pitt Agri. Center","Ozone","Pitt",35.6412760008938,-77.360126
2024-03-05,28,"Pitt Agri. Center","Ozone","Pitt",35.6412760008938,-77.360126
2024-03-06,19,"Pitt Agri. Center","Ozone","Pitt",35.6412760008938,-77.360126
2024-03-07,35,"Pitt Agri. Center","Ozone","Pitt",35.6412760008938,-77.360126
2024-03-08,34,"Pitt Agri. Center","Ozone","Pitt",35.6412760008938,-77.360126
2024-03-09,29,"Pitt Agri. Center","Ozone","Pitt",35.6412760008938,-77.360126
2024-03-10,41,"Pitt Agri. Center","Ozone","Pitt",35.6412760008938,-77.360126
2024-03-11,42,"Pitt Agri. Center","Ozone","Pitt",35.6412760008938,-77.360126
2024-03-12,44,"Pitt Agri. Center","Ozone","Pitt",35.6412760008938,-77.360126
2024-03-13,54,"Pitt Agri. Center","Ozone","Pitt",35.6412760008938,-77.360126
2024-03-14,74,"Pitt Agri. Center","Ozone","Pitt",35.6412760008938,-77.360126
2024-03-15,54,"Pitt Agri. Center","Ozone","Pitt",35.6412760008938,-77.360126
2024-03-16,39,"Pitt Agri. Center","Ozone","Pitt",35.6412760008938,-77.360126
2024-03-17,42,"Pitt Agri. Center","Ozone","Pitt",35.6412760008938,-77.360126
2024-03-18,43,"Pitt Agri. Center","Ozone","Pitt",35.6412760008938,-77.360126
2024-03-19,36,"Pitt Agri. Center","Ozone","Pitt",35.6412760008938,-77.360126
2024-03-20,48,"Pitt Agri. Center","Ozone","Pitt",35.6412760008938,-77.360126
2024-03-21,44,"Pitt Agri. Center","Ozone","Pitt",35.6412760008938,-77.360126
2024-03-22,39,"Pitt Agri. Center","Ozone","Pitt",35.6412760008938,-77.360126
2024-03-23,34,"Pitt Agri. Center","Ozone","Pitt",35.6412760008938,-77.360126
2024-03-24,42,"Pitt Agri. Center","Ozone","Pitt",35.6412760008938,-77.360126
2024-03-25,43,"Pitt Agri. Center","Ozone","Pitt",35.6412760008938,-77.360126
2024-03-26,36,"Pitt Agri. Center","Ozone","Pitt",35.6412760008938,-77.360126
2024-03-27,23,"Pitt Agri. Center","Ozone","Pitt",35.6412760008938,-77.360126
2024-03-28,24,"Pitt Agri. Center","Ozone","Pitt",35.6412760008938,-77.360126
2024-03-29,49,"Pitt Agri. Center","Ozone","Pitt",35.6412760008938,-77.360126
2024-03-30,54,"Pitt Agri. Center","Ozone","Pitt",35.6412760008938,-77.360126
2024-03-31,51,"Pitt Agri. Center","Ozone","Pitt",35.6412760008938,-77.360126
2024-04-01,44,"Pitt Agri. Center","Ozone","Pitt",35.6412760008938,-77.360126
2024-04-02,39,"Pitt Agri. Center","Ozone","Pitt",35.6412760008938,-77.360126
2024-04-03,29,"Pitt Agri. Center","Ozone","Pitt",35.6412760008938,-77.360126
2024-04-04,41,"Pitt Agri. Center","Ozone","Pitt",35.6412760008938,-77.360126
2024-04-05,44,"Pitt Agri. Center","Ozone","Pitt",35.6412760008938,-77.360126
2024-04-06,39,"Pitt Agri. Center","Ozone","Pitt",35.6412760008938,-77.360126
2024-04-07,42,"Pitt Agri. Center","Ozone","Pitt",35.6412760008938,-77.360126
2024-04-08,45,"Pitt Agri. Center","Ozone","Pitt",35.6412760008938,-77.360126
2024-04-09,44,"Pitt Agri. Center","Ozone","Pitt",35.6412760008938,-77.360126
2024-04-10,41,"Pitt Agri. Center","Ozone","Pitt",35.6412760008938,-77.360126
2024-04-11,37,"Pitt Agri. Center","Ozone","Pitt",35.6412760008938,-77.360126
2024-04-12,48,"Pitt Agri. Center","Ozone","Pitt",35.6412760008938,-77.360126
2024-04-13,46,"Pitt Agri. Center","Ozone","Pitt",35.6412760008938,-77.360126
2024-04-14,49,"Pitt Agri. Center","Ozone","Pitt",35.6412760008938,-77.360126
2024-04-15,58,"Pitt Agri. Center","Ozone","Pitt",35.6412760008938,-77.360126
2024-04-16,46,"Pitt Agri. Center","Ozone","Pitt",35.6412760008938,-77.360126
2024-04-17,49,"Pitt Agri. Center","Ozone","Pitt",35.6412760008938,-77.360126
2024-04-18,45,"Pitt Agri. Center","Ozone","Pitt",35.6412760008938,-77.360126
2024-04-19,37,"Pitt Agri. Center","Ozone","Pitt",35.6412760008938,-77.360126
2024-04-20,31,"Pitt Agri. Center","Ozone","Pitt",35.6412760008938,-77.360126
2024-04-21,29,"Pitt Agri. Center","Ozone","Pitt",35.6412760008938,-77.360126
2024-04-22,34,"Pitt Agri. Center","Ozone","Pitt",35.6412760008938,-77.360126
2024-04-23,48,"Pitt Agri. Center","Ozone","Pitt",35.6412760008938,-77.360126
2024-04-24,44,"Pitt Agri. Center","Ozone","Pitt",35.6412760008938,-77.360126
2024-04-25,46,"Pitt Agri. Center","Ozone","Pitt",35.6412760008938,-77.360126
2024-04-26,43,"Pitt Agri. Center","Ozone","Pitt",35.6412760008938,-77.360126
2024-04-27,38,"Pitt Agri. Center","Ozone","Pitt",35.6412760008938,-77.360126
2024-04-28,43,"Pitt Agri. Center","Ozone","Pitt",35.6412760008938,-77.360126
2024-04-29,48,"Pitt Agri. Center","Ozone","Pitt",35.6412760008938,-77.360126
2024-04-30,40,"Pitt Agri. Center","Ozone","Pitt",35.6412760008938,-77.360126
2024-05-01,44,"Pitt Agri. Center","Ozone","Pitt",35.6412760008938,-77.360126
2024-05-02,46,"Pitt Agri. Center","Ozone","Pitt",35.6412760008938,-77.360126
2024-05-03,49,"Pitt Agri. Center","Ozone","Pitt",35.6412760008938,-77.360126
2024-05-04,30,"Pitt Agri. Center","Ozone","Pitt",35.6412760008938,-77.360126
2024-05-05,28,"Pitt Agri. Center","Ozone","Pitt",35.6412760008938,-77.360126
2024-05-06,32,"Pitt Agri. Center","Ozone","Pitt",35.6412760008938,-77.360126
2024-05-07,40,"Pitt Agri. Center","Ozone","Pitt",35.6412760008938,-77.360126
2024-05-08,39,"Pitt Agri. Center","Ozone","Pitt",35.6412760008938,-77.360126
2024-05-09,44,"Pitt Agri. Center","Ozone","Pitt",35.6412760008938,-77.360126
2024-05-10,43,"Pitt Agri. Center","Ozone","Pitt",35.6412760008938,-77.360126
2024-05-11,32,"Pitt Agri. Center","Ozone","Pitt",35.6412760008938,-77.360126
2024-05-12,44,"Pitt Agri. Center","Ozone","Pitt",35.6412760008938,-77.360126
2024-05-13,42,"Pitt Agri. Center","Ozone","Pitt",35.6412760008938,-77.360126
2024-05-14,34,"Pitt Agri. Center","Ozone","Pitt",35.6412760008938,-77.360126
2024-05-15,32,"Pitt Agri. Center","Ozone","Pitt",35.6412760008938,-77.360126
2024-05-16,38,"Pitt Agri. Center","Ozone","Pitt",35.6412760008938,-77.360126
2024-05-17,34,"Pitt Agri. Center","Ozone","Pitt",35.6412760008938,-77.360126
2024-05-18,29,"Pitt Agri. Center","Ozone","Pitt",35.6412760008938,-77.360126
2024-05-19,31,"Pitt Agri. Center","Ozone","Pitt",35.6412760008938,-77.360126
2024-05-20,35,"Pitt Agri. Center","Ozone","Pitt",35.6412760008938,-77.360126
2024-05-21,30,"Pitt Agri. Center","Ozone","Pitt",35.6412760008938,-77.360126
2024-05-22,43,"Pitt Agri. Center","Ozone","Pitt",35.6412760008938,-77.360126
2024-05-23,47,"Pitt Agri. Center","Ozone","Pitt",35.6412760008938,-77.360126
2024-05-24,40,"Pitt Agri. Center","Ozone","Pitt",35.6412760008938,-77.360126
2024-05-25,38,"Pitt Agri. Center","Ozone","Pitt",35.6412760008938,-77.360126
2024-05-26,44,"Pitt Agri. Center","Ozone","Pitt",35.6412760008938,-77.360126
2024-05-27,29,"Pitt Agri. Center","Ozone","Pitt",35.6412760008938,-77.360126
2024-05-28,45,"Pitt Agri. Center","Ozone","Pitt",35.6412760008938,-77.360126
2024-05-29,50,"Pitt Agri. Center","Ozone","Pitt",35.6412760008938,-77.360126
2024-05-30,39,"Pitt Agri. Center","Ozone","Pitt",35.6412760008938,-77.360126
2024-05-31,46,"Pitt Agri. Center","Ozone","Pitt",35.6412760008938,-77.360126
2024-06-01,64,"Pitt Agri. Center","Ozone","Pitt",35.6412760008938,-77.360126
2024-06-02,47,"Pitt Agri. Center","Ozone","Pitt",35.6412760008938,-77.360126
2024-06-03,37,"Pitt Agri. Center","Ozone","Pitt",35.6412760008938,-77.360126
2024-06-04,43,"Pitt Agri. Center","Ozone","Pitt",35.6412760008938,-77.360126
2024-06-05,34,"Pitt Agri. Center","Ozone","Pitt",35.6412760008938,-77.360126
2024-06-06,41,"Pitt Agri. Center","Ozone","Pitt",35.6412760008938,-77.360126
2024-06-07,64,"Pitt Agri. Center","Ozone","Pitt",35.6412760008938,-77.360126
2024-06-08,74,"Pitt Agri. Center","Ozone","Pitt",35.6412760008938,-77.360126
2024-06-09,51,"Pitt Agri. Center","Ozone","Pitt",35.6412760008938,-77.360126
2024-06-10,50,"Pitt Agri. Center","Ozone","Pitt",35.6412760008938,-77.360126
2024-06-11,48,"Pitt Agri. Center","Ozone","Pitt",35.6412760008938,-77.360126
2024-06-12,47,"Pitt Agri. Center","Ozone","Pitt",35.6412760008938,-77.360126
2024-06-13,45,"Pitt Agri. Center","Ozone","Pitt",35.6412760008938,-77.360126
2024-06-14,51,"Pitt Agri. Center","Ozone","Pitt",35.6412760008938,-77.360126
2024-06-15,64,"Pitt Agri. Center","Ozone","Pitt",35.6412760008938,-77.360126
2024-06-16,48,"Pitt Agri. Center","Ozone","Pitt",35.6412760008938,-77.360126
2024-06-17,42,"Pitt Agri. Center","Ozone","Pitt",35.6412760008938,-77.360126
2024-06-18,39,"Pitt Agri. Center","Ozone","Pitt",35.6412760008938,-77.360126
2024-06-19,39,"Pitt Agri. Center","Ozone","Pitt",35.6412760008938,-77.360126
2024-06-20,33,"Pitt Agri. Center","Ozone","Pitt",35.6412760008938,-77.360126
2024-06-21,34,"Pitt Agri. Center","Ozone","Pitt",35.6412760008938,-77.360126
2024-06-22,26,"Pitt Agri. Center","Ozone","Pitt",35.6412760008938,-77.360126
2024-06-23,27,"Pitt Agri. Center","Ozone","Pitt",35.6412760008938,-77.360126
2024-06-24,42,"Pitt Agri. Center","Ozone","Pitt",35.6412760008938,-77.360126
2024-06-25,48,"Pitt Agri. Center","Ozone","Pitt",35.6412760008938,-77.360126
2024-06-26,46,"Pitt Agri. Center","Ozone","Pitt",35.6412760008938,-77.360126
2024-06-27,43,"Pitt Agri. Center","Ozone","Pitt",35.6412760008938,-77.360126
2024-06-28,49,"Pitt Agri. Center","Ozone","Pitt",35.6412760008938,-77.360126
2024-06-29,33,"Pitt Agri. Center","Ozone","Pitt",35.6412760008938,-77.360126
2024-06-30,31,"Pitt Agri. Center","Ozone","Pitt",35.6412760008938,-77.360126
2024-07-01,33,"Pitt Agri. Center","Ozone","Pitt",35.6412760008938,-77.360126
2024-07-02,44,"Pitt Agri. Center","Ozone","Pitt",35.6412760008938,-77.360126
2024-07-03,47,"Pitt Agri. Center","Ozone","Pitt",35.6412760008938,-77.360126
2024-07-04,45,"Pitt Agri. Center","Ozone","Pitt",35.6412760008938,-77.360126
2024-07-05,41,"Pitt Agri. Center","Ozone","Pitt",35.6412760008938,-77.360126
2024-07-06,40,"Pitt Agri. Center","Ozone","Pitt",35.6412760008938,-77.360126
2024-07-07,38,"Pitt Agri. Center","Ozone","Pitt",35.6412760008938,-77.360126
2024-07-08,33,"Pitt Agri. Center","Ozone","Pitt",35.6412760008938,-77.360126
2024-07-09,30,"Pitt Agri. Center","Ozone","Pitt",35.6412760008938,-77.360126
2024-07-10,27,"Pitt Agri. Center","Ozone","Pitt",35.6412760008938,-77.360126
2024-07-11,20,"Pitt Agri. Center","Ozone","Pitt",35.6412760008938,-77.360126
2024-07-12,22,"Pitt Agri. Center","Ozone","Pitt",35.6412760008938,-77.360126
2024-07-13,31,"Pitt Agri. Center","Ozone","Pitt",35.6412760008938,-77.360126
2024-07-14,47,"Pitt Agri. Center","Ozone","Pitt",35.6412760008938,-77.360126
2024-07-15,49,"Pitt Agri. Center","Ozone","Pitt",35.6412760008938,-77.360126
2024-07-16,44,"Pitt Agri. Center","Ozone","Pitt",35.6412760008938,-77.360126
2024-07-17,35,"Pitt Agri. Center","Ozone","Pitt",35.6412760008938,-77.360126
2024-07-18,34,"Pitt Agri. Center","Ozone","Pitt",35.6412760008938,-77.360126
2024-07-19,33,"Pitt Agri. Center","Ozone","Pitt",35.6412760008938,-77.360126
2024-07-20,32,"Pitt Agri. Center","Ozone","Pitt",35.6412760008938,-77.360126
2024-07-21,32,"Pitt Agri. Center","Ozone","Pitt",35.6412760008938,-77.360126
2024-07-22,25,"Pitt Agri. Center","Ozone","Pitt",35.6412760008938,-77.360126
2024-07-23,26,"Pitt Agri. Center","Ozone","Pitt",35.6412760008938,-77.360126
2024-07-24,25,"Pitt Agri. Center","Ozone","Pitt",35.6412760008938,-77.360126
2024-07-25,24,"Pitt Agri. Center","Ozone","Pitt",35.6412760008938,-77.360126
2024-07-26,24,"Pitt Agri. Center","Ozone","Pitt",35.6412760008938,-77.360126
2024-07-27,43,"Pitt Agri. Center","Ozone","Pitt",35.6412760008938,-77.360126
2024-07-28,46,"Pitt Agri. Center","Ozone","Pitt",35.6412760008938,-77.360126
2024-07-29,40,"Pitt Agri. Center","Ozone","Pitt",35.6412760008938,-77.360126
2024-07-30,38,"Pitt Agri. Center","Ozone","Pitt",35.6412760008938,-77.360126
2024-07-31,42,"Pitt Agri. Center","Ozone","Pitt",35.6412760008938,-77.360126
2024-08-01,44,"Pitt Agri. Center","Ozone","Pitt",35.6412760008938,-77.360126
2024-08-02,33,"Pitt Agri. Center","Ozone","Pitt",35.6412760008938,-77.360126
2024-08-03,27,"Pitt Agri. Center","Ozone","Pitt",35.6412760008938,-77.360126
2024-08-04,30,"Pitt Agri. Center","Ozone","Pitt",35.6412760008938,-77.360126
2024-08-05,19,"Pitt Agri. Center","Ozone","Pitt",35.6412760008938,-77.360126
2024-08-06,14,"Pitt Agri. Center","Ozone","Pitt",35.6412760008938,-77.360126
2024-08-07,19,"Pitt Agri. Center","Ozone","Pitt",35.6412760008938,-77.360126
2024-08-08,33,"Pitt Agri. Center","Ozone","Pitt",35.6412760008938,-77.360126
2024-08-09,31,"Pitt Agri. Center","Ozone","Pitt",35.6412760008938,-77.360126
2024-08-10,27,"Pitt Agri. Center","Ozone","Pitt",35.6412760008938,-77.360126
2024-08-11,31,"Pitt Agri. Center","Ozone","Pitt",35.6412760008938,-77.360126
2024-08-12,31,"Pitt Agri. Center","Ozone","Pitt",35.6412760008938,-77.360126
2024-08-13,41,"Pitt Agri. Center","Ozone","Pitt",35.6412760008938,-77.360126
2024-08-14,36,"Pitt Agri. Center","Ozone","Pitt",35.6412760008938,-77.360126
2024-08-15,48,"Pitt Agri. Center","Ozone","Pitt",35.6412760008938,-77.360126
2024-08-16,46,"Pitt Agri. Center","Ozone","Pitt",35.6412760008938,-77.360126
2024-08-17,41,"Pitt Agri. Center","Ozone","Pitt",35.6412760008938,-77.360126
2024-08-18,41,"Pitt Agri. Center","Ozone","Pitt",35.6412760008938,-77.360126
2024-08-19,36,"Pitt Agri. Center","Ozone","Pitt",35.6412760008938,-77.360126
2024-08-20,30,"Pitt Agri. Center","Ozone","Pitt",35.6412760008938,-77.360126
2024-08-21,37,"Pitt Agri. Center","Ozone","Pitt",35.6412760008938,-77.360126
2024-08-22,39,"Pitt Agri. Center","Ozone","Pitt",35.6412760008938,-77.360126
2024-08-23,43,"Pitt Agri. Center","Ozone","Pitt",35.6412760008938,-77.360126
2024-08-24,36,"Pitt Agri. Center","Ozone","Pitt",35.6412760008938,-77.360126
2024-08-25,32,"Pitt Agri. Center","Ozone","Pitt",35.6412760008938,-77.360126
2024-08-26,41,"Pitt Agri. Center","Ozone","Pitt",35.6412760008938,-77.360126
2024-08-27,47,"Pitt Agri. Center","Ozone","Pitt",35.6412760008938,-77.360126
2024-08-28,67,"Pitt Agri. Center","Ozone","Pitt",35.6412760008938,-77.360126
2024-08-29,45,"Pitt Agri. Center","Ozone","Pitt",35.6412760008938,-77.360126
2024-08-30,35,"Pitt Agri. Center","Ozone","Pitt",35.6412760008938,-77.360126
2024-08-31,38,"Pitt Agri. Center","Ozone","Pitt",35.6412760008938,-77.360126
2024-09-01,33,"Pitt Agri. Center","Ozone","Pitt",35.6412760008938,-77.360126
2024-09-02,26,"Pitt Agri. Center","Ozone","Pitt",35.6412760008938,-77.360126
2024-09-03,33,"Pitt Agri. Center","Ozone","Pitt",35.6412760008938,-77.360126
2024-09-04,30,"Pitt Agri. Center","Ozone","Pitt",35.6412760008938,-77.360126
2024-09-05,32,"Pitt Agri. Center","Ozone","Pitt",35.6412760008938,-77.360126
2024-09-06,31,"Pitt Agri. Center","Ozone","Pitt",35.6412760008938,-77.360126
2024-09-07,23,"Pitt Agri. Center","Ozone","Pitt",35.6412760008938,-77.360126
2024-09-08,28,"Pitt Agri. Center","Ozone","Pitt",35.6412760008938,-77.360126
2024-09-09,34,"Pitt Agri. Center","Ozone","Pitt",35.6412760008938,-77.360126
2024-09-10,38,"Pitt Agri. Center","Ozone","Pitt",35.6412760008938,-77.360126
2024-09-11,42,"Pitt Agri. Center","Ozone","Pitt",35.6412760008938,-77.360126
2024-09-12,38,"Pitt Agri. Center","Ozone","Pitt",35.6412760008938,-77.360126
2024-09-13,23,"Pitt Agri. Center","Ozone","Pitt",35.6412760008938,-77.360126
2024-09-14,27,"Pitt Agri. Center","Ozone","Pitt",35.6412760008938,-77.360126
2024-09-15,28,"Pitt Agri. Center","Ozone","Pitt",35.6412760008938,-77.360126
2024-09-16,27,"Pitt Agri. Center","Ozone","Pitt",35.6412760008938,-77.360126
2024-09-17,24,"Pitt Agri. Center","Ozone","Pitt",35.6412760008938,-77.360126
2024-09-18,28,"Pitt Agri. Center","Ozone","Pitt",35.6412760008938,-77.360126
2024-09-19,24,"Pitt Agri. Center","Ozone","Pitt",35.6412760008938,-77.360126
2024-09-20,41,"Pitt Agri. Center","Ozone","Pitt",35.6412760008938,-77.360126
2024-09-21,39,"Pitt Agri. Center","Ozone","Pitt",35.6412760008938,-77.360126
2024-09-22,32,"Pitt Agri. Center","Ozone","Pitt",35.6412760008938,-77.360126
2024-09-23,33,"Pitt Agri. Center","Ozone","Pitt",35.6412760008938,-77.360126
2024-09-24,26,"Pitt Agri. Center","Ozone","Pitt",35.6412760008938,-77.360126
2024-09-25,30,"Pitt Agri. Center","Ozone","Pitt",35.6412760008938,-77.360126
2024-09-26,24,"Pitt Agri. Center","Ozone","Pitt",35.6412760008938,-77.360126
2024-09-27,22,"Pitt Agri. Center","Ozone","Pitt",35.6412760008938,-77.360126
2024-09-28,36,"Pitt Agri. Center","Ozone","Pitt",35.6412760008938,-77.360126
2024-09-29,31,"Pitt Agri. Center","Ozone","Pitt",35.6412760008938,-77.360126
2024-09-30,25,"Pitt Agri. Center","Ozone","Pitt",35.6412760008938,-77.360126
2024-10-01,26,"Pitt Agri. Center","Ozone","Pitt",35.6412760008938,-77.360126
2024-10-02,22,"Pitt Agri. Center","Ozone","Pitt",35.6412760008938,-77.360126
2024-10-03,28,"Pitt Agri. Center","Ozone","Pitt",35.6412760008938,-77.360126
2024-10-04,31,"Pitt Agri. Center","Ozone","Pitt",35.6412760008938,-77.360126
2024-10-05,31,"Pitt Agri. Center","Ozone","Pitt",35.6412760008938,-77.360126
2024-10-06,43,"Pitt Agri. Center","Ozone","Pitt",35.6412760008938,-77.360126
2024-10-07,43,"Pitt Agri. Center","Ozone","Pitt",35.6412760008938,-77.360126
2024-10-08,31,"Pitt Agri. Center","Ozone","Pitt",35.6412760008938,-77.360126
2024-10-09,36,"Pitt Agri. Center","Ozone","Pitt",35.6412760008938,-77.360126
2024-10-10,32,"Pitt Agri. Center","Ozone","Pitt",35.6412760008938,-77.360126
2024-10-11,27,"Pitt Agri. Center","Ozone","Pitt",35.6412760008938,-77.360126
2024-10-12,42,"Pitt Agri. Center","Ozone","Pitt",35.6412760008938,-77.360126
2024-10-13,44,"Pitt Agri. Center","Ozone","Pitt",35.6412760008938,-77.360126
2024-10-14,44,"Pitt Agri. Center","Ozone","Pitt",35.6412760008938,-77.360126
2024-10-15,31,"Pitt Agri. Center","Ozone","Pitt",35.6412760008938,-77.360126
2024-10-16,26,"Pitt Agri. Center","Ozone","Pitt",35.6412760008938,-77.360126
2024-10-17,31,"Pitt Agri. Center","Ozone","Pitt",35.6412760008938,-77.360126
2024-10-18,32,"Pitt Agri. Center","Ozone","Pitt",35.6412760008938,-77.360126
2024-10-19,34,"Pitt Agri. Center","Ozone","Pitt",35.6412760008938,-77.360126
2024-10-20,32,"Pitt Agri. Center","Ozone","Pitt",35.6412760008938,-77.360126
2024-10-21,44,"Pitt Agri. Center","Ozone","Pitt",35.6412760008938,-77.360126
2024-10-22,44,"Pitt Agri. Center","Ozone","Pitt",35.6412760008938,-77.360126
2024-10-23,35,"Pitt Agri. Center","Ozone","Pitt",35.6412760008938,-77.360126
2024-10-24,41,"Pitt Agri. Center","Ozone","Pitt",35.6412760008938,-77.360126
2024-10-25,42,"Pitt Agri. Center","Ozone","Pitt",35.6412760008938,-77.360126
2024-10-26,41,"Pitt Agri. Center","Ozone","Pitt",35.6412760008938,-77.360126
2024-10-27,25,"Pitt Agri. Center","Ozone","Pitt",35.6412760008938,-77.360126
2024-10-28,37,"Pitt Agri. Center","Ozone","Pitt",35.6412760008938,-77.360126
2024-10-29,33,"Pitt Agri. Center","Ozone","Pitt",35.6412760008938,-77.360126
2024-10-30,31,"Pitt Agri. Center","Ozone","Pitt",35.6412760008938,-77.360126
2024-10-31,34,"Pitt Agri. Center","Ozone","Pitt",35.6412760008938,-77.360126
2024-11-01,34,"Pitt Agri. Center","Ozone","Pitt",35.6412760008938,-77.360126
2024-11-02,31,"Pitt Agri. Center","Ozone","Pitt",35.6412760008938,-77.360126
2024-11-03,36,"Pitt Agri. Center","Ozone","Pitt",35.6412760008938,-77.360126
2024-03-01,29,"Bethany sch.","Ozone","Rockingham",36.308889,-79.859167
2024-03-02,32,"Bethany sch.","Ozone","Rockingham",36.308889,-79.859167
2024-03-03,35,"Bethany sch.","Ozone","Rockingham",36.308889,-79.859167
2024-03-04,38,"Bethany sch.","Ozone","Rockingham",36.308889,-79.859167
2024-03-05,44,"Bethany sch.","Ozone","Rockingham",36.308889,-79.859167
2024-03-06,24,"Bethany sch.","Ozone","Rockingham",36.308889,-79.859167
2024-03-07,38,"Bethany sch.","Ozone","Rockingham",36.308889,-79.859167
2024-03-08,34,"Bethany sch.","Ozone","Rockingham",36.308889,-79.859167
2024-03-09,25,"Bethany sch.","Ozone","Rockingham",36.308889,-79.859167
2024-03-10,41,"Bethany sch.","Ozone","Rockingham",36.308889,-79.859167
2024-03-11,44,"Bethany sch.","Ozone","Rockingham",36.308889,-79.859167
2024-03-12,44,"Bethany sch.","Ozone","Rockingham",36.308889,-79.859167
2024-03-13,51,"Bethany sch.","Ozone","Rockingham",36.308889,-79.859167
2024-03-14,87,"Bethany sch.","Ozone","Rockingham",36.308889,-79.859167
2024-03-15,42,"Bethany sch.","Ozone","Rockingham",36.308889,-79.859167
2024-03-16,44,"Bethany sch.","Ozone","Rockingham",36.308889,-79.859167
2024-03-17,43,"Bethany sch.","Ozone","Rockingham",36.308889,-79.859167
2024-03-18,44,"Bethany sch.","Ozone","Rockingham",36.308889,-79.859167
2024-03-19,39,"Bethany sch.","Ozone","Rockingham",36.308889,-79.859167
2024-03-20,46,"Bethany sch.","Ozone","Rockingham",36.308889,-79.859167
2024-03-21,48,"Bethany sch.","Ozone","Rockingham",36.308889,-79.859167
2024-03-22,36,"Bethany sch.","Ozone","Rockingham",36.308889,-79.859167
2024-03-23,39,"Bethany sch.","Ozone","Rockingham",36.308889,-79.859167
2024-03-24,44,"Bethany sch.","Ozone","Rockingham",36.308889,-79.859167
2024-03-25,46,"Bethany sch.","Ozone","Rockingham",36.308889,-79.859167
2024-03-26,34,"Bethany sch.","Ozone","Rockingham",36.308889,-79.859167
2024-03-27,24,"Bethany sch.","Ozone","Rockingham",36.308889,-79.859167
2024-03-28,45,"Bethany sch.","Ozone","Rockingham",36.308889,-79.859167
2024-03-29,50,"Bethany sch.","Ozone","Rockingham",36.308889,-79.859167
2024-03-30,64,"Bethany sch.","Ozone","Rockingham",36.308889,-79.859167
2024-03-31,51,"Bethany sch.","Ozone","Rockingham",36.308889,-79.859167
2024-04-01,48,"Bethany sch.","Ozone","Rockingham",36.308889,-79.859167
2024-04-02,49,"Bethany sch.","Ozone","Rockingham",36.308889,-79.859167
2024-04-03,44,"Bethany sch.","Ozone","Rockingham",36.308889,-79.859167
2024-04-04,38,"Bethany sch.","Ozone","Rockingham",36.308889,-79.859167
2024-04-05,38,"Bethany sch.","Ozone","Rockingham",36.308889,-79.859167
2024-04-06,41,"Bethany sch.","Ozone","Rockingham",36.308889,-79.859167
2024-04-07,46,"Bethany sch.","Ozone","Rockingham",36.308889,-79.859167
2024-04-08,61,"Bethany sch.","Ozone","Rockingham",36.308889,-79.859167
2024-04-09,38,"Bethany sch.","Ozone","Rockingham",36.308889,-79.859167
2024-04-10,33,"Bethany sch.","Ozone","Rockingham",36.308889,-79.859167
2024-04-11,39,"Bethany sch.","Ozone","Rockingham",36.308889,-79.859167
2024-04-12,45,"Bethany sch.","Ozone","Rockingham",36.308889,-79.859167
2024-04-13,48,"Bethany sch.","Ozone","Rockingham",36.308889,-79.859167
2024-04-14,67,"Bethany sch.","Ozone","Rockingham",36.308889,-79.859167
2024-04-15,77,"Bethany sch.","Ozone","Rockingham",36.308889,-79.859167
2024-04-16,49,"Bethany sch.","Ozone","Rockingham",36.308889,-79.859167
2024-04-17,64,"Bethany sch.","Ozone","Rockingham",36.308889,-79.859167
2024-04-18,44,"Bethany sch.","Ozone","Rockingham",36.308889,-79.859167
2024-04-19,36,"Bethany sch.","Ozone","Rockingham",36.308889,-79.859167
2024-04-20,39,"Bethany sch.","Ozone","Rockingham",36.308889,-79.859167
2024-04-21,29,"Bethany sch.","Ozone","Rockingham",36.308889,-79.859167
2024-04-22,44,"Bethany sch.","Ozone","Rockingham",36.308889,-79.859167
2024-04-23,50,"Bethany sch.","Ozone","Rockingham",36.308889,-79.859167
2024-04-25,50,"Bethany sch.","Ozone","Rockingham",36.308889,-79.859167
2024-04-26,41,"Bethany sch.","Ozone","Rockingham",36.308889,-79.859167
2024-04-27,50,"Bethany sch.","Ozone","Rockingham",36.308889,-79.859167
2024-04-28,47,"Bethany sch.","Ozone","Rockingham",36.308889,-79.859167
2024-04-29,71,"Bethany sch.","Ozone","Rockingham",36.308889,-79.859167
2024-04-30,45,"Bethany sch.","Ozone","Rockingham",36.308889,-79.859167
2024-05-01,50,"Bethany sch.","Ozone","Rockingham",36.308889,-79.859167
2024-05-02,90,"Bethany sch.","Ozone","Rockingham",36.308889,-79.859167
2024-05-03,64,"Bethany sch.","Ozone","Rockingham",36.308889,-79.859167
2024-05-04,17,"Bethany sch.","Ozone","Rockingham",36.308889,-79.859167
2024-05-05,17,"Bethany sch.","Ozone","Rockingham",36.308889,-79.859167
2024-05-06,36,"Bethany sch.","Ozone","Rockingham",36.308889,-79.859167
2024-05-07,39,"Bethany sch.","Ozone","Rockingham",36.308889,-79.859167
2024-05-08,34,"Bethany sch.","Ozone","Rockingham",36.308889,-79.859167
2024-05-09,46,"Bethany sch.","Ozone","Rockingham",36.308889,-79.859167
2024-05-10,45,"Bethany sch.","Ozone","Rockingham",36.308889,-79.859167
2024-05-11,43,"Bethany sch.","Ozone","Rockingham",36.308889,-79.859167
2024-05-12,45,"Bethany sch.","Ozone","Rockingham",36.308889,-79.859167
2024-05-13,43,"Bethany sch.","Ozone","Rockingham",36.308889,-79.859167
2024-05-14,34,"Bethany sch.","Ozone","Rockingham",36.308889,-79.859167
2024-05-15,34,"Bethany sch.","Ozone","Rockingham",36.308889,-79.859167
2024-05-16,42,"Bethany sch.","Ozone","Rockingham",36.308889,-79.859167
2024-05-17,33,"Bethany sch.","Ozone","Rockingham",36.308889,-79.859167
2024-05-18,30,"Bethany sch.","Ozone","Rockingham",36.308889,-79.859167
2024-05-19,37,"Bethany sch.","Ozone","Rockingham",36.308889,-79.859167
2024-05-20,42,"Bethany sch.","Ozone","Rockingham",36.308889,-79.859167
2024-05-21,47,"Bethany sch.","Ozone","Rockingham",36.308889,-79.859167
2024-05-22,61,"Bethany sch.","Ozone","Rockingham",36.308889,-79.859167
2024-05-23,44,"Bethany sch.","Ozone","Rockingham",36.308889,-79.859167
2024-05-24,39,"Bethany sch.","Ozone","Rockingham",36.308889,-79.859167
2024-05-25,48,"Bethany sch.","Ozone","Rockingham",36.308889,-79.859167
2024-05-26,48,"Bethany sch.","Ozone","Rockingham",36.308889,-79.859167
2024-05-27,50,"Bethany sch.","Ozone","Rockingham",36.308889,-79.859167
2024-05-28,46,"Bethany sch.","Ozone","Rockingham",36.308889,-79.859167
2024-05-29,50,"Bethany sch.","Ozone","Rockingham",36.308889,-79.859167
2024-05-30,42,"Bethany sch.","Ozone","Rockingham",36.308889,-79.859167
2024-05-31,50,"Bethany sch.","Ozone","Rockingham",36.308889,-79.859167
2024-06-01,61,"Bethany sch.","Ozone","Rockingham",36.308889,-79.859167
2024-06-02,45,"Bethany sch.","Ozone","Rockingham",36.308889,-79.859167
2024-06-03,40,"Bethany sch.","Ozone","Rockingham",36.308889,-79.859167
2024-06-04,44,"Bethany sch.","Ozone","Rockingham",36.308889,-79.859167
2024-06-05,40,"Bethany sch.","Ozone","Rockingham",36.308889,-79.859167
2024-06-06,39,"Bethany sch.","Ozone","Rockingham",36.308889,-79.859167
2024-06-07,51,"Bethany sch.","Ozone","Rockingham",36.308889,-79.859167
2024-06-08,61,"Bethany sch.","Ozone","Rockingham",36.308889,-79.859167
2024-06-09,44,"Bethany sch.","Ozone","Rockingham",36.308889,-79.859167
2024-06-10,49,"Bethany sch.","Ozone","Rockingham",36.308889,-79.859167
2024-06-11,44,"Bethany sch.","Ozone","Rockingham",36.308889,-79.859167
2024-06-12,54,"Bethany sch.","Ozone","Rockingham",36.308889,-79.859167
2024-06-13,71,"Bethany sch.","Ozone","Rockingham",36.308889,-79.859167
2024-06-14,58,"Bethany sch.","Ozone","Rockingham",36.308889,-79.859167
2024-06-15,71,"Bethany sch.","Ozone","Rockingham",36.308889,-79.859167
2024-06-16,42,"Bethany sch.","Ozone","Rockingham",36.308889,-79.859167
2024-06-17,48,"Bethany sch.","Ozone","Rockingham",36.308889,-79.859167
2024-06-18,46,"Bethany sch.","Ozone","Rockingham",36.308889,-79.859167
2024-06-19,43,"Bethany sch.","Ozone","Rockingham",36.308889,-79.859167
2024-06-20,40,"Bethany sch.","Ozone","Rockingham",36.308889,-79.859167
2024-06-21,64,"Bethany sch.","Ozone","Rockingham",36.308889,-79.859167
2024-06-22,38,"Bethany sch.","Ozone","Rockingham",36.308889,-79.859167
2024-06-23,37,"Bethany sch.","Ozone","Rockingham",36.308889,-79.859167
2024-06-24,54,"Bethany sch.","Ozone","Rockingham",36.308889,-79.859167
2024-06-25,90,"Bethany sch.","Ozone","Rockingham",36.308889,-79.859167
2024-06-26,100,"Bethany sch.","Ozone","Rockingham",36.308889,-79.859167
2024-06-27,46,"Bethany sch.","Ozone","Rockingham",36.308889,-79.859167
2024-06-28,64,"Bethany sch.","Ozone","Rockingham",36.308889,-79.859167
2024-06-29,41,"Bethany sch.","Ozone","Rockingham",36.308889,-79.859167
2024-06-30,41,"Bethany sch.","Ozone","Rockingham",36.308889,-79.859167
2024-07-01,44,"Bethany sch.","Ozone","Rockingham",36.308889,-79.859167
2024-07-02,61,"Bethany sch.","Ozone","Rockingham",36.308889,-79.859167
2024-07-03,64,"Bethany sch.","Ozone","Rockingham",36.308889,-79.859167
2024-07-04,49,"Bethany sch.","Ozone","Rockingham",36.308889,-79.859167
2024-07-05,45,"Bethany sch.","Ozone","Rockingham",36.308889,-79.859167
2024-07-06,48,"Bethany sch.","Ozone","Rockingham",36.308889,-79.859167
2024-07-07,34,"Bethany sch.","Ozone","Rockingham",36.308889,-79.859167
2024-07-08,61,"Bethany sch.","Ozone","Rockingham",36.308889,-79.859167
2024-07-09,64,"Bethany sch.","Ozone","Rockingham",36.308889,-79.859167
2024-07-10,45,"Bethany sch.","Ozone","Rockingham",36.308889,-79.859167
2024-07-11,61,"Bethany sch.","Ozone","Rockingham",36.308889,-79.859167
2024-07-12,32,"Bethany sch.","Ozone","Rockingham",36.308889,-79.859167
2024-07-13,46,"Bethany sch.","Ozone","Rockingham",36.308889,-79.859167
2024-07-14,61,"Bethany sch.","Ozone","Rockingham",36.308889,-79.859167
2024-07-15,87,"Bethany sch.","Ozone","Rockingham",36.308889,-79.859167
2024-07-16,58,"Bethany sch.","Ozone","Rockingham",36.308889,-79.859167
2024-07-17,58,"Bethany sch.","Ozone","Rockingham",36.308889,-79.859167
2024-07-18,50,"Bethany sch.","Ozone","Rockingham",36.308889,-79.859167
2024-07-19,49,"Bethany sch.","Ozone","Rockingham",36.308889,-79.859167
2024-07-20,35,"Bethany sch.","Ozone","Rockingham",36.308889,-79.859167
2024-07-21,43,"Bethany sch.","Ozone","Rockingham",36.308889,-79.859167
2024-07-22,43,"Bethany sch.","Ozone","Rockingham",36.308889,-79.859167
2024-07-23,44,"Bethany sch.","Ozone","Rockingham",36.308889,-79.859167
2024-07-24,40,"Bethany sch.","Ozone","Rockingham",36.308889,-79.859167
2024-07-25,27,"Bethany sch.","Ozone","Rockingham",36.308889,-79.859167
2024-07-26,36,"Bethany sch.","Ozone","Rockingham",36.308889,-79.859167
2024-07-27,47,"Bethany sch.","Ozone","Rockingham",36.308889,-79.859167
2024-07-28,47,"Bethany sch.","Ozone","Rockingham",36.308889,-79.859167
2024-07-29,38,"Bethany sch.","Ozone","Rockingham",36.308889,-79.859167
2024-07-30,47,"Bethany sch.","Ozone","Rockingham",36.308889,-79.859167
2024-07-31,51,"Bethany sch.","Ozone","Rockingham",36.308889,-79.859167
2024-08-01,44,"Bethany sch.","Ozone","Rockingham",36.308889,-79.859167
2024-08-02,40,"Bethany sch.","Ozone","Rockingham",36.308889,-79.859167
2024-08-03,37,"Bethany sch.","Ozone","Rockingham",36.308889,-79.859167
2024-08-04,44,"Bethany sch.","Ozone","Rockingham",36.308889,-79.859167
2024-08-05,40,"Bethany sch.","Ozone","Rockingham",36.308889,-79.859167
2024-08-06,23,"Bethany sch.","Ozone","Rockingham",36.308889,-79.859167
2024-08-07,23,"Bethany sch.","Ozone","Rockingham",36.308889,-79.859167
2024-08-08,31,"Bethany sch.","Ozone","Rockingham",36.308889,-79.859167
2024-08-09,35,"Bethany sch.","Ozone","Rockingham",36.308889,-79.859167
2024-08-10,44,"Bethany sch.","Ozone","Rockingham",36.308889,-79.859167
2024-08-11,45,"Bethany sch.","Ozone","Rockingham",36.308889,-79.859167
2024-08-12,39,"Bethany sch.","Ozone","Rockingham",36.308889,-79.859167
2024-08-13,33,"Bethany sch.","Ozone","Rockingham",36.308889,-79.859167
2024-08-14,43,"Bethany sch.","Ozone","Rockingham",36.308889,-79.859167
2024-08-15,41,"Bethany sch.","Ozone","Rockingham",36.308889,-79.859167
2024-08-16,47,"Bethany sch.","Ozone","Rockingham",36.308889,-79.859167
2024-08-17,43,"Bethany sch.","Ozone","Rockingham",36.308889,-79.859167
2024-08-18,39,"Bethany sch.","Ozone","Rockingham",36.308889,-79.859167
2024-08-19,31,"Bethany sch.","Ozone","Rockingham",36.308889,-79.859167
2024-08-20,38,"Bethany sch.","Ozone","Rockingham",36.308889,-79.859167
2024-08-21,44,"Bethany sch.","Ozone","Rockingham",36.308889,-79.859167
2024-08-22,43,"Bethany sch.","Ozone","Rockingham",36.308889,-79.859167
2024-08-23,44,"Bethany sch.","Ozone","Rockingham",36.308889,-79.859167
2024-08-24,45,"Bethany sch.","Ozone","Rockingham",36.308889,-79.859167
2024-08-25,48,"Bethany sch.","Ozone","Rockingham",36.308889,-79.859167
2024-08-26,97,"Bethany sch.","Ozone","Rockingham",36.308889,-79.859167
2024-08-27,49,"Bethany sch.","Ozone","Rockingham",36.308889,-79.859167
2024-08-28,84,"Bethany sch.","Ozone","Rockingham",36.308889,-79.859167
2024-08-29,50,"Bethany sch.","Ozone","Rockingham",36.308889,-79.859167
2024-08-30,45,"Bethany sch.","Ozone","Rockingham",36.308889,-79.859167
2024-08-31,44,"Bethany sch.","Ozone","Rockingham",36.308889,-79.859167
2024-09-01,38,"Bethany sch.","Ozone","Rockingham",36.308889,-79.859167
2024-09-02,36,"Bethany sch.","Ozone","Rockingham",36.308889,-79.859167
2024-09-03,34,"Bethany sch.","Ozone","Rockingham",36.308889,-79.859167
2024-09-04,40,"Bethany sch.","Ozone","Rockingham",36.308889,-79.859167
2024-09-05,41,"Bethany sch.","Ozone","Rockingham",36.308889,-79.859167
2024-09-06,43,"Bethany sch.","Ozone","Rockingham",36.308889,-79.859167
2024-09-07,37,"Bethany sch.","Ozone","Rockingham",36.308889,-79.859167
2024-09-08,38,"Bethany sch.","Ozone","Rockingham",36.308889,-79.859167
2024-09-09,39,"Bethany sch.","Ozone","Rockingham",36.308889,-79.859167
2024-09-10,45,"Bethany sch.","Ozone","Rockingham",36.308889,-79.859167
2024-09-11,49,"Bethany sch.","Ozone","Rockingham",36.308889,-79.859167
2024-09-12,49,"Bethany sch.","Ozone","Rockingham",36.308889,-79.859167
2024-09-13,31,"Bethany sch.","Ozone","Rockingham",36.308889,-79.859167
2024-09-14,32,"Bethany sch.","Ozone","Rockingham",36.308889,-79.859167
2024-09-15,31,"Bethany sch.","Ozone","Rockingham",36.308889,-79.859167
2024-09-16,31,"Bethany sch.","Ozone","Rockingham",36.308889,-79.859167
2024-09-17,26,"Bethany sch.","Ozone","Rockingham",36.308889,-79.859167
2024-09-18,35,"Bethany sch.","Ozone","Rockingham",36.308889,-79.859167
2024-09-19,29,"Bethany sch.","Ozone","Rockingham",36.308889,-79.859167
2024-09-20,32,"Bethany sch.","Ozone","Rockingham",36.308889,-79.859167
2024-09-21,44,"Bethany sch.","Ozone","Rockingham",36.308889,-79.859167
2024-09-22,41,"Bethany sch.","Ozone","Rockingham",36.308889,-79.859167
2024-09-23,20,"Bethany sch.","Ozone","Rockingham",36.308889,-79.859167
2024-09-24,26,"Bethany sch.","Ozone","Rockingham",36.308889,-79.859167
2024-09-25,35,"Bethany sch.","Ozone","Rockingham",36.308889,-79.859167
2024-09-26,23,"Bethany sch.","Ozone","Rockingham",36.308889,-79.859167
2024-09-27,27,"Bethany sch.","Ozone","Rockingham",36.308889,-79.859167
2024-09-28,41,"Bethany sch.","Ozone","Rockingham",36.308889,-79.859167
2024-09-29,35,"Bethany sch.","Ozone","Rockingham",36.308889,-79.859167
2024-09-30,30,"Bethany sch.","Ozone","Rockingham",36.308889,-79.859167
2024-10-01,26,"Bethany sch.","Ozone","Rockingham",36.308889,-79.859167
2024-10-02,31,"Bethany sch.","Ozone","Rockingham",36.308889,-79.859167
2024-10-03,27,"Bethany sch.","Ozone","Rockingham",36.308889,-79.859167
2024-10-04,30,"Bethany sch.","Ozone","Rockingham",36.308889,-79.859167
2024-10-05,61,"Bethany sch.","Ozone","Rockingham",36.308889,-79.859167
2024-10-06,41,"Bethany sch.","Ozone","Rockingham",36.308889,-79.859167
2024-10-07,42,"Bethany sch.","Ozone","Rockingham",36.308889,-79.859167
2024-10-08,36,"Bethany sch.","Ozone","Rockingham",36.308889,-79.859167
2024-10-09,45,"Bethany sch.","Ozone","Rockingham",36.308889,-79.859167
2024-10-10,38,"Bethany sch.","Ozone","Rockingham",36.308889,-79.859167
2024-10-11,29,"Bethany sch.","Ozone","Rockingham",36.308889,-79.859167
2024-10-12,39,"Bethany sch.","Ozone","Rockingham",36.308889,-79.859167
2024-10-13,54,"Bethany sch.","Ozone","Rockingham",36.308889,-79.859167
2024-10-14,40,"Bethany sch.","Ozone","Rockingham",36.308889,-79.859167
2024-10-15,31,"Bethany sch.","Ozone","Rockingham",36.308889,-79.859167
2024-10-16,29,"Bethany sch.","Ozone","Rockingham",36.308889,-79.859167
2024-10-17,35,"Bethany sch.","Ozone","Rockingham",36.308889,-79.859167
2024-10-18,38,"Bethany sch.","Ozone","Rockingham",36.308889,-79.859167
2024-10-19,43,"Bethany sch.","Ozone","Rockingham",36.308889,-79.859167
2024-10-20,42,"Bethany sch.","Ozone","Rockingham",36.308889,-79.859167
2024-10-21,44,"Bethany sch.","Ozone","Rockingham",36.308889,-79.859167
2024-10-22,49,"Bethany sch.","Ozone","Rockingham",36.308889,-79.859167
2024-10-23,46,"Bethany sch.","Ozone","Rockingham",36.308889,-79.859167
2024-10-24,47,"Bethany sch.","Ozone","Rockingham",36.308889,-79.859167
2024-10-25,54,"Bethany sch.","Ozone","Rockingham",36.308889,-79.859167
2024-10-26,45,"Bethany sch.","Ozone","Rockingham",36.308889,-79.859167
2024-10-27,31,"Bethany sch.","Ozone","Rockingham",36.308889,-79.859167
2024-10-28,37,"Bethany sch.","Ozone","Rockingham",36.308889,-79.859167
2024-10-29,47,"Bethany sch.","Ozone","Rockingham",36.308889,-79.859167
2024-10-30,40,"Bethany sch.","Ozone","Rockingham",36.308889,-79.859167
2024-10-31,40,"Bethany sch.","Ozone","Rockingham",36.308889,-79.859167
2024-01-01,27,"Rockwell","Ozone","Rowan",35.551868,-80.395039
2024-01-02,26,"Rockwell","Ozone","Rowan",35.551868,-80.395039
2024-01-03,24,"Rockwell","Ozone","Rowan",35.551868,-80.395039
2024-01-04,28,"Rockwell","Ozone","Rowan",35.551868,-80.395039
2024-01-05,25,"Rockwell","Ozone","Rowan",35.551868,-80.395039
2024-01-06,22,"Rockwell","Ozone","Rowan",35.551868,-80.395039
2024-01-07,32,"Rockwell","Ozone","Rowan",35.551868,-80.395039
2024-01-08,30,"Rockwell","Ozone","Rowan",35.551868,-80.395039
2024-01-09,34,"Rockwell","Ozone","Rowan",35.551868,-80.395039
2024-01-12,31,"Rockwell","Ozone","Rowan",35.551868,-80.395039
2024-01-13,32,"Rockwell","Ozone","Rowan",35.551868,-80.395039
2024-01-14,36,"Rockwell","Ozone","Rowan",35.551868,-80.395039
2024-01-15,19,"Rockwell","Ozone","Rowan",35.551868,-80.395039
2024-01-16,30,"Rockwell","Ozone","Rowan",35.551868,-80.395039
2024-01-17,31,"Rockwell","Ozone","Rowan",35.551868,-80.395039
2024-01-18,32,"Rockwell","Ozone","Rowan",35.551868,-80.395039
2024-01-19,33,"Rockwell","Ozone","Rowan",35.551868,-80.395039
2024-01-20,31,"Rockwell","Ozone","Rowan",35.551868,-80.395039
2024-01-21,32,"Rockwell","Ozone","Rowan",35.551868,-80.395039
2024-01-22,34,"Rockwell","Ozone","Rowan",35.551868,-80.395039
2024-01-23,15,"Rockwell","Ozone","Rowan",35.551868,-80.395039
2024-01-24,26,"Rockwell","Ozone","Rowan",35.551868,-80.395039
2024-01-25,22,"Rockwell","Ozone","Rowan",35.551868,-80.395039
2024-01-26,26,"Rockwell","Ozone","Rowan",35.551868,-80.395039
2024-01-27,25,"Rockwell","Ozone","Rowan",35.551868,-80.395039
2024-01-28,24,"Rockwell","Ozone","Rowan",35.551868,-80.395039
2024-01-29,33,"Rockwell","Ozone","Rowan",35.551868,-80.395039
2024-01-30,31,"Rockwell","Ozone","Rowan",35.551868,-80.395039
2024-01-31,25,"Rockwell","Ozone","Rowan",35.551868,-80.395039
2024-02-01,26,"Rockwell","Ozone","Rowan",35.551868,-80.395039
2024-02-02,37,"Rockwell","Ozone","Rowan",35.551868,-80.395039
2024-02-03,28,"Rockwell","Ozone","Rowan",35.551868,-80.395039
2024-02-04,33,"Rockwell","Ozone","Rowan",35.551868,-80.395039
2024-02-05,37,"Rockwell","Ozone","Rowan",35.551868,-80.395039
2024-02-06,31,"Rockwell","Ozone","Rowan",35.551868,-80.395039
2024-02-07,35,"Rockwell","Ozone","Rowan",35.551868,-80.395039
2024-02-08,39,"Rockwell","Ozone","Rowan",35.551868,-80.395039
2024-02-09,27,"Rockwell","Ozone","Rowan",35.551868,-80.395039
2024-02-10,34,"Rockwell","Ozone","Rowan",35.551868,-80.395039
2024-02-11,21,"Rockwell","Ozone","Rowan",35.551868,-80.395039
2024-02-12,32,"Rockwell","Ozone","Rowan",35.551868,-80.395039
2024-02-13,36,"Rockwell","Ozone","Rowan",35.551868,-80.395039
2024-02-14,39,"Rockwell","Ozone","Rowan",35.551868,-80.395039
2024-02-16,35,"Rockwell","Ozone","Rowan",35.551868,-80.395039
2024-02-17,36,"Rockwell","Ozone","Rowan",35.551868,-80.395039
2024-02-18,33,"Rockwell","Ozone","Rowan",35.551868,-80.395039
2024-02-19,41,"Rockwell","Ozone","Rowan",35.551868,-80.395039
2024-02-20,42,"Rockwell","Ozone","Rowan",35.551868,-80.395039
2024-02-21,44,"Rockwell","Ozone","Rowan",35.551868,-80.395039
2024-02-22,58,"Rockwell","Ozone","Rowan",35.551868,-80.395039
2024-02-23,35,"Rockwell","Ozone","Rowan",35.551868,-80.395039
2024-02-24,35,"Rockwell","Ozone","Rowan",35.551868,-80.395039
2024-02-25,37,"Rockwell","Ozone","Rowan",35.551868,-80.395039
2024-02-26,47,"Rockwell","Ozone","Rowan",35.551868,-80.395039
2024-02-27,39,"Rockwell","Ozone","Rowan",35.551868,-80.395039
2024-02-28,36,"Rockwell","Ozone","Rowan",35.551868,-80.395039
2024-02-29,35,"Rockwell","Ozone","Rowan",35.551868,-80.395039
2024-03-01,27,"Rockwell","Ozone","Rowan",35.551868,-80.395039
2024-03-02,33,"Rockwell","Ozone","Rowan",35.551868,-80.395039
2024-03-03,32,"Rockwell","Ozone","Rowan",35.551868,-80.395039
2024-03-04,37,"Rockwell","Ozone","Rowan",35.551868,-80.395039
2024-03-05,38,"Rockwell","Ozone","Rowan",35.551868,-80.395039
2024-03-06,27,"Rockwell","Ozone","Rowan",35.551868,-80.395039
2024-03-07,37,"Rockwell","Ozone","Rowan",35.551868,-80.395039
2024-03-08,31,"Rockwell","Ozone","Rowan",35.551868,-80.395039
2024-03-09,23,"Rockwell","Ozone","Rowan",35.551868,-80.395039
2024-03-10,40,"Rockwell","Ozone","Rowan",35.551868,-80.395039
2024-03-11,42,"Rockwell","Ozone","Rowan",35.551868,-80.395039
2024-03-12,42,"Rockwell","Ozone","Rowan",35.551868,-80.395039
2024-03-13,54,"Rockwell","Ozone","Rowan",35.551868,-80.395039
2024-03-14,77,"Rockwell","Ozone","Rowan",35.551868,-80.395039
2024-03-15,34,"Rockwell","Ozone","Rowan",35.551868,-80.395039
2024-03-16,40,"Rockwell","Ozone","Rowan",35.551868,-80.395039
2024-03-17,41,"Rockwell","Ozone","Rowan",35.551868,-80.395039
2024-03-18,42,"Rockwell","Ozone","Rowan",35.551868,-80.395039
2024-03-19,37,"Rockwell","Ozone","Rowan",35.551868,-80.395039
2024-03-20,46,"Rockwell","Ozone","Rowan",35.551868,-80.395039
2024-03-21,47,"Rockwell","Ozone","Rowan",35.551868,-80.395039
2024-03-22,31,"Rockwell","Ozone","Rowan",35.551868,-80.395039
2024-03-23,39,"Rockwell","Ozone","Rowan",35.551868,-80.395039
2024-03-24,43,"Rockwell","Ozone","Rowan",35.551868,-80.395039
2024-03-25,45,"Rockwell","Ozone","Rowan",35.551868,-80.395039
2024-03-26,34,"Rockwell","Ozone","Rowan",35.551868,-80.395039
2024-03-27,22,"Rockwell","Ozone","Rowan",35.551868,-80.395039
2024-03-28,43,"Rockwell","Ozone","Rowan",35.551868,-80.395039
2024-03-29,47,"Rockwell","Ozone","Rowan",35.551868,-80.395039
2024-03-30,54,"Rockwell","Ozone","Rowan",35.551868,-80.395039
2024-03-31,50,"Rockwell","Ozone","Rowan",35.551868,-80.395039
2024-04-01,43,"Rockwell","Ozone","Rowan",35.551868,-80.395039
2024-04-02,42,"Rockwell","Ozone","Rowan",35.551868,-80.395039
2024-04-03,44,"Rockwell","Ozone","Rowan",35.551868,-80.395039
2024-04-04,38,"Rockwell","Ozone","Rowan",35.551868,-80.395039
2024-04-05,37,"Rockwell","Ozone","Rowan",35.551868,-80.395039
2024-04-06,42,"Rockwell","Ozone","Rowan",35.551868,-80.395039
2024-04-07,44,"Rockwell","Ozone","Rowan",35.551868,-80.395039
2024-04-08,47,"Rockwell","Ozone","Rowan",35.551868,-80.395039
2024-04-09,37,"Rockwell","Ozone","Rowan",35.551868,-80.395039
2024-04-10,34,"Rockwell","Ozone","Rowan",35.551868,-80.395039
2024-04-11,33,"Rockwell","Ozone","Rowan",35.551868,-80.395039
2024-04-12,45,"Rockwell","Ozone","Rowan",35.551868,-80.395039
2024-04-13,46,"Rockwell","Ozone","Rowan",35.551868,-80.395039
2024-04-14,58,"Rockwell","Ozone","Rowan",35.551868,-80.395039
2024-04-15,64,"Rockwell","Ozone","Rowan",35.551868,-80.395039
2024-04-16,54,"Rockwell","Ozone","Rowan",35.551868,-80.395039
2024-04-17,47,"Rockwell","Ozone","Rowan",35.551868,-80.395039
2024-04-18,45,"Rockwell","Ozone","Rowan",35.551868,-80.395039
2024-04-19,50,"Rockwell","Ozone","Rowan",35.551868,-80.395039
2024-04-20,35,"Rockwell","Ozone","Rowan",35.551868,-80.395039
2024-04-21,31,"Rockwell","Ozone","Rowan",35.551868,-80.395039
2024-04-22,38,"Rockwell","Ozone","Rowan",35.551868,-80.395039
2024-04-23,44,"Rockwell","Ozone","Rowan",35.551868,-80.395039
2024-04-24,42,"Rockwell","Ozone","Rowan",35.551868,-80.395039
2024-04-25,54,"Rockwell","Ozone","Rowan",35.551868,-80.395039
2024-04-26,36,"Rockwell","Ozone","Rowan",35.551868,-80.395039
2024-04-27,41,"Rockwell","Ozone","Rowan",35.551868,-80.395039
2024-04-28,42,"Rockwell","Ozone","Rowan",35.551868,-80.395039
2024-04-29,48,"Rockwell","Ozone","Rowan",35.551868,-80.395039
2024-04-30,40,"Rockwell","Ozone","Rowan",35.551868,-80.395039
2024-05-01,46,"Rockwell","Ozone","Rowan",35.551868,-80.395039
2024-05-02,58,"Rockwell","Ozone","Rowan",35.551868,-80.395039
2024-05-03,48,"Rockwell","Ozone","Rowan",35.551868,-80.395039
2024-05-04,22,"Rockwell","Ozone","Rowan",35.551868,-80.395039
2024-05-05,28,"Rockwell","Ozone","Rowan",35.551868,-80.395039
2024-05-06,32,"Rockwell","Ozone","Rowan",35.551868,-80.395039
2024-05-07,40,"Rockwell","Ozone","Rowan",35.551868,-80.395039
2024-05-08,34,"Rockwell","Ozone","Rowan",35.551868,-80.395039
2024-05-09,42,"Rockwell","Ozone","Rowan",35.551868,-80.395039
2024-05-10,44,"Rockwell","Ozone","Rowan",35.551868,-80.395039
2024-05-11,42,"Rockwell","Ozone","Rowan",35.551868,-80.395039
2024-05-12,46,"Rockwell","Ozone","Rowan",35.551868,-80.395039
2024-05-13,41,"Rockwell","Ozone","Rowan",35.551868,-80.395039
2024-05-14,23,"Rockwell","Ozone","Rowan",35.551868,-80.395039
2024-05-15,34,"Rockwell","Ozone","Rowan",35.551868,-80.395039
2024-05-16,39,"Rockwell","Ozone","Rowan",35.551868,-80.395039
2024-05-17,35,"Rockwell","Ozone","Rowan",35.551868,-80.395039
2024-05-18,34,"Rockwell","Ozone","Rowan",35.551868,-80.395039
2024-05-19,36,"Rockwell","Ozone","Rowan",35.551868,-80.395039
2024-05-20,44,"Rockwell","Ozone","Rowan",35.551868,-80.395039
2024-05-21,44,"Rockwell","Ozone","Rowan",35.551868,-80.395039
2024-05-22,46,"Rockwell","Ozone","Rowan",35.551868,-80.395039
2024-05-23,58,"Rockwell","Ozone","Rowan",35.551868,-80.395039
2024-05-24,44,"Rockwell","Ozone","Rowan",35.551868,-80.395039
2024-05-25,54,"Rockwell","Ozone","Rowan",35.551868,-80.395039
2024-05-26,43,"Rockwell","Ozone","Rowan",35.551868,-80.395039
2024-05-27,46,"Rockwell","Ozone","Rowan",35.551868,-80.395039
2024-05-28,46,"Rockwell","Ozone","Rowan",35.551868,-80.395039
2024-05-29,50,"Rockwell","Ozone","Rowan",35.551868,-80.395039
2024-05-30,44,"Rockwell","Ozone","Rowan",35.551868,-80.395039
2024-05-31,50,"Rockwell","Ozone","Rowan",35.551868,-80.395039
2024-06-01,48,"Rockwell","Ozone","Rowan",35.551868,-80.395039
2024-06-02,40,"Rockwell","Ozone","Rowan",35.551868,-80.395039
2024-06-03,44,"Rockwell","Ozone","Rowan",35.551868,-80.395039
2024-06-04,38,"Rockwell","Ozone","Rowan",35.551868,-80.395039
2024-06-05,31,"Rockwell","Ozone","Rowan",35.551868,-80.395039
2024-06-06,41,"Rockwell","Ozone","Rowan",35.551868,-80.395039
2024-06-07,61,"Rockwell","Ozone","Rowan",35.551868,-80.395039
2024-06-08,74,"Rockwell","Ozone","Rowan",35.551868,-80.395039
2024-06-09,44,"Rockwell","Ozone","Rowan",35.551868,-80.395039
2024-06-10,50,"Rockwell","Ozone","Rowan",35.551868,-80.395039
2024-06-11,46,"Rockwell","Ozone","Rowan",35.551868,-80.395039
2024-06-12,51,"Rockwell","Ozone","Rowan",35.551868,-80.395039
2024-06-13,48,"Rockwell","Ozone","Rowan",35.551868,-80.395039
2024-06-14,77,"Rockwell","Ozone","Rowan",35.551868,-80.395039
2024-06-15,64,"Rockwell","Ozone","Rowan",35.551868,-80.395039
2024-06-16,41,"Rockwell","Ozone","Rowan",35.551868,-80.395039
2024-06-17,38,"Rockwell","Ozone","Rowan",35.551868,-80.395039
2024-06-18,38,"Rockwell","Ozone","Rowan",35.551868,-80.395039
2024-06-21,38,"Rockwell","Ozone","Rowan",35.551868,-80.395039
2024-06-22,28,"Rockwell","Ozone","Rowan",35.551868,-80.395039
2024-06-23,31,"Rockwell","Ozone","Rowan",35.551868,-80.395039
2024-06-24,51,"Rockwell","Ozone","Rowan",35.551868,-80.395039
2024-06-25,64,"Rockwell","Ozone","Rowan",35.551868,-80.395039
2024-06-26,67,"Rockwell","Ozone","Rowan",35.551868,-80.395039
2024-06-27,45,"Rockwell","Ozone","Rowan",35.551868,-80.395039
2024-06-28,48,"Rockwell","Ozone","Rowan",35.551868,-80.395039
2024-06-29,34,"Rockwell","Ozone","Rowan",35.551868,-80.395039
2024-06-30,37,"Rockwell","Ozone","Rowan",35.551868,-80.395039
2024-07-01,47,"Rockwell","Ozone","Rowan",35.551868,-80.395039
2024-07-02,47,"Rockwell","Ozone","Rowan",35.551868,-80.395039
2024-07-03,74,"Rockwell","Ozone","Rowan",35.551868,-80.395039
2024-07-04,41,"Rockwell","Ozone","Rowan",35.551868,-80.395039
2024-07-05,39,"Rockwell","Ozone","Rowan",35.551868,-80.395039
2024-07-06,40,"Rockwell","Ozone","Rowan",35.551868,-80.395039
2024-07-07,36,"Rockwell","Ozone","Rowan",35.551868,-80.395039
2024-07-08,39,"Rockwell","Ozone","Rowan",35.551868,-80.395039
2024-07-09,45,"Rockwell","Ozone","Rowan",35.551868,-80.395039
2024-07-10,44,"Rockwell","Ozone","Rowan",35.551868,-80.395039
2024-07-11,67,"Rockwell","Ozone","Rowan",35.551868,-80.395039
2024-07-12,29,"Rockwell","Ozone","Rowan",35.551868,-80.395039
2024-07-13,47,"Rockwell","Ozone","Rowan",35.551868,-80.395039
2024-07-14,48,"Rockwell","Ozone","Rowan",35.551868,-80.395039
2024-07-15,61,"Rockwell","Ozone","Rowan",35.551868,-80.395039
2024-07-16,46,"Rockwell","Ozone","Rowan",35.551868,-80.395039
2024-07-17,50,"Rockwell","Ozone","Rowan",35.551868,-80.395039
2024-07-18,46,"Rockwell","Ozone","Rowan",35.551868,-80.395039
2024-07-19,36,"Rockwell","Ozone","Rowan",35.551868,-80.395039
2024-07-20,38,"Rockwell","Ozone","Rowan",35.551868,-80.395039
2024-07-21,29,"Rockwell","Ozone","Rowan",35.551868,-80.395039
2024-07-22,32,"Rockwell","Ozone","Rowan",35.551868,-80.395039
2024-07-23,35,"Rockwell","Ozone","Rowan",35.551868,-80.395039
2024-07-24,40,"Rockwell","Ozone","Rowan",35.551868,-80.395039
2024-07-25,31,"Rockwell","Ozone","Rowan",35.551868,-80.395039
2024-07-26,31,"Rockwell","Ozone","Rowan",35.551868,-80.395039
2024-07-27,42,"Rockwell","Ozone","Rowan",35.551868,-80.395039
2024-07-28,40,"Rockwell","Ozone","Rowan",35.551868,-80.395039
2024-07-29,23,"Rockwell","Ozone","Rowan",35.551868,-80.395039
2024-07-30,43,"Rockwell","Ozone","Rowan",35.551868,-80.395039
2024-07-31,48,"Rockwell","Ozone","Rowan",35.551868,-80.395039
2024-08-01,46,"Rockwell","Ozone","Rowan",35.551868,-80.395039
2024-08-02,35,"Rockwell","Ozone","Rowan",35.551868,-80.395039
2024-08-03,31,"Rockwell","Ozone","Rowan",35.551868,-80.395039
2024-08-04,41,"Rockwell","Ozone","Rowan",35.551868,-80.395039
2024-08-05,31,"Rockwell","Ozone","Rowan",35.551868,-80.395039
2024-08-06,17,"Rockwell","Ozone","Rowan",35.551868,-80.395039
2024-08-07,29,"Rockwell","Ozone","Rowan",35.551868,-80.395039
2024-08-08,27,"Rockwell","Ozone","Rowan",35.551868,-80.395039
2024-08-09,39,"Rockwell","Ozone","Rowan",35.551868,-80.395039
2024-08-10,44,"Rockwell","Ozone","Rowan",35.551868,-80.395039
2024-08-11,42,"Rockwell","Ozone","Rowan",35.551868,-80.395039
2024-08-12,43,"Rockwell","Ozone","Rowan",35.551868,-80.395039
2024-08-13,30,"Rockwell","Ozone","Rowan",35.551868,-80.395039
2024-08-14,44,"Rockwell","Ozone","Rowan",35.551868,-80.395039
2024-08-15,39,"Rockwell","Ozone","Rowan",35.551868,-80.395039
2024-08-16,51,"Rockwell","Ozone","Rowan",35.551868,-80.395039
2024-08-17,38,"Rockwell","Ozone","Rowan",35.551868,-80.395039
2024-08-18,41,"Rockwell","Ozone","Rowan",35.551868,-80.395039
2024-08-19,37,"Rockwell","Ozone","Rowan",35.551868,-80.395039
2024-08-20,40,"Rockwell","Ozone","Rowan",35.551868,-80.395039
2024-08-21,41,"Rockwell","Ozone","Rowan",35.551868,-80.395039
2024-08-22,38,"Rockwell","Ozone","Rowan",35.551868,-80.395039
2024-08-23,41,"Rockwell","Ozone","Rowan",35.551868,-80.395039
2024-08-24,44,"Rockwell","Ozone","Rowan",35.551868,-80.395039
2024-08-25,45,"Rockwell","Ozone","Rowan",35.551868,-80.395039
2024-08-26,49,"Rockwell","Ozone","Rowan",35.551868,-80.395039
2024-08-27,97,"Rockwell","Ozone","Rowan",35.551868,-80.395039
2024-08-28,90,"Rockwell","Ozone","Rowan",35.551868,-80.395039
2024-08-29,71,"Rockwell","Ozone","Rowan",35.551868,-80.395039
2024-08-30,50,"Rockwell","Ozone","Rowan",35.551868,-80.395039
2024-08-31,42,"Rockwell","Ozone","Rowan",35.551868,-80.395039
2024-09-01,36,"Rockwell","Ozone","Rowan",35.551868,-80.395039
2024-09-02,37,"Rockwell","Ozone","Rowan",35.551868,-80.395039
2024-09-03,36,"Rockwell","Ozone","Rowan",35.551868,-80.395039
2024-09-05,42,"Rockwell","Ozone","Rowan",35.551868,-80.395039
2024-09-06,36,"Rockwell","Ozone","Rowan",35.551868,-80.395039
2024-09-07,38,"Rockwell","Ozone","Rowan",35.551868,-80.395039
2024-09-08,34,"Rockwell","Ozone","Rowan",35.551868,-80.395039
2024-09-09,35,"Rockwell","Ozone","Rowan",35.551868,-80.395039
2024-09-13,29,"Rockwell","Ozone","Rowan",35.551868,-80.395039
2024-09-14,31,"Rockwell","Ozone","Rowan",35.551868,-80.395039
2024-09-15,28,"Rockwell","Ozone","Rowan",35.551868,-80.395039
2024-09-16,26,"Rockwell","Ozone","Rowan",35.551868,-80.395039
2024-09-17,24,"Rockwell","Ozone","Rowan",35.551868,-80.395039
2024-09-18,31,"Rockwell","Ozone","Rowan",35.551868,-80.395039
2024-09-19,29,"Rockwell","Ozone","Rowan",35.551868,-80.395039
2024-09-20,36,"Rockwell","Ozone","Rowan",35.551868,-80.395039
2024-09-21,44,"Rockwell","Ozone","Rowan",35.551868,-80.395039
2024-09-22,46,"Rockwell","Ozone","Rowan",35.551868,-80.395039
2024-09-23,19,"Rockwell","Ozone","Rowan",35.551868,-80.395039
2024-09-24,30,"Rockwell","Ozone","Rowan",35.551868,-80.395039
2024-09-25,35,"Rockwell","Ozone","Rowan",35.551868,-80.395039
2024-09-26,24,"Rockwell","Ozone","Rowan",35.551868,-80.395039
2024-09-27,25,"Rockwell","Ozone","Rowan",35.551868,-80.395039
2024-09-28,37,"Rockwell","Ozone","Rowan",35.551868,-80.395039
2024-09-29,34,"Rockwell","Ozone","Rowan",35.551868,-80.395039
2024-09-30,28,"Rockwell","Ozone","Rowan",35.551868,-80.395039
2024-10-01,29,"Rockwell","Ozone","Rowan",35.551868,-80.395039
2024-10-02,35,"Rockwell","Ozone","Rowan",35.551868,-80.395039
2024-10-03,31,"Rockwell","Ozone","Rowan",35.551868,-80.395039
2024-10-04,30,"Rockwell","Ozone","Rowan",35.551868,-80.395039
2024-10-05,48,"Rockwell","Ozone","Rowan",35.551868,-80.395039
2024-10-06,28,"Rockwell","Ozone","Rowan",35.551868,-80.395039
2024-10-07,44,"Rockwell","Ozone","Rowan",35.551868,-80.395039
2024-10-08,42,"Rockwell","Ozone","Rowan",35.551868,-80.395039
2024-10-09,45,"Rockwell","Ozone","Rowan",35.551868,-80.395039
2024-10-10,40,"Rockwell","Ozone","Rowan",35.551868,-80.395039
2024-10-11,33,"Rockwell","Ozone","Rowan",35.551868,-80.395039
2024-10-12,47,"Rockwell","Ozone","Rowan",35.551868,-80.395039
2024-10-13,47,"Rockwell","Ozone","Rowan",35.551868,-80.395039
2024-10-14,44,"Rockwell","Ozone","Rowan",35.551868,-80.395039
2024-10-15,31,"Rockwell","Ozone","Rowan",35.551868,-80.395039
2024-10-16,26,"Rockwell","Ozone","Rowan",35.551868,-80.395039
2024-10-17,33,"Rockwell","Ozone","Rowan",35.551868,-80.395039
2024-10-18,38,"Rockwell","Ozone","Rowan",35.551868,-80.395039
2024-10-19,41,"Rockwell","Ozone","Rowan",35.551868,-80.395039
2024-10-20,43,"Rockwell","Ozone","Rowan",35.551868,-80.395039
2024-10-21,43,"Rockwell","Ozone","Rowan",35.551868,-80.395039
2024-10-22,44,"Rockwell","Ozone","Rowan",35.551868,-80.395039
2024-10-23,44,"Rockwell","Ozone","Rowan",35.551868,-80.395039
2024-10-24,46,"Rockwell","Ozone","Rowan",35.551868,-80.395039
2024-10-25,54,"Rockwell","Ozone","Rowan",35.551868,-80.395039
2024-10-26,44,"Rockwell","Ozone","Rowan",35.551868,-80.395039
2024-10-27,29,"Rockwell","Ozone","Rowan",35.551868,-80.395039
2024-10-28,34,"Rockwell","Ozone","Rowan",35.551868,-80.395039
2024-10-29,37,"Rockwell","Ozone","Rowan",35.551868,-80.395039
2024-10-30,37,"Rockwell","Ozone","Rowan",35.551868,-80.395039
2024-10-31,37,"Rockwell","Ozone","Rowan",35.551868,-80.395039
2024-11-01,27,"Rockwell","Ozone","Rowan",35.551868,-80.395039
2024-11-02,33,"Rockwell","Ozone","Rowan",35.551868,-80.395039
2024-11-03,37,"Rockwell","Ozone","Rowan",35.551868,-80.395039
2024-11-04,30,"Rockwell","Ozone","Rowan",35.551868,-80.395039
2024-11-05,31,"Rockwell","Ozone","Rowan",35.551868,-80.395039
2024-11-06,28,"Rockwell","Ozone","Rowan",35.551868,-80.395039
2024-11-07,28,"Rockwell","Ozone","Rowan",35.551868,-80.395039
2024-11-08,27,"Rockwell","Ozone","Rowan",35.551868,-80.395039
2024-11-09,37,"Rockwell","Ozone","Rowan",35.551868,-80.395039
2024-11-10,24,"Rockwell","Ozone","Rowan",35.551868,-80.395039
2024-11-11,18,"Rockwell","Ozone","Rowan",35.551868,-80.395039
2024-11-12,35,"Rockwell","Ozone","Rowan",35.551868,-80.395039
2024-11-13,31,"Rockwell","Ozone","Rowan",35.551868,-80.395039
2024-11-14,21,"Rockwell","Ozone","Rowan",35.551868,-80.395039
2024-11-15,28,"Rockwell","Ozone","Rowan",35.551868,-80.395039
2024-11-16,31,"Rockwell","Ozone","Rowan",35.551868,-80.395039
2024-11-17,36,"Rockwell","Ozone","Rowan",35.551868,-80.395039
2024-11-18,33,"Rockwell","Ozone","Rowan",35.551868,-80.395039
2024-11-19,31,"Rockwell","Ozone","Rowan",35.551868,-80.395039
2024-11-20,29,"Rockwell","Ozone","Rowan",35.551868,-80.395039
2024-11-21,32,"Rockwell","Ozone","Rowan",35.551868,-80.395039
2024-11-22,19,"Rockwell","Ozone","Rowan",35.551868,-80.395039
2024-11-23,22,"Rockwell","Ozone","Rowan",35.551868,-80.395039
2024-11-24,29,"Rockwell","Ozone","Rowan",35.551868,-80.395039
2024-11-25,34,"Rockwell","Ozone","Rowan",35.551868,-80.395039
2024-11-26,31,"Rockwell","Ozone","Rowan",35.551868,-80.395039
2024-11-27,30,"Rockwell","Ozone","Rowan",35.551868,-80.395039
2024-11-28,31,"Rockwell","Ozone","Rowan",35.551868,-80.395039
2024-11-29,31,"Rockwell","Ozone","Rowan",35.551868,-80.395039
2024-11-30,36,"Rockwell","Ozone","Rowan",35.551868,-80.395039
2024-12-01,34,"Rockwell","Ozone","Rowan",35.551868,-80.395039
2024-12-02,35,"Rockwell","Ozone","Rowan",35.551868,-80.395039
2024-12-03,28,"Rockwell","Ozone","Rowan",35.551868,-80.395039
2024-12-04,33,"Rockwell","Ozone","Rowan",35.551868,-80.395039
2024-12-05,37,"Rockwell","Ozone","Rowan",35.551868,-80.395039
2024-12-06,31,"Rockwell","Ozone","Rowan",35.551868,-80.395039
2024-12-07,31,"Rockwell","Ozone","Rowan",35.551868,-80.395039
2024-12-08,37,"Rockwell","Ozone","Rowan",35.551868,-80.395039
2024-12-09,23,"Rockwell","Ozone","Rowan",35.551868,-80.395039
2024-12-10,28,"Rockwell","Ozone","Rowan",35.551868,-80.395039
2024-12-11,27,"Rockwell","Ozone","Rowan",35.551868,-80.395039
2024-12-14,24,"Rockwell","Ozone","Rowan",35.551868,-80.395039
2024-12-15,24,"Rockwell","Ozone","Rowan",35.551868,-80.395039
2024-12-16,19,"Rockwell","Ozone","Rowan",35.551868,-80.395039
2024-12-18,28,"Rockwell","Ozone","Rowan",35.551868,-80.395039
2024-12-19,27,"Rockwell","Ozone","Rowan",35.551868,-80.395039
2024-12-20,21,"Rockwell","Ozone","Rowan",35.551868,-80.395039
2024-12-21,29,"Rockwell","Ozone","Rowan",35.551868,-80.395039
2024-12-22,33,"Rockwell","Ozone","Rowan",35.551868,-80.395039
2024-12-23,33,"Rockwell","Ozone","Rowan",35.551868,-80.395039
2024-12-24,31,"Rockwell","Ozone","Rowan",35.551868,-80.395039
2024-12-25,33,"Rockwell","Ozone","Rowan",35.551868,-80.395039
2024-12-26,29,"Rockwell","Ozone","Rowan",35.551868,-80.395039
2024-12-27,22,"Rockwell","Ozone","Rowan",35.551868,-80.395039
2024-12-28,19,"Rockwell","Ozone","Rowan",35.551868,-80.395039
2024-12-29,34,"Rockwell","Ozone","Rowan",35.551868,-80.395039
2024-12-30,32,"Rockwell","Ozone","Rowan",35.551868,-80.395039
2024-03-01,31,"Bryson City","Ozone","Swain",35.434767,-83.442133
2024-03-02,34,"Bryson City","Ozone","Swain",35.434767,-83.442133
2024-03-03,35,"Bryson City","Ozone","Swain",35.434767,-83.442133
2024-03-04,31,"Bryson City","Ozone","Swain",35.434767,-83.442133
2024-03-05,36,"Bryson City","Ozone","Swain",35.434767,-83.442133
2024-03-06,31,"Bryson City","Ozone","Swain",35.434767,-83.442133
2024-03-07,35,"Bryson City","Ozone","Swain",35.434767,-83.442133
2024-03-08,32,"Bryson City","Ozone","Swain",35.434767,-83.442133
2024-03-09,29,"Bryson City","Ozone","Swain",35.434767,-83.442133
2024-03-10,40,"Bryson City","Ozone","Swain",35.434767,-83.442133
2024-03-11,44,"Bryson City","Ozone","Swain",35.434767,-83.442133
2024-03-12,39,"Bryson City","Ozone","Swain",35.434767,-83.442133
2024-03-13,47,"Bryson City","Ozone","Swain",35.434767,-83.442133
2024-03-14,61,"Bryson City","Ozone","Swain",35.434767,-83.442133
2024-03-15,33,"Bryson City","Ozone","Swain",35.434767,-83.442133
2024-03-16,38,"Bryson City","Ozone","Swain",35.434767,-83.442133
2024-03-17,42,"Bryson City","Ozone","Swain",35.434767,-83.442133
2024-03-18,40,"Bryson City","Ozone","Swain",35.434767,-83.442133
2024-03-19,45,"Bryson City","Ozone","Swain",35.434767,-83.442133
2024-03-20,47,"Bryson City","Ozone","Swain",35.434767,-83.442133
2024-03-21,44,"Bryson City","Ozone","Swain",35.434767,-83.442133
2024-03-22,49,"Bryson City","Ozone","Swain",35.434767,-83.442133
2024-03-23,39,"Bryson City","Ozone","Swain",35.434767,-83.442133
2024-03-24,44,"Bryson City","Ozone","Swain",35.434767,-83.442133
2024-03-25,51,"Bryson City","Ozone","Swain",35.434767,-83.442133
2024-03-26,34,"Bryson City","Ozone","Swain",35.434767,-83.442133
2024-03-27,40,"Bryson City","Ozone","Swain",35.434767,-83.442133
2024-03-28,45,"Bryson City","Ozone","Swain",35.434767,-83.442133
2024-03-29,46,"Bryson City","Ozone","Swain",35.434767,-83.442133
2024-03-30,54,"Bryson City","Ozone","Swain",35.434767,-83.442133
2024-03-31,46,"Bryson City","Ozone","Swain",35.434767,-83.442133
2024-04-01,42,"Bryson City","Ozone","Swain",35.434767,-83.442133
2024-04-02,44,"Bryson City","Ozone","Swain",35.434767,-83.442133
2024-04-03,42,"Bryson City","Ozone","Swain",35.434767,-83.442133
2024-04-04,37,"Bryson City","Ozone","Swain",35.434767,-83.442133
2024-04-05,32,"Bryson City","Ozone","Swain",35.434767,-83.442133
2024-04-06,41,"Bryson City","Ozone","Swain",35.434767,-83.442133
2024-04-07,44,"Bryson City","Ozone","Swain",35.434767,-83.442133
2024-04-08,50,"Bryson City","Ozone","Swain",35.434767,-83.442133
2024-04-09,39,"Bryson City","Ozone","Swain",35.434767,-83.442133
2024-04-10,43,"Bryson City","Ozone","Swain",35.434767,-83.442133
2024-04-11,41,"Bryson City","Ozone","Swain",35.434767,-83.442133
2024-04-12,43,"Bryson City","Ozone","Swain",35.434767,-83.442133
2024-04-13,48,"Bryson City","Ozone","Swain",35.434767,-83.442133
2024-04-14,71,"Bryson City","Ozone","Swain",35.434767,-83.442133
2024-04-15,48,"Bryson City","Ozone","Swain",35.434767,-83.442133
2024-04-17,49,"Bryson City","Ozone","Swain",35.434767,-83.442133
2024-04-18,47,"Bryson City","Ozone","Swain",35.434767,-83.442133
2024-04-19,47,"Bryson City","Ozone","Swain",35.434767,-83.442133
2024-04-20,36,"Bryson City","Ozone","Swain",35.434767,-83.442133
2024-04-21,32,"Bryson City","Ozone","Swain",35.434767,-83.442133
2024-04-22,43,"Bryson City","Ozone","Swain",35.434767,-83.442133
2024-04-23,48,"Bryson City","Ozone","Swain",35.434767,-83.442133
2024-04-24,48,"Bryson City","Ozone","Swain",35.434767,-83.442133
2024-04-25,50,"Bryson City","Ozone","Swain",35.434767,-83.442133
2024-04-26,29,"Bryson City","Ozone","Swain",35.434767,-83.442133
2024-04-27,43,"Bryson City","Ozone","Swain",35.434767,-83.442133
2024-04-28,44,"Bryson City","Ozone","Swain",35.434767,-83.442133
2024-04-29,46,"Bryson City","Ozone","Swain",35.434767,-83.442133
2024-04-30,43,"Bryson City","Ozone","Swain",35.434767,-83.442133
2024-05-01,41,"Bryson City","Ozone","Swain",35.434767,-83.442133
2024-05-02,48,"Bryson City","Ozone","Swain",35.434767,-83.442133
2024-05-03,31,"Bryson City","Ozone","Swain",35.434767,-83.442133
2024-05-04,26,"Bryson City","Ozone","Swain",35.434767,-83.442133
2024-05-05,38,"Bryson City","Ozone","Swain",35.434767,-83.442133
2024-05-06,32,"Bryson City","Ozone","Swain",35.434767,-83.442133
2024-05-07,32,"Bryson City","Ozone","Swain",35.434767,-83.442133
2024-05-08,39,"Bryson City","Ozone","Swain",35.434767,-83.442133
2024-05-09,43,"Bryson City","Ozone","Swain",35.434767,-83.442133
2024-05-10,44,"Bryson City","Ozone","Swain",35.434767,-83.442133
2024-05-11,41,"Bryson City","Ozone","Swain",35.434767,-83.442133
2024-05-12,45,"Bryson City","Ozone","Swain",35.434767,-83.442133
2024-05-13,29,"Bryson City","Ozone","Swain",35.434767,-83.442133
2024-05-14,26,"Bryson City","Ozone","Swain",35.434767,-83.442133
2024-05-15,38,"Bryson City","Ozone","Swain",35.434767,-83.442133
2024-05-16,43,"Bryson City","Ozone","Swain",35.434767,-83.442133
2024-05-17,19,"Bryson City","Ozone","Swain",35.434767,-83.442133
2024-05-18,36,"Bryson City","Ozone","Swain",35.434767,-83.442133
2024-05-19,36,"Bryson City","Ozone","Swain",35.434767,-83.442133
2024-05-20,38,"Bryson City","Ozone","Swain",35.434767,-83.442133
2024-05-21,37,"Bryson City","Ozone","Swain",35.434767,-83.442133
2024-05-22,44,"Bryson City","Ozone","Swain",35.434767,-83.442133
2024-05-23,35,"Bryson City","Ozone","Swain",35.434767,-83.442133
2024-05-24,36,"Bryson City","Ozone","Swain",35.434767,-83.442133
2024-05-25,38,"Bryson City","Ozone","Swain",35.434767,-83.442133
2024-05-26,31,"Bryson City","Ozone","Swain",35.434767,-83.442133
2024-05-27,44,"Bryson City","Ozone","Swain",35.434767,-83.442133
2024-05-28,46,"Bryson City","Ozone","Swain",35.434767,-83.442133
2024-05-29,48,"Bryson City","Ozone","Swain",35.434767,-83.442133
2024-05-30,39,"Bryson City","Ozone","Swain",35.434767,-83.442133
2024-05-31,37,"Bryson City","Ozone","Swain",35.434767,-83.442133
2024-06-01,44,"Bryson City","Ozone","Swain",35.434767,-83.442133
2024-06-02,24,"Bryson City","Ozone","Swain",35.434767,-83.442133
2024-06-03,33,"Bryson City","Ozone","Swain",35.434767,-83.442133
2024-06-04,32,"Bryson City","Ozone","Swain",35.434767,-83.442133
2024-06-05,28,"Bryson City","Ozone","Swain",35.434767,-83.442133
2024-06-06,38,"Bryson City","Ozone","Swain",35.434767,-83.442133
2024-06-07,49,"Bryson City","Ozone","Swain",35.434767,-83.442133
2024-06-08,45,"Bryson City","Ozone","Swain",35.434767,-83.442133
2024-06-09,38,"Bryson City","Ozone","Swain",35.434767,-83.442133
2024-06-10,46,"Bryson City","Ozone","Swain",35.434767,-83.442133
2024-06-11,38,"Bryson City","Ozone","Swain",35.434767,-83.442133
2024-06-12,44,"Bryson City","Ozone","Swain",35.434767,-83.442133
2024-06-13,49,"Bryson City","Ozone","Swain",35.434767,-83.442133
2024-06-14,45,"Bryson City","Ozone","Swain",35.434767,-83.442133
2024-06-15,44,"Bryson City","Ozone","Swain",35.434767,-83.442133
2024-06-16,40,"Bryson City","Ozone","Swain",35.434767,-83.442133
2024-06-17,32,"Bryson City","Ozone","Swain",35.434767,-83.442133
2024-06-18,40,"Bryson City","Ozone","Swain",35.434767,-83.442133
2024-06-19,33,"Bryson City","Ozone","Swain",35.434767,-83.442133
2024-06-20,38,"Bryson City","Ozone","Swain",35.434767,-83.442133
2024-06-21,35,"Bryson City","Ozone","Swain",35.434767,-83.442133
2024-06-22,37,"Bryson City","Ozone","Swain",35.434767,-83.442133
2024-06-23,43,"Bryson City","Ozone","Swain",35.434767,-83.442133
2024-06-24,51,"Bryson City","Ozone","Swain",35.434767,-83.442133
2024-06-25,41,"Bryson City","Ozone","Swain",35.434767,-83.442133
2024-06-26,48,"Bryson City","Ozone","Swain",35.434767,-83.442133
2024-06-27,34,"Bryson City","Ozone","Swain",35.434767,-83.442133
2024-06-28,35,"Bryson City","Ozone","Swain",35.434767,-83.442133
2024-06-29,29,"Bryson City","Ozone","Swain",35.434767,-83.442133
2024-06-30,32,"Bryson City","Ozone","Swain",35.434767,-83.442133
2024-07-01,42,"Bryson City","Ozone","Swain",35.434767,-83.442133
2024-07-02,41,"Bryson City","Ozone","Swain",35.434767,-83.442133
2024-07-03,39,"Bryson City","Ozone","Swain",35.434767,-83.442133
2024-07-04,36,"Bryson City","Ozone","Swain",35.434767,-83.442133
2024-07-05,23,"Bryson City","Ozone","Swain",35.434767,-83.442133
2024-07-06,32,"Bryson City","Ozone","Swain",35.434767,-83.442133
2024-07-07,26,"Bryson City","Ozone","Swain",35.434767,-83.442133
2024-07-08,31,"Bryson City","Ozone","Swain",35.434767,-83.442133
2024-07-09,25,"Bryson City","Ozone","Swain",35.434767,-83.442133
2024-07-10,36,"Bryson City","Ozone","Swain",35.434767,-83.442133
2024-07-11,41,"Bryson City","Ozone","Swain",35.434767,-83.442133
2024-07-12,42,"Bryson City","Ozone","Swain",35.434767,-83.442133
2024-07-13,44,"Bryson City","Ozone","Swain",35.434767,-83.442133
2024-07-14,40,"Bryson City","Ozone","Swain",35.434767,-83.442133
2024-07-15,38,"Bryson City","Ozone","Swain",35.434767,-83.442133
2024-07-16,29,"Bryson City","Ozone","Swain",35.434767,-83.442133
2024-07-17,30,"Bryson City","Ozone","Swain",35.434767,-83.442133
2024-07-18,40,"Bryson City","Ozone","Swain",35.434767,-83.442133
2024-07-19,27,"Bryson City","Ozone","Swain",35.434767,-83.442133
2024-07-20,28,"Bryson City","Ozone","Swain",35.434767,-83.442133
2024-07-21,27,"Bryson City","Ozone","Swain",35.434767,-83.442133
2024-07-22,30,"Bryson City","Ozone","Swain",35.434767,-83.442133
2024-07-23,27,"Bryson City","Ozone","Swain",35.434767,-83.442133
2024-07-24,26,"Bryson City","Ozone","Swain",35.434767,-83.442133
2024-07-25,19,"Bryson City","Ozone","Swain",35.434767,-83.442133
2024-07-26,24,"Bryson City","Ozone","Swain",35.434767,-83.442133
2024-07-27,31,"Bryson City","Ozone","Swain",35.434767,-83.442133
2024-07-28,25,"Bryson City","Ozone","Swain",35.434767,-83.442133
2024-07-29,26,"Bryson City","Ozone","Swain",35.434767,-83.442133
2024-07-30,24,"Bryson City","Ozone","Swain",35.434767,-83.442133
2024-07-31,28,"Bryson City","Ozone","Swain",35.434767,-83.442133
2024-08-01,21,"Bryson City","Ozone","Swain",35.434767,-83.442133
2024-08-02,27,"Bryson City","Ozone","Swain",35.434767,-83.442133
2024-08-03,42,"Bryson City","Ozone","Swain",35.434767,-83.442133
2024-08-04,37,"Bryson City","Ozone","Swain",35.434767,-83.442133
2024-08-05,42,"Bryson City","Ozone","Swain",35.434767,-83.442133
2024-08-06,31,"Bryson City","Ozone","Swain",35.434767,-83.442133
2024-08-07,35,"Bryson City","Ozone","Swain",35.434767,-83.442133
2024-08-08,22,"Bryson City","Ozone","Swain",35.434767,-83.442133
2024-08-09,42,"Bryson City","Ozone","Swain",35.434767,-83.442133
2024-08-10,38,"Bryson City","Ozone","Swain",35.434767,-83.442133
2024-08-11,36,"Bryson City","Ozone","Swain",35.434767,-83.442133
2024-08-12,32,"Bryson City","Ozone","Swain",35.434767,-83.442133
2024-08-13,39,"Bryson City","Ozone","Swain",35.434767,-83.442133
2024-08-14,36,"Bryson City","Ozone","Swain",35.434767,-83.442133
2024-08-15,39,"Bryson City","Ozone","Swain",35.434767,-83.442133
2024-08-16,34,"Bryson City","Ozone","Swain",35.434767,-83.442133
2024-08-17,36,"Bryson City","Ozone","Swain",35.434767,-83.442133
2024-08-18,34,"Bryson City","Ozone","Swain",35.434767,-83.442133
2024-08-19,29,"Bryson City","Ozone","Swain",35.434767,-83.442133
2024-08-20,37,"Bryson City","Ozone","Swain",35.434767,-83.442133
2024-08-21,37,"Bryson City","Ozone","Swain",35.434767,-83.442133
2024-08-22,43,"Bryson City","Ozone","Swain",35.434767,-83.442133
2024-08-23,46,"Bryson City","Ozone","Swain",35.434767,-83.442133
2024-08-24,37,"Bryson City","Ozone","Swain",35.434767,-83.442133
2024-08-25,41,"Bryson City","Ozone","Swain",35.434767,-83.442133
2024-08-26,44,"Bryson City","Ozone","Swain",35.434767,-83.442133
2024-08-27,44,"Bryson City","Ozone","Swain",35.434767,-83.442133
2024-08-28,42,"Bryson City","Ozone","Swain",35.434767,-83.442133
2024-08-29,46,"Bryson City","Ozone","Swain",35.434767,-83.442133
2024-08-30,39,"Bryson City","Ozone","Swain",35.434767,-83.442133
2024-08-31,32,"Bryson City","Ozone","Swain",35.434767,-83.442133
2024-09-01,30,"Bryson City","Ozone","Swain",35.434767,-83.442133
2024-09-02,29,"Bryson City","Ozone","Swain",35.434767,-83.442133
2024-09-03,31,"Bryson City","Ozone","Swain",35.434767,-83.442133
2024-09-04,30,"Bryson City","Ozone","Swain",35.434767,-83.442133
2024-09-05,34,"Bryson City","Ozone","Swain",35.434767,-83.442133
2024-09-06,30,"Bryson City","Ozone","Swain",35.434767,-83.442133
2024-09-07,33,"Bryson City","Ozone","Swain",35.434767,-83.442133
2024-09-08,31,"Bryson City","Ozone","Swain",35.434767,-83.442133
2024-09-09,31,"Bryson City","Ozone","Swain",35.434767,-83.442133
2024-09-10,33,"Bryson City","Ozone","Swain",35.434767,-83.442133
2024-09-11,44,"Bryson City","Ozone","Swain",35.434767,-83.442133
2024-09-12,38,"Bryson City","Ozone","Swain",35.434767,-83.442133
2024-09-13,31,"Bryson City","Ozone","Swain",35.434767,-83.442133
2024-09-14,31,"Bryson City","Ozone","Swain",35.434767,-83.442133
2024-09-15,30,"Bryson City","Ozone","Swain",35.434767,-83.442133
2024-09-18,19,"Bryson City","Ozone","Swain",35.434767,-83.442133
2024-09-19,24,"Bryson City","Ozone","Swain",35.434767,-83.442133
2024-09-20,32,"Bryson City","Ozone","Swain",35.434767,-83.442133
2024-09-21,40,"Bryson City","Ozone","Swain",35.434767,-83.442133
2024-09-22,39,"Bryson City","Ozone","Swain",35.434767,-83.442133
2024-09-23,38,"Bryson City","Ozone","Swain",35.434767,-83.442133
2024-09-24,30,"Bryson City","Ozone","Swain",35.434767,-83.442133
2024-09-25,26,"Bryson City","Ozone","Swain",35.434767,-83.442133
2024-09-26,22,"Bryson City","Ozone","Swain",35.434767,-83.442133
2024-09-28,28,"Bryson City","Ozone","Swain",35.434767,-83.442133
2024-09-29,18,"Bryson City","Ozone","Swain",35.434767,-83.442133
2024-09-30,19,"Bryson City","Ozone","Swain",35.434767,-83.442133
2024-10-01,21,"Bryson City","Ozone","Swain",35.434767,-83.442133
2024-10-02,28,"Bryson City","Ozone","Swain",35.434767,-83.442133
2024-10-03,26,"Bryson City","Ozone","Swain",35.434767,-83.442133
2024-10-04,27,"Bryson City","Ozone","Swain",35.434767,-83.442133
2024-10-05,33,"Bryson City","Ozone","Swain",35.434767,-83.442133
2024-10-06,38,"Bryson City","Ozone","Swain",35.434767,-83.442133
2024-10-07,37,"Bryson City","Ozone","Swain",35.434767,-83.442133
2024-10-08,38,"Bryson City","Ozone","Swain",35.434767,-83.442133
2024-10-09,32,"Bryson City","Ozone","Swain",35.434767,-83.442133
2024-10-10,44,"Bryson City","Ozone","Swain",35.434767,-83.442133
2024-10-11,36,"Bryson City","Ozone","Swain",35.434767,-83.442133
2024-10-12,34,"Bryson City","Ozone","Swain",35.434767,-83.442133
2024-10-13,36,"Bryson City","Ozone","Swain",35.434767,-83.442133
2024-10-14,34,"Bryson City","Ozone","Swain",35.434767,-83.442133
2024-10-15,29,"Bryson City","Ozone","Swain",35.434767,-83.442133
2024-10-16,30,"Bryson City","Ozone","Swain",35.434767,-83.442133
2024-10-17,30,"Bryson City","Ozone","Swain",35.434767,-83.442133
2024-10-18,32,"Bryson City","Ozone","Swain",35.434767,-83.442133
2024-10-19,32,"Bryson City","Ozone","Swain",35.434767,-83.442133
2024-10-20,31,"Bryson City","Ozone","Swain",35.434767,-83.442133
2024-10-21,32,"Bryson City","Ozone","Swain",35.434767,-83.442133
2024-10-22,39,"Bryson City","Ozone","Swain",35.434767,-83.442133
2024-10-23,36,"Bryson City","Ozone","Swain",35.434767,-83.442133
2024-10-24,42,"Bryson City","Ozone","Swain",35.434767,-83.442133
2024-10-25,41,"Bryson City","Ozone","Swain",35.434767,-83.442133
2024-10-26,42,"Bryson City","Ozone","Swain",35.434767,-83.442133
2024-10-27,31,"Bryson City","Ozone","Swain",35.434767,-83.442133
2024-10-28,37,"Bryson City","Ozone","Swain",35.434767,-83.442133
2024-10-29,37,"Bryson City","Ozone","Swain",35.434767,-83.442133
2024-10-30,35,"Bryson City","Ozone","Swain",35.434767,-83.442133
2024-10-31,36,"Bryson City","Ozone","Swain",35.434767,-83.442133
2024-07-09,25,"Old High School","Ozone","Swain",35.498711,-83.310242
2024-07-10,36,"Old High School","Ozone","Swain",35.498711,-83.310242
2024-07-11,44,"Old High School","Ozone","Swain",35.498711,-83.310242
2024-07-12,37,"Old High School","Ozone","Swain",35.498711,-83.310242
2024-07-13,39,"Old High School","Ozone","Swain",35.498711,-83.310242
2024-07-14,35,"Old High School","Ozone","Swain",35.498711,-83.310242
2024-07-15,31,"Old High School","Ozone","Swain",35.498711,-83.310242
2024-07-16,25,"Old High School","Ozone","Swain",35.498711,-83.310242
2024-07-17,30,"Old High School","Ozone","Swain",35.498711,-83.310242
2024-07-18,36,"Old High School","Ozone","Swain",35.498711,-83.310242
2024-07-19,29,"Old High School","Ozone","Swain",35.498711,-83.310242
2024-07-20,31,"Old High School","Ozone","Swain",35.498711,-83.310242
2024-07-21,26,"Old High School","Ozone","Swain",35.498711,-83.310242
2024-07-22,31,"Old High School","Ozone","Swain",35.498711,-83.310242
2024-07-23,28,"Old High School","Ozone","Swain",35.498711,-83.310242
2024-07-24,29,"Old High School","Ozone","Swain",35.498711,-83.310242
2024-07-25,17,"Old High School","Ozone","Swain",35.498711,-83.310242
2024-07-26,23,"Old High School","Ozone","Swain",35.498711,-83.310242
2024-07-27,33,"Old High School","Ozone","Swain",35.498711,-83.310242
2024-07-28,29,"Old High School","Ozone","Swain",35.498711,-83.310242
2024-07-29,23,"Old High School","Ozone","Swain",35.498711,-83.310242
2024-07-30,25,"Old High School","Ozone","Swain",35.498711,-83.310242
2024-07-31,27,"Old High School","Ozone","Swain",35.498711,-83.310242
2024-08-01,20,"Old High School","Ozone","Swain",35.498711,-83.310242
2024-08-02,28,"Old High School","Ozone","Swain",35.498711,-83.310242
2024-08-03,39,"Old High School","Ozone","Swain",35.498711,-83.310242
2024-08-04,40,"Old High School","Ozone","Swain",35.498711,-83.310242
2024-08-05,37,"Old High School","Ozone","Swain",35.498711,-83.310242
2024-08-06,28,"Old High School","Ozone","Swain",35.498711,-83.310242
2024-08-07,35,"Old High School","Ozone","Swain",35.498711,-83.310242
2024-08-08,19,"Old High School","Ozone","Swain",35.498711,-83.310242
2024-08-09,27,"Old High School","Ozone","Swain",35.498711,-83.310242
2024-08-10,32,"Old High School","Ozone","Swain",35.498711,-83.310242
2024-08-11,33,"Old High School","Ozone","Swain",35.498711,-83.310242
2024-08-12,34,"Old High School","Ozone","Swain",35.498711,-83.310242
2024-08-13,34,"Old High School","Ozone","Swain",35.498711,-83.310242
2024-08-14,34,"Old High School","Ozone","Swain",35.498711,-83.310242
2024-08-15,40,"Old High School","Ozone","Swain",35.498711,-83.310242
2024-08-16,34,"Old High School","Ozone","Swain",35.498711,-83.310242
2024-08-17,36,"Old High School","Ozone","Swain",35.498711,-83.310242
2024-08-18,31,"Old High School","Ozone","Swain",35.498711,-83.310242
2024-08-19,28,"Old High School","Ozone","Swain",35.498711,-83.310242
2024-08-20,37,"Old High School","Ozone","Swain",35.498711,-83.310242
2024-08-21,37,"Old High School","Ozone","Swain",35.498711,-83.310242
2024-08-22,43,"Old High School","Ozone","Swain",35.498711,-83.310242
2024-08-23,44,"Old High School","Ozone","Swain",35.498711,-83.310242
2024-08-24,38,"Old High School","Ozone","Swain",35.498711,-83.310242
2024-08-25,39,"Old High School","Ozone","Swain",35.498711,-83.310242
2024-08-26,43,"Old High School","Ozone","Swain",35.498711,-83.310242
2024-08-27,45,"Old High School","Ozone","Swain",35.498711,-83.310242
2024-08-28,38,"Old High School","Ozone","Swain",35.498711,-83.310242
2024-08-29,44,"Old High School","Ozone","Swain",35.498711,-83.310242
2024-08-30,35,"Old High School","Ozone","Swain",35.498711,-83.310242
2024-08-31,36,"Old High School","Ozone","Swain",35.498711,-83.310242
2024-09-01,31,"Old High School","Ozone","Swain",35.498711,-83.310242
2024-09-02,33,"Old High School","Ozone","Swain",35.498711,-83.310242
2024-09-03,26,"Old High School","Ozone","Swain",35.498711,-83.310242
2024-09-04,28,"Old High School","Ozone","Swain",35.498711,-83.310242
2024-09-05,36,"Old High School","Ozone","Swain",35.498711,-83.310242
2024-09-06,31,"Old High School","Ozone","Swain",35.498711,-83.310242
2024-09-07,33,"Old High School","Ozone","Swain",35.498711,-83.310242
2024-09-08,33,"Old High School","Ozone","Swain",35.498711,-83.310242
2024-09-09,33,"Old High School","Ozone","Swain",35.498711,-83.310242
2024-09-10,36,"Old High School","Ozone","Swain",35.498711,-83.310242
2024-09-11,46,"Old High School","Ozone","Swain",35.498711,-83.310242
2024-09-12,33,"Old High School","Ozone","Swain",35.498711,-83.310242
2024-09-13,26,"Old High School","Ozone","Swain",35.498711,-83.310242
2024-09-14,31,"Old High School","Ozone","Swain",35.498711,-83.310242
2024-09-15,31,"Old High School","Ozone","Swain",35.498711,-83.310242
2024-09-16,42,"Old High School","Ozone","Swain",35.498711,-83.310242
2024-09-17,21,"Old High School","Ozone","Swain",35.498711,-83.310242
2024-09-18,20,"Old High School","Ozone","Swain",35.498711,-83.310242
2024-09-19,26,"Old High School","Ozone","Swain",35.498711,-83.310242
2024-09-20,37,"Old High School","Ozone","Swain",35.498711,-83.310242
2024-09-21,37,"Old High School","Ozone","Swain",35.498711,-83.310242
2024-09-22,32,"Old High School","Ozone","Swain",35.498711,-83.310242
2024-09-23,37,"Old High School","Ozone","Swain",35.498711,-83.310242
2024-09-24,32,"Old High School","Ozone","Swain",35.498711,-83.310242
2024-09-25,30,"Old High School","Ozone","Swain",35.498711,-83.310242
2024-09-26,15,"Old High School","Ozone","Swain",35.498711,-83.310242
2024-09-27,41,"Old High School","Ozone","Swain",35.498711,-83.310242
2024-09-28,32,"Old High School","Ozone","Swain",35.498711,-83.310242
2024-09-29,19,"Old High School","Ozone","Swain",35.498711,-83.310242
2024-09-30,24,"Old High School","Ozone","Swain",35.498711,-83.310242
2024-10-01,21,"Old High School","Ozone","Swain",35.498711,-83.310242
2024-10-02,26,"Old High School","Ozone","Swain",35.498711,-83.310242
2024-10-03,31,"Old High School","Ozone","Swain",35.498711,-83.310242
2024-10-04,26,"Old High School","Ozone","Swain",35.498711,-83.310242
2024-10-05,35,"Old High School","Ozone","Swain",35.498711,-83.310242
2024-10-06,38,"Old High School","Ozone","Swain",35.498711,-83.310242
2024-10-07,41,"Old High School","Ozone","Swain",35.498711,-83.310242
2024-10-08,49,"Old High School","Ozone","Swain",35.498711,-83.310242
2024-10-09,37,"Old High School","Ozone","Swain",35.498711,-83.310242
2024-10-10,46,"Old High School","Ozone","Swain",35.498711,-83.310242
2024-10-11,38,"Old High School","Ozone","Swain",35.498711,-83.310242
2024-10-12,38,"Old High School","Ozone","Swain",35.498711,-83.310242
2024-10-13,43,"Old High School","Ozone","Swain",35.498711,-83.310242
2024-10-14,39,"Old High School","Ozone","Swain",35.498711,-83.310242
2024-10-15,31,"Old High School","Ozone","Swain",35.498711,-83.310242
2024-10-16,32,"Old High School","Ozone","Swain",35.498711,-83.310242
2024-10-17,32,"Old High School","Ozone","Swain",35.498711,-83.310242
2024-10-18,40,"Old High School","Ozone","Swain",35.498711,-83.310242
2024-10-19,39,"Old High School","Ozone","Swain",35.498711,-83.310242
2024-10-20,36,"Old High School","Ozone","Swain",35.498711,-83.310242
2024-10-21,38,"Old High School","Ozone","Swain",35.498711,-83.310242
2024-10-22,44,"Old High School","Ozone","Swain",35.498711,-83.310242
2024-10-23,39,"Old High School","Ozone","Swain",35.498711,-83.310242
2024-10-24,48,"Old High School","Ozone","Swain",35.498711,-83.310242
2024-10-25,43,"Old High School","Ozone","Swain",35.498711,-83.310242
2024-10-26,38,"Old High School","Ozone","Swain",35.498711,-83.310242
2024-10-27,33,"Old High School","Ozone","Swain",35.498711,-83.310242
2024-10-28,39,"Old High School","Ozone","Swain",35.498711,-83.310242
2024-10-29,43,"Old High School","Ozone","Swain",35.498711,-83.310242
2024-10-30,41,"Old High School","Ozone","Swain",35.498711,-83.310242
2024-03-01,24,"Monroe School","Ozone","Union",34.974038917,-80.54062183
2024-03-02,30,"Monroe School","Ozone","Union",34.974038917,-80.54062183
2024-03-03,31,"Monroe School","Ozone","Union",34.974038917,-80.54062183
2024-03-04,36,"Monroe School","Ozone","Union",34.974038917,-80.54062183
2024-03-05,39,"Monroe School","Ozone","Union",34.974038917,-80.54062183
2024-03-06,26,"Monroe School","Ozone","Union",34.974038917,-80.54062183
2024-03-07,38,"Monroe School","Ozone","Union",34.974038917,-80.54062183
2024-03-08,31,"Monroe School","Ozone","Union",34.974038917,-80.54062183
2024-03-09,23,"Monroe School","Ozone","Union",34.974038917,-80.54062183
2024-03-10,42,"Monroe School","Ozone","Union",34.974038917,-80.54062183
2024-03-11,44,"Monroe School","Ozone","Union",34.974038917,-80.54062183
2024-03-12,48,"Monroe School","Ozone","Union",34.974038917,-80.54062183
2024-03-13,54,"Monroe School","Ozone","Union",34.974038917,-80.54062183
2024-03-14,71,"Monroe School","Ozone","Union",34.974038917,-80.54062183
2024-03-15,40,"Monroe School","Ozone","Union",34.974038917,-80.54062183
2024-03-16,38,"Monroe School","Ozone","Union",34.974038917,-80.54062183
2024-03-17,38,"Monroe School","Ozone","Union",34.974038917,-80.54062183
2024-03-18,44,"Monroe School","Ozone","Union",34.974038917,-80.54062183
2024-03-19,40,"Monroe School","Ozone","Union",34.974038917,-80.54062183
2024-03-20,54,"Monroe School","Ozone","Union",34.974038917,-80.54062183
2024-03-21,47,"Monroe School","Ozone","Union",34.974038917,-80.54062183
2024-03-22,31,"Monroe School","Ozone","Union",34.974038917,-80.54062183
2024-03-23,41,"Monroe School","Ozone","Union",34.974038917,-80.54062183
2024-03-24,44,"Monroe School","Ozone","Union",34.974038917,-80.54062183
2024-03-25,44,"Monroe School","Ozone","Union",34.974038917,-80.54062183
2024-03-26,38,"Monroe School","Ozone","Union",34.974038917,-80.54062183
2024-03-27,23,"Monroe School","Ozone","Union",34.974038917,-80.54062183
2024-03-28,43,"Monroe School","Ozone","Union",34.974038917,-80.54062183
2024-03-29,49,"Monroe School","Ozone","Union",34.974038917,-80.54062183
2024-03-30,54,"Monroe School","Ozone","Union",34.974038917,-80.54062183
2024-03-31,50,"Monroe School","Ozone","Union",34.974038917,-80.54062183
2024-04-01,42,"Monroe School","Ozone","Union",34.974038917,-80.54062183
2024-04-02,40,"Monroe School","Ozone","Union",34.974038917,-80.54062183
2024-04-03,44,"Monroe School","Ozone","Union",34.974038917,-80.54062183
2024-04-04,41,"Monroe School","Ozone","Union",34.974038917,-80.54062183
2024-04-05,41,"Monroe School","Ozone","Union",34.974038917,-80.54062183
2024-04-06,44,"Monroe School","Ozone","Union",34.974038917,-80.54062183
2024-04-07,45,"Monroe School","Ozone","Union",34.974038917,-80.54062183
2024-04-08,49,"Monroe School","Ozone","Union",34.974038917,-80.54062183
2024-04-09,36,"Monroe School","Ozone","Union",34.974038917,-80.54062183
2024-04-10,41,"Monroe School","Ozone","Union",34.974038917,-80.54062183
2024-04-11,38,"Monroe School","Ozone","Union",34.974038917,-80.54062183
2024-04-12,46,"Monroe School","Ozone","Union",34.974038917,-80.54062183
2024-04-13,48,"Monroe School","Ozone","Union",34.974038917,-80.54062183
2024-04-14,58,"Monroe School","Ozone","Union",34.974038917,-80.54062183
2024-04-15,51,"Monroe School","Ozone","Union",34.974038917,-80.54062183
2024-04-16,64,"Monroe School","Ozone","Union",34.974038917,-80.54062183
2024-04-17,47,"Monroe School","Ozone","Union",34.974038917,-80.54062183
2024-04-18,64,"Monroe School","Ozone","Union",34.974038917,-80.54062183
2024-04-19,48,"Monroe School","Ozone","Union",34.974038917,-80.54062183
2024-04-20,43,"Monroe School","Ozone","Union",34.974038917,-80.54062183
2024-04-21,33,"Monroe School","Ozone","Union",34.974038917,-80.54062183
2024-04-22,39,"Monroe School","Ozone","Union",34.974038917,-80.54062183
2024-04-23,44,"Monroe School","Ozone","Union",34.974038917,-80.54062183
2024-04-24,48,"Monroe School","Ozone","Union",34.974038917,-80.54062183
2024-04-25,71,"Monroe School","Ozone","Union",34.974038917,-80.54062183
2024-04-26,35,"Monroe School","Ozone","Union",34.974038917,-80.54062183
2024-04-27,43,"Monroe School","Ozone","Union",34.974038917,-80.54062183
2024-04-28,42,"Monroe School","Ozone","Union",34.974038917,-80.54062183
2024-04-29,43,"Monroe School","Ozone","Union",34.974038917,-80.54062183
2024-04-30,36,"Monroe School","Ozone","Union",34.974038917,-80.54062183
2024-05-01,51,"Monroe School","Ozone","Union",34.974038917,-80.54062183
2024-05-02,61,"Monroe School","Ozone","Union",34.974038917,-80.54062183
2024-05-03,45,"Monroe School","Ozone","Union",34.974038917,-80.54062183
2024-05-04,27,"Monroe School","Ozone","Union",34.974038917,-80.54062183
2024-05-05,36,"Monroe School","Ozone","Union",34.974038917,-80.54062183
2024-05-06,31,"Monroe School","Ozone","Union",34.974038917,-80.54062183
2024-05-07,32,"Monroe School","Ozone","Union",34.974038917,-80.54062183
2024-05-08,33,"Monroe School","Ozone","Union",34.974038917,-80.54062183
2024-05-09,38,"Monroe School","Ozone","Union",34.974038917,-80.54062183
2024-05-10,40,"Monroe School","Ozone","Union",34.974038917,-80.54062183
2024-05-11,44,"Monroe School","Ozone","Union",34.974038917,-80.54062183
2024-05-12,49,"Monroe School","Ozone","Union",34.974038917,-80.54062183
2024-05-13,43,"Monroe School","Ozone","Union",34.974038917,-80.54062183
2024-05-14,29,"Monroe School","Ozone","Union",34.974038917,-80.54062183
2024-05-15,40,"Monroe School","Ozone","Union",34.974038917,-80.54062183
2024-05-16,47,"Monroe School","Ozone","Union",34.974038917,-80.54062183
2024-05-17,37,"Monroe School","Ozone","Union",34.974038917,-80.54062183
2024-05-18,33,"Monroe School","Ozone","Union",34.974038917,-80.54062183
2024-05-19,31,"Monroe School","Ozone","Union",34.974038917,-80.54062183
2024-05-20,43,"Monroe School","Ozone","Union",34.974038917,-80.54062183
2024-05-21,45,"Monroe School","Ozone","Union",34.974038917,-80.54062183
2024-05-22,44,"Monroe School","Ozone","Union",34.974038917,-80.54062183
2024-05-23,44,"Monroe School","Ozone","Union",34.974038917,-80.54062183
2024-05-24,64,"Monroe School","Ozone","Union",34.974038917,-80.54062183
2024-05-25,44,"Monroe School","Ozone","Union",34.974038917,-80.54062183
2024-05-26,44,"Monroe School","Ozone","Union",34.974038917,-80.54062183
2024-05-27,44,"Monroe School","Ozone","Union",34.974038917,-80.54062183
2024-05-28,64,"Monroe School","Ozone","Union",34.974038917,-80.54062183
2024-05-29,71,"Monroe School","Ozone","Union",34.974038917,-80.54062183
2024-05-30,48,"Monroe School","Ozone","Union",34.974038917,-80.54062183
2024-05-31,51,"Monroe School","Ozone","Union",34.974038917,-80.54062183
2024-06-01,54,"Monroe School","Ozone","Union",34.974038917,-80.54062183
2024-06-02,38,"Monroe School","Ozone","Union",34.974038917,-80.54062183
2024-06-03,39,"Monroe School","Ozone","Union",34.974038917,-80.54062183
2024-06-04,38,"Monroe School","Ozone","Union",34.974038917,-80.54062183
2024-06-05,33,"Monroe School","Ozone","Union",34.974038917,-80.54062183
2024-06-06,34,"Monroe School","Ozone","Union",34.974038917,-80.54062183
2024-06-07,67,"Monroe School","Ozone","Union",34.974038917,-80.54062183
2024-06-08,84,"Monroe School","Ozone","Union",34.974038917,-80.54062183
2024-06-09,45,"Monroe School","Ozone","Union",34.974038917,-80.54062183
2024-06-10,80,"Monroe School","Ozone","Union",34.974038917,-80.54062183
2024-06-11,48,"Monroe School","Ozone","Union",34.974038917,-80.54062183
2024-06-12,61,"Monroe School","Ozone","Union",34.974038917,-80.54062183
2024-06-13,58,"Monroe School","Ozone","Union",34.974038917,-80.54062183
2024-06-14,74,"Monroe School","Ozone","Union",34.974038917,-80.54062183
2024-06-15,51,"Monroe School","Ozone","Union",34.974038917,-80.54062183
2024-06-16,47,"Monroe School","Ozone","Union",34.974038917,-80.54062183
2024-06-17,44,"Monroe School","Ozone","Union",34.974038917,-80.54062183
2024-06-18,44,"Monroe School","Ozone","Union",34.974038917,-80.54062183
2024-06-19,42,"Monroe School","Ozone","Union",34.974038917,-80.54062183
2024-06-20,40,"Monroe School","Ozone","Union",34.974038917,-80.54062183
2024-06-21,40,"Monroe School","Ozone","Union",34.974038917,-80.54062183
2024-06-22,28,"Monroe School","Ozone","Union",34.974038917,-80.54062183
2024-06-23,30,"Monroe School","Ozone","Union",34.974038917,-80.54062183
2024-06-24,97,"Monroe School","Ozone","Union",34.974038917,-80.54062183
2024-06-25,80,"Monroe School","Ozone","Union",34.974038917,-80.54062183
2024-06-26,64,"Monroe School","Ozone","Union",34.974038917,-80.54062183
2024-06-27,48,"Monroe School","Ozone","Union",34.974038917,-80.54062183
2024-06-28,58,"Monroe School","Ozone","Union",34.974038917,-80.54062183
2024-06-29,30,"Monroe School","Ozone","Union",34.974038917,-80.54062183
2024-06-30,32,"Monroe School","Ozone","Union",34.974038917,-80.54062183
2024-07-01,46,"Monroe School","Ozone","Union",34.974038917,-80.54062183
2024-07-02,50,"Monroe School","Ozone","Union",34.974038917,-80.54062183
2024-07-03,50,"Monroe School","Ozone","Union",34.974038917,-80.54062183
2024-07-04,37,"Monroe School","Ozone","Union",34.974038917,-80.54062183
2024-07-05,35,"Monroe School","Ozone","Union",34.974038917,-80.54062183
2024-07-06,35,"Monroe School","Ozone","Union",34.974038917,-80.54062183
2024-07-07,41,"Monroe School","Ozone","Union",34.974038917,-80.54062183
2024-07-08,44,"Monroe School","Ozone","Union",34.974038917,-80.54062183
2024-07-09,44,"Monroe School","Ozone","Union",34.974038917,-80.54062183
2024-07-10,36,"Monroe School","Ozone","Union",34.974038917,-80.54062183
2024-07-11,71,"Monroe School","Ozone","Union",34.974038917,-80.54062183
2024-07-12,31,"Monroe School","Ozone","Union",34.974038917,-80.54062183
2024-07-13,47,"Monroe School","Ozone","Union",34.974038917,-80.54062183
2024-07-14,47,"Monroe School","Ozone","Union",34.974038917,-80.54062183
2024-07-15,47,"Monroe School","Ozone","Union",34.974038917,-80.54062183
2024-07-16,40,"Monroe School","Ozone","Union",34.974038917,-80.54062183
2024-07-17,40,"Monroe School","Ozone","Union",34.974038917,-80.54062183
2024-07-18,43,"Monroe School","Ozone","Union",34.974038917,-80.54062183
2024-07-19,35,"Monroe School","Ozone","Union",34.974038917,-80.54062183
2024-07-20,31,"Monroe School","Ozone","Union",34.974038917,-80.54062183
2024-07-21,24,"Monroe School","Ozone","Union",34.974038917,-80.54062183
2024-07-22,31,"Monroe School","Ozone","Union",34.974038917,-80.54062183
2024-07-23,31,"Monroe School","Ozone","Union",34.974038917,-80.54062183
2024-07-24,31,"Monroe School","Ozone","Union",34.974038917,-80.54062183
2024-07-25,27,"Monroe School","Ozone","Union",34.974038917,-80.54062183
2024-07-26,31,"Monroe School","Ozone","Union",34.974038917,-80.54062183
2024-07-27,43,"Monroe School","Ozone","Union",34.974038917,-80.54062183
2024-07-28,44,"Monroe School","Ozone","Union",34.974038917,-80.54062183
2024-07-29,27,"Monroe School","Ozone","Union",34.974038917,-80.54062183
2024-07-30,36,"Monroe School","Ozone","Union",34.974038917,-80.54062183
2024-07-31,77,"Monroe School","Ozone","Union",34.974038917,-80.54062183
2024-08-01,84,"Monroe School","Ozone","Union",34.974038917,-80.54062183
2024-08-02,29,"Monroe School","Ozone","Union",34.974038917,-80.54062183
2024-08-03,30,"Monroe School","Ozone","Union",34.974038917,-80.54062183
2024-08-04,36,"Monroe School","Ozone","Union",34.974038917,-80.54062183
2024-08-05,20,"Monroe School","Ozone","Union",34.974038917,-80.54062183
2024-08-06,15,"Monroe School","Ozone","Union",34.974038917,-80.54062183
2024-08-07,31,"Monroe School","Ozone","Union",34.974038917,-80.54062183
2024-08-08,25,"Monroe School","Ozone","Union",34.974038917,-80.54062183
2024-08-09,31,"Monroe School","Ozone","Union",34.974038917,-80.54062183
2024-08-10,39,"Monroe School","Ozone","Union",34.974038917,-80.54062183
2024-08-11,35,"Monroe School","Ozone","Union",34.974038917,-80.54062183
2024-08-12,33,"Monroe School","Ozone","Union",34.974038917,-80.54062183
2024-08-13,29,"Monroe School","Ozone","Union",34.974038917,-80.54062183
2024-08-14,43,"Monroe School","Ozone","Union",34.974038917,-80.54062183
2024-08-15,43,"Monroe School","Ozone","Union",34.974038917,-80.54062183
2024-08-16,42,"Monroe School","Ozone","Union",34.974038917,-80.54062183
2024-08-17,36,"Monroe School","Ozone","Union",34.974038917,-80.54062183
2024-08-18,39,"Monroe School","Ozone","Union",34.974038917,-80.54062183
2024-08-19,48,"Monroe School","Ozone","Union",34.974038917,-80.54062183
2024-08-20,43,"Monroe School","Ozone","Union",34.974038917,-80.54062183
2024-08-21,40,"Monroe School","Ozone","Union",34.974038917,-80.54062183
2024-08-22,42,"Monroe School","Ozone","Union",34.974038917,-80.54062183
2024-08-23,45,"Monroe School","Ozone","Union",34.974038917,-80.54062183
2024-08-24,48,"Monroe School","Ozone","Union",34.974038917,-80.54062183
2024-08-25,47,"Monroe School","Ozone","Union",34.974038917,-80.54062183
2024-08-26,47,"Monroe School","Ozone","Union",34.974038917,-80.54062183
2024-08-27,64,"Monroe School","Ozone","Union",34.974038917,-80.54062183
2024-08-28,45,"Monroe School","Ozone","Union",34.974038917,-80.54062183
2024-08-29,44,"Monroe School","Ozone","Union",34.974038917,-80.54062183
2024-08-30,34,"Monroe School","Ozone","Union",34.974038917,-80.54062183
2024-08-31,43,"Monroe School","Ozone","Union",34.974038917,-80.54062183
2024-09-01,28,"Monroe School","Ozone","Union",34.974038917,-80.54062183
2024-09-02,33,"Monroe School","Ozone","Union",34.974038917,-80.54062183
2024-09-03,36,"Monroe School","Ozone","Union",34.974038917,-80.54062183
2024-09-04,31,"Monroe School","Ozone","Union",34.974038917,-80.54062183
2024-09-05,36,"Monroe School","Ozone","Union",34.974038917,-80.54062183
2024-09-06,35,"Monroe School","Ozone","Union",34.974038917,-80.54062183
2024-09-07,45,"Monroe School","Ozone","Union",34.974038917,-80.54062183
2024-09-08,32,"Monroe School","Ozone","Union",34.974038917,-80.54062183
2024-09-09,38,"Monroe School","Ozone","Union",34.974038917,-80.54062183
2024-09-10,44,"Monroe School","Ozone","Union",34.974038917,-80.54062183
2024-09-11,41,"Monroe School","Ozone","Union",34.974038917,-80.54062183
2024-09-12,44,"Monroe School","Ozone","Union",34.974038917,-80.54062183
2024-09-13,31,"Monroe School","Ozone","Union",34.974038917,-80.54062183
2024-09-14,32,"Monroe School","Ozone","Union",34.974038917,-80.54062183
2024-09-15,29,"Monroe School","Ozone","Union",34.974038917,-80.54062183
2024-09-16,27,"Monroe School","Ozone","Union",34.974038917,-80.54062183
2024-09-17,24,"Monroe School","Ozone","Union",34.974038917,-80.54062183
2024-09-18,32,"Monroe School","Ozone","Union",34.974038917,-80.54062183
2024-09-19,30,"Monroe School","Ozone","Union",34.974038917,-80.54062183
2024-09-20,37,"Monroe School","Ozone","Union",34.974038917,-80.54062183
2024-09-21,36,"Monroe School","Ozone","Union",34.974038917,-80.54062183
2024-09-22,48,"Monroe School","Ozone","Union",34.974038917,-80.54062183
2024-09-23,24,"Monroe School","Ozone","Union",34.974038917,-80.54062183
2024-09-24,34,"Monroe School","Ozone","Union",34.974038917,-80.54062183
2024-09-25,38,"Monroe School","Ozone","Union",34.974038917,-80.54062183
2024-09-26,26,"Monroe School","Ozone","Union",34.974038917,-80.54062183
2024-09-27,28,"Monroe School","Ozone","Union",34.974038917,-80.54062183
2024-09-28,39,"Monroe School","Ozone","Union",34.974038917,-80.54062183
2024-09-29,34,"Monroe School","Ozone","Union",34.974038917,-80.54062183
2024-09-30,34,"Monroe School","Ozone","Union",34.974038917,-80.54062183
2024-10-01,29,"Monroe School","Ozone","Union",34.974038917,-80.54062183
2024-10-02,34,"Monroe School","Ozone","Union",34.974038917,-80.54062183
2024-10-03,34,"Monroe School","Ozone","Union",34.974038917,-80.54062183
2024-10-04,31,"Monroe School","Ozone","Union",34.974038917,-80.54062183
2024-10-05,43,"Monroe School","Ozone","Union",34.974038917,-80.54062183
2024-10-06,30,"Monroe School","Ozone","Union",34.974038917,-80.54062183
2024-10-07,64,"Monroe School","Ozone","Union",34.974038917,-80.54062183
2024-10-08,38,"Monroe School","Ozone","Union",34.974038917,-80.54062183
2024-10-09,42,"Monroe School","Ozone","Union",34.974038917,-80.54062183
2024-10-10,41,"Monroe School","Ozone","Union",34.974038917,-80.54062183
2024-10-11,33,"Monroe School","Ozone","Union",34.974038917,-80.54062183
2024-10-12,44,"Monroe School","Ozone","Union",34.974038917,-80.54062183
2024-10-13,44,"Monroe School","Ozone","Union",34.974038917,-80.54062183
2024-10-14,46,"Monroe School","Ozone","Union",34.974038917,-80.54062183
2024-10-15,34,"Monroe School","Ozone","Union",34.974038917,-80.54062183
2024-10-16,28,"Monroe School","Ozone","Union",34.974038917,-80.54062183
2024-10-17,34,"Monroe School","Ozone","Union",34.974038917,-80.54062183
2024-10-18,42,"Monroe School","Ozone","Union",34.974038917,-80.54062183
2024-10-19,41,"Monroe School","Ozone","Union",34.974038917,-80.54062183
2024-10-20,44,"Monroe School","Ozone","Union",34.974038917,-80.54062183
2024-10-21,43,"Monroe School","Ozone","Union",34.974038917,-80.54062183
2024-10-22,44,"Monroe School","Ozone","Union",34.974038917,-80.54062183
2024-10-23,45,"Monroe School","Ozone","Union",34.974038917,-80.54062183
2024-10-24,50,"Monroe School","Ozone","Union",34.974038917,-80.54062183
2024-10-25,46,"Monroe School","Ozone","Union",34.974038917,-80.54062183
2024-10-26,54,"Monroe School","Ozone","Union",34.974038917,-80.54062183
2024-10-27,32,"Monroe School","Ozone","Union",34.974038917,-80.54062183
2024-10-28,38,"Monroe School","Ozone","Union",34.974038917,-80.54062183
2024-10-29,33,"Monroe School","Ozone","Union",34.974038917,-80.54062183
2024-10-30,33,"Monroe School","Ozone","Union",34.974038917,-80.54062183
2024-10-31,38,"Monroe School","Ozone","Union",34.974038917,-80.54062183
2024-01-01,25,"Millbrook School","Ozone","Wake",35.856111,-78.574167
2024-01-02,23,"Millbrook School","Ozone","Wake",35.856111,-78.574167
2024-01-03,21,"Millbrook School","Ozone","Wake",35.856111,-78.574167
2024-01-04,28,"Millbrook School","Ozone","Wake",35.856111,-78.574167
2024-01-05,30,"Millbrook School","Ozone","Wake",35.856111,-78.574167
2024-01-06,24,"Millbrook School","Ozone","Wake",35.856111,-78.574167
2024-01-07,30,"Millbrook School","Ozone","Wake",35.856111,-78.574167
2024-01-08,30,"Millbrook School","Ozone","Wake",35.856111,-78.574167
2024-01-10,21,"Millbrook School","Ozone","Wake",35.856111,-78.574167
2024-01-11,23,"Millbrook School","Ozone","Wake",35.856111,-78.574167
2024-01-12,34,"Millbrook School","Ozone","Wake",35.856111,-78.574167
2024-01-13,32,"Millbrook School","Ozone","Wake",35.856111,-78.574167
2024-01-14,33,"Millbrook School","Ozone","Wake",35.856111,-78.574167
2024-01-15,23,"Millbrook School","Ozone","Wake",35.856111,-78.574167
2024-01-16,29,"Millbrook School","Ozone","Wake",35.856111,-78.574167
2024-01-17,31,"Millbrook School","Ozone","Wake",35.856111,-78.574167
2024-01-18,32,"Millbrook School","Ozone","Wake",35.856111,-78.574167
2024-01-19,33,"Millbrook School","Ozone","Wake",35.856111,-78.574167
2024-01-20,31,"Millbrook School","Ozone","Wake",35.856111,-78.574167
2024-01-21,33,"Millbrook School","Ozone","Wake",35.856111,-78.574167
2024-01-22,32,"Millbrook School","Ozone","Wake",35.856111,-78.574167
2024-01-23,10,"Millbrook School","Ozone","Wake",35.856111,-78.574167
2024-01-24,32,"Millbrook School","Ozone","Wake",35.856111,-78.574167
2024-01-25,23,"Millbrook School","Ozone","Wake",35.856111,-78.574167
2024-01-26,22,"Millbrook School","Ozone","Wake",35.856111,-78.574167
2024-01-27,26,"Millbrook School","Ozone","Wake",35.856111,-78.574167
2024-01-28,24,"Millbrook School","Ozone","Wake",35.856111,-78.574167
2024-01-29,31,"Millbrook School","Ozone","Wake",35.856111,-78.574167
2024-01-30,29,"Millbrook School","Ozone","Wake",35.856111,-78.574167
2024-01-31,24,"Millbrook School","Ozone","Wake",35.856111,-78.574167
2024-02-01,25,"Millbrook School","Ozone","Wake",35.856111,-78.574167
2024-02-02,35,"Millbrook School","Ozone","Wake",35.856111,-78.574167
2024-02-03,26,"Millbrook School","Ozone","Wake",35.856111,-78.574167
2024-02-04,32,"Millbrook School","Ozone","Wake",35.856111,-78.574167
2024-02-05,39,"Millbrook School","Ozone","Wake",35.856111,-78.574167
2024-02-06,36,"Millbrook School","Ozone","Wake",35.856111,-78.574167
2024-02-07,35,"Millbrook School","Ozone","Wake",35.856111,-78.574167
2024-02-08,29,"Millbrook School","Ozone","Wake",35.856111,-78.574167
2024-02-09,27,"Millbrook School","Ozone","Wake",35.856111,-78.574167
2024-02-10,35,"Millbrook School","Ozone","Wake",35.856111,-78.574167
2024-02-11,22,"Millbrook School","Ozone","Wake",35.856111,-78.574167
2024-02-12,31,"Millbrook School","Ozone","Wake",35.856111,-78.574167
2024-02-13,36,"Millbrook School","Ozone","Wake",35.856111,-78.574167
2024-02-14,39,"Millbrook School","Ozone","Wake",35.856111,-78.574167
2024-02-15,41,"Millbrook School","Ozone","Wake",35.856111,-78.574167
2024-02-16,36,"Millbrook School","Ozone","Wake",35.856111,-78.574167
2024-02-17,37,"Millbrook School","Ozone","Wake",35.856111,-78.574167
2024-02-18,34,"Millbrook School","Ozone","Wake",35.856111,-78.574167
2024-02-19,41,"Millbrook School","Ozone","Wake",35.856111,-78.574167
2024-02-20,43,"Millbrook School","Ozone","Wake",35.856111,-78.574167
2024-02-21,43,"Millbrook School","Ozone","Wake",35.856111,-78.574167
2024-02-22,58,"Millbrook School","Ozone","Wake",35.856111,-78.574167
2024-02-23,29,"Millbrook School","Ozone","Wake",35.856111,-78.574167
2024-02-24,37,"Millbrook School","Ozone","Wake",35.856111,-78.574167
2024-02-25,35,"Millbrook School","Ozone","Wake",35.856111,-78.574167
2024-02-29,34,"Millbrook School","Ozone","Wake",35.856111,-78.574167
2024-03-01,33,"Millbrook School","Ozone","Wake",35.856111,-78.574167
2024-03-02,31,"Millbrook School","Ozone","Wake",35.856111,-78.574167
2024-03-03,31,"Millbrook School","Ozone","Wake",35.856111,-78.574167
2024-03-04,35,"Millbrook School","Ozone","Wake",35.856111,-78.574167
2024-03-05,29,"Millbrook School","Ozone","Wake",35.856111,-78.574167
2024-03-06,26,"Millbrook School","Ozone","Wake",35.856111,-78.574167
2024-03-07,37,"Millbrook School","Ozone","Wake",35.856111,-78.574167
2024-03-08,34,"Millbrook School","Ozone","Wake",35.856111,-78.574167
2024-03-09,28,"Millbrook School","Ozone","Wake",35.856111,-78.574167
2024-03-10,42,"Millbrook School","Ozone","Wake",35.856111,-78.574167
2024-03-11,43,"Millbrook School","Ozone","Wake",35.856111,-78.574167
2024-03-12,43,"Millbrook School","Ozone","Wake",35.856111,-78.574167
2024-03-13,50,"Millbrook School","Ozone","Wake",35.856111,-78.574167
2024-03-14,74,"Millbrook School","Ozone","Wake",35.856111,-78.574167
2024-03-15,44,"Millbrook School","Ozone","Wake",35.856111,-78.574167
2024-03-16,42,"Millbrook School","Ozone","Wake",35.856111,-78.574167
2024-03-17,43,"Millbrook School","Ozone","Wake",35.856111,-78.574167
2024-03-18,44,"Millbrook School","Ozone","Wake",35.856111,-78.574167
2024-03-19,37,"Millbrook School","Ozone","Wake",35.856111,-78.574167
2024-03-20,47,"Millbrook School","Ozone","Wake",35.856111,-78.574167
2024-03-21,44,"Millbrook School","Ozone","Wake",35.856111,-78.574167
2024-03-22,38,"Millbrook School","Ozone","Wake",35.856111,-78.574167
2024-03-23,37,"Millbrook School","Ozone","Wake",35.856111,-78.574167
2024-03-24,44,"Millbrook School","Ozone","Wake",35.856111,-78.574167
2024-03-25,44,"Millbrook School","Ozone","Wake",35.856111,-78.574167
2024-03-26,40,"Millbrook School","Ozone","Wake",35.856111,-78.574167
2024-03-27,18,"Millbrook School","Ozone","Wake",35.856111,-78.574167
2024-03-28,33,"Millbrook School","Ozone","Wake",35.856111,-78.574167
2024-03-29,50,"Millbrook School","Ozone","Wake",35.856111,-78.574167
2024-03-30,54,"Millbrook School","Ozone","Wake",35.856111,-78.574167
2024-03-31,51,"Millbrook School","Ozone","Wake",35.856111,-78.574167
2024-04-01,43,"Millbrook School","Ozone","Wake",35.856111,-78.574167
2024-04-02,44,"Millbrook School","Ozone","Wake",35.856111,-78.574167
2024-04-03,44,"Millbrook School","Ozone","Wake",35.856111,-78.574167
2024-04-04,40,"Millbrook School","Ozone","Wake",35.856111,-78.574167
2024-04-05,41,"Millbrook School","Ozone","Wake",35.856111,-78.574167
2024-04-06,41,"Millbrook School","Ozone","Wake",35.856111,-78.574167
2024-04-07,44,"Millbrook School","Ozone","Wake",35.856111,-78.574167
2024-04-08,47,"Millbrook School","Ozone","Wake",35.856111,-78.574167
2024-04-09,38,"Millbrook School","Ozone","Wake",35.856111,-78.574167
2024-04-10,37,"Millbrook School","Ozone","Wake",35.856111,-78.574167
2024-04-11,37,"Millbrook School","Ozone","Wake",35.856111,-78.574167
2024-04-12,49,"Millbrook School","Ozone","Wake",35.856111,-78.574167
2024-04-13,47,"Millbrook School","Ozone","Wake",35.856111,-78.574167
2024-04-14,51,"Millbrook School","Ozone","Wake",35.856111,-78.574167
2024-04-15,61,"Millbrook School","Ozone","Wake",35.856111,-78.574167
2024-04-16,47,"Millbrook School","Ozone","Wake",35.856111,-78.574167
2024-04-17,45,"Millbrook School","Ozone","Wake",35.856111,-78.574167
2024-04-18,46,"Millbrook School","Ozone","Wake",35.856111,-78.574167
2024-04-19,43,"Millbrook School","Ozone","Wake",35.856111,-78.574167
2024-04-20,37,"Millbrook School","Ozone","Wake",35.856111,-78.574167
2024-04-21,28,"Millbrook School","Ozone","Wake",35.856111,-78.574167
2024-04-22,39,"Millbrook School","Ozone","Wake",35.856111,-78.574167
2024-04-23,47,"Millbrook School","Ozone","Wake",35.856111,-78.574167
2024-04-24,36,"Millbrook School","Ozone","Wake",35.856111,-78.574167
2024-04-25,48,"Millbrook School","Ozone","Wake",35.856111,-78.574167
2024-04-26,44,"Millbrook School","Ozone","Wake",35.856111,-78.574167
2024-04-27,41,"Millbrook School","Ozone","Wake",35.856111,-78.574167
2024-04-28,42,"Millbrook School","Ozone","Wake",35.856111,-78.574167
2024-04-29,49,"Millbrook School","Ozone","Wake",35.856111,-78.574167
2024-04-30,42,"Millbrook School","Ozone","Wake",35.856111,-78.574167
2024-05-01,48,"Millbrook School","Ozone","Wake",35.856111,-78.574167
2024-05-02,61,"Millbrook School","Ozone","Wake",35.856111,-78.574167
2024-05-03,54,"Millbrook School","Ozone","Wake",35.856111,-78.574167
2024-05-04,23,"Millbrook School","Ozone","Wake",35.856111,-78.574167
2024-05-05,23,"Millbrook School","Ozone","Wake",35.856111,-78.574167
2024-05-06,31,"Millbrook School","Ozone","Wake",35.856111,-78.574167
2024-05-07,41,"Millbrook School","Ozone","Wake",35.856111,-78.574167
2024-05-08,38,"Millbrook School","Ozone","Wake",35.856111,-78.574167
2024-05-09,44,"Millbrook School","Ozone","Wake",35.856111,-78.574167
2024-05-10,47,"Millbrook School","Ozone","Wake",35.856111,-78.574167
2024-05-11,42,"Millbrook School","Ozone","Wake",35.856111,-78.574167
2024-05-12,45,"Millbrook School","Ozone","Wake",35.856111,-78.574167
2024-05-13,44,"Millbrook School","Ozone","Wake",35.856111,-78.574167
2024-05-14,34,"Millbrook School","Ozone","Wake",35.856111,-78.574167
2024-05-15,34,"Millbrook School","Ozone","Wake",35.856111,-78.574167
2024-05-16,40,"Millbrook School","Ozone","Wake",35.856111,-78.574167
2024-05-17,39,"Millbrook School","Ozone","Wake",35.856111,-78.574167
2024-05-18,31,"Millbrook School","Ozone","Wake",35.856111,-78.574167
2024-05-19,34,"Millbrook School","Ozone","Wake",35.856111,-78.574167
2024-05-20,38,"Millbrook School","Ozone","Wake",35.856111,-78.574167
2024-05-21,42,"Millbrook School","Ozone","Wake",35.856111,-78.574167
2024-05-22,50,"Millbrook School","Ozone","Wake",35.856111,-78.574167
2024-05-23,54,"Millbrook School","Ozone","Wake",35.856111,-78.574167
2024-05-24,41,"Millbrook School","Ozone","Wake",35.856111,-78.574167
2024-05-25,50,"Millbrook School","Ozone","Wake",35.856111,-78.574167
2024-05-26,48,"Millbrook School","Ozone","Wake",35.856111,-78.574167
2024-05-27,36,"Millbrook School","Ozone","Wake",35.856111,-78.574167
2024-05-28,46,"Millbrook School","Ozone","Wake",35.856111,-78.574167
2024-05-29,61,"Millbrook School","Ozone","Wake",35.856111,-78.574167
2024-05-30,42,"Millbrook School","Ozone","Wake",35.856111,-78.574167
2024-05-31,45,"Millbrook School","Ozone","Wake",35.856111,-78.574167
2024-06-01,51,"Millbrook School","Ozone","Wake",35.856111,-78.574167
2024-06-02,44,"Millbrook School","Ozone","Wake",35.856111,-78.574167
2024-06-03,35,"Millbrook School","Ozone","Wake",35.856111,-78.574167
2024-06-04,43,"Millbrook School","Ozone","Wake",35.856111,-78.574167
2024-06-05,38,"Millbrook School","Ozone","Wake",35.856111,-78.574167
2024-06-06,40,"Millbrook School","Ozone","Wake",35.856111,-78.574167
2024-06-07,74,"Millbrook School","Ozone","Wake",35.856111,-78.574167
2024-06-08,77,"Millbrook School","Ozone","Wake",35.856111,-78.574167
2024-06-09,49,"Millbrook School","Ozone","Wake",35.856111,-78.574167
2024-06-10,64,"Millbrook School","Ozone","Wake",35.856111,-78.574167
2024-06-11,44,"Millbrook School","Ozone","Wake",35.856111,-78.574167
2024-06-12,54,"Millbrook School","Ozone","Wake",35.856111,-78.574167
2024-06-13,58,"Millbrook School","Ozone","Wake",35.856111,-78.574167
2024-06-14,80,"Millbrook School","Ozone","Wake",35.856111,-78.574167
2024-06-15,71,"Millbrook School","Ozone","Wake",35.856111,-78.574167
2024-06-16,54,"Millbrook School","Ozone","Wake",35.856111,-78.574167
2024-06-17,54,"Millbrook School","Ozone","Wake",35.856111,-78.574167
2024-06-18,47,"Millbrook School","Ozone","Wake",35.856111,-78.574167
2024-06-19,43,"Millbrook School","Ozone","Wake",35.856111,-78.574167
2024-06-20,42,"Millbrook School","Ozone","Wake",35.856111,-78.574167
2024-06-21,46,"Millbrook School","Ozone","Wake",35.856111,-78.574167
2024-06-22,27,"Millbrook School","Ozone","Wake",35.856111,-78.574167
2024-06-23,30,"Millbrook School","Ozone","Wake",35.856111,-78.574167
2024-06-24,61,"Millbrook School","Ozone","Wake",35.856111,-78.574167
2024-06-25,80,"Millbrook School","Ozone","Wake",35.856111,-78.574167
2024-06-26,74,"Millbrook School","Ozone","Wake",35.856111,-78.574167
2024-06-27,45,"Millbrook School","Ozone","Wake",35.856111,-78.574167
2024-06-28,67,"Millbrook School","Ozone","Wake",35.856111,-78.574167
2024-06-29,45,"Millbrook School","Ozone","Wake",35.856111,-78.574167
2024-06-30,34,"Millbrook School","Ozone","Wake",35.856111,-78.574167
2024-07-01,37,"Millbrook School","Ozone","Wake",35.856111,-78.574167
2024-07-02,54,"Millbrook School","Ozone","Wake",35.856111,-78.574167
2024-07-03,71,"Millbrook School","Ozone","Wake",35.856111,-78.574167
2024-07-04,45,"Millbrook School","Ozone","Wake",35.856111,-78.574167
2024-07-05,41,"Millbrook School","Ozone","Wake",35.856111,-78.574167
2024-07-06,48,"Millbrook School","Ozone","Wake",35.856111,-78.574167
2024-07-07,28,"Millbrook School","Ozone","Wake",35.856111,-78.574167
2024-07-08,44,"Millbrook School","Ozone","Wake",35.856111,-78.574167
2024-07-09,42,"Millbrook School","Ozone","Wake",35.856111,-78.574167
2024-07-10,36,"Millbrook School","Ozone","Wake",35.856111,-78.574167
2024-07-11,44,"Millbrook School","Ozone","Wake",35.856111,-78.574167
2024-07-12,22,"Millbrook School","Ozone","Wake",35.856111,-78.574167
2024-07-13,36,"Millbrook School","Ozone","Wake",35.856111,-78.574167
2024-07-14,47,"Millbrook School","Ozone","Wake",35.856111,-78.574167
2024-07-15,93,"Millbrook School","Ozone","Wake",35.856111,-78.574167
2024-07-16,58,"Millbrook School","Ozone","Wake",35.856111,-78.574167
2024-07-19,35,"Millbrook School","Ozone","Wake",35.856111,-78.574167
2024-07-20,34,"Millbrook School","Ozone","Wake",35.856111,-78.574167
2024-07-21,40,"Millbrook School","Ozone","Wake",35.856111,-78.574167
2024-07-22,31,"Millbrook School","Ozone","Wake",35.856111,-78.574167
2024-07-23,32,"Millbrook School","Ozone","Wake",35.856111,-78.574167
2024-07-24,31,"Millbrook School","Ozone","Wake",35.856111,-78.574167
2024-07-25,24,"Millbrook School","Ozone","Wake",35.856111,-78.574167
2024-07-26,30,"Millbrook School","Ozone","Wake",35.856111,-78.574167
2024-07-27,40,"Millbrook School","Ozone","Wake",35.856111,-78.574167
2024-07-28,49,"Millbrook School","Ozone","Wake",35.856111,-78.574167
2024-07-29,29,"Millbrook School","Ozone","Wake",35.856111,-78.574167
2024-07-30,37,"Millbrook School","Ozone","Wake",35.856111,-78.574167
2024-07-31,50,"Millbrook School","Ozone","Wake",35.856111,-78.574167
2024-08-01,54,"Millbrook School","Ozone","Wake",35.856111,-78.574167
2024-08-02,39,"Millbrook School","Ozone","Wake",35.856111,-78.574167
2024-08-03,31,"Millbrook School","Ozone","Wake",35.856111,-78.574167
2024-08-04,31,"Millbrook School","Ozone","Wake",35.856111,-78.574167
2024-08-05,30,"Millbrook School","Ozone","Wake",35.856111,-78.574167
2024-08-06,15,"Millbrook School","Ozone","Wake",35.856111,-78.574167
2024-08-07,25,"Millbrook School","Ozone","Wake",35.856111,-78.574167
2024-08-08,27,"Millbrook School","Ozone","Wake",35.856111,-78.574167
2024-08-09,27,"Millbrook School","Ozone","Wake",35.856111,-78.574167
2024-08-10,40,"Millbrook School","Ozone","Wake",35.856111,-78.574167
2024-08-11,33,"Millbrook School","Ozone","Wake",35.856111,-78.574167
2024-08-12,33,"Millbrook School","Ozone","Wake",35.856111,-78.574167
2024-08-13,37,"Millbrook School","Ozone","Wake",35.856111,-78.574167
2024-08-14,43,"Millbrook School","Ozone","Wake",35.856111,-78.574167
2024-08-15,40,"Millbrook School","Ozone","Wake",35.856111,-78.574167
2024-08-16,61,"Millbrook School","Ozone","Wake",35.856111,-78.574167
2024-08-17,42,"Millbrook School","Ozone","Wake",35.856111,-78.574167
2024-08-18,41,"Millbrook School","Ozone","Wake",35.856111,-78.574167
2024-08-19,41,"Millbrook School","Ozone","Wake",35.856111,-78.574167
2024-08-20,31,"Millbrook School","Ozone","Wake",35.856111,-78.574167
2024-08-21,38,"Millbrook School","Ozone","Wake",35.856111,-78.574167
2024-08-22,41,"Millbrook School","Ozone","Wake",35.856111,-78.574167
2024-08-23,42,"Millbrook School","Ozone","Wake",35.856111,-78.574167
2024-08-24,43,"Millbrook School","Ozone","Wake",35.856111,-78.574167
2024-08-25,45,"Millbrook School","Ozone","Wake",35.856111,-78.574167
2024-08-26,61,"Millbrook School","Ozone","Wake",35.856111,-78.574167
2024-08-27,112,"Millbrook School","Ozone","Wake",35.856111,-78.574167
2024-08-28,97,"Millbrook School","Ozone","Wake",35.856111,-78.574167
2024-08-29,51,"Millbrook School","Ozone","Wake",35.856111,-78.574167
2024-08-30,43,"Millbrook School","Ozone","Wake",35.856111,-78.574167
2024-08-31,49,"Millbrook School","Ozone","Wake",35.856111,-78.574167
2024-09-01,32,"Millbrook School","Ozone","Wake",35.856111,-78.574167
2024-09-02,30,"Millbrook School","Ozone","Wake",35.856111,-78.574167
2024-09-03,34,"Millbrook School","Ozone","Wake",35.856111,-78.574167
2024-09-04,31,"Millbrook School","Ozone","Wake",35.856111,-78.574167
2024-09-05,33,"Millbrook School","Ozone","Wake",35.856111,-78.574167
2024-09-06,38,"Millbrook School","Ozone","Wake",35.856111,-78.574167
2024-09-07,38,"Millbrook School","Ozone","Wake",35.856111,-78.574167
2024-09-08,33,"Millbrook School","Ozone","Wake",35.856111,-78.574167
2024-09-09,35,"Millbrook School","Ozone","Wake",35.856111,-78.574167
2024-09-10,54,"Millbrook School","Ozone","Wake",35.856111,-78.574167
2024-09-11,46,"Millbrook School","Ozone","Wake",35.856111,-78.574167
2024-09-12,42,"Millbrook School","Ozone","Wake",35.856111,-78.574167
2024-09-13,24,"Millbrook School","Ozone","Wake",35.856111,-78.574167
2024-09-14,31,"Millbrook School","Ozone","Wake",35.856111,-78.574167
2024-09-15,29,"Millbrook School","Ozone","Wake",35.856111,-78.574167
2024-09-16,28,"Millbrook School","Ozone","Wake",35.856111,-78.574167
2024-09-17,21,"Millbrook School","Ozone","Wake",35.856111,-78.574167
2024-09-18,36,"Millbrook School","Ozone","Wake",35.856111,-78.574167
2024-09-19,21,"Millbrook School","Ozone","Wake",35.856111,-78.574167
2024-09-20,40,"Millbrook School","Ozone","Wake",35.856111,-78.574167
2024-09-21,42,"Millbrook School","Ozone","Wake",35.856111,-78.574167
2024-09-22,30,"Millbrook School","Ozone","Wake",35.856111,-78.574167
2024-09-23,35,"Millbrook School","Ozone","Wake",35.856111,-78.574167
2024-09-24,24,"Millbrook School","Ozone","Wake",35.856111,-78.574167
2024-09-25,32,"Millbrook School","Ozone","Wake",35.856111,-78.574167
2024-09-26,20,"Millbrook School","Ozone","Wake",35.856111,-78.574167
2024-09-27,22,"Millbrook School","Ozone","Wake",35.856111,-78.574167
2024-09-28,40,"Millbrook School","Ozone","Wake",35.856111,-78.574167
2024-09-29,34,"Millbrook School","Ozone","Wake",35.856111,-78.574167
2024-09-30,27,"Millbrook School","Ozone","Wake",35.856111,-78.574167
2024-10-01,20,"Millbrook School","Ozone","Wake",35.856111,-78.574167
2024-10-02,23,"Millbrook School","Ozone","Wake",35.856111,-78.574167
2024-10-03,27,"Millbrook School","Ozone","Wake",35.856111,-78.574167
2024-10-04,35,"Millbrook School","Ozone","Wake",35.856111,-78.574167
2024-10-05,30,"Millbrook School","Ozone","Wake",35.856111,-78.574167
2024-10-06,44,"Millbrook School","Ozone","Wake",35.856111,-78.574167
2024-10-07,43,"Millbrook School","Ozone","Wake",35.856111,-78.574167
2024-10-08,33,"Millbrook School","Ozone","Wake",35.856111,-78.574167
2024-10-09,38,"Millbrook School","Ozone","Wake",35.856111,-78.574167
2024-10-10,33,"Millbrook School","Ozone","Wake",35.856111,-78.574167
2024-10-11,28,"Millbrook School","Ozone","Wake",35.856111,-78.574167
2024-10-12,41,"Millbrook School","Ozone","Wake",35.856111,-78.574167
2024-10-13,45,"Millbrook School","Ozone","Wake",35.856111,-78.574167
2024-10-14,43,"Millbrook School","Ozone","Wake",35.856111,-78.574167
2024-10-15,31,"Millbrook School","Ozone","Wake",35.856111,-78.574167
2024-10-16,26,"Millbrook School","Ozone","Wake",35.856111,-78.574167
2024-10-17,31,"Millbrook School","Ozone","Wake",35.856111,-78.574167
2024-10-18,34,"Millbrook School","Ozone","Wake",35.856111,-78.574167
2024-10-19,39,"Millbrook School","Ozone","Wake",35.856111,-78.574167
2024-10-20,39,"Millbrook School","Ozone","Wake",35.856111,-78.574167
2024-10-21,42,"Millbrook School","Ozone","Wake",35.856111,-78.574167
2024-10-22,46,"Millbrook School","Ozone","Wake",35.856111,-78.574167
2024-10-23,43,"Millbrook School","Ozone","Wake",35.856111,-78.574167
2024-10-24,43,"Millbrook School","Ozone","Wake",35.856111,-78.574167
2024-10-25,40,"Millbrook School","Ozone","Wake",35.856111,-78.574167
2024-10-26,42,"Millbrook School","Ozone","Wake",35.856111,-78.574167
2024-10-27,27,"Millbrook School","Ozone","Wake",35.856111,-78.574167
2024-10-28,36,"Millbrook School","Ozone","Wake",35.856111,-78.574167
2024-10-29,36,"Millbrook School","Ozone","Wake",35.856111,-78.574167
2024-10-30,33,"Millbrook School","Ozone","Wake",35.856111,-78.574167
2024-10-31,34,"Millbrook School","Ozone","Wake",35.856111,-78.574167
2024-11-01,31,"Millbrook School","Ozone","Wake",35.856111,-78.574167
2024-11-02,34,"Millbrook School","Ozone","Wake",35.856111,-78.574167
2024-11-03,37,"Millbrook School","Ozone","Wake",35.856111,-78.574167
2024-11-04,31,"Millbrook School","Ozone","Wake",35.856111,-78.574167
2024-11-05,31,"Millbrook School","Ozone","Wake",35.856111,-78.574167
2024-11-06,29,"Millbrook School","Ozone","Wake",35.856111,-78.574167
2024-11-07,25,"Millbrook School","Ozone","Wake",35.856111,-78.574167
2024-11-08,27,"Millbrook School","Ozone","Wake",35.856111,-78.574167
2024-11-09,34,"Millbrook School","Ozone","Wake",35.856111,-78.574167
2024-11-10,26,"Millbrook School","Ozone","Wake",35.856111,-78.574167
2024-11-11,19,"Millbrook School","Ozone","Wake",35.856111,-78.574167
2024-11-12,33,"Millbrook School","Ozone","Wake",35.856111,-78.574167
2024-11-13,31,"Millbrook School","Ozone","Wake",35.856111,-78.574167
2024-11-14,24,"Millbrook School","Ozone","Wake",35.856111,-78.574167
2024-11-15,27,"Millbrook School","Ozone","Wake",35.856111,-78.574167
2024-11-16,28,"Millbrook School","Ozone","Wake",35.856111,-78.574167
2024-11-17,31,"Millbrook School","Ozone","Wake",35.856111,-78.574167
2024-11-18,32,"Millbrook School","Ozone","Wake",35.856111,-78.574167
2024-11-19,29,"Millbrook School","Ozone","Wake",35.856111,-78.574167
2024-11-20,31,"Millbrook School","Ozone","Wake",35.856111,-78.574167
2024-11-21,33,"Millbrook School","Ozone","Wake",35.856111,-78.574167
2024-11-22,18,"Millbrook School","Ozone","Wake",35.856111,-78.574167
2024-11-23,20,"Millbrook School","Ozone","Wake",35.856111,-78.574167
2024-11-24,24,"Millbrook School","Ozone","Wake",35.856111,-78.574167
2024-11-25,27,"Millbrook School","Ozone","Wake",35.856111,-78.574167
2024-11-26,28,"Millbrook School","Ozone","Wake",35.856111,-78.574167
2024-11-27,27,"Millbrook School","Ozone","Wake",35.856111,-78.574167
2024-11-28,28,"Millbrook School","Ozone","Wake",35.856111,-78.574167
2024-11-29,31,"Millbrook School","Ozone","Wake",35.856111,-78.574167
2024-11-30,34,"Millbrook School","Ozone","Wake",35.856111,-78.574167
2024-12-01,31,"Millbrook School","Ozone","Wake",35.856111,-78.574167
2024-12-02,33,"Millbrook School","Ozone","Wake",35.856111,-78.574167
2024-12-03,27,"Millbrook School","Ozone","Wake",35.856111,-78.574167
2024-12-04,31,"Millbrook School","Ozone","Wake",35.856111,-78.574167
2024-12-05,34,"Millbrook School","Ozone","Wake",35.856111,-78.574167
2024-12-06,28,"Millbrook School","Ozone","Wake",35.856111,-78.574167
2024-12-07,31,"Millbrook School","Ozone","Wake",35.856111,-78.574167
2024-12-08,35,"Millbrook School","Ozone","Wake",35.856111,-78.574167
2024-12-09,27,"Millbrook School","Ozone","Wake",35.856111,-78.574167
2024-12-10,26,"Millbrook School","Ozone","Wake",35.856111,-78.574167
2024-12-13,24,"Millbrook School","Ozone","Wake",35.856111,-78.574167
2024-12-14,26,"Millbrook School","Ozone","Wake",35.856111,-78.574167
2024-12-15,27,"Millbrook School","Ozone","Wake",35.856111,-78.574167
2024-12-16,9,"Millbrook School","Ozone","Wake",35.856111,-78.574167
2024-12-17,26,"Millbrook School","Ozone","Wake",35.856111,-78.574167
2024-12-18,21,"Millbrook School","Ozone","Wake",35.856111,-78.574167
2024-12-19,25,"Millbrook School","Ozone","Wake",35.856111,-78.574167
2024-12-20,19,"Millbrook School","Ozone","Wake",35.856111,-78.574167
2024-12-21,27,"Millbrook School","Ozone","Wake",35.856111,-78.574167
2024-12-22,33,"Millbrook School","Ozone","Wake",35.856111,-78.574167
2024-12-23,32,"Millbrook School","Ozone","Wake",35.856111,-78.574167
2024-12-24,30,"Millbrook School","Ozone","Wake",35.856111,-78.574167
2024-12-25,29,"Millbrook School","Ozone","Wake",35.856111,-78.574167
2024-12-26,28,"Millbrook School","Ozone","Wake",35.856111,-78.574167
2024-12-27,22,"Millbrook School","Ozone","Wake",35.856111,-78.574167
2024-12-28,30,"Millbrook School","Ozone","Wake",35.856111,-78.574167
2024-12-29,36,"Millbrook School","Ozone","Wake",35.856111,-78.574167
2024-12-30,32,"Millbrook School","Ozone","Wake",35.856111,-78.574167
2024-03-05,40,"Mt. Mitchell","Ozone","Yancey",35.765413,-82.264944
2024-03-06,39,"Mt. Mitchell","Ozone","Yancey",35.765413,-82.264944
2024-03-07,36,"Mt. Mitchell","Ozone","Yancey",35.765413,-82.264944
2024-03-08,35,"Mt. Mitchell","Ozone","Yancey",35.765413,-82.264944
2024-03-09,35,"Mt. Mitchell","Ozone","Yancey",35.765413,-82.264944
2024-03-10,41,"Mt. Mitchell","Ozone","Yancey",35.765413,-82.264944
2024-03-11,48,"Mt. Mitchell","Ozone","Yancey",35.765413,-82.264944
2024-03-12,47,"Mt. Mitchell","Ozone","Yancey",35.765413,-82.264944
2024-03-13,61,"Mt. Mitchell","Ozone","Yancey",35.765413,-82.264944
2024-03-14,67,"Mt. Mitchell","Ozone","Yancey",35.765413,-82.264944
2024-03-15,40,"Mt. Mitchell","Ozone","Yancey",35.765413,-82.264944
2024-03-16,39,"Mt. Mitchell","Ozone","Yancey",35.765413,-82.264944
2024-03-17,42,"Mt. Mitchell","Ozone","Yancey",35.765413,-82.264944
2024-03-18,42,"Mt. Mitchell","Ozone","Yancey",35.765413,-82.264944
2024-03-19,44,"Mt. Mitchell","Ozone","Yancey",35.765413,-82.264944
2024-03-20,48,"Mt. Mitchell","Ozone","Yancey",35.765413,-82.264944
2024-03-21,50,"Mt. Mitchell","Ozone","Yancey",35.765413,-82.264944
2024-03-22,48,"Mt. Mitchell","Ozone","Yancey",35.765413,-82.264944
2024-03-23,74,"Mt. Mitchell","Ozone","Yancey",35.765413,-82.264944
2024-03-24,80,"Mt. Mitchell","Ozone","Yancey",35.765413,-82.264944
2024-03-25,74,"Mt. Mitchell","Ozone","Yancey",35.765413,-82.264944
2024-03-26,44,"Mt. Mitchell","Ozone","Yancey",35.765413,-82.264944
2024-03-27,40,"Mt. Mitchell","Ozone","Yancey",35.765413,-82.264944
2024-03-28,46,"Mt. Mitchell","Ozone","Yancey",35.765413,-82.264944
2024-03-29,51,"Mt. Mitchell","Ozone","Yancey",35.765413,-82.264944
2024-03-30,58,"Mt. Mitchell","Ozone","Yancey",35.765413,-82.264944
2024-03-31,46,"Mt. Mitchell","Ozone","Yancey",35.765413,-82.264944
2024-04-01,42,"Mt. Mitchell","Ozone","Yancey",35.765413,-82.264944
2024-04-02,54,"Mt. Mitchell","Ozone","Yancey",35.765413,-82.264944
2024-04-03,43,"Mt. Mitchell","Ozone","Yancey",35.765413,-82.264944
2024-04-04,40,"Mt. Mitchell","Ozone","Yancey",35.765413,-82.264944
2024-04-05,37,"Mt. Mitchell","Ozone","Yancey",35.765413,-82.264944
2024-04-06,44,"Mt. Mitchell","Ozone","Yancey",35.765413,-82.264944
2024-04-07,58,"Mt. Mitchell","Ozone","Yancey",35.765413,-82.264944
2024-04-08,51,"Mt. Mitchell","Ozone","Yancey",35.765413,-82.264944
2024-04-09,61,"Mt. Mitchell","Ozone","Yancey",35.765413,-82.264944
2024-04-10,41,"Mt. Mitchell","Ozone","Yancey",35.765413,-82.264944
2024-04-11,46,"Mt. Mitchell","Ozone","Yancey",35.765413,-82.264944
2024-04-12,44,"Mt. Mitchell","Ozone","Yancey",35.765413,-82.264944
2024-04-13,58,"Mt. Mitchell","Ozone","Yancey",35.765413,-82.264944
2024-04-14,71,"Mt. Mitchell","Ozone","Yancey",35.765413,-82.264944
2024-04-15,49,"Mt. Mitchell","Ozone","Yancey",35.765413,-82.264944
2024-04-16,61,"Mt. Mitchell","Ozone","Yancey",35.765413,-82.264944
2024-04-17,51,"Mt. Mitchell","Ozone","Yancey",35.765413,-82.264944
2024-04-18,49,"Mt. Mitchell","Ozone","Yancey",35.765413,-82.264944
2024-04-19,44,"Mt. Mitchell","Ozone","Yancey",35.765413,-82.264944
2024-04-20,43,"Mt. Mitchell","Ozone","Yancey",35.765413,-82.264944
2024-04-21,42,"Mt. Mitchell","Ozone","Yancey",35.765413,-82.264944
2024-04-22,49,"Mt. Mitchell","Ozone","Yancey",35.765413,-82.264944
2024-04-23,54,"Mt. Mitchell","Ozone","Yancey",35.765413,-82.264944
2024-04-24,49,"Mt. Mitchell","Ozone","Yancey",35.765413,-82.264944
2024-04-25,61,"Mt. Mitchell","Ozone","Yancey",35.765413,-82.264944
2024-04-26,44,"Mt. Mitchell","Ozone","Yancey",35.765413,-82.264944
2024-04-27,46,"Mt. Mitchell","Ozone","Yancey",35.765413,-82.264944
2024-04-28,44,"Mt. Mitchell","Ozone","Yancey",35.765413,-82.264944
2024-04-29,48,"Mt. Mitchell","Ozone","Yancey",35.765413,-82.264944
2024-04-30,58,"Mt. Mitchell","Ozone","Yancey",35.765413,-82.264944
2024-05-01,48,"Mt. Mitchell","Ozone","Yancey",35.765413,-82.264944
2024-05-02,67,"Mt. Mitchell","Ozone","Yancey",35.765413,-82.264944
2024-05-03,41,"Mt. Mitchell","Ozone","Yancey",35.765413,-82.264944
2024-05-04,44,"Mt. Mitchell","Ozone","Yancey",35.765413,-82.264944
2024-05-05,44,"Mt. Mitchell","Ozone","Yancey",35.765413,-82.264944
2024-05-06,44,"Mt. Mitchell","Ozone","Yancey",35.765413,-82.264944
2024-05-07,37,"Mt. Mitchell","Ozone","Yancey",35.765413,-82.264944
2024-05-08,49,"Mt. Mitchell","Ozone","Yancey",35.765413,-82.264944
2024-05-09,51,"Mt. Mitchell","Ozone","Yancey",35.765413,-82.264944
2024-05-10,44,"Mt. Mitchell","Ozone","Yancey",35.765413,-82.264944
2024-05-11,44,"Mt. Mitchell","Ozone","Yancey",35.765413,-82.264944
2024-05-12,45,"Mt. Mitchell","Ozone","Yancey",35.765413,-82.264944
2024-05-13,41,"Mt. Mitchell","Ozone","Yancey",35.765413,-82.264944
2024-05-14,47,"Mt. Mitchell","Ozone","Yancey",35.765413,-82.264944
2024-05-15,50,"Mt. Mitchell","Ozone","Yancey",35.765413,-82.264944
2024-05-16,45,"Mt. Mitchell","Ozone","Yancey",35.765413,-82.264944
2024-05-17,44,"Mt. Mitchell","Ozone","Yancey",35.765413,-82.264944
2024-05-18,45,"Mt. Mitchell","Ozone","Yancey",35.765413,-82.264944
2024-05-19,38,"Mt. Mitchell","Ozone","Yancey",35.765413,-82.264944
2024-05-20,44,"Mt. Mitchell","Ozone","Yancey",35.765413,-82.264944
2024-05-21,47,"Mt. Mitchell","Ozone","Yancey",35.765413,-82.264944
2024-05-22,48,"Mt. Mitchell","Ozone","Yancey",35.765413,-82.264944
2024-05-23,45,"Mt. Mitchell","Ozone","Yancey",35.765413,-82.264944
2024-05-24,48,"Mt. Mitchell","Ozone","Yancey",35.765413,-82.264944
2024-05-25,49,"Mt. Mitchell","Ozone","Yancey",35.765413,-82.264944
2024-05-26,44,"Mt. Mitchell","Ozone","Yancey",35.765413,-82.264944
2024-05-27,46,"Mt. Mitchell","Ozone","Yancey",35.765413,-82.264944
2024-05-28,47,"Mt. Mitchell","Ozone","Yancey",35.765413,-82.264944
2024-05-29,48,"Mt. Mitchell","Ozone","Yancey",35.765413,-82.264944
2024-05-30,44,"Mt. Mitchell","Ozone","Yancey",35.765413,-82.264944
2024-05-31,50,"Mt. Mitchell","Ozone","Yancey",35.765413,-82.264944
2024-06-01,58,"Mt. Mitchell","Ozone","Yancey",35.765413,-82.264944
2024-06-02,38,"Mt. Mitchell","Ozone","Yancey",35.765413,-82.264944
2024-06-03,37,"Mt. Mitchell","Ozone","Yancey",35.765413,-82.264944
2024-06-04,36,"Mt. Mitchell","Ozone","Yancey",35.765413,-82.264944
2024-06-05,39,"Mt. Mitchell","Ozone","Yancey",35.765413,-82.264944
2024-06-06,44,"Mt. Mitchell","Ozone","Yancey",35.765413,-82.264944
2024-06-07,61,"Mt. Mitchell","Ozone","Yancey",35.765413,-82.264944
2024-06-08,54,"Mt. Mitchell","Ozone","Yancey",35.765413,-82.264944
2024-06-09,41,"Mt. Mitchell","Ozone","Yancey",35.765413,-82.264944
2024-06-10,44,"Mt. Mitchell","Ozone","Yancey",35.765413,-82.264944
2024-06-11,39,"Mt. Mitchell","Ozone","Yancey",35.765413,-82.264944
2024-06-12,46,"Mt. Mitchell","Ozone","Yancey",35.765413,-82.264944
2024-06-13,45,"Mt. Mitchell","Ozone","Yancey",35.765413,-82.264944
2024-06-14,48,"Mt. Mitchell","Ozone","Yancey",35.765413,-82.264944
2024-06-15,44,"Mt. Mitchell","Ozone","Yancey",35.765413,-82.264944
2024-06-16,37,"Mt. Mitchell","Ozone","Yancey",35.765413,-82.264944
2024-06-17,33,"Mt. Mitchell","Ozone","Yancey",35.765413,-82.264944
2024-06-18,37,"Mt. Mitchell","Ozone","Yancey",35.765413,-82.264944
2024-06-19,40,"Mt. Mitchell","Ozone","Yancey",35.765413,-82.264944
2024-06-20,39,"Mt. Mitchell","Ozone","Yancey",35.765413,-82.264944
2024-06-21,47,"Mt. Mitchell","Ozone","Yancey",35.765413,-82.264944
2024-06-22,44,"Mt. Mitchell","Ozone","Yancey",35.765413,-82.264944
2024-06-23,42,"Mt. Mitchell","Ozone","Yancey",35.765413,-82.264944
2024-06-24,49,"Mt. Mitchell","Ozone","Yancey",35.765413,-82.264944
2024-06-25,51,"Mt. Mitchell","Ozone","Yancey",35.765413,-82.264944
2024-06-26,51,"Mt. Mitchell","Ozone","Yancey",35.765413,-82.264944
2024-06-27,41,"Mt. Mitchell","Ozone","Yancey",35.765413,-82.264944
2024-06-28,41,"Mt. Mitchell","Ozone","Yancey",35.765413,-82.264944
2024-06-29,29,"Mt. Mitchell","Ozone","Yancey",35.765413,-82.264944
2024-06-30,46,"Mt. Mitchell","Ozone","Yancey",35.765413,-82.264944
2024-07-01,41,"Mt. Mitchell","Ozone","Yancey",35.765413,-82.264944
2024-07-02,45,"Mt. Mitchell","Ozone","Yancey",35.765413,-82.264944
2024-07-03,43,"Mt. Mitchell","Ozone","Yancey",35.765413,-82.264944
2024-07-04,35,"Mt. Mitchell","Ozone","Yancey",35.765413,-82.264944
2024-07-05,33,"Mt. Mitchell","Ozone","Yancey",35.765413,-82.264944
2024-07-06,34,"Mt. Mitchell","Ozone","Yancey",35.765413,-82.264944
2024-07-07,37,"Mt. Mitchell","Ozone","Yancey",35.765413,-82.264944
2024-07-08,34,"Mt. Mitchell","Ozone","Yancey",35.765413,-82.264944
2024-07-09,25,"Mt. Mitchell","Ozone","Yancey",35.765413,-82.264944
2024-07-10,48,"Mt. Mitchell","Ozone","Yancey",35.765413,-82.264944
2024-07-11,43,"Mt. Mitchell","Ozone","Yancey",35.765413,-82.264944
2024-07-12,50,"Mt. Mitchell","Ozone","Yancey",35.765413,-82.264944
2024-07-13,50,"Mt. Mitchell","Ozone","Yancey",35.765413,-82.264944
2024-07-14,47,"Mt. Mitchell","Ozone","Yancey",35.765413,-82.264944
2024-07-15,44,"Mt. Mitchell","Ozone","Yancey",35.765413,-82.264944
2024-07-16,38,"Mt. Mitchell","Ozone","Yancey",35.765413,-82.264944
2024-07-17,45,"Mt. Mitchell","Ozone","Yancey",35.765413,-82.264944
2024-07-18,40,"Mt. Mitchell","Ozone","Yancey",35.765413,-82.264944
2024-07-19,39,"Mt. Mitchell","Ozone","Yancey",35.765413,-82.264944
2024-07-20,34,"Mt. Mitchell","Ozone","Yancey",35.765413,-82.264944
2024-07-21,36,"Mt. Mitchell","Ozone","Yancey",35.765413,-82.264944
2024-07-22,36,"Mt. Mitchell","Ozone","Yancey",35.765413,-82.264944
2024-07-23,33,"Mt. Mitchell","Ozone","Yancey",35.765413,-82.264944
2024-07-24,31,"Mt. Mitchell","Ozone","Yancey",35.765413,-82.264944
2024-07-25,32,"Mt. Mitchell","Ozone","Yancey",35.765413,-82.264944
2024-07-26,45,"Mt. Mitchell","Ozone","Yancey",35.765413,-82.264944
2024-07-27,42,"Mt. Mitchell","Ozone","Yancey",35.765413,-82.264944
2024-07-28,29,"Mt. Mitchell","Ozone","Yancey",35.765413,-82.264944
2024-07-29,35,"Mt. Mitchell","Ozone","Yancey",35.765413,-82.264944
2024-07-30,64,"Mt. Mitchell","Ozone","Yancey",35.765413,-82.264944
2024-07-31,51,"Mt. Mitchell","Ozone","Yancey",35.765413,-82.264944
2024-08-01,26,"Mt. Mitchell","Ozone","Yancey",35.765413,-82.264944
2024-08-02,37,"Mt. Mitchell","Ozone","Yancey",35.765413,-82.264944
2024-08-03,44,"Mt. Mitchell","Ozone","Yancey",35.765413,-82.264944
2024-08-04,42,"Mt. Mitchell","Ozone","Yancey",35.765413,-82.264944
2024-08-05,40,"Mt. Mitchell","Ozone","Yancey",35.765413,-82.264944
2024-08-06,22,"Mt. Mitchell","Ozone","Yancey",35.765413,-82.264944
2024-08-07,31,"Mt. Mitchell","Ozone","Yancey",35.765413,-82.264944
2024-08-08,34,"Mt. Mitchell","Ozone","Yancey",35.765413,-82.264944
2024-08-09,37,"Mt. Mitchell","Ozone","Yancey",35.765413,-82.264944
2024-08-10,45,"Mt. Mitchell","Ozone","Yancey",35.765413,-82.264944
2024-08-11,51,"Mt. Mitchell","Ozone","Yancey",35.765413,-82.264944
2024-08-12,36,"Mt. Mitchell","Ozone","Yancey",35.765413,-82.264944
2024-08-13,35,"Mt. Mitchell","Ozone","Yancey",35.765413,-82.264944
2024-08-14,37,"Mt. Mitchell","Ozone","Yancey",35.765413,-82.264944
2024-08-15,39,"Mt. Mitchell","Ozone","Yancey",35.765413,-82.264944
2024-08-16,43,"Mt. Mitchell","Ozone","Yancey",35.765413,-82.264944
2024-08-17,42,"Mt. Mitchell","Ozone","Yancey",35.765413,-82.264944
2024-08-18,40,"Mt. Mitchell","Ozone","Yancey",35.765413,-82.264944
2024-08-19,39,"Mt. Mitchell","Ozone","Yancey",35.765413,-82.264944
2024-08-20,39,"Mt. Mitchell","Ozone","Yancey",35.765413,-82.264944
2024-08-21,34,"Mt. Mitchell","Ozone","Yancey",35.765413,-82.264944
2024-08-22,41,"Mt. Mitchell","Ozone","Yancey",35.765413,-82.264944
2024-08-23,38,"Mt. Mitchell","Ozone","Yancey",35.765413,-82.264944
2024-08-24,39,"Mt. Mitchell","Ozone","Yancey",35.765413,-82.264944
2024-08-25,47,"Mt. Mitchell","Ozone","Yancey",35.765413,-82.264944
2024-08-26,44,"Mt. Mitchell","Ozone","Yancey",35.765413,-82.264944
2024-08-27,43,"Mt. Mitchell","Ozone","Yancey",35.765413,-82.264944
2024-08-28,84,"Mt. Mitchell","Ozone","Yancey",35.765413,-82.264944
2024-08-29,45,"Mt. Mitchell","Ozone","Yancey",35.765413,-82.264944
2024-08-30,46,"Mt. Mitchell","Ozone","Yancey",35.765413,-82.264944
2024-08-31,40,"Mt. Mitchell","Ozone","Yancey",35.765413,-82.264944
2024-09-01,41,"Mt. Mitchell","Ozone","Yancey",35.765413,-82.264944
2024-09-02,32,"Mt. Mitchell","Ozone","Yancey",35.765413,-82.264944
2024-09-03,41,"Mt. Mitchell","Ozone","Yancey",35.765413,-82.264944
2024-09-04,33,"Mt. Mitchell","Ozone","Yancey",35.765413,-82.264944
2024-09-05,44,"Mt. Mitchell","Ozone","Yancey",35.765413,-82.264944
2024-09-06,43,"Mt. Mitchell","Ozone","Yancey",35.765413,-82.264944
2024-09-07,35,"Mt. Mitchell","Ozone","Yancey",35.765413,-82.264944
2024-09-08,31,"Mt. Mitchell","Ozone","Yancey",35.765413,-82.264944
2024-09-09,38,"Mt. Mitchell","Ozone","Yancey",35.765413,-82.264944
2024-09-10,44,"Mt. Mitchell","Ozone","Yancey",35.765413,-82.264944
2024-09-11,45,"Mt. Mitchell","Ozone","Yancey",35.765413,-82.264944
2024-09-12,44,"Mt. Mitchell","Ozone","Yancey",35.765413,-82.264944
2024-09-13,33,"Mt. Mitchell","Ozone","Yancey",35.765413,-82.264944
2024-09-14,31,"Mt. Mitchell","Ozone","Yancey",35.765413,-82.264944
2024-09-15,32,"Mt. Mitchell","Ozone","Yancey",35.765413,-82.264944
2024-09-16,37,"Mt. Mitchell","Ozone","Yancey",35.765413,-82.264944
2024-09-17,29,"Mt. Mitchell","Ozone","Yancey",35.765413,-82.264944
2024-09-18,33,"Mt. Mitchell","Ozone","Yancey",35.765413,-82.264944
2024-09-19,33,"Mt. Mitchell","Ozone","Yancey",35.765413,-82.264944
2024-09-20,61,"Mt. Mitchell","Ozone","Yancey",35.765413,-82.264944
2024-09-21,47,"Mt. Mitchell","Ozone","Yancey",35.765413,-82.264944
2024-09-22,46,"Mt. Mitchell","Ozone","Yancey",35.765413,-82.264944
2024-09-23,37,"Mt. Mitchell","Ozone","Yancey",35.765413,-82.264944
2024-09-24,37,"Mt. Mitchell","Ozone","Yancey",35.765413,-82.264944
