"Date","Daily.AQI.Value","Local.Site.Name","AQS.Parameter.Description","County","Site.Latitude","Site.Longitude"
2025-03-01,47,"Taylorsville Liledoun","Ozone","Alexander",35.9138000008966,-81.191
2025-03-02,41,"Taylorsville Liledoun","Ozone","Alexander",35.9138000008966,-81.191
2025-03-03,43,"Taylorsville Liledoun","Ozone","Alexander",35.9138000008966,-81.191
2025-03-04,42,"Taylorsville Liledoun","Ozone","Alexander",35.9138000008966,-81.191
2025-03-05,44,"Taylorsville Liledoun","Ozone","Alexander",35.9138000008966,-81.191
2025-03-06,36,"Taylorsville Liledoun","Ozone","Alexander",35.9138000008966,-81.191
2025-03-07,33,"Taylorsville Liledoun","Ozone","Alexander",35.9138000008966,-81.191
2025-03-08,42,"Taylorsville Liledoun","Ozone","Alexander",35.9138000008966,-81.191
2025-03-09,41,"Taylorsville Liledoun","Ozone","Alexander",35.9138000008966,-81.191
2025-03-10,41,"Taylorsville Liledoun","Ozone","Alexander",35.9138000008966,-81.191
2025-03-11,51,"Taylorsville Liledoun","Ozone","Alexander",35.9138000008966,-81.191
2025-03-12,77,"Taylorsville Liledoun","Ozone","Alexander",35.9138000008966,-81.191
2025-03-13,64,"Taylorsville Liledoun","Ozone","Alexander",35.9138000008966,-81.191
2025-03-14,50,"Taylorsville Liledoun","Ozone","Alexander",35.9138000008966,-81.191
2025-03-15,35,"Taylorsville Liledoun","Ozone","Alexander",35.9138000008966,-81.191
2025-03-16,44,"Taylorsville Liledoun","Ozone","Alexander",35.9138000008966,-81.191
2025-03-17,33,"Taylorsville Liledoun","Ozone","Alexander",35.9138000008966,-81.191
2025-03-18,44,"Taylorsville Liledoun","Ozone","Alexander",35.9138000008966,-81.191
2025-03-19,54,"Taylorsville Liledoun","Ozone","Alexander",35.9138000008966,-81.191
2025-03-20,39,"Taylorsville Liledoun","Ozone","Alexander",35.9138000008966,-81.191
2025-03-21,45,"Taylorsville Liledoun","Ozone","Alexander",35.9138000008966,-81.191
2025-03-22,48,"Taylorsville Liledoun","Ozone","Alexander",35.9138000008966,-81.191
2025-03-23,49,"Taylorsville Liledoun","Ozone","Alexander",35.9138000008966,-81.191
2025-03-24,44,"Taylorsville Liledoun","Ozone","Alexander",35.9138000008966,-81.191
2025-03-25,49,"Taylorsville Liledoun","Ozone","Alexander",35.9138000008966,-81.191
2025-03-26,46,"Taylorsville Liledoun","Ozone","Alexander",35.9138000008966,-81.191
2025-03-27,50,"Taylorsville Liledoun","Ozone","Alexander",35.9138000008966,-81.191
2025-03-28,74,"Taylorsville Liledoun","Ozone","Alexander",35.9138000008966,-81.191
2025-03-29,44,"Taylorsville Liledoun","Ozone","Alexander",35.9138000008966,-81.191
2025-03-30,38,"Taylorsville Liledoun","Ozone","Alexander",35.9138000008966,-81.191
2025-03-31,29,"Taylorsville Liledoun","Ozone","Alexander",35.9138000008966,-81.191
2025-04-01,34,"Taylorsville Liledoun","Ozone","Alexander",35.9138000008966,-81.191
2025-04-02,16,"Taylorsville Liledoun","Ozone","Alexander",35.9138000008966,-81.191
2025-04-03,30,"Taylorsville Liledoun","Ozone","Alexander",35.9138000008966,-81.191
2025-04-04,36,"Taylorsville Liledoun","Ozone","Alexander",35.9138000008966,-81.191
2025-04-05,40,"Taylorsville Liledoun","Ozone","Alexander",35.9138000008966,-81.191
2025-04-06,44,"Taylorsville Liledoun","Ozone","Alexander",35.9138000008966,-81.191
2025-04-07,33,"Taylorsville Liledoun","Ozone","Alexander",35.9138000008966,-81.191
2025-04-08,50,"Taylorsville Liledoun","Ozone","Alexander",35.9138000008966,-81.191
2025-04-09,48,"Taylorsville Liledoun","Ozone","Alexander",35.9138000008966,-81.191
2025-04-10,30,"Taylorsville Liledoun","Ozone","Alexander",35.9138000008966,-81.191
2025-04-11,43,"Taylorsville Liledoun","Ozone","Alexander",35.9138000008966,-81.191
2025-04-12,41,"Taylorsville Liledoun","Ozone","Alexander",35.9138000008966,-81.191
2025-04-13,47,"Taylorsville Liledoun","Ozone","Alexander",35.9138000008966,-81.191
2025-04-14,80,"Taylorsville Liledoun","Ozone","Alexander",35.9138000008966,-81.191
2025-04-15,44,"Taylorsville Liledoun","Ozone","Alexander",35.9138000008966,-81.191
2025-04-16,47,"Taylorsville Liledoun","Ozone","Alexander",35.9138000008966,-81.191
2025-04-17,64,"Taylorsville Liledoun","Ozone","Alexander",35.9138000008966,-81.191
2025-04-18,74,"Taylorsville Liledoun","Ozone","Alexander",35.9138000008966,-81.191
2025-04-19,51,"Taylorsville Liledoun","Ozone","Alexander",35.9138000008966,-81.191
2025-04-20,44,"Taylorsville Liledoun","Ozone","Alexander",35.9138000008966,-81.191
2025-04-21,50,"Taylorsville Liledoun","Ozone","Alexander",35.9138000008966,-81.191
2025-04-22,31,"Taylorsville Liledoun","Ozone","Alexander",35.9138000008966,-81.191
2025-04-23,48,"Taylorsville Liledoun","Ozone","Alexander",35.9138000008966,-81.191
2025-04-24,35,"Taylorsville Liledoun","Ozone","Alexander",35.9138000008966,-81.191
2025-04-25,35,"Taylorsville Liledoun","Ozone","Alexander",35.9138000008966,-81.191
2025-04-26,38,"Taylorsville Liledoun","Ozone","Alexander",35.9138000008966,-81.191
2025-04-27,48,"Taylorsville Liledoun","Ozone","Alexander",35.9138000008966,-81.191
2025-04-28,74,"Taylorsville Liledoun","Ozone","Alexander",35.9138000008966,-81.191
2025-04-29,45,"Taylorsville Liledoun","Ozone","Alexander",35.9138000008966,-81.191
2025-04-30,37,"Taylorsville Liledoun","Ozone","Alexander",35.9138000008966,-81.191
2025-05-01,38,"Taylorsville Liledoun","Ozone","Alexander",35.9138000008966,-81.191
2025-05-02,41,"Taylorsville Liledoun","Ozone","Alexander",35.9138000008966,-81.191
2025-05-03,29,"Taylorsville Liledoun","Ozone","Alexander",35.9138000008966,-81.191
2025-05-04,44,"Taylorsville Liledoun","Ozone","Alexander",35.9138000008966,-81.191
2025-05-05,44,"Taylorsville Liledoun","Ozone","Alexander",35.9138000008966,-81.191
2025-05-06,44,"Taylorsville Liledoun","Ozone","Alexander",35.9138000008966,-81.191
2025-05-07,41,"Taylorsville Liledoun","Ozone","Alexander",35.9138000008966,-81.191
2025-05-08,39,"Taylorsville Liledoun","Ozone","Alexander",35.9138000008966,-81.191
2025-05-09,44,"Taylorsville Liledoun","Ozone","Alexander",35.9138000008966,-81.191
2025-05-10,44,"Taylorsville Liledoun","Ozone","Alexander",35.9138000008966,-81.191
2025-05-11,33,"Taylorsville Liledoun","Ozone","Alexander",35.9138000008966,-81.191
2025-05-12,23,"Taylorsville Liledoun","Ozone","Alexander",35.9138000008966,-81.191
2025-05-13,42,"Taylorsville Liledoun","Ozone","Alexander",35.9138000008966,-81.191
2025-05-14,36,"Taylorsville Liledoun","Ozone","Alexander",35.9138000008966,-81.191
2025-05-15,49,"Taylorsville Liledoun","Ozone","Alexander",35.9138000008966,-81.191
2025-05-16,32,"Taylorsville Liledoun","Ozone","Alexander",35.9138000008966,-81.191
2025-05-17,43,"Taylorsville Liledoun","Ozone","Alexander",35.9138000008966,-81.191
2025-05-18,42,"Taylorsville Liledoun","Ozone","Alexander",35.9138000008966,-81.191
2025-05-19,40,"Taylorsville Liledoun","Ozone","Alexander",35.9138000008966,-81.191
2025-05-20,47,"Taylorsville Liledoun","Ozone","Alexander",35.9138000008966,-81.191
2025-05-21,43,"Taylorsville Liledoun","Ozone","Alexander",35.9138000008966,-81.191
2025-05-22,48,"Taylorsville Liledoun","Ozone","Alexander",35.9138000008966,-81.191
2025-05-23,40,"Taylorsville Liledoun","Ozone","Alexander",35.9138000008966,-81.191
2025-05-24,39,"Taylorsville Liledoun","Ozone","Alexander",35.9138000008966,-81.191
2025-05-25,42,"Taylorsville Liledoun","Ozone","Alexander",35.9138000008966,-81.191
2025-05-26,27,"Taylorsville Liledoun","Ozone","Alexander",35.9138000008966,-81.191
2025-05-27,30,"Taylorsville Liledoun","Ozone","Alexander",35.9138000008966,-81.191
2025-05-28,26,"Taylorsville Liledoun","Ozone","Alexander",35.9138000008966,-81.191
2025-05-29,30,"Taylorsville Liledoun","Ozone","Alexander",35.9138000008966,-81.191
2025-05-30,43,"Taylorsville Liledoun","Ozone","Alexander",35.9138000008966,-81.191
2025-05-31,44,"Taylorsville Liledoun","Ozone","Alexander",35.9138000008966,-81.191
2025-06-01,37,"Taylorsville Liledoun","Ozone","Alexander",35.9138000008966,-81.191
2025-06-02,45,"Taylorsville Liledoun","Ozone","Alexander",35.9138000008966,-81.191
2025-06-03,61,"Taylorsville Liledoun","Ozone","Alexander",35.9138000008966,-81.191
2025-06-04,54,"Taylorsville Liledoun","Ozone","Alexander",35.9138000008966,-81.191
2025-06-05,31,"Taylorsville Liledoun","Ozone","Alexander",35.9138000008966,-81.191
2025-06-06,37,"Taylorsville Liledoun","Ozone","Alexander",35.9138000008966,-81.191
2025-06-07,35,"Taylorsville Liledoun","Ozone","Alexander",35.9138000008966,-81.191
2025-06-08,31,"Taylorsville Liledoun","Ozone","Alexander",35.9138000008966,-81.191
2025-06-09,44,"Taylorsville Liledoun","Ozone","Alexander",35.9138000008966,-81.191
2025-06-10,40,"Taylorsville Liledoun","Ozone","Alexander",35.9138000008966,-81.191
2025-06-11,42,"Taylorsville Liledoun","Ozone","Alexander",35.9138000008966,-81.191
2025-06-12,49,"Taylorsville Liledoun","Ozone","Alexander",35.9138000008966,-81.191
2025-06-13,29,"Taylorsville Liledoun","Ozone","Alexander",35.9138000008966,-81.191
2025-06-14,29,"Taylorsville Liledoun","Ozone","Alexander",35.9138000008966,-81.191
2025-06-15,24,"Taylorsville Liledoun","Ozone","Alexander",35.9138000008966,-81.191
2025-06-16,28,"Taylorsville Liledoun","Ozone","Alexander",35.9138000008966,-81.191
2025-06-17,35,"Taylorsville Liledoun","Ozone","Alexander",35.9138000008966,-81.191
2025-06-18,31,"Taylorsville Liledoun","Ozone","Alexander",35.9138000008966,-81.191
2025-06-19,23,"Taylorsville Liledoun","Ozone","Alexander",35.9138000008966,-81.191
2025-06-20,47,"Taylorsville Liledoun","Ozone","Alexander",35.9138000008966,-81.191
2025-06-21,47,"Taylorsville Liledoun","Ozone","Alexander",35.9138000008966,-81.191
2025-06-22,40,"Taylorsville Liledoun","Ozone","Alexander",35.9138000008966,-81.191
2025-06-23,38,"Taylorsville Liledoun","Ozone","Alexander",35.9138000008966,-81.191
2025-06-24,37,"Taylorsville Liledoun","Ozone","Alexander",35.9138000008966,-81.191
2025-06-25,35,"Taylorsville Liledoun","Ozone","Alexander",35.9138000008966,-81.191
2025-06-26,40,"Taylorsville Liledoun","Ozone","Alexander",35.9138000008966,-81.191
2025-06-27,51,"Taylorsville Liledoun","Ozone","Alexander",35.9138000008966,-81.191
2025-06-28,41,"Taylorsville Liledoun","Ozone","Alexander",35.9138000008966,-81.191
2025-06-29,37,"Taylorsville Liledoun","Ozone","Alexander",35.9138000008966,-81.191
2025-06-30,40,"Taylorsville Liledoun","Ozone","Alexander",35.9138000008966,-81.191
2025-07-01,37,"Taylorsville Liledoun","Ozone","Alexander",35.9138000008966,-81.191
2025-07-02,37,"Taylorsville Liledoun","Ozone","Alexander",35.9138000008966,-81.191
2025-07-03,44,"Taylorsville Liledoun","Ozone","Alexander",35.9138000008966,-81.191
2025-07-04,48,"Taylorsville Liledoun","Ozone","Alexander",35.9138000008966,-81.191
2025-07-05,46,"Taylorsville Liledoun","Ozone","Alexander",35.9138000008966,-81.191
2025-07-06,29,"Taylorsville Liledoun","Ozone","Alexander",35.9138000008966,-81.191
2025-07-07,37,"Taylorsville Liledoun","Ozone","Alexander",35.9138000008966,-81.191
2025-07-08,39,"Taylorsville Liledoun","Ozone","Alexander",35.9138000008966,-81.191
2025-07-09,42,"Taylorsville Liledoun","Ozone","Alexander",35.9138000008966,-81.191
2025-07-10,30,"Taylorsville Liledoun","Ozone","Alexander",35.9138000008966,-81.191
2025-07-11,35,"Taylorsville Liledoun","Ozone","Alexander",35.9138000008966,-81.191
2025-07-12,32,"Taylorsville Liledoun","Ozone","Alexander",35.9138000008966,-81.191
2025-07-13,26,"Taylorsville Liledoun","Ozone","Alexander",35.9138000008966,-81.191
2025-07-14,31,"Taylorsville Liledoun","Ozone","Alexander",35.9138000008966,-81.191
2025-07-15,40,"Taylorsville Liledoun","Ozone","Alexander",35.9138000008966,-81.191
2025-07-16,37,"Taylorsville Liledoun","Ozone","Alexander",35.9138000008966,-81.191
2025-07-17,30,"Taylorsville Liledoun","Ozone","Alexander",35.9138000008966,-81.191
2025-07-18,33,"Taylorsville Liledoun","Ozone","Alexander",35.9138000008966,-81.191
2025-07-19,30,"Taylorsville Liledoun","Ozone","Alexander",35.9138000008966,-81.191
2025-07-20,28,"Taylorsville Liledoun","Ozone","Alexander",35.9138000008966,-81.191
2025-07-21,28,"Taylorsville Liledoun","Ozone","Alexander",35.9138000008966,-81.191
2025-07-22,36,"Taylorsville Liledoun","Ozone","Alexander",35.9138000008966,-81.191
2025-07-23,61,"Taylorsville Liledoun","Ozone","Alexander",35.9138000008966,-81.191
2025-07-24,42,"Taylorsville Liledoun","Ozone","Alexander",35.9138000008966,-81.191
2025-07-25,35,"Taylorsville Liledoun","Ozone","Alexander",35.9138000008966,-81.191
2025-07-26,39,"Taylorsville Liledoun","Ozone","Alexander",35.9138000008966,-81.191
2025-07-27,27,"Taylorsville Liledoun","Ozone","Alexander",35.9138000008966,-81.191
2025-07-28,31,"Taylorsville Liledoun","Ozone","Alexander",35.9138000008966,-81.191
2025-07-29,36,"Taylorsville Liledoun","Ozone","Alexander",35.9138000008966,-81.191
2025-07-30,46,"Taylorsville Liledoun","Ozone","Alexander",35.9138000008966,-81.191
2025-07-31,35,"Taylorsville Liledoun","Ozone","Alexander",35.9138000008966,-81.191
2025-08-01,32,"Taylorsville Liledoun","Ozone","Alexander",35.9138000008966,-81.191
2025-08-02,27,"Taylorsville Liledoun","Ozone","Alexander",35.9138000008966,-81.191
2025-08-03,26,"Taylorsville Liledoun","Ozone","Alexander",35.9138000008966,-81.191
2025-08-04,38,"Taylorsville Liledoun","Ozone","Alexander",35.9138000008966,-81.191
2025-08-05,31,"Taylorsville Liledoun","Ozone","Alexander",35.9138000008966,-81.191
2025-08-06,29,"Taylorsville Liledoun","Ozone","Alexander",35.9138000008966,-81.191
2025-08-07,31,"Taylorsville Liledoun","Ozone","Alexander",35.9138000008966,-81.191
2025-08-08,33,"Taylorsville Liledoun","Ozone","Alexander",35.9138000008966,-81.191
2025-08-09,35,"Taylorsville Liledoun","Ozone","Alexander",35.9138000008966,-81.191
2025-08-10,31,"Taylorsville Liledoun","Ozone","Alexander",35.9138000008966,-81.191
2025-08-11,18,"Taylorsville Liledoun","Ozone","Alexander",35.9138000008966,-81.191
2025-08-12,19,"Taylorsville Liledoun","Ozone","Alexander",35.9138000008966,-81.191
2025-08-13,20,"Taylorsville Liledoun","Ozone","Alexander",35.9138000008966,-81.191
2025-08-14,25,"Taylorsville Liledoun","Ozone","Alexander",35.9138000008966,-81.191
2025-08-15,32,"Taylorsville Liledoun","Ozone","Alexander",35.9138000008966,-81.191
2025-08-16,36,"Taylorsville Liledoun","Ozone","Alexander",35.9138000008966,-81.191
2025-08-17,36,"Taylorsville Liledoun","Ozone","Alexander",35.9138000008966,-81.191
2025-08-18,41,"Taylorsville Liledoun","Ozone","Alexander",35.9138000008966,-81.191
2025-08-19,32,"Taylorsville Liledoun","Ozone","Alexander",35.9138000008966,-81.191
2025-08-20,29,"Taylorsville Liledoun","Ozone","Alexander",35.9138000008966,-81.191
2025-08-21,32,"Taylorsville Liledoun","Ozone","Alexander",35.9138000008966,-81.191
2025-08-22,28,"Taylorsville Liledoun","Ozone","Alexander",35.9138000008966,-81.191
2025-08-23,29,"Taylorsville Liledoun","Ozone","Alexander",35.9138000008966,-81.191
2025-08-24,29,"Taylorsville Liledoun","Ozone","Alexander",35.9138000008966,-81.191
2025-08-25,32,"Taylorsville Liledoun","Ozone","Alexander",35.9138000008966,-81.191
2025-08-26,34,"Taylorsville Liledoun","Ozone","Alexander",35.9138000008966,-81.191
2025-08-27,38,"Taylorsville Liledoun","Ozone","Alexander",35.9138000008966,-81.191
2025-08-28,44,"Taylorsville Liledoun","Ozone","Alexander",35.9138000008966,-81.191
2025-08-29,40,"Taylorsville Liledoun","Ozone","Alexander",35.9138000008966,-81.191
2025-08-30,40,"Taylorsville Liledoun","Ozone","Alexander",35.9138000008966,-81.191
2025-08-31,35,"Taylorsville Liledoun","Ozone","Alexander",35.9138000008966,-81.191
2025-09-01,39,"Taylorsville Liledoun","Ozone","Alexander",35.9138000008966,-81.191
2025-09-02,37,"Taylorsville Liledoun","Ozone","Alexander",35.9138000008966,-81.191
2025-09-03,34,"Taylorsville Liledoun","Ozone","Alexander",35.9138000008966,-81.191
2025-09-04,32,"Taylorsville Liledoun","Ozone","Alexander",35.9138000008966,-81.191
2025-09-05,36,"Taylorsville Liledoun","Ozone","Alexander",35.9138000008966,-81.191
2025-09-06,34,"Taylorsville Liledoun","Ozone","Alexander",35.9138000008966,-81.191
2025-09-07,29,"Taylorsville Liledoun","Ozone","Alexander",35.9138000008966,-81.191
2025-09-08,38,"Taylorsville Liledoun","Ozone","Alexander",35.9138000008966,-81.191
2025-09-09,43,"Taylorsville Liledoun","Ozone","Alexander",35.9138000008966,-81.191
2025-09-10,42,"Taylorsville Liledoun","Ozone","Alexander",35.9138000008966,-81.191
2025-09-11,45,"Taylorsville Liledoun","Ozone","Alexander",35.9138000008966,-81.191
2025-09-12,46,"Taylorsville Liledoun","Ozone","Alexander",35.9138000008966,-81.191
2025-09-13,45,"Taylorsville Liledoun","Ozone","Alexander",35.9138000008966,-81.191
2025-09-14,48,"Taylorsville Liledoun","Ozone","Alexander",35.9138000008966,-81.191
2025-09-15,46,"Taylorsville Liledoun","Ozone","Alexander",35.9138000008966,-81.191
2025-09-16,40,"Taylorsville Liledoun","Ozone","Alexander",35.9138000008966,-81.191
2025-09-17,36,"Taylorsville Liledoun","Ozone","Alexander",35.9138000008966,-81.191
2025-09-18,44,"Taylorsville Liledoun","Ozone","Alexander",35.9138000008966,-81.191
2025-09-19,67,"Taylorsville Liledoun","Ozone","Alexander",35.9138000008966,-81.191
2025-09-20,61,"Taylorsville Liledoun","Ozone","Alexander",35.9138000008966,-81.191
2025-09-21,45,"Taylorsville Liledoun","Ozone","Alexander",35.9138000008966,-81.191
2025-09-22,44,"Taylorsville Liledoun","Ozone","Alexander",35.9138000008966,-81.191
2025-09-23,46,"Taylorsville Liledoun","Ozone","Alexander",35.9138000008966,-81.191
2025-09-24,41,"Taylorsville Liledoun","Ozone","Alexander",35.9138000008966,-81.191
2025-09-25,27,"Taylorsville Liledoun","Ozone","Alexander",35.9138000008966,-81.191
2025-09-26,32,"Taylorsville Liledoun","Ozone","Alexander",35.9138000008966,-81.191
2025-09-27,35,"Taylorsville Liledoun","Ozone","Alexander",35.9138000008966,-81.191
2025-09-28,34,"Taylorsville Liledoun","Ozone","Alexander",35.9138000008966,-81.191
2025-09-29,33,"Taylorsville Liledoun","Ozone","Alexander",35.9138000008966,-81.191
2025-09-30,38,"Taylorsville Liledoun","Ozone","Alexander",35.9138000008966,-81.191
2025-10-01,49,"Taylorsville Liledoun","Ozone","Alexander",35.9138000008966,-81.191
2025-10-02,41,"Taylorsville Liledoun","Ozone","Alexander",35.9138000008966,-81.191
2025-10-03,33,"Taylorsville Liledoun","Ozone","Alexander",35.9138000008966,-81.191
2025-10-04,38,"Taylorsville Liledoun","Ozone","Alexander",35.9138000008966,-81.191
2025-10-05,32,"Taylorsville Liledoun","Ozone","Alexander",35.9138000008966,-81.191
2025-10-06,33,"Taylorsville Liledoun","Ozone","Alexander",35.9138000008966,-81.191
2025-10-07,32,"Taylorsville Liledoun","Ozone","Alexander",35.9138000008966,-81.191
2025-10-08,31,"Taylorsville Liledoun","Ozone","Alexander",35.9138000008966,-81.191
2025-10-09,37,"Taylorsville Liledoun","Ozone","Alexander",35.9138000008966,-81.191
2025-10-10,32,"Taylorsville Liledoun","Ozone","Alexander",35.9138000008966,-81.191
2025-10-11,31,"Taylorsville Liledoun","Ozone","Alexander",35.9138000008966,-81.191
2025-10-12,30,"Taylorsville Liledoun","Ozone","Alexander",35.9138000008966,-81.191
2025-10-13,31,"Taylorsville Liledoun","Ozone","Alexander",35.9138000008966,-81.191
2025-10-14,36,"Taylorsville Liledoun","Ozone","Alexander",35.9138000008966,-81.191
2025-10-15,39,"Taylorsville Liledoun","Ozone","Alexander",35.9138000008966,-81.191
2025-10-16,37,"Taylorsville Liledoun","Ozone","Alexander",35.9138000008966,-81.191
2025-10-17,43,"Taylorsville Liledoun","Ozone","Alexander",35.9138000008966,-81.191
2025-10-18,47,"Taylorsville Liledoun","Ozone","Alexander",35.9138000008966,-81.191
2025-10-19,32,"Taylorsville Liledoun","Ozone","Alexander",35.9138000008966,-81.191
2025-10-20,33,"Taylorsville Liledoun","Ozone","Alexander",35.9138000008966,-81.191
2025-10-21,40,"Taylorsville Liledoun","Ozone","Alexander",35.9138000008966,-81.191
2025-10-22,36,"Taylorsville Liledoun","Ozone","Alexander",35.9138000008966,-81.191
2025-10-23,38,"Taylorsville Liledoun","Ozone","Alexander",35.9138000008966,-81.191
2025-10-24,35,"Taylorsville Liledoun","Ozone","Alexander",35.9138000008966,-81.191
2025-10-25,33,"Taylorsville Liledoun","Ozone","Alexander",35.9138000008966,-81.191
2025-10-26,34,"Taylorsville Liledoun","Ozone","Alexander",35.9138000008966,-81.191
2025-10-27,31,"Taylorsville Liledoun","Ozone","Alexander",35.9138000008966,-81.191
2025-10-28,31,"Taylorsville Liledoun","Ozone","Alexander",35.9138000008966,-81.191
2025-10-29,14,"Taylorsville Liledoun","Ozone","Alexander",35.9138000008966,-81.191
2025-10-30,23,"Taylorsville Liledoun","Ozone","Alexander",35.9138000008966,-81.191
2025-10-31,33,"Taylorsville Liledoun","Ozone","Alexander",35.9138000008966,-81.191
2025-11-01,33,"Taylorsville Liledoun","Ozone","Alexander",35.9138000008966,-81.191
2025-11-02,35,"Taylorsville Liledoun","Ozone","Alexander",35.9138000008966,-81.191
2025-03-01,47,"Linville Falls","Ozone","Avery",35.972347,-81.933072
2025-03-02,43,"Linville Falls","Ozone","Avery",35.972347,-81.933072
2025-03-03,44,"Linville Falls","Ozone","Avery",35.972347,-81.933072
2025-03-04,44,"Linville Falls","Ozone","Avery",35.972347,-81.933072
2025-03-05,45,"Linville Falls","Ozone","Avery",35.972347,-81.933072
2025-03-06,38,"Linville Falls","Ozone","Avery",35.972347,-81.933072
2025-03-07,41,"Linville Falls","Ozone","Avery",35.972347,-81.933072
2025-03-08,42,"Linville Falls","Ozone","Avery",35.972347,-81.933072
2025-03-09,44,"Linville Falls","Ozone","Avery",35.972347,-81.933072
2025-03-10,43,"Linville Falls","Ozone","Avery",35.972347,-81.933072
2025-03-11,51,"Linville Falls","Ozone","Avery",35.972347,-81.933072
2025-03-12,71,"Linville Falls","Ozone","Avery",35.972347,-81.933072
2025-03-13,67,"Linville Falls","Ozone","Avery",35.972347,-81.933072
2025-03-14,67,"Linville Falls","Ozone","Avery",35.972347,-81.933072
2025-03-15,41,"Linville Falls","Ozone","Avery",35.972347,-81.933072
2025-03-16,43,"Linville Falls","Ozone","Avery",35.972347,-81.933072
2025-03-17,33,"Linville Falls","Ozone","Avery",35.972347,-81.933072
2025-03-18,47,"Linville Falls","Ozone","Avery",35.972347,-81.933072
2025-03-19,58,"Linville Falls","Ozone","Avery",35.972347,-81.933072
2025-03-20,38,"Linville Falls","Ozone","Avery",35.972347,-81.933072
2025-03-21,44,"Linville Falls","Ozone","Avery",35.972347,-81.933072
2025-03-22,49,"Linville Falls","Ozone","Avery",35.972347,-81.933072
2025-03-23,61,"Linville Falls","Ozone","Avery",35.972347,-81.933072
2025-03-24,45,"Linville Falls","Ozone","Avery",35.972347,-81.933072
2025-03-25,48,"Linville Falls","Ozone","Avery",35.972347,-81.933072
2025-03-26,46,"Linville Falls","Ozone","Avery",35.972347,-81.933072
2025-03-27,51,"Linville Falls","Ozone","Avery",35.972347,-81.933072
2025-03-28,80,"Linville Falls","Ozone","Avery",35.972347,-81.933072
2025-03-29,46,"Linville Falls","Ozone","Avery",35.972347,-81.933072
2025-03-30,38,"Linville Falls","Ozone","Avery",35.972347,-81.933072
2025-03-31,40,"Linville Falls","Ozone","Avery",35.972347,-81.933072
2025-04-01,37,"Linville Falls","Ozone","Avery",35.972347,-81.933072
2025-04-02,28,"Linville Falls","Ozone","Avery",35.972347,-81.933072
2025-04-03,31,"Linville Falls","Ozone","Avery",35.972347,-81.933072
2025-04-04,32,"Linville Falls","Ozone","Avery",35.972347,-81.933072
2025-04-05,43,"Linville Falls","Ozone","Avery",35.972347,-81.933072
2025-04-06,45,"Linville Falls","Ozone","Avery",35.972347,-81.933072
2025-04-07,43,"Linville Falls","Ozone","Avery",35.972347,-81.933072
2025-04-08,48,"Linville Falls","Ozone","Avery",35.972347,-81.933072
2025-04-09,48,"Linville Falls","Ozone","Avery",35.972347,-81.933072
2025-04-10,38,"Linville Falls","Ozone","Avery",35.972347,-81.933072
2025-04-11,45,"Linville Falls","Ozone","Avery",35.972347,-81.933072
2025-04-12,42,"Linville Falls","Ozone","Avery",35.972347,-81.933072
2025-04-13,48,"Linville Falls","Ozone","Avery",35.972347,-81.933072
2025-04-14,67,"Linville Falls","Ozone","Avery",35.972347,-81.933072
2025-04-15,44,"Linville Falls","Ozone","Avery",35.972347,-81.933072
2025-04-16,48,"Linville Falls","Ozone","Avery",35.972347,-81.933072
2025-04-17,67,"Linville Falls","Ozone","Avery",35.972347,-81.933072
2025-04-18,90,"Linville Falls","Ozone","Avery",35.972347,-81.933072
2025-04-19,51,"Linville Falls","Ozone","Avery",35.972347,-81.933072
2025-04-20,50,"Linville Falls","Ozone","Avery",35.972347,-81.933072
2025-04-21,46,"Linville Falls","Ozone","Avery",35.972347,-81.933072
2025-04-22,42,"Linville Falls","Ozone","Avery",35.972347,-81.933072
2025-04-23,45,"Linville Falls","Ozone","Avery",35.972347,-81.933072
2025-04-24,42,"Linville Falls","Ozone","Avery",35.972347,-81.933072
2025-04-25,34,"Linville Falls","Ozone","Avery",35.972347,-81.933072
2025-04-26,44,"Linville Falls","Ozone","Avery",35.972347,-81.933072
2025-04-27,46,"Linville Falls","Ozone","Avery",35.972347,-81.933072
2025-04-28,50,"Linville Falls","Ozone","Avery",35.972347,-81.933072
2025-04-29,46,"Linville Falls","Ozone","Avery",35.972347,-81.933072
2025-04-30,37,"Linville Falls","Ozone","Avery",35.972347,-81.933072
2025-05-01,42,"Linville Falls","Ozone","Avery",35.972347,-81.933072
2025-05-02,44,"Linville Falls","Ozone","Avery",35.972347,-81.933072
2025-05-03,39,"Linville Falls","Ozone","Avery",35.972347,-81.933072
2025-05-04,41,"Linville Falls","Ozone","Avery",35.972347,-81.933072
2025-05-05,41,"Linville Falls","Ozone","Avery",35.972347,-81.933072
2025-05-06,42,"Linville Falls","Ozone","Avery",35.972347,-81.933072
2025-05-07,44,"Linville Falls","Ozone","Avery",35.972347,-81.933072
2025-05-08,43,"Linville Falls","Ozone","Avery",35.972347,-81.933072
2025-05-10,43,"Linville Falls","Ozone","Avery",35.972347,-81.933072
2025-05-11,40,"Linville Falls","Ozone","Avery",35.972347,-81.933072
2025-05-12,33,"Linville Falls","Ozone","Avery",35.972347,-81.933072
2025-05-13,43,"Linville Falls","Ozone","Avery",35.972347,-81.933072
2025-05-14,41,"Linville Falls","Ozone","Avery",35.972347,-81.933072
2025-05-15,42,"Linville Falls","Ozone","Avery",35.972347,-81.933072
2025-05-16,34,"Linville Falls","Ozone","Avery",35.972347,-81.933072
2025-05-17,48,"Linville Falls","Ozone","Avery",35.972347,-81.933072
2025-05-18,47,"Linville Falls","Ozone","Avery",35.972347,-81.933072
2025-05-19,40,"Linville Falls","Ozone","Avery",35.972347,-81.933072
2025-05-20,37,"Linville Falls","Ozone","Avery",35.972347,-81.933072
2025-05-21,44,"Linville Falls","Ozone","Avery",35.972347,-81.933072
2025-05-22,49,"Linville Falls","Ozone","Avery",35.972347,-81.933072
2025-05-23,41,"Linville Falls","Ozone","Avery",35.972347,-81.933072
2025-05-24,43,"Linville Falls","Ozone","Avery",35.972347,-81.933072
2025-05-25,40,"Linville Falls","Ozone","Avery",35.972347,-81.933072
2025-05-26,29,"Linville Falls","Ozone","Avery",35.972347,-81.933072
2025-05-27,29,"Linville Falls","Ozone","Avery",35.972347,-81.933072
2025-05-28,27,"Linville Falls","Ozone","Avery",35.972347,-81.933072
2025-05-29,29,"Linville Falls","Ozone","Avery",35.972347,-81.933072
2025-05-30,44,"Linville Falls","Ozone","Avery",35.972347,-81.933072
2025-05-31,48,"Linville Falls","Ozone","Avery",35.972347,-81.933072
2025-06-01,46,"Linville Falls","Ozone","Avery",35.972347,-81.933072
2025-06-02,46,"Linville Falls","Ozone","Avery",35.972347,-81.933072
2025-06-03,50,"Linville Falls","Ozone","Avery",35.972347,-81.933072
2025-06-04,49,"Linville Falls","Ozone","Avery",35.972347,-81.933072
2025-06-05,31,"Linville Falls","Ozone","Avery",35.972347,-81.933072
2025-06-06,37,"Linville Falls","Ozone","Avery",35.972347,-81.933072
2025-06-07,35,"Linville Falls","Ozone","Avery",35.972347,-81.933072
2025-06-08,42,"Linville Falls","Ozone","Avery",35.972347,-81.933072
2025-06-09,42,"Linville Falls","Ozone","Avery",35.972347,-81.933072
2025-06-10,40,"Linville Falls","Ozone","Avery",35.972347,-81.933072
2025-06-11,44,"Linville Falls","Ozone","Avery",35.972347,-81.933072
2025-06-12,39,"Linville Falls","Ozone","Avery",35.972347,-81.933072
2025-06-13,26,"Linville Falls","Ozone","Avery",35.972347,-81.933072
2025-06-14,27,"Linville Falls","Ozone","Avery",35.972347,-81.933072
2025-06-15,26,"Linville Falls","Ozone","Avery",35.972347,-81.933072
2025-06-16,27,"Linville Falls","Ozone","Avery",35.972347,-81.933072
2025-06-17,28,"Linville Falls","Ozone","Avery",35.972347,-81.933072
2025-06-18,30,"Linville Falls","Ozone","Avery",35.972347,-81.933072
2025-06-19,31,"Linville Falls","Ozone","Avery",35.972347,-81.933072
2025-06-20,44,"Linville Falls","Ozone","Avery",35.972347,-81.933072
2025-06-21,38,"Linville Falls","Ozone","Avery",35.972347,-81.933072
2025-06-22,37,"Linville Falls","Ozone","Avery",35.972347,-81.933072
2025-06-23,35,"Linville Falls","Ozone","Avery",35.972347,-81.933072
2025-06-24,34,"Linville Falls","Ozone","Avery",35.972347,-81.933072
2025-06-25,29,"Linville Falls","Ozone","Avery",35.972347,-81.933072
2025-07-01,31,"Linville Falls","Ozone","Avery",35.972347,-81.933072
2025-07-02,42,"Linville Falls","Ozone","Avery",35.972347,-81.933072
2025-07-03,45,"Linville Falls","Ozone","Avery",35.972347,-81.933072
2025-07-04,45,"Linville Falls","Ozone","Avery",35.972347,-81.933072
2025-07-05,41,"Linville Falls","Ozone","Avery",35.972347,-81.933072
2025-07-06,39,"Linville Falls","Ozone","Avery",35.972347,-81.933072
2025-07-07,37,"Linville Falls","Ozone","Avery",35.972347,-81.933072
2025-07-08,35,"Linville Falls","Ozone","Avery",35.972347,-81.933072
2025-07-09,32,"Linville Falls","Ozone","Avery",35.972347,-81.933072
2025-07-10,29,"Linville Falls","Ozone","Avery",35.972347,-81.933072
2025-07-11,25,"Linville Falls","Ozone","Avery",35.972347,-81.933072
2025-07-12,28,"Linville Falls","Ozone","Avery",35.972347,-81.933072
2025-07-13,24,"Linville Falls","Ozone","Avery",35.972347,-81.933072
2025-07-14,28,"Linville Falls","Ozone","Avery",35.972347,-81.933072
2025-07-15,25,"Linville Falls","Ozone","Avery",35.972347,-81.933072
2025-07-16,34,"Linville Falls","Ozone","Avery",35.972347,-81.933072
2025-07-17,31,"Linville Falls","Ozone","Avery",35.972347,-81.933072
2025-07-18,28,"Linville Falls","Ozone","Avery",35.972347,-81.933072
2025-07-19,29,"Linville Falls","Ozone","Avery",35.972347,-81.933072
2025-07-20,31,"Linville Falls","Ozone","Avery",35.972347,-81.933072
2025-07-21,30,"Linville Falls","Ozone","Avery",35.972347,-81.933072
2025-07-22,31,"Linville Falls","Ozone","Avery",35.972347,-81.933072
2025-07-23,39,"Linville Falls","Ozone","Avery",35.972347,-81.933072
2025-07-24,41,"Linville Falls","Ozone","Avery",35.972347,-81.933072
2025-07-25,31,"Linville Falls","Ozone","Avery",35.972347,-81.933072
2025-07-26,31,"Linville Falls","Ozone","Avery",35.972347,-81.933072
2025-07-27,25,"Linville Falls","Ozone","Avery",35.972347,-81.933072
2025-07-28,29,"Linville Falls","Ozone","Avery",35.972347,-81.933072
2025-07-29,24,"Linville Falls","Ozone","Avery",35.972347,-81.933072
2025-07-30,32,"Linville Falls","Ozone","Avery",35.972347,-81.933072
2025-07-31,25,"Linville Falls","Ozone","Avery",35.972347,-81.933072
2025-08-01,33,"Linville Falls","Ozone","Avery",35.972347,-81.933072
2025-08-02,31,"Linville Falls","Ozone","Avery",35.972347,-81.933072
2025-08-03,33,"Linville Falls","Ozone","Avery",35.972347,-81.933072
2025-08-04,35,"Linville Falls","Ozone","Avery",35.972347,-81.933072
2025-08-05,33,"Linville Falls","Ozone","Avery",35.972347,-81.933072
2025-08-06,26,"Linville Falls","Ozone","Avery",35.972347,-81.933072
2025-08-07,31,"Linville Falls","Ozone","Avery",35.972347,-81.933072
2025-08-08,34,"Linville Falls","Ozone","Avery",35.972347,-81.933072
2025-08-09,32,"Linville Falls","Ozone","Avery",35.972347,-81.933072
2025-08-10,28,"Linville Falls","Ozone","Avery",35.972347,-81.933072
2025-08-11,21,"Linville Falls","Ozone","Avery",35.972347,-81.933072
2025-08-12,19,"Linville Falls","Ozone","Avery",35.972347,-81.933072
2025-08-13,22,"Linville Falls","Ozone","Avery",35.972347,-81.933072
2025-08-14,27,"Linville Falls","Ozone","Avery",35.972347,-81.933072
2025-08-15,29,"Linville Falls","Ozone","Avery",35.972347,-81.933072
2025-08-16,26,"Linville Falls","Ozone","Avery",35.972347,-81.933072
2025-08-17,38,"Linville Falls","Ozone","Avery",35.972347,-81.933072
2025-08-18,32,"Linville Falls","Ozone","Avery",35.972347,-81.933072
2025-08-19,29,"Linville Falls","Ozone","Avery",35.972347,-81.933072
2025-08-20,31,"Linville Falls","Ozone","Avery",35.972347,-81.933072
2025-08-21,24,"Linville Falls","Ozone","Avery",35.972347,-81.933072
2025-08-22,31,"Linville Falls","Ozone","Avery",35.972347,-81.933072
2025-08-23,30,"Linville Falls","Ozone","Avery",35.972347,-81.933072
2025-08-24,30,"Linville Falls","Ozone","Avery",35.972347,-81.933072
2025-08-25,34,"Linville Falls","Ozone","Avery",35.972347,-81.933072
2025-08-26,37,"Linville Falls","Ozone","Avery",35.972347,-81.933072
2025-08-27,37,"Linville Falls","Ozone","Avery",35.972347,-81.933072
2025-08-28,41,"Linville Falls","Ozone","Avery",35.972347,-81.933072
2025-08-29,39,"Linville Falls","Ozone","Avery",35.972347,-81.933072
2025-08-30,32,"Linville Falls","Ozone","Avery",35.972347,-81.933072
2025-08-31,31,"Linville Falls","Ozone","Avery",35.972347,-81.933072
2025-09-01,36,"Linville Falls","Ozone","Avery",35.972347,-81.933072
2025-09-02,31,"Linville Falls","Ozone","Avery",35.972347,-81.933072
2025-09-03,29,"Linville Falls","Ozone","Avery",35.972347,-81.933072
2025-09-04,27,"Linville Falls","Ozone","Avery",35.972347,-81.933072
2025-09-05,31,"Linville Falls","Ozone","Avery",35.972347,-81.933072
2025-09-06,34,"Linville Falls","Ozone","Avery",35.972347,-81.933072
2025-09-07,30,"Linville Falls","Ozone","Avery",35.972347,-81.933072
2025-09-08,34,"Linville Falls","Ozone","Avery",35.972347,-81.933072
2025-09-09,34,"Linville Falls","Ozone","Avery",35.972347,-81.933072
2025-09-10,39,"Linville Falls","Ozone","Avery",35.972347,-81.933072
2025-09-11,43,"Linville Falls","Ozone","Avery",35.972347,-81.933072
2025-09-12,40,"Linville Falls","Ozone","Avery",35.972347,-81.933072
2025-09-13,41,"Linville Falls","Ozone","Avery",35.972347,-81.933072
2025-09-14,41,"Linville Falls","Ozone","Avery",35.972347,-81.933072
2025-09-15,40,"Linville Falls","Ozone","Avery",35.972347,-81.933072
2025-09-16,31,"Linville Falls","Ozone","Avery",35.972347,-81.933072
2025-09-17,38,"Linville Falls","Ozone","Avery",35.972347,-81.933072
2025-09-18,37,"Linville Falls","Ozone","Avery",35.972347,-81.933072
2025-09-19,34,"Linville Falls","Ozone","Avery",35.972347,-81.933072
2025-09-20,44,"Linville Falls","Ozone","Avery",35.972347,-81.933072
2025-09-21,43,"Linville Falls","Ozone","Avery",35.972347,-81.933072
2025-09-22,43,"Linville Falls","Ozone","Avery",35.972347,-81.933072
2025-09-23,33,"Linville Falls","Ozone","Avery",35.972347,-81.933072
2025-09-24,31,"Linville Falls","Ozone","Avery",35.972347,-81.933072
2025-09-25,27,"Linville Falls","Ozone","Avery",35.972347,-81.933072
2025-09-26,29,"Linville Falls","Ozone","Avery",35.972347,-81.933072
2025-09-27,29,"Linville Falls","Ozone","Avery",35.972347,-81.933072
2025-09-28,29,"Linville Falls","Ozone","Avery",35.972347,-81.933072
2025-09-29,35,"Linville Falls","Ozone","Avery",35.972347,-81.933072
2025-09-30,29,"Linville Falls","Ozone","Avery",35.972347,-81.933072
2025-10-01,41,"Linville Falls","Ozone","Avery",35.972347,-81.933072
2025-10-02,38,"Linville Falls","Ozone","Avery",35.972347,-81.933072
2025-10-03,29,"Linville Falls","Ozone","Avery",35.972347,-81.933072
2025-10-04,34,"Linville Falls","Ozone","Avery",35.972347,-81.933072
2025-10-05,29,"Linville Falls","Ozone","Avery",35.972347,-81.933072
2025-10-06,33,"Linville Falls","Ozone","Avery",35.972347,-81.933072
2025-10-07,30,"Linville Falls","Ozone","Avery",35.972347,-81.933072
2025-10-08,31,"Linville Falls","Ozone","Avery",35.972347,-81.933072
2025-10-09,35,"Linville Falls","Ozone","Avery",35.972347,-81.933072
2025-10-10,35,"Linville Falls","Ozone","Avery",35.972347,-81.933072
2025-10-11,38,"Linville Falls","Ozone","Avery",35.972347,-81.933072
2025-10-12,31,"Linville Falls","Ozone","Avery",35.972347,-81.933072
2025-10-13,37,"Linville Falls","Ozone","Avery",35.972347,-81.933072
2025-10-14,38,"Linville Falls","Ozone","Avery",35.972347,-81.933072
2025-10-15,44,"Linville Falls","Ozone","Avery",35.972347,-81.933072
2025-10-16,40,"Linville Falls","Ozone","Avery",35.972347,-81.933072
2025-10-17,40,"Linville Falls","Ozone","Avery",35.972347,-81.933072
2025-10-18,46,"Linville Falls","Ozone","Avery",35.972347,-81.933072
2025-10-20,34,"Linville Falls","Ozone","Avery",35.972347,-81.933072
2025-10-21,42,"Linville Falls","Ozone","Avery",35.972347,-81.933072
2025-10-22,38,"Linville Falls","Ozone","Avery",35.972347,-81.933072
2025-10-23,40,"Linville Falls","Ozone","Avery",35.972347,-81.933072
2025-10-24,38,"Linville Falls","Ozone","Avery",35.972347,-81.933072
2025-10-25,34,"Linville Falls","Ozone","Avery",35.972347,-81.933072
2025-10-26,35,"Linville Falls","Ozone","Avery",35.972347,-81.933072
2025-10-27,32,"Linville Falls","Ozone","Avery",35.972347,-81.933072
2025-10-28,34,"Linville Falls","Ozone","Avery",35.972347,-81.933072
2025-10-29,18,"Linville Falls","Ozone","Avery",35.972347,-81.933072
2025-10-30,29,"Linville Falls","Ozone","Avery",35.972347,-81.933072
2025-10-31,33,"Linville Falls","Ozone","Avery",35.972347,-81.933072
2025-11-01,34,"Linville Falls","Ozone","Avery",35.972347,-81.933072
2025-11-02,37,"Linville Falls","Ozone","Avery",35.972347,-81.933072
2025-03-01,46,"Bent Creek","Ozone","Buncombe",35.500102002749,-82.5998603096712
2025-03-02,41,"Bent Creek","Ozone","Buncombe",35.500102002749,-82.5998603096712
2025-03-03,45,"Bent Creek","Ozone","Buncombe",35.500102002749,-82.5998603096712
2025-03-04,40,"Bent Creek","Ozone","Buncombe",35.500102002749,-82.5998603096712
2025-03-05,44,"Bent Creek","Ozone","Buncombe",35.500102002749,-82.5998603096712
2025-03-06,36,"Bent Creek","Ozone","Buncombe",35.500102002749,-82.5998603096712
2025-03-07,35,"Bent Creek","Ozone","Buncombe",35.500102002749,-82.5998603096712
2025-03-08,43,"Bent Creek","Ozone","Buncombe",35.500102002749,-82.5998603096712
2025-03-09,40,"Bent Creek","Ozone","Buncombe",35.500102002749,-82.5998603096712
2025-03-10,42,"Bent Creek","Ozone","Buncombe",35.500102002749,-82.5998603096712
2025-03-11,54,"Bent Creek","Ozone","Buncombe",35.500102002749,-82.5998603096712
2025-03-12,61,"Bent Creek","Ozone","Buncombe",35.500102002749,-82.5998603096712
2025-03-13,49,"Bent Creek","Ozone","Buncombe",35.500102002749,-82.5998603096712
2025-03-14,71,"Bent Creek","Ozone","Buncombe",35.500102002749,-82.5998603096712
2025-03-15,42,"Bent Creek","Ozone","Buncombe",35.500102002749,-82.5998603096712
2025-03-16,44,"Bent Creek","Ozone","Buncombe",35.500102002749,-82.5998603096712
2025-03-17,33,"Bent Creek","Ozone","Buncombe",35.500102002749,-82.5998603096712
2025-03-18,44,"Bent Creek","Ozone","Buncombe",35.500102002749,-82.5998603096712
2025-03-19,51,"Bent Creek","Ozone","Buncombe",35.500102002749,-82.5998603096712
2025-03-20,35,"Bent Creek","Ozone","Buncombe",35.500102002749,-82.5998603096712
2025-03-21,42,"Bent Creek","Ozone","Buncombe",35.500102002749,-82.5998603096712
2025-03-22,48,"Bent Creek","Ozone","Buncombe",35.500102002749,-82.5998603096712
2025-03-23,54,"Bent Creek","Ozone","Buncombe",35.500102002749,-82.5998603096712
2025-03-24,45,"Bent Creek","Ozone","Buncombe",35.500102002749,-82.5998603096712
2025-03-25,47,"Bent Creek","Ozone","Buncombe",35.500102002749,-82.5998603096712
2025-03-26,46,"Bent Creek","Ozone","Buncombe",35.500102002749,-82.5998603096712
2025-03-27,87,"Bent Creek","Ozone","Buncombe",35.500102002749,-82.5998603096712
2025-03-28,64,"Bent Creek","Ozone","Buncombe",35.500102002749,-82.5998603096712
2025-03-29,45,"Bent Creek","Ozone","Buncombe",35.500102002749,-82.5998603096712
2025-03-30,35,"Bent Creek","Ozone","Buncombe",35.500102002749,-82.5998603096712
2025-03-31,33,"Bent Creek","Ozone","Buncombe",35.500102002749,-82.5998603096712
2025-04-01,38,"Bent Creek","Ozone","Buncombe",35.500102002749,-82.5998603096712
2025-04-02,24,"Bent Creek","Ozone","Buncombe",35.500102002749,-82.5998603096712
2025-04-03,31,"Bent Creek","Ozone","Buncombe",35.500102002749,-82.5998603096712
2025-04-04,34,"Bent Creek","Ozone","Buncombe",35.500102002749,-82.5998603096712
2025-04-05,43,"Bent Creek","Ozone","Buncombe",35.500102002749,-82.5998603096712
2025-04-06,32,"Bent Creek","Ozone","Buncombe",35.500102002749,-82.5998603096712
2025-04-07,35,"Bent Creek","Ozone","Buncombe",35.500102002749,-82.5998603096712
2025-04-08,47,"Bent Creek","Ozone","Buncombe",35.500102002749,-82.5998603096712
2025-04-09,47,"Bent Creek","Ozone","Buncombe",35.500102002749,-82.5998603096712
2025-04-10,37,"Bent Creek","Ozone","Buncombe",35.500102002749,-82.5998603096712
2025-04-11,44,"Bent Creek","Ozone","Buncombe",35.500102002749,-82.5998603096712
2025-04-12,39,"Bent Creek","Ozone","Buncombe",35.500102002749,-82.5998603096712
2025-04-13,46,"Bent Creek","Ozone","Buncombe",35.500102002749,-82.5998603096712
2025-04-14,13,"Bent Creek","Ozone","Buncombe",35.500102002749,-82.5998603096712
2025-04-15,44,"Bent Creek","Ozone","Buncombe",35.500102002749,-82.5998603096712
2025-04-16,48,"Bent Creek","Ozone","Buncombe",35.500102002749,-82.5998603096712
2025-04-17,61,"Bent Creek","Ozone","Buncombe",35.500102002749,-82.5998603096712
2025-04-18,87,"Bent Creek","Ozone","Buncombe",35.500102002749,-82.5998603096712
2025-04-19,51,"Bent Creek","Ozone","Buncombe",35.500102002749,-82.5998603096712
2025-04-20,47,"Bent Creek","Ozone","Buncombe",35.500102002749,-82.5998603096712
2025-04-21,44,"Bent Creek","Ozone","Buncombe",35.500102002749,-82.5998603096712
2025-04-22,26,"Bent Creek","Ozone","Buncombe",35.500102002749,-82.5998603096712
2025-04-23,38,"Bent Creek","Ozone","Buncombe",35.500102002749,-82.5998603096712
2025-04-24,34,"Bent Creek","Ozone","Buncombe",35.500102002749,-82.5998603096712
2025-04-25,31,"Bent Creek","Ozone","Buncombe",35.500102002749,-82.5998603096712
2025-04-26,40,"Bent Creek","Ozone","Buncombe",35.500102002749,-82.5998603096712
2025-04-27,49,"Bent Creek","Ozone","Buncombe",35.500102002749,-82.5998603096712
2025-04-28,50,"Bent Creek","Ozone","Buncombe",35.500102002749,-82.5998603096712
2025-04-29,42,"Bent Creek","Ozone","Buncombe",35.500102002749,-82.5998603096712
2025-04-30,37,"Bent Creek","Ozone","Buncombe",35.500102002749,-82.5998603096712
2025-05-01,42,"Bent Creek","Ozone","Buncombe",35.500102002749,-82.5998603096712
2025-05-02,36,"Bent Creek","Ozone","Buncombe",35.500102002749,-82.5998603096712
2025-05-03,40,"Bent Creek","Ozone","Buncombe",35.500102002749,-82.5998603096712
2025-05-04,37,"Bent Creek","Ozone","Buncombe",35.500102002749,-82.5998603096712
2025-05-05,30,"Bent Creek","Ozone","Buncombe",35.500102002749,-82.5998603096712
2025-05-06,40,"Bent Creek","Ozone","Buncombe",35.500102002749,-82.5998603096712
2025-05-07,31,"Bent Creek","Ozone","Buncombe",35.500102002749,-82.5998603096712
2025-05-08,41,"Bent Creek","Ozone","Buncombe",35.500102002749,-82.5998603096712
2025-05-09,44,"Bent Creek","Ozone","Buncombe",35.500102002749,-82.5998603096712
2025-05-10,36,"Bent Creek","Ozone","Buncombe",35.500102002749,-82.5998603096712
2025-05-11,33,"Bent Creek","Ozone","Buncombe",35.500102002749,-82.5998603096712
2025-05-12,22,"Bent Creek","Ozone","Buncombe",35.500102002749,-82.5998603096712
2025-05-13,40,"Bent Creek","Ozone","Buncombe",35.500102002749,-82.5998603096712
2025-05-14,37,"Bent Creek","Ozone","Buncombe",35.500102002749,-82.5998603096712
2025-05-15,40,"Bent Creek","Ozone","Buncombe",35.500102002749,-82.5998603096712
2025-05-16,28,"Bent Creek","Ozone","Buncombe",35.500102002749,-82.5998603096712
2025-05-17,45,"Bent Creek","Ozone","Buncombe",35.500102002749,-82.5998603096712
2025-05-18,44,"Bent Creek","Ozone","Buncombe",35.500102002749,-82.5998603096712
2025-05-19,31,"Bent Creek","Ozone","Buncombe",35.500102002749,-82.5998603096712
2025-05-20,38,"Bent Creek","Ozone","Buncombe",35.500102002749,-82.5998603096712
2025-05-21,44,"Bent Creek","Ozone","Buncombe",35.500102002749,-82.5998603096712
2025-05-22,51,"Bent Creek","Ozone","Buncombe",35.500102002749,-82.5998603096712
2025-05-23,38,"Bent Creek","Ozone","Buncombe",35.500102002749,-82.5998603096712
2025-05-24,36,"Bent Creek","Ozone","Buncombe",35.500102002749,-82.5998603096712
2025-05-25,33,"Bent Creek","Ozone","Buncombe",35.500102002749,-82.5998603096712
2025-05-26,26,"Bent Creek","Ozone","Buncombe",35.500102002749,-82.5998603096712
2025-05-27,23,"Bent Creek","Ozone","Buncombe",35.500102002749,-82.5998603096712
2025-05-28,26,"Bent Creek","Ozone","Buncombe",35.500102002749,-82.5998603096712
2025-05-29,29,"Bent Creek","Ozone","Buncombe",35.500102002749,-82.5998603096712
2025-05-30,44,"Bent Creek","Ozone","Buncombe",35.500102002749,-82.5998603096712
2025-05-31,49,"Bent Creek","Ozone","Buncombe",35.500102002749,-82.5998603096712
2025-06-01,47,"Bent Creek","Ozone","Buncombe",35.500102002749,-82.5998603096712
2025-06-02,46,"Bent Creek","Ozone","Buncombe",35.500102002749,-82.5998603096712
2025-06-03,58,"Bent Creek","Ozone","Buncombe",35.500102002749,-82.5998603096712
2025-06-04,46,"Bent Creek","Ozone","Buncombe",35.500102002749,-82.5998603096712
2025-06-05,44,"Bent Creek","Ozone","Buncombe",35.500102002749,-82.5998603096712
2025-06-06,36,"Bent Creek","Ozone","Buncombe",35.500102002749,-82.5998603096712
2025-06-07,32,"Bent Creek","Ozone","Buncombe",35.500102002749,-82.5998603096712
2025-06-08,40,"Bent Creek","Ozone","Buncombe",35.500102002749,-82.5998603096712
2025-06-09,40,"Bent Creek","Ozone","Buncombe",35.500102002749,-82.5998603096712
2025-06-10,36,"Bent Creek","Ozone","Buncombe",35.500102002749,-82.5998603096712
2025-06-11,54,"Bent Creek","Ozone","Buncombe",35.500102002749,-82.5998603096712
2025-06-12,32,"Bent Creek","Ozone","Buncombe",35.500102002749,-82.5998603096712
2025-06-13,21,"Bent Creek","Ozone","Buncombe",35.500102002749,-82.5998603096712
2025-06-14,26,"Bent Creek","Ozone","Buncombe",35.500102002749,-82.5998603096712
2025-06-15,25,"Bent Creek","Ozone","Buncombe",35.500102002749,-82.5998603096712
2025-06-16,28,"Bent Creek","Ozone","Buncombe",35.500102002749,-82.5998603096712
2025-06-17,25,"Bent Creek","Ozone","Buncombe",35.500102002749,-82.5998603096712
2025-06-18,28,"Bent Creek","Ozone","Buncombe",35.500102002749,-82.5998603096712
2025-06-19,35,"Bent Creek","Ozone","Buncombe",35.500102002749,-82.5998603096712
2025-06-20,42,"Bent Creek","Ozone","Buncombe",35.500102002749,-82.5998603096712
2025-06-21,41,"Bent Creek","Ozone","Buncombe",35.500102002749,-82.5998603096712
2025-06-22,43,"Bent Creek","Ozone","Buncombe",35.500102002749,-82.5998603096712
2025-06-23,37,"Bent Creek","Ozone","Buncombe",35.500102002749,-82.5998603096712
2025-06-24,37,"Bent Creek","Ozone","Buncombe",35.500102002749,-82.5998603096712
2025-06-25,36,"Bent Creek","Ozone","Buncombe",35.500102002749,-82.5998603096712
2025-06-26,33,"Bent Creek","Ozone","Buncombe",35.500102002749,-82.5998603096712
2025-06-27,42,"Bent Creek","Ozone","Buncombe",35.500102002749,-82.5998603096712
2025-06-28,34,"Bent Creek","Ozone","Buncombe",35.500102002749,-82.5998603096712
2025-06-29,36,"Bent Creek","Ozone","Buncombe",35.500102002749,-82.5998603096712
2025-06-30,33,"Bent Creek","Ozone","Buncombe",35.500102002749,-82.5998603096712
2025-07-01,27,"Bent Creek","Ozone","Buncombe",35.500102002749,-82.5998603096712
2025-07-02,44,"Bent Creek","Ozone","Buncombe",35.500102002749,-82.5998603096712
2025-07-03,46,"Bent Creek","Ozone","Buncombe",35.500102002749,-82.5998603096712
2025-07-04,45,"Bent Creek","Ozone","Buncombe",35.500102002749,-82.5998603096712
2025-07-05,42,"Bent Creek","Ozone","Buncombe",35.500102002749,-82.5998603096712
2025-07-06,35,"Bent Creek","Ozone","Buncombe",35.500102002749,-82.5998603096712
2025-07-07,35,"Bent Creek","Ozone","Buncombe",35.500102002749,-82.5998603096712
2025-07-08,35,"Bent Creek","Ozone","Buncombe",35.500102002749,-82.5998603096712
2025-07-09,31,"Bent Creek","Ozone","Buncombe",35.500102002749,-82.5998603096712
2025-07-10,27,"Bent Creek","Ozone","Buncombe",35.500102002749,-82.5998603096712
2025-07-11,31,"Bent Creek","Ozone","Buncombe",35.500102002749,-82.5998603096712
2025-07-12,30,"Bent Creek","Ozone","Buncombe",35.500102002749,-82.5998603096712
2025-07-13,23,"Bent Creek","Ozone","Buncombe",35.500102002749,-82.5998603096712
2025-07-14,28,"Bent Creek","Ozone","Buncombe",35.500102002749,-82.5998603096712
2025-07-15,32,"Bent Creek","Ozone","Buncombe",35.500102002749,-82.5998603096712
2025-07-16,33,"Bent Creek","Ozone","Buncombe",35.500102002749,-82.5998603096712
2025-07-17,26,"Bent Creek","Ozone","Buncombe",35.500102002749,-82.5998603096712
2025-07-18,24,"Bent Creek","Ozone","Buncombe",35.500102002749,-82.5998603096712
2025-07-19,27,"Bent Creek","Ozone","Buncombe",35.500102002749,-82.5998603096712
2025-07-20,22,"Bent Creek","Ozone","Buncombe",35.500102002749,-82.5998603096712
2025-07-21,27,"Bent Creek","Ozone","Buncombe",35.500102002749,-82.5998603096712
2025-07-22,29,"Bent Creek","Ozone","Buncombe",35.500102002749,-82.5998603096712
2025-07-23,38,"Bent Creek","Ozone","Buncombe",35.500102002749,-82.5998603096712
2025-07-24,40,"Bent Creek","Ozone","Buncombe",35.500102002749,-82.5998603096712
2025-07-25,0,"Bent Creek","Ozone","Buncombe",35.500102002749,-82.5998603096712
2025-07-26,0,"Bent Creek","Ozone","Buncombe",35.500102002749,-82.5998603096712
2025-07-27,0,"Bent Creek","Ozone","Buncombe",35.500102002749,-82.5998603096712
2025-07-28,27,"Bent Creek","Ozone","Buncombe",35.500102002749,-82.5998603096712
2025-07-29,33,"Bent Creek","Ozone","Buncombe",35.500102002749,-82.5998603096712
2025-07-30,38,"Bent Creek","Ozone","Buncombe",35.500102002749,-82.5998603096712
2025-07-31,20,"Bent Creek","Ozone","Buncombe",35.500102002749,-82.5998603096712
2025-08-01,32,"Bent Creek","Ozone","Buncombe",35.500102002749,-82.5998603096712
2025-08-02,21,"Bent Creek","Ozone","Buncombe",35.500102002749,-82.5998603096712
2025-08-03,28,"Bent Creek","Ozone","Buncombe",35.500102002749,-82.5998603096712
2025-08-04,21,"Bent Creek","Ozone","Buncombe",35.500102002749,-82.5998603096712
2025-08-05,27,"Bent Creek","Ozone","Buncombe",35.500102002749,-82.5998603096712
2025-08-06,29,"Bent Creek","Ozone","Buncombe",35.500102002749,-82.5998603096712
2025-08-07,29,"Bent Creek","Ozone","Buncombe",35.500102002749,-82.5998603096712
2025-08-08,32,"Bent Creek","Ozone","Buncombe",35.500102002749,-82.5998603096712
2025-08-09,31,"Bent Creek","Ozone","Buncombe",35.500102002749,-82.5998603096712
2025-08-10,29,"Bent Creek","Ozone","Buncombe",35.500102002749,-82.5998603096712
2025-08-11,19,"Bent Creek","Ozone","Buncombe",35.500102002749,-82.5998603096712
2025-08-12,19,"Bent Creek","Ozone","Buncombe",35.500102002749,-82.5998603096712
2025-08-13,19,"Bent Creek","Ozone","Buncombe",35.500102002749,-82.5998603096712
2025-08-14,29,"Bent Creek","Ozone","Buncombe",35.500102002749,-82.5998603096712
2025-08-15,33,"Bent Creek","Ozone","Buncombe",35.500102002749,-82.5998603096712
2025-08-16,36,"Bent Creek","Ozone","Buncombe",35.500102002749,-82.5998603096712
2025-08-17,31,"Bent Creek","Ozone","Buncombe",35.500102002749,-82.5998603096712
2025-08-18,42,"Bent Creek","Ozone","Buncombe",35.500102002749,-82.5998603096712
2025-08-19,31,"Bent Creek","Ozone","Buncombe",35.500102002749,-82.5998603096712
2025-08-20,30,"Bent Creek","Ozone","Buncombe",35.500102002749,-82.5998603096712
2025-08-21,31,"Bent Creek","Ozone","Buncombe",35.500102002749,-82.5998603096712
2025-08-22,31,"Bent Creek","Ozone","Buncombe",35.500102002749,-82.5998603096712
2025-08-23,27,"Bent Creek","Ozone","Buncombe",35.500102002749,-82.5998603096712
2025-08-24,21,"Bent Creek","Ozone","Buncombe",35.500102002749,-82.5998603096712
2025-08-25,31,"Bent Creek","Ozone","Buncombe",35.500102002749,-82.5998603096712
2025-08-26,35,"Bent Creek","Ozone","Buncombe",35.500102002749,-82.5998603096712
2025-08-27,36,"Bent Creek","Ozone","Buncombe",35.500102002749,-82.5998603096712
2025-08-28,33,"Bent Creek","Ozone","Buncombe",35.500102002749,-82.5998603096712
2025-08-29,37,"Bent Creek","Ozone","Buncombe",35.500102002749,-82.5998603096712
2025-08-30,39,"Bent Creek","Ozone","Buncombe",35.500102002749,-82.5998603096712
2025-08-31,31,"Bent Creek","Ozone","Buncombe",35.500102002749,-82.5998603096712
2025-09-01,36,"Bent Creek","Ozone","Buncombe",35.500102002749,-82.5998603096712
2025-09-02,35,"Bent Creek","Ozone","Buncombe",35.500102002749,-82.5998603096712
2025-09-03,27,"Bent Creek","Ozone","Buncombe",35.500102002749,-82.5998603096712
2025-09-04,31,"Bent Creek","Ozone","Buncombe",35.500102002749,-82.5998603096712
2025-09-05,31,"Bent Creek","Ozone","Buncombe",35.500102002749,-82.5998603096712
2025-09-06,32,"Bent Creek","Ozone","Buncombe",35.500102002749,-82.5998603096712
2025-09-07,33,"Bent Creek","Ozone","Buncombe",35.500102002749,-82.5998603096712
2025-09-08,35,"Bent Creek","Ozone","Buncombe",35.500102002749,-82.5998603096712
2025-09-09,41,"Bent Creek","Ozone","Buncombe",35.500102002749,-82.5998603096712
2025-09-10,41,"Bent Creek","Ozone","Buncombe",35.500102002749,-82.5998603096712
2025-09-11,42,"Bent Creek","Ozone","Buncombe",35.500102002749,-82.5998603096712
2025-09-12,45,"Bent Creek","Ozone","Buncombe",35.500102002749,-82.5998603096712
2025-09-13,44,"Bent Creek","Ozone","Buncombe",35.500102002749,-82.5998603096712
2025-09-14,36,"Bent Creek","Ozone","Buncombe",35.500102002749,-82.5998603096712
2025-09-15,40,"Bent Creek","Ozone","Buncombe",35.500102002749,-82.5998603096712
2025-09-16,32,"Bent Creek","Ozone","Buncombe",35.500102002749,-82.5998603096712
2025-09-17,38,"Bent Creek","Ozone","Buncombe",35.500102002749,-82.5998603096712
2025-09-18,37,"Bent Creek","Ozone","Buncombe",35.500102002749,-82.5998603096712
2025-09-19,44,"Bent Creek","Ozone","Buncombe",35.500102002749,-82.5998603096712
2025-09-20,28,"Bent Creek","Ozone","Buncombe",35.500102002749,-82.5998603096712
2025-09-21,39,"Bent Creek","Ozone","Buncombe",35.500102002749,-82.5998603096712
2025-09-22,38,"Bent Creek","Ozone","Buncombe",35.500102002749,-82.5998603096712
2025-09-23,32,"Bent Creek","Ozone","Buncombe",35.500102002749,-82.5998603096712
2025-09-24,29,"Bent Creek","Ozone","Buncombe",35.500102002749,-82.5998603096712
2025-09-25,20,"Bent Creek","Ozone","Buncombe",35.500102002749,-82.5998603096712
2025-09-26,26,"Bent Creek","Ozone","Buncombe",35.500102002749,-82.5998603096712
2025-09-27,27,"Bent Creek","Ozone","Buncombe",35.500102002749,-82.5998603096712
2025-09-28,31,"Bent Creek","Ozone","Buncombe",35.500102002749,-82.5998603096712
2025-09-29,33,"Bent Creek","Ozone","Buncombe",35.500102002749,-82.5998603096712
2025-09-30,19,"Bent Creek","Ozone","Buncombe",35.500102002749,-82.5998603096712
2025-10-01,42,"Bent Creek","Ozone","Buncombe",35.500102002749,-82.5998603096712
2025-10-02,37,"Bent Creek","Ozone","Buncombe",35.500102002749,-82.5998603096712
2025-10-03,35,"Bent Creek","Ozone","Buncombe",35.500102002749,-82.5998603096712
2025-10-04,36,"Bent Creek","Ozone","Buncombe",35.500102002749,-82.5998603096712
2025-10-05,29,"Bent Creek","Ozone","Buncombe",35.500102002749,-82.5998603096712
2025-10-06,29,"Bent Creek","Ozone","Buncombe",35.500102002749,-82.5998603096712
2025-10-07,27,"Bent Creek","Ozone","Buncombe",35.500102002749,-82.5998603096712
2025-10-08,31,"Bent Creek","Ozone","Buncombe",35.500102002749,-82.5998603096712
2025-10-09,36,"Bent Creek","Ozone","Buncombe",35.500102002749,-82.5998603096712
2025-10-10,36,"Bent Creek","Ozone","Buncombe",35.500102002749,-82.5998603096712
2025-10-11,31,"Bent Creek","Ozone","Buncombe",35.500102002749,-82.5998603096712
2025-10-12,35,"Bent Creek","Ozone","Buncombe",35.500102002749,-82.5998603096712
2025-10-13,36,"Bent Creek","Ozone","Buncombe",35.500102002749,-82.5998603096712
2025-10-14,42,"Bent Creek","Ozone","Buncombe",35.500102002749,-82.5998603096712
2025-10-15,42,"Bent Creek","Ozone","Buncombe",35.500102002749,-82.5998603096712
2025-10-16,39,"Bent Creek","Ozone","Buncombe",35.500102002749,-82.5998603096712
2025-10-17,40,"Bent Creek","Ozone","Buncombe",35.500102002749,-82.5998603096712
2025-10-18,42,"Bent Creek","Ozone","Buncombe",35.500102002749,-82.5998603096712
2025-10-19,33,"Bent Creek","Ozone","Buncombe",35.500102002749,-82.5998603096712
2025-10-20,31,"Bent Creek","Ozone","Buncombe",35.500102002749,-82.5998603096712
2025-10-21,39,"Bent Creek","Ozone","Buncombe",35.500102002749,-82.5998603096712
2025-10-22,36,"Bent Creek","Ozone","Buncombe",35.500102002749,-82.5998603096712
2025-10-23,40,"Bent Creek","Ozone","Buncombe",35.500102002749,-82.5998603096712
2025-10-24,34,"Bent Creek","Ozone","Buncombe",35.500102002749,-82.5998603096712
2025-10-25,36,"Bent Creek","Ozone","Buncombe",35.500102002749,-82.5998603096712
2025-10-26,32,"Bent Creek","Ozone","Buncombe",35.500102002749,-82.5998603096712
2025-10-27,27,"Bent Creek","Ozone","Buncombe",35.500102002749,-82.5998603096712
2025-10-28,32,"Bent Creek","Ozone","Buncombe",35.500102002749,-82.5998603096712
2025-10-29,14,"Bent Creek","Ozone","Buncombe",35.500102002749,-82.5998603096712
2025-10-30,28,"Bent Creek","Ozone","Buncombe",35.500102002749,-82.5998603096712
2025-10-31,33,"Bent Creek","Ozone","Buncombe",35.500102002749,-82.5998603096712
2025-11-01,31,"Bent Creek","Ozone","Buncombe",35.500102002749,-82.5998603096712
2025-11-02,35,"Bent Creek","Ozone","Buncombe",35.500102002749,-82.5998603096712
2025-03-01,46,"Lenoir (city)","Ozone","Caldwell",35.9359000008969,-81.5306
2025-03-02,40,"Lenoir (city)","Ozone","Caldwell",35.9359000008969,-81.5306
2025-03-03,41,"Lenoir (city)","Ozone","Caldwell",35.9359000008969,-81.5306
2025-03-04,39,"Lenoir (city)","Ozone","Caldwell",35.9359000008969,-81.5306
2025-03-05,43,"Lenoir (city)","Ozone","Caldwell",35.9359000008969,-81.5306
2025-03-06,35,"Lenoir (city)","Ozone","Caldwell",35.9359000008969,-81.5306
2025-03-07,32,"Lenoir (city)","Ozone","Caldwell",35.9359000008969,-81.5306
2025-03-08,41,"Lenoir (city)","Ozone","Caldwell",35.9359000008969,-81.5306
2025-03-09,39,"Lenoir (city)","Ozone","Caldwell",35.9359000008969,-81.5306
2025-03-10,39,"Lenoir (city)","Ozone","Caldwell",35.9359000008969,-81.5306
2025-03-11,49,"Lenoir (city)","Ozone","Caldwell",35.9359000008969,-81.5306
2025-03-12,67,"Lenoir (city)","Ozone","Caldwell",35.9359000008969,-81.5306
2025-03-13,50,"Lenoir (city)","Ozone","Caldwell",35.9359000008969,-81.5306
2025-03-14,51,"Lenoir (city)","Ozone","Caldwell",35.9359000008969,-81.5306
2025-03-15,36,"Lenoir (city)","Ozone","Caldwell",35.9359000008969,-81.5306
2025-03-16,43,"Lenoir (city)","Ozone","Caldwell",35.9359000008969,-81.5306
2025-03-17,32,"Lenoir (city)","Ozone","Caldwell",35.9359000008969,-81.5306
2025-03-18,44,"Lenoir (city)","Ozone","Caldwell",35.9359000008969,-81.5306
2025-03-19,50,"Lenoir (city)","Ozone","Caldwell",35.9359000008969,-81.5306
2025-03-20,37,"Lenoir (city)","Ozone","Caldwell",35.9359000008969,-81.5306
2025-03-21,44,"Lenoir (city)","Ozone","Caldwell",35.9359000008969,-81.5306
2025-03-22,48,"Lenoir (city)","Ozone","Caldwell",35.9359000008969,-81.5306
2025-03-23,49,"Lenoir (city)","Ozone","Caldwell",35.9359000008969,-81.5306
2025-03-24,43,"Lenoir (city)","Ozone","Caldwell",35.9359000008969,-81.5306
2025-03-25,48,"Lenoir (city)","Ozone","Caldwell",35.9359000008969,-81.5306
2025-03-26,45,"Lenoir (city)","Ozone","Caldwell",35.9359000008969,-81.5306
2025-03-27,50,"Lenoir (city)","Ozone","Caldwell",35.9359000008969,-81.5306
2025-03-28,74,"Lenoir (city)","Ozone","Caldwell",35.9359000008969,-81.5306
2025-03-29,44,"Lenoir (city)","Ozone","Caldwell",35.9359000008969,-81.5306
2025-03-30,38,"Lenoir (city)","Ozone","Caldwell",35.9359000008969,-81.5306
2025-03-31,31,"Lenoir (city)","Ozone","Caldwell",35.9359000008969,-81.5306
2025-04-01,35,"Lenoir (city)","Ozone","Caldwell",35.9359000008969,-81.5306
2025-04-02,18,"Lenoir (city)","Ozone","Caldwell",35.9359000008969,-81.5306
2025-04-03,30,"Lenoir (city)","Ozone","Caldwell",35.9359000008969,-81.5306
2025-04-04,34,"Lenoir (city)","Ozone","Caldwell",35.9359000008969,-81.5306
2025-04-05,39,"Lenoir (city)","Ozone","Caldwell",35.9359000008969,-81.5306
2025-04-06,42,"Lenoir (city)","Ozone","Caldwell",35.9359000008969,-81.5306
2025-04-07,32,"Lenoir (city)","Ozone","Caldwell",35.9359000008969,-81.5306
2025-04-08,49,"Lenoir (city)","Ozone","Caldwell",35.9359000008969,-81.5306
2025-04-09,46,"Lenoir (city)","Ozone","Caldwell",35.9359000008969,-81.5306
2025-04-10,26,"Lenoir (city)","Ozone","Caldwell",35.9359000008969,-81.5306
2025-04-11,43,"Lenoir (city)","Ozone","Caldwell",35.9359000008969,-81.5306
2025-04-12,41,"Lenoir (city)","Ozone","Caldwell",35.9359000008969,-81.5306
2025-04-13,46,"Lenoir (city)","Ozone","Caldwell",35.9359000008969,-81.5306
2025-04-14,64,"Lenoir (city)","Ozone","Caldwell",35.9359000008969,-81.5306
2025-04-15,44,"Lenoir (city)","Ozone","Caldwell",35.9359000008969,-81.5306
2025-04-16,47,"Lenoir (city)","Ozone","Caldwell",35.9359000008969,-81.5306
2025-04-17,54,"Lenoir (city)","Ozone","Caldwell",35.9359000008969,-81.5306
2025-04-18,77,"Lenoir (city)","Ozone","Caldwell",35.9359000008969,-81.5306
2025-04-19,46,"Lenoir (city)","Ozone","Caldwell",35.9359000008969,-81.5306
2025-04-20,45,"Lenoir (city)","Ozone","Caldwell",35.9359000008969,-81.5306
2025-04-21,45,"Lenoir (city)","Ozone","Caldwell",35.9359000008969,-81.5306
2025-04-22,31,"Lenoir (city)","Ozone","Caldwell",35.9359000008969,-81.5306
2025-04-23,44,"Lenoir (city)","Ozone","Caldwell",35.9359000008969,-81.5306
2025-04-24,29,"Lenoir (city)","Ozone","Caldwell",35.9359000008969,-81.5306
2025-04-25,34,"Lenoir (city)","Ozone","Caldwell",35.9359000008969,-81.5306
2025-04-26,40,"Lenoir (city)","Ozone","Caldwell",35.9359000008969,-81.5306
2025-04-27,45,"Lenoir (city)","Ozone","Caldwell",35.9359000008969,-81.5306
2025-04-28,61,"Lenoir (city)","Ozone","Caldwell",35.9359000008969,-81.5306
2025-04-29,44,"Lenoir (city)","Ozone","Caldwell",35.9359000008969,-81.5306
2025-04-30,35,"Lenoir (city)","Ozone","Caldwell",35.9359000008969,-81.5306
2025-05-01,37,"Lenoir (city)","Ozone","Caldwell",35.9359000008969,-81.5306
2025-05-02,42,"Lenoir (city)","Ozone","Caldwell",35.9359000008969,-81.5306
2025-05-03,36,"Lenoir (city)","Ozone","Caldwell",35.9359000008969,-81.5306
2025-05-04,40,"Lenoir (city)","Ozone","Caldwell",35.9359000008969,-81.5306
2025-05-05,40,"Lenoir (city)","Ozone","Caldwell",35.9359000008969,-81.5306
2025-05-06,42,"Lenoir (city)","Ozone","Caldwell",35.9359000008969,-81.5306
2025-05-07,39,"Lenoir (city)","Ozone","Caldwell",35.9359000008969,-81.5306
2025-05-08,37,"Lenoir (city)","Ozone","Caldwell",35.9359000008969,-81.5306
2025-05-09,45,"Lenoir (city)","Ozone","Caldwell",35.9359000008969,-81.5306
2025-05-10,40,"Lenoir (city)","Ozone","Caldwell",35.9359000008969,-81.5306
2025-05-11,31,"Lenoir (city)","Ozone","Caldwell",35.9359000008969,-81.5306
2025-05-12,23,"Lenoir (city)","Ozone","Caldwell",35.9359000008969,-81.5306
2025-05-13,42,"Lenoir (city)","Ozone","Caldwell",35.9359000008969,-81.5306
2025-05-14,36,"Lenoir (city)","Ozone","Caldwell",35.9359000008969,-81.5306
2025-05-15,43,"Lenoir (city)","Ozone","Caldwell",35.9359000008969,-81.5306
2025-05-16,31,"Lenoir (city)","Ozone","Caldwell",35.9359000008969,-81.5306
2025-05-17,46,"Lenoir (city)","Ozone","Caldwell",35.9359000008969,-81.5306
2025-05-18,44,"Lenoir (city)","Ozone","Caldwell",35.9359000008969,-81.5306
2025-05-19,39,"Lenoir (city)","Ozone","Caldwell",35.9359000008969,-81.5306
2025-05-20,44,"Lenoir (city)","Ozone","Caldwell",35.9359000008969,-81.5306
2025-05-21,44,"Lenoir (city)","Ozone","Caldwell",35.9359000008969,-81.5306
2025-05-22,49,"Lenoir (city)","Ozone","Caldwell",35.9359000008969,-81.5306
2025-05-23,40,"Lenoir (city)","Ozone","Caldwell",35.9359000008969,-81.5306
2025-05-24,39,"Lenoir (city)","Ozone","Caldwell",35.9359000008969,-81.5306
2025-05-25,39,"Lenoir (city)","Ozone","Caldwell",35.9359000008969,-81.5306
2025-05-26,25,"Lenoir (city)","Ozone","Caldwell",35.9359000008969,-81.5306
2025-05-27,28,"Lenoir (city)","Ozone","Caldwell",35.9359000008969,-81.5306
2025-05-28,26,"Lenoir (city)","Ozone","Caldwell",35.9359000008969,-81.5306
2025-05-29,26,"Lenoir (city)","Ozone","Caldwell",35.9359000008969,-81.5306
2025-05-30,42,"Lenoir (city)","Ozone","Caldwell",35.9359000008969,-81.5306
2025-05-31,46,"Lenoir (city)","Ozone","Caldwell",35.9359000008969,-81.5306
2025-06-01,38,"Lenoir (city)","Ozone","Caldwell",35.9359000008969,-81.5306
2025-06-02,43,"Lenoir (city)","Ozone","Caldwell",35.9359000008969,-81.5306
2025-06-03,45,"Lenoir (city)","Ozone","Caldwell",35.9359000008969,-81.5306
2025-06-04,49,"Lenoir (city)","Ozone","Caldwell",35.9359000008969,-81.5306
2025-06-05,32,"Lenoir (city)","Ozone","Caldwell",35.9359000008969,-81.5306
2025-06-06,34,"Lenoir (city)","Ozone","Caldwell",35.9359000008969,-81.5306
2025-06-07,37,"Lenoir (city)","Ozone","Caldwell",35.9359000008969,-81.5306
2025-06-08,38,"Lenoir (city)","Ozone","Caldwell",35.9359000008969,-81.5306
2025-06-09,42,"Lenoir (city)","Ozone","Caldwell",35.9359000008969,-81.5306
2025-06-10,38,"Lenoir (city)","Ozone","Caldwell",35.9359000008969,-81.5306
2025-06-11,43,"Lenoir (city)","Ozone","Caldwell",35.9359000008969,-81.5306
2025-06-12,46,"Lenoir (city)","Ozone","Caldwell",35.9359000008969,-81.5306
2025-06-13,27,"Lenoir (city)","Ozone","Caldwell",35.9359000008969,-81.5306
2025-06-14,27,"Lenoir (city)","Ozone","Caldwell",35.9359000008969,-81.5306
2025-06-15,23,"Lenoir (city)","Ozone","Caldwell",35.9359000008969,-81.5306
2025-06-16,25,"Lenoir (city)","Ozone","Caldwell",35.9359000008969,-81.5306
2025-06-17,28,"Lenoir (city)","Ozone","Caldwell",35.9359000008969,-81.5306
2025-06-18,32,"Lenoir (city)","Ozone","Caldwell",35.9359000008969,-81.5306
2025-06-19,21,"Lenoir (city)","Ozone","Caldwell",35.9359000008969,-81.5306
2025-06-20,49,"Lenoir (city)","Ozone","Caldwell",35.9359000008969,-81.5306
2025-06-21,39,"Lenoir (city)","Ozone","Caldwell",35.9359000008969,-81.5306
2025-06-22,37,"Lenoir (city)","Ozone","Caldwell",35.9359000008969,-81.5306
2025-06-23,38,"Lenoir (city)","Ozone","Caldwell",35.9359000008969,-81.5306
2025-06-24,36,"Lenoir (city)","Ozone","Caldwell",35.9359000008969,-81.5306
2025-06-25,36,"Lenoir (city)","Ozone","Caldwell",35.9359000008969,-81.5306
2025-06-26,38,"Lenoir (city)","Ozone","Caldwell",35.9359000008969,-81.5306
2025-06-27,42,"Lenoir (city)","Ozone","Caldwell",35.9359000008969,-81.5306
2025-06-28,32,"Lenoir (city)","Ozone","Caldwell",35.9359000008969,-81.5306
2025-06-29,35,"Lenoir (city)","Ozone","Caldwell",35.9359000008969,-81.5306
2025-06-30,40,"Lenoir (city)","Ozone","Caldwell",35.9359000008969,-81.5306
2025-07-01,32,"Lenoir (city)","Ozone","Caldwell",35.9359000008969,-81.5306
2025-07-02,39,"Lenoir (city)","Ozone","Caldwell",35.9359000008969,-81.5306
2025-07-03,44,"Lenoir (city)","Ozone","Caldwell",35.9359000008969,-81.5306
2025-07-04,44,"Lenoir (city)","Ozone","Caldwell",35.9359000008969,-81.5306
2025-07-05,42,"Lenoir (city)","Ozone","Caldwell",35.9359000008969,-81.5306
2025-07-06,30,"Lenoir (city)","Ozone","Caldwell",35.9359000008969,-81.5306
2025-07-07,36,"Lenoir (city)","Ozone","Caldwell",35.9359000008969,-81.5306
2025-07-08,36,"Lenoir (city)","Ozone","Caldwell",35.9359000008969,-81.5306
2025-07-09,37,"Lenoir (city)","Ozone","Caldwell",35.9359000008969,-81.5306
2025-07-10,29,"Lenoir (city)","Ozone","Caldwell",35.9359000008969,-81.5306
2025-07-11,34,"Lenoir (city)","Ozone","Caldwell",35.9359000008969,-81.5306
2025-07-12,31,"Lenoir (city)","Ozone","Caldwell",35.9359000008969,-81.5306
2025-07-13,22,"Lenoir (city)","Ozone","Caldwell",35.9359000008969,-81.5306
2025-07-14,31,"Lenoir (city)","Ozone","Caldwell",35.9359000008969,-81.5306
2025-07-15,30,"Lenoir (city)","Ozone","Caldwell",35.9359000008969,-81.5306
2025-07-16,35,"Lenoir (city)","Ozone","Caldwell",35.9359000008969,-81.5306
2025-07-17,31,"Lenoir (city)","Ozone","Caldwell",35.9359000008969,-81.5306
2025-07-18,31,"Lenoir (city)","Ozone","Caldwell",35.9359000008969,-81.5306
2025-07-19,31,"Lenoir (city)","Ozone","Caldwell",35.9359000008969,-81.5306
2025-07-20,29,"Lenoir (city)","Ozone","Caldwell",35.9359000008969,-81.5306
2025-07-21,31,"Lenoir (city)","Ozone","Caldwell",35.9359000008969,-81.5306
2025-07-22,29,"Lenoir (city)","Ozone","Caldwell",35.9359000008969,-81.5306
2025-07-23,45,"Lenoir (city)","Ozone","Caldwell",35.9359000008969,-81.5306
2025-07-24,43,"Lenoir (city)","Ozone","Caldwell",35.9359000008969,-81.5306
2025-07-25,31,"Lenoir (city)","Ozone","Caldwell",35.9359000008969,-81.5306
2025-07-26,35,"Lenoir (city)","Ozone","Caldwell",35.9359000008969,-81.5306
2025-07-27,27,"Lenoir (city)","Ozone","Caldwell",35.9359000008969,-81.5306
2025-07-28,27,"Lenoir (city)","Ozone","Caldwell",35.9359000008969,-81.5306
2025-07-29,32,"Lenoir (city)","Ozone","Caldwell",35.9359000008969,-81.5306
2025-07-30,41,"Lenoir (city)","Ozone","Caldwell",35.9359000008969,-81.5306
2025-07-31,29,"Lenoir (city)","Ozone","Caldwell",35.9359000008969,-81.5306
2025-08-01,32,"Lenoir (city)","Ozone","Caldwell",35.9359000008969,-81.5306
2025-08-02,26,"Lenoir (city)","Ozone","Caldwell",35.9359000008969,-81.5306
2025-08-03,23,"Lenoir (city)","Ozone","Caldwell",35.9359000008969,-81.5306
2025-08-04,30,"Lenoir (city)","Ozone","Caldwell",35.9359000008969,-81.5306
2025-08-05,26,"Lenoir (city)","Ozone","Caldwell",35.9359000008969,-81.5306
2025-08-06,26,"Lenoir (city)","Ozone","Caldwell",35.9359000008969,-81.5306
2025-08-07,30,"Lenoir (city)","Ozone","Caldwell",35.9359000008969,-81.5306
2025-08-08,31,"Lenoir (city)","Ozone","Caldwell",35.9359000008969,-81.5306
2025-08-09,33,"Lenoir (city)","Ozone","Caldwell",35.9359000008969,-81.5306
2025-08-10,27,"Lenoir (city)","Ozone","Caldwell",35.9359000008969,-81.5306
2025-08-11,15,"Lenoir (city)","Ozone","Caldwell",35.9359000008969,-81.5306
2025-08-12,19,"Lenoir (city)","Ozone","Caldwell",35.9359000008969,-81.5306
2025-08-13,20,"Lenoir (city)","Ozone","Caldwell",35.9359000008969,-81.5306
2025-08-14,26,"Lenoir (city)","Ozone","Caldwell",35.9359000008969,-81.5306
2025-08-15,32,"Lenoir (city)","Ozone","Caldwell",35.9359000008969,-81.5306
2025-08-16,34,"Lenoir (city)","Ozone","Caldwell",35.9359000008969,-81.5306
2025-08-17,32,"Lenoir (city)","Ozone","Caldwell",35.9359000008969,-81.5306
2025-08-18,37,"Lenoir (city)","Ozone","Caldwell",35.9359000008969,-81.5306
2025-08-19,30,"Lenoir (city)","Ozone","Caldwell",35.9359000008969,-81.5306
2025-08-20,31,"Lenoir (city)","Ozone","Caldwell",35.9359000008969,-81.5306
2025-08-21,31,"Lenoir (city)","Ozone","Caldwell",35.9359000008969,-81.5306
2025-08-22,27,"Lenoir (city)","Ozone","Caldwell",35.9359000008969,-81.5306
2025-08-23,27,"Lenoir (city)","Ozone","Caldwell",35.9359000008969,-81.5306
2025-08-24,27,"Lenoir (city)","Ozone","Caldwell",35.9359000008969,-81.5306
2025-08-25,35,"Lenoir (city)","Ozone","Caldwell",35.9359000008969,-81.5306
2025-08-26,35,"Lenoir (city)","Ozone","Caldwell",35.9359000008969,-81.5306
2025-08-27,36,"Lenoir (city)","Ozone","Caldwell",35.9359000008969,-81.5306
2025-08-28,39,"Lenoir (city)","Ozone","Caldwell",35.9359000008969,-81.5306
2025-08-29,39,"Lenoir (city)","Ozone","Caldwell",35.9359000008969,-81.5306
2025-08-30,35,"Lenoir (city)","Ozone","Caldwell",35.9359000008969,-81.5306
2025-08-31,31,"Lenoir (city)","Ozone","Caldwell",35.9359000008969,-81.5306
2025-09-01,36,"Lenoir (city)","Ozone","Caldwell",35.9359000008969,-81.5306
2025-09-02,33,"Lenoir (city)","Ozone","Caldwell",35.9359000008969,-81.5306
2025-09-03,29,"Lenoir (city)","Ozone","Caldwell",35.9359000008969,-81.5306
2025-09-04,30,"Lenoir (city)","Ozone","Caldwell",35.9359000008969,-81.5306
2025-09-05,32,"Lenoir (city)","Ozone","Caldwell",35.9359000008969,-81.5306
2025-09-06,33,"Lenoir (city)","Ozone","Caldwell",35.9359000008969,-81.5306
2025-09-07,29,"Lenoir (city)","Ozone","Caldwell",35.9359000008969,-81.5306
2025-09-08,36,"Lenoir (city)","Ozone","Caldwell",35.9359000008969,-81.5306
2025-09-09,41,"Lenoir (city)","Ozone","Caldwell",35.9359000008969,-81.5306
2025-09-10,37,"Lenoir (city)","Ozone","Caldwell",35.9359000008969,-81.5306
2025-09-11,42,"Lenoir (city)","Ozone","Caldwell",35.9359000008969,-81.5306
2025-09-12,44,"Lenoir (city)","Ozone","Caldwell",35.9359000008969,-81.5306
2025-09-13,46,"Lenoir (city)","Ozone","Caldwell",35.9359000008969,-81.5306
2025-09-14,44,"Lenoir (city)","Ozone","Caldwell",35.9359000008969,-81.5306
2025-09-15,39,"Lenoir (city)","Ozone","Caldwell",35.9359000008969,-81.5306
2025-09-16,35,"Lenoir (city)","Ozone","Caldwell",35.9359000008969,-81.5306
2025-09-17,37,"Lenoir (city)","Ozone","Caldwell",35.9359000008969,-81.5306
2025-09-18,47,"Lenoir (city)","Ozone","Caldwell",35.9359000008969,-81.5306
2025-09-19,48,"Lenoir (city)","Ozone","Caldwell",35.9359000008969,-81.5306
2025-09-20,44,"Lenoir (city)","Ozone","Caldwell",35.9359000008969,-81.5306
2025-09-21,41,"Lenoir (city)","Ozone","Caldwell",35.9359000008969,-81.5306
2025-09-22,41,"Lenoir (city)","Ozone","Caldwell",35.9359000008969,-81.5306
2025-09-23,40,"Lenoir (city)","Ozone","Caldwell",35.9359000008969,-81.5306
2025-09-24,33,"Lenoir (city)","Ozone","Caldwell",35.9359000008969,-81.5306
2025-09-25,24,"Lenoir (city)","Ozone","Caldwell",35.9359000008969,-81.5306
2025-09-26,31,"Lenoir (city)","Ozone","Caldwell",35.9359000008969,-81.5306
2025-09-27,33,"Lenoir (city)","Ozone","Caldwell",35.9359000008969,-81.5306
2025-09-28,31,"Lenoir (city)","Ozone","Caldwell",35.9359000008969,-81.5306
2025-09-29,31,"Lenoir (city)","Ozone","Caldwell",35.9359000008969,-81.5306
2025-09-30,28,"Lenoir (city)","Ozone","Caldwell",35.9359000008969,-81.5306
2025-10-01,44,"Lenoir (city)","Ozone","Caldwell",35.9359000008969,-81.5306
2025-10-02,37,"Lenoir (city)","Ozone","Caldwell",35.9359000008969,-81.5306
2025-10-03,30,"Lenoir (city)","Ozone","Caldwell",35.9359000008969,-81.5306
2025-10-04,36,"Lenoir (city)","Ozone","Caldwell",35.9359000008969,-81.5306
2025-10-05,27,"Lenoir (city)","Ozone","Caldwell",35.9359000008969,-81.5306
2025-10-06,32,"Lenoir (city)","Ozone","Caldwell",35.9359000008969,-81.5306
2025-10-07,29,"Lenoir (city)","Ozone","Caldwell",35.9359000008969,-81.5306
2025-10-08,32,"Lenoir (city)","Ozone","Caldwell",35.9359000008969,-81.5306
2025-10-09,35,"Lenoir (city)","Ozone","Caldwell",35.9359000008969,-81.5306
2025-10-10,31,"Lenoir (city)","Ozone","Caldwell",35.9359000008969,-81.5306
2025-10-11,31,"Lenoir (city)","Ozone","Caldwell",35.9359000008969,-81.5306
2025-10-12,30,"Lenoir (city)","Ozone","Caldwell",35.9359000008969,-81.5306
2025-10-13,31,"Lenoir (city)","Ozone","Caldwell",35.9359000008969,-81.5306
2025-10-14,35,"Lenoir (city)","Ozone","Caldwell",35.9359000008969,-81.5306
2025-10-15,38,"Lenoir (city)","Ozone","Caldwell",35.9359000008969,-81.5306
2025-10-16,38,"Lenoir (city)","Ozone","Caldwell",35.9359000008969,-81.5306
2025-10-17,40,"Lenoir (city)","Ozone","Caldwell",35.9359000008969,-81.5306
2025-10-18,42,"Lenoir (city)","Ozone","Caldwell",35.9359000008969,-81.5306
2025-10-19,31,"Lenoir (city)","Ozone","Caldwell",35.9359000008969,-81.5306
2025-10-20,31,"Lenoir (city)","Ozone","Caldwell",35.9359000008969,-81.5306
2025-10-21,39,"Lenoir (city)","Ozone","Caldwell",35.9359000008969,-81.5306
2025-10-22,38,"Lenoir (city)","Ozone","Caldwell",35.9359000008969,-81.5306
2025-10-23,37,"Lenoir (city)","Ozone","Caldwell",35.9359000008969,-81.5306
2025-10-24,35,"Lenoir (city)","Ozone","Caldwell",35.9359000008969,-81.5306
2025-10-25,32,"Lenoir (city)","Ozone","Caldwell",35.9359000008969,-81.5306
2025-10-26,31,"Lenoir (city)","Ozone","Caldwell",35.9359000008969,-81.5306
2025-10-27,30,"Lenoir (city)","Ozone","Caldwell",35.9359000008969,-81.5306
2025-10-28,32,"Lenoir (city)","Ozone","Caldwell",35.9359000008969,-81.5306
2025-10-29,13,"Lenoir (city)","Ozone","Caldwell",35.9359000008969,-81.5306
2025-10-30,23,"Lenoir (city)","Ozone","Caldwell",35.9359000008969,-81.5306
2025-10-31,32,"Lenoir (city)","Ozone","Caldwell",35.9359000008969,-81.5306
2025-11-01,32,"Lenoir (city)","Ozone","Caldwell",35.9359000008969,-81.5306
2025-11-02,33,"Lenoir (city)","Ozone","Caldwell",35.9359000008969,-81.5306
2025-01-01,32,"Beaufort","Ozone","Carteret",34.8848,-76.6203
2025-01-02,29,"Beaufort","Ozone","Carteret",34.8848,-76.6203
2025-01-03,34,"Beaufort","Ozone","Carteret",34.8848,-76.6203
2025-01-04,31,"Beaufort","Ozone","Carteret",34.8848,-76.6203
2025-01-05,35,"Beaufort","Ozone","Carteret",34.8848,-76.6203
2025-01-06,39,"Beaufort","Ozone","Carteret",34.8848,-76.6203
2025-01-09,34,"Beaufort","Ozone","Carteret",34.8848,-76.6203
2025-01-10,31,"Beaufort","Ozone","Carteret",34.8848,-76.6203
2025-01-12,30,"Beaufort","Ozone","Carteret",34.8848,-76.6203
2025-01-13,33,"Beaufort","Ozone","Carteret",34.8848,-76.6203
2025-01-14,38,"Beaufort","Ozone","Carteret",34.8848,-76.6203
2025-01-15,33,"Beaufort","Ozone","Carteret",34.8848,-76.6203
2025-01-16,40,"Beaufort","Ozone","Carteret",34.8848,-76.6203
2025-01-17,34,"Beaufort","Ozone","Carteret",34.8848,-76.6203
2025-01-18,30,"Beaufort","Ozone","Carteret",34.8848,-76.6203
2025-01-19,33,"Beaufort","Ozone","Carteret",34.8848,-76.6203
2025-01-20,32,"Beaufort","Ozone","Carteret",34.8848,-76.6203
2025-01-21,31,"Beaufort","Ozone","Carteret",34.8848,-76.6203
2025-01-22,33,"Beaufort","Ozone","Carteret",34.8848,-76.6203
2025-01-23,34,"Beaufort","Ozone","Carteret",34.8848,-76.6203
2025-01-24,33,"Beaufort","Ozone","Carteret",34.8848,-76.6203
2025-01-25,39,"Beaufort","Ozone","Carteret",34.8848,-76.6203
2025-01-26,42,"Beaufort","Ozone","Carteret",34.8848,-76.6203
2025-01-27,38,"Beaufort","Ozone","Carteret",34.8848,-76.6203
2025-01-28,35,"Beaufort","Ozone","Carteret",34.8848,-76.6203
2025-01-29,37,"Beaufort","Ozone","Carteret",34.8848,-76.6203
2025-01-30,38,"Beaufort","Ozone","Carteret",34.8848,-76.6203
2025-01-31,42,"Beaufort","Ozone","Carteret",34.8848,-76.6203
2025-02-01,35,"Beaufort","Ozone","Carteret",34.8848,-76.6203
2025-02-02,36,"Beaufort","Ozone","Carteret",34.8848,-76.6203
2025-02-03,32,"Beaufort","Ozone","Carteret",34.8848,-76.6203
2025-02-04,42,"Beaufort","Ozone","Carteret",34.8848,-76.6203
2025-02-05,35,"Beaufort","Ozone","Carteret",34.8848,-76.6203
2025-02-06,34,"Beaufort","Ozone","Carteret",34.8848,-76.6203
2025-02-07,33,"Beaufort","Ozone","Carteret",34.8848,-76.6203
2025-02-08,31,"Beaufort","Ozone","Carteret",34.8848,-76.6203
2025-02-09,34,"Beaufort","Ozone","Carteret",34.8848,-76.6203
2025-02-10,36,"Beaufort","Ozone","Carteret",34.8848,-76.6203
2025-02-11,37,"Beaufort","Ozone","Carteret",34.8848,-76.6203
2025-02-12,33,"Beaufort","Ozone","Carteret",34.8848,-76.6203
2025-02-13,25,"Beaufort","Ozone","Carteret",34.8848,-76.6203
2025-02-14,37,"Beaufort","Ozone","Carteret",34.8848,-76.6203
2025-02-15,44,"Beaufort","Ozone","Carteret",34.8848,-76.6203
2025-02-16,35,"Beaufort","Ozone","Carteret",34.8848,-76.6203
2025-02-17,38,"Beaufort","Ozone","Carteret",34.8848,-76.6203
2025-02-18,38,"Beaufort","Ozone","Carteret",34.8848,-76.6203
2025-02-19,33,"Beaufort","Ozone","Carteret",34.8848,-76.6203
2025-02-20,32,"Beaufort","Ozone","Carteret",34.8848,-76.6203
2025-02-21,36,"Beaufort","Ozone","Carteret",34.8848,-76.6203
2025-02-22,40,"Beaufort","Ozone","Carteret",34.8848,-76.6203
2025-02-23,44,"Beaufort","Ozone","Carteret",34.8848,-76.6203
2025-02-24,45,"Beaufort","Ozone","Carteret",34.8848,-76.6203
2025-02-25,48,"Beaufort","Ozone","Carteret",34.8848,-76.6203
2025-02-26,51,"Beaufort","Ozone","Carteret",34.8848,-76.6203
2025-02-27,77,"Beaufort","Ozone","Carteret",34.8848,-76.6203
2025-02-28,46,"Beaufort","Ozone","Carteret",34.8848,-76.6203
2025-03-01,64,"Beaufort","Ozone","Carteret",34.8848,-76.6203
2025-03-02,39,"Beaufort","Ozone","Carteret",34.8848,-76.6203
2025-03-03,42,"Beaufort","Ozone","Carteret",34.8848,-76.6203
2025-03-04,44,"Beaufort","Ozone","Carteret",34.8848,-76.6203
2025-03-05,43,"Beaufort","Ozone","Carteret",34.8848,-76.6203
2025-03-06,34,"Beaufort","Ozone","Carteret",34.8848,-76.6203
2025-03-07,43,"Beaufort","Ozone","Carteret",34.8848,-76.6203
2025-03-08,44,"Beaufort","Ozone","Carteret",34.8848,-76.6203
2025-03-09,41,"Beaufort","Ozone","Carteret",34.8848,-76.6203
2025-03-10,44,"Beaufort","Ozone","Carteret",34.8848,-76.6203
2025-03-11,44,"Beaufort","Ozone","Carteret",34.8848,-76.6203
2025-03-12,80,"Beaufort","Ozone","Carteret",34.8848,-76.6203
2025-03-13,71,"Beaufort","Ozone","Carteret",34.8848,-76.6203
2025-03-14,39,"Beaufort","Ozone","Carteret",34.8848,-76.6203
2025-03-15,38,"Beaufort","Ozone","Carteret",34.8848,-76.6203
2025-03-16,38,"Beaufort","Ozone","Carteret",34.8848,-76.6203
2025-03-17,34,"Beaufort","Ozone","Carteret",34.8848,-76.6203
2025-03-18,41,"Beaufort","Ozone","Carteret",34.8848,-76.6203
2025-03-19,44,"Beaufort","Ozone","Carteret",34.8848,-76.6203
2025-03-20,61,"Beaufort","Ozone","Carteret",34.8848,-76.6203
2025-03-21,39,"Beaufort","Ozone","Carteret",34.8848,-76.6203
2025-03-22,58,"Beaufort","Ozone","Carteret",34.8848,-76.6203
2025-03-23,41,"Beaufort","Ozone","Carteret",34.8848,-76.6203
2025-03-24,51,"Beaufort","Ozone","Carteret",34.8848,-76.6203
2025-03-25,48,"Beaufort","Ozone","Carteret",34.8848,-76.6203
2025-03-26,46,"Beaufort","Ozone","Carteret",34.8848,-76.6203
2025-03-27,46,"Beaufort","Ozone","Carteret",34.8848,-76.6203
2025-03-28,50,"Beaufort","Ozone","Carteret",34.8848,-76.6203
2025-03-29,44,"Beaufort","Ozone","Carteret",34.8848,-76.6203
2025-03-30,43,"Beaufort","Ozone","Carteret",34.8848,-76.6203
2025-03-31,36,"Beaufort","Ozone","Carteret",34.8848,-76.6203
2025-04-01,35,"Beaufort","Ozone","Carteret",34.8848,-76.6203
2025-04-02,41,"Beaufort","Ozone","Carteret",34.8848,-76.6203
2025-04-03,26,"Beaufort","Ozone","Carteret",34.8848,-76.6203
2025-04-04,26,"Beaufort","Ozone","Carteret",34.8848,-76.6203
2025-04-05,31,"Beaufort","Ozone","Carteret",34.8848,-76.6203
2025-04-06,31,"Beaufort","Ozone","Carteret",34.8848,-76.6203
2025-04-07,35,"Beaufort","Ozone","Carteret",34.8848,-76.6203
2025-04-08,41,"Beaufort","Ozone","Carteret",34.8848,-76.6203
2025-04-09,44,"Beaufort","Ozone","Carteret",34.8848,-76.6203
2025-04-10,45,"Beaufort","Ozone","Carteret",34.8848,-76.6203
2025-04-11,46,"Beaufort","Ozone","Carteret",34.8848,-76.6203
2025-04-12,35,"Beaufort","Ozone","Carteret",34.8848,-76.6203
2025-04-13,40,"Beaufort","Ozone","Carteret",34.8848,-76.6203
2025-04-14,61,"Beaufort","Ozone","Carteret",34.8848,-76.6203
2025-04-15,48,"Beaufort","Ozone","Carteret",34.8848,-76.6203
2025-04-16,47,"Beaufort","Ozone","Carteret",34.8848,-76.6203
2025-04-17,46,"Beaufort","Ozone","Carteret",34.8848,-76.6203
2025-04-18,64,"Beaufort","Ozone","Carteret",34.8848,-76.6203
2025-04-19,47,"Beaufort","Ozone","Carteret",34.8848,-76.6203
2025-04-20,37,"Beaufort","Ozone","Carteret",34.8848,-76.6203
2025-04-21,47,"Beaufort","Ozone","Carteret",34.8848,-76.6203
2025-04-22,41,"Beaufort","Ozone","Carteret",34.8848,-76.6203
2025-04-23,40,"Beaufort","Ozone","Carteret",34.8848,-76.6203
2025-04-24,46,"Beaufort","Ozone","Carteret",34.8848,-76.6203
2025-04-25,45,"Beaufort","Ozone","Carteret",34.8848,-76.6203
2025-04-26,36,"Beaufort","Ozone","Carteret",34.8848,-76.6203
2025-04-27,44,"Beaufort","Ozone","Carteret",34.8848,-76.6203
2025-04-28,46,"Beaufort","Ozone","Carteret",34.8848,-76.6203
2025-04-29,49,"Beaufort","Ozone","Carteret",34.8848,-76.6203
2025-04-30,44,"Beaufort","Ozone","Carteret",34.8848,-76.6203
2025-05-01,41,"Beaufort","Ozone","Carteret",34.8848,-76.6203
2025-05-02,41,"Beaufort","Ozone","Carteret",34.8848,-76.6203
2025-05-03,44,"Beaufort","Ozone","Carteret",34.8848,-76.6203
2025-05-04,44,"Beaufort","Ozone","Carteret",34.8848,-76.6203
2025-05-05,49,"Beaufort","Ozone","Carteret",34.8848,-76.6203
2025-05-06,48,"Beaufort","Ozone","Carteret",34.8848,-76.6203
2025-05-07,51,"Beaufort","Ozone","Carteret",34.8848,-76.6203
2025-05-08,51,"Beaufort","Ozone","Carteret",34.8848,-76.6203
2025-05-09,50,"Beaufort","Ozone","Carteret",34.8848,-76.6203
2025-05-10,46,"Beaufort","Ozone","Carteret",34.8848,-76.6203
2025-05-11,44,"Beaufort","Ozone","Carteret",34.8848,-76.6203
2025-05-12,40,"Beaufort","Ozone","Carteret",34.8848,-76.6203
2025-05-13,32,"Beaufort","Ozone","Carteret",34.8848,-76.6203
2025-05-14,45,"Beaufort","Ozone","Carteret",34.8848,-76.6203
2025-05-15,44,"Beaufort","Ozone","Carteret",34.8848,-76.6203
2025-05-16,43,"Beaufort","Ozone","Carteret",34.8848,-76.6203
2025-05-17,42,"Beaufort","Ozone","Carteret",34.8848,-76.6203
2025-05-18,45,"Beaufort","Ozone","Carteret",34.8848,-76.6203
2025-05-19,45,"Beaufort","Ozone","Carteret",34.8848,-76.6203
2025-05-20,45,"Beaufort","Ozone","Carteret",34.8848,-76.6203
2025-05-21,37,"Beaufort","Ozone","Carteret",34.8848,-76.6203
2025-05-22,50,"Beaufort","Ozone","Carteret",34.8848,-76.6203
2025-05-23,47,"Beaufort","Ozone","Carteret",34.8848,-76.6203
2025-05-24,44,"Beaufort","Ozone","Carteret",34.8848,-76.6203
2025-05-25,45,"Beaufort","Ozone","Carteret",34.8848,-76.6203
2025-05-26,43,"Beaufort","Ozone","Carteret",34.8848,-76.6203
2025-05-27,38,"Beaufort","Ozone","Carteret",34.8848,-76.6203
2025-05-28,29,"Beaufort","Ozone","Carteret",34.8848,-76.6203
2025-05-29,31,"Beaufort","Ozone","Carteret",34.8848,-76.6203
2025-05-30,37,"Beaufort","Ozone","Carteret",34.8848,-76.6203
2025-05-31,45,"Beaufort","Ozone","Carteret",34.8848,-76.6203
2025-06-01,46,"Beaufort","Ozone","Carteret",34.8848,-76.6203
2025-06-02,44,"Beaufort","Ozone","Carteret",34.8848,-76.6203
2025-06-03,51,"Beaufort","Ozone","Carteret",34.8848,-76.6203
2025-06-04,48,"Beaufort","Ozone","Carteret",34.8848,-76.6203
2025-06-05,27,"Beaufort","Ozone","Carteret",34.8848,-76.6203
2025-06-06,28,"Beaufort","Ozone","Carteret",34.8848,-76.6203
2025-06-07,37,"Beaufort","Ozone","Carteret",34.8848,-76.6203
2025-06-08,36,"Beaufort","Ozone","Carteret",34.8848,-76.6203
2025-06-09,38,"Beaufort","Ozone","Carteret",34.8848,-76.6203
2025-06-10,31,"Beaufort","Ozone","Carteret",34.8848,-76.6203
2025-06-11,32,"Beaufort","Ozone","Carteret",34.8848,-76.6203
2025-06-12,30,"Beaufort","Ozone","Carteret",34.8848,-76.6203
2025-06-13,19,"Beaufort","Ozone","Carteret",34.8848,-76.6203
2025-06-14,23,"Beaufort","Ozone","Carteret",34.8848,-76.6203
2025-06-15,29,"Beaufort","Ozone","Carteret",34.8848,-76.6203
2025-06-16,26,"Beaufort","Ozone","Carteret",34.8848,-76.6203
2025-06-17,26,"Beaufort","Ozone","Carteret",34.8848,-76.6203
2025-06-18,31,"Beaufort","Ozone","Carteret",34.8848,-76.6203
2025-06-19,31,"Beaufort","Ozone","Carteret",34.8848,-76.6203
2025-06-20,34,"Beaufort","Ozone","Carteret",34.8848,-76.6203
2025-06-21,34,"Beaufort","Ozone","Carteret",34.8848,-76.6203
2025-06-22,27,"Beaufort","Ozone","Carteret",34.8848,-76.6203
2025-06-23,40,"Beaufort","Ozone","Carteret",34.8848,-76.6203
2025-06-24,45,"Beaufort","Ozone","Carteret",34.8848,-76.6203
2025-06-25,47,"Beaufort","Ozone","Carteret",34.8848,-76.6203
2025-06-26,50,"Beaufort","Ozone","Carteret",34.8848,-76.6203
2025-06-27,38,"Beaufort","Ozone","Carteret",34.8848,-76.6203
2025-06-28,31,"Beaufort","Ozone","Carteret",34.8848,-76.6203
2025-06-29,37,"Beaufort","Ozone","Carteret",34.8848,-76.6203
2025-06-30,28,"Beaufort","Ozone","Carteret",34.8848,-76.6203
2025-07-01,31,"Beaufort","Ozone","Carteret",34.8848,-76.6203
2025-07-02,28,"Beaufort","Ozone","Carteret",34.8848,-76.6203
2025-07-03,29,"Beaufort","Ozone","Carteret",34.8848,-76.6203
2025-07-04,41,"Beaufort","Ozone","Carteret",34.8848,-76.6203
2025-07-05,34,"Beaufort","Ozone","Carteret",34.8848,-76.6203
2025-07-06,32,"Beaufort","Ozone","Carteret",34.8848,-76.6203
2025-07-07,31,"Beaufort","Ozone","Carteret",34.8848,-76.6203
2025-07-08,31,"Beaufort","Ozone","Carteret",34.8848,-76.6203
2025-07-09,23,"Beaufort","Ozone","Carteret",34.8848,-76.6203
2025-07-10,39,"Beaufort","Ozone","Carteret",34.8848,-76.6203
2025-07-11,34,"Beaufort","Ozone","Carteret",34.8848,-76.6203
2025-07-12,36,"Beaufort","Ozone","Carteret",34.8848,-76.6203
2025-07-13,34,"Beaufort","Ozone","Carteret",34.8848,-76.6203
2025-07-14,29,"Beaufort","Ozone","Carteret",34.8848,-76.6203
2025-07-15,30,"Beaufort","Ozone","Carteret",34.8848,-76.6203
2025-07-16,13,"Beaufort","Ozone","Carteret",34.8848,-76.6203
2025-07-17,18,"Beaufort","Ozone","Carteret",34.8848,-76.6203
2025-07-18,22,"Beaufort","Ozone","Carteret",34.8848,-76.6203
2025-07-19,33,"Beaufort","Ozone","Carteret",34.8848,-76.6203
2025-07-20,31,"Beaufort","Ozone","Carteret",34.8848,-76.6203
2025-07-21,32,"Beaufort","Ozone","Carteret",34.8848,-76.6203
2025-07-22,35,"Beaufort","Ozone","Carteret",34.8848,-76.6203
2025-07-23,36,"Beaufort","Ozone","Carteret",34.8848,-76.6203
2025-07-24,31,"Beaufort","Ozone","Carteret",34.8848,-76.6203
2025-07-25,33,"Beaufort","Ozone","Carteret",34.8848,-76.6203
2025-07-26,42,"Beaufort","Ozone","Carteret",34.8848,-76.6203
2025-07-27,35,"Beaufort","Ozone","Carteret",34.8848,-76.6203
2025-07-28,36,"Beaufort","Ozone","Carteret",34.8848,-76.6203
2025-07-29,34,"Beaufort","Ozone","Carteret",34.8848,-76.6203
2025-07-30,35,"Beaufort","Ozone","Carteret",34.8848,-76.6203
2025-07-31,38,"Beaufort","Ozone","Carteret",34.8848,-76.6203
2025-08-01,32,"Beaufort","Ozone","Carteret",34.8848,-76.6203
2025-08-02,32,"Beaufort","Ozone","Carteret",34.8848,-76.6203
2025-08-03,32,"Beaufort","Ozone","Carteret",34.8848,-76.6203
2025-08-04,32,"Beaufort","Ozone","Carteret",34.8848,-76.6203
2025-08-05,31,"Beaufort","Ozone","Carteret",34.8848,-76.6203
2025-08-06,31,"Beaufort","Ozone","Carteret",34.8848,-76.6203
2025-08-07,38,"Beaufort","Ozone","Carteret",34.8848,-76.6203
2025-08-08,31,"Beaufort","Ozone","Carteret",34.8848,-76.6203
2025-08-09,26,"Beaufort","Ozone","Carteret",34.8848,-76.6203
2025-08-10,27,"Beaufort","Ozone","Carteret",34.8848,-76.6203
2025-08-11,19,"Beaufort","Ozone","Carteret",34.8848,-76.6203
2025-08-12,17,"Beaufort","Ozone","Carteret",34.8848,-76.6203
2025-08-13,20,"Beaufort","Ozone","Carteret",34.8848,-76.6203
2025-08-14,26,"Beaufort","Ozone","Carteret",34.8848,-76.6203
2025-08-15,21,"Beaufort","Ozone","Carteret",34.8848,-76.6203
2025-08-16,27,"Beaufort","Ozone","Carteret",34.8848,-76.6203
2025-08-17,34,"Beaufort","Ozone","Carteret",34.8848,-76.6203
2025-08-18,33,"Beaufort","Ozone","Carteret",34.8848,-76.6203
2025-08-19,31,"Beaufort","Ozone","Carteret",34.8848,-76.6203
2025-08-20,23,"Beaufort","Ozone","Carteret",34.8848,-76.6203
2025-08-21,23,"Beaufort","Ozone","Carteret",34.8848,-76.6203
2025-08-22,37,"Beaufort","Ozone","Carteret",34.8848,-76.6203
2025-08-23,33,"Beaufort","Ozone","Carteret",34.8848,-76.6203
2025-08-24,27,"Beaufort","Ozone","Carteret",34.8848,-76.6203
2025-08-25,33,"Beaufort","Ozone","Carteret",34.8848,-76.6203
2025-08-26,34,"Beaufort","Ozone","Carteret",34.8848,-76.6203
2025-08-27,36,"Beaufort","Ozone","Carteret",34.8848,-76.6203
2025-08-28,40,"Beaufort","Ozone","Carteret",34.8848,-76.6203
2025-08-29,44,"Beaufort","Ozone","Carteret",34.8848,-76.6203
2025-08-30,43,"Beaufort","Ozone","Carteret",34.8848,-76.6203
2025-08-31,40,"Beaufort","Ozone","Carteret",34.8848,-76.6203
2025-09-01,36,"Beaufort","Ozone","Carteret",34.8848,-76.6203
2025-09-02,31,"Beaufort","Ozone","Carteret",34.8848,-76.6203
2025-09-03,33,"Beaufort","Ozone","Carteret",34.8848,-76.6203
2025-09-04,43,"Beaufort","Ozone","Carteret",34.8848,-76.6203
2025-09-05,37,"Beaufort","Ozone","Carteret",34.8848,-76.6203
2025-09-06,30,"Beaufort","Ozone","Carteret",34.8848,-76.6203
2025-09-07,27,"Beaufort","Ozone","Carteret",34.8848,-76.6203
2025-09-08,36,"Beaufort","Ozone","Carteret",34.8848,-76.6203
2025-09-09,32,"Beaufort","Ozone","Carteret",34.8848,-76.6203
2025-09-10,21,"Beaufort","Ozone","Carteret",34.8848,-76.6203
2025-09-11,36,"Beaufort","Ozone","Carteret",34.8848,-76.6203
2025-09-12,40,"Beaufort","Ozone","Carteret",34.8848,-76.6203
2025-09-13,37,"Beaufort","Ozone","Carteret",34.8848,-76.6203
2025-09-14,39,"Beaufort","Ozone","Carteret",34.8848,-76.6203
2025-09-15,36,"Beaufort","Ozone","Carteret",34.8848,-76.6203
2025-09-16,31,"Beaufort","Ozone","Carteret",34.8848,-76.6203
2025-09-17,35,"Beaufort","Ozone","Carteret",34.8848,-76.6203
2025-09-18,25,"Beaufort","Ozone","Carteret",34.8848,-76.6203
2025-09-19,37,"Beaufort","Ozone","Carteret",34.8848,-76.6203
2025-09-20,47,"Beaufort","Ozone","Carteret",34.8848,-76.6203
2025-09-21,34,"Beaufort","Ozone","Carteret",34.8848,-76.6203
2025-09-22,32,"Beaufort","Ozone","Carteret",34.8848,-76.6203
2025-09-23,29,"Beaufort","Ozone","Carteret",34.8848,-76.6203
2025-09-24,21,"Beaufort","Ozone","Carteret",34.8848,-76.6203
2025-09-25,30,"Beaufort","Ozone","Carteret",34.8848,-76.6203
2025-09-26,31,"Beaufort","Ozone","Carteret",34.8848,-76.6203
2025-09-27,20,"Beaufort","Ozone","Carteret",34.8848,-76.6203
2025-09-28,33,"Beaufort","Ozone","Carteret",34.8848,-76.6203
2025-09-29,27,"Beaufort","Ozone","Carteret",34.8848,-76.6203
2025-09-30,41,"Beaufort","Ozone","Carteret",34.8848,-76.6203
2025-10-01,31,"Beaufort","Ozone","Carteret",34.8848,-76.6203
2025-10-02,30,"Beaufort","Ozone","Carteret",34.8848,-76.6203
2025-10-03,33,"Beaufort","Ozone","Carteret",34.8848,-76.6203
2025-10-04,31,"Beaufort","Ozone","Carteret",34.8848,-76.6203
2025-10-05,33,"Beaufort","Ozone","Carteret",34.8848,-76.6203
2025-10-06,33,"Beaufort","Ozone","Carteret",34.8848,-76.6203
2025-10-07,31,"Beaufort","Ozone","Carteret",34.8848,-76.6203
2025-10-08,30,"Beaufort","Ozone","Carteret",34.8848,-76.6203
2025-10-09,33,"Beaufort","Ozone","Carteret",34.8848,-76.6203
2025-10-10,35,"Beaufort","Ozone","Carteret",34.8848,-76.6203
2025-10-11,34,"Beaufort","Ozone","Carteret",34.8848,-76.6203
2025-10-12,34,"Beaufort","Ozone","Carteret",34.8848,-76.6203
2025-10-13,22,"Beaufort","Ozone","Carteret",34.8848,-76.6203
2025-10-14,20,"Beaufort","Ozone","Carteret",34.8848,-76.6203
2025-10-15,20,"Beaufort","Ozone","Carteret",34.8848,-76.6203
2025-10-16,35,"Beaufort","Ozone","Carteret",34.8848,-76.6203
2025-10-17,31,"Beaufort","Ozone","Carteret",34.8848,-76.6203
2025-10-18,42,"Beaufort","Ozone","Carteret",34.8848,-76.6203
2025-10-19,41,"Beaufort","Ozone","Carteret",34.8848,-76.6203
2025-10-20,32,"Beaufort","Ozone","Carteret",34.8848,-76.6203
2025-10-21,43,"Beaufort","Ozone","Carteret",34.8848,-76.6203
2025-10-22,40,"Beaufort","Ozone","Carteret",34.8848,-76.6203
2025-10-23,35,"Beaufort","Ozone","Carteret",34.8848,-76.6203
2025-10-24,33,"Beaufort","Ozone","Carteret",34.8848,-76.6203
2025-10-25,31,"Beaufort","Ozone","Carteret",34.8848,-76.6203
2025-10-26,31,"Beaufort","Ozone","Carteret",34.8848,-76.6203
2025-10-28,30,"Beaufort","Ozone","Carteret",34.8848,-76.6203
2025-10-29,26,"Beaufort","Ozone","Carteret",34.8848,-76.6203
2025-10-30,28,"Beaufort","Ozone","Carteret",34.8848,-76.6203
2025-10-31,31,"Beaufort","Ozone","Carteret",34.8848,-76.6203
2025-11-01,31,"Beaufort","Ozone","Carteret",34.8848,-76.6203
2025-11-02,36,"Beaufort","Ozone","Carteret",34.8848,-76.6203
2025-11-03,32,"Beaufort","Ozone","Carteret",34.8848,-76.6203
2025-11-04,31,"Beaufort","Ozone","Carteret",34.8848,-76.6203
2025-11-05,41,"Beaufort","Ozone","Carteret",34.8848,-76.6203
2025-11-06,35,"Beaufort","Ozone","Carteret",34.8848,-76.6203
2025-11-07,38,"Beaufort","Ozone","Carteret",34.8848,-76.6203
2025-11-08,33,"Beaufort","Ozone","Carteret",34.8848,-76.6203
2025-11-09,32,"Beaufort","Ozone","Carteret",34.8848,-76.6203
2025-11-10,25,"Beaufort","Ozone","Carteret",34.8848,-76.6203
2025-11-11,30,"Beaufort","Ozone","Carteret",34.8848,-76.6203
2025-11-12,33,"Beaufort","Ozone","Carteret",34.8848,-76.6203
2025-11-13,39,"Beaufort","Ozone","Carteret",34.8848,-76.6203
2025-11-14,34,"Beaufort","Ozone","Carteret",34.8848,-76.6203
2025-11-15,44,"Beaufort","Ozone","Carteret",34.8848,-76.6203
2025-11-16,36,"Beaufort","Ozone","Carteret",34.8848,-76.6203
2025-11-17,37,"Beaufort","Ozone","Carteret",34.8848,-76.6203
2025-11-18,34,"Beaufort","Ozone","Carteret",34.8848,-76.6203
2025-11-19,36,"Beaufort","Ozone","Carteret",34.8848,-76.6203
2025-11-20,27,"Beaufort","Ozone","Carteret",34.8848,-76.6203
2025-11-21,19,"Beaufort","Ozone","Carteret",34.8848,-76.6203
2025-11-22,25,"Beaufort","Ozone","Carteret",34.8848,-76.6203
2025-11-23,28,"Beaufort","Ozone","Carteret",34.8848,-76.6203
2025-11-24,32,"Beaufort","Ozone","Carteret",34.8848,-76.6203
2025-11-25,38,"Beaufort","Ozone","Carteret",34.8848,-76.6203
2025-11-26,35,"Beaufort","Ozone","Carteret",34.8848,-76.6203
2025-11-27,31,"Beaufort","Ozone","Carteret",34.8848,-76.6203
2025-11-28,31,"Beaufort","Ozone","Carteret",34.8848,-76.6203
2025-11-29,32,"Beaufort","Ozone","Carteret",34.8848,-76.6203
2025-11-30,37,"Beaufort","Ozone","Carteret",34.8848,-76.6203
2025-12-01,29,"Beaufort","Ozone","Carteret",34.8848,-76.6203
2025-12-02,30,"Beaufort","Ozone","Carteret",34.8848,-76.6203
2025-12-03,31,"Beaufort","Ozone","Carteret",34.8848,-76.6203
2025-12-04,25,"Beaufort","Ozone","Carteret",34.8848,-76.6203
2025-12-05,30,"Beaufort","Ozone","Carteret",34.8848,-76.6203
2025-12-06,15,"Beaufort","Ozone","Carteret",34.8848,-76.6203
2025-12-07,15,"Beaufort","Ozone","Carteret",34.8848,-76.6203
2025-12-08,28,"Beaufort","Ozone","Carteret",34.8848,-76.6203
2025-12-09,28,"Beaufort","Ozone","Carteret",34.8848,-76.6203
2025-12-10,36,"Beaufort","Ozone","Carteret",34.8848,-76.6203
2025-12-11,27,"Beaufort","Ozone","Carteret",34.8848,-76.6203
2025-12-12,27,"Beaufort","Ozone","Carteret",34.8848,-76.6203
2025-12-13,40,"Beaufort","Ozone","Carteret",34.8848,-76.6203
2025-12-14,32,"Beaufort","Ozone","Carteret",34.8848,-76.6203
2025-12-15,30,"Beaufort","Ozone","Carteret",34.8848,-76.6203
2025-12-16,35,"Beaufort","Ozone","Carteret",34.8848,-76.6203
2025-12-17,37,"Beaufort","Ozone","Carteret",34.8848,-76.6203
2025-12-18,35,"Beaufort","Ozone","Carteret",34.8848,-76.6203
2025-12-19,38,"Beaufort","Ozone","Carteret",34.8848,-76.6203
2025-12-20,32,"Beaufort","Ozone","Carteret",34.8848,-76.6203
2025-12-21,35,"Beaufort","Ozone","Carteret",34.8848,-76.6203
2025-12-22,34,"Beaufort","Ozone","Carteret",34.8848,-76.6203
2025-12-23,30,"Beaufort","Ozone","Carteret",34.8848,-76.6203
2025-12-24,32,"Beaufort","Ozone","Carteret",34.8848,-76.6203
2025-12-25,39,"Beaufort","Ozone","Carteret",34.8848,-76.6203
2025-12-26,33,"Beaufort","Ozone","Carteret",34.8848,-76.6203
2025-12-27,28,"Beaufort","Ozone","Carteret",34.8848,-76.6203
2025-12-28,35,"Beaufort","Ozone","Carteret",34.8848,-76.6203
2025-12-29,31,"Beaufort","Ozone","Carteret",34.8848,-76.6203
2025-12-30,28,"Beaufort","Ozone","Carteret",34.8848,-76.6203
2025-12-31,35,"Beaufort","Ozone","Carteret",34.8848,-76.6203
2025-03-01,48,"Cherry Grove","Ozone","Caswell",36.307033,-79.467417
2025-03-02,40,"Cherry Grove","Ozone","Caswell",36.307033,-79.467417
2025-03-03,42,"Cherry Grove","Ozone","Caswell",36.307033,-79.467417
2025-03-04,44,"Cherry Grove","Ozone","Caswell",36.307033,-79.467417
2025-03-05,43,"Cherry Grove","Ozone","Caswell",36.307033,-79.467417
2025-03-06,35,"Cherry Grove","Ozone","Caswell",36.307033,-79.467417
2025-03-07,35,"Cherry Grove","Ozone","Caswell",36.307033,-79.467417
2025-03-08,41,"Cherry Grove","Ozone","Caswell",36.307033,-79.467417
2025-03-09,44,"Cherry Grove","Ozone","Caswell",36.307033,-79.467417
2025-03-10,39,"Cherry Grove","Ozone","Caswell",36.307033,-79.467417
2025-03-11,58,"Cherry Grove","Ozone","Caswell",36.307033,-79.467417
2025-03-12,77,"Cherry Grove","Ozone","Caswell",36.307033,-79.467417
2025-03-13,46,"Cherry Grove","Ozone","Caswell",36.307033,-79.467417
2025-03-14,40,"Cherry Grove","Ozone","Caswell",36.307033,-79.467417
2025-03-15,34,"Cherry Grove","Ozone","Caswell",36.307033,-79.467417
2025-03-16,36,"Cherry Grove","Ozone","Caswell",36.307033,-79.467417
2025-03-17,31,"Cherry Grove","Ozone","Caswell",36.307033,-79.467417
2025-03-18,44,"Cherry Grove","Ozone","Caswell",36.307033,-79.467417
2025-03-19,61,"Cherry Grove","Ozone","Caswell",36.307033,-79.467417
2025-03-20,42,"Cherry Grove","Ozone","Caswell",36.307033,-79.467417
2025-03-21,43,"Cherry Grove","Ozone","Caswell",36.307033,-79.467417
2025-03-22,48,"Cherry Grove","Ozone","Caswell",36.307033,-79.467417
2025-03-23,46,"Cherry Grove","Ozone","Caswell",36.307033,-79.467417
2025-03-24,40,"Cherry Grove","Ozone","Caswell",36.307033,-79.467417
2025-03-25,48,"Cherry Grove","Ozone","Caswell",36.307033,-79.467417
2025-03-26,45,"Cherry Grove","Ozone","Caswell",36.307033,-79.467417
2025-03-27,49,"Cherry Grove","Ozone","Caswell",36.307033,-79.467417
2025-03-28,74,"Cherry Grove","Ozone","Caswell",36.307033,-79.467417
2025-03-29,45,"Cherry Grove","Ozone","Caswell",36.307033,-79.467417
2025-03-30,40,"Cherry Grove","Ozone","Caswell",36.307033,-79.467417
2025-03-31,31,"Cherry Grove","Ozone","Caswell",36.307033,-79.467417
2025-04-01,31,"Cherry Grove","Ozone","Caswell",36.307033,-79.467417
2025-04-02,36,"Cherry Grove","Ozone","Caswell",36.307033,-79.467417
2025-04-03,28,"Cherry Grove","Ozone","Caswell",36.307033,-79.467417
2025-04-04,39,"Cherry Grove","Ozone","Caswell",36.307033,-79.467417
2025-04-05,35,"Cherry Grove","Ozone","Caswell",36.307033,-79.467417
2025-04-06,45,"Cherry Grove","Ozone","Caswell",36.307033,-79.467417
2025-04-07,27,"Cherry Grove","Ozone","Caswell",36.307033,-79.467417
2025-04-08,46,"Cherry Grove","Ozone","Caswell",36.307033,-79.467417
2025-04-09,45,"Cherry Grove","Ozone","Caswell",36.307033,-79.467417
2025-04-10,43,"Cherry Grove","Ozone","Caswell",36.307033,-79.467417
2025-04-11,30,"Cherry Grove","Ozone","Caswell",36.307033,-79.467417
2025-04-12,38,"Cherry Grove","Ozone","Caswell",36.307033,-79.467417
2025-04-13,44,"Cherry Grove","Ozone","Caswell",36.307033,-79.467417
2025-04-14,71,"Cherry Grove","Ozone","Caswell",36.307033,-79.467417
2025-04-15,44,"Cherry Grove","Ozone","Caswell",36.307033,-79.467417
2025-04-16,46,"Cherry Grove","Ozone","Caswell",36.307033,-79.467417
2025-04-17,49,"Cherry Grove","Ozone","Caswell",36.307033,-79.467417
2025-04-18,64,"Cherry Grove","Ozone","Caswell",36.307033,-79.467417
2025-04-19,44,"Cherry Grove","Ozone","Caswell",36.307033,-79.467417
2025-04-20,40,"Cherry Grove","Ozone","Caswell",36.307033,-79.467417
2025-04-21,47,"Cherry Grove","Ozone","Caswell",36.307033,-79.467417
2025-04-22,38,"Cherry Grove","Ozone","Caswell",36.307033,-79.467417
2025-04-23,51,"Cherry Grove","Ozone","Caswell",36.307033,-79.467417
2025-04-24,50,"Cherry Grove","Ozone","Caswell",36.307033,-79.467417
2025-04-25,36,"Cherry Grove","Ozone","Caswell",36.307033,-79.467417
2025-04-26,38,"Cherry Grove","Ozone","Caswell",36.307033,-79.467417
2025-04-27,45,"Cherry Grove","Ozone","Caswell",36.307033,-79.467417
2025-04-28,51,"Cherry Grove","Ozone","Caswell",36.307033,-79.467417
2025-04-29,49,"Cherry Grove","Ozone","Caswell",36.307033,-79.467417
2025-04-30,43,"Cherry Grove","Ozone","Caswell",36.307033,-79.467417
2025-05-01,45,"Cherry Grove","Ozone","Caswell",36.307033,-79.467417
2025-05-02,44,"Cherry Grove","Ozone","Caswell",36.307033,-79.467417
2025-05-03,33,"Cherry Grove","Ozone","Caswell",36.307033,-79.467417
2025-05-04,42,"Cherry Grove","Ozone","Caswell",36.307033,-79.467417
2025-05-05,41,"Cherry Grove","Ozone","Caswell",36.307033,-79.467417
2025-05-06,46,"Cherry Grove","Ozone","Caswell",36.307033,-79.467417
2025-05-07,46,"Cherry Grove","Ozone","Caswell",36.307033,-79.467417
2025-05-08,47,"Cherry Grove","Ozone","Caswell",36.307033,-79.467417
2025-05-09,43,"Cherry Grove","Ozone","Caswell",36.307033,-79.467417
2025-05-10,42,"Cherry Grove","Ozone","Caswell",36.307033,-79.467417
2025-05-11,33,"Cherry Grove","Ozone","Caswell",36.307033,-79.467417
2025-05-12,24,"Cherry Grove","Ozone","Caswell",36.307033,-79.467417
2025-05-13,31,"Cherry Grove","Ozone","Caswell",36.307033,-79.467417
2025-05-14,34,"Cherry Grove","Ozone","Caswell",36.307033,-79.467417
2025-05-15,44,"Cherry Grove","Ozone","Caswell",36.307033,-79.467417
2025-05-16,34,"Cherry Grove","Ozone","Caswell",36.307033,-79.467417
2025-05-17,44,"Cherry Grove","Ozone","Caswell",36.307033,-79.467417
2025-05-18,40,"Cherry Grove","Ozone","Caswell",36.307033,-79.467417
2025-05-19,44,"Cherry Grove","Ozone","Caswell",36.307033,-79.467417
2025-05-20,43,"Cherry Grove","Ozone","Caswell",36.307033,-79.467417
2025-05-21,24,"Cherry Grove","Ozone","Caswell",36.307033,-79.467417
2025-05-22,44,"Cherry Grove","Ozone","Caswell",36.307033,-79.467417
2025-05-23,37,"Cherry Grove","Ozone","Caswell",36.307033,-79.467417
2025-05-24,43,"Cherry Grove","Ozone","Caswell",36.307033,-79.467417
2025-05-25,36,"Cherry Grove","Ozone","Caswell",36.307033,-79.467417
2025-05-26,21,"Cherry Grove","Ozone","Caswell",36.307033,-79.467417
2025-05-27,30,"Cherry Grove","Ozone","Caswell",36.307033,-79.467417
2025-05-28,22,"Cherry Grove","Ozone","Caswell",36.307033,-79.467417
2025-05-29,31,"Cherry Grove","Ozone","Caswell",36.307033,-79.467417
2025-05-30,39,"Cherry Grove","Ozone","Caswell",36.307033,-79.467417
2025-05-31,42,"Cherry Grove","Ozone","Caswell",36.307033,-79.467417
2025-06-01,43,"Cherry Grove","Ozone","Caswell",36.307033,-79.467417
2025-06-02,43,"Cherry Grove","Ozone","Caswell",36.307033,-79.467417
2025-06-03,54,"Cherry Grove","Ozone","Caswell",36.307033,-79.467417
2025-06-04,47,"Cherry Grove","Ozone","Caswell",36.307033,-79.467417
2025-06-05,21,"Cherry Grove","Ozone","Caswell",36.307033,-79.467417
2025-06-06,42,"Cherry Grove","Ozone","Caswell",36.307033,-79.467417
2025-06-07,32,"Cherry Grove","Ozone","Caswell",36.307033,-79.467417
2025-06-08,34,"Cherry Grove","Ozone","Caswell",36.307033,-79.467417
2025-06-09,44,"Cherry Grove","Ozone","Caswell",36.307033,-79.467417
2025-06-10,39,"Cherry Grove","Ozone","Caswell",36.307033,-79.467417
2025-06-11,44,"Cherry Grove","Ozone","Caswell",36.307033,-79.467417
2025-06-12,64,"Cherry Grove","Ozone","Caswell",36.307033,-79.467417
2025-06-13,31,"Cherry Grove","Ozone","Caswell",36.307033,-79.467417
2025-06-14,32,"Cherry Grove","Ozone","Caswell",36.307033,-79.467417
2025-06-15,28,"Cherry Grove","Ozone","Caswell",36.307033,-79.467417
2025-06-16,25,"Cherry Grove","Ozone","Caswell",36.307033,-79.467417
2025-06-17,38,"Cherry Grove","Ozone","Caswell",36.307033,-79.467417
2025-06-18,39,"Cherry Grove","Ozone","Caswell",36.307033,-79.467417
2025-06-19,35,"Cherry Grove","Ozone","Caswell",36.307033,-79.467417
2025-06-20,43,"Cherry Grove","Ozone","Caswell",36.307033,-79.467417
2025-06-21,49,"Cherry Grove","Ozone","Caswell",36.307033,-79.467417
2025-06-22,46,"Cherry Grove","Ozone","Caswell",36.307033,-79.467417
2025-06-23,34,"Cherry Grove","Ozone","Caswell",36.307033,-79.467417
2025-06-24,42,"Cherry Grove","Ozone","Caswell",36.307033,-79.467417
2025-06-25,29,"Cherry Grove","Ozone","Caswell",36.307033,-79.467417
2025-06-26,40,"Cherry Grove","Ozone","Caswell",36.307033,-79.467417
2025-06-27,41,"Cherry Grove","Ozone","Caswell",36.307033,-79.467417
2025-06-28,37,"Cherry Grove","Ozone","Caswell",36.307033,-79.467417
2025-06-29,34,"Cherry Grove","Ozone","Caswell",36.307033,-79.467417
2025-06-30,36,"Cherry Grove","Ozone","Caswell",36.307033,-79.467417
2025-07-01,37,"Cherry Grove","Ozone","Caswell",36.307033,-79.467417
2025-07-02,26,"Cherry Grove","Ozone","Caswell",36.307033,-79.467417
2025-07-03,44,"Cherry Grove","Ozone","Caswell",36.307033,-79.467417
2025-07-04,46,"Cherry Grove","Ozone","Caswell",36.307033,-79.467417
2025-07-05,44,"Cherry Grove","Ozone","Caswell",36.307033,-79.467417
2025-07-06,21,"Cherry Grove","Ozone","Caswell",36.307033,-79.467417
2025-07-07,43,"Cherry Grove","Ozone","Caswell",36.307033,-79.467417
2025-07-08,44,"Cherry Grove","Ozone","Caswell",36.307033,-79.467417
2025-07-09,41,"Cherry Grove","Ozone","Caswell",36.307033,-79.467417
2025-07-10,36,"Cherry Grove","Ozone","Caswell",36.307033,-79.467417
2025-07-11,37,"Cherry Grove","Ozone","Caswell",36.307033,-79.467417
2025-07-12,42,"Cherry Grove","Ozone","Caswell",36.307033,-79.467417
2025-07-13,31,"Cherry Grove","Ozone","Caswell",36.307033,-79.467417
2025-07-14,32,"Cherry Grove","Ozone","Caswell",36.307033,-79.467417
2025-07-15,30,"Cherry Grove","Ozone","Caswell",36.307033,-79.467417
2025-07-16,35,"Cherry Grove","Ozone","Caswell",36.307033,-79.467417
2025-07-17,32,"Cherry Grove","Ozone","Caswell",36.307033,-79.467417
2025-07-18,38,"Cherry Grove","Ozone","Caswell",36.307033,-79.467417
2025-07-19,30,"Cherry Grove","Ozone","Caswell",36.307033,-79.467417
2025-07-20,29,"Cherry Grove","Ozone","Caswell",36.307033,-79.467417
2025-07-21,27,"Cherry Grove","Ozone","Caswell",36.307033,-79.467417
2025-07-22,44,"Cherry Grove","Ozone","Caswell",36.307033,-79.467417
2025-07-23,41,"Cherry Grove","Ozone","Caswell",36.307033,-79.467417
2025-07-24,32,"Cherry Grove","Ozone","Caswell",36.307033,-79.467417
2025-07-25,45,"Cherry Grove","Ozone","Caswell",36.307033,-79.467417
2025-07-26,30,"Cherry Grove","Ozone","Caswell",36.307033,-79.467417
2025-07-27,25,"Cherry Grove","Ozone","Caswell",36.307033,-79.467417
2025-07-28,34,"Cherry Grove","Ozone","Caswell",36.307033,-79.467417
2025-07-29,34,"Cherry Grove","Ozone","Caswell",36.307033,-79.467417
2025-07-30,34,"Cherry Grove","Ozone","Caswell",36.307033,-79.467417
2025-07-31,45,"Cherry Grove","Ozone","Caswell",36.307033,-79.467417
2025-08-01,31,"Cherry Grove","Ozone","Caswell",36.307033,-79.467417
2025-08-02,28,"Cherry Grove","Ozone","Caswell",36.307033,-79.467417
2025-08-03,31,"Cherry Grove","Ozone","Caswell",36.307033,-79.467417
2025-08-04,37,"Cherry Grove","Ozone","Caswell",36.307033,-79.467417
2025-08-05,28,"Cherry Grove","Ozone","Caswell",36.307033,-79.467417
2025-08-06,29,"Cherry Grove","Ozone","Caswell",36.307033,-79.467417
2025-08-07,26,"Cherry Grove","Ozone","Caswell",36.307033,-79.467417
2025-08-08,33,"Cherry Grove","Ozone","Caswell",36.307033,-79.467417
2025-08-09,33,"Cherry Grove","Ozone","Caswell",36.307033,-79.467417
2025-08-10,31,"Cherry Grove","Ozone","Caswell",36.307033,-79.467417
2025-08-11,18,"Cherry Grove","Ozone","Caswell",36.307033,-79.467417
2025-08-12,21,"Cherry Grove","Ozone","Caswell",36.307033,-79.467417
2025-08-13,25,"Cherry Grove","Ozone","Caswell",36.307033,-79.467417
2025-08-14,28,"Cherry Grove","Ozone","Caswell",36.307033,-79.467417
2025-08-15,39,"Cherry Grove","Ozone","Caswell",36.307033,-79.467417
2025-08-16,37,"Cherry Grove","Ozone","Caswell",36.307033,-79.467417
2025-08-17,38,"Cherry Grove","Ozone","Caswell",36.307033,-79.467417
2025-08-18,35,"Cherry Grove","Ozone","Caswell",36.307033,-79.467417
2025-08-19,24,"Cherry Grove","Ozone","Caswell",36.307033,-79.467417
2025-08-20,29,"Cherry Grove","Ozone","Caswell",36.307033,-79.467417
2025-08-21,28,"Cherry Grove","Ozone","Caswell",36.307033,-79.467417
2025-08-22,31,"Cherry Grove","Ozone","Caswell",36.307033,-79.467417
2025-08-23,34,"Cherry Grove","Ozone","Caswell",36.307033,-79.467417
2025-08-24,33,"Cherry Grove","Ozone","Caswell",36.307033,-79.467417
2025-08-25,35,"Cherry Grove","Ozone","Caswell",36.307033,-79.467417
2025-08-26,34,"Cherry Grove","Ozone","Caswell",36.307033,-79.467417
2025-08-27,37,"Cherry Grove","Ozone","Caswell",36.307033,-79.467417
2025-08-28,44,"Cherry Grove","Ozone","Caswell",36.307033,-79.467417
2025-08-29,41,"Cherry Grove","Ozone","Caswell",36.307033,-79.467417
2025-08-30,40,"Cherry Grove","Ozone","Caswell",36.307033,-79.467417
2025-08-31,37,"Cherry Grove","Ozone","Caswell",36.307033,-79.467417
2025-09-01,35,"Cherry Grove","Ozone","Caswell",36.307033,-79.467417
2025-09-02,34,"Cherry Grove","Ozone","Caswell",36.307033,-79.467417
2025-09-03,46,"Cherry Grove","Ozone","Caswell",36.307033,-79.467417
2025-09-04,44,"Cherry Grove","Ozone","Caswell",36.307033,-79.467417
2025-09-05,48,"Cherry Grove","Ozone","Caswell",36.307033,-79.467417
2025-09-06,37,"Cherry Grove","Ozone","Caswell",36.307033,-79.467417
2025-09-07,19,"Cherry Grove","Ozone","Caswell",36.307033,-79.467417
2025-09-08,35,"Cherry Grove","Ozone","Caswell",36.307033,-79.467417
2025-09-09,39,"Cherry Grove","Ozone","Caswell",36.307033,-79.467417
2025-09-10,35,"Cherry Grove","Ozone","Caswell",36.307033,-79.467417
2025-09-11,33,"Cherry Grove","Ozone","Caswell",36.307033,-79.467417
2025-09-12,42,"Cherry Grove","Ozone","Caswell",36.307033,-79.467417
2025-09-13,42,"Cherry Grove","Ozone","Caswell",36.307033,-79.467417
2025-09-14,44,"Cherry Grove","Ozone","Caswell",36.307033,-79.467417
2025-09-15,38,"Cherry Grove","Ozone","Caswell",36.307033,-79.467417
2025-09-16,39,"Cherry Grove","Ozone","Caswell",36.307033,-79.467417
2025-09-17,30,"Cherry Grove","Ozone","Caswell",36.307033,-79.467417
2025-09-18,39,"Cherry Grove","Ozone","Caswell",36.307033,-79.467417
2025-09-19,64,"Cherry Grove","Ozone","Caswell",36.307033,-79.467417
2025-09-20,45,"Cherry Grove","Ozone","Caswell",36.307033,-79.467417
2025-09-21,45,"Cherry Grove","Ozone","Caswell",36.307033,-79.467417
2025-09-22,38,"Cherry Grove","Ozone","Caswell",36.307033,-79.467417
2025-09-23,54,"Cherry Grove","Ozone","Caswell",36.307033,-79.467417
2025-09-24,49,"Cherry Grove","Ozone","Caswell",36.307033,-79.467417
2025-09-25,34,"Cherry Grove","Ozone","Caswell",36.307033,-79.467417
2025-09-26,25,"Cherry Grove","Ozone","Caswell",36.307033,-79.467417
2025-09-27,31,"Cherry Grove","Ozone","Caswell",36.307033,-79.467417
2025-09-28,33,"Cherry Grove","Ozone","Caswell",36.307033,-79.467417
2025-09-29,28,"Cherry Grove","Ozone","Caswell",36.307033,-79.467417
2025-09-30,31,"Cherry Grove","Ozone","Caswell",36.307033,-79.467417
2025-10-01,32,"Cherry Grove","Ozone","Caswell",36.307033,-79.467417
2025-10-02,29,"Cherry Grove","Ozone","Caswell",36.307033,-79.467417
2025-10-03,31,"Cherry Grove","Ozone","Caswell",36.307033,-79.467417
2025-10-04,31,"Cherry Grove","Ozone","Caswell",36.307033,-79.467417
2025-10-05,29,"Cherry Grove","Ozone","Caswell",36.307033,-79.467417
2025-10-06,34,"Cherry Grove","Ozone","Caswell",36.307033,-79.467417
2025-10-07,32,"Cherry Grove","Ozone","Caswell",36.307033,-79.467417
2025-10-08,31,"Cherry Grove","Ozone","Caswell",36.307033,-79.467417
2025-10-09,35,"Cherry Grove","Ozone","Caswell",36.307033,-79.467417
2025-10-10,31,"Cherry Grove","Ozone","Caswell",36.307033,-79.467417
2025-10-11,28,"Cherry Grove","Ozone","Caswell",36.307033,-79.467417
2025-10-12,24,"Cherry Grove","Ozone","Caswell",36.307033,-79.467417
2025-10-13,30,"Cherry Grove","Ozone","Caswell",36.307033,-79.467417
2025-10-14,28,"Cherry Grove","Ozone","Caswell",36.307033,-79.467417
2025-10-15,38,"Cherry Grove","Ozone","Caswell",36.307033,-79.467417
2025-10-16,33,"Cherry Grove","Ozone","Caswell",36.307033,-79.467417
2025-10-17,38,"Cherry Grove","Ozone","Caswell",36.307033,-79.467417
2025-10-18,46,"Cherry Grove","Ozone","Caswell",36.307033,-79.467417
2025-10-19,39,"Cherry Grove","Ozone","Caswell",36.307033,-79.467417
2025-10-20,31,"Cherry Grove","Ozone","Caswell",36.307033,-79.467417
2025-10-21,45,"Cherry Grove","Ozone","Caswell",36.307033,-79.467417
2025-10-22,37,"Cherry Grove","Ozone","Caswell",36.307033,-79.467417
2025-10-23,36,"Cherry Grove","Ozone","Caswell",36.307033,-79.467417
2025-10-24,34,"Cherry Grove","Ozone","Caswell",36.307033,-79.467417
2025-10-25,33,"Cherry Grove","Ozone","Caswell",36.307033,-79.467417
2025-10-26,30,"Cherry Grove","Ozone","Caswell",36.307033,-79.467417
2025-10-27,28,"Cherry Grove","Ozone","Caswell",36.307033,-79.467417
2025-10-28,22,"Cherry Grove","Ozone","Caswell",36.307033,-79.467417
2025-10-29,12,"Cherry Grove","Ozone","Caswell",36.307033,-79.467417
2025-10-30,27,"Cherry Grove","Ozone","Caswell",36.307033,-79.467417
2025-10-31,33,"Cherry Grove","Ozone","Caswell",36.307033,-79.467417
2025-11-01,33,"Cherry Grove","Ozone","Caswell",36.307033,-79.467417
2025-11-02,35,"Cherry Grove","Ozone","Caswell",36.307033,-79.467417
2025-03-01,50,"Honeycutt School","Ozone","Cumberland",35.0023035275774,-78.9916923423935
2025-03-02,38,"Honeycutt School","Ozone","Cumberland",35.0023035275774,-78.9916923423935
2025-03-03,44,"Honeycutt School","Ozone","Cumberland",35.0023035275774,-78.9916923423935
2025-03-04,42,"Honeycutt School","Ozone","Cumberland",35.0023035275774,-78.9916923423935
2025-03-05,40,"Honeycutt School","Ozone","Cumberland",35.0023035275774,-78.9916923423935
2025-03-06,33,"Honeycutt School","Ozone","Cumberland",35.0023035275774,-78.9916923423935
2025-03-07,35,"Honeycutt School","Ozone","Cumberland",35.0023035275774,-78.9916923423935
2025-03-08,46,"Honeycutt School","Ozone","Cumberland",35.0023035275774,-78.9916923423935
2025-03-09,43,"Honeycutt School","Ozone","Cumberland",35.0023035275774,-78.9916923423935
2025-03-10,34,"Honeycutt School","Ozone","Cumberland",35.0023035275774,-78.9916923423935
2025-03-11,49,"Honeycutt School","Ozone","Cumberland",35.0023035275774,-78.9916923423935
2025-03-12,74,"Honeycutt School","Ozone","Cumberland",35.0023035275774,-78.9916923423935
2025-03-13,54,"Honeycutt School","Ozone","Cumberland",35.0023035275774,-78.9916923423935
2025-03-14,27,"Honeycutt School","Ozone","Cumberland",35.0023035275774,-78.9916923423935
2025-03-15,40,"Honeycutt School","Ozone","Cumberland",35.0023035275774,-78.9916923423935
2025-03-16,34,"Honeycutt School","Ozone","Cumberland",35.0023035275774,-78.9916923423935
2025-03-17,31,"Honeycutt School","Ozone","Cumberland",35.0023035275774,-78.9916923423935
2025-03-18,42,"Honeycutt School","Ozone","Cumberland",35.0023035275774,-78.9916923423935
2025-03-19,71,"Honeycutt School","Ozone","Cumberland",35.0023035275774,-78.9916923423935
2025-03-20,42,"Honeycutt School","Ozone","Cumberland",35.0023035275774,-78.9916923423935
2025-03-21,41,"Honeycutt School","Ozone","Cumberland",35.0023035275774,-78.9916923423935
2025-03-22,49,"Honeycutt School","Ozone","Cumberland",35.0023035275774,-78.9916923423935
2025-03-23,46,"Honeycutt School","Ozone","Cumberland",35.0023035275774,-78.9916923423935
2025-03-24,43,"Honeycutt School","Ozone","Cumberland",35.0023035275774,-78.9916923423935
2025-03-25,48,"Honeycutt School","Ozone","Cumberland",35.0023035275774,-78.9916923423935
2025-03-26,45,"Honeycutt School","Ozone","Cumberland",35.0023035275774,-78.9916923423935
2025-03-27,48,"Honeycutt School","Ozone","Cumberland",35.0023035275774,-78.9916923423935
2025-03-28,54,"Honeycutt School","Ozone","Cumberland",35.0023035275774,-78.9916923423935
2025-03-29,43,"Honeycutt School","Ozone","Cumberland",35.0023035275774,-78.9916923423935
2025-03-30,37,"Honeycutt School","Ozone","Cumberland",35.0023035275774,-78.9916923423935
2025-03-31,34,"Honeycutt School","Ozone","Cumberland",35.0023035275774,-78.9916923423935
2025-04-01,33,"Honeycutt School","Ozone","Cumberland",35.0023035275774,-78.9916923423935
2025-04-02,40,"Honeycutt School","Ozone","Cumberland",35.0023035275774,-78.9916923423935
2025-04-03,30,"Honeycutt School","Ozone","Cumberland",35.0023035275774,-78.9916923423935
2025-04-04,32,"Honeycutt School","Ozone","Cumberland",35.0023035275774,-78.9916923423935
2025-04-05,34,"Honeycutt School","Ozone","Cumberland",35.0023035275774,-78.9916923423935
2025-04-06,32,"Honeycutt School","Ozone","Cumberland",35.0023035275774,-78.9916923423935
2025-04-07,31,"Honeycutt School","Ozone","Cumberland",35.0023035275774,-78.9916923423935
2025-04-08,46,"Honeycutt School","Ozone","Cumberland",35.0023035275774,-78.9916923423935
2025-04-09,45,"Honeycutt School","Ozone","Cumberland",35.0023035275774,-78.9916923423935
2025-04-10,47,"Honeycutt School","Ozone","Cumberland",35.0023035275774,-78.9916923423935
2025-04-11,44,"Honeycutt School","Ozone","Cumberland",35.0023035275774,-78.9916923423935
2025-04-12,35,"Honeycutt School","Ozone","Cumberland",35.0023035275774,-78.9916923423935
2025-04-13,47,"Honeycutt School","Ozone","Cumberland",35.0023035275774,-78.9916923423935
2025-04-14,67,"Honeycutt School","Ozone","Cumberland",35.0023035275774,-78.9916923423935
2025-04-15,46,"Honeycutt School","Ozone","Cumberland",35.0023035275774,-78.9916923423935
2025-04-16,46,"Honeycutt School","Ozone","Cumberland",35.0023035275774,-78.9916923423935
2025-04-17,54,"Honeycutt School","Ozone","Cumberland",35.0023035275774,-78.9916923423935
2025-04-18,50,"Honeycutt School","Ozone","Cumberland",35.0023035275774,-78.9916923423935
2025-04-19,44,"Honeycutt School","Ozone","Cumberland",35.0023035275774,-78.9916923423935
2025-04-20,40,"Honeycutt School","Ozone","Cumberland",35.0023035275774,-78.9916923423935
2025-04-21,46,"Honeycutt School","Ozone","Cumberland",35.0023035275774,-78.9916923423935
2025-04-22,45,"Honeycutt School","Ozone","Cumberland",35.0023035275774,-78.9916923423935
2025-04-23,41,"Honeycutt School","Ozone","Cumberland",35.0023035275774,-78.9916923423935
2025-04-24,50,"Honeycutt School","Ozone","Cumberland",35.0023035275774,-78.9916923423935
2025-04-25,43,"Honeycutt School","Ozone","Cumberland",35.0023035275774,-78.9916923423935
2025-04-26,38,"Honeycutt School","Ozone","Cumberland",35.0023035275774,-78.9916923423935
2025-04-27,46,"Honeycutt School","Ozone","Cumberland",35.0023035275774,-78.9916923423935
2025-04-28,50,"Honeycutt School","Ozone","Cumberland",35.0023035275774,-78.9916923423935
2025-04-29,49,"Honeycutt School","Ozone","Cumberland",35.0023035275774,-78.9916923423935
2025-04-30,44,"Honeycutt School","Ozone","Cumberland",35.0023035275774,-78.9916923423935
2025-05-01,46,"Honeycutt School","Ozone","Cumberland",35.0023035275774,-78.9916923423935
2025-05-02,44,"Honeycutt School","Ozone","Cumberland",35.0023035275774,-78.9916923423935
2025-05-03,40,"Honeycutt School","Ozone","Cumberland",35.0023035275774,-78.9916923423935
2025-05-04,41,"Honeycutt School","Ozone","Cumberland",35.0023035275774,-78.9916923423935
2025-05-05,45,"Honeycutt School","Ozone","Cumberland",35.0023035275774,-78.9916923423935
2025-05-06,46,"Honeycutt School","Ozone","Cumberland",35.0023035275774,-78.9916923423935
2025-05-07,48,"Honeycutt School","Ozone","Cumberland",35.0023035275774,-78.9916923423935
2025-05-08,45,"Honeycutt School","Ozone","Cumberland",35.0023035275774,-78.9916923423935
2025-05-09,45,"Honeycutt School","Ozone","Cumberland",35.0023035275774,-78.9916923423935
2025-05-10,43,"Honeycutt School","Ozone","Cumberland",35.0023035275774,-78.9916923423935
2025-05-11,26,"Honeycutt School","Ozone","Cumberland",35.0023035275774,-78.9916923423935
2025-05-12,21,"Honeycutt School","Ozone","Cumberland",35.0023035275774,-78.9916923423935
2025-05-13,37,"Honeycutt School","Ozone","Cumberland",35.0023035275774,-78.9916923423935
2025-05-14,39,"Honeycutt School","Ozone","Cumberland",35.0023035275774,-78.9916923423935
2025-05-15,47,"Honeycutt School","Ozone","Cumberland",35.0023035275774,-78.9916923423935
2025-05-16,43,"Honeycutt School","Ozone","Cumberland",35.0023035275774,-78.9916923423935
2025-05-17,41,"Honeycutt School","Ozone","Cumberland",35.0023035275774,-78.9916923423935
2025-05-18,44,"Honeycutt School","Ozone","Cumberland",35.0023035275774,-78.9916923423935
2025-05-19,46,"Honeycutt School","Ozone","Cumberland",35.0023035275774,-78.9916923423935
2025-05-20,46,"Honeycutt School","Ozone","Cumberland",35.0023035275774,-78.9916923423935
2025-05-21,44,"Honeycutt School","Ozone","Cumberland",35.0023035275774,-78.9916923423935
2025-05-22,50,"Honeycutt School","Ozone","Cumberland",35.0023035275774,-78.9916923423935
2025-05-23,48,"Honeycutt School","Ozone","Cumberland",35.0023035275774,-78.9916923423935
2025-05-24,43,"Honeycutt School","Ozone","Cumberland",35.0023035275774,-78.9916923423935
2025-05-25,42,"Honeycutt School","Ozone","Cumberland",35.0023035275774,-78.9916923423935
2025-05-26,33,"Honeycutt School","Ozone","Cumberland",35.0023035275774,-78.9916923423935
2025-05-27,22,"Honeycutt School","Ozone","Cumberland",35.0023035275774,-78.9916923423935
2025-05-28,22,"Honeycutt School","Ozone","Cumberland",35.0023035275774,-78.9916923423935
2025-05-29,33,"Honeycutt School","Ozone","Cumberland",35.0023035275774,-78.9916923423935
2025-05-30,31,"Honeycutt School","Ozone","Cumberland",35.0023035275774,-78.9916923423935
2025-05-31,45,"Honeycutt School","Ozone","Cumberland",35.0023035275774,-78.9916923423935
2025-06-01,44,"Honeycutt School","Ozone","Cumberland",35.0023035275774,-78.9916923423935
2025-06-02,49,"Honeycutt School","Ozone","Cumberland",35.0023035275774,-78.9916923423935
2025-06-03,48,"Honeycutt School","Ozone","Cumberland",35.0023035275774,-78.9916923423935
2025-06-04,45,"Honeycutt School","Ozone","Cumberland",35.0023035275774,-78.9916923423935
2025-06-05,21,"Honeycutt School","Ozone","Cumberland",35.0023035275774,-78.9916923423935
2025-06-06,35,"Honeycutt School","Ozone","Cumberland",35.0023035275774,-78.9916923423935
2025-06-07,35,"Honeycutt School","Ozone","Cumberland",35.0023035275774,-78.9916923423935
2025-06-08,33,"Honeycutt School","Ozone","Cumberland",35.0023035275774,-78.9916923423935
2025-06-09,44,"Honeycutt School","Ozone","Cumberland",35.0023035275774,-78.9916923423935
2025-06-10,27,"Honeycutt School","Ozone","Cumberland",35.0023035275774,-78.9916923423935
2025-06-11,36,"Honeycutt School","Ozone","Cumberland",35.0023035275774,-78.9916923423935
2025-06-12,31,"Honeycutt School","Ozone","Cumberland",35.0023035275774,-78.9916923423935
2025-06-13,25,"Honeycutt School","Ozone","Cumberland",35.0023035275774,-78.9916923423935
2025-06-14,25,"Honeycutt School","Ozone","Cumberland",35.0023035275774,-78.9916923423935
2025-06-15,25,"Honeycutt School","Ozone","Cumberland",35.0023035275774,-78.9916923423935
2025-06-16,29,"Honeycutt School","Ozone","Cumberland",35.0023035275774,-78.9916923423935
2025-06-17,30,"Honeycutt School","Ozone","Cumberland",35.0023035275774,-78.9916923423935
2025-06-18,30,"Honeycutt School","Ozone","Cumberland",35.0023035275774,-78.9916923423935
2025-06-19,34,"Honeycutt School","Ozone","Cumberland",35.0023035275774,-78.9916923423935
2025-06-20,45,"Honeycutt School","Ozone","Cumberland",35.0023035275774,-78.9916923423935
2025-06-21,44,"Honeycutt School","Ozone","Cumberland",35.0023035275774,-78.9916923423935
2025-06-22,44,"Honeycutt School","Ozone","Cumberland",35.0023035275774,-78.9916923423935
2025-06-23,44,"Honeycutt School","Ozone","Cumberland",35.0023035275774,-78.9916923423935
2025-06-24,54,"Honeycutt School","Ozone","Cumberland",35.0023035275774,-78.9916923423935
2025-06-25,42,"Honeycutt School","Ozone","Cumberland",35.0023035275774,-78.9916923423935
2025-06-26,49,"Honeycutt School","Ozone","Cumberland",35.0023035275774,-78.9916923423935
2025-06-27,44,"Honeycutt School","Ozone","Cumberland",35.0023035275774,-78.9916923423935
2025-06-28,36,"Honeycutt School","Ozone","Cumberland",35.0023035275774,-78.9916923423935
2025-06-29,38,"Honeycutt School","Ozone","Cumberland",35.0023035275774,-78.9916923423935
2025-06-30,30,"Honeycutt School","Ozone","Cumberland",35.0023035275774,-78.9916923423935
2025-07-01,33,"Honeycutt School","Ozone","Cumberland",35.0023035275774,-78.9916923423935
2025-07-02,30,"Honeycutt School","Ozone","Cumberland",35.0023035275774,-78.9916923423935
2025-07-03,40,"Honeycutt School","Ozone","Cumberland",35.0023035275774,-78.9916923423935
2025-07-04,47,"Honeycutt School","Ozone","Cumberland",35.0023035275774,-78.9916923423935
2025-07-05,43,"Honeycutt School","Ozone","Cumberland",35.0023035275774,-78.9916923423935
2025-07-06,21,"Honeycutt School","Ozone","Cumberland",35.0023035275774,-78.9916923423935
2025-07-07,37,"Honeycutt School","Ozone","Cumberland",35.0023035275774,-78.9916923423935
2025-07-08,32,"Honeycutt School","Ozone","Cumberland",35.0023035275774,-78.9916923423935
2025-07-09,27,"Honeycutt School","Ozone","Cumberland",35.0023035275774,-78.9916923423935
2025-07-10,33,"Honeycutt School","Ozone","Cumberland",35.0023035275774,-78.9916923423935
2025-07-11,34,"Honeycutt School","Ozone","Cumberland",35.0023035275774,-78.9916923423935
2025-07-12,37,"Honeycutt School","Ozone","Cumberland",35.0023035275774,-78.9916923423935
2025-07-13,36,"Honeycutt School","Ozone","Cumberland",35.0023035275774,-78.9916923423935
2025-07-14,30,"Honeycutt School","Ozone","Cumberland",35.0023035275774,-78.9916923423935
2025-07-15,31,"Honeycutt School","Ozone","Cumberland",35.0023035275774,-78.9916923423935
2025-07-16,27,"Honeycutt School","Ozone","Cumberland",35.0023035275774,-78.9916923423935
2025-07-17,29,"Honeycutt School","Ozone","Cumberland",35.0023035275774,-78.9916923423935
2025-07-18,29,"Honeycutt School","Ozone","Cumberland",35.0023035275774,-78.9916923423935
2025-07-19,32,"Honeycutt School","Ozone","Cumberland",35.0023035275774,-78.9916923423935
2025-07-20,35,"Honeycutt School","Ozone","Cumberland",35.0023035275774,-78.9916923423935
2025-07-21,33,"Honeycutt School","Ozone","Cumberland",35.0023035275774,-78.9916923423935
2025-07-22,41,"Honeycutt School","Ozone","Cumberland",35.0023035275774,-78.9916923423935
2025-07-23,40,"Honeycutt School","Ozone","Cumberland",35.0023035275774,-78.9916923423935
2025-07-24,39,"Honeycutt School","Ozone","Cumberland",35.0023035275774,-78.9916923423935
2025-07-25,36,"Honeycutt School","Ozone","Cumberland",35.0023035275774,-78.9916923423935
2025-07-26,38,"Honeycutt School","Ozone","Cumberland",35.0023035275774,-78.9916923423935
2025-07-27,34,"Honeycutt School","Ozone","Cumberland",35.0023035275774,-78.9916923423935
2025-07-28,39,"Honeycutt School","Ozone","Cumberland",35.0023035275774,-78.9916923423935
2025-07-29,43,"Honeycutt School","Ozone","Cumberland",35.0023035275774,-78.9916923423935
2025-07-30,36,"Honeycutt School","Ozone","Cumberland",35.0023035275774,-78.9916923423935
2025-07-31,40,"Honeycutt School","Ozone","Cumberland",35.0023035275774,-78.9916923423935
2025-08-01,39,"Honeycutt School","Ozone","Cumberland",35.0023035275774,-78.9916923423935
2025-08-02,28,"Honeycutt School","Ozone","Cumberland",35.0023035275774,-78.9916923423935
2025-08-03,39,"Honeycutt School","Ozone","Cumberland",35.0023035275774,-78.9916923423935
2025-08-04,38,"Honeycutt School","Ozone","Cumberland",35.0023035275774,-78.9916923423935
2025-08-05,31,"Honeycutt School","Ozone","Cumberland",35.0023035275774,-78.9916923423935
2025-08-06,26,"Honeycutt School","Ozone","Cumberland",35.0023035275774,-78.9916923423935
2025-08-07,25,"Honeycutt School","Ozone","Cumberland",35.0023035275774,-78.9916923423935
2025-08-08,28,"Honeycutt School","Ozone","Cumberland",35.0023035275774,-78.9916923423935
2025-08-09,31,"Honeycutt School","Ozone","Cumberland",35.0023035275774,-78.9916923423935
2025-08-10,23,"Honeycutt School","Ozone","Cumberland",35.0023035275774,-78.9916923423935
2025-08-11,17,"Honeycutt School","Ozone","Cumberland",35.0023035275774,-78.9916923423935
2025-08-12,18,"Honeycutt School","Ozone","Cumberland",35.0023035275774,-78.9916923423935
2025-08-13,23,"Honeycutt School","Ozone","Cumberland",35.0023035275774,-78.9916923423935
2025-08-14,23,"Honeycutt School","Ozone","Cumberland",35.0023035275774,-78.9916923423935
2025-08-15,40,"Honeycutt School","Ozone","Cumberland",35.0023035275774,-78.9916923423935
2025-08-16,30,"Honeycutt School","Ozone","Cumberland",35.0023035275774,-78.9916923423935
2025-08-17,38,"Honeycutt School","Ozone","Cumberland",35.0023035275774,-78.9916923423935
2025-08-18,39,"Honeycutt School","Ozone","Cumberland",35.0023035275774,-78.9916923423935
2025-08-19,33,"Honeycutt School","Ozone","Cumberland",35.0023035275774,-78.9916923423935
2025-08-20,31,"Honeycutt School","Ozone","Cumberland",35.0023035275774,-78.9916923423935
2025-08-21,28,"Honeycutt School","Ozone","Cumberland",35.0023035275774,-78.9916923423935
2025-08-22,29,"Honeycutt School","Ozone","Cumberland",35.0023035275774,-78.9916923423935
2025-08-23,35,"Honeycutt School","Ozone","Cumberland",35.0023035275774,-78.9916923423935
2025-08-24,30,"Honeycutt School","Ozone","Cumberland",35.0023035275774,-78.9916923423935
2025-08-25,36,"Honeycutt School","Ozone","Cumberland",35.0023035275774,-78.9916923423935
2025-08-26,39,"Honeycutt School","Ozone","Cumberland",35.0023035275774,-78.9916923423935
2025-08-27,42,"Honeycutt School","Ozone","Cumberland",35.0023035275774,-78.9916923423935
2025-08-28,42,"Honeycutt School","Ozone","Cumberland",35.0023035275774,-78.9916923423935
2025-08-29,44,"Honeycutt School","Ozone","Cumberland",35.0023035275774,-78.9916923423935
2025-08-30,46,"Honeycutt School","Ozone","Cumberland",35.0023035275774,-78.9916923423935
2025-08-31,38,"Honeycutt School","Ozone","Cumberland",35.0023035275774,-78.9916923423935
2025-09-01,33,"Honeycutt School","Ozone","Cumberland",35.0023035275774,-78.9916923423935
2025-09-02,36,"Honeycutt School","Ozone","Cumberland",35.0023035275774,-78.9916923423935
2025-09-03,42,"Honeycutt School","Ozone","Cumberland",35.0023035275774,-78.9916923423935
2025-09-04,45,"Honeycutt School","Ozone","Cumberland",35.0023035275774,-78.9916923423935
2025-09-05,42,"Honeycutt School","Ozone","Cumberland",35.0023035275774,-78.9916923423935
2025-09-06,40,"Honeycutt School","Ozone","Cumberland",35.0023035275774,-78.9916923423935
2025-09-07,26,"Honeycutt School","Ozone","Cumberland",35.0023035275774,-78.9916923423935
2025-09-08,38,"Honeycutt School","Ozone","Cumberland",35.0023035275774,-78.9916923423935
2025-09-09,34,"Honeycutt School","Ozone","Cumberland",35.0023035275774,-78.9916923423935
2025-09-10,25,"Honeycutt School","Ozone","Cumberland",35.0023035275774,-78.9916923423935
2025-09-11,27,"Honeycutt School","Ozone","Cumberland",35.0023035275774,-78.9916923423935
2025-09-12,38,"Honeycutt School","Ozone","Cumberland",35.0023035275774,-78.9916923423935
2025-09-13,40,"Honeycutt School","Ozone","Cumberland",35.0023035275774,-78.9916923423935
2025-09-14,39,"Honeycutt School","Ozone","Cumberland",35.0023035275774,-78.9916923423935
2025-09-15,43,"Honeycutt School","Ozone","Cumberland",35.0023035275774,-78.9916923423935
2025-09-16,41,"Honeycutt School","Ozone","Cumberland",35.0023035275774,-78.9916923423935
2025-09-17,42,"Honeycutt School","Ozone","Cumberland",35.0023035275774,-78.9916923423935
2025-09-18,39,"Honeycutt School","Ozone","Cumberland",35.0023035275774,-78.9916923423935
2025-09-19,46,"Honeycutt School","Ozone","Cumberland",35.0023035275774,-78.9916923423935
2025-09-20,47,"Honeycutt School","Ozone","Cumberland",35.0023035275774,-78.9916923423935
2025-09-21,42,"Honeycutt School","Ozone","Cumberland",35.0023035275774,-78.9916923423935
2025-09-22,42,"Honeycutt School","Ozone","Cumberland",35.0023035275774,-78.9916923423935
2025-09-23,43,"Honeycutt School","Ozone","Cumberland",35.0023035275774,-78.9916923423935
2025-09-24,44,"Honeycutt School","Ozone","Cumberland",35.0023035275774,-78.9916923423935
2025-09-25,32,"Honeycutt School","Ozone","Cumberland",35.0023035275774,-78.9916923423935
2025-09-26,31,"Honeycutt School","Ozone","Cumberland",35.0023035275774,-78.9916923423935
2025-09-27,30,"Honeycutt School","Ozone","Cumberland",35.0023035275774,-78.9916923423935
2025-09-28,31,"Honeycutt School","Ozone","Cumberland",35.0023035275774,-78.9916923423935
2025-09-29,22,"Honeycutt School","Ozone","Cumberland",35.0023035275774,-78.9916923423935
2025-09-30,30,"Honeycutt School","Ozone","Cumberland",35.0023035275774,-78.9916923423935
2025-10-01,32,"Honeycutt School","Ozone","Cumberland",35.0023035275774,-78.9916923423935
2025-10-02,29,"Honeycutt School","Ozone","Cumberland",35.0023035275774,-78.9916923423935
2025-10-03,33,"Honeycutt School","Ozone","Cumberland",35.0023035275774,-78.9916923423935
2025-10-04,31,"Honeycutt School","Ozone","Cumberland",35.0023035275774,-78.9916923423935
2025-10-05,30,"Honeycutt School","Ozone","Cumberland",35.0023035275774,-78.9916923423935
2025-10-06,28,"Honeycutt School","Ozone","Cumberland",35.0023035275774,-78.9916923423935
2025-10-07,29,"Honeycutt School","Ozone","Cumberland",35.0023035275774,-78.9916923423935
2025-10-08,27,"Honeycutt School","Ozone","Cumberland",35.0023035275774,-78.9916923423935
2025-10-09,34,"Honeycutt School","Ozone","Cumberland",35.0023035275774,-78.9916923423935
2025-10-10,32,"Honeycutt School","Ozone","Cumberland",35.0023035275774,-78.9916923423935
2025-10-11,24,"Honeycutt School","Ozone","Cumberland",35.0023035275774,-78.9916923423935
2025-10-12,27,"Honeycutt School","Ozone","Cumberland",35.0023035275774,-78.9916923423935
2025-10-13,25,"Honeycutt School","Ozone","Cumberland",35.0023035275774,-78.9916923423935
2025-10-14,25,"Honeycutt School","Ozone","Cumberland",35.0023035275774,-78.9916923423935
2025-10-15,35,"Honeycutt School","Ozone","Cumberland",35.0023035275774,-78.9916923423935
2025-10-16,33,"Honeycutt School","Ozone","Cumberland",35.0023035275774,-78.9916923423935
2025-10-17,35,"Honeycutt School","Ozone","Cumberland",35.0023035275774,-78.9916923423935
2025-10-18,40,"Honeycutt School","Ozone","Cumberland",35.0023035275774,-78.9916923423935
2025-10-19,38,"Honeycutt School","Ozone","Cumberland",35.0023035275774,-78.9916923423935
2025-10-20,31,"Honeycutt School","Ozone","Cumberland",35.0023035275774,-78.9916923423935
2025-10-21,43,"Honeycutt School","Ozone","Cumberland",35.0023035275774,-78.9916923423935
2025-10-22,37,"Honeycutt School","Ozone","Cumberland",35.0023035275774,-78.9916923423935
2025-10-23,37,"Honeycutt School","Ozone","Cumberland",35.0023035275774,-78.9916923423935
2025-10-24,34,"Honeycutt School","Ozone","Cumberland",35.0023035275774,-78.9916923423935
2025-10-25,31,"Honeycutt School","Ozone","Cumberland",35.0023035275774,-78.9916923423935
2025-10-26,31,"Honeycutt School","Ozone","Cumberland",35.0023035275774,-78.9916923423935
2025-10-27,30,"Honeycutt School","Ozone","Cumberland",35.0023035275774,-78.9916923423935
2025-10-28,24,"Honeycutt School","Ozone","Cumberland",35.0023035275774,-78.9916923423935
2025-10-29,11,"Honeycutt School","Ozone","Cumberland",35.0023035275774,-78.9916923423935
2025-10-30,23,"Honeycutt School","Ozone","Cumberland",35.0023035275774,-78.9916923423935
2025-10-31,33,"Honeycutt School","Ozone","Cumberland",35.0023035275774,-78.9916923423935
2025-11-01,31,"Honeycutt School","Ozone","Cumberland",35.0023035275774,-78.9916923423935
2025-11-02,31,"Honeycutt School","Ozone","Cumberland",35.0023035275774,-78.9916923423935
2025-03-01,54,"Wade School","Ozone","Cumberland",35.1487,-78.7068
2025-03-02,41,"Wade School","Ozone","Cumberland",35.1487,-78.7068
2025-03-03,44,"Wade School","Ozone","Cumberland",35.1487,-78.7068
2025-03-04,44,"Wade School","Ozone","Cumberland",35.1487,-78.7068
2025-03-05,40,"Wade School","Ozone","Cumberland",35.1487,-78.7068
2025-03-06,36,"Wade School","Ozone","Cumberland",35.1487,-78.7068
2025-03-07,38,"Wade School","Ozone","Cumberland",35.1487,-78.7068
2025-03-08,48,"Wade School","Ozone","Cumberland",35.1487,-78.7068
2025-03-09,44,"Wade School","Ozone","Cumberland",35.1487,-78.7068
2025-03-10,36,"Wade School","Ozone","Cumberland",35.1487,-78.7068
2025-03-11,51,"Wade School","Ozone","Cumberland",35.1487,-78.7068
2025-03-12,71,"Wade School","Ozone","Cumberland",35.1487,-78.7068
2025-03-13,64,"Wade School","Ozone","Cumberland",35.1487,-78.7068
2025-03-14,31,"Wade School","Ozone","Cumberland",35.1487,-78.7068
2025-03-15,42,"Wade School","Ozone","Cumberland",35.1487,-78.7068
2025-03-16,34,"Wade School","Ozone","Cumberland",35.1487,-78.7068
2025-03-17,31,"Wade School","Ozone","Cumberland",35.1487,-78.7068
2025-03-18,44,"Wade School","Ozone","Cumberland",35.1487,-78.7068
2025-03-19,64,"Wade School","Ozone","Cumberland",35.1487,-78.7068
2025-03-20,43,"Wade School","Ozone","Cumberland",35.1487,-78.7068
2025-03-21,43,"Wade School","Ozone","Cumberland",35.1487,-78.7068
2025-03-22,51,"Wade School","Ozone","Cumberland",35.1487,-78.7068
2025-03-23,46,"Wade School","Ozone","Cumberland",35.1487,-78.7068
2025-03-24,44,"Wade School","Ozone","Cumberland",35.1487,-78.7068
2025-03-25,51,"Wade School","Ozone","Cumberland",35.1487,-78.7068
2025-03-26,46,"Wade School","Ozone","Cumberland",35.1487,-78.7068
2025-03-27,50,"Wade School","Ozone","Cumberland",35.1487,-78.7068
2025-03-28,61,"Wade School","Ozone","Cumberland",35.1487,-78.7068
2025-03-29,44,"Wade School","Ozone","Cumberland",35.1487,-78.7068
2025-03-30,39,"Wade School","Ozone","Cumberland",35.1487,-78.7068
2025-03-31,34,"Wade School","Ozone","Cumberland",35.1487,-78.7068
2025-04-01,34,"Wade School","Ozone","Cumberland",35.1487,-78.7068
2025-04-02,39,"Wade School","Ozone","Cumberland",35.1487,-78.7068
2025-04-03,30,"Wade School","Ozone","Cumberland",35.1487,-78.7068
2025-04-04,34,"Wade School","Ozone","Cumberland",35.1487,-78.7068
2025-04-05,33,"Wade School","Ozone","Cumberland",35.1487,-78.7068
2025-04-06,34,"Wade School","Ozone","Cumberland",35.1487,-78.7068
2025-04-07,32,"Wade School","Ozone","Cumberland",35.1487,-78.7068
2025-04-08,49,"Wade School","Ozone","Cumberland",35.1487,-78.7068
2025-04-09,47,"Wade School","Ozone","Cumberland",35.1487,-78.7068
2025-04-10,48,"Wade School","Ozone","Cumberland",35.1487,-78.7068
2025-04-11,42,"Wade School","Ozone","Cumberland",35.1487,-78.7068
2025-04-12,37,"Wade School","Ozone","Cumberland",35.1487,-78.7068
2025-04-13,45,"Wade School","Ozone","Cumberland",35.1487,-78.7068
2025-04-14,67,"Wade School","Ozone","Cumberland",35.1487,-78.7068
2025-04-15,47,"Wade School","Ozone","Cumberland",35.1487,-78.7068
2025-04-16,47,"Wade School","Ozone","Cumberland",35.1487,-78.7068
2025-04-17,54,"Wade School","Ozone","Cumberland",35.1487,-78.7068
2025-04-18,54,"Wade School","Ozone","Cumberland",35.1487,-78.7068
2025-04-19,45,"Wade School","Ozone","Cumberland",35.1487,-78.7068
2025-04-20,42,"Wade School","Ozone","Cumberland",35.1487,-78.7068
2025-04-21,48,"Wade School","Ozone","Cumberland",35.1487,-78.7068
2025-04-22,46,"Wade School","Ozone","Cumberland",35.1487,-78.7068
2025-04-23,42,"Wade School","Ozone","Cumberland",35.1487,-78.7068
2025-04-24,58,"Wade School","Ozone","Cumberland",35.1487,-78.7068
2025-04-25,48,"Wade School","Ozone","Cumberland",35.1487,-78.7068
2025-04-26,40,"Wade School","Ozone","Cumberland",35.1487,-78.7068
2025-04-27,48,"Wade School","Ozone","Cumberland",35.1487,-78.7068
2025-04-28,58,"Wade School","Ozone","Cumberland",35.1487,-78.7068
2025-04-29,50,"Wade School","Ozone","Cumberland",35.1487,-78.7068
2025-04-30,45,"Wade School","Ozone","Cumberland",35.1487,-78.7068
2025-05-01,46,"Wade School","Ozone","Cumberland",35.1487,-78.7068
2025-05-02,45,"Wade School","Ozone","Cumberland",35.1487,-78.7068
2025-05-03,41,"Wade School","Ozone","Cumberland",35.1487,-78.7068
2025-05-04,41,"Wade School","Ozone","Cumberland",35.1487,-78.7068
2025-05-05,44,"Wade School","Ozone","Cumberland",35.1487,-78.7068
2025-05-06,49,"Wade School","Ozone","Cumberland",35.1487,-78.7068
2025-05-07,51,"Wade School","Ozone","Cumberland",35.1487,-78.7068
2025-05-08,46,"Wade School","Ozone","Cumberland",35.1487,-78.7068
2025-05-09,46,"Wade School","Ozone","Cumberland",35.1487,-78.7068
2025-05-10,47,"Wade School","Ozone","Cumberland",35.1487,-78.7068
2025-05-11,26,"Wade School","Ozone","Cumberland",35.1487,-78.7068
2025-05-12,25,"Wade School","Ozone","Cumberland",35.1487,-78.7068
2025-05-13,35,"Wade School","Ozone","Cumberland",35.1487,-78.7068
2025-05-14,39,"Wade School","Ozone","Cumberland",35.1487,-78.7068
2025-05-15,47,"Wade School","Ozone","Cumberland",35.1487,-78.7068
2025-05-16,44,"Wade School","Ozone","Cumberland",35.1487,-78.7068
2025-05-17,44,"Wade School","Ozone","Cumberland",35.1487,-78.7068
2025-05-18,48,"Wade School","Ozone","Cumberland",35.1487,-78.7068
2025-05-19,49,"Wade School","Ozone","Cumberland",35.1487,-78.7068
2025-05-20,49,"Wade School","Ozone","Cumberland",35.1487,-78.7068
2025-05-21,46,"Wade School","Ozone","Cumberland",35.1487,-78.7068
2025-05-22,54,"Wade School","Ozone","Cumberland",35.1487,-78.7068
2025-05-23,49,"Wade School","Ozone","Cumberland",35.1487,-78.7068
2025-05-24,45,"Wade School","Ozone","Cumberland",35.1487,-78.7068
2025-05-25,42,"Wade School","Ozone","Cumberland",35.1487,-78.7068
2025-05-26,35,"Wade School","Ozone","Cumberland",35.1487,-78.7068
2025-05-27,27,"Wade School","Ozone","Cumberland",35.1487,-78.7068
2025-05-28,24,"Wade School","Ozone","Cumberland",35.1487,-78.7068
2025-05-29,33,"Wade School","Ozone","Cumberland",35.1487,-78.7068
2025-05-30,35,"Wade School","Ozone","Cumberland",35.1487,-78.7068
2025-05-31,48,"Wade School","Ozone","Cumberland",35.1487,-78.7068
2025-06-01,44,"Wade School","Ozone","Cumberland",35.1487,-78.7068
2025-06-02,48,"Wade School","Ozone","Cumberland",35.1487,-78.7068
2025-06-03,49,"Wade School","Ozone","Cumberland",35.1487,-78.7068
2025-06-04,51,"Wade School","Ozone","Cumberland",35.1487,-78.7068
2025-06-05,24,"Wade School","Ozone","Cumberland",35.1487,-78.7068
2025-06-06,36,"Wade School","Ozone","Cumberland",35.1487,-78.7068
2025-06-07,38,"Wade School","Ozone","Cumberland",35.1487,-78.7068
2025-06-08,33,"Wade School","Ozone","Cumberland",35.1487,-78.7068
2025-06-09,46,"Wade School","Ozone","Cumberland",35.1487,-78.7068
2025-06-10,29,"Wade School","Ozone","Cumberland",35.1487,-78.7068
2025-06-11,40,"Wade School","Ozone","Cumberland",35.1487,-78.7068
2025-06-12,31,"Wade School","Ozone","Cumberland",35.1487,-78.7068
2025-06-13,28,"Wade School","Ozone","Cumberland",35.1487,-78.7068
2025-06-14,28,"Wade School","Ozone","Cumberland",35.1487,-78.7068
2025-06-15,27,"Wade School","Ozone","Cumberland",35.1487,-78.7068
2025-06-16,28,"Wade School","Ozone","Cumberland",35.1487,-78.7068
2025-06-17,31,"Wade School","Ozone","Cumberland",35.1487,-78.7068
2025-06-18,31,"Wade School","Ozone","Cumberland",35.1487,-78.7068
2025-06-19,36,"Wade School","Ozone","Cumberland",35.1487,-78.7068
2025-06-20,44,"Wade School","Ozone","Cumberland",35.1487,-78.7068
2025-06-21,42,"Wade School","Ozone","Cumberland",35.1487,-78.7068
2025-06-22,46,"Wade School","Ozone","Cumberland",35.1487,-78.7068
2025-06-23,45,"Wade School","Ozone","Cumberland",35.1487,-78.7068
2025-06-24,54,"Wade School","Ozone","Cumberland",35.1487,-78.7068
2025-06-25,41,"Wade School","Ozone","Cumberland",35.1487,-78.7068
2025-06-26,51,"Wade School","Ozone","Cumberland",35.1487,-78.7068
2025-06-27,48,"Wade School","Ozone","Cumberland",35.1487,-78.7068
2025-06-28,39,"Wade School","Ozone","Cumberland",35.1487,-78.7068
2025-06-29,39,"Wade School","Ozone","Cumberland",35.1487,-78.7068
2025-06-30,31,"Wade School","Ozone","Cumberland",35.1487,-78.7068
2025-07-01,35,"Wade School","Ozone","Cumberland",35.1487,-78.7068
2025-07-02,26,"Wade School","Ozone","Cumberland",35.1487,-78.7068
2025-07-03,43,"Wade School","Ozone","Cumberland",35.1487,-78.7068
2025-07-04,51,"Wade School","Ozone","Cumberland",35.1487,-78.7068
2025-07-05,45,"Wade School","Ozone","Cumberland",35.1487,-78.7068
2025-07-06,23,"Wade School","Ozone","Cumberland",35.1487,-78.7068
2025-07-07,37,"Wade School","Ozone","Cumberland",35.1487,-78.7068
2025-07-08,33,"Wade School","Ozone","Cumberland",35.1487,-78.7068
2025-07-09,29,"Wade School","Ozone","Cumberland",35.1487,-78.7068
2025-07-10,37,"Wade School","Ozone","Cumberland",35.1487,-78.7068
2025-07-11,41,"Wade School","Ozone","Cumberland",35.1487,-78.7068
2025-07-12,37,"Wade School","Ozone","Cumberland",35.1487,-78.7068
2025-07-13,37,"Wade School","Ozone","Cumberland",35.1487,-78.7068
2025-07-14,31,"Wade School","Ozone","Cumberland",35.1487,-78.7068
2025-07-15,31,"Wade School","Ozone","Cumberland",35.1487,-78.7068
2025-07-16,28,"Wade School","Ozone","Cumberland",35.1487,-78.7068
2025-07-17,31,"Wade School","Ozone","Cumberland",35.1487,-78.7068
2025-07-18,32,"Wade School","Ozone","Cumberland",35.1487,-78.7068
2025-07-19,35,"Wade School","Ozone","Cumberland",35.1487,-78.7068
2025-07-20,32,"Wade School","Ozone","Cumberland",35.1487,-78.7068
2025-07-21,35,"Wade School","Ozone","Cumberland",35.1487,-78.7068
2025-07-22,43,"Wade School","Ozone","Cumberland",35.1487,-78.7068
2025-07-23,40,"Wade School","Ozone","Cumberland",35.1487,-78.7068
2025-07-24,38,"Wade School","Ozone","Cumberland",35.1487,-78.7068
2025-07-25,43,"Wade School","Ozone","Cumberland",35.1487,-78.7068
2025-07-26,41,"Wade School","Ozone","Cumberland",35.1487,-78.7068
2025-07-27,39,"Wade School","Ozone","Cumberland",35.1487,-78.7068
2025-07-28,45,"Wade School","Ozone","Cumberland",35.1487,-78.7068
2025-07-29,41,"Wade School","Ozone","Cumberland",35.1487,-78.7068
2025-07-30,34,"Wade School","Ozone","Cumberland",35.1487,-78.7068
2025-07-31,40,"Wade School","Ozone","Cumberland",35.1487,-78.7068
2025-08-01,36,"Wade School","Ozone","Cumberland",35.1487,-78.7068
2025-08-02,32,"Wade School","Ozone","Cumberland",35.1487,-78.7068
2025-08-03,40,"Wade School","Ozone","Cumberland",35.1487,-78.7068
2025-08-04,39,"Wade School","Ozone","Cumberland",35.1487,-78.7068
2025-08-05,31,"Wade School","Ozone","Cumberland",35.1487,-78.7068
2025-08-06,23,"Wade School","Ozone","Cumberland",35.1487,-78.7068
2025-08-07,28,"Wade School","Ozone","Cumberland",35.1487,-78.7068
2025-08-08,31,"Wade School","Ozone","Cumberland",35.1487,-78.7068
2025-08-09,32,"Wade School","Ozone","Cumberland",35.1487,-78.7068
2025-08-10,26,"Wade School","Ozone","Cumberland",35.1487,-78.7068
2025-08-11,18,"Wade School","Ozone","Cumberland",35.1487,-78.7068
2025-08-12,17,"Wade School","Ozone","Cumberland",35.1487,-78.7068
2025-08-13,23,"Wade School","Ozone","Cumberland",35.1487,-78.7068
2025-08-14,25,"Wade School","Ozone","Cumberland",35.1487,-78.7068
2025-08-15,38,"Wade School","Ozone","Cumberland",35.1487,-78.7068
2025-08-16,32,"Wade School","Ozone","Cumberland",35.1487,-78.7068
2025-08-17,39,"Wade School","Ozone","Cumberland",35.1487,-78.7068
2025-08-18,42,"Wade School","Ozone","Cumberland",35.1487,-78.7068
2025-08-19,34,"Wade School","Ozone","Cumberland",35.1487,-78.7068
2025-08-20,29,"Wade School","Ozone","Cumberland",35.1487,-78.7068
2025-08-21,29,"Wade School","Ozone","Cumberland",35.1487,-78.7068
2025-08-22,32,"Wade School","Ozone","Cumberland",35.1487,-78.7068
2025-08-23,38,"Wade School","Ozone","Cumberland",35.1487,-78.7068
2025-08-24,32,"Wade School","Ozone","Cumberland",35.1487,-78.7068
2025-08-25,38,"Wade School","Ozone","Cumberland",35.1487,-78.7068
2025-08-26,41,"Wade School","Ozone","Cumberland",35.1487,-78.7068
2025-08-27,44,"Wade School","Ozone","Cumberland",35.1487,-78.7068
2025-08-28,45,"Wade School","Ozone","Cumberland",35.1487,-78.7068
2025-08-29,46,"Wade School","Ozone","Cumberland",35.1487,-78.7068
2025-08-30,50,"Wade School","Ozone","Cumberland",35.1487,-78.7068
2025-08-31,41,"Wade School","Ozone","Cumberland",35.1487,-78.7068
2025-09-01,36,"Wade School","Ozone","Cumberland",35.1487,-78.7068
2025-09-02,39,"Wade School","Ozone","Cumberland",35.1487,-78.7068
2025-09-03,46,"Wade School","Ozone","Cumberland",35.1487,-78.7068
2025-09-04,48,"Wade School","Ozone","Cumberland",35.1487,-78.7068
2025-09-05,45,"Wade School","Ozone","Cumberland",35.1487,-78.7068
2025-09-06,41,"Wade School","Ozone","Cumberland",35.1487,-78.7068
2025-09-07,28,"Wade School","Ozone","Cumberland",35.1487,-78.7068
2025-09-08,42,"Wade School","Ozone","Cumberland",35.1487,-78.7068
2025-09-09,35,"Wade School","Ozone","Cumberland",35.1487,-78.7068
2025-09-10,24,"Wade School","Ozone","Cumberland",35.1487,-78.7068
2025-09-11,26,"Wade School","Ozone","Cumberland",35.1487,-78.7068
2025-09-12,43,"Wade School","Ozone","Cumberland",35.1487,-78.7068
2025-09-13,44,"Wade School","Ozone","Cumberland",35.1487,-78.7068
2025-09-14,42,"Wade School","Ozone","Cumberland",35.1487,-78.7068
2025-09-15,44,"Wade School","Ozone","Cumberland",35.1487,-78.7068
2025-09-16,40,"Wade School","Ozone","Cumberland",35.1487,-78.7068
2025-09-17,43,"Wade School","Ozone","Cumberland",35.1487,-78.7068
2025-09-18,37,"Wade School","Ozone","Cumberland",35.1487,-78.7068
2025-09-19,46,"Wade School","Ozone","Cumberland",35.1487,-78.7068
2025-09-20,51,"Wade School","Ozone","Cumberland",35.1487,-78.7068
2025-09-21,46,"Wade School","Ozone","Cumberland",35.1487,-78.7068
2025-09-22,43,"Wade School","Ozone","Cumberland",35.1487,-78.7068
2025-09-23,46,"Wade School","Ozone","Cumberland",35.1487,-78.7068
2025-09-24,47,"Wade School","Ozone","Cumberland",35.1487,-78.7068
2025-09-25,34,"Wade School","Ozone","Cumberland",35.1487,-78.7068
2025-09-26,35,"Wade School","Ozone","Cumberland",35.1487,-78.7068
2025-09-27,27,"Wade School","Ozone","Cumberland",35.1487,-78.7068
2025-09-28,34,"Wade School","Ozone","Cumberland",35.1487,-78.7068
2025-09-29,23,"Wade School","Ozone","Cumberland",35.1487,-78.7068
2025-09-30,30,"Wade School","Ozone","Cumberland",35.1487,-78.7068
2025-10-01,34,"Wade School","Ozone","Cumberland",35.1487,-78.7068
2025-10-02,30,"Wade School","Ozone","Cumberland",35.1487,-78.7068
2025-10-03,37,"Wade School","Ozone","Cumberland",35.1487,-78.7068
2025-10-04,35,"Wade School","Ozone","Cumberland",35.1487,-78.7068
2025-10-05,32,"Wade School","Ozone","Cumberland",35.1487,-78.7068
2025-10-06,33,"Wade School","Ozone","Cumberland",35.1487,-78.7068
2025-10-07,31,"Wade School","Ozone","Cumberland",35.1487,-78.7068
2025-10-08,28,"Wade School","Ozone","Cumberland",35.1487,-78.7068
2025-10-09,37,"Wade School","Ozone","Cumberland",35.1487,-78.7068
2025-10-10,35,"Wade School","Ozone","Cumberland",35.1487,-78.7068
2025-10-11,24,"Wade School","Ozone","Cumberland",35.1487,-78.7068
2025-10-12,28,"Wade School","Ozone","Cumberland",35.1487,-78.7068
2025-10-13,26,"Wade School","Ozone","Cumberland",35.1487,-78.7068
2025-10-14,26,"Wade School","Ozone","Cumberland",35.1487,-78.7068
2025-10-15,38,"Wade School","Ozone","Cumberland",35.1487,-78.7068
2025-10-16,37,"Wade School","Ozone","Cumberland",35.1487,-78.7068
2025-10-17,40,"Wade School","Ozone","Cumberland",35.1487,-78.7068
2025-10-18,44,"Wade School","Ozone","Cumberland",35.1487,-78.7068
2025-10-19,41,"Wade School","Ozone","Cumberland",35.1487,-78.7068
2025-10-20,35,"Wade School","Ozone","Cumberland",35.1487,-78.7068
2025-10-21,44,"Wade School","Ozone","Cumberland",35.1487,-78.7068
2025-10-22,42,"Wade School","Ozone","Cumberland",35.1487,-78.7068
2025-10-23,39,"Wade School","Ozone","Cumberland",35.1487,-78.7068
2025-10-24,39,"Wade School","Ozone","Cumberland",35.1487,-78.7068
2025-10-25,35,"Wade School","Ozone","Cumberland",35.1487,-78.7068
2025-10-26,33,"Wade School","Ozone","Cumberland",35.1487,-78.7068
2025-10-27,32,"Wade School","Ozone","Cumberland",35.1487,-78.7068
2025-10-28,25,"Wade School","Ozone","Cumberland",35.1487,-78.7068
2025-10-29,17,"Wade School","Ozone","Cumberland",35.1487,-78.7068
2025-10-30,26,"Wade School","Ozone","Cumberland",35.1487,-78.7068
2025-10-31,36,"Wade School","Ozone","Cumberland",35.1487,-78.7068
2025-11-01,35,"Wade School","Ozone","Cumberland",35.1487,-78.7068
2025-11-02,34,"Wade School","Ozone","Cumberland",35.1487,-78.7068
2025-03-04,43,"Durham Armory","Ozone","Durham",36.0329550008979,-78.904037
2025-03-05,37,"Durham Armory","Ozone","Durham",36.0329550008979,-78.904037
2025-03-06,34,"Durham Armory","Ozone","Durham",36.0329550008979,-78.904037
2025-03-07,36,"Durham Armory","Ozone","Durham",36.0329550008979,-78.904037
2025-03-08,42,"Durham Armory","Ozone","Durham",36.0329550008979,-78.904037
2025-03-09,41,"Durham Armory","Ozone","Durham",36.0329550008979,-78.904037
2025-03-10,40,"Durham Armory","Ozone","Durham",36.0329550008979,-78.904037
2025-03-11,48,"Durham Armory","Ozone","Durham",36.0329550008979,-78.904037
2025-03-12,71,"Durham Armory","Ozone","Durham",36.0329550008979,-78.904037
2025-03-13,45,"Durham Armory","Ozone","Durham",36.0329550008979,-78.904037
2025-03-14,31,"Durham Armory","Ozone","Durham",36.0329550008979,-78.904037
2025-03-15,35,"Durham Armory","Ozone","Durham",36.0329550008979,-78.904037
2025-03-16,33,"Durham Armory","Ozone","Durham",36.0329550008979,-78.904037
2025-03-17,31,"Durham Armory","Ozone","Durham",36.0329550008979,-78.904037
2025-03-18,42,"Durham Armory","Ozone","Durham",36.0329550008979,-78.904037
2025-03-19,67,"Durham Armory","Ozone","Durham",36.0329550008979,-78.904037
2025-03-20,39,"Durham Armory","Ozone","Durham",36.0329550008979,-78.904037
2025-03-21,41,"Durham Armory","Ozone","Durham",36.0329550008979,-78.904037
2025-03-22,49,"Durham Armory","Ozone","Durham",36.0329550008979,-78.904037
2025-03-23,46,"Durham Armory","Ozone","Durham",36.0329550008979,-78.904037
2025-03-24,36,"Durham Armory","Ozone","Durham",36.0329550008979,-78.904037
2025-03-25,45,"Durham Armory","Ozone","Durham",36.0329550008979,-78.904037
2025-03-26,44,"Durham Armory","Ozone","Durham",36.0329550008979,-78.904037
2025-03-27,49,"Durham Armory","Ozone","Durham",36.0329550008979,-78.904037
2025-03-28,58,"Durham Armory","Ozone","Durham",36.0329550008979,-78.904037
2025-03-29,41,"Durham Armory","Ozone","Durham",36.0329550008979,-78.904037
2025-03-30,38,"Durham Armory","Ozone","Durham",36.0329550008979,-78.904037
2025-03-31,31,"Durham Armory","Ozone","Durham",36.0329550008979,-78.904037
2025-04-01,31,"Durham Armory","Ozone","Durham",36.0329550008979,-78.904037
2025-04-02,37,"Durham Armory","Ozone","Durham",36.0329550008979,-78.904037
2025-04-03,28,"Durham Armory","Ozone","Durham",36.0329550008979,-78.904037
2025-04-04,31,"Durham Armory","Ozone","Durham",36.0329550008979,-78.904037
2025-04-05,33,"Durham Armory","Ozone","Durham",36.0329550008979,-78.904037
2025-04-06,40,"Durham Armory","Ozone","Durham",36.0329550008979,-78.904037
2025-04-07,24,"Durham Armory","Ozone","Durham",36.0329550008979,-78.904037
2025-04-08,44,"Durham Armory","Ozone","Durham",36.0329550008979,-78.904037
2025-04-09,46,"Durham Armory","Ozone","Durham",36.0329550008979,-78.904037
2025-04-10,44,"Durham Armory","Ozone","Durham",36.0329550008979,-78.904037
2025-04-11,30,"Durham Armory","Ozone","Durham",36.0329550008979,-78.904037
2025-04-12,33,"Durham Armory","Ozone","Durham",36.0329550008979,-78.904037
2025-04-13,43,"Durham Armory","Ozone","Durham",36.0329550008979,-78.904037
2025-04-14,51,"Durham Armory","Ozone","Durham",36.0329550008979,-78.904037
2025-04-15,44,"Durham Armory","Ozone","Durham",36.0329550008979,-78.904037
2025-04-16,44,"Durham Armory","Ozone","Durham",36.0329550008979,-78.904037
2025-04-17,51,"Durham Armory","Ozone","Durham",36.0329550008979,-78.904037
2025-04-18,58,"Durham Armory","Ozone","Durham",36.0329550008979,-78.904037
2025-04-19,41,"Durham Armory","Ozone","Durham",36.0329550008979,-78.904037
2025-04-20,40,"Durham Armory","Ozone","Durham",36.0329550008979,-78.904037
2025-04-21,44,"Durham Armory","Ozone","Durham",36.0329550008979,-78.904037
2025-04-22,40,"Durham Armory","Ozone","Durham",36.0329550008979,-78.904037
2025-04-23,48,"Durham Armory","Ozone","Durham",36.0329550008979,-78.904037
2025-04-24,51,"Durham Armory","Ozone","Durham",36.0329550008979,-78.904037
2025-04-25,36,"Durham Armory","Ozone","Durham",36.0329550008979,-78.904037
2025-04-26,37,"Durham Armory","Ozone","Durham",36.0329550008979,-78.904037
2025-04-27,44,"Durham Armory","Ozone","Durham",36.0329550008979,-78.904037
2025-04-28,61,"Durham Armory","Ozone","Durham",36.0329550008979,-78.904037
2025-04-29,47,"Durham Armory","Ozone","Durham",36.0329550008979,-78.904037
2025-04-30,43,"Durham Armory","Ozone","Durham",36.0329550008979,-78.904037
2025-05-01,42,"Durham Armory","Ozone","Durham",36.0329550008979,-78.904037
2025-05-02,44,"Durham Armory","Ozone","Durham",36.0329550008979,-78.904037
2025-05-03,40,"Durham Armory","Ozone","Durham",36.0329550008979,-78.904037
2025-05-04,39,"Durham Armory","Ozone","Durham",36.0329550008979,-78.904037
2025-05-05,34,"Durham Armory","Ozone","Durham",36.0329550008979,-78.904037
2025-05-06,44,"Durham Armory","Ozone","Durham",36.0329550008979,-78.904037
2025-05-07,44,"Durham Armory","Ozone","Durham",36.0329550008979,-78.904037
2025-05-08,47,"Durham Armory","Ozone","Durham",36.0329550008979,-78.904037
2025-05-09,42,"Durham Armory","Ozone","Durham",36.0329550008979,-78.904037
2025-05-10,43,"Durham Armory","Ozone","Durham",36.0329550008979,-78.904037
2025-05-11,22,"Durham Armory","Ozone","Durham",36.0329550008979,-78.904037
2025-05-12,25,"Durham Armory","Ozone","Durham",36.0329550008979,-78.904037
2025-05-13,30,"Durham Armory","Ozone","Durham",36.0329550008979,-78.904037
2025-05-14,32,"Durham Armory","Ozone","Durham",36.0329550008979,-78.904037
2025-05-15,35,"Durham Armory","Ozone","Durham",36.0329550008979,-78.904037
2025-05-16,35,"Durham Armory","Ozone","Durham",36.0329550008979,-78.904037
2025-05-17,41,"Durham Armory","Ozone","Durham",36.0329550008979,-78.904037
2025-05-18,43,"Durham Armory","Ozone","Durham",36.0329550008979,-78.904037
2025-05-19,48,"Durham Armory","Ozone","Durham",36.0329550008979,-78.904037
2025-05-20,50,"Durham Armory","Ozone","Durham",36.0329550008979,-78.904037
2025-05-21,34,"Durham Armory","Ozone","Durham",36.0329550008979,-78.904037
2025-05-22,45,"Durham Armory","Ozone","Durham",36.0329550008979,-78.904037
2025-05-23,40,"Durham Armory","Ozone","Durham",36.0329550008979,-78.904037
2025-05-24,45,"Durham Armory","Ozone","Durham",36.0329550008979,-78.904037
2025-05-25,41,"Durham Armory","Ozone","Durham",36.0329550008979,-78.904037
2025-05-26,28,"Durham Armory","Ozone","Durham",36.0329550008979,-78.904037
2025-05-28,25,"Durham Armory","Ozone","Durham",36.0329550008979,-78.904037
2025-05-29,30,"Durham Armory","Ozone","Durham",36.0329550008979,-78.904037
2025-05-30,37,"Durham Armory","Ozone","Durham",36.0329550008979,-78.904037
2025-05-31,42,"Durham Armory","Ozone","Durham",36.0329550008979,-78.904037
2025-06-01,44,"Durham Armory","Ozone","Durham",36.0329550008979,-78.904037
2025-06-02,43,"Durham Armory","Ozone","Durham",36.0329550008979,-78.904037
2025-06-03,77,"Durham Armory","Ozone","Durham",36.0329550008979,-78.904037
2025-06-04,71,"Durham Armory","Ozone","Durham",36.0329550008979,-78.904037
2025-06-05,24,"Durham Armory","Ozone","Durham",36.0329550008979,-78.904037
2025-06-06,42,"Durham Armory","Ozone","Durham",36.0329550008979,-78.904037
2025-06-07,36,"Durham Armory","Ozone","Durham",36.0329550008979,-78.904037
2025-06-08,31,"Durham Armory","Ozone","Durham",36.0329550008979,-78.904037
2025-06-09,44,"Durham Armory","Ozone","Durham",36.0329550008979,-78.904037
2025-06-10,33,"Durham Armory","Ozone","Durham",36.0329550008979,-78.904037
2025-06-11,41,"Durham Armory","Ozone","Durham",36.0329550008979,-78.904037
2025-06-12,44,"Durham Armory","Ozone","Durham",36.0329550008979,-78.904037
2025-06-13,26,"Durham Armory","Ozone","Durham",36.0329550008979,-78.904037
2025-06-14,27,"Durham Armory","Ozone","Durham",36.0329550008979,-78.904037
2025-06-15,23,"Durham Armory","Ozone","Durham",36.0329550008979,-78.904037
2025-06-17,32,"Durham Armory","Ozone","Durham",36.0329550008979,-78.904037
2025-06-18,32,"Durham Armory","Ozone","Durham",36.0329550008979,-78.904037
2025-06-19,31,"Durham Armory","Ozone","Durham",36.0329550008979,-78.904037
2025-06-20,47,"Durham Armory","Ozone","Durham",36.0329550008979,-78.904037
2025-06-21,54,"Durham Armory","Ozone","Durham",36.0329550008979,-78.904037
2025-06-22,48,"Durham Armory","Ozone","Durham",36.0329550008979,-78.904037
2025-06-23,42,"Durham Armory","Ozone","Durham",36.0329550008979,-78.904037
2025-06-24,42,"Durham Armory","Ozone","Durham",36.0329550008979,-78.904037
2025-06-25,31,"Durham Armory","Ozone","Durham",36.0329550008979,-78.904037
2025-06-26,67,"Durham Armory","Ozone","Durham",36.0329550008979,-78.904037
2025-06-27,54,"Durham Armory","Ozone","Durham",36.0329550008979,-78.904037
2025-06-28,37,"Durham Armory","Ozone","Durham",36.0329550008979,-78.904037
2025-06-29,41,"Durham Armory","Ozone","Durham",36.0329550008979,-78.904037
2025-06-30,39,"Durham Armory","Ozone","Durham",36.0329550008979,-78.904037
2025-07-01,38,"Durham Armory","Ozone","Durham",36.0329550008979,-78.904037
2025-07-02,26,"Durham Armory","Ozone","Durham",36.0329550008979,-78.904037
2025-07-03,44,"Durham Armory","Ozone","Durham",36.0329550008979,-78.904037
2025-07-04,48,"Durham Armory","Ozone","Durham",36.0329550008979,-78.904037
2025-07-05,47,"Durham Armory","Ozone","Durham",36.0329550008979,-78.904037
2025-07-06,21,"Durham Armory","Ozone","Durham",36.0329550008979,-78.904037
2025-07-07,38,"Durham Armory","Ozone","Durham",36.0329550008979,-78.904037
2025-07-08,41,"Durham Armory","Ozone","Durham",36.0329550008979,-78.904037
2025-07-09,39,"Durham Armory","Ozone","Durham",36.0329550008979,-78.904037
2025-07-10,37,"Durham Armory","Ozone","Durham",36.0329550008979,-78.904037
2025-07-11,37,"Durham Armory","Ozone","Durham",36.0329550008979,-78.904037
2025-07-12,44,"Durham Armory","Ozone","Durham",36.0329550008979,-78.904037
2025-07-13,35,"Durham Armory","Ozone","Durham",36.0329550008979,-78.904037
2025-07-14,36,"Durham Armory","Ozone","Durham",36.0329550008979,-78.904037
2025-07-15,30,"Durham Armory","Ozone","Durham",36.0329550008979,-78.904037
2025-07-16,33,"Durham Armory","Ozone","Durham",36.0329550008979,-78.904037
2025-07-17,31,"Durham Armory","Ozone","Durham",36.0329550008979,-78.904037
2025-07-18,40,"Durham Armory","Ozone","Durham",36.0329550008979,-78.904037
2025-07-19,33,"Durham Armory","Ozone","Durham",36.0329550008979,-78.904037
2025-07-20,31,"Durham Armory","Ozone","Durham",36.0329550008979,-78.904037
2025-07-21,34,"Durham Armory","Ozone","Durham",36.0329550008979,-78.904037
2025-07-22,44,"Durham Armory","Ozone","Durham",36.0329550008979,-78.904037
2025-07-23,41,"Durham Armory","Ozone","Durham",36.0329550008979,-78.904037
2025-07-24,39,"Durham Armory","Ozone","Durham",36.0329550008979,-78.904037
2025-07-25,45,"Durham Armory","Ozone","Durham",36.0329550008979,-78.904037
2025-07-26,38,"Durham Armory","Ozone","Durham",36.0329550008979,-78.904037
2025-07-27,33,"Durham Armory","Ozone","Durham",36.0329550008979,-78.904037
2025-07-28,36,"Durham Armory","Ozone","Durham",36.0329550008979,-78.904037
2025-07-30,54,"Durham Armory","Ozone","Durham",36.0329550008979,-78.904037
2025-07-31,36,"Durham Armory","Ozone","Durham",36.0329550008979,-78.904037
2025-08-01,31,"Durham Armory","Ozone","Durham",36.0329550008979,-78.904037
2025-08-02,31,"Durham Armory","Ozone","Durham",36.0329550008979,-78.904037
2025-08-03,41,"Durham Armory","Ozone","Durham",36.0329550008979,-78.904037
2025-08-04,44,"Durham Armory","Ozone","Durham",36.0329550008979,-78.904037
2025-08-05,36,"Durham Armory","Ozone","Durham",36.0329550008979,-78.904037
2025-08-06,30,"Durham Armory","Ozone","Durham",36.0329550008979,-78.904037
2025-08-07,31,"Durham Armory","Ozone","Durham",36.0329550008979,-78.904037
2025-08-08,37,"Durham Armory","Ozone","Durham",36.0329550008979,-78.904037
2025-08-09,37,"Durham Armory","Ozone","Durham",36.0329550008979,-78.904037
2025-08-10,33,"Durham Armory","Ozone","Durham",36.0329550008979,-78.904037
2025-08-11,25,"Durham Armory","Ozone","Durham",36.0329550008979,-78.904037
2025-08-12,19,"Durham Armory","Ozone","Durham",36.0329550008979,-78.904037
2025-08-13,24,"Durham Armory","Ozone","Durham",36.0329550008979,-78.904037
2025-08-14,29,"Durham Armory","Ozone","Durham",36.0329550008979,-78.904037
2025-08-15,39,"Durham Armory","Ozone","Durham",36.0329550008979,-78.904037
2025-08-16,32,"Durham Armory","Ozone","Durham",36.0329550008979,-78.904037
2025-08-17,39,"Durham Armory","Ozone","Durham",36.0329550008979,-78.904037
2025-08-18,36,"Durham Armory","Ozone","Durham",36.0329550008979,-78.904037
2025-08-19,22,"Durham Armory","Ozone","Durham",36.0329550008979,-78.904037
2025-08-20,29,"Durham Armory","Ozone","Durham",36.0329550008979,-78.904037
2025-08-21,28,"Durham Armory","Ozone","Durham",36.0329550008979,-78.904037
2025-08-22,33,"Durham Armory","Ozone","Durham",36.0329550008979,-78.904037
2025-08-23,40,"Durham Armory","Ozone","Durham",36.0329550008979,-78.904037
2025-08-24,35,"Durham Armory","Ozone","Durham",36.0329550008979,-78.904037
2025-08-25,39,"Durham Armory","Ozone","Durham",36.0329550008979,-78.904037
2025-08-26,38,"Durham Armory","Ozone","Durham",36.0329550008979,-78.904037
2025-08-27,42,"Durham Armory","Ozone","Durham",36.0329550008979,-78.904037
2025-08-28,48,"Durham Armory","Ozone","Durham",36.0329550008979,-78.904037
2025-08-29,44,"Durham Armory","Ozone","Durham",36.0329550008979,-78.904037
2025-08-30,42,"Durham Armory","Ozone","Durham",36.0329550008979,-78.904037
2025-08-31,40,"Durham Armory","Ozone","Durham",36.0329550008979,-78.904037
2025-09-01,37,"Durham Armory","Ozone","Durham",36.0329550008979,-78.904037
2025-09-02,39,"Durham Armory","Ozone","Durham",36.0329550008979,-78.904037
2025-09-03,47,"Durham Armory","Ozone","Durham",36.0329550008979,-78.904037
2025-09-04,45,"Durham Armory","Ozone","Durham",36.0329550008979,-78.904037
2025-09-05,44,"Durham Armory","Ozone","Durham",36.0329550008979,-78.904037
2025-09-06,39,"Durham Armory","Ozone","Durham",36.0329550008979,-78.904037
2025-09-07,25,"Durham Armory","Ozone","Durham",36.0329550008979,-78.904037
2025-09-08,40,"Durham Armory","Ozone","Durham",36.0329550008979,-78.904037
2025-09-09,37,"Durham Armory","Ozone","Durham",36.0329550008979,-78.904037
2025-09-10,29,"Durham Armory","Ozone","Durham",36.0329550008979,-78.904037
2025-09-11,34,"Durham Armory","Ozone","Durham",36.0329550008979,-78.904037
2025-09-12,47,"Durham Armory","Ozone","Durham",36.0329550008979,-78.904037
2025-09-13,44,"Durham Armory","Ozone","Durham",36.0329550008979,-78.904037
2025-09-14,43,"Durham Armory","Ozone","Durham",36.0329550008979,-78.904037
2025-09-15,44,"Durham Armory","Ozone","Durham",36.0329550008979,-78.904037
2025-09-16,40,"Durham Armory","Ozone","Durham",36.0329550008979,-78.904037
2025-09-17,30,"Durham Armory","Ozone","Durham",36.0329550008979,-78.904037
2025-09-18,35,"Durham Armory","Ozone","Durham",36.0329550008979,-78.904037
2025-09-19,67,"Durham Armory","Ozone","Durham",36.0329550008979,-78.904037
2025-09-20,50,"Durham Armory","Ozone","Durham",36.0329550008979,-78.904037
2025-09-21,47,"Durham Armory","Ozone","Durham",36.0329550008979,-78.904037
2025-09-22,46,"Durham Armory","Ozone","Durham",36.0329550008979,-78.904037
2025-09-23,48,"Durham Armory","Ozone","Durham",36.0329550008979,-78.904037
2025-09-24,45,"Durham Armory","Ozone","Durham",36.0329550008979,-78.904037
2025-09-25,34,"Durham Armory","Ozone","Durham",36.0329550008979,-78.904037
2025-09-26,34,"Durham Armory","Ozone","Durham",36.0329550008979,-78.904037
2025-09-27,29,"Durham Armory","Ozone","Durham",36.0329550008979,-78.904037
2025-09-28,37,"Durham Armory","Ozone","Durham",36.0329550008979,-78.904037
2025-09-29,28,"Durham Armory","Ozone","Durham",36.0329550008979,-78.904037
2025-10-02,31,"Durham Armory","Ozone","Durham",36.0329550008979,-78.904037
2025-10-03,33,"Durham Armory","Ozone","Durham",36.0329550008979,-78.904037
2025-10-04,42,"Durham Armory","Ozone","Durham",36.0329550008979,-78.904037
2025-10-05,31,"Durham Armory","Ozone","Durham",36.0329550008979,-78.904037
2025-10-06,42,"Durham Armory","Ozone","Durham",36.0329550008979,-78.904037
2025-10-07,35,"Durham Armory","Ozone","Durham",36.0329550008979,-78.904037
2025-10-08,31,"Durham Armory","Ozone","Durham",36.0329550008979,-78.904037
2025-10-09,38,"Durham Armory","Ozone","Durham",36.0329550008979,-78.904037
2025-10-10,35,"Durham Armory","Ozone","Durham",36.0329550008979,-78.904037
2025-10-11,29,"Durham Armory","Ozone","Durham",36.0329550008979,-78.904037
2025-10-12,29,"Durham Armory","Ozone","Durham",36.0329550008979,-78.904037
2025-10-13,29,"Durham Armory","Ozone","Durham",36.0329550008979,-78.904037
2025-10-14,26,"Durham Armory","Ozone","Durham",36.0329550008979,-78.904037
2025-10-15,39,"Durham Armory","Ozone","Durham",36.0329550008979,-78.904037
2025-10-16,35,"Durham Armory","Ozone","Durham",36.0329550008979,-78.904037
2025-10-17,38,"Durham Armory","Ozone","Durham",36.0329550008979,-78.904037
2025-10-18,43,"Durham Armory","Ozone","Durham",36.0329550008979,-78.904037
2025-10-19,42,"Durham Armory","Ozone","Durham",36.0329550008979,-78.904037
2025-10-20,34,"Durham Armory","Ozone","Durham",36.0329550008979,-78.904037
2025-10-21,44,"Durham Armory","Ozone","Durham",36.0329550008979,-78.904037
2025-10-22,41,"Durham Armory","Ozone","Durham",36.0329550008979,-78.904037
2025-10-23,38,"Durham Armory","Ozone","Durham",36.0329550008979,-78.904037
2025-10-24,37,"Durham Armory","Ozone","Durham",36.0329550008979,-78.904037
2025-10-25,34,"Durham Armory","Ozone","Durham",36.0329550008979,-78.904037
2025-10-26,32,"Durham Armory","Ozone","Durham",36.0329550008979,-78.904037
2025-10-27,31,"Durham Armory","Ozone","Durham",36.0329550008979,-78.904037
2025-10-28,26,"Durham Armory","Ozone","Durham",36.0329550008979,-78.904037
2025-10-29,14,"Durham Armory","Ozone","Durham",36.0329550008979,-78.904037
2025-10-30,27,"Durham Armory","Ozone","Durham",36.0329550008979,-78.904037
2025-10-31,36,"Durham Armory","Ozone","Durham",36.0329550008979,-78.904037
2025-11-01,35,"Durham Armory","Ozone","Durham",36.0329550008979,-78.904037
2025-11-02,37,"Durham Armory","Ozone","Durham",36.0329550008979,-78.904037
2025-03-01,0,"Leggett","Ozone","Edgecombe",35.988278,-77.5843
2025-03-02,0,"Leggett","Ozone","Edgecombe",35.988278,-77.5843
2025-03-03,0,"Leggett","Ozone","Edgecombe",35.988278,-77.5843
2025-03-06,36,"Leggett","Ozone","Edgecombe",35.988278,-77.5843
2025-03-07,39,"Leggett","Ozone","Edgecombe",35.988278,-77.5843
2025-03-08,44,"Leggett","Ozone","Edgecombe",35.988278,-77.5843
2025-03-09,44,"Leggett","Ozone","Edgecombe",35.988278,-77.5843
2025-03-10,41,"Leggett","Ozone","Edgecombe",35.988278,-77.5843
2025-03-11,46,"Leggett","Ozone","Edgecombe",35.988278,-77.5843
2025-03-12,64,"Leggett","Ozone","Edgecombe",35.988278,-77.5843
2025-03-13,37,"Leggett","Ozone","Edgecombe",35.988278,-77.5843
2025-03-14,33,"Leggett","Ozone","Edgecombe",35.988278,-77.5843
2025-03-15,39,"Leggett","Ozone","Edgecombe",35.988278,-77.5843
2025-03-16,34,"Leggett","Ozone","Edgecombe",35.988278,-77.5843
2025-03-17,31,"Leggett","Ozone","Edgecombe",35.988278,-77.5843
2025-03-18,41,"Leggett","Ozone","Edgecombe",35.988278,-77.5843
2025-03-19,47,"Leggett","Ozone","Edgecombe",35.988278,-77.5843
2025-03-20,42,"Leggett","Ozone","Edgecombe",35.988278,-77.5843
2025-03-21,40,"Leggett","Ozone","Edgecombe",35.988278,-77.5843
2025-03-22,50,"Leggett","Ozone","Edgecombe",35.988278,-77.5843
2025-03-23,43,"Leggett","Ozone","Edgecombe",35.988278,-77.5843
2025-03-24,45,"Leggett","Ozone","Edgecombe",35.988278,-77.5843
2025-03-25,49,"Leggett","Ozone","Edgecombe",35.988278,-77.5843
2025-03-26,45,"Leggett","Ozone","Edgecombe",35.988278,-77.5843
2025-03-27,49,"Leggett","Ozone","Edgecombe",35.988278,-77.5843
2025-03-28,58,"Leggett","Ozone","Edgecombe",35.988278,-77.5843
2025-03-29,44,"Leggett","Ozone","Edgecombe",35.988278,-77.5843
2025-03-30,41,"Leggett","Ozone","Edgecombe",35.988278,-77.5843
2025-03-31,32,"Leggett","Ozone","Edgecombe",35.988278,-77.5843
2025-04-02,40,"Leggett","Ozone","Edgecombe",35.988278,-77.5843
2025-04-03,31,"Leggett","Ozone","Edgecombe",35.988278,-77.5843
2025-04-04,32,"Leggett","Ozone","Edgecombe",35.988278,-77.5843
2025-04-05,31,"Leggett","Ozone","Edgecombe",35.988278,-77.5843
2025-04-06,36,"Leggett","Ozone","Edgecombe",35.988278,-77.5843
2025-04-07,28,"Leggett","Ozone","Edgecombe",35.988278,-77.5843
2025-04-08,37,"Leggett","Ozone","Edgecombe",35.988278,-77.5843
2025-04-09,45,"Leggett","Ozone","Edgecombe",35.988278,-77.5843
2025-04-10,45,"Leggett","Ozone","Edgecombe",35.988278,-77.5843
2025-04-11,32,"Leggett","Ozone","Edgecombe",35.988278,-77.5843
2025-04-12,30,"Leggett","Ozone","Edgecombe",35.988278,-77.5843
2025-04-13,43,"Leggett","Ozone","Edgecombe",35.988278,-77.5843
2025-04-14,58,"Leggett","Ozone","Edgecombe",35.988278,-77.5843
2025-04-15,44,"Leggett","Ozone","Edgecombe",35.988278,-77.5843
2025-04-16,44,"Leggett","Ozone","Edgecombe",35.988278,-77.5843
2025-04-17,48,"Leggett","Ozone","Edgecombe",35.988278,-77.5843
2025-04-18,54,"Leggett","Ozone","Edgecombe",35.988278,-77.5843
2025-04-19,44,"Leggett","Ozone","Edgecombe",35.988278,-77.5843
2025-04-20,41,"Leggett","Ozone","Edgecombe",35.988278,-77.5843
2025-04-21,46,"Leggett","Ozone","Edgecombe",35.988278,-77.5843
2025-04-22,43,"Leggett","Ozone","Edgecombe",35.988278,-77.5843
2025-04-23,44,"Leggett","Ozone","Edgecombe",35.988278,-77.5843
2025-04-24,47,"Leggett","Ozone","Edgecombe",35.988278,-77.5843
2025-04-25,44,"Leggett","Ozone","Edgecombe",35.988278,-77.5843
2025-04-26,40,"Leggett","Ozone","Edgecombe",35.988278,-77.5843
2025-04-27,44,"Leggett","Ozone","Edgecombe",35.988278,-77.5843
2025-04-28,46,"Leggett","Ozone","Edgecombe",35.988278,-77.5843
2025-04-29,51,"Leggett","Ozone","Edgecombe",35.988278,-77.5843
2025-04-30,46,"Leggett","Ozone","Edgecombe",35.988278,-77.5843
2025-05-01,47,"Leggett","Ozone","Edgecombe",35.988278,-77.5843
2025-05-02,46,"Leggett","Ozone","Edgecombe",35.988278,-77.5843
2025-05-03,42,"Leggett","Ozone","Edgecombe",35.988278,-77.5843
2025-05-04,33,"Leggett","Ozone","Edgecombe",35.988278,-77.5843
2025-05-05,36,"Leggett","Ozone","Edgecombe",35.988278,-77.5843
2025-05-06,46,"Leggett","Ozone","Edgecombe",35.988278,-77.5843
2025-05-07,45,"Leggett","Ozone","Edgecombe",35.988278,-77.5843
2025-05-08,58,"Leggett","Ozone","Edgecombe",35.988278,-77.5843
2025-05-09,43,"Leggett","Ozone","Edgecombe",35.988278,-77.5843
2025-05-10,48,"Leggett","Ozone","Edgecombe",35.988278,-77.5843
2025-05-11,36,"Leggett","Ozone","Edgecombe",35.988278,-77.5843
2025-05-12,31,"Leggett","Ozone","Edgecombe",35.988278,-77.5843
2025-05-13,30,"Leggett","Ozone","Edgecombe",35.988278,-77.5843
2025-05-14,37,"Leggett","Ozone","Edgecombe",35.988278,-77.5843
2025-05-15,40,"Leggett","Ozone","Edgecombe",35.988278,-77.5843
2025-05-16,38,"Leggett","Ozone","Edgecombe",35.988278,-77.5843
2025-05-17,44,"Leggett","Ozone","Edgecombe",35.988278,-77.5843
2025-05-18,40,"Leggett","Ozone","Edgecombe",35.988278,-77.5843
2025-05-19,44,"Leggett","Ozone","Edgecombe",35.988278,-77.5843
2025-05-20,42,"Leggett","Ozone","Edgecombe",35.988278,-77.5843
2025-05-21,30,"Leggett","Ozone","Edgecombe",35.988278,-77.5843
2025-05-22,44,"Leggett","Ozone","Edgecombe",35.988278,-77.5843
2025-05-24,44,"Leggett","Ozone","Edgecombe",35.988278,-77.5843
2025-05-25,39,"Leggett","Ozone","Edgecombe",35.988278,-77.5843
2025-05-26,31,"Leggett","Ozone","Edgecombe",35.988278,-77.5843
2025-05-27,30,"Leggett","Ozone","Edgecombe",35.988278,-77.5843
2025-05-28,26,"Leggett","Ozone","Edgecombe",35.988278,-77.5843
2025-05-29,27,"Leggett","Ozone","Edgecombe",35.988278,-77.5843
2025-05-30,38,"Leggett","Ozone","Edgecombe",35.988278,-77.5843
2025-05-31,44,"Leggett","Ozone","Edgecombe",35.988278,-77.5843
2025-06-01,44,"Leggett","Ozone","Edgecombe",35.988278,-77.5843
2025-06-02,44,"Leggett","Ozone","Edgecombe",35.988278,-77.5843
2025-06-03,49,"Leggett","Ozone","Edgecombe",35.988278,-77.5843
2025-06-04,49,"Leggett","Ozone","Edgecombe",35.988278,-77.5843
2025-06-05,25,"Leggett","Ozone","Edgecombe",35.988278,-77.5843
2025-06-06,35,"Leggett","Ozone","Edgecombe",35.988278,-77.5843
2025-06-07,41,"Leggett","Ozone","Edgecombe",35.988278,-77.5843
2025-06-08,35,"Leggett","Ozone","Edgecombe",35.988278,-77.5843
2025-06-09,44,"Leggett","Ozone","Edgecombe",35.988278,-77.5843
2025-06-10,36,"Leggett","Ozone","Edgecombe",35.988278,-77.5843
2025-06-11,42,"Leggett","Ozone","Edgecombe",35.988278,-77.5843
2025-06-12,46,"Leggett","Ozone","Edgecombe",35.988278,-77.5843
2025-06-13,25,"Leggett","Ozone","Edgecombe",35.988278,-77.5843
2025-06-14,29,"Leggett","Ozone","Edgecombe",35.988278,-77.5843
2025-06-15,28,"Leggett","Ozone","Edgecombe",35.988278,-77.5843
2025-06-16,27,"Leggett","Ozone","Edgecombe",35.988278,-77.5843
2025-06-17,34,"Leggett","Ozone","Edgecombe",35.988278,-77.5843
2025-06-18,34,"Leggett","Ozone","Edgecombe",35.988278,-77.5843
2025-06-19,39,"Leggett","Ozone","Edgecombe",35.988278,-77.5843
2025-06-20,42,"Leggett","Ozone","Edgecombe",35.988278,-77.5843
2025-06-21,40,"Leggett","Ozone","Edgecombe",35.988278,-77.5843
2025-06-22,44,"Leggett","Ozone","Edgecombe",35.988278,-77.5843
2025-06-23,44,"Leggett","Ozone","Edgecombe",35.988278,-77.5843
2025-06-26,48,"Leggett","Ozone","Edgecombe",35.988278,-77.5843
2025-06-27,46,"Leggett","Ozone","Edgecombe",35.988278,-77.5843
2025-06-28,44,"Leggett","Ozone","Edgecombe",35.988278,-77.5843
2025-06-29,42,"Leggett","Ozone","Edgecombe",35.988278,-77.5843
2025-06-30,37,"Leggett","Ozone","Edgecombe",35.988278,-77.5843
2025-07-01,36,"Leggett","Ozone","Edgecombe",35.988278,-77.5843
2025-07-02,27,"Leggett","Ozone","Edgecombe",35.988278,-77.5843
2025-07-03,43,"Leggett","Ozone","Edgecombe",35.988278,-77.5843
2025-07-04,50,"Leggett","Ozone","Edgecombe",35.988278,-77.5843
2025-07-05,44,"Leggett","Ozone","Edgecombe",35.988278,-77.5843
2025-07-06,26,"Leggett","Ozone","Edgecombe",35.988278,-77.5843
2025-07-07,37,"Leggett","Ozone","Edgecombe",35.988278,-77.5843
2025-07-08,36,"Leggett","Ozone","Edgecombe",35.988278,-77.5843
2025-07-09,31,"Leggett","Ozone","Edgecombe",35.988278,-77.5843
2025-07-10,38,"Leggett","Ozone","Edgecombe",35.988278,-77.5843
2025-07-11,42,"Leggett","Ozone","Edgecombe",35.988278,-77.5843
2025-07-12,39,"Leggett","Ozone","Edgecombe",35.988278,-77.5843
2025-07-13,36,"Leggett","Ozone","Edgecombe",35.988278,-77.5843
2025-07-14,34,"Leggett","Ozone","Edgecombe",35.988278,-77.5843
2025-07-15,32,"Leggett","Ozone","Edgecombe",35.988278,-77.5843
2025-07-16,32,"Leggett","Ozone","Edgecombe",35.988278,-77.5843
2025-07-17,31,"Leggett","Ozone","Edgecombe",35.988278,-77.5843
2025-07-18,44,"Leggett","Ozone","Edgecombe",35.988278,-77.5843
2025-07-19,37,"Leggett","Ozone","Edgecombe",35.988278,-77.5843
2025-07-20,35,"Leggett","Ozone","Edgecombe",35.988278,-77.5843
2025-07-21,38,"Leggett","Ozone","Edgecombe",35.988278,-77.5843
2025-07-22,44,"Leggett","Ozone","Edgecombe",35.988278,-77.5843
2025-07-25,44,"Leggett","Ozone","Edgecombe",35.988278,-77.5843
2025-07-26,38,"Leggett","Ozone","Edgecombe",35.988278,-77.5843
2025-07-27,32,"Leggett","Ozone","Edgecombe",35.988278,-77.5843
2025-07-28,35,"Leggett","Ozone","Edgecombe",35.988278,-77.5843
2025-07-29,38,"Leggett","Ozone","Edgecombe",35.988278,-77.5843
2025-07-30,40,"Leggett","Ozone","Edgecombe",35.988278,-77.5843
2025-07-31,38,"Leggett","Ozone","Edgecombe",35.988278,-77.5843
2025-08-01,25,"Leggett","Ozone","Edgecombe",35.988278,-77.5843
2025-08-02,30,"Leggett","Ozone","Edgecombe",35.988278,-77.5843
2025-08-03,37,"Leggett","Ozone","Edgecombe",35.988278,-77.5843
2025-08-04,41,"Leggett","Ozone","Edgecombe",35.988278,-77.5843
2025-08-05,28,"Leggett","Ozone","Edgecombe",35.988278,-77.5843
2025-08-06,26,"Leggett","Ozone","Edgecombe",35.988278,-77.5843
2025-08-07,31,"Leggett","Ozone","Edgecombe",35.988278,-77.5843
2025-08-08,28,"Leggett","Ozone","Edgecombe",35.988278,-77.5843
2025-08-09,28,"Leggett","Ozone","Edgecombe",35.988278,-77.5843
2025-08-10,24,"Leggett","Ozone","Edgecombe",35.988278,-77.5843
2025-08-11,19,"Leggett","Ozone","Edgecombe",35.988278,-77.5843
2025-08-12,19,"Leggett","Ozone","Edgecombe",35.988278,-77.5843
2025-08-13,24,"Leggett","Ozone","Edgecombe",35.988278,-77.5843
2025-08-14,22,"Leggett","Ozone","Edgecombe",35.988278,-77.5843
2025-08-15,30,"Leggett","Ozone","Edgecombe",35.988278,-77.5843
2025-08-16,34,"Leggett","Ozone","Edgecombe",35.988278,-77.5843
2025-08-17,35,"Leggett","Ozone","Edgecombe",35.988278,-77.5843
2025-08-18,38,"Leggett","Ozone","Edgecombe",35.988278,-77.5843
2025-08-19,22,"Leggett","Ozone","Edgecombe",35.988278,-77.5843
2025-08-20,20,"Leggett","Ozone","Edgecombe",35.988278,-77.5843
2025-08-21,25,"Leggett","Ozone","Edgecombe",35.988278,-77.5843
2025-08-22,34,"Leggett","Ozone","Edgecombe",35.988278,-77.5843
2025-08-23,32,"Leggett","Ozone","Edgecombe",35.988278,-77.5843
2025-08-24,27,"Leggett","Ozone","Edgecombe",35.988278,-77.5843
2025-08-25,33,"Leggett","Ozone","Edgecombe",35.988278,-77.5843
2025-08-26,32,"Leggett","Ozone","Edgecombe",35.988278,-77.5843
2025-08-27,39,"Leggett","Ozone","Edgecombe",35.988278,-77.5843
2025-08-28,42,"Leggett","Ozone","Edgecombe",35.988278,-77.5843
2025-08-29,41,"Leggett","Ozone","Edgecombe",35.988278,-77.5843
2025-08-30,38,"Leggett","Ozone","Edgecombe",35.988278,-77.5843
2025-08-31,40,"Leggett","Ozone","Edgecombe",35.988278,-77.5843
2025-09-01,34,"Leggett","Ozone","Edgecombe",35.988278,-77.5843
2025-09-02,31,"Leggett","Ozone","Edgecombe",35.988278,-77.5843
2025-09-03,42,"Leggett","Ozone","Edgecombe",35.988278,-77.5843
2025-09-04,44,"Leggett","Ozone","Edgecombe",35.988278,-77.5843
2025-09-05,44,"Leggett","Ozone","Edgecombe",35.988278,-77.5843
2025-09-06,41,"Leggett","Ozone","Edgecombe",35.988278,-77.5843
2025-09-07,26,"Leggett","Ozone","Edgecombe",35.988278,-77.5843
2025-09-08,40,"Leggett","Ozone","Edgecombe",35.988278,-77.5843
2025-09-09,29,"Leggett","Ozone","Edgecombe",35.988278,-77.5843
2025-09-10,20,"Leggett","Ozone","Edgecombe",35.988278,-77.5843
2025-09-11,21,"Leggett","Ozone","Edgecombe",35.988278,-77.5843
2025-09-12,46,"Leggett","Ozone","Edgecombe",35.988278,-77.5843
2025-09-13,43,"Leggett","Ozone","Edgecombe",35.988278,-77.5843
2025-09-14,42,"Leggett","Ozone","Edgecombe",35.988278,-77.5843
2025-09-15,40,"Leggett","Ozone","Edgecombe",35.988278,-77.5843
2025-09-16,31,"Leggett","Ozone","Edgecombe",35.988278,-77.5843
2025-09-17,25,"Leggett","Ozone","Edgecombe",35.988278,-77.5843
2025-09-18,26,"Leggett","Ozone","Edgecombe",35.988278,-77.5843
2025-09-19,47,"Leggett","Ozone","Edgecombe",35.988278,-77.5843
2025-09-20,49,"Leggett","Ozone","Edgecombe",35.988278,-77.5843
2025-09-21,40,"Leggett","Ozone","Edgecombe",35.988278,-77.5843
2025-09-22,36,"Leggett","Ozone","Edgecombe",35.988278,-77.5843
2025-09-23,41,"Leggett","Ozone","Edgecombe",35.988278,-77.5843
2025-09-24,41,"Leggett","Ozone","Edgecombe",35.988278,-77.5843
2025-09-25,35,"Leggett","Ozone","Edgecombe",35.988278,-77.5843
2025-09-26,41,"Leggett","Ozone","Edgecombe",35.988278,-77.5843
2025-09-27,20,"Leggett","Ozone","Edgecombe",35.988278,-77.5843
2025-09-28,31,"Leggett","Ozone","Edgecombe",35.988278,-77.5843
2025-09-29,31,"Leggett","Ozone","Edgecombe",35.988278,-77.5843
2025-09-30,33,"Leggett","Ozone","Edgecombe",35.988278,-77.5843
2025-10-01,31,"Leggett","Ozone","Edgecombe",35.988278,-77.5843
2025-10-02,30,"Leggett","Ozone","Edgecombe",35.988278,-77.5843
2025-10-03,33,"Leggett","Ozone","Edgecombe",35.988278,-77.5843
2025-10-04,32,"Leggett","Ozone","Edgecombe",35.988278,-77.5843
2025-10-05,31,"Leggett","Ozone","Edgecombe",35.988278,-77.5843
2025-10-06,34,"Leggett","Ozone","Edgecombe",35.988278,-77.5843
2025-10-07,31,"Leggett","Ozone","Edgecombe",35.988278,-77.5843
2025-10-08,25,"Leggett","Ozone","Edgecombe",35.988278,-77.5843
2025-10-09,34,"Leggett","Ozone","Edgecombe",35.988278,-77.5843
2025-10-10,33,"Leggett","Ozone","Edgecombe",35.988278,-77.5843
2025-10-11,27,"Leggett","Ozone","Edgecombe",35.988278,-77.5843
2025-10-12,30,"Leggett","Ozone","Edgecombe",35.988278,-77.5843
2025-10-13,24,"Leggett","Ozone","Edgecombe",35.988278,-77.5843
2025-10-14,20,"Leggett","Ozone","Edgecombe",35.988278,-77.5843
2025-10-15,34,"Leggett","Ozone","Edgecombe",35.988278,-77.5843
2025-10-16,37,"Leggett","Ozone","Edgecombe",35.988278,-77.5843
2025-10-17,33,"Leggett","Ozone","Edgecombe",35.988278,-77.5843
2025-10-18,44,"Leggett","Ozone","Edgecombe",35.988278,-77.5843
2025-10-19,40,"Leggett","Ozone","Edgecombe",35.988278,-77.5843
2025-10-20,33,"Leggett","Ozone","Edgecombe",35.988278,-77.5843
2025-10-21,42,"Leggett","Ozone","Edgecombe",35.988278,-77.5843
2025-10-22,40,"Leggett","Ozone","Edgecombe",35.988278,-77.5843
2025-10-23,37,"Leggett","Ozone","Edgecombe",35.988278,-77.5843
2025-10-24,36,"Leggett","Ozone","Edgecombe",35.988278,-77.5843
2025-10-25,31,"Leggett","Ozone","Edgecombe",35.988278,-77.5843
2025-10-26,29,"Leggett","Ozone","Edgecombe",35.988278,-77.5843
2025-10-27,31,"Leggett","Ozone","Edgecombe",35.988278,-77.5843
2025-10-28,25,"Leggett","Ozone","Edgecombe",35.988278,-77.5843
2025-10-29,19,"Leggett","Ozone","Edgecombe",35.988278,-77.5843
2025-10-30,29,"Leggett","Ozone","Edgecombe",35.988278,-77.5843
2025-10-31,34,"Leggett","Ozone","Edgecombe",35.988278,-77.5843
2025-11-01,33,"Leggett","Ozone","Edgecombe",35.988278,-77.5843
2025-11-02,37,"Leggett","Ozone","Edgecombe",35.988278,-77.5843
2025-02-25,46,"Hattie Avenue","Ozone","Forsyth",36.11094,-80.224501
2025-02-26,54,"Hattie Avenue","Ozone","Forsyth",36.11094,-80.224501
2025-02-27,44,"Hattie Avenue","Ozone","Forsyth",36.11094,-80.224501
2025-02-28,44,"Hattie Avenue","Ozone","Forsyth",36.11094,-80.224501
2025-03-01,47,"Hattie Avenue","Ozone","Forsyth",36.11094,-80.224501
2025-03-02,41,"Hattie Avenue","Ozone","Forsyth",36.11094,-80.224501
2025-03-03,44,"Hattie Avenue","Ozone","Forsyth",36.11094,-80.224501
2025-03-04,44,"Hattie Avenue","Ozone","Forsyth",36.11094,-80.224501
2025-03-05,44,"Hattie Avenue","Ozone","Forsyth",36.11094,-80.224501
2025-03-06,35,"Hattie Avenue","Ozone","Forsyth",36.11094,-80.224501
2025-03-07,33,"Hattie Avenue","Ozone","Forsyth",36.11094,-80.224501
2025-03-08,41,"Hattie Avenue","Ozone","Forsyth",36.11094,-80.224501
2025-03-09,44,"Hattie Avenue","Ozone","Forsyth",36.11094,-80.224501
2025-03-10,44,"Hattie Avenue","Ozone","Forsyth",36.11094,-80.224501
2025-03-11,64,"Hattie Avenue","Ozone","Forsyth",36.11094,-80.224501
2025-03-12,84,"Hattie Avenue","Ozone","Forsyth",36.11094,-80.224501
2025-03-13,80,"Hattie Avenue","Ozone","Forsyth",36.11094,-80.224501
2025-03-14,50,"Hattie Avenue","Ozone","Forsyth",36.11094,-80.224501
2025-03-15,37,"Hattie Avenue","Ozone","Forsyth",36.11094,-80.224501
2025-03-16,41,"Hattie Avenue","Ozone","Forsyth",36.11094,-80.224501
2025-03-17,33,"Hattie Avenue","Ozone","Forsyth",36.11094,-80.224501
2025-03-18,44,"Hattie Avenue","Ozone","Forsyth",36.11094,-80.224501
2025-03-19,67,"Hattie Avenue","Ozone","Forsyth",36.11094,-80.224501
2025-03-20,40,"Hattie Avenue","Ozone","Forsyth",36.11094,-80.224501
2025-03-21,44,"Hattie Avenue","Ozone","Forsyth",36.11094,-80.224501
2025-03-22,50,"Hattie Avenue","Ozone","Forsyth",36.11094,-80.224501
2025-03-23,50,"Hattie Avenue","Ozone","Forsyth",36.11094,-80.224501
2025-03-24,41,"Hattie Avenue","Ozone","Forsyth",36.11094,-80.224501
2025-03-25,49,"Hattie Avenue","Ozone","Forsyth",36.11094,-80.224501
2025-03-26,46,"Hattie Avenue","Ozone","Forsyth",36.11094,-80.224501
2025-03-27,51,"Hattie Avenue","Ozone","Forsyth",36.11094,-80.224501
2025-03-28,77,"Hattie Avenue","Ozone","Forsyth",36.11094,-80.224501
2025-03-29,46,"Hattie Avenue","Ozone","Forsyth",36.11094,-80.224501
2025-03-30,44,"Hattie Avenue","Ozone","Forsyth",36.11094,-80.224501
2025-03-31,31,"Hattie Avenue","Ozone","Forsyth",36.11094,-80.224501
2025-04-01,34,"Hattie Avenue","Ozone","Forsyth",36.11094,-80.224501
2025-04-02,32,"Hattie Avenue","Ozone","Forsyth",36.11094,-80.224501
2025-04-03,29,"Hattie Avenue","Ozone","Forsyth",36.11094,-80.224501
2025-04-04,38,"Hattie Avenue","Ozone","Forsyth",36.11094,-80.224501
2025-04-05,38,"Hattie Avenue","Ozone","Forsyth",36.11094,-80.224501
2025-04-06,45,"Hattie Avenue","Ozone","Forsyth",36.11094,-80.224501
2025-04-07,28,"Hattie Avenue","Ozone","Forsyth",36.11094,-80.224501
2025-04-08,49,"Hattie Avenue","Ozone","Forsyth",36.11094,-80.224501
2025-04-09,49,"Hattie Avenue","Ozone","Forsyth",36.11094,-80.224501
2025-04-10,40,"Hattie Avenue","Ozone","Forsyth",36.11094,-80.224501
2025-04-11,35,"Hattie Avenue","Ozone","Forsyth",36.11094,-80.224501
2025-04-12,40,"Hattie Avenue","Ozone","Forsyth",36.11094,-80.224501
2025-04-13,47,"Hattie Avenue","Ozone","Forsyth",36.11094,-80.224501
2025-04-14,71,"Hattie Avenue","Ozone","Forsyth",36.11094,-80.224501
2025-04-15,44,"Hattie Avenue","Ozone","Forsyth",36.11094,-80.224501
2025-04-16,47,"Hattie Avenue","Ozone","Forsyth",36.11094,-80.224501
2025-04-17,67,"Hattie Avenue","Ozone","Forsyth",36.11094,-80.224501
2025-04-18,90,"Hattie Avenue","Ozone","Forsyth",36.11094,-80.224501
2025-04-19,46,"Hattie Avenue","Ozone","Forsyth",36.11094,-80.224501
2025-04-20,47,"Hattie Avenue","Ozone","Forsyth",36.11094,-80.224501
2025-04-21,47,"Hattie Avenue","Ozone","Forsyth",36.11094,-80.224501
2025-04-22,37,"Hattie Avenue","Ozone","Forsyth",36.11094,-80.224501
2025-04-23,67,"Hattie Avenue","Ozone","Forsyth",36.11094,-80.224501
2025-04-24,40,"Hattie Avenue","Ozone","Forsyth",36.11094,-80.224501
2025-04-25,40,"Hattie Avenue","Ozone","Forsyth",36.11094,-80.224501
2025-04-26,38,"Hattie Avenue","Ozone","Forsyth",36.11094,-80.224501
2025-04-27,50,"Hattie Avenue","Ozone","Forsyth",36.11094,-80.224501
2025-04-28,58,"Hattie Avenue","Ozone","Forsyth",36.11094,-80.224501
2025-04-29,49,"Hattie Avenue","Ozone","Forsyth",36.11094,-80.224501
2025-04-30,44,"Hattie Avenue","Ozone","Forsyth",36.11094,-80.224501
2025-05-01,45,"Hattie Avenue","Ozone","Forsyth",36.11094,-80.224501
2025-05-02,48,"Hattie Avenue","Ozone","Forsyth",36.11094,-80.224501
2025-05-03,35,"Hattie Avenue","Ozone","Forsyth",36.11094,-80.224501
2025-05-04,44,"Hattie Avenue","Ozone","Forsyth",36.11094,-80.224501
2025-05-05,47,"Hattie Avenue","Ozone","Forsyth",36.11094,-80.224501
2025-05-06,47,"Hattie Avenue","Ozone","Forsyth",36.11094,-80.224501
2025-05-07,45,"Hattie Avenue","Ozone","Forsyth",36.11094,-80.224501
2025-05-08,49,"Hattie Avenue","Ozone","Forsyth",36.11094,-80.224501
2025-05-09,46,"Hattie Avenue","Ozone","Forsyth",36.11094,-80.224501
2025-05-10,49,"Hattie Avenue","Ozone","Forsyth",36.11094,-80.224501
2025-05-11,36,"Hattie Avenue","Ozone","Forsyth",36.11094,-80.224501
2025-05-12,25,"Hattie Avenue","Ozone","Forsyth",36.11094,-80.224501
2025-05-13,42,"Hattie Avenue","Ozone","Forsyth",36.11094,-80.224501
2025-05-14,41,"Hattie Avenue","Ozone","Forsyth",36.11094,-80.224501
2025-05-15,51,"Hattie Avenue","Ozone","Forsyth",36.11094,-80.224501
2025-05-16,35,"Hattie Avenue","Ozone","Forsyth",36.11094,-80.224501
2025-05-17,44,"Hattie Avenue","Ozone","Forsyth",36.11094,-80.224501
2025-05-18,44,"Hattie Avenue","Ozone","Forsyth",36.11094,-80.224501
2025-05-19,45,"Hattie Avenue","Ozone","Forsyth",36.11094,-80.224501
2025-05-20,58,"Hattie Avenue","Ozone","Forsyth",36.11094,-80.224501
2025-05-21,40,"Hattie Avenue","Ozone","Forsyth",36.11094,-80.224501
2025-05-22,46,"Hattie Avenue","Ozone","Forsyth",36.11094,-80.224501
2025-05-23,37,"Hattie Avenue","Ozone","Forsyth",36.11094,-80.224501
2025-05-24,43,"Hattie Avenue","Ozone","Forsyth",36.11094,-80.224501
2025-05-25,45,"Hattie Avenue","Ozone","Forsyth",36.11094,-80.224501
2025-05-26,25,"Hattie Avenue","Ozone","Forsyth",36.11094,-80.224501
2025-05-27,31,"Hattie Avenue","Ozone","Forsyth",36.11094,-80.224501
2025-05-28,26,"Hattie Avenue","Ozone","Forsyth",36.11094,-80.224501
2025-05-29,31,"Hattie Avenue","Ozone","Forsyth",36.11094,-80.224501
2025-05-30,41,"Hattie Avenue","Ozone","Forsyth",36.11094,-80.224501
2025-05-31,43,"Hattie Avenue","Ozone","Forsyth",36.11094,-80.224501
2025-06-01,45,"Hattie Avenue","Ozone","Forsyth",36.11094,-80.224501
2025-06-02,67,"Hattie Avenue","Ozone","Forsyth",36.11094,-80.224501
2025-06-03,64,"Hattie Avenue","Ozone","Forsyth",36.11094,-80.224501
2025-06-04,64,"Hattie Avenue","Ozone","Forsyth",36.11094,-80.224501
2025-06-05,30,"Hattie Avenue","Ozone","Forsyth",36.11094,-80.224501
2025-06-06,41,"Hattie Avenue","Ozone","Forsyth",36.11094,-80.224501
2025-06-07,35,"Hattie Avenue","Ozone","Forsyth",36.11094,-80.224501
2025-06-08,36,"Hattie Avenue","Ozone","Forsyth",36.11094,-80.224501
2025-06-09,49,"Hattie Avenue","Ozone","Forsyth",36.11094,-80.224501
2025-06-10,42,"Hattie Avenue","Ozone","Forsyth",36.11094,-80.224501
2025-06-11,67,"Hattie Avenue","Ozone","Forsyth",36.11094,-80.224501
2025-06-12,80,"Hattie Avenue","Ozone","Forsyth",36.11094,-80.224501
2025-06-13,35,"Hattie Avenue","Ozone","Forsyth",36.11094,-80.224501
2025-06-14,33,"Hattie Avenue","Ozone","Forsyth",36.11094,-80.224501
2025-06-15,32,"Hattie Avenue","Ozone","Forsyth",36.11094,-80.224501
2025-06-16,33,"Hattie Avenue","Ozone","Forsyth",36.11094,-80.224501
2025-06-17,39,"Hattie Avenue","Ozone","Forsyth",36.11094,-80.224501
2025-06-18,39,"Hattie Avenue","Ozone","Forsyth",36.11094,-80.224501
2025-06-19,37,"Hattie Avenue","Ozone","Forsyth",36.11094,-80.224501
2025-06-20,67,"Hattie Avenue","Ozone","Forsyth",36.11094,-80.224501
2025-06-21,74,"Hattie Avenue","Ozone","Forsyth",36.11094,-80.224501
2025-06-22,46,"Hattie Avenue","Ozone","Forsyth",36.11094,-80.224501
2025-06-23,50,"Hattie Avenue","Ozone","Forsyth",36.11094,-80.224501
2025-06-24,44,"Hattie Avenue","Ozone","Forsyth",36.11094,-80.224501
2025-06-25,41,"Hattie Avenue","Ozone","Forsyth",36.11094,-80.224501
2025-06-26,71,"Hattie Avenue","Ozone","Forsyth",36.11094,-80.224501
2025-06-27,50,"Hattie Avenue","Ozone","Forsyth",36.11094,-80.224501
2025-06-28,44,"Hattie Avenue","Ozone","Forsyth",36.11094,-80.224501
2025-06-29,46,"Hattie Avenue","Ozone","Forsyth",36.11094,-80.224501
2025-06-30,44,"Hattie Avenue","Ozone","Forsyth",36.11094,-80.224501
2025-07-01,49,"Hattie Avenue","Ozone","Forsyth",36.11094,-80.224501
2025-07-02,32,"Hattie Avenue","Ozone","Forsyth",36.11094,-80.224501
2025-07-03,49,"Hattie Avenue","Ozone","Forsyth",36.11094,-80.224501
2025-07-04,50,"Hattie Avenue","Ozone","Forsyth",36.11094,-80.224501
2025-07-05,48,"Hattie Avenue","Ozone","Forsyth",36.11094,-80.224501
2025-07-06,19,"Hattie Avenue","Ozone","Forsyth",36.11094,-80.224501
2025-07-07,41,"Hattie Avenue","Ozone","Forsyth",36.11094,-80.224501
2025-07-08,58,"Hattie Avenue","Ozone","Forsyth",36.11094,-80.224501
2025-07-09,50,"Hattie Avenue","Ozone","Forsyth",36.11094,-80.224501
2025-07-10,38,"Hattie Avenue","Ozone","Forsyth",36.11094,-80.224501
2025-07-11,48,"Hattie Avenue","Ozone","Forsyth",36.11094,-80.224501
2025-07-12,47,"Hattie Avenue","Ozone","Forsyth",36.11094,-80.224501
2025-07-13,33,"Hattie Avenue","Ozone","Forsyth",36.11094,-80.224501
2025-07-14,45,"Hattie Avenue","Ozone","Forsyth",36.11094,-80.224501
2025-07-15,43,"Hattie Avenue","Ozone","Forsyth",36.11094,-80.224501
2025-07-16,40,"Hattie Avenue","Ozone","Forsyth",36.11094,-80.224501
2025-07-17,36,"Hattie Avenue","Ozone","Forsyth",36.11094,-80.224501
2025-07-18,38,"Hattie Avenue","Ozone","Forsyth",36.11094,-80.224501
2025-07-19,32,"Hattie Avenue","Ozone","Forsyth",36.11094,-80.224501
2025-07-20,30,"Hattie Avenue","Ozone","Forsyth",36.11094,-80.224501
2025-07-21,32,"Hattie Avenue","Ozone","Forsyth",36.11094,-80.224501
2025-07-22,44,"Hattie Avenue","Ozone","Forsyth",36.11094,-80.224501
2025-07-23,51,"Hattie Avenue","Ozone","Forsyth",36.11094,-80.224501
2025-07-24,50,"Hattie Avenue","Ozone","Forsyth",36.11094,-80.224501
2025-07-25,43,"Hattie Avenue","Ozone","Forsyth",36.11094,-80.224501
2025-07-26,44,"Hattie Avenue","Ozone","Forsyth",36.11094,-80.224501
2025-07-27,31,"Hattie Avenue","Ozone","Forsyth",36.11094,-80.224501
2025-07-28,43,"Hattie Avenue","Ozone","Forsyth",36.11094,-80.224501
2025-07-29,47,"Hattie Avenue","Ozone","Forsyth",36.11094,-80.224501
2025-07-30,54,"Hattie Avenue","Ozone","Forsyth",36.11094,-80.224501
2025-07-31,46,"Hattie Avenue","Ozone","Forsyth",36.11094,-80.224501
2025-08-01,36,"Hattie Avenue","Ozone","Forsyth",36.11094,-80.224501
2025-08-02,35,"Hattie Avenue","Ozone","Forsyth",36.11094,-80.224501
2025-08-03,32,"Hattie Avenue","Ozone","Forsyth",36.11094,-80.224501
2025-08-04,42,"Hattie Avenue","Ozone","Forsyth",36.11094,-80.224501
2025-08-05,36,"Hattie Avenue","Ozone","Forsyth",36.11094,-80.224501
2025-08-06,30,"Hattie Avenue","Ozone","Forsyth",36.11094,-80.224501
2025-08-07,26,"Hattie Avenue","Ozone","Forsyth",36.11094,-80.224501
2025-08-08,39,"Hattie Avenue","Ozone","Forsyth",36.11094,-80.224501
2025-08-09,36,"Hattie Avenue","Ozone","Forsyth",36.11094,-80.224501
2025-08-10,36,"Hattie Avenue","Ozone","Forsyth",36.11094,-80.224501
2025-08-11,22,"Hattie Avenue","Ozone","Forsyth",36.11094,-80.224501
2025-08-12,21,"Hattie Avenue","Ozone","Forsyth",36.11094,-80.224501
2025-08-13,24,"Hattie Avenue","Ozone","Forsyth",36.11094,-80.224501
2025-08-14,30,"Hattie Avenue","Ozone","Forsyth",36.11094,-80.224501
2025-08-15,44,"Hattie Avenue","Ozone","Forsyth",36.11094,-80.224501
2025-08-16,45,"Hattie Avenue","Ozone","Forsyth",36.11094,-80.224501
2025-08-17,37,"Hattie Avenue","Ozone","Forsyth",36.11094,-80.224501
2025-08-18,46,"Hattie Avenue","Ozone","Forsyth",36.11094,-80.224501
2025-08-19,35,"Hattie Avenue","Ozone","Forsyth",36.11094,-80.224501
2025-08-20,32,"Hattie Avenue","Ozone","Forsyth",36.11094,-80.224501
2025-08-21,38,"Hattie Avenue","Ozone","Forsyth",36.11094,-80.224501
2025-08-22,32,"Hattie Avenue","Ozone","Forsyth",36.11094,-80.224501
2025-08-23,35,"Hattie Avenue","Ozone","Forsyth",36.11094,-80.224501
2025-08-24,39,"Hattie Avenue","Ozone","Forsyth",36.11094,-80.224501
2025-08-25,37,"Hattie Avenue","Ozone","Forsyth",36.11094,-80.224501
2025-08-26,39,"Hattie Avenue","Ozone","Forsyth",36.11094,-80.224501
2025-08-27,43,"Hattie Avenue","Ozone","Forsyth",36.11094,-80.224501
2025-08-28,54,"Hattie Avenue","Ozone","Forsyth",36.11094,-80.224501
2025-08-29,44,"Hattie Avenue","Ozone","Forsyth",36.11094,-80.224501
2025-08-30,43,"Hattie Avenue","Ozone","Forsyth",36.11094,-80.224501
2025-08-31,43,"Hattie Avenue","Ozone","Forsyth",36.11094,-80.224501
2025-09-01,40,"Hattie Avenue","Ozone","Forsyth",36.11094,-80.224501
2025-09-02,44,"Hattie Avenue","Ozone","Forsyth",36.11094,-80.224501
2025-09-03,45,"Hattie Avenue","Ozone","Forsyth",36.11094,-80.224501
2025-09-04,41,"Hattie Avenue","Ozone","Forsyth",36.11094,-80.224501
2025-09-05,46,"Hattie Avenue","Ozone","Forsyth",36.11094,-80.224501
2025-09-06,36,"Hattie Avenue","Ozone","Forsyth",36.11094,-80.224501
2025-09-07,27,"Hattie Avenue","Ozone","Forsyth",36.11094,-80.224501
2025-09-08,41,"Hattie Avenue","Ozone","Forsyth",36.11094,-80.224501
2025-09-09,46,"Hattie Avenue","Ozone","Forsyth",36.11094,-80.224501
2025-09-10,41,"Hattie Avenue","Ozone","Forsyth",36.11094,-80.224501
2025-09-11,46,"Hattie Avenue","Ozone","Forsyth",36.11094,-80.224501
2025-09-12,50,"Hattie Avenue","Ozone","Forsyth",36.11094,-80.224501
2025-09-13,46,"Hattie Avenue","Ozone","Forsyth",36.11094,-80.224501
2025-09-14,61,"Hattie Avenue","Ozone","Forsyth",36.11094,-80.224501
2025-09-15,46,"Hattie Avenue","Ozone","Forsyth",36.11094,-80.224501
2025-09-16,43,"Hattie Avenue","Ozone","Forsyth",36.11094,-80.224501
2025-09-17,42,"Hattie Avenue","Ozone","Forsyth",36.11094,-80.224501
2025-09-18,45,"Hattie Avenue","Ozone","Forsyth",36.11094,-80.224501
2025-09-19,87,"Hattie Avenue","Ozone","Forsyth",36.11094,-80.224501
2025-09-20,61,"Hattie Avenue","Ozone","Forsyth",36.11094,-80.224501
2025-09-21,49,"Hattie Avenue","Ozone","Forsyth",36.11094,-80.224501
2025-09-22,49,"Hattie Avenue","Ozone","Forsyth",36.11094,-80.224501
2025-09-23,64,"Hattie Avenue","Ozone","Forsyth",36.11094,-80.224501
2025-09-24,54,"Hattie Avenue","Ozone","Forsyth",36.11094,-80.224501
2025-09-25,32,"Hattie Avenue","Ozone","Forsyth",36.11094,-80.224501
2025-09-26,37,"Hattie Avenue","Ozone","Forsyth",36.11094,-80.224501
2025-09-27,39,"Hattie Avenue","Ozone","Forsyth",36.11094,-80.224501
2025-09-28,41,"Hattie Avenue","Ozone","Forsyth",36.11094,-80.224501
2025-09-29,39,"Hattie Avenue","Ozone","Forsyth",36.11094,-80.224501
2025-09-30,39,"Hattie Avenue","Ozone","Forsyth",36.11094,-80.224501
2025-10-01,41,"Hattie Avenue","Ozone","Forsyth",36.11094,-80.224501
2025-10-02,38,"Hattie Avenue","Ozone","Forsyth",36.11094,-80.224501
2025-10-03,35,"Hattie Avenue","Ozone","Forsyth",36.11094,-80.224501
2025-10-04,46,"Hattie Avenue","Ozone","Forsyth",36.11094,-80.224501
2025-10-05,34,"Hattie Avenue","Ozone","Forsyth",36.11094,-80.224501
2025-10-06,43,"Hattie Avenue","Ozone","Forsyth",36.11094,-80.224501
2025-10-07,33,"Hattie Avenue","Ozone","Forsyth",36.11094,-80.224501
2025-10-08,32,"Hattie Avenue","Ozone","Forsyth",36.11094,-80.224501
2025-10-09,38,"Hattie Avenue","Ozone","Forsyth",36.11094,-80.224501
2025-10-10,33,"Hattie Avenue","Ozone","Forsyth",36.11094,-80.224501
2025-10-11,31,"Hattie Avenue","Ozone","Forsyth",36.11094,-80.224501
2025-10-12,28,"Hattie Avenue","Ozone","Forsyth",36.11094,-80.224501
2025-10-13,32,"Hattie Avenue","Ozone","Forsyth",36.11094,-80.224501
2025-10-14,35,"Hattie Avenue","Ozone","Forsyth",36.11094,-80.224501
2025-10-15,39,"Hattie Avenue","Ozone","Forsyth",36.11094,-80.224501
2025-10-16,37,"Hattie Avenue","Ozone","Forsyth",36.11094,-80.224501
2025-10-17,43,"Hattie Avenue","Ozone","Forsyth",36.11094,-80.224501
2025-10-18,50,"Hattie Avenue","Ozone","Forsyth",36.11094,-80.224501
2025-10-19,39,"Hattie Avenue","Ozone","Forsyth",36.11094,-80.224501
2025-10-20,32,"Hattie Avenue","Ozone","Forsyth",36.11094,-80.224501
2025-10-21,44,"Hattie Avenue","Ozone","Forsyth",36.11094,-80.224501
2025-10-22,36,"Hattie Avenue","Ozone","Forsyth",36.11094,-80.224501
2025-10-23,37,"Hattie Avenue","Ozone","Forsyth",36.11094,-80.224501
2025-10-24,37,"Hattie Avenue","Ozone","Forsyth",36.11094,-80.224501
2025-10-25,36,"Hattie Avenue","Ozone","Forsyth",36.11094,-80.224501
2025-10-26,32,"Hattie Avenue","Ozone","Forsyth",36.11094,-80.224501
2025-10-27,31,"Hattie Avenue","Ozone","Forsyth",36.11094,-80.224501
2025-10-28,27,"Hattie Avenue","Ozone","Forsyth",36.11094,-80.224501
2025-10-29,15,"Hattie Avenue","Ozone","Forsyth",36.11094,-80.224501
2025-10-30,25,"Hattie Avenue","Ozone","Forsyth",36.11094,-80.224501
2025-10-31,32,"Hattie Avenue","Ozone","Forsyth",36.11094,-80.224501
2025-11-01,35,"Hattie Avenue","Ozone","Forsyth",36.11094,-80.224501
2025-11-02,39,"Hattie Avenue","Ozone","Forsyth",36.11094,-80.224501
2025-11-03,35,"Hattie Avenue","Ozone","Forsyth",36.11094,-80.224501
2025-02-27,45,"Clemmons Middle","Ozone","Forsyth",36.026612,-80.341962
2025-02-28,45,"Clemmons Middle","Ozone","Forsyth",36.026612,-80.341962
2025-03-01,48,"Clemmons Middle","Ozone","Forsyth",36.026612,-80.341962
2025-03-02,41,"Clemmons Middle","Ozone","Forsyth",36.026612,-80.341962
2025-03-03,44,"Clemmons Middle","Ozone","Forsyth",36.026612,-80.341962
2025-03-04,44,"Clemmons Middle","Ozone","Forsyth",36.026612,-80.341962
2025-03-05,44,"Clemmons Middle","Ozone","Forsyth",36.026612,-80.341962
2025-03-06,36,"Clemmons Middle","Ozone","Forsyth",36.026612,-80.341962
2025-03-07,35,"Clemmons Middle","Ozone","Forsyth",36.026612,-80.341962
2025-03-08,43,"Clemmons Middle","Ozone","Forsyth",36.026612,-80.341962
2025-03-09,44,"Clemmons Middle","Ozone","Forsyth",36.026612,-80.341962
2025-03-10,43,"Clemmons Middle","Ozone","Forsyth",36.026612,-80.341962
2025-03-11,64,"Clemmons Middle","Ozone","Forsyth",36.026612,-80.341962
2025-03-12,87,"Clemmons Middle","Ozone","Forsyth",36.026612,-80.341962
2025-03-13,84,"Clemmons Middle","Ozone","Forsyth",36.026612,-80.341962
2025-03-14,50,"Clemmons Middle","Ozone","Forsyth",36.026612,-80.341962
2025-03-15,36,"Clemmons Middle","Ozone","Forsyth",36.026612,-80.341962
2025-03-16,41,"Clemmons Middle","Ozone","Forsyth",36.026612,-80.341962
2025-03-17,32,"Clemmons Middle","Ozone","Forsyth",36.026612,-80.341962
2025-03-18,46,"Clemmons Middle","Ozone","Forsyth",36.026612,-80.341962
2025-03-19,67,"Clemmons Middle","Ozone","Forsyth",36.026612,-80.341962
2025-03-20,41,"Clemmons Middle","Ozone","Forsyth",36.026612,-80.341962
2025-03-21,45,"Clemmons Middle","Ozone","Forsyth",36.026612,-80.341962
2025-03-22,50,"Clemmons Middle","Ozone","Forsyth",36.026612,-80.341962
2025-03-23,50,"Clemmons Middle","Ozone","Forsyth",36.026612,-80.341962
2025-03-24,42,"Clemmons Middle","Ozone","Forsyth",36.026612,-80.341962
2025-03-25,50,"Clemmons Middle","Ozone","Forsyth",36.026612,-80.341962
2025-03-26,47,"Clemmons Middle","Ozone","Forsyth",36.026612,-80.341962
2025-03-27,54,"Clemmons Middle","Ozone","Forsyth",36.026612,-80.341962
2025-03-28,77,"Clemmons Middle","Ozone","Forsyth",36.026612,-80.341962
2025-03-29,46,"Clemmons Middle","Ozone","Forsyth",36.026612,-80.341962
2025-03-30,43,"Clemmons Middle","Ozone","Forsyth",36.026612,-80.341962
2025-03-31,31,"Clemmons Middle","Ozone","Forsyth",36.026612,-80.341962
2025-04-01,37,"Clemmons Middle","Ozone","Forsyth",36.026612,-80.341962
2025-04-02,32,"Clemmons Middle","Ozone","Forsyth",36.026612,-80.341962
2025-04-03,31,"Clemmons Middle","Ozone","Forsyth",36.026612,-80.341962
2025-04-04,38,"Clemmons Middle","Ozone","Forsyth",36.026612,-80.341962
2025-04-05,38,"Clemmons Middle","Ozone","Forsyth",36.026612,-80.341962
2025-04-06,46,"Clemmons Middle","Ozone","Forsyth",36.026612,-80.341962
2025-04-07,29,"Clemmons Middle","Ozone","Forsyth",36.026612,-80.341962
2025-04-08,50,"Clemmons Middle","Ozone","Forsyth",36.026612,-80.341962
2025-04-09,48,"Clemmons Middle","Ozone","Forsyth",36.026612,-80.341962
2025-04-10,38,"Clemmons Middle","Ozone","Forsyth",36.026612,-80.341962
2025-04-11,36,"Clemmons Middle","Ozone","Forsyth",36.026612,-80.341962
2025-04-12,40,"Clemmons Middle","Ozone","Forsyth",36.026612,-80.341962
2025-04-13,47,"Clemmons Middle","Ozone","Forsyth",36.026612,-80.341962
2025-04-14,77,"Clemmons Middle","Ozone","Forsyth",36.026612,-80.341962
2025-04-15,45,"Clemmons Middle","Ozone","Forsyth",36.026612,-80.341962
2025-04-16,47,"Clemmons Middle","Ozone","Forsyth",36.026612,-80.341962
2025-04-17,61,"Clemmons Middle","Ozone","Forsyth",36.026612,-80.341962
2025-04-18,90,"Clemmons Middle","Ozone","Forsyth",36.026612,-80.341962
2025-04-19,44,"Clemmons Middle","Ozone","Forsyth",36.026612,-80.341962
2025-04-20,45,"Clemmons Middle","Ozone","Forsyth",36.026612,-80.341962
2025-04-21,47,"Clemmons Middle","Ozone","Forsyth",36.026612,-80.341962
2025-04-22,39,"Clemmons Middle","Ozone","Forsyth",36.026612,-80.341962
2025-04-23,71,"Clemmons Middle","Ozone","Forsyth",36.026612,-80.341962
2025-04-24,39,"Clemmons Middle","Ozone","Forsyth",36.026612,-80.341962
2025-04-25,39,"Clemmons Middle","Ozone","Forsyth",36.026612,-80.341962
2025-04-26,37,"Clemmons Middle","Ozone","Forsyth",36.026612,-80.341962
2025-04-27,49,"Clemmons Middle","Ozone","Forsyth",36.026612,-80.341962
2025-04-28,50,"Clemmons Middle","Ozone","Forsyth",36.026612,-80.341962
2025-04-29,47,"Clemmons Middle","Ozone","Forsyth",36.026612,-80.341962
2025-04-30,44,"Clemmons Middle","Ozone","Forsyth",36.026612,-80.341962
2025-05-01,45,"Clemmons Middle","Ozone","Forsyth",36.026612,-80.341962
2025-05-02,47,"Clemmons Middle","Ozone","Forsyth",36.026612,-80.341962
2025-05-03,34,"Clemmons Middle","Ozone","Forsyth",36.026612,-80.341962
2025-05-04,43,"Clemmons Middle","Ozone","Forsyth",36.026612,-80.341962
2025-05-05,47,"Clemmons Middle","Ozone","Forsyth",36.026612,-80.341962
2025-05-06,47,"Clemmons Middle","Ozone","Forsyth",36.026612,-80.341962
2025-05-07,44,"Clemmons Middle","Ozone","Forsyth",36.026612,-80.341962
2025-05-08,44,"Clemmons Middle","Ozone","Forsyth",36.026612,-80.341962
2025-05-09,45,"Clemmons Middle","Ozone","Forsyth",36.026612,-80.341962
2025-05-10,48,"Clemmons Middle","Ozone","Forsyth",36.026612,-80.341962
2025-05-11,37,"Clemmons Middle","Ozone","Forsyth",36.026612,-80.341962
2025-05-12,24,"Clemmons Middle","Ozone","Forsyth",36.026612,-80.341962
2025-05-13,39,"Clemmons Middle","Ozone","Forsyth",36.026612,-80.341962
2025-05-14,39,"Clemmons Middle","Ozone","Forsyth",36.026612,-80.341962
2025-05-15,48,"Clemmons Middle","Ozone","Forsyth",36.026612,-80.341962
2025-05-16,32,"Clemmons Middle","Ozone","Forsyth",36.026612,-80.341962
2025-05-17,44,"Clemmons Middle","Ozone","Forsyth",36.026612,-80.341962
2025-05-18,44,"Clemmons Middle","Ozone","Forsyth",36.026612,-80.341962
2025-05-19,46,"Clemmons Middle","Ozone","Forsyth",36.026612,-80.341962
2025-05-20,49,"Clemmons Middle","Ozone","Forsyth",36.026612,-80.341962
2025-05-21,44,"Clemmons Middle","Ozone","Forsyth",36.026612,-80.341962
2025-05-22,48,"Clemmons Middle","Ozone","Forsyth",36.026612,-80.341962
2025-05-23,40,"Clemmons Middle","Ozone","Forsyth",36.026612,-80.341962
2025-05-24,43,"Clemmons Middle","Ozone","Forsyth",36.026612,-80.341962
2025-05-25,42,"Clemmons Middle","Ozone","Forsyth",36.026612,-80.341962
2025-05-26,26,"Clemmons Middle","Ozone","Forsyth",36.026612,-80.341962
2025-05-27,29,"Clemmons Middle","Ozone","Forsyth",36.026612,-80.341962
2025-05-28,24,"Clemmons Middle","Ozone","Forsyth",36.026612,-80.341962
2025-05-29,31,"Clemmons Middle","Ozone","Forsyth",36.026612,-80.341962
2025-05-30,44,"Clemmons Middle","Ozone","Forsyth",36.026612,-80.341962
2025-05-31,44,"Clemmons Middle","Ozone","Forsyth",36.026612,-80.341962
2025-06-01,44,"Clemmons Middle","Ozone","Forsyth",36.026612,-80.341962
2025-06-02,67,"Clemmons Middle","Ozone","Forsyth",36.026612,-80.341962
2025-06-03,51,"Clemmons Middle","Ozone","Forsyth",36.026612,-80.341962
2025-06-04,51,"Clemmons Middle","Ozone","Forsyth",36.026612,-80.341962
2025-06-05,30,"Clemmons Middle","Ozone","Forsyth",36.026612,-80.341962
2025-06-06,40,"Clemmons Middle","Ozone","Forsyth",36.026612,-80.341962
2025-06-07,37,"Clemmons Middle","Ozone","Forsyth",36.026612,-80.341962
2025-06-08,34,"Clemmons Middle","Ozone","Forsyth",36.026612,-80.341962
2025-06-09,46,"Clemmons Middle","Ozone","Forsyth",36.026612,-80.341962
2025-06-10,37,"Clemmons Middle","Ozone","Forsyth",36.026612,-80.341962
2025-06-11,61,"Clemmons Middle","Ozone","Forsyth",36.026612,-80.341962
2025-06-12,51,"Clemmons Middle","Ozone","Forsyth",36.026612,-80.341962
2025-06-13,34,"Clemmons Middle","Ozone","Forsyth",36.026612,-80.341962
2025-06-14,31,"Clemmons Middle","Ozone","Forsyth",36.026612,-80.341962
2025-06-15,31,"Clemmons Middle","Ozone","Forsyth",36.026612,-80.341962
2025-06-16,32,"Clemmons Middle","Ozone","Forsyth",36.026612,-80.341962
2025-06-17,37,"Clemmons Middle","Ozone","Forsyth",36.026612,-80.341962
2025-06-18,39,"Clemmons Middle","Ozone","Forsyth",36.026612,-80.341962
2025-06-19,34,"Clemmons Middle","Ozone","Forsyth",36.026612,-80.341962
2025-06-20,71,"Clemmons Middle","Ozone","Forsyth",36.026612,-80.341962
2025-06-21,54,"Clemmons Middle","Ozone","Forsyth",36.026612,-80.341962
2025-06-22,43,"Clemmons Middle","Ozone","Forsyth",36.026612,-80.341962
2025-06-23,43,"Clemmons Middle","Ozone","Forsyth",36.026612,-80.341962
2025-06-24,44,"Clemmons Middle","Ozone","Forsyth",36.026612,-80.341962
2025-06-25,42,"Clemmons Middle","Ozone","Forsyth",36.026612,-80.341962
2025-06-26,49,"Clemmons Middle","Ozone","Forsyth",36.026612,-80.341962
2025-06-27,47,"Clemmons Middle","Ozone","Forsyth",36.026612,-80.341962
2025-06-28,44,"Clemmons Middle","Ozone","Forsyth",36.026612,-80.341962
2025-06-29,42,"Clemmons Middle","Ozone","Forsyth",36.026612,-80.341962
2025-06-30,41,"Clemmons Middle","Ozone","Forsyth",36.026612,-80.341962
2025-07-01,48,"Clemmons Middle","Ozone","Forsyth",36.026612,-80.341962
2025-07-02,34,"Clemmons Middle","Ozone","Forsyth",36.026612,-80.341962
2025-07-03,54,"Clemmons Middle","Ozone","Forsyth",36.026612,-80.341962
2025-07-04,50,"Clemmons Middle","Ozone","Forsyth",36.026612,-80.341962
2025-07-05,47,"Clemmons Middle","Ozone","Forsyth",36.026612,-80.341962
2025-07-06,19,"Clemmons Middle","Ozone","Forsyth",36.026612,-80.341962
2025-07-07,41,"Clemmons Middle","Ozone","Forsyth",36.026612,-80.341962
2025-07-08,50,"Clemmons Middle","Ozone","Forsyth",36.026612,-80.341962
2025-07-09,49,"Clemmons Middle","Ozone","Forsyth",36.026612,-80.341962
2025-07-10,35,"Clemmons Middle","Ozone","Forsyth",36.026612,-80.341962
2025-07-11,40,"Clemmons Middle","Ozone","Forsyth",36.026612,-80.341962
2025-07-12,42,"Clemmons Middle","Ozone","Forsyth",36.026612,-80.341962
2025-07-13,33,"Clemmons Middle","Ozone","Forsyth",36.026612,-80.341962
2025-07-14,36,"Clemmons Middle","Ozone","Forsyth",36.026612,-80.341962
2025-07-15,42,"Clemmons Middle","Ozone","Forsyth",36.026612,-80.341962
2025-07-16,39,"Clemmons Middle","Ozone","Forsyth",36.026612,-80.341962
2025-07-17,35,"Clemmons Middle","Ozone","Forsyth",36.026612,-80.341962
2025-07-18,34,"Clemmons Middle","Ozone","Forsyth",36.026612,-80.341962
2025-07-19,31,"Clemmons Middle","Ozone","Forsyth",36.026612,-80.341962
2025-07-20,31,"Clemmons Middle","Ozone","Forsyth",36.026612,-80.341962
2025-07-21,31,"Clemmons Middle","Ozone","Forsyth",36.026612,-80.341962
2025-07-22,44,"Clemmons Middle","Ozone","Forsyth",36.026612,-80.341962
2025-07-23,67,"Clemmons Middle","Ozone","Forsyth",36.026612,-80.341962
2025-07-24,42,"Clemmons Middle","Ozone","Forsyth",36.026612,-80.341962
2025-07-25,44,"Clemmons Middle","Ozone","Forsyth",36.026612,-80.341962
2025-07-26,51,"Clemmons Middle","Ozone","Forsyth",36.026612,-80.341962
2025-07-27,31,"Clemmons Middle","Ozone","Forsyth",36.026612,-80.341962
2025-07-28,41,"Clemmons Middle","Ozone","Forsyth",36.026612,-80.341962
2025-07-29,45,"Clemmons Middle","Ozone","Forsyth",36.026612,-80.341962
2025-07-30,49,"Clemmons Middle","Ozone","Forsyth",36.026612,-80.341962
2025-07-31,44,"Clemmons Middle","Ozone","Forsyth",36.026612,-80.341962
2025-08-01,39,"Clemmons Middle","Ozone","Forsyth",36.026612,-80.341962
2025-08-02,34,"Clemmons Middle","Ozone","Forsyth",36.026612,-80.341962
2025-08-03,33,"Clemmons Middle","Ozone","Forsyth",36.026612,-80.341962
2025-08-04,44,"Clemmons Middle","Ozone","Forsyth",36.026612,-80.341962
2025-08-05,34,"Clemmons Middle","Ozone","Forsyth",36.026612,-80.341962
2025-08-06,28,"Clemmons Middle","Ozone","Forsyth",36.026612,-80.341962
2025-08-07,27,"Clemmons Middle","Ozone","Forsyth",36.026612,-80.341962
2025-08-08,39,"Clemmons Middle","Ozone","Forsyth",36.026612,-80.341962
2025-08-09,37,"Clemmons Middle","Ozone","Forsyth",36.026612,-80.341962
2025-08-10,39,"Clemmons Middle","Ozone","Forsyth",36.026612,-80.341962
2025-08-11,24,"Clemmons Middle","Ozone","Forsyth",36.026612,-80.341962
2025-08-12,21,"Clemmons Middle","Ozone","Forsyth",36.026612,-80.341962
2025-08-13,24,"Clemmons Middle","Ozone","Forsyth",36.026612,-80.341962
2025-08-14,27,"Clemmons Middle","Ozone","Forsyth",36.026612,-80.341962
2025-08-15,46,"Clemmons Middle","Ozone","Forsyth",36.026612,-80.341962
2025-08-16,45,"Clemmons Middle","Ozone","Forsyth",36.026612,-80.341962
2025-08-17,37,"Clemmons Middle","Ozone","Forsyth",36.026612,-80.341962
2025-08-18,46,"Clemmons Middle","Ozone","Forsyth",36.026612,-80.341962
2025-08-20,36,"Clemmons Middle","Ozone","Forsyth",36.026612,-80.341962
2025-08-21,35,"Clemmons Middle","Ozone","Forsyth",36.026612,-80.341962
2025-08-22,31,"Clemmons Middle","Ozone","Forsyth",36.026612,-80.341962
2025-08-23,31,"Clemmons Middle","Ozone","Forsyth",36.026612,-80.341962
2025-08-24,34,"Clemmons Middle","Ozone","Forsyth",36.026612,-80.341962
2025-08-25,35,"Clemmons Middle","Ozone","Forsyth",36.026612,-80.341962
2025-08-26,37,"Clemmons Middle","Ozone","Forsyth",36.026612,-80.341962
2025-08-27,40,"Clemmons Middle","Ozone","Forsyth",36.026612,-80.341962
2025-08-28,47,"Clemmons Middle","Ozone","Forsyth",36.026612,-80.341962
2025-08-29,42,"Clemmons Middle","Ozone","Forsyth",36.026612,-80.341962
2025-08-30,44,"Clemmons Middle","Ozone","Forsyth",36.026612,-80.341962
2025-08-31,41,"Clemmons Middle","Ozone","Forsyth",36.026612,-80.341962
2025-09-01,40,"Clemmons Middle","Ozone","Forsyth",36.026612,-80.341962
2025-09-02,44,"Clemmons Middle","Ozone","Forsyth",36.026612,-80.341962
2025-09-03,45,"Clemmons Middle","Ozone","Forsyth",36.026612,-80.341962
2025-09-04,38,"Clemmons Middle","Ozone","Forsyth",36.026612,-80.341962
2025-09-05,41,"Clemmons Middle","Ozone","Forsyth",36.026612,-80.341962
2025-09-06,34,"Clemmons Middle","Ozone","Forsyth",36.026612,-80.341962
2025-09-07,25,"Clemmons Middle","Ozone","Forsyth",36.026612,-80.341962
2025-09-08,40,"Clemmons Middle","Ozone","Forsyth",36.026612,-80.341962
2025-09-09,45,"Clemmons Middle","Ozone","Forsyth",36.026612,-80.341962
2025-09-10,40,"Clemmons Middle","Ozone","Forsyth",36.026612,-80.341962
2025-09-11,44,"Clemmons Middle","Ozone","Forsyth",36.026612,-80.341962
2025-09-12,49,"Clemmons Middle","Ozone","Forsyth",36.026612,-80.341962
2025-09-13,45,"Clemmons Middle","Ozone","Forsyth",36.026612,-80.341962
2025-09-14,49,"Clemmons Middle","Ozone","Forsyth",36.026612,-80.341962
2025-09-15,44,"Clemmons Middle","Ozone","Forsyth",36.026612,-80.341962
2025-09-16,41,"Clemmons Middle","Ozone","Forsyth",36.026612,-80.341962
2025-09-17,39,"Clemmons Middle","Ozone","Forsyth",36.026612,-80.341962
2025-09-18,41,"Clemmons Middle","Ozone","Forsyth",36.026612,-80.341962
2025-09-19,77,"Clemmons Middle","Ozone","Forsyth",36.026612,-80.341962
2025-09-20,61,"Clemmons Middle","Ozone","Forsyth",36.026612,-80.341962
2025-09-21,47,"Clemmons Middle","Ozone","Forsyth",36.026612,-80.341962
2025-09-22,44,"Clemmons Middle","Ozone","Forsyth",36.026612,-80.341962
2025-09-23,54,"Clemmons Middle","Ozone","Forsyth",36.026612,-80.341962
2025-09-24,48,"Clemmons Middle","Ozone","Forsyth",36.026612,-80.341962
2025-09-25,31,"Clemmons Middle","Ozone","Forsyth",36.026612,-80.341962
2025-09-26,34,"Clemmons Middle","Ozone","Forsyth",36.026612,-80.341962
2025-09-27,33,"Clemmons Middle","Ozone","Forsyth",36.026612,-80.341962
2025-09-28,40,"Clemmons Middle","Ozone","Forsyth",36.026612,-80.341962
2025-09-29,37,"Clemmons Middle","Ozone","Forsyth",36.026612,-80.341962
2025-09-30,37,"Clemmons Middle","Ozone","Forsyth",36.026612,-80.341962
2025-10-01,41,"Clemmons Middle","Ozone","Forsyth",36.026612,-80.341962
2025-10-02,38,"Clemmons Middle","Ozone","Forsyth",36.026612,-80.341962
2025-10-03,36,"Clemmons Middle","Ozone","Forsyth",36.026612,-80.341962
2025-10-04,41,"Clemmons Middle","Ozone","Forsyth",36.026612,-80.341962
2025-10-05,31,"Clemmons Middle","Ozone","Forsyth",36.026612,-80.341962
2025-10-06,38,"Clemmons Middle","Ozone","Forsyth",36.026612,-80.341962
2025-10-07,32,"Clemmons Middle","Ozone","Forsyth",36.026612,-80.341962
2025-10-08,31,"Clemmons Middle","Ozone","Forsyth",36.026612,-80.341962
2025-10-09,38,"Clemmons Middle","Ozone","Forsyth",36.026612,-80.341962
2025-10-10,34,"Clemmons Middle","Ozone","Forsyth",36.026612,-80.341962
2025-10-11,31,"Clemmons Middle","Ozone","Forsyth",36.026612,-80.341962
2025-10-12,28,"Clemmons Middle","Ozone","Forsyth",36.026612,-80.341962
2025-10-13,32,"Clemmons Middle","Ozone","Forsyth",36.026612,-80.341962
2025-10-14,36,"Clemmons Middle","Ozone","Forsyth",36.026612,-80.341962
2025-10-15,38,"Clemmons Middle","Ozone","Forsyth",36.026612,-80.341962
2025-10-16,38,"Clemmons Middle","Ozone","Forsyth",36.026612,-80.341962
2025-10-17,42,"Clemmons Middle","Ozone","Forsyth",36.026612,-80.341962
2025-10-18,47,"Clemmons Middle","Ozone","Forsyth",36.026612,-80.341962
2025-10-19,38,"Clemmons Middle","Ozone","Forsyth",36.026612,-80.341962
2025-10-20,32,"Clemmons Middle","Ozone","Forsyth",36.026612,-80.341962
2025-10-21,44,"Clemmons Middle","Ozone","Forsyth",36.026612,-80.341962
2025-10-22,37,"Clemmons Middle","Ozone","Forsyth",36.026612,-80.341962
2025-10-23,38,"Clemmons Middle","Ozone","Forsyth",36.026612,-80.341962
2025-10-24,36,"Clemmons Middle","Ozone","Forsyth",36.026612,-80.341962
2025-10-25,34,"Clemmons Middle","Ozone","Forsyth",36.026612,-80.341962
2025-10-26,33,"Clemmons Middle","Ozone","Forsyth",36.026612,-80.341962
2025-10-27,30,"Clemmons Middle","Ozone","Forsyth",36.026612,-80.341962
2025-10-28,28,"Clemmons Middle","Ozone","Forsyth",36.026612,-80.341962
2025-10-29,13,"Clemmons Middle","Ozone","Forsyth",36.026612,-80.341962
2025-10-30,26,"Clemmons Middle","Ozone","Forsyth",36.026612,-80.341962
2025-10-31,33,"Clemmons Middle","Ozone","Forsyth",36.026612,-80.341962
2025-11-01,35,"Clemmons Middle","Ozone","Forsyth",36.026612,-80.341962
2025-11-02,37,"Clemmons Middle","Ozone","Forsyth",36.026612,-80.341962
2025-02-27,44,"Union Cross","Ozone","Forsyth",36.051805,-80.144933
2025-02-28,44,"Union Cross","Ozone","Forsyth",36.051805,-80.144933
2025-03-01,47,"Union Cross","Ozone","Forsyth",36.051805,-80.144933
2025-03-02,40,"Union Cross","Ozone","Forsyth",36.051805,-80.144933
2025-03-03,43,"Union Cross","Ozone","Forsyth",36.051805,-80.144933
2025-03-04,43,"Union Cross","Ozone","Forsyth",36.051805,-80.144933
2025-03-05,44,"Union Cross","Ozone","Forsyth",36.051805,-80.144933
2025-03-06,35,"Union Cross","Ozone","Forsyth",36.051805,-80.144933
2025-03-07,32,"Union Cross","Ozone","Forsyth",36.051805,-80.144933
2025-03-08,42,"Union Cross","Ozone","Forsyth",36.051805,-80.144933
2025-03-09,44,"Union Cross","Ozone","Forsyth",36.051805,-80.144933
2025-03-10,41,"Union Cross","Ozone","Forsyth",36.051805,-80.144933
2025-03-11,58,"Union Cross","Ozone","Forsyth",36.051805,-80.144933
2025-03-12,74,"Union Cross","Ozone","Forsyth",36.051805,-80.144933
2025-03-13,71,"Union Cross","Ozone","Forsyth",36.051805,-80.144933
2025-03-14,45,"Union Cross","Ozone","Forsyth",36.051805,-80.144933
2025-03-15,35,"Union Cross","Ozone","Forsyth",36.051805,-80.144933
2025-03-16,39,"Union Cross","Ozone","Forsyth",36.051805,-80.144933
2025-03-17,32,"Union Cross","Ozone","Forsyth",36.051805,-80.144933
2025-03-18,44,"Union Cross","Ozone","Forsyth",36.051805,-80.144933
2025-03-19,67,"Union Cross","Ozone","Forsyth",36.051805,-80.144933
2025-03-20,39,"Union Cross","Ozone","Forsyth",36.051805,-80.144933
2025-03-21,44,"Union Cross","Ozone","Forsyth",36.051805,-80.144933
2025-03-22,48,"Union Cross","Ozone","Forsyth",36.051805,-80.144933
2025-03-23,47,"Union Cross","Ozone","Forsyth",36.051805,-80.144933
2025-03-24,41,"Union Cross","Ozone","Forsyth",36.051805,-80.144933
2025-03-25,49,"Union Cross","Ozone","Forsyth",36.051805,-80.144933
2025-03-26,44,"Union Cross","Ozone","Forsyth",36.051805,-80.144933
2025-03-27,49,"Union Cross","Ozone","Forsyth",36.051805,-80.144933
2025-03-28,77,"Union Cross","Ozone","Forsyth",36.051805,-80.144933
2025-03-29,45,"Union Cross","Ozone","Forsyth",36.051805,-80.144933
2025-03-30,42,"Union Cross","Ozone","Forsyth",36.051805,-80.144933
2025-03-31,31,"Union Cross","Ozone","Forsyth",36.051805,-80.144933
2025-04-01,33,"Union Cross","Ozone","Forsyth",36.051805,-80.144933
2025-04-02,31,"Union Cross","Ozone","Forsyth",36.051805,-80.144933
2025-04-03,29,"Union Cross","Ozone","Forsyth",36.051805,-80.144933
2025-04-04,37,"Union Cross","Ozone","Forsyth",36.051805,-80.144933
2025-04-05,38,"Union Cross","Ozone","Forsyth",36.051805,-80.144933
2025-04-06,46,"Union Cross","Ozone","Forsyth",36.051805,-80.144933
2025-04-07,29,"Union Cross","Ozone","Forsyth",36.051805,-80.144933
2025-04-08,49,"Union Cross","Ozone","Forsyth",36.051805,-80.144933
2025-04-09,46,"Union Cross","Ozone","Forsyth",36.051805,-80.144933
2025-04-10,40,"Union Cross","Ozone","Forsyth",36.051805,-80.144933
2025-04-11,37,"Union Cross","Ozone","Forsyth",36.051805,-80.144933
2025-04-12,40,"Union Cross","Ozone","Forsyth",36.051805,-80.144933
2025-04-13,46,"Union Cross","Ozone","Forsyth",36.051805,-80.144933
2025-04-14,74,"Union Cross","Ozone","Forsyth",36.051805,-80.144933
2025-04-15,44,"Union Cross","Ozone","Forsyth",36.051805,-80.144933
2025-04-16,47,"Union Cross","Ozone","Forsyth",36.051805,-80.144933
2025-04-17,58,"Union Cross","Ozone","Forsyth",36.051805,-80.144933
2025-04-18,77,"Union Cross","Ozone","Forsyth",36.051805,-80.144933
2025-04-19,46,"Union Cross","Ozone","Forsyth",36.051805,-80.144933
2025-04-20,42,"Union Cross","Ozone","Forsyth",36.051805,-80.144933
2025-04-21,48,"Union Cross","Ozone","Forsyth",36.051805,-80.144933
2025-04-22,40,"Union Cross","Ozone","Forsyth",36.051805,-80.144933
2025-04-23,58,"Union Cross","Ozone","Forsyth",36.051805,-80.144933
2025-04-24,38,"Union Cross","Ozone","Forsyth",36.051805,-80.144933
2025-04-25,43,"Union Cross","Ozone","Forsyth",36.051805,-80.144933
2025-04-26,39,"Union Cross","Ozone","Forsyth",36.051805,-80.144933
2025-04-27,49,"Union Cross","Ozone","Forsyth",36.051805,-80.144933
2025-04-28,49,"Union Cross","Ozone","Forsyth",36.051805,-80.144933
2025-04-29,51,"Union Cross","Ozone","Forsyth",36.051805,-80.144933
2025-04-30,44,"Union Cross","Ozone","Forsyth",36.051805,-80.144933
2025-05-01,47,"Union Cross","Ozone","Forsyth",36.051805,-80.144933
2025-05-02,47,"Union Cross","Ozone","Forsyth",36.051805,-80.144933
2025-05-03,34,"Union Cross","Ozone","Forsyth",36.051805,-80.144933
2025-05-04,44,"Union Cross","Ozone","Forsyth",36.051805,-80.144933
2025-05-05,45,"Union Cross","Ozone","Forsyth",36.051805,-80.144933
2025-05-06,46,"Union Cross","Ozone","Forsyth",36.051805,-80.144933
2025-05-07,46,"Union Cross","Ozone","Forsyth",36.051805,-80.144933
2025-05-08,49,"Union Cross","Ozone","Forsyth",36.051805,-80.144933
2025-05-09,45,"Union Cross","Ozone","Forsyth",36.051805,-80.144933
2025-05-10,46,"Union Cross","Ozone","Forsyth",36.051805,-80.144933
2025-05-11,35,"Union Cross","Ozone","Forsyth",36.051805,-80.144933
2025-05-12,23,"Union Cross","Ozone","Forsyth",36.051805,-80.144933
2025-05-13,39,"Union Cross","Ozone","Forsyth",36.051805,-80.144933
2025-05-14,41,"Union Cross","Ozone","Forsyth",36.051805,-80.144933
2025-05-15,48,"Union Cross","Ozone","Forsyth",36.051805,-80.144933
2025-05-16,35,"Union Cross","Ozone","Forsyth",36.051805,-80.144933
2025-05-17,44,"Union Cross","Ozone","Forsyth",36.051805,-80.144933
2025-05-18,44,"Union Cross","Ozone","Forsyth",36.051805,-80.144933
2025-05-19,47,"Union Cross","Ozone","Forsyth",36.051805,-80.144933
2025-05-20,49,"Union Cross","Ozone","Forsyth",36.051805,-80.144933
2025-05-21,43,"Union Cross","Ozone","Forsyth",36.051805,-80.144933
2025-05-22,47,"Union Cross","Ozone","Forsyth",36.051805,-80.144933
2025-05-23,39,"Union Cross","Ozone","Forsyth",36.051805,-80.144933
2025-05-24,43,"Union Cross","Ozone","Forsyth",36.051805,-80.144933
2025-05-25,41,"Union Cross","Ozone","Forsyth",36.051805,-80.144933
2025-05-26,25,"Union Cross","Ozone","Forsyth",36.051805,-80.144933
2025-05-27,30,"Union Cross","Ozone","Forsyth",36.051805,-80.144933
2025-05-28,27,"Union Cross","Ozone","Forsyth",36.051805,-80.144933
2025-05-29,33,"Union Cross","Ozone","Forsyth",36.051805,-80.144933
2025-05-30,43,"Union Cross","Ozone","Forsyth",36.051805,-80.144933
2025-05-31,44,"Union Cross","Ozone","Forsyth",36.051805,-80.144933
2025-06-01,45,"Union Cross","Ozone","Forsyth",36.051805,-80.144933
2025-06-02,50,"Union Cross","Ozone","Forsyth",36.051805,-80.144933
2025-06-03,54,"Union Cross","Ozone","Forsyth",36.051805,-80.144933
2025-06-04,51,"Union Cross","Ozone","Forsyth",36.051805,-80.144933
2025-06-05,27,"Union Cross","Ozone","Forsyth",36.051805,-80.144933
2025-06-06,42,"Union Cross","Ozone","Forsyth",36.051805,-80.144933
2025-06-07,37,"Union Cross","Ozone","Forsyth",36.051805,-80.144933
2025-06-08,33,"Union Cross","Ozone","Forsyth",36.051805,-80.144933
2025-06-09,48,"Union Cross","Ozone","Forsyth",36.051805,-80.144933
2025-06-10,40,"Union Cross","Ozone","Forsyth",36.051805,-80.144933
2025-06-11,47,"Union Cross","Ozone","Forsyth",36.051805,-80.144933
2025-06-12,74,"Union Cross","Ozone","Forsyth",36.051805,-80.144933
2025-06-13,30,"Union Cross","Ozone","Forsyth",36.051805,-80.144933
2025-06-14,32,"Union Cross","Ozone","Forsyth",36.051805,-80.144933
2025-06-15,31,"Union Cross","Ozone","Forsyth",36.051805,-80.144933
2025-06-16,34,"Union Cross","Ozone","Forsyth",36.051805,-80.144933
2025-06-17,39,"Union Cross","Ozone","Forsyth",36.051805,-80.144933
2025-06-18,39,"Union Cross","Ozone","Forsyth",36.051805,-80.144933
2025-06-19,32,"Union Cross","Ozone","Forsyth",36.051805,-80.144933
2025-06-20,54,"Union Cross","Ozone","Forsyth",36.051805,-80.144933
2025-06-21,58,"Union Cross","Ozone","Forsyth",36.051805,-80.144933
2025-06-22,45,"Union Cross","Ozone","Forsyth",36.051805,-80.144933
2025-06-23,42,"Union Cross","Ozone","Forsyth",36.051805,-80.144933
2025-06-24,41,"Union Cross","Ozone","Forsyth",36.051805,-80.144933
2025-06-25,40,"Union Cross","Ozone","Forsyth",36.051805,-80.144933
2025-06-26,64,"Union Cross","Ozone","Forsyth",36.051805,-80.144933
2025-06-27,51,"Union Cross","Ozone","Forsyth",36.051805,-80.144933
2025-06-28,45,"Union Cross","Ozone","Forsyth",36.051805,-80.144933
2025-06-29,43,"Union Cross","Ozone","Forsyth",36.051805,-80.144933
2025-06-30,43,"Union Cross","Ozone","Forsyth",36.051805,-80.144933
2025-07-01,49,"Union Cross","Ozone","Forsyth",36.051805,-80.144933
2025-07-02,33,"Union Cross","Ozone","Forsyth",36.051805,-80.144933
2025-07-03,61,"Union Cross","Ozone","Forsyth",36.051805,-80.144933
2025-07-04,49,"Union Cross","Ozone","Forsyth",36.051805,-80.144933
2025-07-05,48,"Union Cross","Ozone","Forsyth",36.051805,-80.144933
2025-07-06,21,"Union Cross","Ozone","Forsyth",36.051805,-80.144933
2025-07-07,44,"Union Cross","Ozone","Forsyth",36.051805,-80.144933
2025-07-08,51,"Union Cross","Ozone","Forsyth",36.051805,-80.144933
2025-07-09,45,"Union Cross","Ozone","Forsyth",36.051805,-80.144933
2025-07-10,40,"Union Cross","Ozone","Forsyth",36.051805,-80.144933
2025-07-11,44,"Union Cross","Ozone","Forsyth",36.051805,-80.144933
2025-07-12,43,"Union Cross","Ozone","Forsyth",36.051805,-80.144933
2025-07-13,37,"Union Cross","Ozone","Forsyth",36.051805,-80.144933
2025-07-14,45,"Union Cross","Ozone","Forsyth",36.051805,-80.144933
2025-07-15,38,"Union Cross","Ozone","Forsyth",36.051805,-80.144933
2025-07-16,41,"Union Cross","Ozone","Forsyth",36.051805,-80.144933
2025-07-17,36,"Union Cross","Ozone","Forsyth",36.051805,-80.144933
2025-07-18,41,"Union Cross","Ozone","Forsyth",36.051805,-80.144933
2025-07-19,35,"Union Cross","Ozone","Forsyth",36.051805,-80.144933
2025-07-20,32,"Union Cross","Ozone","Forsyth",36.051805,-80.144933
2025-07-21,34,"Union Cross","Ozone","Forsyth",36.051805,-80.144933
2025-07-22,43,"Union Cross","Ozone","Forsyth",36.051805,-80.144933
2025-07-23,58,"Union Cross","Ozone","Forsyth",36.051805,-80.144933
2025-07-24,45,"Union Cross","Ozone","Forsyth",36.051805,-80.144933
2025-07-25,47,"Union Cross","Ozone","Forsyth",36.051805,-80.144933
2025-07-26,44,"Union Cross","Ozone","Forsyth",36.051805,-80.144933
2025-07-27,32,"Union Cross","Ozone","Forsyth",36.051805,-80.144933
2025-07-28,45,"Union Cross","Ozone","Forsyth",36.051805,-80.144933
2025-07-29,43,"Union Cross","Ozone","Forsyth",36.051805,-80.144933
2025-07-30,48,"Union Cross","Ozone","Forsyth",36.051805,-80.144933
2025-07-31,48,"Union Cross","Ozone","Forsyth",36.051805,-80.144933
2025-08-01,39,"Union Cross","Ozone","Forsyth",36.051805,-80.144933
2025-08-02,34,"Union Cross","Ozone","Forsyth",36.051805,-80.144933
2025-08-03,37,"Union Cross","Ozone","Forsyth",36.051805,-80.144933
2025-08-04,44,"Union Cross","Ozone","Forsyth",36.051805,-80.144933
2025-08-05,34,"Union Cross","Ozone","Forsyth",36.051805,-80.144933
2025-08-06,31,"Union Cross","Ozone","Forsyth",36.051805,-80.144933
2025-08-07,28,"Union Cross","Ozone","Forsyth",36.051805,-80.144933
2025-08-08,40,"Union Cross","Ozone","Forsyth",36.051805,-80.144933
2025-08-09,36,"Union Cross","Ozone","Forsyth",36.051805,-80.144933
2025-08-10,37,"Union Cross","Ozone","Forsyth",36.051805,-80.144933
2025-08-11,24,"Union Cross","Ozone","Forsyth",36.051805,-80.144933
2025-08-12,22,"Union Cross","Ozone","Forsyth",36.051805,-80.144933
2025-08-13,25,"Union Cross","Ozone","Forsyth",36.051805,-80.144933
2025-08-14,31,"Union Cross","Ozone","Forsyth",36.051805,-80.144933
2025-08-15,43,"Union Cross","Ozone","Forsyth",36.051805,-80.144933
2025-08-16,43,"Union Cross","Ozone","Forsyth",36.051805,-80.144933
2025-08-17,37,"Union Cross","Ozone","Forsyth",36.051805,-80.144933
2025-08-18,42,"Union Cross","Ozone","Forsyth",36.051805,-80.144933
2025-08-19,33,"Union Cross","Ozone","Forsyth",36.051805,-80.144933
2025-08-20,31,"Union Cross","Ozone","Forsyth",36.051805,-80.144933
2025-08-21,39,"Union Cross","Ozone","Forsyth",36.051805,-80.144933
2025-08-22,32,"Union Cross","Ozone","Forsyth",36.051805,-80.144933
2025-08-23,34,"Union Cross","Ozone","Forsyth",36.051805,-80.144933
2025-08-24,41,"Union Cross","Ozone","Forsyth",36.051805,-80.144933
2025-08-25,40,"Union Cross","Ozone","Forsyth",36.051805,-80.144933
2025-08-26,40,"Union Cross","Ozone","Forsyth",36.051805,-80.144933
2025-08-27,41,"Union Cross","Ozone","Forsyth",36.051805,-80.144933
2025-08-28,50,"Union Cross","Ozone","Forsyth",36.051805,-80.144933
2025-08-29,44,"Union Cross","Ozone","Forsyth",36.051805,-80.144933
2025-08-30,43,"Union Cross","Ozone","Forsyth",36.051805,-80.144933
2025-08-31,41,"Union Cross","Ozone","Forsyth",36.051805,-80.144933
2025-09-01,39,"Union Cross","Ozone","Forsyth",36.051805,-80.144933
2025-09-02,41,"Union Cross","Ozone","Forsyth",36.051805,-80.144933
2025-09-03,47,"Union Cross","Ozone","Forsyth",36.051805,-80.144933
2025-09-04,42,"Union Cross","Ozone","Forsyth",36.051805,-80.144933
2025-09-05,46,"Union Cross","Ozone","Forsyth",36.051805,-80.144933
2025-09-06,39,"Union Cross","Ozone","Forsyth",36.051805,-80.144933
2025-09-07,26,"Union Cross","Ozone","Forsyth",36.051805,-80.144933
2025-09-08,41,"Union Cross","Ozone","Forsyth",36.051805,-80.144933
2025-09-09,45,"Union Cross","Ozone","Forsyth",36.051805,-80.144933
2025-09-10,40,"Union Cross","Ozone","Forsyth",36.051805,-80.144933
2025-09-11,47,"Union Cross","Ozone","Forsyth",36.051805,-80.144933
2025-09-12,48,"Union Cross","Ozone","Forsyth",36.051805,-80.144933
2025-09-13,46,"Union Cross","Ozone","Forsyth",36.051805,-80.144933
2025-09-14,54,"Union Cross","Ozone","Forsyth",36.051805,-80.144933
2025-09-15,45,"Union Cross","Ozone","Forsyth",36.051805,-80.144933
2025-09-16,43,"Union Cross","Ozone","Forsyth",36.051805,-80.144933
2025-09-17,43,"Union Cross","Ozone","Forsyth",36.051805,-80.144933
2025-09-18,46,"Union Cross","Ozone","Forsyth",36.051805,-80.144933
2025-09-19,100,"Union Cross","Ozone","Forsyth",36.051805,-80.144933
2025-09-20,61,"Union Cross","Ozone","Forsyth",36.051805,-80.144933
2025-09-21,47,"Union Cross","Ozone","Forsyth",36.051805,-80.144933
2025-09-22,47,"Union Cross","Ozone","Forsyth",36.051805,-80.144933
2025-09-23,54,"Union Cross","Ozone","Forsyth",36.051805,-80.144933
2025-09-24,50,"Union Cross","Ozone","Forsyth",36.051805,-80.144933
2025-09-25,33,"Union Cross","Ozone","Forsyth",36.051805,-80.144933
2025-09-26,38,"Union Cross","Ozone","Forsyth",36.051805,-80.144933
2025-09-27,37,"Union Cross","Ozone","Forsyth",36.051805,-80.144933
2025-09-28,39,"Union Cross","Ozone","Forsyth",36.051805,-80.144933
2025-09-29,40,"Union Cross","Ozone","Forsyth",36.051805,-80.144933
2025-09-30,41,"Union Cross","Ozone","Forsyth",36.051805,-80.144933
2025-10-01,40,"Union Cross","Ozone","Forsyth",36.051805,-80.144933
2025-10-02,37,"Union Cross","Ozone","Forsyth",36.051805,-80.144933
2025-10-03,37,"Union Cross","Ozone","Forsyth",36.051805,-80.144933
2025-10-04,43,"Union Cross","Ozone","Forsyth",36.051805,-80.144933
2025-10-05,34,"Union Cross","Ozone","Forsyth",36.051805,-80.144933
2025-10-06,42,"Union Cross","Ozone","Forsyth",36.051805,-80.144933
2025-10-07,34,"Union Cross","Ozone","Forsyth",36.051805,-80.144933
2025-10-08,32,"Union Cross","Ozone","Forsyth",36.051805,-80.144933
2025-10-09,40,"Union Cross","Ozone","Forsyth",36.051805,-80.144933
2025-10-10,36,"Union Cross","Ozone","Forsyth",36.051805,-80.144933
2025-10-11,32,"Union Cross","Ozone","Forsyth",36.051805,-80.144933
2025-10-12,31,"Union Cross","Ozone","Forsyth",36.051805,-80.144933
2025-10-13,33,"Union Cross","Ozone","Forsyth",36.051805,-80.144933
2025-10-14,36,"Union Cross","Ozone","Forsyth",36.051805,-80.144933
2025-10-15,38,"Union Cross","Ozone","Forsyth",36.051805,-80.144933
2025-10-16,37,"Union Cross","Ozone","Forsyth",36.051805,-80.144933
2025-10-17,44,"Union Cross","Ozone","Forsyth",36.051805,-80.144933
2025-10-18,58,"Union Cross","Ozone","Forsyth",36.051805,-80.144933
2025-10-19,42,"Union Cross","Ozone","Forsyth",36.051805,-80.144933
2025-10-20,35,"Union Cross","Ozone","Forsyth",36.051805,-80.144933
2025-10-21,48,"Union Cross","Ozone","Forsyth",36.051805,-80.144933
2025-10-22,40,"Union Cross","Ozone","Forsyth",36.051805,-80.144933
2025-10-23,39,"Union Cross","Ozone","Forsyth",36.051805,-80.144933
2025-10-24,40,"Union Cross","Ozone","Forsyth",36.051805,-80.144933
2025-10-25,39,"Union Cross","Ozone","Forsyth",36.051805,-80.144933
2025-10-26,36,"Union Cross","Ozone","Forsyth",36.051805,-80.144933
2025-10-27,33,"Union Cross","Ozone","Forsyth",36.051805,-80.144933
2025-10-28,30,"Union Cross","Ozone","Forsyth",36.051805,-80.144933
2025-10-29,16,"Union Cross","Ozone","Forsyth",36.051805,-80.144933
2025-10-30,30,"Union Cross","Ozone","Forsyth",36.051805,-80.144933
2025-10-31,36,"Union Cross","Ozone","Forsyth",36.051805,-80.144933
2025-11-01,37,"Union Cross","Ozone","Forsyth",36.051805,-80.144933
2025-11-02,40,"Union Cross","Ozone","Forsyth",36.051805,-80.144933
2025-03-01,44,"Joanna Bald","Ozone","Graham",35.2578000008897,-83.7955
2025-03-02,46,"Joanna Bald","Ozone","Graham",35.2578000008897,-83.7955
2025-03-03,47,"Joanna Bald","Ozone","Graham",35.2578000008897,-83.7955
2025-03-04,44,"Joanna Bald","Ozone","Graham",35.2578000008897,-83.7955
2025-03-05,33,"Joanna Bald","Ozone","Graham",35.2578000008897,-83.7955
2025-03-06,43,"Joanna Bald","Ozone","Graham",35.2578000008897,-83.7955
2025-03-07,44,"Joanna Bald","Ozone","Graham",35.2578000008897,-83.7955
2025-03-08,47,"Joanna Bald","Ozone","Graham",35.2578000008897,-83.7955
2025-03-09,43,"Joanna Bald","Ozone","Graham",35.2578000008897,-83.7955
2025-03-10,50,"Joanna Bald","Ozone","Graham",35.2578000008897,-83.7955
2025-03-11,64,"Joanna Bald","Ozone","Graham",35.2578000008897,-83.7955
2025-03-12,80,"Joanna Bald","Ozone","Graham",35.2578000008897,-83.7955
2025-03-13,64,"Joanna Bald","Ozone","Graham",35.2578000008897,-83.7955
2025-03-14,47,"Joanna Bald","Ozone","Graham",35.2578000008897,-83.7955
2025-03-15,42,"Joanna Bald","Ozone","Graham",35.2578000008897,-83.7955
2025-03-16,41,"Joanna Bald","Ozone","Graham",35.2578000008897,-83.7955
2025-03-17,46,"Joanna Bald","Ozone","Graham",35.2578000008897,-83.7955
2025-03-18,49,"Joanna Bald","Ozone","Graham",35.2578000008897,-83.7955
2025-03-19,46,"Joanna Bald","Ozone","Graham",35.2578000008897,-83.7955
2025-03-20,37,"Joanna Bald","Ozone","Graham",35.2578000008897,-83.7955
2025-03-21,44,"Joanna Bald","Ozone","Graham",35.2578000008897,-83.7955
2025-03-22,48,"Joanna Bald","Ozone","Graham",35.2578000008897,-83.7955
2025-03-23,64,"Joanna Bald","Ozone","Graham",35.2578000008897,-83.7955
2025-03-24,46,"Joanna Bald","Ozone","Graham",35.2578000008897,-83.7955
2025-03-25,48,"Joanna Bald","Ozone","Graham",35.2578000008897,-83.7955
2025-03-26,49,"Joanna Bald","Ozone","Graham",35.2578000008897,-83.7955
2025-03-27,58,"Joanna Bald","Ozone","Graham",35.2578000008897,-83.7955
2025-03-28,61,"Joanna Bald","Ozone","Graham",35.2578000008897,-83.7955
2025-03-29,39,"Joanna Bald","Ozone","Graham",35.2578000008897,-83.7955
2025-03-30,31,"Joanna Bald","Ozone","Graham",35.2578000008897,-83.7955
2025-03-31,41,"Joanna Bald","Ozone","Graham",35.2578000008897,-83.7955
2025-04-01,45,"Joanna Bald","Ozone","Graham",35.2578000008897,-83.7955
2025-04-02,29,"Joanna Bald","Ozone","Graham",35.2578000008897,-83.7955
2025-04-03,35,"Joanna Bald","Ozone","Graham",35.2578000008897,-83.7955
2025-04-04,39,"Joanna Bald","Ozone","Graham",35.2578000008897,-83.7955
2025-04-05,44,"Joanna Bald","Ozone","Graham",35.2578000008897,-83.7955
2025-04-06,44,"Joanna Bald","Ozone","Graham",35.2578000008897,-83.7955
2025-04-07,43,"Joanna Bald","Ozone","Graham",35.2578000008897,-83.7955
2025-04-08,50,"Joanna Bald","Ozone","Graham",35.2578000008897,-83.7955
2025-04-09,48,"Joanna Bald","Ozone","Graham",35.2578000008897,-83.7955
2025-04-10,58,"Joanna Bald","Ozone","Graham",35.2578000008897,-83.7955
2025-04-11,44,"Joanna Bald","Ozone","Graham",35.2578000008897,-83.7955
2025-04-12,48,"Joanna Bald","Ozone","Graham",35.2578000008897,-83.7955
2025-04-13,45,"Joanna Bald","Ozone","Graham",35.2578000008897,-83.7955
2025-04-14,80,"Joanna Bald","Ozone","Graham",35.2578000008897,-83.7955
2025-04-15,44,"Joanna Bald","Ozone","Graham",35.2578000008897,-83.7955
2025-04-16,54,"Joanna Bald","Ozone","Graham",35.2578000008897,-83.7955
2025-04-17,58,"Joanna Bald","Ozone","Graham",35.2578000008897,-83.7955
2025-04-18,97,"Joanna Bald","Ozone","Graham",35.2578000008897,-83.7955
2025-04-19,67,"Joanna Bald","Ozone","Graham",35.2578000008897,-83.7955
2025-04-20,49,"Joanna Bald","Ozone","Graham",35.2578000008897,-83.7955
2025-04-21,47,"Joanna Bald","Ozone","Graham",35.2578000008897,-83.7955
2025-04-22,44,"Joanna Bald","Ozone","Graham",35.2578000008897,-83.7955
2025-04-23,44,"Joanna Bald","Ozone","Graham",35.2578000008897,-83.7955
2025-04-24,42,"Joanna Bald","Ozone","Graham",35.2578000008897,-83.7955
2025-04-25,38,"Joanna Bald","Ozone","Graham",35.2578000008897,-83.7955
2025-04-26,45,"Joanna Bald","Ozone","Graham",35.2578000008897,-83.7955
2025-04-27,46,"Joanna Bald","Ozone","Graham",35.2578000008897,-83.7955
2025-04-28,45,"Joanna Bald","Ozone","Graham",35.2578000008897,-83.7955
2025-04-29,42,"Joanna Bald","Ozone","Graham",35.2578000008897,-83.7955
2025-04-30,42,"Joanna Bald","Ozone","Graham",35.2578000008897,-83.7955
2025-05-01,42,"Joanna Bald","Ozone","Graham",35.2578000008897,-83.7955
2025-05-02,45,"Joanna Bald","Ozone","Graham",35.2578000008897,-83.7955
2025-05-03,45,"Joanna Bald","Ozone","Graham",35.2578000008897,-83.7955
2025-05-04,35,"Joanna Bald","Ozone","Graham",35.2578000008897,-83.7955
2025-05-05,36,"Joanna Bald","Ozone","Graham",35.2578000008897,-83.7955
2025-05-06,47,"Joanna Bald","Ozone","Graham",35.2578000008897,-83.7955
2025-05-07,36,"Joanna Bald","Ozone","Graham",35.2578000008897,-83.7955
2025-05-08,58,"Joanna Bald","Ozone","Graham",35.2578000008897,-83.7955
2025-05-09,45,"Joanna Bald","Ozone","Graham",35.2578000008897,-83.7955
2025-05-10,45,"Joanna Bald","Ozone","Graham",35.2578000008897,-83.7955
2025-05-11,37,"Joanna Bald","Ozone","Graham",35.2578000008897,-83.7955
2025-05-12,38,"Joanna Bald","Ozone","Graham",35.2578000008897,-83.7955
2025-05-13,40,"Joanna Bald","Ozone","Graham",35.2578000008897,-83.7955
2025-05-14,39,"Joanna Bald","Ozone","Graham",35.2578000008897,-83.7955
2025-05-15,41,"Joanna Bald","Ozone","Graham",35.2578000008897,-83.7955
2025-05-16,33,"Joanna Bald","Ozone","Graham",35.2578000008897,-83.7955
2025-05-17,51,"Joanna Bald","Ozone","Graham",35.2578000008897,-83.7955
2025-05-18,45,"Joanna Bald","Ozone","Graham",35.2578000008897,-83.7955
2025-05-19,31,"Joanna Bald","Ozone","Graham",35.2578000008897,-83.7955
2025-05-20,34,"Joanna Bald","Ozone","Graham",35.2578000008897,-83.7955
2025-05-21,46,"Joanna Bald","Ozone","Graham",35.2578000008897,-83.7955
2025-05-22,51,"Joanna Bald","Ozone","Graham",35.2578000008897,-83.7955
2025-05-23,42,"Joanna Bald","Ozone","Graham",35.2578000008897,-83.7955
2025-05-24,50,"Joanna Bald","Ozone","Graham",35.2578000008897,-83.7955
2025-05-25,37,"Joanna Bald","Ozone","Graham",35.2578000008897,-83.7955
2025-05-26,32,"Joanna Bald","Ozone","Graham",35.2578000008897,-83.7955
2025-05-27,26,"Joanna Bald","Ozone","Graham",35.2578000008897,-83.7955
2025-05-28,30,"Joanna Bald","Ozone","Graham",35.2578000008897,-83.7955
2025-05-29,42,"Joanna Bald","Ozone","Graham",35.2578000008897,-83.7955
2025-05-30,46,"Joanna Bald","Ozone","Graham",35.2578000008897,-83.7955
2025-05-31,71,"Joanna Bald","Ozone","Graham",35.2578000008897,-83.7955
2025-06-01,46,"Joanna Bald","Ozone","Graham",35.2578000008897,-83.7955
2025-06-02,51,"Joanna Bald","Ozone","Graham",35.2578000008897,-83.7955
2025-06-03,49,"Joanna Bald","Ozone","Graham",35.2578000008897,-83.7955
2025-06-04,42,"Joanna Bald","Ozone","Graham",35.2578000008897,-83.7955
2025-06-05,46,"Joanna Bald","Ozone","Graham",35.2578000008897,-83.7955
2025-06-06,36,"Joanna Bald","Ozone","Graham",35.2578000008897,-83.7955
2025-06-07,41,"Joanna Bald","Ozone","Graham",35.2578000008897,-83.7955
2025-06-08,43,"Joanna Bald","Ozone","Graham",35.2578000008897,-83.7955
2025-06-09,39,"Joanna Bald","Ozone","Graham",35.2578000008897,-83.7955
2025-06-10,50,"Joanna Bald","Ozone","Graham",35.2578000008897,-83.7955
2025-06-11,47,"Joanna Bald","Ozone","Graham",35.2578000008897,-83.7955
2025-06-12,30,"Joanna Bald","Ozone","Graham",35.2578000008897,-83.7955
2025-06-13,26,"Joanna Bald","Ozone","Graham",35.2578000008897,-83.7955
2025-06-14,28,"Joanna Bald","Ozone","Graham",35.2578000008897,-83.7955
2025-06-15,26,"Joanna Bald","Ozone","Graham",35.2578000008897,-83.7955
2025-06-16,27,"Joanna Bald","Ozone","Graham",35.2578000008897,-83.7955
2025-06-17,31,"Joanna Bald","Ozone","Graham",35.2578000008897,-83.7955
2025-06-18,28,"Joanna Bald","Ozone","Graham",35.2578000008897,-83.7955
2025-06-19,43,"Joanna Bald","Ozone","Graham",35.2578000008897,-83.7955
2025-06-20,40,"Joanna Bald","Ozone","Graham",35.2578000008897,-83.7955
2025-06-21,44,"Joanna Bald","Ozone","Graham",35.2578000008897,-83.7955
2025-06-22,41,"Joanna Bald","Ozone","Graham",35.2578000008897,-83.7955
2025-06-23,43,"Joanna Bald","Ozone","Graham",35.2578000008897,-83.7955
2025-06-24,43,"Joanna Bald","Ozone","Graham",35.2578000008897,-83.7955
2025-06-25,37,"Joanna Bald","Ozone","Graham",35.2578000008897,-83.7955
2025-06-26,43,"Joanna Bald","Ozone","Graham",35.2578000008897,-83.7955
2025-06-27,46,"Joanna Bald","Ozone","Graham",35.2578000008897,-83.7955
2025-06-28,42,"Joanna Bald","Ozone","Graham",35.2578000008897,-83.7955
2025-06-29,37,"Joanna Bald","Ozone","Graham",35.2578000008897,-83.7955
2025-06-30,32,"Joanna Bald","Ozone","Graham",35.2578000008897,-83.7955
2025-07-01,31,"Joanna Bald","Ozone","Graham",35.2578000008897,-83.7955
2025-07-02,47,"Joanna Bald","Ozone","Graham",35.2578000008897,-83.7955
2025-07-03,47,"Joanna Bald","Ozone","Graham",35.2578000008897,-83.7955
2025-07-04,45,"Joanna Bald","Ozone","Graham",35.2578000008897,-83.7955
2025-07-05,41,"Joanna Bald","Ozone","Graham",35.2578000008897,-83.7955
2025-07-06,44,"Joanna Bald","Ozone","Graham",35.2578000008897,-83.7955
2025-07-07,39,"Joanna Bald","Ozone","Graham",35.2578000008897,-83.7955
2025-07-08,35,"Joanna Bald","Ozone","Graham",35.2578000008897,-83.7955
2025-07-09,40,"Joanna Bald","Ozone","Graham",35.2578000008897,-83.7955
2025-07-10,29,"Joanna Bald","Ozone","Graham",35.2578000008897,-83.7955
2025-07-11,39,"Joanna Bald","Ozone","Graham",35.2578000008897,-83.7955
2025-07-12,34,"Joanna Bald","Ozone","Graham",35.2578000008897,-83.7955
2025-07-13,30,"Joanna Bald","Ozone","Graham",35.2578000008897,-83.7955
2025-07-14,31,"Joanna Bald","Ozone","Graham",35.2578000008897,-83.7955
2025-07-15,26,"Joanna Bald","Ozone","Graham",35.2578000008897,-83.7955
2025-07-16,26,"Joanna Bald","Ozone","Graham",35.2578000008897,-83.7955
2025-07-17,30,"Joanna Bald","Ozone","Graham",35.2578000008897,-83.7955
2025-07-18,29,"Joanna Bald","Ozone","Graham",35.2578000008897,-83.7955
2025-07-19,27,"Joanna Bald","Ozone","Graham",35.2578000008897,-83.7955
2025-07-20,27,"Joanna Bald","Ozone","Graham",35.2578000008897,-83.7955
2025-07-21,30,"Joanna Bald","Ozone","Graham",35.2578000008897,-83.7955
2025-07-22,31,"Joanna Bald","Ozone","Graham",35.2578000008897,-83.7955
2025-07-23,50,"Joanna Bald","Ozone","Graham",35.2578000008897,-83.7955
2025-07-24,33,"Joanna Bald","Ozone","Graham",35.2578000008897,-83.7955
2025-07-25,34,"Joanna Bald","Ozone","Graham",35.2578000008897,-83.7955
2025-07-26,31,"Joanna Bald","Ozone","Graham",35.2578000008897,-83.7955
2025-07-27,27,"Joanna Bald","Ozone","Graham",35.2578000008897,-83.7955
2025-07-28,32,"Joanna Bald","Ozone","Graham",35.2578000008897,-83.7955
2025-07-29,38,"Joanna Bald","Ozone","Graham",35.2578000008897,-83.7955
2025-07-30,37,"Joanna Bald","Ozone","Graham",35.2578000008897,-83.7955
2025-07-31,41,"Joanna Bald","Ozone","Graham",35.2578000008897,-83.7955
2025-08-01,35,"Joanna Bald","Ozone","Graham",35.2578000008897,-83.7955
2025-08-02,26,"Joanna Bald","Ozone","Graham",35.2578000008897,-83.7955
2025-08-03,28,"Joanna Bald","Ozone","Graham",35.2578000008897,-83.7955
2025-08-04,25,"Joanna Bald","Ozone","Graham",35.2578000008897,-83.7955
2025-08-05,21,"Joanna Bald","Ozone","Graham",35.2578000008897,-83.7955
2025-08-06,32,"Joanna Bald","Ozone","Graham",35.2578000008897,-83.7955
2025-08-07,27,"Joanna Bald","Ozone","Graham",35.2578000008897,-83.7955
2025-08-08,27,"Joanna Bald","Ozone","Graham",35.2578000008897,-83.7955
2025-08-09,31,"Joanna Bald","Ozone","Graham",35.2578000008897,-83.7955
2025-08-10,21,"Joanna Bald","Ozone","Graham",35.2578000008897,-83.7955
2025-08-11,18,"Joanna Bald","Ozone","Graham",35.2578000008897,-83.7955
2025-08-12,19,"Joanna Bald","Ozone","Graham",35.2578000008897,-83.7955
2025-08-13,21,"Joanna Bald","Ozone","Graham",35.2578000008897,-83.7955
2025-08-14,44,"Joanna Bald","Ozone","Graham",35.2578000008897,-83.7955
2025-08-15,36,"Joanna Bald","Ozone","Graham",35.2578000008897,-83.7955
2025-08-16,38,"Joanna Bald","Ozone","Graham",35.2578000008897,-83.7955
2025-08-17,35,"Joanna Bald","Ozone","Graham",35.2578000008897,-83.7955
2025-08-18,36,"Joanna Bald","Ozone","Graham",35.2578000008897,-83.7955
2025-08-19,34,"Joanna Bald","Ozone","Graham",35.2578000008897,-83.7955
2025-08-20,40,"Joanna Bald","Ozone","Graham",35.2578000008897,-83.7955
2025-08-21,31,"Joanna Bald","Ozone","Graham",35.2578000008897,-83.7955
2025-08-22,26,"Joanna Bald","Ozone","Graham",35.2578000008897,-83.7955
2025-08-23,34,"Joanna Bald","Ozone","Graham",35.2578000008897,-83.7955
2025-08-24,37,"Joanna Bald","Ozone","Graham",35.2578000008897,-83.7955
2025-08-25,34,"Joanna Bald","Ozone","Graham",35.2578000008897,-83.7955
2025-08-26,39,"Joanna Bald","Ozone","Graham",35.2578000008897,-83.7955
2025-08-27,44,"Joanna Bald","Ozone","Graham",35.2578000008897,-83.7955
2025-08-28,42,"Joanna Bald","Ozone","Graham",35.2578000008897,-83.7955
2025-08-29,44,"Joanna Bald","Ozone","Graham",35.2578000008897,-83.7955
2025-08-30,44,"Joanna Bald","Ozone","Graham",35.2578000008897,-83.7955
2025-08-31,36,"Joanna Bald","Ozone","Graham",35.2578000008897,-83.7955
2025-09-01,35,"Joanna Bald","Ozone","Graham",35.2578000008897,-83.7955
2025-09-02,40,"Joanna Bald","Ozone","Graham",35.2578000008897,-83.7955
2025-09-03,34,"Joanna Bald","Ozone","Graham",35.2578000008897,-83.7955
2025-09-04,38,"Joanna Bald","Ozone","Graham",35.2578000008897,-83.7955
2025-09-05,42,"Joanna Bald","Ozone","Graham",35.2578000008897,-83.7955
2025-09-06,45,"Joanna Bald","Ozone","Graham",35.2578000008897,-83.7955
2025-09-07,32,"Joanna Bald","Ozone","Graham",35.2578000008897,-83.7955
2025-09-08,37,"Joanna Bald","Ozone","Graham",35.2578000008897,-83.7955
2025-09-09,38,"Joanna Bald","Ozone","Graham",35.2578000008897,-83.7955
2025-09-10,39,"Joanna Bald","Ozone","Graham",35.2578000008897,-83.7955
2025-09-11,43,"Joanna Bald","Ozone","Graham",35.2578000008897,-83.7955
2025-09-12,54,"Joanna Bald","Ozone","Graham",35.2578000008897,-83.7955
2025-09-13,44,"Joanna Bald","Ozone","Graham",35.2578000008897,-83.7955
2025-09-14,51,"Joanna Bald","Ozone","Graham",35.2578000008897,-83.7955
2025-09-15,48,"Joanna Bald","Ozone","Graham",35.2578000008897,-83.7955
2025-09-16,50,"Joanna Bald","Ozone","Graham",35.2578000008897,-83.7955
2025-09-17,49,"Joanna Bald","Ozone","Graham",35.2578000008897,-83.7955
2025-09-18,44,"Joanna Bald","Ozone","Graham",35.2578000008897,-83.7955
2025-09-19,44,"Joanna Bald","Ozone","Graham",35.2578000008897,-83.7955
2025-09-20,48,"Joanna Bald","Ozone","Graham",35.2578000008897,-83.7955
2025-09-21,39,"Joanna Bald","Ozone","Graham",35.2578000008897,-83.7955
2025-09-22,35,"Joanna Bald","Ozone","Graham",35.2578000008897,-83.7955
2025-09-23,37,"Joanna Bald","Ozone","Graham",35.2578000008897,-83.7955
2025-09-24,32,"Joanna Bald","Ozone","Graham",35.2578000008897,-83.7955
2025-09-25,40,"Joanna Bald","Ozone","Graham",35.2578000008897,-83.7955
2025-09-26,33,"Joanna Bald","Ozone","Graham",35.2578000008897,-83.7955
2025-09-27,39,"Joanna Bald","Ozone","Graham",35.2578000008897,-83.7955
2025-09-28,33,"Joanna Bald","Ozone","Graham",35.2578000008897,-83.7955
2025-09-29,31,"Joanna Bald","Ozone","Graham",35.2578000008897,-83.7955
2025-09-30,31,"Joanna Bald","Ozone","Graham",35.2578000008897,-83.7955
2025-10-01,41,"Joanna Bald","Ozone","Graham",35.2578000008897,-83.7955
2025-10-02,40,"Joanna Bald","Ozone","Graham",35.2578000008897,-83.7955
2025-10-03,35,"Joanna Bald","Ozone","Graham",35.2578000008897,-83.7955
2025-10-04,31,"Joanna Bald","Ozone","Graham",35.2578000008897,-83.7955
2025-10-05,31,"Joanna Bald","Ozone","Graham",35.2578000008897,-83.7955
2025-10-06,28,"Joanna Bald","Ozone","Graham",35.2578000008897,-83.7955
2025-10-07,24,"Joanna Bald","Ozone","Graham",35.2578000008897,-83.7955
2025-10-08,31,"Joanna Bald","Ozone","Graham",35.2578000008897,-83.7955
2025-10-09,30,"Joanna Bald","Ozone","Graham",35.2578000008897,-83.7955
2025-10-10,35,"Joanna Bald","Ozone","Graham",35.2578000008897,-83.7955
2025-10-11,39,"Joanna Bald","Ozone","Graham",35.2578000008897,-83.7955
2025-10-12,40,"Joanna Bald","Ozone","Graham",35.2578000008897,-83.7955
2025-10-13,37,"Joanna Bald","Ozone","Graham",35.2578000008897,-83.7955
2025-10-14,44,"Joanna Bald","Ozone","Graham",35.2578000008897,-83.7955
2025-10-15,44,"Joanna Bald","Ozone","Graham",35.2578000008897,-83.7955
2025-10-16,43,"Joanna Bald","Ozone","Graham",35.2578000008897,-83.7955
2025-10-17,54,"Joanna Bald","Ozone","Graham",35.2578000008897,-83.7955
2025-10-18,43,"Joanna Bald","Ozone","Graham",35.2578000008897,-83.7955
2025-10-19,34,"Joanna Bald","Ozone","Graham",35.2578000008897,-83.7955
2025-10-20,38,"Joanna Bald","Ozone","Graham",35.2578000008897,-83.7955
2025-10-21,39,"Joanna Bald","Ozone","Graham",35.2578000008897,-83.7955
2025-10-22,39,"Joanna Bald","Ozone","Graham",35.2578000008897,-83.7955
2025-10-23,44,"Joanna Bald","Ozone","Graham",35.2578000008897,-83.7955
2025-10-24,41,"Joanna Bald","Ozone","Graham",35.2578000008897,-83.7955
2025-10-25,41,"Joanna Bald","Ozone","Graham",35.2578000008897,-83.7955
2025-10-26,36,"Joanna Bald","Ozone","Graham",35.2578000008897,-83.7955
2025-10-27,35,"Joanna Bald","Ozone","Graham",35.2578000008897,-83.7955
2025-10-28,31,"Joanna Bald","Ozone","Graham",35.2578000008897,-83.7955
2025-10-29,25,"Joanna Bald","Ozone","Graham",35.2578000008897,-83.7955
2025-10-30,29,"Joanna Bald","Ozone","Graham",35.2578000008897,-83.7955
2025-10-31,35,"Joanna Bald","Ozone","Graham",35.2578000008897,-83.7955
2025-11-01,35,"Joanna Bald","Ozone","Graham",35.2578000008897,-83.7955
2025-11-02,36,"Joanna Bald","Ozone","Graham",35.2578000008897,-83.7955
2025-03-05,39,"Butner","Ozone","Granville",36.141111,-78.768056
2025-03-06,35,"Butner","Ozone","Granville",36.141111,-78.768056
2025-03-07,39,"Butner","Ozone","Granville",36.141111,-78.768056
2025-03-08,43,"Butner","Ozone","Granville",36.141111,-78.768056
2025-03-09,42,"Butner","Ozone","Granville",36.141111,-78.768056
2025-03-10,41,"Butner","Ozone","Granville",36.141111,-78.768056
2025-03-11,49,"Butner","Ozone","Granville",36.141111,-78.768056
2025-03-12,77,"Butner","Ozone","Granville",36.141111,-78.768056
2025-03-13,44,"Butner","Ozone","Granville",36.141111,-78.768056
2025-03-14,32,"Butner","Ozone","Granville",36.141111,-78.768056
2025-03-15,35,"Butner","Ozone","Granville",36.141111,-78.768056
2025-03-16,34,"Butner","Ozone","Granville",36.141111,-78.768056
2025-03-17,31,"Butner","Ozone","Granville",36.141111,-78.768056
2025-03-18,43,"Butner","Ozone","Granville",36.141111,-78.768056
2025-03-19,71,"Butner","Ozone","Granville",36.141111,-78.768056
2025-03-20,42,"Butner","Ozone","Granville",36.141111,-78.768056
2025-03-21,42,"Butner","Ozone","Granville",36.141111,-78.768056
2025-03-22,50,"Butner","Ozone","Granville",36.141111,-78.768056
2025-03-23,47,"Butner","Ozone","Granville",36.141111,-78.768056
2025-03-24,39,"Butner","Ozone","Granville",36.141111,-78.768056
2025-03-25,46,"Butner","Ozone","Granville",36.141111,-78.768056
2025-03-26,45,"Butner","Ozone","Granville",36.141111,-78.768056
2025-03-27,49,"Butner","Ozone","Granville",36.141111,-78.768056
2025-03-28,61,"Butner","Ozone","Granville",36.141111,-78.768056
2025-03-29,42,"Butner","Ozone","Granville",36.141111,-78.768056
2025-03-30,40,"Butner","Ozone","Granville",36.141111,-78.768056
2025-03-31,32,"Butner","Ozone","Granville",36.141111,-78.768056
2025-04-02,37,"Butner","Ozone","Granville",36.141111,-78.768056
2025-04-03,31,"Butner","Ozone","Granville",36.141111,-78.768056
2025-04-04,33,"Butner","Ozone","Granville",36.141111,-78.768056
2025-04-05,35,"Butner","Ozone","Granville",36.141111,-78.768056
2025-04-06,43,"Butner","Ozone","Granville",36.141111,-78.768056
2025-04-07,25,"Butner","Ozone","Granville",36.141111,-78.768056
2025-04-08,46,"Butner","Ozone","Granville",36.141111,-78.768056
2025-04-09,47,"Butner","Ozone","Granville",36.141111,-78.768056
2025-04-10,48,"Butner","Ozone","Granville",36.141111,-78.768056
2025-04-11,33,"Butner","Ozone","Granville",36.141111,-78.768056
2025-04-12,37,"Butner","Ozone","Granville",36.141111,-78.768056
2025-04-13,44,"Butner","Ozone","Granville",36.141111,-78.768056
2025-04-14,58,"Butner","Ozone","Granville",36.141111,-78.768056
2025-04-15,45,"Butner","Ozone","Granville",36.141111,-78.768056
2025-04-16,45,"Butner","Ozone","Granville",36.141111,-78.768056
2025-04-17,50,"Butner","Ozone","Granville",36.141111,-78.768056
2025-04-18,64,"Butner","Ozone","Granville",36.141111,-78.768056
2025-04-19,43,"Butner","Ozone","Granville",36.141111,-78.768056
2025-04-20,40,"Butner","Ozone","Granville",36.141111,-78.768056
2025-04-21,45,"Butner","Ozone","Granville",36.141111,-78.768056
2025-04-22,42,"Butner","Ozone","Granville",36.141111,-78.768056
2025-04-23,51,"Butner","Ozone","Granville",36.141111,-78.768056
2025-04-24,54,"Butner","Ozone","Granville",36.141111,-78.768056
2025-04-25,40,"Butner","Ozone","Granville",36.141111,-78.768056
2025-04-26,38,"Butner","Ozone","Granville",36.141111,-78.768056
2025-04-27,45,"Butner","Ozone","Granville",36.141111,-78.768056
2025-04-28,50,"Butner","Ozone","Granville",36.141111,-78.768056
2025-04-29,50,"Butner","Ozone","Granville",36.141111,-78.768056
2025-04-30,46,"Butner","Ozone","Granville",36.141111,-78.768056
2025-05-01,44,"Butner","Ozone","Granville",36.141111,-78.768056
2025-05-02,47,"Butner","Ozone","Granville",36.141111,-78.768056
2025-05-03,42,"Butner","Ozone","Granville",36.141111,-78.768056
2025-05-04,39,"Butner","Ozone","Granville",36.141111,-78.768056
2025-05-05,34,"Butner","Ozone","Granville",36.141111,-78.768056
2025-05-06,45,"Butner","Ozone","Granville",36.141111,-78.768056
2025-05-07,44,"Butner","Ozone","Granville",36.141111,-78.768056
2025-05-08,54,"Butner","Ozone","Granville",36.141111,-78.768056
2025-05-09,44,"Butner","Ozone","Granville",36.141111,-78.768056
2025-05-10,42,"Butner","Ozone","Granville",36.141111,-78.768056
2025-05-11,25,"Butner","Ozone","Granville",36.141111,-78.768056
2025-05-12,26,"Butner","Ozone","Granville",36.141111,-78.768056
2025-05-13,31,"Butner","Ozone","Granville",36.141111,-78.768056
2025-05-14,35,"Butner","Ozone","Granville",36.141111,-78.768056
2025-05-15,38,"Butner","Ozone","Granville",36.141111,-78.768056
2025-05-16,36,"Butner","Ozone","Granville",36.141111,-78.768056
2025-05-17,43,"Butner","Ozone","Granville",36.141111,-78.768056
2025-05-18,44,"Butner","Ozone","Granville",36.141111,-78.768056
2025-05-19,48,"Butner","Ozone","Granville",36.141111,-78.768056
2025-05-20,45,"Butner","Ozone","Granville",36.141111,-78.768056
2025-05-21,30,"Butner","Ozone","Granville",36.141111,-78.768056
2025-05-22,48,"Butner","Ozone","Granville",36.141111,-78.768056
2025-05-23,40,"Butner","Ozone","Granville",36.141111,-78.768056
2025-05-24,46,"Butner","Ozone","Granville",36.141111,-78.768056
2025-05-25,41,"Butner","Ozone","Granville",36.141111,-78.768056
2025-05-26,30,"Butner","Ozone","Granville",36.141111,-78.768056
2025-05-27,25,"Butner","Ozone","Granville",36.141111,-78.768056
2025-05-29,33,"Butner","Ozone","Granville",36.141111,-78.768056
2025-05-30,40,"Butner","Ozone","Granville",36.141111,-78.768056
2025-05-31,43,"Butner","Ozone","Granville",36.141111,-78.768056
2025-06-01,44,"Butner","Ozone","Granville",36.141111,-78.768056
2025-06-02,44,"Butner","Ozone","Granville",36.141111,-78.768056
2025-06-03,87,"Butner","Ozone","Granville",36.141111,-78.768056
2025-06-04,58,"Butner","Ozone","Granville",36.141111,-78.768056
2025-06-05,23,"Butner","Ozone","Granville",36.141111,-78.768056
2025-06-06,40,"Butner","Ozone","Granville",36.141111,-78.768056
2025-06-07,36,"Butner","Ozone","Granville",36.141111,-78.768056
2025-06-08,31,"Butner","Ozone","Granville",36.141111,-78.768056
2025-06-09,43,"Butner","Ozone","Granville",36.141111,-78.768056
2025-06-10,36,"Butner","Ozone","Granville",36.141111,-78.768056
2025-06-11,44,"Butner","Ozone","Granville",36.141111,-78.768056
2025-06-12,54,"Butner","Ozone","Granville",36.141111,-78.768056
2025-06-13,30,"Butner","Ozone","Granville",36.141111,-78.768056
2025-06-14,31,"Butner","Ozone","Granville",36.141111,-78.768056
2025-06-15,26,"Butner","Ozone","Granville",36.141111,-78.768056
2025-06-16,31,"Butner","Ozone","Granville",36.141111,-78.768056
2025-06-17,34,"Butner","Ozone","Granville",36.141111,-78.768056
2025-06-18,35,"Butner","Ozone","Granville",36.141111,-78.768056
2025-06-19,31,"Butner","Ozone","Granville",36.141111,-78.768056
2025-06-20,46,"Butner","Ozone","Granville",36.141111,-78.768056
2025-06-21,49,"Butner","Ozone","Granville",36.141111,-78.768056
2025-06-22,46,"Butner","Ozone","Granville",36.141111,-78.768056
2025-06-23,44,"Butner","Ozone","Granville",36.141111,-78.768056
2025-06-24,42,"Butner","Ozone","Granville",36.141111,-78.768056
2025-06-25,38,"Butner","Ozone","Granville",36.141111,-78.768056
2025-06-26,74,"Butner","Ozone","Granville",36.141111,-78.768056
2025-06-27,61,"Butner","Ozone","Granville",36.141111,-78.768056
2025-06-28,41,"Butner","Ozone","Granville",36.141111,-78.768056
2025-06-29,44,"Butner","Ozone","Granville",36.141111,-78.768056
2025-06-30,41,"Butner","Ozone","Granville",36.141111,-78.768056
2025-07-01,40,"Butner","Ozone","Granville",36.141111,-78.768056
2025-07-02,25,"Butner","Ozone","Granville",36.141111,-78.768056
2025-07-03,47,"Butner","Ozone","Granville",36.141111,-78.768056
2025-07-04,51,"Butner","Ozone","Granville",36.141111,-78.768056
2025-07-05,48,"Butner","Ozone","Granville",36.141111,-78.768056
2025-07-06,22,"Butner","Ozone","Granville",36.141111,-78.768056
2025-07-07,41,"Butner","Ozone","Granville",36.141111,-78.768056
2025-07-08,45,"Butner","Ozone","Granville",36.141111,-78.768056
2025-07-09,41,"Butner","Ozone","Granville",36.141111,-78.768056
2025-07-10,36,"Butner","Ozone","Granville",36.141111,-78.768056
2025-07-11,40,"Butner","Ozone","Granville",36.141111,-78.768056
2025-07-12,48,"Butner","Ozone","Granville",36.141111,-78.768056
2025-07-13,34,"Butner","Ozone","Granville",36.141111,-78.768056
2025-07-14,46,"Butner","Ozone","Granville",36.141111,-78.768056
2025-07-15,31,"Butner","Ozone","Granville",36.141111,-78.768056
2025-07-16,34,"Butner","Ozone","Granville",36.141111,-78.768056
2025-07-17,31,"Butner","Ozone","Granville",36.141111,-78.768056
2025-07-18,40,"Butner","Ozone","Granville",36.141111,-78.768056
2025-07-19,33,"Butner","Ozone","Granville",36.141111,-78.768056
2025-07-20,30,"Butner","Ozone","Granville",36.141111,-78.768056
2025-07-21,36,"Butner","Ozone","Granville",36.141111,-78.768056
2025-07-22,44,"Butner","Ozone","Granville",36.141111,-78.768056
2025-07-23,41,"Butner","Ozone","Granville",36.141111,-78.768056
2025-07-24,39,"Butner","Ozone","Granville",36.141111,-78.768056
2025-07-25,54,"Butner","Ozone","Granville",36.141111,-78.768056
2025-07-26,34,"Butner","Ozone","Granville",36.141111,-78.768056
2025-07-27,33,"Butner","Ozone","Granville",36.141111,-78.768056
2025-07-28,36,"Butner","Ozone","Granville",36.141111,-78.768056
2025-07-29,39,"Butner","Ozone","Granville",36.141111,-78.768056
2025-07-30,49,"Butner","Ozone","Granville",36.141111,-78.768056
2025-07-31,39,"Butner","Ozone","Granville",36.141111,-78.768056
2025-08-01,31,"Butner","Ozone","Granville",36.141111,-78.768056
2025-08-02,31,"Butner","Ozone","Granville",36.141111,-78.768056
2025-08-03,40,"Butner","Ozone","Granville",36.141111,-78.768056
2025-08-04,43,"Butner","Ozone","Granville",36.141111,-78.768056
2025-08-05,31,"Butner","Ozone","Granville",36.141111,-78.768056
2025-08-06,30,"Butner","Ozone","Granville",36.141111,-78.768056
2025-08-07,30,"Butner","Ozone","Granville",36.141111,-78.768056
2025-08-08,37,"Butner","Ozone","Granville",36.141111,-78.768056
2025-08-09,37,"Butner","Ozone","Granville",36.141111,-78.768056
2025-08-10,31,"Butner","Ozone","Granville",36.141111,-78.768056
2025-08-11,22,"Butner","Ozone","Granville",36.141111,-78.768056
2025-08-12,20,"Butner","Ozone","Granville",36.141111,-78.768056
2025-08-13,25,"Butner","Ozone","Granville",36.141111,-78.768056
2025-08-14,33,"Butner","Ozone","Granville",36.141111,-78.768056
2025-08-15,40,"Butner","Ozone","Granville",36.141111,-78.768056
2025-08-16,32,"Butner","Ozone","Granville",36.141111,-78.768056
2025-08-17,36,"Butner","Ozone","Granville",36.141111,-78.768056
2025-08-18,37,"Butner","Ozone","Granville",36.141111,-78.768056
2025-08-19,19,"Butner","Ozone","Granville",36.141111,-78.768056
2025-08-20,26,"Butner","Ozone","Granville",36.141111,-78.768056
2025-08-21,26,"Butner","Ozone","Granville",36.141111,-78.768056
2025-08-22,32,"Butner","Ozone","Granville",36.141111,-78.768056
2025-08-23,37,"Butner","Ozone","Granville",36.141111,-78.768056
2025-08-24,31,"Butner","Ozone","Granville",36.141111,-78.768056
2025-08-25,37,"Butner","Ozone","Granville",36.141111,-78.768056
2025-08-26,36,"Butner","Ozone","Granville",36.141111,-78.768056
2025-08-27,42,"Butner","Ozone","Granville",36.141111,-78.768056
2025-08-28,49,"Butner","Ozone","Granville",36.141111,-78.768056
2025-08-29,42,"Butner","Ozone","Granville",36.141111,-78.768056
2025-08-30,40,"Butner","Ozone","Granville",36.141111,-78.768056
2025-08-31,39,"Butner","Ozone","Granville",36.141111,-78.768056
2025-09-01,36,"Butner","Ozone","Granville",36.141111,-78.768056
2025-09-02,37,"Butner","Ozone","Granville",36.141111,-78.768056
2025-09-03,42,"Butner","Ozone","Granville",36.141111,-78.768056
2025-09-04,44,"Butner","Ozone","Granville",36.141111,-78.768056
2025-09-05,44,"Butner","Ozone","Granville",36.141111,-78.768056
2025-09-06,39,"Butner","Ozone","Granville",36.141111,-78.768056
2025-09-07,22,"Butner","Ozone","Granville",36.141111,-78.768056
2025-09-08,40,"Butner","Ozone","Granville",36.141111,-78.768056
2025-09-09,36,"Butner","Ozone","Granville",36.141111,-78.768056
2025-09-10,25,"Butner","Ozone","Granville",36.141111,-78.768056
2025-09-11,32,"Butner","Ozone","Granville",36.141111,-78.768056
2025-09-12,46,"Butner","Ozone","Granville",36.141111,-78.768056
2025-09-13,44,"Butner","Ozone","Granville",36.141111,-78.768056
2025-09-14,42,"Butner","Ozone","Granville",36.141111,-78.768056
2025-09-15,43,"Butner","Ozone","Granville",36.141111,-78.768056
2025-09-16,38,"Butner","Ozone","Granville",36.141111,-78.768056
2025-09-17,25,"Butner","Ozone","Granville",36.141111,-78.768056
2025-09-18,35,"Butner","Ozone","Granville",36.141111,-78.768056
2025-09-19,54,"Butner","Ozone","Granville",36.141111,-78.768056
2025-09-20,46,"Butner","Ozone","Granville",36.141111,-78.768056
2025-09-21,45,"Butner","Ozone","Granville",36.141111,-78.768056
2025-09-22,43,"Butner","Ozone","Granville",36.141111,-78.768056
2025-09-23,48,"Butner","Ozone","Granville",36.141111,-78.768056
2025-09-24,44,"Butner","Ozone","Granville",36.141111,-78.768056
2025-09-25,34,"Butner","Ozone","Granville",36.141111,-78.768056
2025-09-26,32,"Butner","Ozone","Granville",36.141111,-78.768056
2025-09-27,28,"Butner","Ozone","Granville",36.141111,-78.768056
2025-09-28,37,"Butner","Ozone","Granville",36.141111,-78.768056
2025-09-29,30,"Butner","Ozone","Granville",36.141111,-78.768056
2025-09-30,31,"Butner","Ozone","Granville",36.141111,-78.768056
2025-10-01,32,"Butner","Ozone","Granville",36.141111,-78.768056
2025-10-02,31,"Butner","Ozone","Granville",36.141111,-78.768056
2025-10-03,32,"Butner","Ozone","Granville",36.141111,-78.768056
2025-10-04,38,"Butner","Ozone","Granville",36.141111,-78.768056
2025-10-05,31,"Butner","Ozone","Granville",36.141111,-78.768056
2025-10-06,36,"Butner","Ozone","Granville",36.141111,-78.768056
2025-10-07,36,"Butner","Ozone","Granville",36.141111,-78.768056
2025-10-08,31,"Butner","Ozone","Granville",36.141111,-78.768056
2025-10-09,39,"Butner","Ozone","Granville",36.141111,-78.768056
2025-10-10,35,"Butner","Ozone","Granville",36.141111,-78.768056
2025-10-11,27,"Butner","Ozone","Granville",36.141111,-78.768056
2025-10-12,27,"Butner","Ozone","Granville",36.141111,-78.768056
2025-10-13,27,"Butner","Ozone","Granville",36.141111,-78.768056
2025-10-14,27,"Butner","Ozone","Granville",36.141111,-78.768056
2025-10-15,38,"Butner","Ozone","Granville",36.141111,-78.768056
2025-10-16,36,"Butner","Ozone","Granville",36.141111,-78.768056
2025-10-17,37,"Butner","Ozone","Granville",36.141111,-78.768056
2025-10-18,44,"Butner","Ozone","Granville",36.141111,-78.768056
2025-10-19,43,"Butner","Ozone","Granville",36.141111,-78.768056
2025-10-20,34,"Butner","Ozone","Granville",36.141111,-78.768056
2025-10-21,45,"Butner","Ozone","Granville",36.141111,-78.768056
2025-10-22,41,"Butner","Ozone","Granville",36.141111,-78.768056
2025-10-23,38,"Butner","Ozone","Granville",36.141111,-78.768056
2025-10-24,37,"Butner","Ozone","Granville",36.141111,-78.768056
2025-10-25,34,"Butner","Ozone","Granville",36.141111,-78.768056
2025-10-26,31,"Butner","Ozone","Granville",36.141111,-78.768056
2025-10-27,31,"Butner","Ozone","Granville",36.141111,-78.768056
2025-10-28,24,"Butner","Ozone","Granville",36.141111,-78.768056
2025-10-29,14,"Butner","Ozone","Granville",36.141111,-78.768056
2025-10-30,27,"Butner","Ozone","Granville",36.141111,-78.768056
2025-10-31,34,"Butner","Ozone","Granville",36.141111,-78.768056
2025-11-01,34,"Butner","Ozone","Granville",36.141111,-78.768056
2025-11-02,35,"Butner","Ozone","Granville",36.141111,-78.768056
2025-03-01,47,"Mendenhall School","Ozone","Guilford",36.1090060008986,-79.802314
2025-03-02,39,"Mendenhall School","Ozone","Guilford",36.1090060008986,-79.802314
2025-03-03,41,"Mendenhall School","Ozone","Guilford",36.1090060008986,-79.802314
2025-03-04,43,"Mendenhall School","Ozone","Guilford",36.1090060008986,-79.802314
2025-03-05,43,"Mendenhall School","Ozone","Guilford",36.1090060008986,-79.802314
2025-03-06,34,"Mendenhall School","Ozone","Guilford",36.1090060008986,-79.802314
2025-03-07,33,"Mendenhall School","Ozone","Guilford",36.1090060008986,-79.802314
2025-03-08,42,"Mendenhall School","Ozone","Guilford",36.1090060008986,-79.802314
2025-03-09,44,"Mendenhall School","Ozone","Guilford",36.1090060008986,-79.802314
2025-03-10,38,"Mendenhall School","Ozone","Guilford",36.1090060008986,-79.802314
2025-03-11,58,"Mendenhall School","Ozone","Guilford",36.1090060008986,-79.802314
2025-03-12,77,"Mendenhall School","Ozone","Guilford",36.1090060008986,-79.802314
2025-03-13,51,"Mendenhall School","Ozone","Guilford",36.1090060008986,-79.802314
2025-03-14,42,"Mendenhall School","Ozone","Guilford",36.1090060008986,-79.802314
2025-03-15,34,"Mendenhall School","Ozone","Guilford",36.1090060008986,-79.802314
2025-03-16,36,"Mendenhall School","Ozone","Guilford",36.1090060008986,-79.802314
2025-03-17,31,"Mendenhall School","Ozone","Guilford",36.1090060008986,-79.802314
2025-03-18,43,"Mendenhall School","Ozone","Guilford",36.1090060008986,-79.802314
2025-03-19,74,"Mendenhall School","Ozone","Guilford",36.1090060008986,-79.802314
2025-03-20,40,"Mendenhall School","Ozone","Guilford",36.1090060008986,-79.802314
2025-03-21,43,"Mendenhall School","Ozone","Guilford",36.1090060008986,-79.802314
2025-03-22,48,"Mendenhall School","Ozone","Guilford",36.1090060008986,-79.802314
2025-03-23,47,"Mendenhall School","Ozone","Guilford",36.1090060008986,-79.802314
2025-03-24,37,"Mendenhall School","Ozone","Guilford",36.1090060008986,-79.802314
2025-03-25,48,"Mendenhall School","Ozone","Guilford",36.1090060008986,-79.802314
2025-03-26,44,"Mendenhall School","Ozone","Guilford",36.1090060008986,-79.802314
2025-03-27,49,"Mendenhall School","Ozone","Guilford",36.1090060008986,-79.802314
2025-03-28,71,"Mendenhall School","Ozone","Guilford",36.1090060008986,-79.802314
2025-03-29,45,"Mendenhall School","Ozone","Guilford",36.1090060008986,-79.802314
2025-03-30,40,"Mendenhall School","Ozone","Guilford",36.1090060008986,-79.802314
2025-03-31,31,"Mendenhall School","Ozone","Guilford",36.1090060008986,-79.802314
2025-04-01,32,"Mendenhall School","Ozone","Guilford",36.1090060008986,-79.802314
2025-04-02,35,"Mendenhall School","Ozone","Guilford",36.1090060008986,-79.802314
2025-04-03,28,"Mendenhall School","Ozone","Guilford",36.1090060008986,-79.802314
2025-04-04,37,"Mendenhall School","Ozone","Guilford",36.1090060008986,-79.802314
2025-04-05,35,"Mendenhall School","Ozone","Guilford",36.1090060008986,-79.802314
2025-04-06,45,"Mendenhall School","Ozone","Guilford",36.1090060008986,-79.802314
2025-04-07,27,"Mendenhall School","Ozone","Guilford",36.1090060008986,-79.802314
2025-04-08,47,"Mendenhall School","Ozone","Guilford",36.1090060008986,-79.802314
2025-04-09,45,"Mendenhall School","Ozone","Guilford",36.1090060008986,-79.802314
2025-04-10,42,"Mendenhall School","Ozone","Guilford",36.1090060008986,-79.802314
2025-04-11,31,"Mendenhall School","Ozone","Guilford",36.1090060008986,-79.802314
2025-04-12,37,"Mendenhall School","Ozone","Guilford",36.1090060008986,-79.802314
2025-04-13,44,"Mendenhall School","Ozone","Guilford",36.1090060008986,-79.802314
2025-04-14,67,"Mendenhall School","Ozone","Guilford",36.1090060008986,-79.802314
2025-04-15,43,"Mendenhall School","Ozone","Guilford",36.1090060008986,-79.802314
2025-04-16,46,"Mendenhall School","Ozone","Guilford",36.1090060008986,-79.802314
2025-04-17,61,"Mendenhall School","Ozone","Guilford",36.1090060008986,-79.802314
2025-04-18,64,"Mendenhall School","Ozone","Guilford",36.1090060008986,-79.802314
2025-04-19,44,"Mendenhall School","Ozone","Guilford",36.1090060008986,-79.802314
2025-04-20,43,"Mendenhall School","Ozone","Guilford",36.1090060008986,-79.802314
2025-04-21,49,"Mendenhall School","Ozone","Guilford",36.1090060008986,-79.802314
2025-04-22,37,"Mendenhall School","Ozone","Guilford",36.1090060008986,-79.802314
2025-04-23,48,"Mendenhall School","Ozone","Guilford",36.1090060008986,-79.802314
2025-04-24,46,"Mendenhall School","Ozone","Guilford",36.1090060008986,-79.802314
2025-04-25,38,"Mendenhall School","Ozone","Guilford",36.1090060008986,-79.802314
2025-04-26,35,"Mendenhall School","Ozone","Guilford",36.1090060008986,-79.802314
2025-04-27,45,"Mendenhall School","Ozone","Guilford",36.1090060008986,-79.802314
2025-04-28,49,"Mendenhall School","Ozone","Guilford",36.1090060008986,-79.802314
2025-04-29,51,"Mendenhall School","Ozone","Guilford",36.1090060008986,-79.802314
2025-04-30,43,"Mendenhall School","Ozone","Guilford",36.1090060008986,-79.802314
2025-05-01,46,"Mendenhall School","Ozone","Guilford",36.1090060008986,-79.802314
2025-05-02,49,"Mendenhall School","Ozone","Guilford",36.1090060008986,-79.802314
2025-05-03,32,"Mendenhall School","Ozone","Guilford",36.1090060008986,-79.802314
2025-05-04,43,"Mendenhall School","Ozone","Guilford",36.1090060008986,-79.802314
2025-05-05,44,"Mendenhall School","Ozone","Guilford",36.1090060008986,-79.802314
2025-05-06,46,"Mendenhall School","Ozone","Guilford",36.1090060008986,-79.802314
2025-05-07,48,"Mendenhall School","Ozone","Guilford",36.1090060008986,-79.802314
2025-05-08,51,"Mendenhall School","Ozone","Guilford",36.1090060008986,-79.802314
2025-05-09,44,"Mendenhall School","Ozone","Guilford",36.1090060008986,-79.802314
2025-05-10,44,"Mendenhall School","Ozone","Guilford",36.1090060008986,-79.802314
2025-05-11,31,"Mendenhall School","Ozone","Guilford",36.1090060008986,-79.802314
2025-05-12,24,"Mendenhall School","Ozone","Guilford",36.1090060008986,-79.802314
2025-05-13,37,"Mendenhall School","Ozone","Guilford",36.1090060008986,-79.802314
2025-05-14,31,"Mendenhall School","Ozone","Guilford",36.1090060008986,-79.802314
2025-05-15,48,"Mendenhall School","Ozone","Guilford",36.1090060008986,-79.802314
2025-05-16,37,"Mendenhall School","Ozone","Guilford",36.1090060008986,-79.802314
2025-05-17,44,"Mendenhall School","Ozone","Guilford",36.1090060008986,-79.802314
2025-05-18,44,"Mendenhall School","Ozone","Guilford",36.1090060008986,-79.802314
2025-05-19,48,"Mendenhall School","Ozone","Guilford",36.1090060008986,-79.802314
2025-05-20,47,"Mendenhall School","Ozone","Guilford",36.1090060008986,-79.802314
2025-05-21,40,"Mendenhall School","Ozone","Guilford",36.1090060008986,-79.802314
2025-05-22,45,"Mendenhall School","Ozone","Guilford",36.1090060008986,-79.802314
2025-05-23,37,"Mendenhall School","Ozone","Guilford",36.1090060008986,-79.802314
2025-05-24,44,"Mendenhall School","Ozone","Guilford",36.1090060008986,-79.802314
2025-05-25,40,"Mendenhall School","Ozone","Guilford",36.1090060008986,-79.802314
2025-05-26,21,"Mendenhall School","Ozone","Guilford",36.1090060008986,-79.802314
2025-05-27,27,"Mendenhall School","Ozone","Guilford",36.1090060008986,-79.802314
2025-05-28,27,"Mendenhall School","Ozone","Guilford",36.1090060008986,-79.802314
2025-05-29,32,"Mendenhall School","Ozone","Guilford",36.1090060008986,-79.802314
2025-05-30,41,"Mendenhall School","Ozone","Guilford",36.1090060008986,-79.802314
2025-05-31,42,"Mendenhall School","Ozone","Guilford",36.1090060008986,-79.802314
2025-06-01,44,"Mendenhall School","Ozone","Guilford",36.1090060008986,-79.802314
2025-06-02,46,"Mendenhall School","Ozone","Guilford",36.1090060008986,-79.802314
2025-06-03,58,"Mendenhall School","Ozone","Guilford",36.1090060008986,-79.802314
2025-06-04,49,"Mendenhall School","Ozone","Guilford",36.1090060008986,-79.802314
2025-06-05,17,"Mendenhall School","Ozone","Guilford",36.1090060008986,-79.802314
2025-06-06,45,"Mendenhall School","Ozone","Guilford",36.1090060008986,-79.802314
2025-06-07,37,"Mendenhall School","Ozone","Guilford",36.1090060008986,-79.802314
2025-06-08,35,"Mendenhall School","Ozone","Guilford",36.1090060008986,-79.802314
2025-06-09,51,"Mendenhall School","Ozone","Guilford",36.1090060008986,-79.802314
2025-06-10,41,"Mendenhall School","Ozone","Guilford",36.1090060008986,-79.802314
2025-06-11,43,"Mendenhall School","Ozone","Guilford",36.1090060008986,-79.802314
2025-06-12,77,"Mendenhall School","Ozone","Guilford",36.1090060008986,-79.802314
2025-06-13,32,"Mendenhall School","Ozone","Guilford",36.1090060008986,-79.802314
2025-06-14,32,"Mendenhall School","Ozone","Guilford",36.1090060008986,-79.802314
2025-06-15,31,"Mendenhall School","Ozone","Guilford",36.1090060008986,-79.802314
2025-06-16,34,"Mendenhall School","Ozone","Guilford",36.1090060008986,-79.802314
2025-06-17,40,"Mendenhall School","Ozone","Guilford",36.1090060008986,-79.802314
2025-06-18,38,"Mendenhall School","Ozone","Guilford",36.1090060008986,-79.802314
2025-06-19,34,"Mendenhall School","Ozone","Guilford",36.1090060008986,-79.802314
2025-06-20,44,"Mendenhall School","Ozone","Guilford",36.1090060008986,-79.802314
2025-06-21,50,"Mendenhall School","Ozone","Guilford",36.1090060008986,-79.802314
2025-06-22,46,"Mendenhall School","Ozone","Guilford",36.1090060008986,-79.802314
2025-06-23,36,"Mendenhall School","Ozone","Guilford",36.1090060008986,-79.802314
2025-06-24,38,"Mendenhall School","Ozone","Guilford",36.1090060008986,-79.802314
2025-06-25,33,"Mendenhall School","Ozone","Guilford",36.1090060008986,-79.802314
2025-06-26,54,"Mendenhall School","Ozone","Guilford",36.1090060008986,-79.802314
2025-06-27,41,"Mendenhall School","Ozone","Guilford",36.1090060008986,-79.802314
2025-06-28,40,"Mendenhall School","Ozone","Guilford",36.1090060008986,-79.802314
2025-06-29,38,"Mendenhall School","Ozone","Guilford",36.1090060008986,-79.802314
2025-06-30,38,"Mendenhall School","Ozone","Guilford",36.1090060008986,-79.802314
2025-07-01,40,"Mendenhall School","Ozone","Guilford",36.1090060008986,-79.802314
2025-07-02,30,"Mendenhall School","Ozone","Guilford",36.1090060008986,-79.802314
2025-07-03,44,"Mendenhall School","Ozone","Guilford",36.1090060008986,-79.802314
2025-07-04,43,"Mendenhall School","Ozone","Guilford",36.1090060008986,-79.802314
2025-07-05,42,"Mendenhall School","Ozone","Guilford",36.1090060008986,-79.802314
2025-07-06,17,"Mendenhall School","Ozone","Guilford",36.1090060008986,-79.802314
2025-07-07,43,"Mendenhall School","Ozone","Guilford",36.1090060008986,-79.802314
2025-07-08,48,"Mendenhall School","Ozone","Guilford",36.1090060008986,-79.802314
2025-07-09,41,"Mendenhall School","Ozone","Guilford",36.1090060008986,-79.802314
2025-07-10,41,"Mendenhall School","Ozone","Guilford",36.1090060008986,-79.802314
2025-07-11,44,"Mendenhall School","Ozone","Guilford",36.1090060008986,-79.802314
2025-07-12,43,"Mendenhall School","Ozone","Guilford",36.1090060008986,-79.802314
2025-07-13,31,"Mendenhall School","Ozone","Guilford",36.1090060008986,-79.802314
2025-07-14,39,"Mendenhall School","Ozone","Guilford",36.1090060008986,-79.802314
2025-07-15,34,"Mendenhall School","Ozone","Guilford",36.1090060008986,-79.802314
2025-07-16,40,"Mendenhall School","Ozone","Guilford",36.1090060008986,-79.802314
2025-07-17,35,"Mendenhall School","Ozone","Guilford",36.1090060008986,-79.802314
2025-07-18,40,"Mendenhall School","Ozone","Guilford",36.1090060008986,-79.802314
2025-07-19,36,"Mendenhall School","Ozone","Guilford",36.1090060008986,-79.802314
2025-07-20,31,"Mendenhall School","Ozone","Guilford",36.1090060008986,-79.802314
2025-07-21,32,"Mendenhall School","Ozone","Guilford",36.1090060008986,-79.802314
2025-07-22,36,"Mendenhall School","Ozone","Guilford",36.1090060008986,-79.802314
2025-07-23,42,"Mendenhall School","Ozone","Guilford",36.1090060008986,-79.802314
2025-07-24,42,"Mendenhall School","Ozone","Guilford",36.1090060008986,-79.802314
2025-07-25,49,"Mendenhall School","Ozone","Guilford",36.1090060008986,-79.802314
2025-07-26,34,"Mendenhall School","Ozone","Guilford",36.1090060008986,-79.802314
2025-07-27,31,"Mendenhall School","Ozone","Guilford",36.1090060008986,-79.802314
2025-07-28,34,"Mendenhall School","Ozone","Guilford",36.1090060008986,-79.802314
2025-07-29,36,"Mendenhall School","Ozone","Guilford",36.1090060008986,-79.802314
2025-07-30,41,"Mendenhall School","Ozone","Guilford",36.1090060008986,-79.802314
2025-07-31,47,"Mendenhall School","Ozone","Guilford",36.1090060008986,-79.802314
2025-08-01,31,"Mendenhall School","Ozone","Guilford",36.1090060008986,-79.802314
2025-08-02,27,"Mendenhall School","Ozone","Guilford",36.1090060008986,-79.802314
2025-08-03,33,"Mendenhall School","Ozone","Guilford",36.1090060008986,-79.802314
2025-08-04,37,"Mendenhall School","Ozone","Guilford",36.1090060008986,-79.802314
2025-08-05,31,"Mendenhall School","Ozone","Guilford",36.1090060008986,-79.802314
2025-08-06,26,"Mendenhall School","Ozone","Guilford",36.1090060008986,-79.802314
2025-08-07,21,"Mendenhall School","Ozone","Guilford",36.1090060008986,-79.802314
2025-08-08,33,"Mendenhall School","Ozone","Guilford",36.1090060008986,-79.802314
2025-08-09,31,"Mendenhall School","Ozone","Guilford",36.1090060008986,-79.802314
2025-08-10,32,"Mendenhall School","Ozone","Guilford",36.1090060008986,-79.802314
2025-08-11,19,"Mendenhall School","Ozone","Guilford",36.1090060008986,-79.802314
2025-08-12,23,"Mendenhall School","Ozone","Guilford",36.1090060008986,-79.802314
2025-08-13,24,"Mendenhall School","Ozone","Guilford",36.1090060008986,-79.802314
2025-08-14,37,"Mendenhall School","Ozone","Guilford",36.1090060008986,-79.802314
2025-08-15,38,"Mendenhall School","Ozone","Guilford",36.1090060008986,-79.802314
2025-08-16,36,"Mendenhall School","Ozone","Guilford",36.1090060008986,-79.802314
2025-08-17,37,"Mendenhall School","Ozone","Guilford",36.1090060008986,-79.802314
2025-08-18,36,"Mendenhall School","Ozone","Guilford",36.1090060008986,-79.802314
2025-08-19,25,"Mendenhall School","Ozone","Guilford",36.1090060008986,-79.802314
2025-08-20,25,"Mendenhall School","Ozone","Guilford",36.1090060008986,-79.802314
2025-08-21,31,"Mendenhall School","Ozone","Guilford",36.1090060008986,-79.802314
2025-08-22,27,"Mendenhall School","Ozone","Guilford",36.1090060008986,-79.802314
2025-08-23,32,"Mendenhall School","Ozone","Guilford",36.1090060008986,-79.802314
2025-08-24,40,"Mendenhall School","Ozone","Guilford",36.1090060008986,-79.802314
2025-08-25,37,"Mendenhall School","Ozone","Guilford",36.1090060008986,-79.802314
2025-08-26,36,"Mendenhall School","Ozone","Guilford",36.1090060008986,-79.802314
2025-08-27,36,"Mendenhall School","Ozone","Guilford",36.1090060008986,-79.802314
2025-08-28,45,"Mendenhall School","Ozone","Guilford",36.1090060008986,-79.802314
2025-08-29,44,"Mendenhall School","Ozone","Guilford",36.1090060008986,-79.802314
2025-08-30,39,"Mendenhall School","Ozone","Guilford",36.1090060008986,-79.802314
2025-08-31,36,"Mendenhall School","Ozone","Guilford",36.1090060008986,-79.802314
2025-09-01,34,"Mendenhall School","Ozone","Guilford",36.1090060008986,-79.802314
2025-09-02,36,"Mendenhall School","Ozone","Guilford",36.1090060008986,-79.802314
2025-09-03,46,"Mendenhall School","Ozone","Guilford",36.1090060008986,-79.802314
2025-09-04,43,"Mendenhall School","Ozone","Guilford",36.1090060008986,-79.802314
2025-09-05,47,"Mendenhall School","Ozone","Guilford",36.1090060008986,-79.802314
2025-09-06,37,"Mendenhall School","Ozone","Guilford",36.1090060008986,-79.802314
2025-09-07,21,"Mendenhall School","Ozone","Guilford",36.1090060008986,-79.802314
2025-09-08,35,"Mendenhall School","Ozone","Guilford",36.1090060008986,-79.802314
2025-09-09,39,"Mendenhall School","Ozone","Guilford",36.1090060008986,-79.802314
2025-09-10,38,"Mendenhall School","Ozone","Guilford",36.1090060008986,-79.802314
2025-09-11,35,"Mendenhall School","Ozone","Guilford",36.1090060008986,-79.802314
2025-09-12,42,"Mendenhall School","Ozone","Guilford",36.1090060008986,-79.802314
2025-09-13,43,"Mendenhall School","Ozone","Guilford",36.1090060008986,-79.802314
2025-09-14,44,"Mendenhall School","Ozone","Guilford",36.1090060008986,-79.802314
2025-09-15,37,"Mendenhall School","Ozone","Guilford",36.1090060008986,-79.802314
2025-09-16,38,"Mendenhall School","Ozone","Guilford",36.1090060008986,-79.802314
2025-09-17,32,"Mendenhall School","Ozone","Guilford",36.1090060008986,-79.802314
2025-09-18,41,"Mendenhall School","Ozone","Guilford",36.1090060008986,-79.802314
2025-09-19,74,"Mendenhall School","Ozone","Guilford",36.1090060008986,-79.802314
2025-09-20,47,"Mendenhall School","Ozone","Guilford",36.1090060008986,-79.802314
2025-09-21,41,"Mendenhall School","Ozone","Guilford",36.1090060008986,-79.802314
2025-09-22,45,"Mendenhall School","Ozone","Guilford",36.1090060008986,-79.802314
2025-09-23,51,"Mendenhall School","Ozone","Guilford",36.1090060008986,-79.802314
2025-09-24,58,"Mendenhall School","Ozone","Guilford",36.1090060008986,-79.802314
2025-09-25,33,"Mendenhall School","Ozone","Guilford",36.1090060008986,-79.802314
2025-09-26,28,"Mendenhall School","Ozone","Guilford",36.1090060008986,-79.802314
2025-09-27,36,"Mendenhall School","Ozone","Guilford",36.1090060008986,-79.802314
2025-09-28,32,"Mendenhall School","Ozone","Guilford",36.1090060008986,-79.802314
2025-09-29,29,"Mendenhall School","Ozone","Guilford",36.1090060008986,-79.802314
2025-09-30,33,"Mendenhall School","Ozone","Guilford",36.1090060008986,-79.802314
2025-10-01,33,"Mendenhall School","Ozone","Guilford",36.1090060008986,-79.802314
2025-10-02,30,"Mendenhall School","Ozone","Guilford",36.1090060008986,-79.802314
2025-10-03,31,"Mendenhall School","Ozone","Guilford",36.1090060008986,-79.802314
2025-10-04,41,"Mendenhall School","Ozone","Guilford",36.1090060008986,-79.802314
2025-10-05,31,"Mendenhall School","Ozone","Guilford",36.1090060008986,-79.802314
2025-10-06,34,"Mendenhall School","Ozone","Guilford",36.1090060008986,-79.802314
2025-10-07,31,"Mendenhall School","Ozone","Guilford",36.1090060008986,-79.802314
2025-10-08,30,"Mendenhall School","Ozone","Guilford",36.1090060008986,-79.802314
2025-10-09,34,"Mendenhall School","Ozone","Guilford",36.1090060008986,-79.802314
2025-10-10,30,"Mendenhall School","Ozone","Guilford",36.1090060008986,-79.802314
2025-10-11,27,"Mendenhall School","Ozone","Guilford",36.1090060008986,-79.802314
2025-10-12,24,"Mendenhall School","Ozone","Guilford",36.1090060008986,-79.802314
2025-10-13,31,"Mendenhall School","Ozone","Guilford",36.1090060008986,-79.802314
2025-10-14,30,"Mendenhall School","Ozone","Guilford",36.1090060008986,-79.802314
2025-10-15,36,"Mendenhall School","Ozone","Guilford",36.1090060008986,-79.802314
2025-10-16,34,"Mendenhall School","Ozone","Guilford",36.1090060008986,-79.802314
2025-10-17,41,"Mendenhall School","Ozone","Guilford",36.1090060008986,-79.802314
2025-10-18,48,"Mendenhall School","Ozone","Guilford",36.1090060008986,-79.802314
2025-10-19,37,"Mendenhall School","Ozone","Guilford",36.1090060008986,-79.802314
2025-10-20,31,"Mendenhall School","Ozone","Guilford",36.1090060008986,-79.802314
2025-10-21,45,"Mendenhall School","Ozone","Guilford",36.1090060008986,-79.802314
2025-10-22,36,"Mendenhall School","Ozone","Guilford",36.1090060008986,-79.802314
2025-10-23,36,"Mendenhall School","Ozone","Guilford",36.1090060008986,-79.802314
2025-10-24,35,"Mendenhall School","Ozone","Guilford",36.1090060008986,-79.802314
2025-10-25,33,"Mendenhall School","Ozone","Guilford",36.1090060008986,-79.802314
2025-10-26,30,"Mendenhall School","Ozone","Guilford",36.1090060008986,-79.802314
2025-10-27,26,"Mendenhall School","Ozone","Guilford",36.1090060008986,-79.802314
2025-10-28,22,"Mendenhall School","Ozone","Guilford",36.1090060008986,-79.802314
2025-10-29,11,"Mendenhall School","Ozone","Guilford",36.1090060008986,-79.802314
2025-10-30,25,"Mendenhall School","Ozone","Guilford",36.1090060008986,-79.802314
2025-10-31,31,"Mendenhall School","Ozone","Guilford",36.1090060008986,-79.802314
2025-11-01,32,"Mendenhall School","Ozone","Guilford",36.1090060008986,-79.802314
2025-11-02,34,"Mendenhall School","Ozone","Guilford",36.1090060008986,-79.802314
2025-03-01,46,"Waynesville School","Ozone","Haywood",35.507224,-82.963625
2025-03-02,43,"Waynesville School","Ozone","Haywood",35.507224,-82.963625
2025-03-03,44,"Waynesville School","Ozone","Haywood",35.507224,-82.963625
2025-03-04,44,"Waynesville School","Ozone","Haywood",35.507224,-82.963625
2025-03-05,44,"Waynesville School","Ozone","Haywood",35.507224,-82.963625
2025-03-06,36,"Waynesville School","Ozone","Haywood",35.507224,-82.963625
2025-03-07,42,"Waynesville School","Ozone","Haywood",35.507224,-82.963625
2025-03-08,44,"Waynesville School","Ozone","Haywood",35.507224,-82.963625
2025-03-09,42,"Waynesville School","Ozone","Haywood",35.507224,-82.963625
2025-03-10,40,"Waynesville School","Ozone","Haywood",35.507224,-82.963625
2025-03-11,50,"Waynesville School","Ozone","Haywood",35.507224,-82.963625
2025-03-12,50,"Waynesville School","Ozone","Haywood",35.507224,-82.963625
2025-03-13,49,"Waynesville School","Ozone","Haywood",35.507224,-82.963625
2025-03-14,61,"Waynesville School","Ozone","Haywood",35.507224,-82.963625
2025-03-15,46,"Waynesville School","Ozone","Haywood",35.507224,-82.963625
2025-03-16,45,"Waynesville School","Ozone","Haywood",35.507224,-82.963625
2025-03-17,36,"Waynesville School","Ozone","Haywood",35.507224,-82.963625
2025-03-18,46,"Waynesville School","Ozone","Haywood",35.507224,-82.963625
2025-03-19,48,"Waynesville School","Ozone","Haywood",35.507224,-82.963625
2025-03-20,38,"Waynesville School","Ozone","Haywood",35.507224,-82.963625
2025-03-21,44,"Waynesville School","Ozone","Haywood",35.507224,-82.963625
2025-03-22,49,"Waynesville School","Ozone","Haywood",35.507224,-82.963625
2025-03-23,61,"Waynesville School","Ozone","Haywood",35.507224,-82.963625
2025-03-24,43,"Waynesville School","Ozone","Haywood",35.507224,-82.963625
2025-03-25,47,"Waynesville School","Ozone","Haywood",35.507224,-82.963625
2025-03-26,47,"Waynesville School","Ozone","Haywood",35.507224,-82.963625
2025-03-27,47,"Waynesville School","Ozone","Haywood",35.507224,-82.963625
2025-03-28,58,"Waynesville School","Ozone","Haywood",35.507224,-82.963625
2025-03-29,45,"Waynesville School","Ozone","Haywood",35.507224,-82.963625
2025-03-30,37,"Waynesville School","Ozone","Haywood",35.507224,-82.963625
2025-03-31,39,"Waynesville School","Ozone","Haywood",35.507224,-82.963625
2025-04-01,34,"Waynesville School","Ozone","Haywood",35.507224,-82.963625
2025-04-02,33,"Waynesville School","Ozone","Haywood",35.507224,-82.963625
2025-04-03,35,"Waynesville School","Ozone","Haywood",35.507224,-82.963625
2025-04-04,37,"Waynesville School","Ozone","Haywood",35.507224,-82.963625
2025-04-05,45,"Waynesville School","Ozone","Haywood",35.507224,-82.963625
2025-04-06,37,"Waynesville School","Ozone","Haywood",35.507224,-82.963625
2025-04-07,31,"Waynesville School","Ozone","Haywood",35.507224,-82.963625
2025-04-08,49,"Waynesville School","Ozone","Haywood",35.507224,-82.963625
2025-04-09,46,"Waynesville School","Ozone","Haywood",35.507224,-82.963625
2025-04-10,43,"Waynesville School","Ozone","Haywood",35.507224,-82.963625
2025-04-11,44,"Waynesville School","Ozone","Haywood",35.507224,-82.963625
2025-04-12,42,"Waynesville School","Ozone","Haywood",35.507224,-82.963625
2025-04-13,47,"Waynesville School","Ozone","Haywood",35.507224,-82.963625
2025-04-14,80,"Waynesville School","Ozone","Haywood",35.507224,-82.963625
2025-04-15,46,"Waynesville School","Ozone","Haywood",35.507224,-82.963625
2025-04-16,50,"Waynesville School","Ozone","Haywood",35.507224,-82.963625
2025-04-17,51,"Waynesville School","Ozone","Haywood",35.507224,-82.963625
2025-04-18,87,"Waynesville School","Ozone","Haywood",35.507224,-82.963625
2025-04-19,58,"Waynesville School","Ozone","Haywood",35.507224,-82.963625
2025-04-20,49,"Waynesville School","Ozone","Haywood",35.507224,-82.963625
2025-04-21,46,"Waynesville School","Ozone","Haywood",35.507224,-82.963625
2025-04-22,34,"Waynesville School","Ozone","Haywood",35.507224,-82.963625
2025-04-23,36,"Waynesville School","Ozone","Haywood",35.507224,-82.963625
2025-04-24,33,"Waynesville School","Ozone","Haywood",35.507224,-82.963625
2025-04-25,37,"Waynesville School","Ozone","Haywood",35.507224,-82.963625
2025-04-26,43,"Waynesville School","Ozone","Haywood",35.507224,-82.963625
2025-04-27,58,"Waynesville School","Ozone","Haywood",35.507224,-82.963625
2025-04-28,47,"Waynesville School","Ozone","Haywood",35.507224,-82.963625
2025-04-29,46,"Waynesville School","Ozone","Haywood",35.507224,-82.963625
2025-04-30,41,"Waynesville School","Ozone","Haywood",35.507224,-82.963625
2025-05-01,47,"Waynesville School","Ozone","Haywood",35.507224,-82.963625
2025-05-02,40,"Waynesville School","Ozone","Haywood",35.507224,-82.963625
2025-05-03,43,"Waynesville School","Ozone","Haywood",35.507224,-82.963625
2025-05-04,42,"Waynesville School","Ozone","Haywood",35.507224,-82.963625
2025-05-05,42,"Waynesville School","Ozone","Haywood",35.507224,-82.963625
2025-05-06,42,"Waynesville School","Ozone","Haywood",35.507224,-82.963625
2025-05-07,33,"Waynesville School","Ozone","Haywood",35.507224,-82.963625
2025-05-08,42,"Waynesville School","Ozone","Haywood",35.507224,-82.963625
2025-05-09,47,"Waynesville School","Ozone","Haywood",35.507224,-82.963625
2025-05-10,35,"Waynesville School","Ozone","Haywood",35.507224,-82.963625
2025-05-11,39,"Waynesville School","Ozone","Haywood",35.507224,-82.963625
2025-05-12,27,"Waynesville School","Ozone","Haywood",35.507224,-82.963625
2025-05-13,42,"Waynesville School","Ozone","Haywood",35.507224,-82.963625
2025-05-14,41,"Waynesville School","Ozone","Haywood",35.507224,-82.963625
2025-05-15,44,"Waynesville School","Ozone","Haywood",35.507224,-82.963625
2025-05-16,36,"Waynesville School","Ozone","Haywood",35.507224,-82.963625
2025-05-19,30,"Waynesville School","Ozone","Haywood",35.507224,-82.963625
2025-05-20,31,"Waynesville School","Ozone","Haywood",35.507224,-82.963625
2025-05-21,45,"Waynesville School","Ozone","Haywood",35.507224,-82.963625
2025-05-22,58,"Waynesville School","Ozone","Haywood",35.507224,-82.963625
2025-05-23,41,"Waynesville School","Ozone","Haywood",35.507224,-82.963625
2025-05-24,38,"Waynesville School","Ozone","Haywood",35.507224,-82.963625
2025-05-25,35,"Waynesville School","Ozone","Haywood",35.507224,-82.963625
2025-05-26,29,"Waynesville School","Ozone","Haywood",35.507224,-82.963625
2025-05-27,21,"Waynesville School","Ozone","Haywood",35.507224,-82.963625
2025-05-28,34,"Waynesville School","Ozone","Haywood",35.507224,-82.963625
2025-05-29,33,"Waynesville School","Ozone","Haywood",35.507224,-82.963625
2025-05-30,44,"Waynesville School","Ozone","Haywood",35.507224,-82.963625
2025-05-31,54,"Waynesville School","Ozone","Haywood",35.507224,-82.963625
2025-06-01,48,"Waynesville School","Ozone","Haywood",35.507224,-82.963625
2025-06-02,50,"Waynesville School","Ozone","Haywood",35.507224,-82.963625
2025-06-03,50,"Waynesville School","Ozone","Haywood",35.507224,-82.963625
2025-06-04,46,"Waynesville School","Ozone","Haywood",35.507224,-82.963625
2025-06-05,44,"Waynesville School","Ozone","Haywood",35.507224,-82.963625
2025-06-06,39,"Waynesville School","Ozone","Haywood",35.507224,-82.963625
2025-06-07,40,"Waynesville School","Ozone","Haywood",35.507224,-82.963625
2025-06-08,43,"Waynesville School","Ozone","Haywood",35.507224,-82.963625
2025-06-09,42,"Waynesville School","Ozone","Haywood",35.507224,-82.963625
2025-06-10,40,"Waynesville School","Ozone","Haywood",35.507224,-82.963625
2025-06-11,47,"Waynesville School","Ozone","Haywood",35.507224,-82.963625
2025-06-12,31,"Waynesville School","Ozone","Haywood",35.507224,-82.963625
2025-06-13,28,"Waynesville School","Ozone","Haywood",35.507224,-82.963625
2025-06-14,31,"Waynesville School","Ozone","Haywood",35.507224,-82.963625
2025-06-15,32,"Waynesville School","Ozone","Haywood",35.507224,-82.963625
2025-06-16,32,"Waynesville School","Ozone","Haywood",35.507224,-82.963625
2025-06-17,28,"Waynesville School","Ozone","Haywood",35.507224,-82.963625
2025-06-18,30,"Waynesville School","Ozone","Haywood",35.507224,-82.963625
2025-06-19,42,"Waynesville School","Ozone","Haywood",35.507224,-82.963625
2025-06-20,41,"Waynesville School","Ozone","Haywood",35.507224,-82.963625
2025-06-21,44,"Waynesville School","Ozone","Haywood",35.507224,-82.963625
2025-06-22,43,"Waynesville School","Ozone","Haywood",35.507224,-82.963625
2025-06-23,39,"Waynesville School","Ozone","Haywood",35.507224,-82.963625
2025-06-24,41,"Waynesville School","Ozone","Haywood",35.507224,-82.963625
2025-06-25,39,"Waynesville School","Ozone","Haywood",35.507224,-82.963625
2025-06-26,32,"Waynesville School","Ozone","Haywood",35.507224,-82.963625
2025-06-27,41,"Waynesville School","Ozone","Haywood",35.507224,-82.963625
2025-06-28,31,"Waynesville School","Ozone","Haywood",35.507224,-82.963625
2025-06-29,38,"Waynesville School","Ozone","Haywood",35.507224,-82.963625
2025-06-30,36,"Waynesville School","Ozone","Haywood",35.507224,-82.963625
2025-07-01,34,"Waynesville School","Ozone","Haywood",35.507224,-82.963625
2025-07-02,48,"Waynesville School","Ozone","Haywood",35.507224,-82.963625
2025-07-03,48,"Waynesville School","Ozone","Haywood",35.507224,-82.963625
2025-07-04,47,"Waynesville School","Ozone","Haywood",35.507224,-82.963625
2025-07-05,43,"Waynesville School","Ozone","Haywood",35.507224,-82.963625
2025-07-06,40,"Waynesville School","Ozone","Haywood",35.507224,-82.963625
2025-07-07,40,"Waynesville School","Ozone","Haywood",35.507224,-82.963625
2025-07-08,37,"Waynesville School","Ozone","Haywood",35.507224,-82.963625
2025-07-09,35,"Waynesville School","Ozone","Haywood",35.507224,-82.963625
2025-07-10,35,"Waynesville School","Ozone","Haywood",35.507224,-82.963625
2025-07-11,35,"Waynesville School","Ozone","Haywood",35.507224,-82.963625
2025-07-12,31,"Waynesville School","Ozone","Haywood",35.507224,-82.963625
2025-07-13,24,"Waynesville School","Ozone","Haywood",35.507224,-82.963625
2025-07-14,31,"Waynesville School","Ozone","Haywood",35.507224,-82.963625
2025-07-15,27,"Waynesville School","Ozone","Haywood",35.507224,-82.963625
2025-07-16,32,"Waynesville School","Ozone","Haywood",35.507224,-82.963625
2025-07-17,33,"Waynesville School","Ozone","Haywood",35.507224,-82.963625
2025-07-18,30,"Waynesville School","Ozone","Haywood",35.507224,-82.963625
2025-07-19,31,"Waynesville School","Ozone","Haywood",35.507224,-82.963625
2025-07-20,26,"Waynesville School","Ozone","Haywood",35.507224,-82.963625
2025-07-21,31,"Waynesville School","Ozone","Haywood",35.507224,-82.963625
2025-07-22,29,"Waynesville School","Ozone","Haywood",35.507224,-82.963625
2025-07-23,38,"Waynesville School","Ozone","Haywood",35.507224,-82.963625
2025-07-24,39,"Waynesville School","Ozone","Haywood",35.507224,-82.963625
2025-07-25,34,"Waynesville School","Ozone","Haywood",35.507224,-82.963625
2025-07-26,33,"Waynesville School","Ozone","Haywood",35.507224,-82.963625
2025-07-27,27,"Waynesville School","Ozone","Haywood",35.507224,-82.963625
2025-07-28,31,"Waynesville School","Ozone","Haywood",35.507224,-82.963625
2025-07-29,32,"Waynesville School","Ozone","Haywood",35.507224,-82.963625
2025-07-30,31,"Waynesville School","Ozone","Haywood",35.507224,-82.963625
2025-07-31,27,"Waynesville School","Ozone","Haywood",35.507224,-82.963625
2025-08-01,35,"Waynesville School","Ozone","Haywood",35.507224,-82.963625
2025-08-02,22,"Waynesville School","Ozone","Haywood",35.507224,-82.963625
2025-08-03,31,"Waynesville School","Ozone","Haywood",35.507224,-82.963625
2025-08-04,28,"Waynesville School","Ozone","Haywood",35.507224,-82.963625
2025-08-05,28,"Waynesville School","Ozone","Haywood",35.507224,-82.963625
2025-08-06,32,"Waynesville School","Ozone","Haywood",35.507224,-82.963625
2025-08-07,31,"Waynesville School","Ozone","Haywood",35.507224,-82.963625
2025-08-08,34,"Waynesville School","Ozone","Haywood",35.507224,-82.963625
2025-08-09,32,"Waynesville School","Ozone","Haywood",35.507224,-82.963625
2025-08-10,29,"Waynesville School","Ozone","Haywood",35.507224,-82.963625
2025-08-11,22,"Waynesville School","Ozone","Haywood",35.507224,-82.963625
2025-08-12,22,"Waynesville School","Ozone","Haywood",35.507224,-82.963625
2025-08-13,23,"Waynesville School","Ozone","Haywood",35.507224,-82.963625
2025-08-14,34,"Waynesville School","Ozone","Haywood",35.507224,-82.963625
2025-08-15,31,"Waynesville School","Ozone","Haywood",35.507224,-82.963625
2025-08-16,34,"Waynesville School","Ozone","Haywood",35.507224,-82.963625
2025-08-17,37,"Waynesville School","Ozone","Haywood",35.507224,-82.963625
2025-08-18,42,"Waynesville School","Ozone","Haywood",35.507224,-82.963625
2025-08-19,31,"Waynesville School","Ozone","Haywood",35.507224,-82.963625
2025-08-20,36,"Waynesville School","Ozone","Haywood",35.507224,-82.963625
2025-08-21,33,"Waynesville School","Ozone","Haywood",35.507224,-82.963625
2025-08-22,34,"Waynesville School","Ozone","Haywood",35.507224,-82.963625
2025-08-23,26,"Waynesville School","Ozone","Haywood",35.507224,-82.963625
2025-08-24,31,"Waynesville School","Ozone","Haywood",35.507224,-82.963625
2025-08-25,34,"Waynesville School","Ozone","Haywood",35.507224,-82.963625
2025-08-26,38,"Waynesville School","Ozone","Haywood",35.507224,-82.963625
2025-08-27,38,"Waynesville School","Ozone","Haywood",35.507224,-82.963625
2025-08-28,37,"Waynesville School","Ozone","Haywood",35.507224,-82.963625
2025-08-29,42,"Waynesville School","Ozone","Haywood",35.507224,-82.963625
2025-08-30,38,"Waynesville School","Ozone","Haywood",35.507224,-82.963625
2025-08-31,32,"Waynesville School","Ozone","Haywood",35.507224,-82.963625
2025-09-01,34,"Waynesville School","Ozone","Haywood",35.507224,-82.963625
2025-09-02,28,"Waynesville School","Ozone","Haywood",35.507224,-82.963625
2025-09-03,34,"Waynesville School","Ozone","Haywood",35.507224,-82.963625
2025-09-04,33,"Waynesville School","Ozone","Haywood",35.507224,-82.963625
2025-09-05,36,"Waynesville School","Ozone","Haywood",35.507224,-82.963625
2025-09-06,33,"Waynesville School","Ozone","Haywood",35.507224,-82.963625
2025-09-07,33,"Waynesville School","Ozone","Haywood",35.507224,-82.963625
2025-09-08,35,"Waynesville School","Ozone","Haywood",35.507224,-82.963625
2025-09-09,39,"Waynesville School","Ozone","Haywood",35.507224,-82.963625
2025-09-10,43,"Waynesville School","Ozone","Haywood",35.507224,-82.963625
2025-09-11,44,"Waynesville School","Ozone","Haywood",35.507224,-82.963625
2025-09-12,40,"Waynesville School","Ozone","Haywood",35.507224,-82.963625
2025-09-13,43,"Waynesville School","Ozone","Haywood",35.507224,-82.963625
2025-09-14,43,"Waynesville School","Ozone","Haywood",35.507224,-82.963625
2025-09-15,44,"Waynesville School","Ozone","Haywood",35.507224,-82.963625
2025-09-16,41,"Waynesville School","Ozone","Haywood",35.507224,-82.963625
2025-09-17,46,"Waynesville School","Ozone","Haywood",35.507224,-82.963625
2025-09-18,41,"Waynesville School","Ozone","Haywood",35.507224,-82.963625
2025-09-19,38,"Waynesville School","Ozone","Haywood",35.507224,-82.963625
2025-09-20,33,"Waynesville School","Ozone","Haywood",35.507224,-82.963625
2025-09-21,33,"Waynesville School","Ozone","Haywood",35.507224,-82.963625
2025-09-22,30,"Waynesville School","Ozone","Haywood",35.507224,-82.963625
2025-09-23,37,"Waynesville School","Ozone","Haywood",35.507224,-82.963625
2025-09-24,33,"Waynesville School","Ozone","Haywood",35.507224,-82.963625
2025-09-25,30,"Waynesville School","Ozone","Haywood",35.507224,-82.963625
2025-09-26,30,"Waynesville School","Ozone","Haywood",35.507224,-82.963625
2025-09-27,34,"Waynesville School","Ozone","Haywood",35.507224,-82.963625
2025-09-28,39,"Waynesville School","Ozone","Haywood",35.507224,-82.963625
2025-09-29,40,"Waynesville School","Ozone","Haywood",35.507224,-82.963625
2025-09-30,25,"Waynesville School","Ozone","Haywood",35.507224,-82.963625
2025-10-01,40,"Waynesville School","Ozone","Haywood",35.507224,-82.963625
2025-10-02,38,"Waynesville School","Ozone","Haywood",35.507224,-82.963625
2025-10-03,39,"Waynesville School","Ozone","Haywood",35.507224,-82.963625
2025-10-04,33,"Waynesville School","Ozone","Haywood",35.507224,-82.963625
2025-10-05,31,"Waynesville School","Ozone","Haywood",35.507224,-82.963625
2025-10-06,31,"Waynesville School","Ozone","Haywood",35.507224,-82.963625
2025-10-07,30,"Waynesville School","Ozone","Haywood",35.507224,-82.963625
2025-10-08,35,"Waynesville School","Ozone","Haywood",35.507224,-82.963625
2025-10-09,35,"Waynesville School","Ozone","Haywood",35.507224,-82.963625
2025-10-10,39,"Waynesville School","Ozone","Haywood",35.507224,-82.963625
2025-10-11,36,"Waynesville School","Ozone","Haywood",35.507224,-82.963625
2025-10-12,39,"Waynesville School","Ozone","Haywood",35.507224,-82.963625
2025-10-13,38,"Waynesville School","Ozone","Haywood",35.507224,-82.963625
2025-10-14,43,"Waynesville School","Ozone","Haywood",35.507224,-82.963625
2025-10-15,44,"Waynesville School","Ozone","Haywood",35.507224,-82.963625
2025-10-16,42,"Waynesville School","Ozone","Haywood",35.507224,-82.963625
2025-10-17,41,"Waynesville School","Ozone","Haywood",35.507224,-82.963625
2025-10-18,44,"Waynesville School","Ozone","Haywood",35.507224,-82.963625
2025-10-19,40,"Waynesville School","Ozone","Haywood",35.507224,-82.963625
2025-10-20,33,"Waynesville School","Ozone","Haywood",35.507224,-82.963625
2025-10-21,41,"Waynesville School","Ozone","Haywood",35.507224,-82.963625
2025-10-22,36,"Waynesville School","Ozone","Haywood",35.507224,-82.963625
2025-10-23,41,"Waynesville School","Ozone","Haywood",35.507224,-82.963625
2025-10-24,34,"Waynesville School","Ozone","Haywood",35.507224,-82.963625
2025-10-25,38,"Waynesville School","Ozone","Haywood",35.507224,-82.963625
2025-10-26,34,"Waynesville School","Ozone","Haywood",35.507224,-82.963625
2025-10-27,31,"Waynesville School","Ozone","Haywood",35.507224,-82.963625
2025-10-28,32,"Waynesville School","Ozone","Haywood",35.507224,-82.963625
2025-10-29,19,"Waynesville School","Ozone","Haywood",35.507224,-82.963625
2025-10-30,26,"Waynesville School","Ozone","Haywood",35.507224,-82.963625
2025-10-31,35,"Waynesville School","Ozone","Haywood",35.507224,-82.963625
2025-11-01,34,"Waynesville School","Ozone","Haywood",35.507224,-82.963625
2025-11-02,35,"Waynesville School","Ozone","Haywood",35.507224,-82.963625
2025-03-01,46,"Frying Pan Mountain","Ozone","Haywood",35.379167,-82.7925
2025-03-02,45,"Frying Pan Mountain","Ozone","Haywood",35.379167,-82.7925
2025-03-03,47,"Frying Pan Mountain","Ozone","Haywood",35.379167,-82.7925
2025-03-04,44,"Frying Pan Mountain","Ozone","Haywood",35.379167,-82.7925
2025-03-06,42,"Frying Pan Mountain","Ozone","Haywood",35.379167,-82.7925
2025-03-07,45,"Frying Pan Mountain","Ozone","Haywood",35.379167,-82.7925
2025-03-08,46,"Frying Pan Mountain","Ozone","Haywood",35.379167,-82.7925
2025-03-09,44,"Frying Pan Mountain","Ozone","Haywood",35.379167,-82.7925
2025-03-10,48,"Frying Pan Mountain","Ozone","Haywood",35.379167,-82.7925
2025-03-11,74,"Frying Pan Mountain","Ozone","Haywood",35.379167,-82.7925
2025-03-12,74,"Frying Pan Mountain","Ozone","Haywood",35.379167,-82.7925
2025-03-13,74,"Frying Pan Mountain","Ozone","Haywood",35.379167,-82.7925
2025-03-14,64,"Frying Pan Mountain","Ozone","Haywood",35.379167,-82.7925
2025-03-15,41,"Frying Pan Mountain","Ozone","Haywood",35.379167,-82.7925
2025-03-17,44,"Frying Pan Mountain","Ozone","Haywood",35.379167,-82.7925
2025-03-18,48,"Frying Pan Mountain","Ozone","Haywood",35.379167,-82.7925
2025-03-19,50,"Frying Pan Mountain","Ozone","Haywood",35.379167,-82.7925
2025-03-20,40,"Frying Pan Mountain","Ozone","Haywood",35.379167,-82.7925
2025-03-21,46,"Frying Pan Mountain","Ozone","Haywood",35.379167,-82.7925
2025-03-22,48,"Frying Pan Mountain","Ozone","Haywood",35.379167,-82.7925
2025-03-23,61,"Frying Pan Mountain","Ozone","Haywood",35.379167,-82.7925
2025-03-24,45,"Frying Pan Mountain","Ozone","Haywood",35.379167,-82.7925
2025-03-25,46,"Frying Pan Mountain","Ozone","Haywood",35.379167,-82.7925
2025-03-26,47,"Frying Pan Mountain","Ozone","Haywood",35.379167,-82.7925
2025-03-27,49,"Frying Pan Mountain","Ozone","Haywood",35.379167,-82.7925
2025-03-28,61,"Frying Pan Mountain","Ozone","Haywood",35.379167,-82.7925
2025-03-29,44,"Frying Pan Mountain","Ozone","Haywood",35.379167,-82.7925
2025-03-30,32,"Frying Pan Mountain","Ozone","Haywood",35.379167,-82.7925
2025-03-31,44,"Frying Pan Mountain","Ozone","Haywood",35.379167,-82.7925
2025-04-01,37,"Frying Pan Mountain","Ozone","Haywood",35.379167,-82.7925
2025-04-02,30,"Frying Pan Mountain","Ozone","Haywood",35.379167,-82.7925
2025-04-03,30,"Frying Pan Mountain","Ozone","Haywood",35.379167,-82.7925
2025-04-04,33,"Frying Pan Mountain","Ozone","Haywood",35.379167,-82.7925
2025-04-05,41,"Frying Pan Mountain","Ozone","Haywood",35.379167,-82.7925
2025-04-06,42,"Frying Pan Mountain","Ozone","Haywood",35.379167,-82.7925
2025-04-07,44,"Frying Pan Mountain","Ozone","Haywood",35.379167,-82.7925
2025-04-08,49,"Frying Pan Mountain","Ozone","Haywood",35.379167,-82.7925
2025-04-09,48,"Frying Pan Mountain","Ozone","Haywood",35.379167,-82.7925
2025-04-10,61,"Frying Pan Mountain","Ozone","Haywood",35.379167,-82.7925
2025-04-11,44,"Frying Pan Mountain","Ozone","Haywood",35.379167,-82.7925
2025-04-12,46,"Frying Pan Mountain","Ozone","Haywood",35.379167,-82.7925
2025-04-13,67,"Frying Pan Mountain","Ozone","Haywood",35.379167,-82.7925
2025-04-14,77,"Frying Pan Mountain","Ozone","Haywood",35.379167,-82.7925
2025-04-15,45,"Frying Pan Mountain","Ozone","Haywood",35.379167,-82.7925
2025-04-16,54,"Frying Pan Mountain","Ozone","Haywood",35.379167,-82.7925
2025-04-17,58,"Frying Pan Mountain","Ozone","Haywood",35.379167,-82.7925
2025-04-18,84,"Frying Pan Mountain","Ozone","Haywood",35.379167,-82.7925
2025-04-19,74,"Frying Pan Mountain","Ozone","Haywood",35.379167,-82.7925
2025-04-20,50,"Frying Pan Mountain","Ozone","Haywood",35.379167,-82.7925
2025-04-21,49,"Frying Pan Mountain","Ozone","Haywood",35.379167,-82.7925
2025-04-22,44,"Frying Pan Mountain","Ozone","Haywood",35.379167,-82.7925
2025-04-23,44,"Frying Pan Mountain","Ozone","Haywood",35.379167,-82.7925
2025-04-24,41,"Frying Pan Mountain","Ozone","Haywood",35.379167,-82.7925
2025-04-25,40,"Frying Pan Mountain","Ozone","Haywood",35.379167,-82.7925
2025-04-26,43,"Frying Pan Mountain","Ozone","Haywood",35.379167,-82.7925
2025-04-27,64,"Frying Pan Mountain","Ozone","Haywood",35.379167,-82.7925
2025-04-28,50,"Frying Pan Mountain","Ozone","Haywood",35.379167,-82.7925
2025-04-29,43,"Frying Pan Mountain","Ozone","Haywood",35.379167,-82.7925
2025-04-30,44,"Frying Pan Mountain","Ozone","Haywood",35.379167,-82.7925
2025-05-01,46,"Frying Pan Mountain","Ozone","Haywood",35.379167,-82.7925
2025-05-02,44,"Frying Pan Mountain","Ozone","Haywood",35.379167,-82.7925
2025-05-03,46,"Frying Pan Mountain","Ozone","Haywood",35.379167,-82.7925
2025-05-04,42,"Frying Pan Mountain","Ozone","Haywood",35.379167,-82.7925
2025-05-05,43,"Frying Pan Mountain","Ozone","Haywood",35.379167,-82.7925
2025-05-06,46,"Frying Pan Mountain","Ozone","Haywood",35.379167,-82.7925
2025-05-07,39,"Frying Pan Mountain","Ozone","Haywood",35.379167,-82.7925
2025-05-08,51,"Frying Pan Mountain","Ozone","Haywood",35.379167,-82.7925
2025-05-09,48,"Frying Pan Mountain","Ozone","Haywood",35.379167,-82.7925
2025-05-10,44,"Frying Pan Mountain","Ozone","Haywood",35.379167,-82.7925
2025-05-11,36,"Frying Pan Mountain","Ozone","Haywood",35.379167,-82.7925
2025-05-12,39,"Frying Pan Mountain","Ozone","Haywood",35.379167,-82.7925
2025-05-13,41,"Frying Pan Mountain","Ozone","Haywood",35.379167,-82.7925
2025-05-14,46,"Frying Pan Mountain","Ozone","Haywood",35.379167,-82.7925
2025-05-15,46,"Frying Pan Mountain","Ozone","Haywood",35.379167,-82.7925
2025-05-16,42,"Frying Pan Mountain","Ozone","Haywood",35.379167,-82.7925
2025-05-17,48,"Frying Pan Mountain","Ozone","Haywood",35.379167,-82.7925
2025-05-18,48,"Frying Pan Mountain","Ozone","Haywood",35.379167,-82.7925
2025-05-19,39,"Frying Pan Mountain","Ozone","Haywood",35.379167,-82.7925
2025-05-20,34,"Frying Pan Mountain","Ozone","Haywood",35.379167,-82.7925
2025-05-21,45,"Frying Pan Mountain","Ozone","Haywood",35.379167,-82.7925
2025-05-22,50,"Frying Pan Mountain","Ozone","Haywood",35.379167,-82.7925
2025-05-23,42,"Frying Pan Mountain","Ozone","Haywood",35.379167,-82.7925
2025-05-24,45,"Frying Pan Mountain","Ozone","Haywood",35.379167,-82.7925
2025-05-25,33,"Frying Pan Mountain","Ozone","Haywood",35.379167,-82.7925
2025-05-26,27,"Frying Pan Mountain","Ozone","Haywood",35.379167,-82.7925
2025-05-27,31,"Frying Pan Mountain","Ozone","Haywood",35.379167,-82.7925
2025-05-28,36,"Frying Pan Mountain","Ozone","Haywood",35.379167,-82.7925
2025-05-29,41,"Frying Pan Mountain","Ozone","Haywood",35.379167,-82.7925
2025-05-30,44,"Frying Pan Mountain","Ozone","Haywood",35.379167,-82.7925
2025-05-31,51,"Frying Pan Mountain","Ozone","Haywood",35.379167,-82.7925
2025-06-01,47,"Frying Pan Mountain","Ozone","Haywood",35.379167,-82.7925
2025-06-02,44,"Frying Pan Mountain","Ozone","Haywood",35.379167,-82.7925
2025-06-03,49,"Frying Pan Mountain","Ozone","Haywood",35.379167,-82.7925
2025-06-04,44,"Frying Pan Mountain","Ozone","Haywood",35.379167,-82.7925
2025-06-05,40,"Frying Pan Mountain","Ozone","Haywood",35.379167,-82.7925
2025-06-06,36,"Frying Pan Mountain","Ozone","Haywood",35.379167,-82.7925
2025-06-07,43,"Frying Pan Mountain","Ozone","Haywood",35.379167,-82.7925
2025-06-08,42,"Frying Pan Mountain","Ozone","Haywood",35.379167,-82.7925
2025-06-09,42,"Frying Pan Mountain","Ozone","Haywood",35.379167,-82.7925
2025-06-10,49,"Frying Pan Mountain","Ozone","Haywood",35.379167,-82.7925
2025-06-11,42,"Frying Pan Mountain","Ozone","Haywood",35.379167,-82.7925
2025-06-12,31,"Frying Pan Mountain","Ozone","Haywood",35.379167,-82.7925
2025-06-13,23,"Frying Pan Mountain","Ozone","Haywood",35.379167,-82.7925
2025-06-14,31,"Frying Pan Mountain","Ozone","Haywood",35.379167,-82.7925
2025-06-15,31,"Frying Pan Mountain","Ozone","Haywood",35.379167,-82.7925
2025-06-16,29,"Frying Pan Mountain","Ozone","Haywood",35.379167,-82.7925
2025-06-17,39,"Frying Pan Mountain","Ozone","Haywood",35.379167,-82.7925
2025-06-18,30,"Frying Pan Mountain","Ozone","Haywood",35.379167,-82.7925
2025-06-19,44,"Frying Pan Mountain","Ozone","Haywood",35.379167,-82.7925
2025-06-20,34,"Frying Pan Mountain","Ozone","Haywood",35.379167,-82.7925
2025-06-21,44,"Frying Pan Mountain","Ozone","Haywood",35.379167,-82.7925
2025-06-22,48,"Frying Pan Mountain","Ozone","Haywood",35.379167,-82.7925
2025-06-23,43,"Frying Pan Mountain","Ozone","Haywood",35.379167,-82.7925
2025-06-24,41,"Frying Pan Mountain","Ozone","Haywood",35.379167,-82.7925
2025-06-25,43,"Frying Pan Mountain","Ozone","Haywood",35.379167,-82.7925
2025-06-26,44,"Frying Pan Mountain","Ozone","Haywood",35.379167,-82.7925
2025-06-27,44,"Frying Pan Mountain","Ozone","Haywood",35.379167,-82.7925
2025-06-28,40,"Frying Pan Mountain","Ozone","Haywood",35.379167,-82.7925
2025-06-29,37,"Frying Pan Mountain","Ozone","Haywood",35.379167,-82.7925
2025-06-30,33,"Frying Pan Mountain","Ozone","Haywood",35.379167,-82.7925
2025-07-01,30,"Frying Pan Mountain","Ozone","Haywood",35.379167,-82.7925
2025-07-02,44,"Frying Pan Mountain","Ozone","Haywood",35.379167,-82.7925
2025-07-03,51,"Frying Pan Mountain","Ozone","Haywood",35.379167,-82.7925
2025-07-04,43,"Frying Pan Mountain","Ozone","Haywood",35.379167,-82.7925
2025-07-05,45,"Frying Pan Mountain","Ozone","Haywood",35.379167,-82.7925
2025-07-06,41,"Frying Pan Mountain","Ozone","Haywood",35.379167,-82.7925
2025-07-07,36,"Frying Pan Mountain","Ozone","Haywood",35.379167,-82.7925
2025-07-08,36,"Frying Pan Mountain","Ozone","Haywood",35.379167,-82.7925
2025-07-09,35,"Frying Pan Mountain","Ozone","Haywood",35.379167,-82.7925
2025-07-10,33,"Frying Pan Mountain","Ozone","Haywood",35.379167,-82.7925
2025-07-11,36,"Frying Pan Mountain","Ozone","Haywood",35.379167,-82.7925
2025-07-12,34,"Frying Pan Mountain","Ozone","Haywood",35.379167,-82.7925
2025-07-13,29,"Frying Pan Mountain","Ozone","Haywood",35.379167,-82.7925
2025-07-14,29,"Frying Pan Mountain","Ozone","Haywood",35.379167,-82.7925
2025-07-15,24,"Frying Pan Mountain","Ozone","Haywood",35.379167,-82.7925
2025-07-16,32,"Frying Pan Mountain","Ozone","Haywood",35.379167,-82.7925
2025-07-17,35,"Frying Pan Mountain","Ozone","Haywood",35.379167,-82.7925
2025-07-18,32,"Frying Pan Mountain","Ozone","Haywood",35.379167,-82.7925
2025-07-19,28,"Frying Pan Mountain","Ozone","Haywood",35.379167,-82.7925
2025-07-20,29,"Frying Pan Mountain","Ozone","Haywood",35.379167,-82.7925
2025-07-21,31,"Frying Pan Mountain","Ozone","Haywood",35.379167,-82.7925
2025-07-22,30,"Frying Pan Mountain","Ozone","Haywood",35.379167,-82.7925
2025-07-23,39,"Frying Pan Mountain","Ozone","Haywood",35.379167,-82.7925
2025-07-24,32,"Frying Pan Mountain","Ozone","Haywood",35.379167,-82.7925
2025-07-25,31,"Frying Pan Mountain","Ozone","Haywood",35.379167,-82.7925
2025-07-26,30,"Frying Pan Mountain","Ozone","Haywood",35.379167,-82.7925
2025-07-27,27,"Frying Pan Mountain","Ozone","Haywood",35.379167,-82.7925
2025-07-28,32,"Frying Pan Mountain","Ozone","Haywood",35.379167,-82.7925
2025-07-29,31,"Frying Pan Mountain","Ozone","Haywood",35.379167,-82.7925
2025-07-30,34,"Frying Pan Mountain","Ozone","Haywood",35.379167,-82.7925
2025-07-31,33,"Frying Pan Mountain","Ozone","Haywood",35.379167,-82.7925
2025-08-01,37,"Frying Pan Mountain","Ozone","Haywood",35.379167,-82.7925
2025-08-02,26,"Frying Pan Mountain","Ozone","Haywood",35.379167,-82.7925
2025-08-03,34,"Frying Pan Mountain","Ozone","Haywood",35.379167,-82.7925
2025-08-04,35,"Frying Pan Mountain","Ozone","Haywood",35.379167,-82.7925
2025-08-05,29,"Frying Pan Mountain","Ozone","Haywood",35.379167,-82.7925
2025-08-06,26,"Frying Pan Mountain","Ozone","Haywood",35.379167,-82.7925
2025-08-07,29,"Frying Pan Mountain","Ozone","Haywood",35.379167,-82.7925
2025-08-08,30,"Frying Pan Mountain","Ozone","Haywood",35.379167,-82.7925
2025-08-09,30,"Frying Pan Mountain","Ozone","Haywood",35.379167,-82.7925
2025-08-10,25,"Frying Pan Mountain","Ozone","Haywood",35.379167,-82.7925
2025-08-11,19,"Frying Pan Mountain","Ozone","Haywood",35.379167,-82.7925
2025-08-12,23,"Frying Pan Mountain","Ozone","Haywood",35.379167,-82.7925
2025-08-13,23,"Frying Pan Mountain","Ozone","Haywood",35.379167,-82.7925
2025-08-14,35,"Frying Pan Mountain","Ozone","Haywood",35.379167,-82.7925
2025-08-15,43,"Frying Pan Mountain","Ozone","Haywood",35.379167,-82.7925
2025-08-16,39,"Frying Pan Mountain","Ozone","Haywood",35.379167,-82.7925
2025-08-17,42,"Frying Pan Mountain","Ozone","Haywood",35.379167,-82.7925
2025-08-18,38,"Frying Pan Mountain","Ozone","Haywood",35.379167,-82.7925
2025-08-19,36,"Frying Pan Mountain","Ozone","Haywood",35.379167,-82.7925
2025-08-20,36,"Frying Pan Mountain","Ozone","Haywood",35.379167,-82.7925
2025-08-21,32,"Frying Pan Mountain","Ozone","Haywood",35.379167,-82.7925
2025-08-22,27,"Frying Pan Mountain","Ozone","Haywood",35.379167,-82.7925
2025-08-23,34,"Frying Pan Mountain","Ozone","Haywood",35.379167,-82.7925
2025-08-24,31,"Frying Pan Mountain","Ozone","Haywood",35.379167,-82.7925
2025-08-25,31,"Frying Pan Mountain","Ozone","Haywood",35.379167,-82.7925
2025-08-26,34,"Frying Pan Mountain","Ozone","Haywood",35.379167,-82.7925
2025-08-27,34,"Frying Pan Mountain","Ozone","Haywood",35.379167,-82.7925
2025-08-28,45,"Frying Pan Mountain","Ozone","Haywood",35.379167,-82.7925
2025-08-29,44,"Frying Pan Mountain","Ozone","Haywood",35.379167,-82.7925
2025-08-30,41,"Frying Pan Mountain","Ozone","Haywood",35.379167,-82.7925
2025-08-31,31,"Frying Pan Mountain","Ozone","Haywood",35.379167,-82.7925
2025-09-01,39,"Frying Pan Mountain","Ozone","Haywood",35.379167,-82.7925
2025-09-02,35,"Frying Pan Mountain","Ozone","Haywood",35.379167,-82.7925
2025-09-03,36,"Frying Pan Mountain","Ozone","Haywood",35.379167,-82.7925
2025-09-04,36,"Frying Pan Mountain","Ozone","Haywood",35.379167,-82.7925
2025-09-05,41,"Frying Pan Mountain","Ozone","Haywood",35.379167,-82.7925
2025-09-06,44,"Frying Pan Mountain","Ozone","Haywood",35.379167,-82.7925
2025-09-07,33,"Frying Pan Mountain","Ozone","Haywood",35.379167,-82.7925
2025-09-08,38,"Frying Pan Mountain","Ozone","Haywood",35.379167,-82.7925
2025-09-09,39,"Frying Pan Mountain","Ozone","Haywood",35.379167,-82.7925
2025-09-10,42,"Frying Pan Mountain","Ozone","Haywood",35.379167,-82.7925
2025-09-11,47,"Frying Pan Mountain","Ozone","Haywood",35.379167,-82.7925
2025-09-12,49,"Frying Pan Mountain","Ozone","Haywood",35.379167,-82.7925
2025-09-13,48,"Frying Pan Mountain","Ozone","Haywood",35.379167,-82.7925
2025-09-14,47,"Frying Pan Mountain","Ozone","Haywood",35.379167,-82.7925
2025-09-15,45,"Frying Pan Mountain","Ozone","Haywood",35.379167,-82.7925
2025-09-16,44,"Frying Pan Mountain","Ozone","Haywood",35.379167,-82.7925
2025-09-17,44,"Frying Pan Mountain","Ozone","Haywood",35.379167,-82.7925
2025-09-18,44,"Frying Pan Mountain","Ozone","Haywood",35.379167,-82.7925
2025-09-19,51,"Frying Pan Mountain","Ozone","Haywood",35.379167,-82.7925
2025-09-20,50,"Frying Pan Mountain","Ozone","Haywood",35.379167,-82.7925
2025-09-21,37,"Frying Pan Mountain","Ozone","Haywood",35.379167,-82.7925
2025-09-22,38,"Frying Pan Mountain","Ozone","Haywood",35.379167,-82.7925
2025-09-23,36,"Frying Pan Mountain","Ozone","Haywood",35.379167,-82.7925
2025-09-24,37,"Frying Pan Mountain","Ozone","Haywood",35.379167,-82.7925
2025-09-25,32,"Frying Pan Mountain","Ozone","Haywood",35.379167,-82.7925
2025-09-26,30,"Frying Pan Mountain","Ozone","Haywood",35.379167,-82.7925
2025-09-27,35,"Frying Pan Mountain","Ozone","Haywood",35.379167,-82.7925
2025-09-28,38,"Frying Pan Mountain","Ozone","Haywood",35.379167,-82.7925
2025-09-29,36,"Frying Pan Mountain","Ozone","Haywood",35.379167,-82.7925
2025-09-30,39,"Frying Pan Mountain","Ozone","Haywood",35.379167,-82.7925
2025-10-01,45,"Frying Pan Mountain","Ozone","Haywood",35.379167,-82.7925
2025-10-02,40,"Frying Pan Mountain","Ozone","Haywood",35.379167,-82.7925
2025-10-03,44,"Frying Pan Mountain","Ozone","Haywood",35.379167,-82.7925
2025-10-04,36,"Frying Pan Mountain","Ozone","Haywood",35.379167,-82.7925
2025-10-05,28,"Frying Pan Mountain","Ozone","Haywood",35.379167,-82.7925
2025-10-06,26,"Frying Pan Mountain","Ozone","Haywood",35.379167,-82.7925
2025-10-07,24,"Frying Pan Mountain","Ozone","Haywood",35.379167,-82.7925
2025-10-08,32,"Frying Pan Mountain","Ozone","Haywood",35.379167,-82.7925
2025-10-09,37,"Frying Pan Mountain","Ozone","Haywood",35.379167,-82.7925
2025-10-10,38,"Frying Pan Mountain","Ozone","Haywood",35.379167,-82.7925
2025-10-11,39,"Frying Pan Mountain","Ozone","Haywood",35.379167,-82.7925
2025-10-12,37,"Frying Pan Mountain","Ozone","Haywood",35.379167,-82.7925
2025-10-13,39,"Frying Pan Mountain","Ozone","Haywood",35.379167,-82.7925
2025-10-14,43,"Frying Pan Mountain","Ozone","Haywood",35.379167,-82.7925
2025-10-15,44,"Frying Pan Mountain","Ozone","Haywood",35.379167,-82.7925
2025-10-16,43,"Frying Pan Mountain","Ozone","Haywood",35.379167,-82.7925
2025-10-17,43,"Frying Pan Mountain","Ozone","Haywood",35.379167,-82.7925
2025-10-18,43,"Frying Pan Mountain","Ozone","Haywood",35.379167,-82.7925
2025-10-19,37,"Frying Pan Mountain","Ozone","Haywood",35.379167,-82.7925
2025-10-20,48,"Frying Pan Mountain","Ozone","Haywood",35.379167,-82.7925
2025-10-21,45,"Frying Pan Mountain","Ozone","Haywood",35.379167,-82.7925
2025-10-22,39,"Frying Pan Mountain","Ozone","Haywood",35.379167,-82.7925
2025-10-23,41,"Frying Pan Mountain","Ozone","Haywood",35.379167,-82.7925
2025-10-24,37,"Frying Pan Mountain","Ozone","Haywood",35.379167,-82.7925
2025-10-25,39,"Frying Pan Mountain","Ozone","Haywood",35.379167,-82.7925
2025-10-26,36,"Frying Pan Mountain","Ozone","Haywood",35.379167,-82.7925
2025-10-27,36,"Frying Pan Mountain","Ozone","Haywood",35.379167,-82.7925
2025-10-28,38,"Frying Pan Mountain","Ozone","Haywood",35.379167,-82.7925
2025-10-29,24,"Frying Pan Mountain","Ozone","Haywood",35.379167,-82.7925
2025-10-30,30,"Frying Pan Mountain","Ozone","Haywood",35.379167,-82.7925
2025-10-31,34,"Frying Pan Mountain","Ozone","Haywood",35.379167,-82.7925
2025-11-01,36,"Frying Pan Mountain","Ozone","Haywood",35.379167,-82.7925
2025-11-02,38,"Frying Pan Mountain","Ozone","Haywood",35.379167,-82.7925
2025-03-01,46,"Purchase Knob","Ozone","Haywood",35.587144,-83.074156
2025-03-02,44,"Purchase Knob","Ozone","Haywood",35.587144,-83.074156
2025-03-03,47,"Purchase Knob","Ozone","Haywood",35.587144,-83.074156
2025-03-04,45,"Purchase Knob","Ozone","Haywood",35.587144,-83.074156
2025-03-05,41,"Purchase Knob","Ozone","Haywood",35.587144,-83.074156
2025-03-06,44,"Purchase Knob","Ozone","Haywood",35.587144,-83.074156
2025-03-07,44,"Purchase Knob","Ozone","Haywood",35.587144,-83.074156
2025-03-08,45,"Purchase Knob","Ozone","Haywood",35.587144,-83.074156
2025-03-09,43,"Purchase Knob","Ozone","Haywood",35.587144,-83.074156
2025-03-10,48,"Purchase Knob","Ozone","Haywood",35.587144,-83.074156
2025-03-11,67,"Purchase Knob","Ozone","Haywood",35.587144,-83.074156
2025-03-12,74,"Purchase Knob","Ozone","Haywood",35.587144,-83.074156
2025-03-13,71,"Purchase Knob","Ozone","Haywood",35.587144,-83.074156
2025-03-14,61,"Purchase Knob","Ozone","Haywood",35.587144,-83.074156
2025-03-16,42,"Purchase Knob","Ozone","Haywood",35.587144,-83.074156
2025-03-17,46,"Purchase Knob","Ozone","Haywood",35.587144,-83.074156
2025-03-18,48,"Purchase Knob","Ozone","Haywood",35.587144,-83.074156
2025-03-19,47,"Purchase Knob","Ozone","Haywood",35.587144,-83.074156
2025-03-20,38,"Purchase Knob","Ozone","Haywood",35.587144,-83.074156
2025-03-21,45,"Purchase Knob","Ozone","Haywood",35.587144,-83.074156
2025-03-22,48,"Purchase Knob","Ozone","Haywood",35.587144,-83.074156
2025-03-23,64,"Purchase Knob","Ozone","Haywood",35.587144,-83.074156
2025-03-24,46,"Purchase Knob","Ozone","Haywood",35.587144,-83.074156
2025-03-25,47,"Purchase Knob","Ozone","Haywood",35.587144,-83.074156
2025-03-26,48,"Purchase Knob","Ozone","Haywood",35.587144,-83.074156
2025-03-27,49,"Purchase Knob","Ozone","Haywood",35.587144,-83.074156
2025-03-28,54,"Purchase Knob","Ozone","Haywood",35.587144,-83.074156
2025-03-29,45,"Purchase Knob","Ozone","Haywood",35.587144,-83.074156
2025-03-30,35,"Purchase Knob","Ozone","Haywood",35.587144,-83.074156
2025-03-31,43,"Purchase Knob","Ozone","Haywood",35.587144,-83.074156
2025-04-01,41,"Purchase Knob","Ozone","Haywood",35.587144,-83.074156
2025-04-02,33,"Purchase Knob","Ozone","Haywood",35.587144,-83.074156
2025-04-03,35,"Purchase Knob","Ozone","Haywood",35.587144,-83.074156
2025-04-04,37,"Purchase Knob","Ozone","Haywood",35.587144,-83.074156
2025-04-05,45,"Purchase Knob","Ozone","Haywood",35.587144,-83.074156
2025-04-06,42,"Purchase Knob","Ozone","Haywood",35.587144,-83.074156
2025-04-07,46,"Purchase Knob","Ozone","Haywood",35.587144,-83.074156
2025-04-08,47,"Purchase Knob","Ozone","Haywood",35.587144,-83.074156
2025-04-09,50,"Purchase Knob","Ozone","Haywood",35.587144,-83.074156
2025-04-10,50,"Purchase Knob","Ozone","Haywood",35.587144,-83.074156
2025-04-11,44,"Purchase Knob","Ozone","Haywood",35.587144,-83.074156
2025-04-12,47,"Purchase Knob","Ozone","Haywood",35.587144,-83.074156
2025-04-13,50,"Purchase Knob","Ozone","Haywood",35.587144,-83.074156
2025-04-15,44,"Purchase Knob","Ozone","Haywood",35.587144,-83.074156
2025-04-16,58,"Purchase Knob","Ozone","Haywood",35.587144,-83.074156
2025-04-17,61,"Purchase Knob","Ozone","Haywood",35.587144,-83.074156
2025-04-18,84,"Purchase Knob","Ozone","Haywood",35.587144,-83.074156
2025-04-19,64,"Purchase Knob","Ozone","Haywood",35.587144,-83.074156
2025-04-20,54,"Purchase Knob","Ozone","Haywood",35.587144,-83.074156
2025-04-22,40,"Purchase Knob","Ozone","Haywood",35.587144,-83.074156
2025-04-23,44,"Purchase Knob","Ozone","Haywood",35.587144,-83.074156
2025-04-24,40,"Purchase Knob","Ozone","Haywood",35.587144,-83.074156
2025-04-25,37,"Purchase Knob","Ozone","Haywood",35.587144,-83.074156
2025-04-26,44,"Purchase Knob","Ozone","Haywood",35.587144,-83.074156
2025-04-27,48,"Purchase Knob","Ozone","Haywood",35.587144,-83.074156
2025-04-28,49,"Purchase Knob","Ozone","Haywood",35.587144,-83.074156
2025-04-29,46,"Purchase Knob","Ozone","Haywood",35.587144,-83.074156
2025-04-30,39,"Purchase Knob","Ozone","Haywood",35.587144,-83.074156
2025-05-01,43,"Purchase Knob","Ozone","Haywood",35.587144,-83.074156
2025-05-02,42,"Purchase Knob","Ozone","Haywood",35.587144,-83.074156
2025-05-03,43,"Purchase Knob","Ozone","Haywood",35.587144,-83.074156
2025-05-04,42,"Purchase Knob","Ozone","Haywood",35.587144,-83.074156
2025-05-05,42,"Purchase Knob","Ozone","Haywood",35.587144,-83.074156
2025-05-06,48,"Purchase Knob","Ozone","Haywood",35.587144,-83.074156
2025-05-07,39,"Purchase Knob","Ozone","Haywood",35.587144,-83.074156
2025-05-08,51,"Purchase Knob","Ozone","Haywood",35.587144,-83.074156
2025-05-09,48,"Purchase Knob","Ozone","Haywood",35.587144,-83.074156
2025-05-10,45,"Purchase Knob","Ozone","Haywood",35.587144,-83.074156
2025-05-11,41,"Purchase Knob","Ozone","Haywood",35.587144,-83.074156
2025-05-12,36,"Purchase Knob","Ozone","Haywood",35.587144,-83.074156
2025-05-13,43,"Purchase Knob","Ozone","Haywood",35.587144,-83.074156
2025-05-14,41,"Purchase Knob","Ozone","Haywood",35.587144,-83.074156
2025-05-15,44,"Purchase Knob","Ozone","Haywood",35.587144,-83.074156
2025-05-16,42,"Purchase Knob","Ozone","Haywood",35.587144,-83.074156
2025-05-17,54,"Purchase Knob","Ozone","Haywood",35.587144,-83.074156
2025-05-18,58,"Purchase Knob","Ozone","Haywood",35.587144,-83.074156
2025-05-19,36,"Purchase Knob","Ozone","Haywood",35.587144,-83.074156
2025-05-20,32,"Purchase Knob","Ozone","Haywood",35.587144,-83.074156
2025-05-21,49,"Purchase Knob","Ozone","Haywood",35.587144,-83.074156
2025-05-22,54,"Purchase Knob","Ozone","Haywood",35.587144,-83.074156
2025-05-23,43,"Purchase Knob","Ozone","Haywood",35.587144,-83.074156
2025-05-24,45,"Purchase Knob","Ozone","Haywood",35.587144,-83.074156
2025-05-25,33,"Purchase Knob","Ozone","Haywood",35.587144,-83.074156
2025-05-26,30,"Purchase Knob","Ozone","Haywood",35.587144,-83.074156
2025-05-27,24,"Purchase Knob","Ozone","Haywood",35.587144,-83.074156
2025-05-28,34,"Purchase Knob","Ozone","Haywood",35.587144,-83.074156
2025-05-29,41,"Purchase Knob","Ozone","Haywood",35.587144,-83.074156
2025-05-30,48,"Purchase Knob","Ozone","Haywood",35.587144,-83.074156
2025-05-31,64,"Purchase Knob","Ozone","Haywood",35.587144,-83.074156
2025-06-01,49,"Purchase Knob","Ozone","Haywood",35.587144,-83.074156
2025-06-02,47,"Purchase Knob","Ozone","Haywood",35.587144,-83.074156
2025-06-03,64,"Purchase Knob","Ozone","Haywood",35.587144,-83.074156
2025-06-04,50,"Purchase Knob","Ozone","Haywood",35.587144,-83.074156
2025-06-05,47,"Purchase Knob","Ozone","Haywood",35.587144,-83.074156
2025-06-06,37,"Purchase Knob","Ozone","Haywood",35.587144,-83.074156
2025-06-07,39,"Purchase Knob","Ozone","Haywood",35.587144,-83.074156
2025-06-08,45,"Purchase Knob","Ozone","Haywood",35.587144,-83.074156
2025-06-09,42,"Purchase Knob","Ozone","Haywood",35.587144,-83.074156
2025-06-10,48,"Purchase Knob","Ozone","Haywood",35.587144,-83.074156
2025-06-11,45,"Purchase Knob","Ozone","Haywood",35.587144,-83.074156
2025-06-12,34,"Purchase Knob","Ozone","Haywood",35.587144,-83.074156
2025-06-13,26,"Purchase Knob","Ozone","Haywood",35.587144,-83.074156
2025-06-14,29,"Purchase Knob","Ozone","Haywood",35.587144,-83.074156
2025-06-15,29,"Purchase Knob","Ozone","Haywood",35.587144,-83.074156
2025-06-16,30,"Purchase Knob","Ozone","Haywood",35.587144,-83.074156
2025-06-17,34,"Purchase Knob","Ozone","Haywood",35.587144,-83.074156
2025-06-18,28,"Purchase Knob","Ozone","Haywood",35.587144,-83.074156
2025-06-19,44,"Purchase Knob","Ozone","Haywood",35.587144,-83.074156
2025-06-20,41,"Purchase Knob","Ozone","Haywood",35.587144,-83.074156
2025-06-21,42,"Purchase Knob","Ozone","Haywood",35.587144,-83.074156
2025-06-22,44,"Purchase Knob","Ozone","Haywood",35.587144,-83.074156
2025-06-23,41,"Purchase Knob","Ozone","Haywood",35.587144,-83.074156
2025-06-24,43,"Purchase Knob","Ozone","Haywood",35.587144,-83.074156
2025-06-25,44,"Purchase Knob","Ozone","Haywood",35.587144,-83.074156
2025-06-26,38,"Purchase Knob","Ozone","Haywood",35.587144,-83.074156
2025-06-27,45,"Purchase Knob","Ozone","Haywood",35.587144,-83.074156
2025-06-28,44,"Purchase Knob","Ozone","Haywood",35.587144,-83.074156
2025-06-29,37,"Purchase Knob","Ozone","Haywood",35.587144,-83.074156
2025-06-30,31,"Purchase Knob","Ozone","Haywood",35.587144,-83.074156
2025-07-01,31,"Purchase Knob","Ozone","Haywood",35.587144,-83.074156
2025-07-02,47,"Purchase Knob","Ozone","Haywood",35.587144,-83.074156
2025-07-03,64,"Purchase Knob","Ozone","Haywood",35.587144,-83.074156
2025-07-04,48,"Purchase Knob","Ozone","Haywood",35.587144,-83.074156
2025-07-05,44,"Purchase Knob","Ozone","Haywood",35.587144,-83.074156
2025-07-06,44,"Purchase Knob","Ozone","Haywood",35.587144,-83.074156
2025-07-07,37,"Purchase Knob","Ozone","Haywood",35.587144,-83.074156
2025-07-08,32,"Purchase Knob","Ozone","Haywood",35.587144,-83.074156
2025-07-09,34,"Purchase Knob","Ozone","Haywood",35.587144,-83.074156
2025-07-10,31,"Purchase Knob","Ozone","Haywood",35.587144,-83.074156
2025-07-11,32,"Purchase Knob","Ozone","Haywood",35.587144,-83.074156
2025-07-12,32,"Purchase Knob","Ozone","Haywood",35.587144,-83.074156
2025-07-13,31,"Purchase Knob","Ozone","Haywood",35.587144,-83.074156
2025-07-14,32,"Purchase Knob","Ozone","Haywood",35.587144,-83.074156
2025-07-15,28,"Purchase Knob","Ozone","Haywood",35.587144,-83.074156
2025-07-16,30,"Purchase Knob","Ozone","Haywood",35.587144,-83.074156
2025-07-17,31,"Purchase Knob","Ozone","Haywood",35.587144,-83.074156
2025-07-18,31,"Purchase Knob","Ozone","Haywood",35.587144,-83.074156
2025-07-19,31,"Purchase Knob","Ozone","Haywood",35.587144,-83.074156
2025-07-20,31,"Purchase Knob","Ozone","Haywood",35.587144,-83.074156
2025-07-21,33,"Purchase Knob","Ozone","Haywood",35.587144,-83.074156
2025-07-22,33,"Purchase Knob","Ozone","Haywood",35.587144,-83.074156
2025-07-23,49,"Purchase Knob","Ozone","Haywood",35.587144,-83.074156
2025-07-24,42,"Purchase Knob","Ozone","Haywood",35.587144,-83.074156
2025-07-25,32,"Purchase Knob","Ozone","Haywood",35.587144,-83.074156
2025-07-26,30,"Purchase Knob","Ozone","Haywood",35.587144,-83.074156
2025-07-27,27,"Purchase Knob","Ozone","Haywood",35.587144,-83.074156
2025-07-28,35,"Purchase Knob","Ozone","Haywood",35.587144,-83.074156
2025-07-29,39,"Purchase Knob","Ozone","Haywood",35.587144,-83.074156
2025-07-30,34,"Purchase Knob","Ozone","Haywood",35.587144,-83.074156
2025-07-31,39,"Purchase Knob","Ozone","Haywood",35.587144,-83.074156
2025-08-01,34,"Purchase Knob","Ozone","Haywood",35.587144,-83.074156
2025-08-02,30,"Purchase Knob","Ozone","Haywood",35.587144,-83.074156
2025-08-03,35,"Purchase Knob","Ozone","Haywood",35.587144,-83.074156
2025-08-04,33,"Purchase Knob","Ozone","Haywood",35.587144,-83.074156
2025-08-05,29,"Purchase Knob","Ozone","Haywood",35.587144,-83.074156
2025-08-06,33,"Purchase Knob","Ozone","Haywood",35.587144,-83.074156
2025-08-07,32,"Purchase Knob","Ozone","Haywood",35.587144,-83.074156
2025-08-08,33,"Purchase Knob","Ozone","Haywood",35.587144,-83.074156
2025-08-09,33,"Purchase Knob","Ozone","Haywood",35.587144,-83.074156
2025-08-10,31,"Purchase Knob","Ozone","Haywood",35.587144,-83.074156
2025-08-11,21,"Purchase Knob","Ozone","Haywood",35.587144,-83.074156
2025-08-12,19,"Purchase Knob","Ozone","Haywood",35.587144,-83.074156
2025-08-13,19,"Purchase Knob","Ozone","Haywood",35.587144,-83.074156
2025-08-14,36,"Purchase Knob","Ozone","Haywood",35.587144,-83.074156
2025-08-15,43,"Purchase Knob","Ozone","Haywood",35.587144,-83.074156
2025-08-16,48,"Purchase Knob","Ozone","Haywood",35.587144,-83.074156
2025-08-17,44,"Purchase Knob","Ozone","Haywood",35.587144,-83.074156
2025-08-18,43,"Purchase Knob","Ozone","Haywood",35.587144,-83.074156
2025-08-19,39,"Purchase Knob","Ozone","Haywood",35.587144,-83.074156
2025-08-20,44,"Purchase Knob","Ozone","Haywood",35.587144,-83.074156
2025-08-21,35,"Purchase Knob","Ozone","Haywood",35.587144,-83.074156
2025-08-22,35,"Purchase Knob","Ozone","Haywood",35.587144,-83.074156
2025-08-23,28,"Purchase Knob","Ozone","Haywood",35.587144,-83.074156
2025-08-24,35,"Purchase Knob","Ozone","Haywood",35.587144,-83.074156
2025-08-25,34,"Purchase Knob","Ozone","Haywood",35.587144,-83.074156
2025-08-26,37,"Purchase Knob","Ozone","Haywood",35.587144,-83.074156
2025-08-27,43,"Purchase Knob","Ozone","Haywood",35.587144,-83.074156
2025-08-28,46,"Purchase Knob","Ozone","Haywood",35.587144,-83.074156
2025-08-29,46,"Purchase Knob","Ozone","Haywood",35.587144,-83.074156
2025-08-30,44,"Purchase Knob","Ozone","Haywood",35.587144,-83.074156
2025-08-31,34,"Purchase Knob","Ozone","Haywood",35.587144,-83.074156
2025-09-01,36,"Purchase Knob","Ozone","Haywood",35.587144,-83.074156
2025-09-02,32,"Purchase Knob","Ozone","Haywood",35.587144,-83.074156
2025-09-03,32,"Purchase Knob","Ozone","Haywood",35.587144,-83.074156
2025-09-04,32,"Purchase Knob","Ozone","Haywood",35.587144,-83.074156
2025-09-05,36,"Purchase Knob","Ozone","Haywood",35.587144,-83.074156
2025-09-06,39,"Purchase Knob","Ozone","Haywood",35.587144,-83.074156
2025-09-07,34,"Purchase Knob","Ozone","Haywood",35.587144,-83.074156
2025-09-08,37,"Purchase Knob","Ozone","Haywood",35.587144,-83.074156
2025-09-09,40,"Purchase Knob","Ozone","Haywood",35.587144,-83.074156
2025-09-10,46,"Purchase Knob","Ozone","Haywood",35.587144,-83.074156
2025-09-11,50,"Purchase Knob","Ozone","Haywood",35.587144,-83.074156
2025-09-12,50,"Purchase Knob","Ozone","Haywood",35.587144,-83.074156
2025-09-13,58,"Purchase Knob","Ozone","Haywood",35.587144,-83.074156
2025-09-14,51,"Purchase Knob","Ozone","Haywood",35.587144,-83.074156
2025-09-15,50,"Purchase Knob","Ozone","Haywood",35.587144,-83.074156
2025-09-16,50,"Purchase Knob","Ozone","Haywood",35.587144,-83.074156
2025-09-17,48,"Purchase Knob","Ozone","Haywood",35.587144,-83.074156
2025-09-18,49,"Purchase Knob","Ozone","Haywood",35.587144,-83.074156
2025-09-19,46,"Purchase Knob","Ozone","Haywood",35.587144,-83.074156
2025-09-20,44,"Purchase Knob","Ozone","Haywood",35.587144,-83.074156
2025-09-21,43,"Purchase Knob","Ozone","Haywood",35.587144,-83.074156
2025-09-22,37,"Purchase Knob","Ozone","Haywood",35.587144,-83.074156
2025-09-23,37,"Purchase Knob","Ozone","Haywood",35.587144,-83.074156
2025-09-24,32,"Purchase Knob","Ozone","Haywood",35.587144,-83.074156
2025-09-25,31,"Purchase Knob","Ozone","Haywood",35.587144,-83.074156
2025-09-26,35,"Purchase Knob","Ozone","Haywood",35.587144,-83.074156
2025-09-27,41,"Purchase Knob","Ozone","Haywood",35.587144,-83.074156
2025-09-28,40,"Purchase Knob","Ozone","Haywood",35.587144,-83.074156
2025-09-29,42,"Purchase Knob","Ozone","Haywood",35.587144,-83.074156
2025-09-30,37,"Purchase Knob","Ozone","Haywood",35.587144,-83.074156
2025-10-01,42,"Purchase Knob","Ozone","Haywood",35.587144,-83.074156
2025-10-02,42,"Purchase Knob","Ozone","Haywood",35.587144,-83.074156
2025-10-03,44,"Purchase Knob","Ozone","Haywood",35.587144,-83.074156
2025-10-04,40,"Purchase Knob","Ozone","Haywood",35.587144,-83.074156
2025-10-05,31,"Purchase Knob","Ozone","Haywood",35.587144,-83.074156
2025-10-06,31,"Purchase Knob","Ozone","Haywood",35.587144,-83.074156
2025-10-07,28,"Purchase Knob","Ozone","Haywood",35.587144,-83.074156
2025-10-08,35,"Purchase Knob","Ozone","Haywood",35.587144,-83.074156
2025-10-09,37,"Purchase Knob","Ozone","Haywood",35.587144,-83.074156
2025-10-10,42,"Purchase Knob","Ozone","Haywood",35.587144,-83.074156
2025-10-11,43,"Purchase Knob","Ozone","Haywood",35.587144,-83.074156
2025-10-12,41,"Purchase Knob","Ozone","Haywood",35.587144,-83.074156
2025-10-13,43,"Purchase Knob","Ozone","Haywood",35.587144,-83.074156
2025-10-14,45,"Purchase Knob","Ozone","Haywood",35.587144,-83.074156
2025-10-15,47,"Purchase Knob","Ozone","Haywood",35.587144,-83.074156
2025-10-16,45,"Purchase Knob","Ozone","Haywood",35.587144,-83.074156
2025-10-17,44,"Purchase Knob","Ozone","Haywood",35.587144,-83.074156
2025-10-18,46,"Purchase Knob","Ozone","Haywood",35.587144,-83.074156
2025-10-19,39,"Purchase Knob","Ozone","Haywood",35.587144,-83.074156
2025-10-20,44,"Purchase Knob","Ozone","Haywood",35.587144,-83.074156
2025-10-21,43,"Purchase Knob","Ozone","Haywood",35.587144,-83.074156
2025-10-22,42,"Purchase Knob","Ozone","Haywood",35.587144,-83.074156
2025-10-23,44,"Purchase Knob","Ozone","Haywood",35.587144,-83.074156
2025-10-24,40,"Purchase Knob","Ozone","Haywood",35.587144,-83.074156
2025-10-25,41,"Purchase Knob","Ozone","Haywood",35.587144,-83.074156
2025-10-26,38,"Purchase Knob","Ozone","Haywood",35.587144,-83.074156
2025-10-27,39,"Purchase Knob","Ozone","Haywood",35.587144,-83.074156
2025-10-28,37,"Purchase Knob","Ozone","Haywood",35.587144,-83.074156
2025-10-29,29,"Purchase Knob","Ozone","Haywood",35.587144,-83.074156
2025-10-30,33,"Purchase Knob","Ozone","Haywood",35.587144,-83.074156
2025-10-31,37,"Purchase Knob","Ozone","Haywood",35.587144,-83.074156
2025-11-01,37,"Purchase Knob","Ozone","Haywood",35.587144,-83.074156
2025-11-02,39,"Purchase Knob","Ozone","Haywood",35.587144,-83.074156
2025-03-06,36,"West Johnston Co.","Ozone","Johnston",35.59095,-78.4622
2025-03-07,40,"West Johnston Co.","Ozone","Johnston",35.59095,-78.4622
2025-03-08,47,"West Johnston Co.","Ozone","Johnston",35.59095,-78.4622
2025-03-09,43,"West Johnston Co.","Ozone","Johnston",35.59095,-78.4622
2025-03-10,41,"West Johnston Co.","Ozone","Johnston",35.59095,-78.4622
2025-03-11,51,"West Johnston Co.","Ozone","Johnston",35.59095,-78.4622
2025-03-12,84,"West Johnston Co.","Ozone","Johnston",35.59095,-78.4622
2025-03-13,64,"West Johnston Co.","Ozone","Johnston",35.59095,-78.4622
2025-03-14,31,"West Johnston Co.","Ozone","Johnston",35.59095,-78.4622
2025-03-15,40,"West Johnston Co.","Ozone","Johnston",35.59095,-78.4622
2025-03-16,32,"West Johnston Co.","Ozone","Johnston",35.59095,-78.4622
2025-03-17,31,"West Johnston Co.","Ozone","Johnston",35.59095,-78.4622
2025-03-18,44,"West Johnston Co.","Ozone","Johnston",35.59095,-78.4622
2025-03-19,64,"West Johnston Co.","Ozone","Johnston",35.59095,-78.4622
2025-03-20,44,"West Johnston Co.","Ozone","Johnston",35.59095,-78.4622
2025-03-21,43,"West Johnston Co.","Ozone","Johnston",35.59095,-78.4622
2025-03-22,51,"West Johnston Co.","Ozone","Johnston",35.59095,-78.4622
2025-03-23,46,"West Johnston Co.","Ozone","Johnston",35.59095,-78.4622
2025-03-24,44,"West Johnston Co.","Ozone","Johnston",35.59095,-78.4622
2025-03-25,50,"West Johnston Co.","Ozone","Johnston",35.59095,-78.4622
2025-03-26,46,"West Johnston Co.","Ozone","Johnston",35.59095,-78.4622
2025-03-27,50,"West Johnston Co.","Ozone","Johnston",35.59095,-78.4622
2025-03-28,64,"West Johnston Co.","Ozone","Johnston",35.59095,-78.4622
2025-03-29,44,"West Johnston Co.","Ozone","Johnston",35.59095,-78.4622
2025-03-30,40,"West Johnston Co.","Ozone","Johnston",35.59095,-78.4622
2025-03-31,32,"West Johnston Co.","Ozone","Johnston",35.59095,-78.4622
2025-04-01,34,"West Johnston Co.","Ozone","Johnston",35.59095,-78.4622
2025-04-02,39,"West Johnston Co.","Ozone","Johnston",35.59095,-78.4622
2025-04-03,31,"West Johnston Co.","Ozone","Johnston",35.59095,-78.4622
2025-04-04,32,"West Johnston Co.","Ozone","Johnston",35.59095,-78.4622
2025-04-05,32,"West Johnston Co.","Ozone","Johnston",35.59095,-78.4622
2025-04-06,35,"West Johnston Co.","Ozone","Johnston",35.59095,-78.4622
2025-04-07,26,"West Johnston Co.","Ozone","Johnston",35.59095,-78.4622
2025-04-08,48,"West Johnston Co.","Ozone","Johnston",35.59095,-78.4622
2025-04-09,46,"West Johnston Co.","Ozone","Johnston",35.59095,-78.4622
2025-04-10,48,"West Johnston Co.","Ozone","Johnston",35.59095,-78.4622
2025-04-11,42,"West Johnston Co.","Ozone","Johnston",35.59095,-78.4622
2025-04-12,33,"West Johnston Co.","Ozone","Johnston",35.59095,-78.4622
2025-04-13,45,"West Johnston Co.","Ozone","Johnston",35.59095,-78.4622
2025-04-14,50,"West Johnston Co.","Ozone","Johnston",35.59095,-78.4622
2025-04-15,48,"West Johnston Co.","Ozone","Johnston",35.59095,-78.4622
2025-04-16,48,"West Johnston Co.","Ozone","Johnston",35.59095,-78.4622
2025-04-17,54,"West Johnston Co.","Ozone","Johnston",35.59095,-78.4622
2025-04-18,61,"West Johnston Co.","Ozone","Johnston",35.59095,-78.4622
2025-04-19,45,"West Johnston Co.","Ozone","Johnston",35.59095,-78.4622
2025-04-20,37,"West Johnston Co.","Ozone","Johnston",35.59095,-78.4622
2025-04-21,49,"West Johnston Co.","Ozone","Johnston",35.59095,-78.4622
2025-04-22,40,"West Johnston Co.","Ozone","Johnston",35.59095,-78.4622
2025-04-23,41,"West Johnston Co.","Ozone","Johnston",35.59095,-78.4622
2025-04-24,51,"West Johnston Co.","Ozone","Johnston",35.59095,-78.4622
2025-04-25,44,"West Johnston Co.","Ozone","Johnston",35.59095,-78.4622
2025-04-26,37,"West Johnston Co.","Ozone","Johnston",35.59095,-78.4622
2025-04-27,44,"West Johnston Co.","Ozone","Johnston",35.59095,-78.4622
2025-04-28,50,"West Johnston Co.","Ozone","Johnston",35.59095,-78.4622
2025-04-29,51,"West Johnston Co.","Ozone","Johnston",35.59095,-78.4622
2025-05-01,47,"West Johnston Co.","Ozone","Johnston",35.59095,-78.4622
2025-05-02,44,"West Johnston Co.","Ozone","Johnston",35.59095,-78.4622
2025-05-03,39,"West Johnston Co.","Ozone","Johnston",35.59095,-78.4622
2025-05-04,35,"West Johnston Co.","Ozone","Johnston",35.59095,-78.4622
2025-05-05,36,"West Johnston Co.","Ozone","Johnston",35.59095,-78.4622
2025-05-06,45,"West Johnston Co.","Ozone","Johnston",35.59095,-78.4622
2025-05-07,45,"West Johnston Co.","Ozone","Johnston",35.59095,-78.4622
2025-05-08,43,"West Johnston Co.","Ozone","Johnston",35.59095,-78.4622
2025-05-09,48,"West Johnston Co.","Ozone","Johnston",35.59095,-78.4622
2025-05-10,42,"West Johnston Co.","Ozone","Johnston",35.59095,-78.4622
2025-05-11,27,"West Johnston Co.","Ozone","Johnston",35.59095,-78.4622
2025-05-12,28,"West Johnston Co.","Ozone","Johnston",35.59095,-78.4622
2025-05-13,29,"West Johnston Co.","Ozone","Johnston",35.59095,-78.4622
2025-05-14,36,"West Johnston Co.","Ozone","Johnston",35.59095,-78.4622
2025-05-15,42,"West Johnston Co.","Ozone","Johnston",35.59095,-78.4622
2025-05-16,39,"West Johnston Co.","Ozone","Johnston",35.59095,-78.4622
2025-05-17,43,"West Johnston Co.","Ozone","Johnston",35.59095,-78.4622
2025-05-18,45,"West Johnston Co.","Ozone","Johnston",35.59095,-78.4622
2025-05-19,50,"West Johnston Co.","Ozone","Johnston",35.59095,-78.4622
2025-05-22,46,"West Johnston Co.","Ozone","Johnston",35.59095,-78.4622
2025-05-23,42,"West Johnston Co.","Ozone","Johnston",35.59095,-78.4622
2025-05-24,44,"West Johnston Co.","Ozone","Johnston",35.59095,-78.4622
2025-05-25,39,"West Johnston Co.","Ozone","Johnston",35.59095,-78.4622
2025-05-26,32,"West Johnston Co.","Ozone","Johnston",35.59095,-78.4622
2025-05-27,29,"West Johnston Co.","Ozone","Johnston",35.59095,-78.4622
2025-05-28,24,"West Johnston Co.","Ozone","Johnston",35.59095,-78.4622
2025-05-29,25,"West Johnston Co.","Ozone","Johnston",35.59095,-78.4622
2025-05-30,35,"West Johnston Co.","Ozone","Johnston",35.59095,-78.4622
2025-05-31,45,"West Johnston Co.","Ozone","Johnston",35.59095,-78.4622
2025-06-01,45,"West Johnston Co.","Ozone","Johnston",35.59095,-78.4622
2025-06-02,45,"West Johnston Co.","Ozone","Johnston",35.59095,-78.4622
2025-06-03,50,"West Johnston Co.","Ozone","Johnston",35.59095,-78.4622
2025-06-04,50,"West Johnston Co.","Ozone","Johnston",35.59095,-78.4622
2025-06-05,21,"West Johnston Co.","Ozone","Johnston",35.59095,-78.4622
2025-06-06,40,"West Johnston Co.","Ozone","Johnston",35.59095,-78.4622
2025-06-07,35,"West Johnston Co.","Ozone","Johnston",35.59095,-78.4622
2025-06-08,31,"West Johnston Co.","Ozone","Johnston",35.59095,-78.4622
2025-06-09,43,"West Johnston Co.","Ozone","Johnston",35.59095,-78.4622
2025-06-10,31,"West Johnston Co.","Ozone","Johnston",35.59095,-78.4622
2025-06-12,40,"West Johnston Co.","Ozone","Johnston",35.59095,-78.4622
2025-06-13,24,"West Johnston Co.","Ozone","Johnston",35.59095,-78.4622
2025-06-14,29,"West Johnston Co.","Ozone","Johnston",35.59095,-78.4622
2025-06-15,28,"West Johnston Co.","Ozone","Johnston",35.59095,-78.4622
2025-06-16,32,"West Johnston Co.","Ozone","Johnston",35.59095,-78.4622
2025-06-17,28,"West Johnston Co.","Ozone","Johnston",35.59095,-78.4622
2025-06-18,32,"West Johnston Co.","Ozone","Johnston",35.59095,-78.4622
2025-06-19,36,"West Johnston Co.","Ozone","Johnston",35.59095,-78.4622
2025-06-20,46,"West Johnston Co.","Ozone","Johnston",35.59095,-78.4622
2025-06-21,47,"West Johnston Co.","Ozone","Johnston",35.59095,-78.4622
2025-06-22,43,"West Johnston Co.","Ozone","Johnston",35.59095,-78.4622
2025-06-23,64,"West Johnston Co.","Ozone","Johnston",35.59095,-78.4622
2025-06-26,67,"West Johnston Co.","Ozone","Johnston",35.59095,-78.4622
2025-06-27,47,"West Johnston Co.","Ozone","Johnston",35.59095,-78.4622
2025-06-28,39,"West Johnston Co.","Ozone","Johnston",35.59095,-78.4622
2025-06-29,39,"West Johnston Co.","Ozone","Johnston",35.59095,-78.4622
2025-06-30,34,"West Johnston Co.","Ozone","Johnston",35.59095,-78.4622
2025-07-01,36,"West Johnston Co.","Ozone","Johnston",35.59095,-78.4622
2025-07-02,24,"West Johnston Co.","Ozone","Johnston",35.59095,-78.4622
2025-07-03,40,"West Johnston Co.","Ozone","Johnston",35.59095,-78.4622
2025-07-04,51,"West Johnston Co.","Ozone","Johnston",35.59095,-78.4622
2025-07-05,45,"West Johnston Co.","Ozone","Johnston",35.59095,-78.4622
2025-07-10,35,"West Johnston Co.","Ozone","Johnston",35.59095,-78.4622
2025-07-11,35,"West Johnston Co.","Ozone","Johnston",35.59095,-78.4622
2025-07-12,36,"West Johnston Co.","Ozone","Johnston",35.59095,-78.4622
2025-07-13,32,"West Johnston Co.","Ozone","Johnston",35.59095,-78.4622
2025-07-14,36,"West Johnston Co.","Ozone","Johnston",35.59095,-78.4622
2025-07-15,31,"West Johnston Co.","Ozone","Johnston",35.59095,-78.4622
2025-07-17,27,"West Johnston Co.","Ozone","Johnston",35.59095,-78.4622
2025-07-18,35,"West Johnston Co.","Ozone","Johnston",35.59095,-78.4622
2025-07-19,34,"West Johnston Co.","Ozone","Johnston",35.59095,-78.4622
2025-07-20,33,"West Johnston Co.","Ozone","Johnston",35.59095,-78.4622
2025-07-21,44,"West Johnston Co.","Ozone","Johnston",35.59095,-78.4622
2025-07-22,44,"West Johnston Co.","Ozone","Johnston",35.59095,-78.4622
2025-07-23,39,"West Johnston Co.","Ozone","Johnston",35.59095,-78.4622
2025-07-24,39,"West Johnston Co.","Ozone","Johnston",35.59095,-78.4622
2025-07-25,39,"West Johnston Co.","Ozone","Johnston",35.59095,-78.4622
2025-07-26,46,"West Johnston Co.","Ozone","Johnston",35.59095,-78.4622
2025-07-27,44,"West Johnston Co.","Ozone","Johnston",35.59095,-78.4622
2025-07-28,43,"West Johnston Co.","Ozone","Johnston",35.59095,-78.4622
2025-07-29,42,"West Johnston Co.","Ozone","Johnston",35.59095,-78.4622
2025-07-30,38,"West Johnston Co.","Ozone","Johnston",35.59095,-78.4622
2025-07-31,41,"West Johnston Co.","Ozone","Johnston",35.59095,-78.4622
2025-08-01,31,"West Johnston Co.","Ozone","Johnston",35.59095,-78.4622
2025-08-02,30,"West Johnston Co.","Ozone","Johnston",35.59095,-78.4622
2025-08-03,37,"West Johnston Co.","Ozone","Johnston",35.59095,-78.4622
2025-08-04,42,"West Johnston Co.","Ozone","Johnston",35.59095,-78.4622
2025-08-05,30,"West Johnston Co.","Ozone","Johnston",35.59095,-78.4622
2025-08-06,29,"West Johnston Co.","Ozone","Johnston",35.59095,-78.4622
2025-08-07,27,"West Johnston Co.","Ozone","Johnston",35.59095,-78.4622
2025-08-08,27,"West Johnston Co.","Ozone","Johnston",35.59095,-78.4622
2025-08-09,31,"West Johnston Co.","Ozone","Johnston",35.59095,-78.4622
2025-08-10,27,"West Johnston Co.","Ozone","Johnston",35.59095,-78.4622
2025-08-11,21,"West Johnston Co.","Ozone","Johnston",35.59095,-78.4622
2025-08-12,19,"West Johnston Co.","Ozone","Johnston",35.59095,-78.4622
2025-08-13,36,"West Johnston Co.","Ozone","Johnston",35.59095,-78.4622
2025-08-14,31,"West Johnston Co.","Ozone","Johnston",35.59095,-78.4622
2025-08-15,43,"West Johnston Co.","Ozone","Johnston",35.59095,-78.4622
2025-08-16,32,"West Johnston Co.","Ozone","Johnston",35.59095,-78.4622
2025-08-17,40,"West Johnston Co.","Ozone","Johnston",35.59095,-78.4622
2025-08-18,39,"West Johnston Co.","Ozone","Johnston",35.59095,-78.4622
2025-08-19,25,"West Johnston Co.","Ozone","Johnston",35.59095,-78.4622
2025-08-20,24,"West Johnston Co.","Ozone","Johnston",35.59095,-78.4622
2025-08-21,25,"West Johnston Co.","Ozone","Johnston",35.59095,-78.4622
2025-08-22,30,"West Johnston Co.","Ozone","Johnston",35.59095,-78.4622
2025-08-23,33,"West Johnston Co.","Ozone","Johnston",35.59095,-78.4622
2025-08-24,26,"West Johnston Co.","Ozone","Johnston",35.59095,-78.4622
2025-08-25,43,"West Johnston Co.","Ozone","Johnston",35.59095,-78.4622
2025-08-26,33,"West Johnston Co.","Ozone","Johnston",35.59095,-78.4622
2025-08-27,40,"West Johnston Co.","Ozone","Johnston",35.59095,-78.4622
2025-08-28,42,"West Johnston Co.","Ozone","Johnston",35.59095,-78.4622
2025-08-29,46,"West Johnston Co.","Ozone","Johnston",35.59095,-78.4622
2025-08-30,42,"West Johnston Co.","Ozone","Johnston",35.59095,-78.4622
2025-08-31,38,"West Johnston Co.","Ozone","Johnston",35.59095,-78.4622
2025-09-01,33,"West Johnston Co.","Ozone","Johnston",35.59095,-78.4622
2025-09-02,35,"West Johnston Co.","Ozone","Johnston",35.59095,-78.4622
2025-09-03,42,"West Johnston Co.","Ozone","Johnston",35.59095,-78.4622
2025-09-04,47,"West Johnston Co.","Ozone","Johnston",35.59095,-78.4622
2025-09-05,43,"West Johnston Co.","Ozone","Johnston",35.59095,-78.4622
2025-09-06,40,"West Johnston Co.","Ozone","Johnston",35.59095,-78.4622
2025-09-07,21,"West Johnston Co.","Ozone","Johnston",35.59095,-78.4622
2025-09-08,38,"West Johnston Co.","Ozone","Johnston",35.59095,-78.4622
2025-09-09,31,"West Johnston Co.","Ozone","Johnston",35.59095,-78.4622
2025-09-10,20,"West Johnston Co.","Ozone","Johnston",35.59095,-78.4622
2025-09-11,24,"West Johnston Co.","Ozone","Johnston",35.59095,-78.4622
2025-09-12,41,"West Johnston Co.","Ozone","Johnston",35.59095,-78.4622
2025-09-13,42,"West Johnston Co.","Ozone","Johnston",35.59095,-78.4622
2025-09-14,41,"West Johnston Co.","Ozone","Johnston",35.59095,-78.4622
2025-09-15,41,"West Johnston Co.","Ozone","Johnston",35.59095,-78.4622
2025-09-16,37,"West Johnston Co.","Ozone","Johnston",35.59095,-78.4622
2025-09-17,35,"West Johnston Co.","Ozone","Johnston",35.59095,-78.4622
2025-09-18,41,"West Johnston Co.","Ozone","Johnston",35.59095,-78.4622
2025-09-19,49,"West Johnston Co.","Ozone","Johnston",35.59095,-78.4622
2025-09-20,49,"West Johnston Co.","Ozone","Johnston",35.59095,-78.4622
2025-09-21,43,"West Johnston Co.","Ozone","Johnston",35.59095,-78.4622
2025-09-22,41,"West Johnston Co.","Ozone","Johnston",35.59095,-78.4622
2025-09-23,45,"West Johnston Co.","Ozone","Johnston",35.59095,-78.4622
2025-09-24,44,"West Johnston Co.","Ozone","Johnston",35.59095,-78.4622
2025-09-26,31,"West Johnston Co.","Ozone","Johnston",35.59095,-78.4622
2025-09-27,24,"West Johnston Co.","Ozone","Johnston",35.59095,-78.4622
2025-09-28,33,"West Johnston Co.","Ozone","Johnston",35.59095,-78.4622
2025-09-29,24,"West Johnston Co.","Ozone","Johnston",35.59095,-78.4622
2025-09-30,31,"West Johnston Co.","Ozone","Johnston",35.59095,-78.4622
2025-10-01,31,"West Johnston Co.","Ozone","Johnston",35.59095,-78.4622
2025-10-02,30,"West Johnston Co.","Ozone","Johnston",35.59095,-78.4622
2025-10-03,33,"West Johnston Co.","Ozone","Johnston",35.59095,-78.4622
2025-10-04,33,"West Johnston Co.","Ozone","Johnston",35.59095,-78.4622
2025-10-05,31,"West Johnston Co.","Ozone","Johnston",35.59095,-78.4622
2025-10-06,35,"West Johnston Co.","Ozone","Johnston",35.59095,-78.4622
2025-10-07,31,"West Johnston Co.","Ozone","Johnston",35.59095,-78.4622
2025-10-08,28,"West Johnston Co.","Ozone","Johnston",35.59095,-78.4622
2025-10-09,35,"West Johnston Co.","Ozone","Johnston",35.59095,-78.4622
2025-10-10,34,"West Johnston Co.","Ozone","Johnston",35.59095,-78.4622
2025-10-11,24,"West Johnston Co.","Ozone","Johnston",35.59095,-78.4622
2025-10-12,29,"West Johnston Co.","Ozone","Johnston",35.59095,-78.4622
2025-10-13,25,"West Johnston Co.","Ozone","Johnston",35.59095,-78.4622
2025-10-14,22,"West Johnston Co.","Ozone","Johnston",35.59095,-78.4622
2025-10-15,35,"West Johnston Co.","Ozone","Johnston",35.59095,-78.4622
2025-10-16,34,"West Johnston Co.","Ozone","Johnston",35.59095,-78.4622
2025-10-17,36,"West Johnston Co.","Ozone","Johnston",35.59095,-78.4622
2025-10-18,39,"West Johnston Co.","Ozone","Johnston",35.59095,-78.4622
2025-10-19,41,"West Johnston Co.","Ozone","Johnston",35.59095,-78.4622
2025-10-20,34,"West Johnston Co.","Ozone","Johnston",35.59095,-78.4622
2025-10-21,44,"West Johnston Co.","Ozone","Johnston",35.59095,-78.4622
2025-10-22,42,"West Johnston Co.","Ozone","Johnston",35.59095,-78.4622
2025-10-23,38,"West Johnston Co.","Ozone","Johnston",35.59095,-78.4622
2025-10-24,37,"West Johnston Co.","Ozone","Johnston",35.59095,-78.4622
2025-10-25,31,"West Johnston Co.","Ozone","Johnston",35.59095,-78.4622
2025-10-26,31,"West Johnston Co.","Ozone","Johnston",35.59095,-78.4622
2025-10-27,35,"West Johnston Co.","Ozone","Johnston",35.59095,-78.4622
2025-10-28,29,"West Johnston Co.","Ozone","Johnston",35.59095,-78.4622
2025-10-29,16,"West Johnston Co.","Ozone","Johnston",35.59095,-78.4622
2025-10-30,24,"West Johnston Co.","Ozone","Johnston",35.59095,-78.4622
2025-10-31,34,"West Johnston Co.","Ozone","Johnston",35.59095,-78.4622
2025-11-01,34,"West Johnston Co.","Ozone","Johnston",35.59095,-78.4622
2025-11-02,33,"West Johnston Co.","Ozone","Johnston",35.59095,-78.4622
2025-03-01,49,"Lenoir Co. Comm. Coll.","Ozone","Lenoir",35.2318,-77.5669
2025-03-02,39,"Lenoir Co. Comm. Coll.","Ozone","Lenoir",35.2318,-77.5669
2025-03-03,43,"Lenoir Co. Comm. Coll.","Ozone","Lenoir",35.2318,-77.5669
2025-03-04,43,"Lenoir Co. Comm. Coll.","Ozone","Lenoir",35.2318,-77.5669
2025-03-05,39,"Lenoir Co. Comm. Coll.","Ozone","Lenoir",35.2318,-77.5669
2025-03-06,33,"Lenoir Co. Comm. Coll.","Ozone","Lenoir",35.2318,-77.5669
2025-03-07,38,"Lenoir Co. Comm. Coll.","Ozone","Lenoir",35.2318,-77.5669
2025-03-08,47,"Lenoir Co. Comm. Coll.","Ozone","Lenoir",35.2318,-77.5669
2025-03-09,39,"Lenoir Co. Comm. Coll.","Ozone","Lenoir",35.2318,-77.5669
2025-03-10,38,"Lenoir Co. Comm. Coll.","Ozone","Lenoir",35.2318,-77.5669
2025-03-11,45,"Lenoir Co. Comm. Coll.","Ozone","Lenoir",35.2318,-77.5669
2025-03-12,71,"Lenoir Co. Comm. Coll.","Ozone","Lenoir",35.2318,-77.5669
2025-03-13,58,"Lenoir Co. Comm. Coll.","Ozone","Lenoir",35.2318,-77.5669
2025-03-14,31,"Lenoir Co. Comm. Coll.","Ozone","Lenoir",35.2318,-77.5669
2025-03-15,39,"Lenoir Co. Comm. Coll.","Ozone","Lenoir",35.2318,-77.5669
2025-03-16,35,"Lenoir Co. Comm. Coll.","Ozone","Lenoir",35.2318,-77.5669
2025-03-17,34,"Lenoir Co. Comm. Coll.","Ozone","Lenoir",35.2318,-77.5669
2025-03-18,40,"Lenoir Co. Comm. Coll.","Ozone","Lenoir",35.2318,-77.5669
2025-03-19,46,"Lenoir Co. Comm. Coll.","Ozone","Lenoir",35.2318,-77.5669
2025-03-20,43,"Lenoir Co. Comm. Coll.","Ozone","Lenoir",35.2318,-77.5669
2025-03-21,40,"Lenoir Co. Comm. Coll.","Ozone","Lenoir",35.2318,-77.5669
2025-03-22,47,"Lenoir Co. Comm. Coll.","Ozone","Lenoir",35.2318,-77.5669
2025-03-23,42,"Lenoir Co. Comm. Coll.","Ozone","Lenoir",35.2318,-77.5669
2025-03-24,48,"Lenoir Co. Comm. Coll.","Ozone","Lenoir",35.2318,-77.5669
2025-03-25,48,"Lenoir Co. Comm. Coll.","Ozone","Lenoir",35.2318,-77.5669
2025-03-26,46,"Lenoir Co. Comm. Coll.","Ozone","Lenoir",35.2318,-77.5669
2025-03-27,48,"Lenoir Co. Comm. Coll.","Ozone","Lenoir",35.2318,-77.5669
2025-03-28,50,"Lenoir Co. Comm. Coll.","Ozone","Lenoir",35.2318,-77.5669
2025-03-29,42,"Lenoir Co. Comm. Coll.","Ozone","Lenoir",35.2318,-77.5669
2025-03-30,38,"Lenoir Co. Comm. Coll.","Ozone","Lenoir",35.2318,-77.5669
2025-03-31,32,"Lenoir Co. Comm. Coll.","Ozone","Lenoir",35.2318,-77.5669
2025-04-01,35,"Lenoir Co. Comm. Coll.","Ozone","Lenoir",35.2318,-77.5669
2025-04-02,38,"Lenoir Co. Comm. Coll.","Ozone","Lenoir",35.2318,-77.5669
2025-04-03,28,"Lenoir Co. Comm. Coll.","Ozone","Lenoir",35.2318,-77.5669
2025-04-04,30,"Lenoir Co. Comm. Coll.","Ozone","Lenoir",35.2318,-77.5669
2025-04-05,31,"Lenoir Co. Comm. Coll.","Ozone","Lenoir",35.2318,-77.5669
2025-04-06,33,"Lenoir Co. Comm. Coll.","Ozone","Lenoir",35.2318,-77.5669
2025-04-07,33,"Lenoir Co. Comm. Coll.","Ozone","Lenoir",35.2318,-77.5669
2025-04-08,43,"Lenoir Co. Comm. Coll.","Ozone","Lenoir",35.2318,-77.5669
2025-04-09,43,"Lenoir Co. Comm. Coll.","Ozone","Lenoir",35.2318,-77.5669
2025-04-10,46,"Lenoir Co. Comm. Coll.","Ozone","Lenoir",35.2318,-77.5669
2025-04-11,42,"Lenoir Co. Comm. Coll.","Ozone","Lenoir",35.2318,-77.5669
2025-04-12,32,"Lenoir Co. Comm. Coll.","Ozone","Lenoir",35.2318,-77.5669
2025-04-13,43,"Lenoir Co. Comm. Coll.","Ozone","Lenoir",35.2318,-77.5669
2025-04-14,54,"Lenoir Co. Comm. Coll.","Ozone","Lenoir",35.2318,-77.5669
2025-04-15,48,"Lenoir Co. Comm. Coll.","Ozone","Lenoir",35.2318,-77.5669
2025-04-16,46,"Lenoir Co. Comm. Coll.","Ozone","Lenoir",35.2318,-77.5669
2025-04-17,50,"Lenoir Co. Comm. Coll.","Ozone","Lenoir",35.2318,-77.5669
2025-04-18,51,"Lenoir Co. Comm. Coll.","Ozone","Lenoir",35.2318,-77.5669
2025-04-19,44,"Lenoir Co. Comm. Coll.","Ozone","Lenoir",35.2318,-77.5669
2025-04-20,41,"Lenoir Co. Comm. Coll.","Ozone","Lenoir",35.2318,-77.5669
2025-04-21,45,"Lenoir Co. Comm. Coll.","Ozone","Lenoir",35.2318,-77.5669
2025-04-22,43,"Lenoir Co. Comm. Coll.","Ozone","Lenoir",35.2318,-77.5669
2025-04-23,42,"Lenoir Co. Comm. Coll.","Ozone","Lenoir",35.2318,-77.5669
2025-04-24,44,"Lenoir Co. Comm. Coll.","Ozone","Lenoir",35.2318,-77.5669
2025-04-25,42,"Lenoir Co. Comm. Coll.","Ozone","Lenoir",35.2318,-77.5669
2025-04-26,39,"Lenoir Co. Comm. Coll.","Ozone","Lenoir",35.2318,-77.5669
2025-04-27,44,"Lenoir Co. Comm. Coll.","Ozone","Lenoir",35.2318,-77.5669
2025-04-28,48,"Lenoir Co. Comm. Coll.","Ozone","Lenoir",35.2318,-77.5669
2025-04-29,46,"Lenoir Co. Comm. Coll.","Ozone","Lenoir",35.2318,-77.5669
2025-04-30,45,"Lenoir Co. Comm. Coll.","Ozone","Lenoir",35.2318,-77.5669
2025-05-01,43,"Lenoir Co. Comm. Coll.","Ozone","Lenoir",35.2318,-77.5669
2025-05-02,43,"Lenoir Co. Comm. Coll.","Ozone","Lenoir",35.2318,-77.5669
2025-05-03,42,"Lenoir Co. Comm. Coll.","Ozone","Lenoir",35.2318,-77.5669
2025-05-04,33,"Lenoir Co. Comm. Coll.","Ozone","Lenoir",35.2318,-77.5669
2025-05-05,36,"Lenoir Co. Comm. Coll.","Ozone","Lenoir",35.2318,-77.5669
2025-05-06,48,"Lenoir Co. Comm. Coll.","Ozone","Lenoir",35.2318,-77.5669
2025-05-07,51,"Lenoir Co. Comm. Coll.","Ozone","Lenoir",35.2318,-77.5669
2025-05-08,48,"Lenoir Co. Comm. Coll.","Ozone","Lenoir",35.2318,-77.5669
2025-05-09,50,"Lenoir Co. Comm. Coll.","Ozone","Lenoir",35.2318,-77.5669
2025-05-10,46,"Lenoir Co. Comm. Coll.","Ozone","Lenoir",35.2318,-77.5669
2025-05-11,30,"Lenoir Co. Comm. Coll.","Ozone","Lenoir",35.2318,-77.5669
2025-05-12,31,"Lenoir Co. Comm. Coll.","Ozone","Lenoir",35.2318,-77.5669
2025-05-13,26,"Lenoir Co. Comm. Coll.","Ozone","Lenoir",35.2318,-77.5669
2025-05-14,40,"Lenoir Co. Comm. Coll.","Ozone","Lenoir",35.2318,-77.5669
2025-05-15,38,"Lenoir Co. Comm. Coll.","Ozone","Lenoir",35.2318,-77.5669
2025-05-16,43,"Lenoir Co. Comm. Coll.","Ozone","Lenoir",35.2318,-77.5669
2025-05-17,40,"Lenoir Co. Comm. Coll.","Ozone","Lenoir",35.2318,-77.5669
2025-05-18,45,"Lenoir Co. Comm. Coll.","Ozone","Lenoir",35.2318,-77.5669
2025-05-19,49,"Lenoir Co. Comm. Coll.","Ozone","Lenoir",35.2318,-77.5669
2025-05-20,44,"Lenoir Co. Comm. Coll.","Ozone","Lenoir",35.2318,-77.5669
2025-05-21,45,"Lenoir Co. Comm. Coll.","Ozone","Lenoir",35.2318,-77.5669
2025-05-22,49,"Lenoir Co. Comm. Coll.","Ozone","Lenoir",35.2318,-77.5669
2025-05-23,45,"Lenoir Co. Comm. Coll.","Ozone","Lenoir",35.2318,-77.5669
2025-05-24,46,"Lenoir Co. Comm. Coll.","Ozone","Lenoir",35.2318,-77.5669
2025-05-25,43,"Lenoir Co. Comm. Coll.","Ozone","Lenoir",35.2318,-77.5669
2025-05-26,35,"Lenoir Co. Comm. Coll.","Ozone","Lenoir",35.2318,-77.5669
2025-05-27,29,"Lenoir Co. Comm. Coll.","Ozone","Lenoir",35.2318,-77.5669
2025-05-28,28,"Lenoir Co. Comm. Coll.","Ozone","Lenoir",35.2318,-77.5669
2025-05-29,28,"Lenoir Co. Comm. Coll.","Ozone","Lenoir",35.2318,-77.5669
2025-05-30,36,"Lenoir Co. Comm. Coll.","Ozone","Lenoir",35.2318,-77.5669
2025-05-31,46,"Lenoir Co. Comm. Coll.","Ozone","Lenoir",35.2318,-77.5669
2025-06-01,44,"Lenoir Co. Comm. Coll.","Ozone","Lenoir",35.2318,-77.5669
2025-06-02,45,"Lenoir Co. Comm. Coll.","Ozone","Lenoir",35.2318,-77.5669
2025-06-03,45,"Lenoir Co. Comm. Coll.","Ozone","Lenoir",35.2318,-77.5669
2025-06-04,45,"Lenoir Co. Comm. Coll.","Ozone","Lenoir",35.2318,-77.5669
2025-06-05,21,"Lenoir Co. Comm. Coll.","Ozone","Lenoir",35.2318,-77.5669
2025-06-06,35,"Lenoir Co. Comm. Coll.","Ozone","Lenoir",35.2318,-77.5669
2025-06-07,38,"Lenoir Co. Comm. Coll.","Ozone","Lenoir",35.2318,-77.5669
2025-06-08,32,"Lenoir Co. Comm. Coll.","Ozone","Lenoir",35.2318,-77.5669
2025-06-09,42,"Lenoir Co. Comm. Coll.","Ozone","Lenoir",35.2318,-77.5669
2025-06-10,24,"Lenoir Co. Comm. Coll.","Ozone","Lenoir",35.2318,-77.5669
2025-06-11,30,"Lenoir Co. Comm. Coll.","Ozone","Lenoir",35.2318,-77.5669
2025-06-12,33,"Lenoir Co. Comm. Coll.","Ozone","Lenoir",35.2318,-77.5669
2025-06-13,19,"Lenoir Co. Comm. Coll.","Ozone","Lenoir",35.2318,-77.5669
2025-06-14,20,"Lenoir Co. Comm. Coll.","Ozone","Lenoir",35.2318,-77.5669
2025-06-15,24,"Lenoir Co. Comm. Coll.","Ozone","Lenoir",35.2318,-77.5669
2025-06-16,28,"Lenoir Co. Comm. Coll.","Ozone","Lenoir",35.2318,-77.5669
2025-06-17,29,"Lenoir Co. Comm. Coll.","Ozone","Lenoir",35.2318,-77.5669
2025-06-18,29,"Lenoir Co. Comm. Coll.","Ozone","Lenoir",35.2318,-77.5669
2025-06-19,33,"Lenoir Co. Comm. Coll.","Ozone","Lenoir",35.2318,-77.5669
2025-06-20,38,"Lenoir Co. Comm. Coll.","Ozone","Lenoir",35.2318,-77.5669
2025-06-21,35,"Lenoir Co. Comm. Coll.","Ozone","Lenoir",35.2318,-77.5669
2025-06-22,37,"Lenoir Co. Comm. Coll.","Ozone","Lenoir",35.2318,-77.5669
2025-06-23,58,"Lenoir Co. Comm. Coll.","Ozone","Lenoir",35.2318,-77.5669
2025-06-24,49,"Lenoir Co. Comm. Coll.","Ozone","Lenoir",35.2318,-77.5669
2025-06-25,46,"Lenoir Co. Comm. Coll.","Ozone","Lenoir",35.2318,-77.5669
2025-06-26,48,"Lenoir Co. Comm. Coll.","Ozone","Lenoir",35.2318,-77.5669
2025-06-27,46,"Lenoir Co. Comm. Coll.","Ozone","Lenoir",35.2318,-77.5669
2025-06-28,33,"Lenoir Co. Comm. Coll.","Ozone","Lenoir",35.2318,-77.5669
2025-06-29,35,"Lenoir Co. Comm. Coll.","Ozone","Lenoir",35.2318,-77.5669
2025-06-30,29,"Lenoir Co. Comm. Coll.","Ozone","Lenoir",35.2318,-77.5669
2025-07-01,31,"Lenoir Co. Comm. Coll.","Ozone","Lenoir",35.2318,-77.5669
2025-07-02,27,"Lenoir Co. Comm. Coll.","Ozone","Lenoir",35.2318,-77.5669
2025-07-03,34,"Lenoir Co. Comm. Coll.","Ozone","Lenoir",35.2318,-77.5669
2025-07-04,43,"Lenoir Co. Comm. Coll.","Ozone","Lenoir",35.2318,-77.5669
2025-07-05,36,"Lenoir Co. Comm. Coll.","Ozone","Lenoir",35.2318,-77.5669
2025-07-06,27,"Lenoir Co. Comm. Coll.","Ozone","Lenoir",35.2318,-77.5669
2025-07-07,31,"Lenoir Co. Comm. Coll.","Ozone","Lenoir",35.2318,-77.5669
2025-07-08,27,"Lenoir Co. Comm. Coll.","Ozone","Lenoir",35.2318,-77.5669
2025-07-09,25,"Lenoir Co. Comm. Coll.","Ozone","Lenoir",35.2318,-77.5669
2025-07-10,31,"Lenoir Co. Comm. Coll.","Ozone","Lenoir",35.2318,-77.5669
2025-07-11,37,"Lenoir Co. Comm. Coll.","Ozone","Lenoir",35.2318,-77.5669
2025-07-12,35,"Lenoir Co. Comm. Coll.","Ozone","Lenoir",35.2318,-77.5669
2025-07-13,30,"Lenoir Co. Comm. Coll.","Ozone","Lenoir",35.2318,-77.5669
2025-07-14,27,"Lenoir Co. Comm. Coll.","Ozone","Lenoir",35.2318,-77.5669
2025-07-15,26,"Lenoir Co. Comm. Coll.","Ozone","Lenoir",35.2318,-77.5669
2025-07-16,18,"Lenoir Co. Comm. Coll.","Ozone","Lenoir",35.2318,-77.5669
2025-07-17,23,"Lenoir Co. Comm. Coll.","Ozone","Lenoir",35.2318,-77.5669
2025-07-18,31,"Lenoir Co. Comm. Coll.","Ozone","Lenoir",35.2318,-77.5669
2025-07-19,29,"Lenoir Co. Comm. Coll.","Ozone","Lenoir",35.2318,-77.5669
2025-07-20,33,"Lenoir Co. Comm. Coll.","Ozone","Lenoir",35.2318,-77.5669
2025-07-21,37,"Lenoir Co. Comm. Coll.","Ozone","Lenoir",35.2318,-77.5669
2025-07-22,37,"Lenoir Co. Comm. Coll.","Ozone","Lenoir",35.2318,-77.5669
2025-07-23,31,"Lenoir Co. Comm. Coll.","Ozone","Lenoir",35.2318,-77.5669
2025-07-24,31,"Lenoir Co. Comm. Coll.","Ozone","Lenoir",35.2318,-77.5669
2025-07-25,40,"Lenoir Co. Comm. Coll.","Ozone","Lenoir",35.2318,-77.5669
2025-07-26,44,"Lenoir Co. Comm. Coll.","Ozone","Lenoir",35.2318,-77.5669
2025-07-27,31,"Lenoir Co. Comm. Coll.","Ozone","Lenoir",35.2318,-77.5669
2025-07-28,37,"Lenoir Co. Comm. Coll.","Ozone","Lenoir",35.2318,-77.5669
2025-07-29,29,"Lenoir Co. Comm. Coll.","Ozone","Lenoir",35.2318,-77.5669
2025-07-30,33,"Lenoir Co. Comm. Coll.","Ozone","Lenoir",35.2318,-77.5669
2025-07-31,30,"Lenoir Co. Comm. Coll.","Ozone","Lenoir",35.2318,-77.5669
2025-08-01,31,"Lenoir Co. Comm. Coll.","Ozone","Lenoir",35.2318,-77.5669
2025-08-02,29,"Lenoir Co. Comm. Coll.","Ozone","Lenoir",35.2318,-77.5669
2025-08-03,31,"Lenoir Co. Comm. Coll.","Ozone","Lenoir",35.2318,-77.5669
2025-08-04,30,"Lenoir Co. Comm. Coll.","Ozone","Lenoir",35.2318,-77.5669
2025-08-05,31,"Lenoir Co. Comm. Coll.","Ozone","Lenoir",35.2318,-77.5669
2025-08-06,23,"Lenoir Co. Comm. Coll.","Ozone","Lenoir",35.2318,-77.5669
2025-08-07,30,"Lenoir Co. Comm. Coll.","Ozone","Lenoir",35.2318,-77.5669
2025-08-08,26,"Lenoir Co. Comm. Coll.","Ozone","Lenoir",35.2318,-77.5669
2025-08-09,24,"Lenoir Co. Comm. Coll.","Ozone","Lenoir",35.2318,-77.5669
2025-08-10,22,"Lenoir Co. Comm. Coll.","Ozone","Lenoir",35.2318,-77.5669
2025-08-11,15,"Lenoir Co. Comm. Coll.","Ozone","Lenoir",35.2318,-77.5669
2025-08-12,14,"Lenoir Co. Comm. Coll.","Ozone","Lenoir",35.2318,-77.5669
2025-08-13,24,"Lenoir Co. Comm. Coll.","Ozone","Lenoir",35.2318,-77.5669
2025-08-14,22,"Lenoir Co. Comm. Coll.","Ozone","Lenoir",35.2318,-77.5669
2025-08-15,21,"Lenoir Co. Comm. Coll.","Ozone","Lenoir",35.2318,-77.5669
2025-08-16,25,"Lenoir Co. Comm. Coll.","Ozone","Lenoir",35.2318,-77.5669
2025-08-17,31,"Lenoir Co. Comm. Coll.","Ozone","Lenoir",35.2318,-77.5669
2025-08-18,33,"Lenoir Co. Comm. Coll.","Ozone","Lenoir",35.2318,-77.5669
2025-08-19,22,"Lenoir Co. Comm. Coll.","Ozone","Lenoir",35.2318,-77.5669
2025-08-20,19,"Lenoir Co. Comm. Coll.","Ozone","Lenoir",35.2318,-77.5669
2025-08-21,24,"Lenoir Co. Comm. Coll.","Ozone","Lenoir",35.2318,-77.5669
2025-08-22,31,"Lenoir Co. Comm. Coll.","Ozone","Lenoir",35.2318,-77.5669
2025-08-23,28,"Lenoir Co. Comm. Coll.","Ozone","Lenoir",35.2318,-77.5669
2025-08-24,26,"Lenoir Co. Comm. Coll.","Ozone","Lenoir",35.2318,-77.5669
2025-08-25,38,"Lenoir Co. Comm. Coll.","Ozone","Lenoir",35.2318,-77.5669
2025-08-26,36,"Lenoir Co. Comm. Coll.","Ozone","Lenoir",35.2318,-77.5669
2025-08-27,37,"Lenoir Co. Comm. Coll.","Ozone","Lenoir",35.2318,-77.5669
2025-08-28,37,"Lenoir Co. Comm. Coll.","Ozone","Lenoir",35.2318,-77.5669
2025-08-29,48,"Lenoir Co. Comm. Coll.","Ozone","Lenoir",35.2318,-77.5669
2025-08-30,40,"Lenoir Co. Comm. Coll.","Ozone","Lenoir",35.2318,-77.5669
2025-08-31,39,"Lenoir Co. Comm. Coll.","Ozone","Lenoir",35.2318,-77.5669
2025-09-01,31,"Lenoir Co. Comm. Coll.","Ozone","Lenoir",35.2318,-77.5669
2025-09-02,31,"Lenoir Co. Comm. Coll.","Ozone","Lenoir",35.2318,-77.5669
2025-09-03,40,"Lenoir Co. Comm. Coll.","Ozone","Lenoir",35.2318,-77.5669
2025-09-04,43,"Lenoir Co. Comm. Coll.","Ozone","Lenoir",35.2318,-77.5669
2025-09-05,41,"Lenoir Co. Comm. Coll.","Ozone","Lenoir",35.2318,-77.5669
2025-09-06,34,"Lenoir Co. Comm. Coll.","Ozone","Lenoir",35.2318,-77.5669
2025-09-07,29,"Lenoir Co. Comm. Coll.","Ozone","Lenoir",35.2318,-77.5669
2025-09-08,40,"Lenoir Co. Comm. Coll.","Ozone","Lenoir",35.2318,-77.5669
2025-09-09,29,"Lenoir Co. Comm. Coll.","Ozone","Lenoir",35.2318,-77.5669
2025-09-10,20,"Lenoir Co. Comm. Coll.","Ozone","Lenoir",35.2318,-77.5669
2025-09-11,19,"Lenoir Co. Comm. Coll.","Ozone","Lenoir",35.2318,-77.5669
2025-09-12,43,"Lenoir Co. Comm. Coll.","Ozone","Lenoir",35.2318,-77.5669
2025-09-13,39,"Lenoir Co. Comm. Coll.","Ozone","Lenoir",35.2318,-77.5669
2025-09-14,43,"Lenoir Co. Comm. Coll.","Ozone","Lenoir",35.2318,-77.5669
2025-09-15,39,"Lenoir Co. Comm. Coll.","Ozone","Lenoir",35.2318,-77.5669
2025-09-16,32,"Lenoir Co. Comm. Coll.","Ozone","Lenoir",35.2318,-77.5669
2025-09-17,38,"Lenoir Co. Comm. Coll.","Ozone","Lenoir",35.2318,-77.5669
2025-09-18,29,"Lenoir Co. Comm. Coll.","Ozone","Lenoir",35.2318,-77.5669
2025-09-19,45,"Lenoir Co. Comm. Coll.","Ozone","Lenoir",35.2318,-77.5669
2025-09-20,50,"Lenoir Co. Comm. Coll.","Ozone","Lenoir",35.2318,-77.5669
2025-09-21,40,"Lenoir Co. Comm. Coll.","Ozone","Lenoir",35.2318,-77.5669
2025-09-22,33,"Lenoir Co. Comm. Coll.","Ozone","Lenoir",35.2318,-77.5669
2025-09-23,31,"Lenoir Co. Comm. Coll.","Ozone","Lenoir",35.2318,-77.5669
2025-09-24,30,"Lenoir Co. Comm. Coll.","Ozone","Lenoir",35.2318,-77.5669
2025-09-25,31,"Lenoir Co. Comm. Coll.","Ozone","Lenoir",35.2318,-77.5669
2025-09-26,32,"Lenoir Co. Comm. Coll.","Ozone","Lenoir",35.2318,-77.5669
2025-09-27,19,"Lenoir Co. Comm. Coll.","Ozone","Lenoir",35.2318,-77.5669
2025-09-28,27,"Lenoir Co. Comm. Coll.","Ozone","Lenoir",35.2318,-77.5669
2025-09-29,21,"Lenoir Co. Comm. Coll.","Ozone","Lenoir",35.2318,-77.5669
2025-09-30,35,"Lenoir Co. Comm. Coll.","Ozone","Lenoir",35.2318,-77.5669
2025-10-01,31,"Lenoir Co. Comm. Coll.","Ozone","Lenoir",35.2318,-77.5669
2025-10-02,28,"Lenoir Co. Comm. Coll.","Ozone","Lenoir",35.2318,-77.5669
2025-10-03,31,"Lenoir Co. Comm. Coll.","Ozone","Lenoir",35.2318,-77.5669
2025-10-04,31,"Lenoir Co. Comm. Coll.","Ozone","Lenoir",35.2318,-77.5669
2025-10-05,31,"Lenoir Co. Comm. Coll.","Ozone","Lenoir",35.2318,-77.5669
2025-10-06,33,"Lenoir Co. Comm. Coll.","Ozone","Lenoir",35.2318,-77.5669
2025-10-07,30,"Lenoir Co. Comm. Coll.","Ozone","Lenoir",35.2318,-77.5669
2025-10-08,26,"Lenoir Co. Comm. Coll.","Ozone","Lenoir",35.2318,-77.5669
2025-10-09,34,"Lenoir Co. Comm. Coll.","Ozone","Lenoir",35.2318,-77.5669
2025-10-10,33,"Lenoir Co. Comm. Coll.","Ozone","Lenoir",35.2318,-77.5669
2025-10-11,29,"Lenoir Co. Comm. Coll.","Ozone","Lenoir",35.2318,-77.5669
2025-10-12,30,"Lenoir Co. Comm. Coll.","Ozone","Lenoir",35.2318,-77.5669
2025-10-13,23,"Lenoir Co. Comm. Coll.","Ozone","Lenoir",35.2318,-77.5669
2025-10-14,19,"Lenoir Co. Comm. Coll.","Ozone","Lenoir",35.2318,-77.5669
2025-10-15,24,"Lenoir Co. Comm. Coll.","Ozone","Lenoir",35.2318,-77.5669
2025-10-16,37,"Lenoir Co. Comm. Coll.","Ozone","Lenoir",35.2318,-77.5669
2025-10-17,35,"Lenoir Co. Comm. Coll.","Ozone","Lenoir",35.2318,-77.5669
2025-10-18,43,"Lenoir Co. Comm. Coll.","Ozone","Lenoir",35.2318,-77.5669
2025-10-19,38,"Lenoir Co. Comm. Coll.","Ozone","Lenoir",35.2318,-77.5669
2025-10-20,35,"Lenoir Co. Comm. Coll.","Ozone","Lenoir",35.2318,-77.5669
2025-10-21,37,"Lenoir Co. Comm. Coll.","Ozone","Lenoir",35.2318,-77.5669
2025-10-22,41,"Lenoir Co. Comm. Coll.","Ozone","Lenoir",35.2318,-77.5669
2025-10-23,38,"Lenoir Co. Comm. Coll.","Ozone","Lenoir",35.2318,-77.5669
2025-10-24,36,"Lenoir Co. Comm. Coll.","Ozone","Lenoir",35.2318,-77.5669
2025-10-25,32,"Lenoir Co. Comm. Coll.","Ozone","Lenoir",35.2318,-77.5669
2025-10-26,30,"Lenoir Co. Comm. Coll.","Ozone","Lenoir",35.2318,-77.5669
2025-10-27,30,"Lenoir Co. Comm. Coll.","Ozone","Lenoir",35.2318,-77.5669
2025-10-28,25,"Lenoir Co. Comm. Coll.","Ozone","Lenoir",35.2318,-77.5669
2025-10-29,18,"Lenoir Co. Comm. Coll.","Ozone","Lenoir",35.2318,-77.5669
2025-10-30,28,"Lenoir Co. Comm. Coll.","Ozone","Lenoir",35.2318,-77.5669
2025-10-31,33,"Lenoir Co. Comm. Coll.","Ozone","Lenoir",35.2318,-77.5669
2025-11-01,34,"Lenoir Co. Comm. Coll.","Ozone","Lenoir",35.2318,-77.5669
2025-11-02,35,"Lenoir Co. Comm. Coll.","Ozone","Lenoir",35.2318,-77.5669
2025-03-01,50,"Crouse","Ozone","Lincoln",35.438556,-81.27675
2025-03-02,42,"Crouse","Ozone","Lincoln",35.438556,-81.27675
2025-03-03,45,"Crouse","Ozone","Lincoln",35.438556,-81.27675
2025-03-04,44,"Crouse","Ozone","Lincoln",35.438556,-81.27675
2025-03-05,45,"Crouse","Ozone","Lincoln",35.438556,-81.27675
2025-03-06,37,"Crouse","Ozone","Lincoln",35.438556,-81.27675
2025-03-07,38,"Crouse","Ozone","Lincoln",35.438556,-81.27675
2025-03-08,44,"Crouse","Ozone","Lincoln",35.438556,-81.27675
2025-03-09,43,"Crouse","Ozone","Lincoln",35.438556,-81.27675
2025-03-10,35,"Crouse","Ozone","Lincoln",35.438556,-81.27675
2025-03-11,64,"Crouse","Ozone","Lincoln",35.438556,-81.27675
2025-03-12,84,"Crouse","Ozone","Lincoln",35.438556,-81.27675
2025-03-13,67,"Crouse","Ozone","Lincoln",35.438556,-81.27675
2025-03-14,64,"Crouse","Ozone","Lincoln",35.438556,-81.27675
2025-03-15,39,"Crouse","Ozone","Lincoln",35.438556,-81.27675
2025-03-16,41,"Crouse","Ozone","Lincoln",35.438556,-81.27675
2025-03-17,36,"Crouse","Ozone","Lincoln",35.438556,-81.27675
2025-03-18,47,"Crouse","Ozone","Lincoln",35.438556,-81.27675
2025-03-19,54,"Crouse","Ozone","Lincoln",35.438556,-81.27675
2025-03-20,44,"Crouse","Ozone","Lincoln",35.438556,-81.27675
2025-03-21,48,"Crouse","Ozone","Lincoln",35.438556,-81.27675
2025-03-22,51,"Crouse","Ozone","Lincoln",35.438556,-81.27675
2025-03-23,50,"Crouse","Ozone","Lincoln",35.438556,-81.27675
2025-03-24,42,"Crouse","Ozone","Lincoln",35.438556,-81.27675
2025-03-25,54,"Crouse","Ozone","Lincoln",35.438556,-81.27675
2025-03-26,47,"Crouse","Ozone","Lincoln",35.438556,-81.27675
2025-03-27,54,"Crouse","Ozone","Lincoln",35.438556,-81.27675
2025-03-28,64,"Crouse","Ozone","Lincoln",35.438556,-81.27675
2025-03-29,44,"Crouse","Ozone","Lincoln",35.438556,-81.27675
2025-03-30,38,"Crouse","Ozone","Lincoln",35.438556,-81.27675
2025-03-31,29,"Crouse","Ozone","Lincoln",35.438556,-81.27675
2025-04-01,37,"Crouse","Ozone","Lincoln",35.438556,-81.27675
2025-04-02,13,"Crouse","Ozone","Lincoln",35.438556,-81.27675
2025-04-03,31,"Crouse","Ozone","Lincoln",35.438556,-81.27675
2025-04-04,34,"Crouse","Ozone","Lincoln",35.438556,-81.27675
2025-04-05,40,"Crouse","Ozone","Lincoln",35.438556,-81.27675
2025-04-06,44,"Crouse","Ozone","Lincoln",35.438556,-81.27675
2025-04-07,29,"Crouse","Ozone","Lincoln",35.438556,-81.27675
2025-04-08,51,"Crouse","Ozone","Lincoln",35.438556,-81.27675
2025-04-09,50,"Crouse","Ozone","Lincoln",35.438556,-81.27675
2025-04-10,36,"Crouse","Ozone","Lincoln",35.438556,-81.27675
2025-04-11,38,"Crouse","Ozone","Lincoln",35.438556,-81.27675
2025-04-12,42,"Crouse","Ozone","Lincoln",35.438556,-81.27675
2025-04-13,49,"Crouse","Ozone","Lincoln",35.438556,-81.27675
2025-04-14,87,"Crouse","Ozone","Lincoln",35.438556,-81.27675
2025-04-15,46,"Crouse","Ozone","Lincoln",35.438556,-81.27675
2025-04-16,47,"Crouse","Ozone","Lincoln",35.438556,-81.27675
2025-04-17,71,"Crouse","Ozone","Lincoln",35.438556,-81.27675
2025-04-18,71,"Crouse","Ozone","Lincoln",35.438556,-81.27675
2025-04-19,48,"Crouse","Ozone","Lincoln",35.438556,-81.27675
2025-04-20,38,"Crouse","Ozone","Lincoln",35.438556,-81.27675
2025-04-21,47,"Crouse","Ozone","Lincoln",35.438556,-81.27675
2025-04-22,37,"Crouse","Ozone","Lincoln",35.438556,-81.27675
2025-04-23,44,"Crouse","Ozone","Lincoln",35.438556,-81.27675
2025-04-24,28,"Crouse","Ozone","Lincoln",35.438556,-81.27675
2025-04-25,33,"Crouse","Ozone","Lincoln",35.438556,-81.27675
2025-04-26,39,"Crouse","Ozone","Lincoln",35.438556,-81.27675
2025-04-27,46,"Crouse","Ozone","Lincoln",35.438556,-81.27675
2025-04-28,74,"Crouse","Ozone","Lincoln",35.438556,-81.27675
2025-04-29,43,"Crouse","Ozone","Lincoln",35.438556,-81.27675
2025-04-30,43,"Crouse","Ozone","Lincoln",35.438556,-81.27675
2025-05-01,39,"Crouse","Ozone","Lincoln",35.438556,-81.27675
2025-05-02,44,"Crouse","Ozone","Lincoln",35.438556,-81.27675
2025-05-03,30,"Crouse","Ozone","Lincoln",35.438556,-81.27675
2025-05-04,43,"Crouse","Ozone","Lincoln",35.438556,-81.27675
2025-05-05,45,"Crouse","Ozone","Lincoln",35.438556,-81.27675
2025-05-06,49,"Crouse","Ozone","Lincoln",35.438556,-81.27675
2025-05-07,41,"Crouse","Ozone","Lincoln",35.438556,-81.27675
2025-05-08,40,"Crouse","Ozone","Lincoln",35.438556,-81.27675
2025-05-09,43,"Crouse","Ozone","Lincoln",35.438556,-81.27675
2025-05-10,40,"Crouse","Ozone","Lincoln",35.438556,-81.27675
2025-05-11,23,"Crouse","Ozone","Lincoln",35.438556,-81.27675
2025-05-12,19,"Crouse","Ozone","Lincoln",35.438556,-81.27675
2025-05-13,39,"Crouse","Ozone","Lincoln",35.438556,-81.27675
2025-05-14,42,"Crouse","Ozone","Lincoln",35.438556,-81.27675
2025-05-15,44,"Crouse","Ozone","Lincoln",35.438556,-81.27675
2025-05-16,37,"Crouse","Ozone","Lincoln",35.438556,-81.27675
2025-05-17,40,"Crouse","Ozone","Lincoln",35.438556,-81.27675
2025-05-18,44,"Crouse","Ozone","Lincoln",35.438556,-81.27675
2025-05-19,41,"Crouse","Ozone","Lincoln",35.438556,-81.27675
2025-05-20,49,"Crouse","Ozone","Lincoln",35.438556,-81.27675
2025-05-21,43,"Crouse","Ozone","Lincoln",35.438556,-81.27675
2025-05-22,50,"Crouse","Ozone","Lincoln",35.438556,-81.27675
2025-05-23,43,"Crouse","Ozone","Lincoln",35.438556,-81.27675
2025-05-24,40,"Crouse","Ozone","Lincoln",35.438556,-81.27675
2025-05-25,41,"Crouse","Ozone","Lincoln",35.438556,-81.27675
2025-05-26,23,"Crouse","Ozone","Lincoln",35.438556,-81.27675
2025-05-27,26,"Crouse","Ozone","Lincoln",35.438556,-81.27675
2025-05-28,28,"Crouse","Ozone","Lincoln",35.438556,-81.27675
2025-05-29,30,"Crouse","Ozone","Lincoln",35.438556,-81.27675
2025-05-30,38,"Crouse","Ozone","Lincoln",35.438556,-81.27675
2025-05-31,44,"Crouse","Ozone","Lincoln",35.438556,-81.27675
2025-06-01,43,"Crouse","Ozone","Lincoln",35.438556,-81.27675
2025-06-02,47,"Crouse","Ozone","Lincoln",35.438556,-81.27675
2025-06-03,50,"Crouse","Ozone","Lincoln",35.438556,-81.27675
2025-06-04,47,"Crouse","Ozone","Lincoln",35.438556,-81.27675
2025-06-05,28,"Crouse","Ozone","Lincoln",35.438556,-81.27675
2025-06-06,41,"Crouse","Ozone","Lincoln",35.438556,-81.27675
2025-06-07,36,"Crouse","Ozone","Lincoln",35.438556,-81.27675
2025-06-08,32,"Crouse","Ozone","Lincoln",35.438556,-81.27675
2025-06-09,47,"Crouse","Ozone","Lincoln",35.438556,-81.27675
2025-06-10,33,"Crouse","Ozone","Lincoln",35.438556,-81.27675
2025-06-11,50,"Crouse","Ozone","Lincoln",35.438556,-81.27675
2025-06-12,44,"Crouse","Ozone","Lincoln",35.438556,-81.27675
2025-06-13,29,"Crouse","Ozone","Lincoln",35.438556,-81.27675
2025-06-14,28,"Crouse","Ozone","Lincoln",35.438556,-81.27675
2025-06-15,28,"Crouse","Ozone","Lincoln",35.438556,-81.27675
2025-06-16,31,"Crouse","Ozone","Lincoln",35.438556,-81.27675
2025-06-17,32,"Crouse","Ozone","Lincoln",35.438556,-81.27675
2025-06-21,54,"Crouse","Ozone","Lincoln",35.438556,-81.27675
2025-06-22,44,"Crouse","Ozone","Lincoln",35.438556,-81.27675
2025-06-23,49,"Crouse","Ozone","Lincoln",35.438556,-81.27675
2025-06-24,54,"Crouse","Ozone","Lincoln",35.438556,-81.27675
2025-06-25,44,"Crouse","Ozone","Lincoln",35.438556,-81.27675
2025-06-26,44,"Crouse","Ozone","Lincoln",35.438556,-81.27675
2025-06-27,50,"Crouse","Ozone","Lincoln",35.438556,-81.27675
2025-06-28,47,"Crouse","Ozone","Lincoln",35.438556,-81.27675
2025-06-29,39,"Crouse","Ozone","Lincoln",35.438556,-81.27675
2025-06-30,39,"Crouse","Ozone","Lincoln",35.438556,-81.27675
2025-07-01,39,"Crouse","Ozone","Lincoln",35.438556,-81.27675
2025-07-02,39,"Crouse","Ozone","Lincoln",35.438556,-81.27675
2025-07-03,64,"Crouse","Ozone","Lincoln",35.438556,-81.27675
2025-07-04,61,"Crouse","Ozone","Lincoln",35.438556,-81.27675
2025-07-05,51,"Crouse","Ozone","Lincoln",35.438556,-81.27675
2025-07-06,30,"Crouse","Ozone","Lincoln",35.438556,-81.27675
2025-07-07,46,"Crouse","Ozone","Lincoln",35.438556,-81.27675
2025-07-08,64,"Crouse","Ozone","Lincoln",35.438556,-81.27675
2025-07-09,44,"Crouse","Ozone","Lincoln",35.438556,-81.27675
2025-07-10,36,"Crouse","Ozone","Lincoln",35.438556,-81.27675
2025-07-11,41,"Crouse","Ozone","Lincoln",35.438556,-81.27675
2025-07-12,41,"Crouse","Ozone","Lincoln",35.438556,-81.27675
2025-07-13,31,"Crouse","Ozone","Lincoln",35.438556,-81.27675
2025-07-14,46,"Crouse","Ozone","Lincoln",35.438556,-81.27675
2025-07-15,42,"Crouse","Ozone","Lincoln",35.438556,-81.27675
2025-07-16,37,"Crouse","Ozone","Lincoln",35.438556,-81.27675
2025-07-17,36,"Crouse","Ozone","Lincoln",35.438556,-81.27675
2025-07-18,38,"Crouse","Ozone","Lincoln",35.438556,-81.27675
2025-07-19,38,"Crouse","Ozone","Lincoln",35.438556,-81.27675
2025-07-20,31,"Crouse","Ozone","Lincoln",35.438556,-81.27675
2025-07-21,35,"Crouse","Ozone","Lincoln",35.438556,-81.27675
2025-07-22,41,"Crouse","Ozone","Lincoln",35.438556,-81.27675
2025-07-23,77,"Crouse","Ozone","Lincoln",35.438556,-81.27675
2025-07-24,49,"Crouse","Ozone","Lincoln",35.438556,-81.27675
2025-07-25,39,"Crouse","Ozone","Lincoln",35.438556,-81.27675
2025-07-26,44,"Crouse","Ozone","Lincoln",35.438556,-81.27675
2025-07-27,34,"Crouse","Ozone","Lincoln",35.438556,-81.27675
2025-07-28,38,"Crouse","Ozone","Lincoln",35.438556,-81.27675
2025-07-29,43,"Crouse","Ozone","Lincoln",35.438556,-81.27675
2025-07-30,58,"Crouse","Ozone","Lincoln",35.438556,-81.27675
2025-07-31,45,"Crouse","Ozone","Lincoln",35.438556,-81.27675
2025-08-01,41,"Crouse","Ozone","Lincoln",35.438556,-81.27675
2025-08-02,27,"Crouse","Ozone","Lincoln",35.438556,-81.27675
2025-08-03,27,"Crouse","Ozone","Lincoln",35.438556,-81.27675
2025-08-04,37,"Crouse","Ozone","Lincoln",35.438556,-81.27675
2025-08-05,28,"Crouse","Ozone","Lincoln",35.438556,-81.27675
2025-08-06,26,"Crouse","Ozone","Lincoln",35.438556,-81.27675
2025-08-07,32,"Crouse","Ozone","Lincoln",35.438556,-81.27675
2025-08-08,36,"Crouse","Ozone","Lincoln",35.438556,-81.27675
2025-08-09,37,"Crouse","Ozone","Lincoln",35.438556,-81.27675
2025-08-10,32,"Crouse","Ozone","Lincoln",35.438556,-81.27675
2025-08-11,19,"Crouse","Ozone","Lincoln",35.438556,-81.27675
2025-08-12,28,"Crouse","Ozone","Lincoln",35.438556,-81.27675
2025-08-13,28,"Crouse","Ozone","Lincoln",35.438556,-81.27675
2025-08-14,25,"Crouse","Ozone","Lincoln",35.438556,-81.27675
2025-08-15,47,"Crouse","Ozone","Lincoln",35.438556,-81.27675
2025-08-16,50,"Crouse","Ozone","Lincoln",35.438556,-81.27675
2025-08-17,38,"Crouse","Ozone","Lincoln",35.438556,-81.27675
2025-08-18,49,"Crouse","Ozone","Lincoln",35.438556,-81.27675
2025-08-19,41,"Crouse","Ozone","Lincoln",35.438556,-81.27675
2025-08-20,41,"Crouse","Ozone","Lincoln",35.438556,-81.27675
2025-08-21,31,"Crouse","Ozone","Lincoln",35.438556,-81.27675
2025-08-22,26,"Crouse","Ozone","Lincoln",35.438556,-81.27675
2025-08-23,37,"Crouse","Ozone","Lincoln",35.438556,-81.27675
2025-08-24,35,"Crouse","Ozone","Lincoln",35.438556,-81.27675
2025-08-25,36,"Crouse","Ozone","Lincoln",35.438556,-81.27675
2025-08-26,41,"Crouse","Ozone","Lincoln",35.438556,-81.27675
2025-08-27,44,"Crouse","Ozone","Lincoln",35.438556,-81.27675
2025-08-28,45,"Crouse","Ozone","Lincoln",35.438556,-81.27675
2025-08-29,43,"Crouse","Ozone","Lincoln",35.438556,-81.27675
2025-08-30,47,"Crouse","Ozone","Lincoln",35.438556,-81.27675
2025-08-31,30,"Crouse","Ozone","Lincoln",35.438556,-81.27675
2025-09-01,43,"Crouse","Ozone","Lincoln",35.438556,-81.27675
2025-09-02,42,"Crouse","Ozone","Lincoln",35.438556,-81.27675
2025-09-03,41,"Crouse","Ozone","Lincoln",35.438556,-81.27675
2025-09-04,42,"Crouse","Ozone","Lincoln",35.438556,-81.27675
2025-09-05,43,"Crouse","Ozone","Lincoln",35.438556,-81.27675
2025-09-06,39,"Crouse","Ozone","Lincoln",35.438556,-81.27675
2025-09-07,25,"Crouse","Ozone","Lincoln",35.438556,-81.27675
2025-09-08,42,"Crouse","Ozone","Lincoln",35.438556,-81.27675
2025-09-09,45,"Crouse","Ozone","Lincoln",35.438556,-81.27675
2025-09-10,44,"Crouse","Ozone","Lincoln",35.438556,-81.27675
2025-09-11,48,"Crouse","Ozone","Lincoln",35.438556,-81.27675
2025-09-12,51,"Crouse","Ozone","Lincoln",35.438556,-81.27675
2025-09-13,49,"Crouse","Ozone","Lincoln",35.438556,-81.27675
2025-09-14,46,"Crouse","Ozone","Lincoln",35.438556,-81.27675
2025-09-15,46,"Crouse","Ozone","Lincoln",35.438556,-81.27675
2025-09-16,44,"Crouse","Ozone","Lincoln",35.438556,-81.27675
2025-09-17,41,"Crouse","Ozone","Lincoln",35.438556,-81.27675
2025-09-18,48,"Crouse","Ozone","Lincoln",35.438556,-81.27675
2025-09-19,61,"Crouse","Ozone","Lincoln",35.438556,-81.27675
2025-09-20,54,"Crouse","Ozone","Lincoln",35.438556,-81.27675
2025-09-21,47,"Crouse","Ozone","Lincoln",35.438556,-81.27675
2025-09-22,50,"Crouse","Ozone","Lincoln",35.438556,-81.27675
2025-09-23,48,"Crouse","Ozone","Lincoln",35.438556,-81.27675
2025-09-24,44,"Crouse","Ozone","Lincoln",35.438556,-81.27675
2025-09-25,35,"Crouse","Ozone","Lincoln",35.438556,-81.27675
2025-09-26,26,"Crouse","Ozone","Lincoln",35.438556,-81.27675
2025-09-27,30,"Crouse","Ozone","Lincoln",35.438556,-81.27675
2025-09-28,36,"Crouse","Ozone","Lincoln",35.438556,-81.27675
2025-09-29,31,"Crouse","Ozone","Lincoln",35.438556,-81.27675
2025-09-30,36,"Crouse","Ozone","Lincoln",35.438556,-81.27675
2025-10-01,48,"Crouse","Ozone","Lincoln",35.438556,-81.27675
2025-10-02,43,"Crouse","Ozone","Lincoln",35.438556,-81.27675
2025-10-03,36,"Crouse","Ozone","Lincoln",35.438556,-81.27675
2025-10-04,38,"Crouse","Ozone","Lincoln",35.438556,-81.27675
2025-10-05,35,"Crouse","Ozone","Lincoln",35.438556,-81.27675
2025-10-06,30,"Crouse","Ozone","Lincoln",35.438556,-81.27675
2025-10-07,34,"Crouse","Ozone","Lincoln",35.438556,-81.27675
2025-10-08,31,"Crouse","Ozone","Lincoln",35.438556,-81.27675
2025-10-09,41,"Crouse","Ozone","Lincoln",35.438556,-81.27675
2025-10-10,33,"Crouse","Ozone","Lincoln",35.438556,-81.27675
2025-10-11,33,"Crouse","Ozone","Lincoln",35.438556,-81.27675
2025-10-12,31,"Crouse","Ozone","Lincoln",35.438556,-81.27675
2025-10-13,34,"Crouse","Ozone","Lincoln",35.438556,-81.27675
2025-10-14,39,"Crouse","Ozone","Lincoln",35.438556,-81.27675
2025-10-15,39,"Crouse","Ozone","Lincoln",35.438556,-81.27675
2025-10-16,42,"Crouse","Ozone","Lincoln",35.438556,-81.27675
2025-10-17,44,"Crouse","Ozone","Lincoln",35.438556,-81.27675
2025-10-18,48,"Crouse","Ozone","Lincoln",35.438556,-81.27675
2025-10-19,36,"Crouse","Ozone","Lincoln",35.438556,-81.27675
2025-10-20,35,"Crouse","Ozone","Lincoln",35.438556,-81.27675
2025-10-21,46,"Crouse","Ozone","Lincoln",35.438556,-81.27675
2025-10-22,39,"Crouse","Ozone","Lincoln",35.438556,-81.27675
2025-10-23,41,"Crouse","Ozone","Lincoln",35.438556,-81.27675
2025-10-24,40,"Crouse","Ozone","Lincoln",35.438556,-81.27675
2025-10-25,30,"Crouse","Ozone","Lincoln",35.438556,-81.27675
2025-10-26,36,"Crouse","Ozone","Lincoln",35.438556,-81.27675
2025-10-27,30,"Crouse","Ozone","Lincoln",35.438556,-81.27675
2025-10-28,31,"Crouse","Ozone","Lincoln",35.438556,-81.27675
2025-10-29,13,"Crouse","Ozone","Lincoln",35.438556,-81.27675
2025-10-30,27,"Crouse","Ozone","Lincoln",35.438556,-81.27675
2025-10-31,34,"Crouse","Ozone","Lincoln",35.438556,-81.27675
2025-11-01,36,"Crouse","Ozone","Lincoln",35.438556,-81.27675
2025-11-02,35,"Crouse","Ozone","Lincoln",35.438556,-81.27675
2025-01-01,32,"Coweeta","Ozone","Macon",35.0608,-83.4306
2025-01-02,32,"Coweeta","Ozone","Macon",35.0608,-83.4306
2025-01-03,36,"Coweeta","Ozone","Macon",35.0608,-83.4306
2025-01-04,43,"Coweeta","Ozone","Macon",35.0608,-83.4306
2025-01-05,34,"Coweeta","Ozone","Macon",35.0608,-83.4306
2025-01-06,32,"Coweeta","Ozone","Macon",35.0608,-83.4306
2025-01-07,31,"Coweeta","Ozone","Macon",35.0608,-83.4306
2025-01-08,35,"Coweeta","Ozone","Macon",35.0608,-83.4306
2025-01-09,35,"Coweeta","Ozone","Macon",35.0608,-83.4306
2025-01-10,36,"Coweeta","Ozone","Macon",35.0608,-83.4306
2025-01-11,36,"Coweeta","Ozone","Macon",35.0608,-83.4306
2025-01-12,31,"Coweeta","Ozone","Macon",35.0608,-83.4306
2025-01-13,34,"Coweeta","Ozone","Macon",35.0608,-83.4306
2025-01-14,39,"Coweeta","Ozone","Macon",35.0608,-83.4306
2025-01-15,41,"Coweeta","Ozone","Macon",35.0608,-83.4306
2025-01-16,39,"Coweeta","Ozone","Macon",35.0608,-83.4306
2025-01-17,39,"Coweeta","Ozone","Macon",35.0608,-83.4306
2025-01-18,34,"Coweeta","Ozone","Macon",35.0608,-83.4306
2025-01-19,33,"Coweeta","Ozone","Macon",35.0608,-83.4306
2025-01-20,37,"Coweeta","Ozone","Macon",35.0608,-83.4306
2025-01-21,35,"Coweeta","Ozone","Macon",35.0608,-83.4306
2025-01-22,34,"Coweeta","Ozone","Macon",35.0608,-83.4306
2025-01-23,32,"Coweeta","Ozone","Macon",35.0608,-83.4306
2025-01-24,35,"Coweeta","Ozone","Macon",35.0608,-83.4306
2025-01-25,34,"Coweeta","Ozone","Macon",35.0608,-83.4306
2025-01-26,35,"Coweeta","Ozone","Macon",35.0608,-83.4306
2025-01-27,32,"Coweeta","Ozone","Macon",35.0608,-83.4306
2025-01-28,42,"Coweeta","Ozone","Macon",35.0608,-83.4306
2025-01-29,42,"Coweeta","Ozone","Macon",35.0608,-83.4306
2025-01-30,42,"Coweeta","Ozone","Macon",35.0608,-83.4306
2025-01-31,32,"Coweeta","Ozone","Macon",35.0608,-83.4306
2025-02-01,33,"Coweeta","Ozone","Macon",35.0608,-83.4306
2025-02-02,37,"Coweeta","Ozone","Macon",35.0608,-83.4306
2025-02-03,34,"Coweeta","Ozone","Macon",35.0608,-83.4306
2025-02-04,39,"Coweeta","Ozone","Macon",35.0608,-83.4306
2025-02-05,43,"Coweeta","Ozone","Macon",35.0608,-83.4306
2025-02-06,31,"Coweeta","Ozone","Macon",35.0608,-83.4306
2025-02-07,31,"Coweeta","Ozone","Macon",35.0608,-83.4306
2025-02-08,30,"Coweeta","Ozone","Macon",35.0608,-83.4306
2025-02-09,39,"Coweeta","Ozone","Macon",35.0608,-83.4306
2025-02-10,30,"Coweeta","Ozone","Macon",35.0608,-83.4306
2025-02-11,35,"Coweeta","Ozone","Macon",35.0608,-83.4306
2025-02-12,21,"Coweeta","Ozone","Macon",35.0608,-83.4306
2025-02-13,36,"Coweeta","Ozone","Macon",35.0608,-83.4306
2025-02-14,40,"Coweeta","Ozone","Macon",35.0608,-83.4306
2025-02-15,36,"Coweeta","Ozone","Macon",35.0608,-83.4306
2025-02-16,37,"Coweeta","Ozone","Macon",35.0608,-83.4306
2025-02-17,38,"Coweeta","Ozone","Macon",35.0608,-83.4306
2025-02-18,40,"Coweeta","Ozone","Macon",35.0608,-83.4306
2025-02-19,36,"Coweeta","Ozone","Macon",35.0608,-83.4306
2025-02-20,38,"Coweeta","Ozone","Macon",35.0608,-83.4306
2025-02-21,36,"Coweeta","Ozone","Macon",35.0608,-83.4306
2025-02-22,37,"Coweeta","Ozone","Macon",35.0608,-83.4306
2025-02-23,40,"Coweeta","Ozone","Macon",35.0608,-83.4306
2025-02-24,40,"Coweeta","Ozone","Macon",35.0608,-83.4306
2025-02-25,44,"Coweeta","Ozone","Macon",35.0608,-83.4306
2025-02-26,44,"Coweeta","Ozone","Macon",35.0608,-83.4306
2025-02-27,47,"Coweeta","Ozone","Macon",35.0608,-83.4306
2025-02-28,42,"Coweeta","Ozone","Macon",35.0608,-83.4306
2025-03-01,0,"Coweeta","Ozone","Macon",35.0608,-83.4306
2025-03-02,0,"Coweeta","Ozone","Macon",35.0608,-83.4306
2025-03-03,0,"Coweeta","Ozone","Macon",35.0608,-83.4306
2025-03-04,0,"Coweeta","Ozone","Macon",35.0608,-83.4306
2025-03-05,0,"Coweeta","Ozone","Macon",35.0608,-83.4306
2025-03-06,38,"Coweeta","Ozone","Macon",35.0608,-83.4306
2025-03-07,47,"Coweeta","Ozone","Macon",35.0608,-83.4306
2025-03-08,44,"Coweeta","Ozone","Macon",35.0608,-83.4306
2025-03-09,41,"Coweeta","Ozone","Macon",35.0608,-83.4306
2025-03-10,32,"Coweeta","Ozone","Macon",35.0608,-83.4306
2025-03-14,54,"Coweeta","Ozone","Macon",35.0608,-83.4306
2025-03-15,43,"Coweeta","Ozone","Macon",35.0608,-83.4306
2025-03-16,44,"Coweeta","Ozone","Macon",35.0608,-83.4306
2025-03-17,41,"Coweeta","Ozone","Macon",35.0608,-83.4306
2025-03-18,42,"Coweeta","Ozone","Macon",35.0608,-83.4306
2025-03-19,48,"Coweeta","Ozone","Macon",35.0608,-83.4306
2025-03-20,39,"Coweeta","Ozone","Macon",35.0608,-83.4306
2025-03-21,43,"Coweeta","Ozone","Macon",35.0608,-83.4306
2025-03-22,49,"Coweeta","Ozone","Macon",35.0608,-83.4306
2025-03-23,64,"Coweeta","Ozone","Macon",35.0608,-83.4306
2025-03-26,48,"Coweeta","Ozone","Macon",35.0608,-83.4306
2025-03-27,46,"Coweeta","Ozone","Macon",35.0608,-83.4306
2025-03-28,61,"Coweeta","Ozone","Macon",35.0608,-83.4306
2025-03-29,43,"Coweeta","Ozone","Macon",35.0608,-83.4306
2025-03-30,33,"Coweeta","Ozone","Macon",35.0608,-83.4306
2025-03-31,37,"Coweeta","Ozone","Macon",35.0608,-83.4306
2025-04-01,37,"Coweeta","Ozone","Macon",35.0608,-83.4306
2025-04-02,32,"Coweeta","Ozone","Macon",35.0608,-83.4306
2025-04-03,31,"Coweeta","Ozone","Macon",35.0608,-83.4306
2025-04-04,38,"Coweeta","Ozone","Macon",35.0608,-83.4306
2025-04-05,44,"Coweeta","Ozone","Macon",35.0608,-83.4306
2025-04-06,36,"Coweeta","Ozone","Macon",35.0608,-83.4306
2025-04-07,40,"Coweeta","Ozone","Macon",35.0608,-83.4306
2025-04-08,54,"Coweeta","Ozone","Macon",35.0608,-83.4306
2025-04-09,48,"Coweeta","Ozone","Macon",35.0608,-83.4306
2025-04-10,47,"Coweeta","Ozone","Macon",35.0608,-83.4306
2025-04-11,46,"Coweeta","Ozone","Macon",35.0608,-83.4306
2025-04-12,44,"Coweeta","Ozone","Macon",35.0608,-83.4306
2025-04-13,44,"Coweeta","Ozone","Macon",35.0608,-83.4306
2025-04-14,80,"Coweeta","Ozone","Macon",35.0608,-83.4306
2025-04-15,47,"Coweeta","Ozone","Macon",35.0608,-83.4306
2025-04-16,51,"Coweeta","Ozone","Macon",35.0608,-83.4306
2025-04-17,58,"Coweeta","Ozone","Macon",35.0608,-83.4306
2025-04-18,97,"Coweeta","Ozone","Macon",35.0608,-83.4306
2025-04-19,71,"Coweeta","Ozone","Macon",35.0608,-83.4306
2025-04-20,47,"Coweeta","Ozone","Macon",35.0608,-83.4306
2025-04-21,54,"Coweeta","Ozone","Macon",35.0608,-83.4306
2025-04-22,31,"Coweeta","Ozone","Macon",35.0608,-83.4306
2025-04-23,35,"Coweeta","Ozone","Macon",35.0608,-83.4306
2025-04-24,41,"Coweeta","Ozone","Macon",35.0608,-83.4306
2025-04-25,29,"Coweeta","Ozone","Macon",35.0608,-83.4306
2025-04-26,36,"Coweeta","Ozone","Macon",35.0608,-83.4306
2025-04-27,34,"Coweeta","Ozone","Macon",35.0608,-83.4306
2025-04-28,47,"Coweeta","Ozone","Macon",35.0608,-83.4306
2025-04-29,41,"Coweeta","Ozone","Macon",35.0608,-83.4306
2025-04-30,34,"Coweeta","Ozone","Macon",35.0608,-83.4306
2025-05-01,47,"Coweeta","Ozone","Macon",35.0608,-83.4306
2025-05-02,34,"Coweeta","Ozone","Macon",35.0608,-83.4306
2025-05-03,38,"Coweeta","Ozone","Macon",35.0608,-83.4306
2025-05-04,39,"Coweeta","Ozone","Macon",35.0608,-83.4306
2025-05-05,39,"Coweeta","Ozone","Macon",35.0608,-83.4306
2025-05-06,42,"Coweeta","Ozone","Macon",35.0608,-83.4306
2025-05-07,25,"Coweeta","Ozone","Macon",35.0608,-83.4306
2025-05-08,42,"Coweeta","Ozone","Macon",35.0608,-83.4306
2025-05-09,39,"Coweeta","Ozone","Macon",35.0608,-83.4306
2025-05-10,29,"Coweeta","Ozone","Macon",35.0608,-83.4306
2025-05-11,33,"Coweeta","Ozone","Macon",35.0608,-83.4306
2025-05-12,23,"Coweeta","Ozone","Macon",35.0608,-83.4306
2025-05-14,36,"Coweeta","Ozone","Macon",35.0608,-83.4306
2025-05-15,38,"Coweeta","Ozone","Macon",35.0608,-83.4306
2025-05-16,32,"Coweeta","Ozone","Macon",35.0608,-83.4306
2025-05-17,44,"Coweeta","Ozone","Macon",35.0608,-83.4306
2025-05-18,42,"Coweeta","Ozone","Macon",35.0608,-83.4306
2025-05-19,22,"Coweeta","Ozone","Macon",35.0608,-83.4306
2025-05-20,26,"Coweeta","Ozone","Macon",35.0608,-83.4306
2025-05-21,42,"Coweeta","Ozone","Macon",35.0608,-83.4306
2025-05-22,51,"Coweeta","Ozone","Macon",35.0608,-83.4306
2025-05-23,44,"Coweeta","Ozone","Macon",35.0608,-83.4306
2025-05-24,34,"Coweeta","Ozone","Macon",35.0608,-83.4306
2025-05-25,28,"Coweeta","Ozone","Macon",35.0608,-83.4306
2025-05-26,29,"Coweeta","Ozone","Macon",35.0608,-83.4306
2025-05-27,23,"Coweeta","Ozone","Macon",35.0608,-83.4306
2025-05-28,19,"Coweeta","Ozone","Macon",35.0608,-83.4306
2025-05-29,21,"Coweeta","Ozone","Macon",35.0608,-83.4306
2025-05-30,44,"Coweeta","Ozone","Macon",35.0608,-83.4306
2025-05-31,61,"Coweeta","Ozone","Macon",35.0608,-83.4306
2025-06-01,40,"Coweeta","Ozone","Macon",35.0608,-83.4306
2025-06-02,37,"Coweeta","Ozone","Macon",35.0608,-83.4306
2025-06-03,49,"Coweeta","Ozone","Macon",35.0608,-83.4306
2025-06-04,45,"Coweeta","Ozone","Macon",35.0608,-83.4306
2025-06-05,35,"Coweeta","Ozone","Macon",35.0608,-83.4306
2025-06-06,26,"Coweeta","Ozone","Macon",35.0608,-83.4306
2025-06-07,37,"Coweeta","Ozone","Macon",35.0608,-83.4306
2025-06-08,36,"Coweeta","Ozone","Macon",35.0608,-83.4306
2025-06-09,26,"Coweeta","Ozone","Macon",35.0608,-83.4306
2025-06-10,23,"Coweeta","Ozone","Macon",35.0608,-83.4306
2025-06-11,38,"Coweeta","Ozone","Macon",35.0608,-83.4306
2025-06-12,28,"Coweeta","Ozone","Macon",35.0608,-83.4306
2025-06-13,19,"Coweeta","Ozone","Macon",35.0608,-83.4306
2025-06-14,21,"Coweeta","Ozone","Macon",35.0608,-83.4306
2025-06-15,26,"Coweeta","Ozone","Macon",35.0608,-83.4306
2025-06-16,27,"Coweeta","Ozone","Macon",35.0608,-83.4306
2025-06-17,28,"Coweeta","Ozone","Macon",35.0608,-83.4306
2025-06-18,22,"Coweeta","Ozone","Macon",35.0608,-83.4306
2025-06-19,32,"Coweeta","Ozone","Macon",35.0608,-83.4306
2025-06-20,28,"Coweeta","Ozone","Macon",35.0608,-83.4306
2025-06-21,43,"Coweeta","Ozone","Macon",35.0608,-83.4306
2025-06-22,39,"Coweeta","Ozone","Macon",35.0608,-83.4306
2025-06-23,27,"Coweeta","Ozone","Macon",35.0608,-83.4306
2025-06-24,26,"Coweeta","Ozone","Macon",35.0608,-83.4306
2025-06-25,19,"Coweeta","Ozone","Macon",35.0608,-83.4306
2025-06-26,21,"Coweeta","Ozone","Macon",35.0608,-83.4306
2025-06-27,24,"Coweeta","Ozone","Macon",35.0608,-83.4306
2025-06-28,34,"Coweeta","Ozone","Macon",35.0608,-83.4306
2025-06-29,35,"Coweeta","Ozone","Macon",35.0608,-83.4306
2025-06-30,24,"Coweeta","Ozone","Macon",35.0608,-83.4306
2025-07-01,26,"Coweeta","Ozone","Macon",35.0608,-83.4306
2025-07-02,32,"Coweeta","Ozone","Macon",35.0608,-83.4306
2025-07-03,39,"Coweeta","Ozone","Macon",35.0608,-83.4306
2025-07-04,38,"Coweeta","Ozone","Macon",35.0608,-83.4306
2025-07-05,37,"Coweeta","Ozone","Macon",35.0608,-83.4306
2025-07-06,34,"Coweeta","Ozone","Macon",35.0608,-83.4306
2025-07-07,33,"Coweeta","Ozone","Macon",35.0608,-83.4306
2025-07-08,31,"Coweeta","Ozone","Macon",35.0608,-83.4306
2025-07-09,32,"Coweeta","Ozone","Macon",35.0608,-83.4306
2025-07-10,23,"Coweeta","Ozone","Macon",35.0608,-83.4306
2025-07-11,21,"Coweeta","Ozone","Macon",35.0608,-83.4306
2025-07-12,20,"Coweeta","Ozone","Macon",35.0608,-83.4306
2025-07-13,17,"Coweeta","Ozone","Macon",35.0608,-83.4306
2025-07-14,21,"Coweeta","Ozone","Macon",35.0608,-83.4306
2025-07-15,22,"Coweeta","Ozone","Macon",35.0608,-83.4306
2025-07-16,32,"Coweeta","Ozone","Macon",35.0608,-83.4306
2025-07-17,34,"Coweeta","Ozone","Macon",35.0608,-83.4306
2025-07-18,28,"Coweeta","Ozone","Macon",35.0608,-83.4306
2025-07-19,20,"Coweeta","Ozone","Macon",35.0608,-83.4306
2025-07-20,24,"Coweeta","Ozone","Macon",35.0608,-83.4306
2025-07-21,25,"Coweeta","Ozone","Macon",35.0608,-83.4306
2025-07-22,22,"Coweeta","Ozone","Macon",35.0608,-83.4306
2025-07-23,32,"Coweeta","Ozone","Macon",35.0608,-83.4306
2025-07-24,33,"Coweeta","Ozone","Macon",35.0608,-83.4306
2025-07-25,26,"Coweeta","Ozone","Macon",35.0608,-83.4306
2025-07-26,21,"Coweeta","Ozone","Macon",35.0608,-83.4306
2025-07-27,19,"Coweeta","Ozone","Macon",35.0608,-83.4306
2025-07-30,30,"Coweeta","Ozone","Macon",35.0608,-83.4306
2025-07-31,19,"Coweeta","Ozone","Macon",35.0608,-83.4306
2025-08-01,22,"Coweeta","Ozone","Macon",35.0608,-83.4306
2025-08-02,25,"Coweeta","Ozone","Macon",35.0608,-83.4306
2025-08-03,29,"Coweeta","Ozone","Macon",35.0608,-83.4306
2025-08-04,21,"Coweeta","Ozone","Macon",35.0608,-83.4306
2025-08-05,21,"Coweeta","Ozone","Macon",35.0608,-83.4306
2025-08-06,21,"Coweeta","Ozone","Macon",35.0608,-83.4306
2025-08-07,21,"Coweeta","Ozone","Macon",35.0608,-83.4306
2025-08-08,29,"Coweeta","Ozone","Macon",35.0608,-83.4306
2025-08-09,30,"Coweeta","Ozone","Macon",35.0608,-83.4306
2025-08-10,19,"Coweeta","Ozone","Macon",35.0608,-83.4306
2025-08-11,17,"Coweeta","Ozone","Macon",35.0608,-83.4306
2025-08-13,11,"Coweeta","Ozone","Macon",35.0608,-83.4306
2025-08-14,15,"Coweeta","Ozone","Macon",35.0608,-83.4306
2025-08-15,24,"Coweeta","Ozone","Macon",35.0608,-83.4306
2025-08-16,26,"Coweeta","Ozone","Macon",35.0608,-83.4306
2025-08-17,27,"Coweeta","Ozone","Macon",35.0608,-83.4306
2025-08-18,23,"Coweeta","Ozone","Macon",35.0608,-83.4306
2025-08-19,26,"Coweeta","Ozone","Macon",35.0608,-83.4306
2025-08-20,27,"Coweeta","Ozone","Macon",35.0608,-83.4306
2025-08-21,20,"Coweeta","Ozone","Macon",35.0608,-83.4306
2025-08-22,31,"Coweeta","Ozone","Macon",35.0608,-83.4306
2025-08-23,24,"Coweeta","Ozone","Macon",35.0608,-83.4306
2025-08-24,19,"Coweeta","Ozone","Macon",35.0608,-83.4306
2025-08-25,29,"Coweeta","Ozone","Macon",35.0608,-83.4306
2025-08-26,29,"Coweeta","Ozone","Macon",35.0608,-83.4306
2025-08-27,28,"Coweeta","Ozone","Macon",35.0608,-83.4306
2025-08-28,27,"Coweeta","Ozone","Macon",35.0608,-83.4306
2025-08-29,27,"Coweeta","Ozone","Macon",35.0608,-83.4306
2025-08-30,31,"Coweeta","Ozone","Macon",35.0608,-83.4306
2025-08-31,31,"Coweeta","Ozone","Macon",35.0608,-83.4306
2025-09-01,30,"Coweeta","Ozone","Macon",35.0608,-83.4306
2025-09-02,23,"Coweeta","Ozone","Macon",35.0608,-83.4306
2025-09-03,24,"Coweeta","Ozone","Macon",35.0608,-83.4306
2025-09-04,25,"Coweeta","Ozone","Macon",35.0608,-83.4306
2025-09-05,19,"Coweeta","Ozone","Macon",35.0608,-83.4306
2025-09-06,21,"Coweeta","Ozone","Macon",35.0608,-83.4306
2025-09-07,29,"Coweeta","Ozone","Macon",35.0608,-83.4306
2025-09-08,28,"Coweeta","Ozone","Macon",35.0608,-83.4306
2025-09-09,31,"Coweeta","Ozone","Macon",35.0608,-83.4306
2025-09-10,30,"Coweeta","Ozone","Macon",35.0608,-83.4306
2025-09-11,31,"Coweeta","Ozone","Macon",35.0608,-83.4306
2025-09-12,32,"Coweeta","Ozone","Macon",35.0608,-83.4306
2025-09-13,34,"Coweeta","Ozone","Macon",35.0608,-83.4306
2025-09-14,26,"Coweeta","Ozone","Macon",35.0608,-83.4306
2025-09-15,33,"Coweeta","Ozone","Macon",35.0608,-83.4306
2025-09-16,31,"Coweeta","Ozone","Macon",35.0608,-83.4306
2025-09-17,34,"Coweeta","Ozone","Macon",35.0608,-83.4306
2025-09-18,28,"Coweeta","Ozone","Macon",35.0608,-83.4306
2025-09-19,21,"Coweeta","Ozone","Macon",35.0608,-83.4306
2025-09-20,28,"Coweeta","Ozone","Macon",35.0608,-83.4306
2025-09-21,31,"Coweeta","Ozone","Macon",35.0608,-83.4306
2025-09-22,38,"Coweeta","Ozone","Macon",35.0608,-83.4306
2025-09-23,23,"Coweeta","Ozone","Macon",35.0608,-83.4306
2025-09-24,19,"Coweeta","Ozone","Macon",35.0608,-83.4306
2025-09-25,16,"Coweeta","Ozone","Macon",35.0608,-83.4306
2025-09-26,19,"Coweeta","Ozone","Macon",35.0608,-83.4306
2025-09-27,25,"Coweeta","Ozone","Macon",35.0608,-83.4306
2025-09-28,21,"Coweeta","Ozone","Macon",35.0608,-83.4306
2025-09-29,26,"Coweeta","Ozone","Macon",35.0608,-83.4306
2025-10-01,16,"Coweeta","Ozone","Macon",35.0608,-83.4306
2025-10-02,29,"Coweeta","Ozone","Macon",35.0608,-83.4306
2025-10-03,25,"Coweeta","Ozone","Macon",35.0608,-83.4306
2025-10-04,25,"Coweeta","Ozone","Macon",35.0608,-83.4306
2025-10-05,19,"Coweeta","Ozone","Macon",35.0608,-83.4306
2025-10-06,26,"Coweeta","Ozone","Macon",35.0608,-83.4306
2025-10-07,27,"Coweeta","Ozone","Macon",35.0608,-83.4306
2025-10-08,27,"Coweeta","Ozone","Macon",35.0608,-83.4306
2025-10-09,30,"Coweeta","Ozone","Macon",35.0608,-83.4306
2025-10-10,34,"Coweeta","Ozone","Macon",35.0608,-83.4306
2025-10-11,28,"Coweeta","Ozone","Macon",35.0608,-83.4306
2025-10-12,31,"Coweeta","Ozone","Macon",35.0608,-83.4306
2025-10-13,29,"Coweeta","Ozone","Macon",35.0608,-83.4306
2025-10-14,35,"Coweeta","Ozone","Macon",35.0608,-83.4306
2025-10-15,27,"Coweeta","Ozone","Macon",35.0608,-83.4306
2025-10-16,33,"Coweeta","Ozone","Macon",35.0608,-83.4306
2025-10-17,33,"Coweeta","Ozone","Macon",35.0608,-83.4306
2025-10-18,34,"Coweeta","Ozone","Macon",35.0608,-83.4306
2025-10-19,36,"Coweeta","Ozone","Macon",35.0608,-83.4306
2025-10-20,29,"Coweeta","Ozone","Macon",35.0608,-83.4306
2025-10-21,34,"Coweeta","Ozone","Macon",35.0608,-83.4306
2025-10-22,32,"Coweeta","Ozone","Macon",35.0608,-83.4306
2025-10-23,38,"Coweeta","Ozone","Macon",35.0608,-83.4306
2025-10-24,32,"Coweeta","Ozone","Macon",35.0608,-83.4306
2025-10-25,40,"Coweeta","Ozone","Macon",35.0608,-83.4306
2025-10-26,31,"Coweeta","Ozone","Macon",35.0608,-83.4306
2025-10-27,28,"Coweeta","Ozone","Macon",35.0608,-83.4306
2025-10-28,30,"Coweeta","Ozone","Macon",35.0608,-83.4306
2025-10-29,19,"Coweeta","Ozone","Macon",35.0608,-83.4306
2025-10-30,27,"Coweeta","Ozone","Macon",35.0608,-83.4306
2025-10-31,34,"Coweeta","Ozone","Macon",35.0608,-83.4306
2025-11-01,30,"Coweeta","Ozone","Macon",35.0608,-83.4306
2025-11-02,35,"Coweeta","Ozone","Macon",35.0608,-83.4306
2025-11-03,30,"Coweeta","Ozone","Macon",35.0608,-83.4306
2025-11-04,29,"Coweeta","Ozone","Macon",35.0608,-83.4306
2025-11-05,31,"Coweeta","Ozone","Macon",35.0608,-83.4306
2025-11-06,43,"Coweeta","Ozone","Macon",35.0608,-83.4306
2025-11-07,44,"Coweeta","Ozone","Macon",35.0608,-83.4306
2025-11-08,21,"Coweeta","Ozone","Macon",35.0608,-83.4306
2025-11-09,37,"Coweeta","Ozone","Macon",35.0608,-83.4306
2025-11-10,27,"Coweeta","Ozone","Macon",35.0608,-83.4306
2025-11-11,30,"Coweeta","Ozone","Macon",35.0608,-83.4306
2025-11-12,34,"Coweeta","Ozone","Macon",35.0608,-83.4306
2025-11-13,40,"Coweeta","Ozone","Macon",35.0608,-83.4306
2025-11-14,32,"Coweeta","Ozone","Macon",35.0608,-83.4306
2025-11-15,36,"Coweeta","Ozone","Macon",35.0608,-83.4306
2025-11-16,39,"Coweeta","Ozone","Macon",35.0608,-83.4306
2025-11-17,36,"Coweeta","Ozone","Macon",35.0608,-83.4306
2025-11-18,38,"Coweeta","Ozone","Macon",35.0608,-83.4306
2025-11-19,31,"Coweeta","Ozone","Macon",35.0608,-83.4306
2025-11-20,30,"Coweeta","Ozone","Macon",35.0608,-83.4306
2025-11-21,31,"Coweeta","Ozone","Macon",35.0608,-83.4306
2025-11-22,28,"Coweeta","Ozone","Macon",35.0608,-83.4306
2025-11-23,29,"Coweeta","Ozone","Macon",35.0608,-83.4306
2025-11-24,35,"Coweeta","Ozone","Macon",35.0608,-83.4306
2025-11-25,30,"Coweeta","Ozone","Macon",35.0608,-83.4306
2025-11-26,35,"Coweeta","Ozone","Macon",35.0608,-83.4306
2025-11-27,35,"Coweeta","Ozone","Macon",35.0608,-83.4306
2025-11-28,35,"Coweeta","Ozone","Macon",35.0608,-83.4306
2025-11-29,34,"Coweeta","Ozone","Macon",35.0608,-83.4306
2025-11-30,24,"Coweeta","Ozone","Macon",35.0608,-83.4306
2025-12-01,31,"Coweeta","Ozone","Macon",35.0608,-83.4306
2025-12-02,21,"Coweeta","Ozone","Macon",35.0608,-83.4306
2025-12-03,21,"Coweeta","Ozone","Macon",35.0608,-83.4306
2025-12-04,16,"Coweeta","Ozone","Macon",35.0608,-83.4306
2025-12-05,20,"Coweeta","Ozone","Macon",35.0608,-83.4306
2025-12-06,20,"Coweeta","Ozone","Macon",35.0608,-83.4306
2025-12-07,14,"Coweeta","Ozone","Macon",35.0608,-83.4306
2025-12-08,22,"Coweeta","Ozone","Macon",35.0608,-83.4306
2025-12-09,19,"Coweeta","Ozone","Macon",35.0608,-83.4306
2025-12-10,36,"Coweeta","Ozone","Macon",35.0608,-83.4306
2025-12-11,32,"Coweeta","Ozone","Macon",35.0608,-83.4306
2025-12-12,31,"Coweeta","Ozone","Macon",35.0608,-83.4306
2025-12-13,27,"Coweeta","Ozone","Macon",35.0608,-83.4306
2025-12-14,38,"Coweeta","Ozone","Macon",35.0608,-83.4306
2025-12-15,29,"Coweeta","Ozone","Macon",35.0608,-83.4306
2025-12-16,27,"Coweeta","Ozone","Macon",35.0608,-83.4306
2025-12-17,24,"Coweeta","Ozone","Macon",35.0608,-83.4306
2025-12-18,34,"Coweeta","Ozone","Macon",35.0608,-83.4306
2025-12-19,39,"Coweeta","Ozone","Macon",35.0608,-83.4306
2025-12-20,29,"Coweeta","Ozone","Macon",35.0608,-83.4306
2025-12-21,31,"Coweeta","Ozone","Macon",35.0608,-83.4306
2025-12-22,38,"Coweeta","Ozone","Macon",35.0608,-83.4306
2025-12-23,32,"Coweeta","Ozone","Macon",35.0608,-83.4306
2025-12-24,29,"Coweeta","Ozone","Macon",35.0608,-83.4306
2025-12-25,26,"Coweeta","Ozone","Macon",35.0608,-83.4306
2025-12-26,32,"Coweeta","Ozone","Macon",35.0608,-83.4306
2025-12-27,27,"Coweeta","Ozone","Macon",35.0608,-83.4306
2025-12-28,25,"Coweeta","Ozone","Macon",35.0608,-83.4306
2025-12-29,36,"Coweeta","Ozone","Macon",35.0608,-83.4306
2025-12-30,34,"Coweeta","Ozone","Macon",35.0608,-83.4306
2025-12-31,35,"Coweeta","Ozone","Macon",35.0608,-83.4306
2025-03-01,45,"Jamesville School","Ozone","Martin",35.81066,-76.9063
2025-03-02,39,"Jamesville School","Ozone","Martin",35.81066,-76.9063
2025-03-03,40,"Jamesville School","Ozone","Martin",35.81066,-76.9063
2025-03-04,39,"Jamesville School","Ozone","Martin",35.81066,-76.9063
2025-03-05,31,"Jamesville School","Ozone","Martin",35.81066,-76.9063
2025-03-06,32,"Jamesville School","Ozone","Martin",35.81066,-76.9063
2025-03-07,36,"Jamesville School","Ozone","Martin",35.81066,-76.9063
2025-03-08,41,"Jamesville School","Ozone","Martin",35.81066,-76.9063
2025-03-09,39,"Jamesville School","Ozone","Martin",35.81066,-76.9063
2025-03-10,39,"Jamesville School","Ozone","Martin",35.81066,-76.9063
2025-03-11,40,"Jamesville School","Ozone","Martin",35.81066,-76.9063
2025-03-12,50,"Jamesville School","Ozone","Martin",35.81066,-76.9063
2025-03-13,41,"Jamesville School","Ozone","Martin",35.81066,-76.9063
2025-03-14,33,"Jamesville School","Ozone","Martin",35.81066,-76.9063
2025-03-15,31,"Jamesville School","Ozone","Martin",35.81066,-76.9063
2025-03-16,28,"Jamesville School","Ozone","Martin",35.81066,-76.9063
2025-03-17,29,"Jamesville School","Ozone","Martin",35.81066,-76.9063
2025-03-18,39,"Jamesville School","Ozone","Martin",35.81066,-76.9063
2025-03-19,44,"Jamesville School","Ozone","Martin",35.81066,-76.9063
2025-03-20,41,"Jamesville School","Ozone","Martin",35.81066,-76.9063
2025-03-21,37,"Jamesville School","Ozone","Martin",35.81066,-76.9063
2025-03-22,46,"Jamesville School","Ozone","Martin",35.81066,-76.9063
2025-03-23,37,"Jamesville School","Ozone","Martin",35.81066,-76.9063
2025-03-24,42,"Jamesville School","Ozone","Martin",35.81066,-76.9063
2025-03-25,45,"Jamesville School","Ozone","Martin",35.81066,-76.9063
2025-03-26,43,"Jamesville School","Ozone","Martin",35.81066,-76.9063
2025-03-27,44,"Jamesville School","Ozone","Martin",35.81066,-76.9063
2025-03-28,45,"Jamesville School","Ozone","Martin",35.81066,-76.9063
2025-03-29,33,"Jamesville School","Ozone","Martin",35.81066,-76.9063
2025-03-30,32,"Jamesville School","Ozone","Martin",35.81066,-76.9063
2025-04-01,31,"Jamesville School","Ozone","Martin",35.81066,-76.9063
2025-04-02,33,"Jamesville School","Ozone","Martin",35.81066,-76.9063
2025-04-03,22,"Jamesville School","Ozone","Martin",35.81066,-76.9063
2025-04-04,24,"Jamesville School","Ozone","Martin",35.81066,-76.9063
2025-04-05,24,"Jamesville School","Ozone","Martin",35.81066,-76.9063
2025-04-06,31,"Jamesville School","Ozone","Martin",35.81066,-76.9063
2025-04-07,28,"Jamesville School","Ozone","Martin",35.81066,-76.9063
2025-04-08,34,"Jamesville School","Ozone","Martin",35.81066,-76.9063
2025-04-09,42,"Jamesville School","Ozone","Martin",35.81066,-76.9063
2025-04-10,41,"Jamesville School","Ozone","Martin",35.81066,-76.9063
2025-04-11,32,"Jamesville School","Ozone","Martin",35.81066,-76.9063
2025-04-12,31,"Jamesville School","Ozone","Martin",35.81066,-76.9063
2025-04-13,39,"Jamesville School","Ozone","Martin",35.81066,-76.9063
2025-04-14,44,"Jamesville School","Ozone","Martin",35.81066,-76.9063
2025-04-15,41,"Jamesville School","Ozone","Martin",35.81066,-76.9063
2025-04-16,42,"Jamesville School","Ozone","Martin",35.81066,-76.9063
2025-04-17,44,"Jamesville School","Ozone","Martin",35.81066,-76.9063
2025-04-18,44,"Jamesville School","Ozone","Martin",35.81066,-76.9063
2025-04-19,34,"Jamesville School","Ozone","Martin",35.81066,-76.9063
2025-04-20,35,"Jamesville School","Ozone","Martin",35.81066,-76.9063
2025-04-21,38,"Jamesville School","Ozone","Martin",35.81066,-76.9063
2025-04-22,35,"Jamesville School","Ozone","Martin",35.81066,-76.9063
2025-04-23,44,"Jamesville School","Ozone","Martin",35.81066,-76.9063
2025-04-24,40,"Jamesville School","Ozone","Martin",35.81066,-76.9063
2025-04-25,37,"Jamesville School","Ozone","Martin",35.81066,-76.9063
2025-04-26,34,"Jamesville School","Ozone","Martin",35.81066,-76.9063
2025-04-27,41,"Jamesville School","Ozone","Martin",35.81066,-76.9063
2025-04-28,43,"Jamesville School","Ozone","Martin",35.81066,-76.9063
2025-04-29,43,"Jamesville School","Ozone","Martin",35.81066,-76.9063
2025-04-30,39,"Jamesville School","Ozone","Martin",35.81066,-76.9063
2025-05-01,38,"Jamesville School","Ozone","Martin",35.81066,-76.9063
2025-05-02,37,"Jamesville School","Ozone","Martin",35.81066,-76.9063
2025-05-03,36,"Jamesville School","Ozone","Martin",35.81066,-76.9063
2025-05-04,30,"Jamesville School","Ozone","Martin",35.81066,-76.9063
2025-05-05,37,"Jamesville School","Ozone","Martin",35.81066,-76.9063
2025-05-06,44,"Jamesville School","Ozone","Martin",35.81066,-76.9063
2025-05-07,44,"Jamesville School","Ozone","Martin",35.81066,-76.9063
2025-05-08,42,"Jamesville School","Ozone","Martin",35.81066,-76.9063
2025-05-09,38,"Jamesville School","Ozone","Martin",35.81066,-76.9063
2025-05-10,44,"Jamesville School","Ozone","Martin",35.81066,-76.9063
2025-05-11,33,"Jamesville School","Ozone","Martin",35.81066,-76.9063
2025-05-12,27,"Jamesville School","Ozone","Martin",35.81066,-76.9063
2025-05-13,21,"Jamesville School","Ozone","Martin",35.81066,-76.9063
2025-05-14,28,"Jamesville School","Ozone","Martin",35.81066,-76.9063
2025-05-15,25,"Jamesville School","Ozone","Martin",35.81066,-76.9063
2025-05-16,31,"Jamesville School","Ozone","Martin",35.81066,-76.9063
2025-05-17,34,"Jamesville School","Ozone","Martin",35.81066,-76.9063
2025-05-18,37,"Jamesville School","Ozone","Martin",35.81066,-76.9063
2025-05-19,38,"Jamesville School","Ozone","Martin",35.81066,-76.9063
2025-05-20,35,"Jamesville School","Ozone","Martin",35.81066,-76.9063
2025-05-21,27,"Jamesville School","Ozone","Martin",35.81066,-76.9063
2025-05-22,41,"Jamesville School","Ozone","Martin",35.81066,-76.9063
2025-05-23,36,"Jamesville School","Ozone","Martin",35.81066,-76.9063
2025-05-24,41,"Jamesville School","Ozone","Martin",35.81066,-76.9063
2025-05-25,35,"Jamesville School","Ozone","Martin",35.81066,-76.9063
2025-05-26,28,"Jamesville School","Ozone","Martin",35.81066,-76.9063
2025-05-27,24,"Jamesville School","Ozone","Martin",35.81066,-76.9063
2025-05-28,19,"Jamesville School","Ozone","Martin",35.81066,-76.9063
2025-05-29,20,"Jamesville School","Ozone","Martin",35.81066,-76.9063
2025-05-30,32,"Jamesville School","Ozone","Martin",35.81066,-76.9063
2025-05-31,38,"Jamesville School","Ozone","Martin",35.81066,-76.9063
2025-06-01,38,"Jamesville School","Ozone","Martin",35.81066,-76.9063
2025-06-02,40,"Jamesville School","Ozone","Martin",35.81066,-76.9063
2025-06-03,40,"Jamesville School","Ozone","Martin",35.81066,-76.9063
2025-06-04,37,"Jamesville School","Ozone","Martin",35.81066,-76.9063
2025-06-05,18,"Jamesville School","Ozone","Martin",35.81066,-76.9063
2025-06-06,26,"Jamesville School","Ozone","Martin",35.81066,-76.9063
2025-06-07,30,"Jamesville School","Ozone","Martin",35.81066,-76.9063
2025-06-08,25,"Jamesville School","Ozone","Martin",35.81066,-76.9063
2025-06-09,33,"Jamesville School","Ozone","Martin",35.81066,-76.9063
2025-06-10,21,"Jamesville School","Ozone","Martin",35.81066,-76.9063
2025-06-11,23,"Jamesville School","Ozone","Martin",35.81066,-76.9063
2025-06-12,29,"Jamesville School","Ozone","Martin",35.81066,-76.9063
2025-06-13,16,"Jamesville School","Ozone","Martin",35.81066,-76.9063
2025-06-14,19,"Jamesville School","Ozone","Martin",35.81066,-76.9063
2025-06-15,26,"Jamesville School","Ozone","Martin",35.81066,-76.9063
2025-06-16,19,"Jamesville School","Ozone","Martin",35.81066,-76.9063
2025-06-17,24,"Jamesville School","Ozone","Martin",35.81066,-76.9063
2025-06-18,28,"Jamesville School","Ozone","Martin",35.81066,-76.9063
2025-06-19,27,"Jamesville School","Ozone","Martin",35.81066,-76.9063
2025-06-20,37,"Jamesville School","Ozone","Martin",35.81066,-76.9063
2025-06-21,33,"Jamesville School","Ozone","Martin",35.81066,-76.9063
2025-06-22,30,"Jamesville School","Ozone","Martin",35.81066,-76.9063
2025-06-23,32,"Jamesville School","Ozone","Martin",35.81066,-76.9063
2025-06-24,45,"Jamesville School","Ozone","Martin",35.81066,-76.9063
2025-06-25,48,"Jamesville School","Ozone","Martin",35.81066,-76.9063
2025-06-26,37,"Jamesville School","Ozone","Martin",35.81066,-76.9063
2025-06-27,38,"Jamesville School","Ozone","Martin",35.81066,-76.9063
2025-06-28,31,"Jamesville School","Ozone","Martin",35.81066,-76.9063
2025-06-29,29,"Jamesville School","Ozone","Martin",35.81066,-76.9063
2025-06-30,27,"Jamesville School","Ozone","Martin",35.81066,-76.9063
2025-07-01,27,"Jamesville School","Ozone","Martin",35.81066,-76.9063
2025-07-02,24,"Jamesville School","Ozone","Martin",35.81066,-76.9063
2025-07-03,33,"Jamesville School","Ozone","Martin",35.81066,-76.9063
2025-07-04,44,"Jamesville School","Ozone","Martin",35.81066,-76.9063
2025-07-05,36,"Jamesville School","Ozone","Martin",35.81066,-76.9063
2025-07-06,23,"Jamesville School","Ozone","Martin",35.81066,-76.9063
2025-07-07,27,"Jamesville School","Ozone","Martin",35.81066,-76.9063
2025-07-08,23,"Jamesville School","Ozone","Martin",35.81066,-76.9063
2025-07-09,22,"Jamesville School","Ozone","Martin",35.81066,-76.9063
2025-07-10,28,"Jamesville School","Ozone","Martin",35.81066,-76.9063
2025-07-11,29,"Jamesville School","Ozone","Martin",35.81066,-76.9063
2025-07-12,30,"Jamesville School","Ozone","Martin",35.81066,-76.9063
2025-07-13,26,"Jamesville School","Ozone","Martin",35.81066,-76.9063
2025-07-14,26,"Jamesville School","Ozone","Martin",35.81066,-76.9063
2025-07-15,24,"Jamesville School","Ozone","Martin",35.81066,-76.9063
2025-07-16,21,"Jamesville School","Ozone","Martin",35.81066,-76.9063
2025-07-17,24,"Jamesville School","Ozone","Martin",35.81066,-76.9063
2025-07-18,30,"Jamesville School","Ozone","Martin",35.81066,-76.9063
2025-07-19,25,"Jamesville School","Ozone","Martin",35.81066,-76.9063
2025-07-20,27,"Jamesville School","Ozone","Martin",35.81066,-76.9063
2025-07-21,31,"Jamesville School","Ozone","Martin",35.81066,-76.9063
2025-07-22,42,"Jamesville School","Ozone","Martin",35.81066,-76.9063
2025-07-23,31,"Jamesville School","Ozone","Martin",35.81066,-76.9063
2025-07-24,31,"Jamesville School","Ozone","Martin",35.81066,-76.9063
2025-07-25,35,"Jamesville School","Ozone","Martin",35.81066,-76.9063
2025-07-26,33,"Jamesville School","Ozone","Martin",35.81066,-76.9063
2025-07-27,32,"Jamesville School","Ozone","Martin",35.81066,-76.9063
2025-07-28,28,"Jamesville School","Ozone","Martin",35.81066,-76.9063
2025-07-29,35,"Jamesville School","Ozone","Martin",35.81066,-76.9063
2025-07-30,34,"Jamesville School","Ozone","Martin",35.81066,-76.9063
2025-07-31,30,"Jamesville School","Ozone","Martin",35.81066,-76.9063
2025-08-01,27,"Jamesville School","Ozone","Martin",35.81066,-76.9063
2025-08-02,30,"Jamesville School","Ozone","Martin",35.81066,-76.9063
2025-08-03,35,"Jamesville School","Ozone","Martin",35.81066,-76.9063
2025-08-04,36,"Jamesville School","Ozone","Martin",35.81066,-76.9063
2025-08-05,31,"Jamesville School","Ozone","Martin",35.81066,-76.9063
2025-08-06,27,"Jamesville School","Ozone","Martin",35.81066,-76.9063
2025-08-07,31,"Jamesville School","Ozone","Martin",35.81066,-76.9063
2025-08-08,24,"Jamesville School","Ozone","Martin",35.81066,-76.9063
2025-08-09,25,"Jamesville School","Ozone","Martin",35.81066,-76.9063
2025-08-10,24,"Jamesville School","Ozone","Martin",35.81066,-76.9063
2025-08-11,17,"Jamesville School","Ozone","Martin",35.81066,-76.9063
2025-08-12,14,"Jamesville School","Ozone","Martin",35.81066,-76.9063
2025-08-13,19,"Jamesville School","Ozone","Martin",35.81066,-76.9063
2025-08-14,19,"Jamesville School","Ozone","Martin",35.81066,-76.9063
2025-08-15,22,"Jamesville School","Ozone","Martin",35.81066,-76.9063
2025-08-16,30,"Jamesville School","Ozone","Martin",35.81066,-76.9063
2025-08-17,31,"Jamesville School","Ozone","Martin",35.81066,-76.9063
2025-08-18,25,"Jamesville School","Ozone","Martin",35.81066,-76.9063
2025-08-19,20,"Jamesville School","Ozone","Martin",35.81066,-76.9063
2025-08-20,20,"Jamesville School","Ozone","Martin",35.81066,-76.9063
2025-08-21,21,"Jamesville School","Ozone","Martin",35.81066,-76.9063
2025-08-22,37,"Jamesville School","Ozone","Martin",35.81066,-76.9063
2025-08-23,29,"Jamesville School","Ozone","Martin",35.81066,-76.9063
2025-08-24,25,"Jamesville School","Ozone","Martin",35.81066,-76.9063
2025-08-25,29,"Jamesville School","Ozone","Martin",35.81066,-76.9063
2025-08-26,33,"Jamesville School","Ozone","Martin",35.81066,-76.9063
2025-08-27,35,"Jamesville School","Ozone","Martin",35.81066,-76.9063
2025-08-28,37,"Jamesville School","Ozone","Martin",35.81066,-76.9063
2025-08-29,39,"Jamesville School","Ozone","Martin",35.81066,-76.9063
2025-08-30,36,"Jamesville School","Ozone","Martin",35.81066,-76.9063
2025-08-31,39,"Jamesville School","Ozone","Martin",35.81066,-76.9063
2025-09-01,31,"Jamesville School","Ozone","Martin",35.81066,-76.9063
2025-09-02,30,"Jamesville School","Ozone","Martin",35.81066,-76.9063
2025-09-03,34,"Jamesville School","Ozone","Martin",35.81066,-76.9063
2025-09-04,37,"Jamesville School","Ozone","Martin",35.81066,-76.9063
2025-09-05,34,"Jamesville School","Ozone","Martin",35.81066,-76.9063
2025-09-06,31,"Jamesville School","Ozone","Martin",35.81066,-76.9063
2025-09-07,22,"Jamesville School","Ozone","Martin",35.81066,-76.9063
2025-09-08,36,"Jamesville School","Ozone","Martin",35.81066,-76.9063
2025-09-09,26,"Jamesville School","Ozone","Martin",35.81066,-76.9063
2025-09-10,17,"Jamesville School","Ozone","Martin",35.81066,-76.9063
2025-09-11,24,"Jamesville School","Ozone","Martin",35.81066,-76.9063
2025-09-12,42,"Jamesville School","Ozone","Martin",35.81066,-76.9063
2025-09-13,37,"Jamesville School","Ozone","Martin",35.81066,-76.9063
2025-09-14,36,"Jamesville School","Ozone","Martin",35.81066,-76.9063
2025-09-15,33,"Jamesville School","Ozone","Martin",35.81066,-76.9063
2025-09-16,25,"Jamesville School","Ozone","Martin",35.81066,-76.9063
2025-09-17,21,"Jamesville School","Ozone","Martin",35.81066,-76.9063
2025-09-18,19,"Jamesville School","Ozone","Martin",35.81066,-76.9063
2025-09-19,39,"Jamesville School","Ozone","Martin",35.81066,-76.9063
2025-09-20,47,"Jamesville School","Ozone","Martin",35.81066,-76.9063
2025-09-21,32,"Jamesville School","Ozone","Martin",35.81066,-76.9063
2025-09-22,31,"Jamesville School","Ozone","Martin",35.81066,-76.9063
2025-09-23,28,"Jamesville School","Ozone","Martin",35.81066,-76.9063
2025-09-24,21,"Jamesville School","Ozone","Martin",35.81066,-76.9063
2025-09-25,28,"Jamesville School","Ozone","Martin",35.81066,-76.9063
2025-09-29,28,"Jamesville School","Ozone","Martin",35.81066,-76.9063
2025-09-30,37,"Jamesville School","Ozone","Martin",35.81066,-76.9063
2025-10-01,31,"Jamesville School","Ozone","Martin",35.81066,-76.9063
2025-10-02,27,"Jamesville School","Ozone","Martin",35.81066,-76.9063
2025-10-03,31,"Jamesville School","Ozone","Martin",35.81066,-76.9063
2025-10-04,33,"Jamesville School","Ozone","Martin",35.81066,-76.9063
2025-10-05,31,"Jamesville School","Ozone","Martin",35.81066,-76.9063
2025-10-06,30,"Jamesville School","Ozone","Martin",35.81066,-76.9063
2025-10-07,26,"Jamesville School","Ozone","Martin",35.81066,-76.9063
2025-10-08,21,"Jamesville School","Ozone","Martin",35.81066,-76.9063
2025-10-09,33,"Jamesville School","Ozone","Martin",35.81066,-76.9063
2025-10-10,31,"Jamesville School","Ozone","Martin",35.81066,-76.9063
2025-10-11,29,"Jamesville School","Ozone","Martin",35.81066,-76.9063
2025-10-12,28,"Jamesville School","Ozone","Martin",35.81066,-76.9063
2025-10-13,20,"Jamesville School","Ozone","Martin",35.81066,-76.9063
2025-10-14,19,"Jamesville School","Ozone","Martin",35.81066,-76.9063
2025-10-15,22,"Jamesville School","Ozone","Martin",35.81066,-76.9063
2025-10-16,35,"Jamesville School","Ozone","Martin",35.81066,-76.9063
2025-10-17,32,"Jamesville School","Ozone","Martin",35.81066,-76.9063
2025-10-18,39,"Jamesville School","Ozone","Martin",35.81066,-76.9063
2025-10-19,34,"Jamesville School","Ozone","Martin",35.81066,-76.9063
2025-10-20,31,"Jamesville School","Ozone","Martin",35.81066,-76.9063
2025-10-21,36,"Jamesville School","Ozone","Martin",35.81066,-76.9063
2025-10-22,38,"Jamesville School","Ozone","Martin",35.81066,-76.9063
2025-10-23,36,"Jamesville School","Ozone","Martin",35.81066,-76.9063
2025-10-24,34,"Jamesville School","Ozone","Martin",35.81066,-76.9063
2025-10-25,31,"Jamesville School","Ozone","Martin",35.81066,-76.9063
2025-10-26,28,"Jamesville School","Ozone","Martin",35.81066,-76.9063
2025-10-27,31,"Jamesville School","Ozone","Martin",35.81066,-76.9063
2025-10-28,23,"Jamesville School","Ozone","Martin",35.81066,-76.9063
2025-10-29,20,"Jamesville School","Ozone","Martin",35.81066,-76.9063
2025-10-30,27,"Jamesville School","Ozone","Martin",35.81066,-76.9063
2025-10-31,33,"Jamesville School","Ozone","Martin",35.81066,-76.9063
2025-11-01,31,"Jamesville School","Ozone","Martin",35.81066,-76.9063
2025-11-02,35,"Jamesville School","Ozone","Martin",35.81066,-76.9063
2025-01-01,30,"Garinger High School","Ozone","Mecklenburg",35.2401000008895,-80.785683
2025-01-02,29,"Garinger High School","Ozone","Mecklenburg",35.2401000008895,-80.785683
2025-01-03,30,"Garinger High School","Ozone","Mecklenburg",35.2401000008895,-80.785683
2025-01-04,31,"Garinger High School","Ozone","Mecklenburg",35.2401000008895,-80.785683
2025-01-05,24,"Garinger High School","Ozone","Mecklenburg",35.2401000008895,-80.785683
2025-01-06,22,"Garinger High School","Ozone","Mecklenburg",35.2401000008895,-80.785683
2025-01-07,27,"Garinger High School","Ozone","Mecklenburg",35.2401000008895,-80.785683
2025-01-08,25,"Garinger High School","Ozone","Mecklenburg",35.2401000008895,-80.785683
2025-01-09,35,"Garinger High School","Ozone","Mecklenburg",35.2401000008895,-80.785683
2025-01-10,23,"Garinger High School","Ozone","Mecklenburg",35.2401000008895,-80.785683
2025-01-11,30,"Garinger High School","Ozone","Mecklenburg",35.2401000008895,-80.785683
2025-01-12,33,"Garinger High School","Ozone","Mecklenburg",35.2401000008895,-80.785683
2025-01-13,26,"Garinger High School","Ozone","Mecklenburg",35.2401000008895,-80.785683
2025-01-14,36,"Garinger High School","Ozone","Mecklenburg",35.2401000008895,-80.785683
2025-01-15,32,"Garinger High School","Ozone","Mecklenburg",35.2401000008895,-80.785683
2025-01-16,36,"Garinger High School","Ozone","Mecklenburg",35.2401000008895,-80.785683
2025-01-17,35,"Garinger High School","Ozone","Mecklenburg",35.2401000008895,-80.785683
2025-01-18,29,"Garinger High School","Ozone","Mecklenburg",35.2401000008895,-80.785683
2025-01-19,26,"Garinger High School","Ozone","Mecklenburg",35.2401000008895,-80.785683
2025-01-20,33,"Garinger High School","Ozone","Mecklenburg",35.2401000008895,-80.785683
2025-01-21,28,"Garinger High School","Ozone","Mecklenburg",35.2401000008895,-80.785683
2025-01-22,33,"Garinger High School","Ozone","Mecklenburg",35.2401000008895,-80.785683
2025-01-23,29,"Garinger High School","Ozone","Mecklenburg",35.2401000008895,-80.785683
2025-01-24,34,"Garinger High School","Ozone","Mecklenburg",35.2401000008895,-80.785683
2025-01-25,36,"Garinger High School","Ozone","Mecklenburg",35.2401000008895,-80.785683
2025-01-26,36,"Garinger High School","Ozone","Mecklenburg",35.2401000008895,-80.785683
2025-01-27,23,"Garinger High School","Ozone","Mecklenburg",35.2401000008895,-80.785683
2025-01-28,35,"Garinger High School","Ozone","Mecklenburg",35.2401000008895,-80.785683
2025-01-29,38,"Garinger High School","Ozone","Mecklenburg",35.2401000008895,-80.785683
2025-01-30,37,"Garinger High School","Ozone","Mecklenburg",35.2401000008895,-80.785683
2025-01-31,38,"Garinger High School","Ozone","Mecklenburg",35.2401000008895,-80.785683
2025-02-01,37,"Garinger High School","Ozone","Mecklenburg",35.2401000008895,-80.785683
2025-02-02,35,"Garinger High School","Ozone","Mecklenburg",35.2401000008895,-80.785683
2025-02-03,36,"Garinger High School","Ozone","Mecklenburg",35.2401000008895,-80.785683
2025-02-04,41,"Garinger High School","Ozone","Mecklenburg",35.2401000008895,-80.785683
2025-02-05,31,"Garinger High School","Ozone","Mecklenburg",35.2401000008895,-80.785683
2025-02-06,31,"Garinger High School","Ozone","Mecklenburg",35.2401000008895,-80.785683
2025-02-07,34,"Garinger High School","Ozone","Mecklenburg",35.2401000008895,-80.785683
2025-02-08,29,"Garinger High School","Ozone","Mecklenburg",35.2401000008895,-80.785683
2025-02-09,39,"Garinger High School","Ozone","Mecklenburg",35.2401000008895,-80.785683
2025-02-10,26,"Garinger High School","Ozone","Mecklenburg",35.2401000008895,-80.785683
2025-02-11,28,"Garinger High School","Ozone","Mecklenburg",35.2401000008895,-80.785683
2025-02-12,20,"Garinger High School","Ozone","Mecklenburg",35.2401000008895,-80.785683
2025-02-14,35,"Garinger High School","Ozone","Mecklenburg",35.2401000008895,-80.785683
2025-02-15,23,"Garinger High School","Ozone","Mecklenburg",35.2401000008895,-80.785683
2025-02-16,33,"Garinger High School","Ozone","Mecklenburg",35.2401000008895,-80.785683
2025-02-17,39,"Garinger High School","Ozone","Mecklenburg",35.2401000008895,-80.785683
2025-02-18,37,"Garinger High School","Ozone","Mecklenburg",35.2401000008895,-80.785683
2025-02-19,27,"Garinger High School","Ozone","Mecklenburg",35.2401000008895,-80.785683
2025-02-20,35,"Garinger High School","Ozone","Mecklenburg",35.2401000008895,-80.785683
2025-02-21,32,"Garinger High School","Ozone","Mecklenburg",35.2401000008895,-80.785683
2025-02-22,40,"Garinger High School","Ozone","Mecklenburg",35.2401000008895,-80.785683
2025-02-23,44,"Garinger High School","Ozone","Mecklenburg",35.2401000008895,-80.785683
2025-02-24,50,"Garinger High School","Ozone","Mecklenburg",35.2401000008895,-80.785683
2025-02-25,49,"Garinger High School","Ozone","Mecklenburg",35.2401000008895,-80.785683
2025-02-26,51,"Garinger High School","Ozone","Mecklenburg",35.2401000008895,-80.785683
2025-02-27,46,"Garinger High School","Ozone","Mecklenburg",35.2401000008895,-80.785683
2025-02-28,45,"Garinger High School","Ozone","Mecklenburg",35.2401000008895,-80.785683
2025-03-01,49,"Garinger High School","Ozone","Mecklenburg",35.2401000008895,-80.785683
2025-03-02,40,"Garinger High School","Ozone","Mecklenburg",35.2401000008895,-80.785683
2025-03-03,42,"Garinger High School","Ozone","Mecklenburg",35.2401000008895,-80.785683
2025-03-04,42,"Garinger High School","Ozone","Mecklenburg",35.2401000008895,-80.785683
2025-03-05,42,"Garinger High School","Ozone","Mecklenburg",35.2401000008895,-80.785683
2025-03-06,35,"Garinger High School","Ozone","Mecklenburg",35.2401000008895,-80.785683
2025-03-07,39,"Garinger High School","Ozone","Mecklenburg",35.2401000008895,-80.785683
2025-03-08,44,"Garinger High School","Ozone","Mecklenburg",35.2401000008895,-80.785683
2025-03-09,43,"Garinger High School","Ozone","Mecklenburg",35.2401000008895,-80.785683
2025-03-10,30,"Garinger High School","Ozone","Mecklenburg",35.2401000008895,-80.785683
2025-03-11,49,"Garinger High School","Ozone","Mecklenburg",35.2401000008895,-80.785683
2025-03-12,74,"Garinger High School","Ozone","Mecklenburg",35.2401000008895,-80.785683
2025-03-13,54,"Garinger High School","Ozone","Mecklenburg",35.2401000008895,-80.785683
2025-03-14,48,"Garinger High School","Ozone","Mecklenburg",35.2401000008895,-80.785683
2025-03-15,36,"Garinger High School","Ozone","Mecklenburg",35.2401000008895,-80.785683
2025-03-16,39,"Garinger High School","Ozone","Mecklenburg",35.2401000008895,-80.785683
2025-03-17,33,"Garinger High School","Ozone","Mecklenburg",35.2401000008895,-80.785683
2025-03-18,42,"Garinger High School","Ozone","Mecklenburg",35.2401000008895,-80.785683
2025-03-19,50,"Garinger High School","Ozone","Mecklenburg",35.2401000008895,-80.785683
2025-03-20,41,"Garinger High School","Ozone","Mecklenburg",35.2401000008895,-80.785683
2025-03-21,44,"Garinger High School","Ozone","Mecklenburg",35.2401000008895,-80.785683
2025-03-22,54,"Garinger High School","Ozone","Mecklenburg",35.2401000008895,-80.785683
2025-03-23,48,"Garinger High School","Ozone","Mecklenburg",35.2401000008895,-80.785683
2025-03-24,40,"Garinger High School","Ozone","Mecklenburg",35.2401000008895,-80.785683
2025-03-25,49,"Garinger High School","Ozone","Mecklenburg",35.2401000008895,-80.785683
2025-03-26,46,"Garinger High School","Ozone","Mecklenburg",35.2401000008895,-80.785683
2025-03-27,48,"Garinger High School","Ozone","Mecklenburg",35.2401000008895,-80.785683
2025-03-28,58,"Garinger High School","Ozone","Mecklenburg",35.2401000008895,-80.785683
2025-03-29,43,"Garinger High School","Ozone","Mecklenburg",35.2401000008895,-80.785683
2025-03-30,40,"Garinger High School","Ozone","Mecklenburg",35.2401000008895,-80.785683
2025-03-31,24,"Garinger High School","Ozone","Mecklenburg",35.2401000008895,-80.785683
2025-04-01,37,"Garinger High School","Ozone","Mecklenburg",35.2401000008895,-80.785683
2025-04-02,28,"Garinger High School","Ozone","Mecklenburg",35.2401000008895,-80.785683
2025-04-03,27,"Garinger High School","Ozone","Mecklenburg",35.2401000008895,-80.785683
2025-04-04,32,"Garinger High School","Ozone","Mecklenburg",35.2401000008895,-80.785683
2025-04-05,35,"Garinger High School","Ozone","Mecklenburg",35.2401000008895,-80.785683
2025-04-06,38,"Garinger High School","Ozone","Mecklenburg",35.2401000008895,-80.785683
2025-04-07,28,"Garinger High School","Ozone","Mecklenburg",35.2401000008895,-80.785683
2025-04-08,51,"Garinger High School","Ozone","Mecklenburg",35.2401000008895,-80.785683
2025-04-09,47,"Garinger High School","Ozone","Mecklenburg",35.2401000008895,-80.785683
2025-04-10,41,"Garinger High School","Ozone","Mecklenburg",35.2401000008895,-80.785683
2025-04-11,40,"Garinger High School","Ozone","Mecklenburg",35.2401000008895,-80.785683
2025-04-12,38,"Garinger High School","Ozone","Mecklenburg",35.2401000008895,-80.785683
2025-04-13,48,"Garinger High School","Ozone","Mecklenburg",35.2401000008895,-80.785683
2025-04-14,77,"Garinger High School","Ozone","Mecklenburg",35.2401000008895,-80.785683
2025-04-15,44,"Garinger High School","Ozone","Mecklenburg",35.2401000008895,-80.785683
2025-04-16,47,"Garinger High School","Ozone","Mecklenburg",35.2401000008895,-80.785683
2025-04-17,77,"Garinger High School","Ozone","Mecklenburg",35.2401000008895,-80.785683
2025-04-18,71,"Garinger High School","Ozone","Mecklenburg",35.2401000008895,-80.785683
2025-04-19,45,"Garinger High School","Ozone","Mecklenburg",35.2401000008895,-80.785683
2025-04-20,38,"Garinger High School","Ozone","Mecklenburg",35.2401000008895,-80.785683
2025-04-21,46,"Garinger High School","Ozone","Mecklenburg",35.2401000008895,-80.785683
2025-04-22,44,"Garinger High School","Ozone","Mecklenburg",35.2401000008895,-80.785683
2025-04-23,46,"Garinger High School","Ozone","Mecklenburg",35.2401000008895,-80.785683
2025-04-24,26,"Garinger High School","Ozone","Mecklenburg",35.2401000008895,-80.785683
2025-04-25,38,"Garinger High School","Ozone","Mecklenburg",35.2401000008895,-80.785683
2025-04-26,40,"Garinger High School","Ozone","Mecklenburg",35.2401000008895,-80.785683
2025-04-27,54,"Garinger High School","Ozone","Mecklenburg",35.2401000008895,-80.785683
2025-04-28,51,"Garinger High School","Ozone","Mecklenburg",35.2401000008895,-80.785683
2025-04-29,44,"Garinger High School","Ozone","Mecklenburg",35.2401000008895,-80.785683
2025-04-30,44,"Garinger High School","Ozone","Mecklenburg",35.2401000008895,-80.785683
2025-05-01,43,"Garinger High School","Ozone","Mecklenburg",35.2401000008895,-80.785683
2025-05-02,43,"Garinger High School","Ozone","Mecklenburg",35.2401000008895,-80.785683
2025-05-03,31,"Garinger High School","Ozone","Mecklenburg",35.2401000008895,-80.785683
2025-05-04,40,"Garinger High School","Ozone","Mecklenburg",35.2401000008895,-80.785683
2025-05-05,44,"Garinger High School","Ozone","Mecklenburg",35.2401000008895,-80.785683
2025-05-06,47,"Garinger High School","Ozone","Mecklenburg",35.2401000008895,-80.785683
2025-05-07,43,"Garinger High School","Ozone","Mecklenburg",35.2401000008895,-80.785683
2025-05-08,47,"Garinger High School","Ozone","Mecklenburg",35.2401000008895,-80.785683
2025-05-09,47,"Garinger High School","Ozone","Mecklenburg",35.2401000008895,-80.785683
2025-05-10,37,"Garinger High School","Ozone","Mecklenburg",35.2401000008895,-80.785683
2025-05-11,30,"Garinger High School","Ozone","Mecklenburg",35.2401000008895,-80.785683
2025-05-12,22,"Garinger High School","Ozone","Mecklenburg",35.2401000008895,-80.785683
2025-05-13,39,"Garinger High School","Ozone","Mecklenburg",35.2401000008895,-80.785683
2025-05-14,42,"Garinger High School","Ozone","Mecklenburg",35.2401000008895,-80.785683
2025-05-15,44,"Garinger High School","Ozone","Mecklenburg",35.2401000008895,-80.785683
2025-05-16,44,"Garinger High School","Ozone","Mecklenburg",35.2401000008895,-80.785683
2025-05-17,41,"Garinger High School","Ozone","Mecklenburg",35.2401000008895,-80.785683
2025-05-18,44,"Garinger High School","Ozone","Mecklenburg",35.2401000008895,-80.785683
2025-05-19,47,"Garinger High School","Ozone","Mecklenburg",35.2401000008895,-80.785683
2025-05-20,44,"Garinger High School","Ozone","Mecklenburg",35.2401000008895,-80.785683
2025-05-21,43,"Garinger High School","Ozone","Mecklenburg",35.2401000008895,-80.785683
2025-05-22,50,"Garinger High School","Ozone","Mecklenburg",35.2401000008895,-80.785683
2025-05-23,44,"Garinger High School","Ozone","Mecklenburg",35.2401000008895,-80.785683
2025-05-24,44,"Garinger High School","Ozone","Mecklenburg",35.2401000008895,-80.785683
2025-05-25,39,"Garinger High School","Ozone","Mecklenburg",35.2401000008895,-80.785683
2025-05-26,30,"Garinger High School","Ozone","Mecklenburg",35.2401000008895,-80.785683
2025-05-27,25,"Garinger High School","Ozone","Mecklenburg",35.2401000008895,-80.785683
2025-05-28,24,"Garinger High School","Ozone","Mecklenburg",35.2401000008895,-80.785683
2025-05-29,31,"Garinger High School","Ozone","Mecklenburg",35.2401000008895,-80.785683
2025-05-30,35,"Garinger High School","Ozone","Mecklenburg",35.2401000008895,-80.785683
2025-05-31,45,"Garinger High School","Ozone","Mecklenburg",35.2401000008895,-80.785683
2025-06-01,50,"Garinger High School","Ozone","Mecklenburg",35.2401000008895,-80.785683
2025-06-02,50,"Garinger High School","Ozone","Mecklenburg",35.2401000008895,-80.785683
2025-06-03,61,"Garinger High School","Ozone","Mecklenburg",35.2401000008895,-80.785683
2025-06-04,49,"Garinger High School","Ozone","Mecklenburg",35.2401000008895,-80.785683
2025-06-05,25,"Garinger High School","Ozone","Mecklenburg",35.2401000008895,-80.785683
2025-06-06,48,"Garinger High School","Ozone","Mecklenburg",35.2401000008895,-80.785683
2025-06-07,40,"Garinger High School","Ozone","Mecklenburg",35.2401000008895,-80.785683
2025-06-08,36,"Garinger High School","Ozone","Mecklenburg",35.2401000008895,-80.785683
2025-06-09,46,"Garinger High School","Ozone","Mecklenburg",35.2401000008895,-80.785683
2025-06-10,33,"Garinger High School","Ozone","Mecklenburg",35.2401000008895,-80.785683
2025-06-11,77,"Garinger High School","Ozone","Mecklenburg",35.2401000008895,-80.785683
2025-06-12,44,"Garinger High School","Ozone","Mecklenburg",35.2401000008895,-80.785683
2025-06-13,29,"Garinger High School","Ozone","Mecklenburg",35.2401000008895,-80.785683
2025-06-14,28,"Garinger High School","Ozone","Mecklenburg",35.2401000008895,-80.785683
2025-06-15,28,"Garinger High School","Ozone","Mecklenburg",35.2401000008895,-80.785683
2025-06-16,31,"Garinger High School","Ozone","Mecklenburg",35.2401000008895,-80.785683
2025-06-17,29,"Garinger High School","Ozone","Mecklenburg",35.2401000008895,-80.785683
2025-06-18,30,"Garinger High School","Ozone","Mecklenburg",35.2401000008895,-80.785683
2025-06-19,28,"Garinger High School","Ozone","Mecklenburg",35.2401000008895,-80.785683
2025-06-20,58,"Garinger High School","Ozone","Mecklenburg",35.2401000008895,-80.785683
2025-06-21,67,"Garinger High School","Ozone","Mecklenburg",35.2401000008895,-80.785683
2025-06-22,67,"Garinger High School","Ozone","Mecklenburg",35.2401000008895,-80.785683
2025-06-23,71,"Garinger High School","Ozone","Mecklenburg",35.2401000008895,-80.785683
2025-06-24,46,"Garinger High School","Ozone","Mecklenburg",35.2401000008895,-80.785683
2025-06-25,74,"Garinger High School","Ozone","Mecklenburg",35.2401000008895,-80.785683
2025-06-26,67,"Garinger High School","Ozone","Mecklenburg",35.2401000008895,-80.785683
2025-06-27,58,"Garinger High School","Ozone","Mecklenburg",35.2401000008895,-80.785683
2025-06-28,46,"Garinger High School","Ozone","Mecklenburg",35.2401000008895,-80.785683
2025-06-29,50,"Garinger High School","Ozone","Mecklenburg",35.2401000008895,-80.785683
2025-06-30,42,"Garinger High School","Ozone","Mecklenburg",35.2401000008895,-80.785683
2025-07-01,40,"Garinger High School","Ozone","Mecklenburg",35.2401000008895,-80.785683
2025-07-02,40,"Garinger High School","Ozone","Mecklenburg",35.2401000008895,-80.785683
2025-07-03,51,"Garinger High School","Ozone","Mecklenburg",35.2401000008895,-80.785683
2025-07-04,47,"Garinger High School","Ozone","Mecklenburg",35.2401000008895,-80.785683
2025-07-05,45,"Garinger High School","Ozone","Mecklenburg",35.2401000008895,-80.785683
2025-07-06,27,"Garinger High School","Ozone","Mecklenburg",35.2401000008895,-80.785683
2025-07-07,54,"Garinger High School","Ozone","Mecklenburg",35.2401000008895,-80.785683
2025-07-08,80,"Garinger High School","Ozone","Mecklenburg",35.2401000008895,-80.785683
2025-07-09,48,"Garinger High School","Ozone","Mecklenburg",35.2401000008895,-80.785683
2025-07-10,54,"Garinger High School","Ozone","Mecklenburg",35.2401000008895,-80.785683
2025-07-11,44,"Garinger High School","Ozone","Mecklenburg",35.2401000008895,-80.785683
2025-07-12,48,"Garinger High School","Ozone","Mecklenburg",35.2401000008895,-80.785683
2025-07-13,36,"Garinger High School","Ozone","Mecklenburg",35.2401000008895,-80.785683
2025-07-14,71,"Garinger High School","Ozone","Mecklenburg",35.2401000008895,-80.785683
2025-07-15,37,"Garinger High School","Ozone","Mecklenburg",35.2401000008895,-80.785683
2025-07-16,36,"Garinger High School","Ozone","Mecklenburg",35.2401000008895,-80.785683
2025-07-17,33,"Garinger High School","Ozone","Mecklenburg",35.2401000008895,-80.785683
2025-07-18,33,"Garinger High School","Ozone","Mecklenburg",35.2401000008895,-80.785683
2025-07-19,42,"Garinger High School","Ozone","Mecklenburg",35.2401000008895,-80.785683
2025-07-20,36,"Garinger High School","Ozone","Mecklenburg",35.2401000008895,-80.785683
2025-07-21,40,"Garinger High School","Ozone","Mecklenburg",35.2401000008895,-80.785683
2025-07-22,32,"Garinger High School","Ozone","Mecklenburg",35.2401000008895,-80.785683
2025-07-23,49,"Garinger High School","Ozone","Mecklenburg",35.2401000008895,-80.785683
2025-07-24,44,"Garinger High School","Ozone","Mecklenburg",35.2401000008895,-80.785683
2025-07-25,45,"Garinger High School","Ozone","Mecklenburg",35.2401000008895,-80.785683
2025-07-26,64,"Garinger High School","Ozone","Mecklenburg",35.2401000008895,-80.785683
2025-07-27,44,"Garinger High School","Ozone","Mecklenburg",35.2401000008895,-80.785683
2025-07-28,44,"Garinger High School","Ozone","Mecklenburg",35.2401000008895,-80.785683
2025-07-29,42,"Garinger High School","Ozone","Mecklenburg",35.2401000008895,-80.785683
2025-07-30,46,"Garinger High School","Ozone","Mecklenburg",35.2401000008895,-80.785683
2025-07-31,45,"Garinger High School","Ozone","Mecklenburg",35.2401000008895,-80.785683
2025-08-01,37,"Garinger High School","Ozone","Mecklenburg",35.2401000008895,-80.785683
2025-08-02,24,"Garinger High School","Ozone","Mecklenburg",35.2401000008895,-80.785683
2025-08-03,33,"Garinger High School","Ozone","Mecklenburg",35.2401000008895,-80.785683
2025-08-04,36,"Garinger High School","Ozone","Mecklenburg",35.2401000008895,-80.785683
2025-08-05,33,"Garinger High School","Ozone","Mecklenburg",35.2401000008895,-80.785683
2025-08-06,24,"Garinger High School","Ozone","Mecklenburg",35.2401000008895,-80.785683
2025-08-07,29,"Garinger High School","Ozone","Mecklenburg",35.2401000008895,-80.785683
2025-08-08,34,"Garinger High School","Ozone","Mecklenburg",35.2401000008895,-80.785683
2025-08-09,32,"Garinger High School","Ozone","Mecklenburg",35.2401000008895,-80.785683
2025-08-10,26,"Garinger High School","Ozone","Mecklenburg",35.2401000008895,-80.785683
2025-08-11,17,"Garinger High School","Ozone","Mecklenburg",35.2401000008895,-80.785683
2025-08-12,22,"Garinger High School","Ozone","Mecklenburg",35.2401000008895,-80.785683
2025-08-13,21,"Garinger High School","Ozone","Mecklenburg",35.2401000008895,-80.785683
2025-08-14,31,"Garinger High School","Ozone","Mecklenburg",35.2401000008895,-80.785683
2025-08-15,42,"Garinger High School","Ozone","Mecklenburg",35.2401000008895,-80.785683
2025-08-16,43,"Garinger High School","Ozone","Mecklenburg",35.2401000008895,-80.785683
2025-08-17,45,"Garinger High School","Ozone","Mecklenburg",35.2401000008895,-80.785683
2025-08-18,43,"Garinger High School","Ozone","Mecklenburg",35.2401000008895,-80.785683
2025-08-19,41,"Garinger High School","Ozone","Mecklenburg",35.2401000008895,-80.785683
2025-08-20,41,"Garinger High School","Ozone","Mecklenburg",35.2401000008895,-80.785683
2025-08-21,39,"Garinger High School","Ozone","Mecklenburg",35.2401000008895,-80.785683
2025-08-22,25,"Garinger High School","Ozone","Mecklenburg",35.2401000008895,-80.785683
2025-08-23,31,"Garinger High School","Ozone","Mecklenburg",35.2401000008895,-80.785683
2025-08-24,46,"Garinger High School","Ozone","Mecklenburg",35.2401000008895,-80.785683
2025-08-25,45,"Garinger High School","Ozone","Mecklenburg",35.2401000008895,-80.785683
2025-08-26,41,"Garinger High School","Ozone","Mecklenburg",35.2401000008895,-80.785683
2025-08-27,45,"Garinger High School","Ozone","Mecklenburg",35.2401000008895,-80.785683
2025-08-28,45,"Garinger High School","Ozone","Mecklenburg",35.2401000008895,-80.785683
2025-08-29,49,"Garinger High School","Ozone","Mecklenburg",35.2401000008895,-80.785683
2025-08-30,44,"Garinger High School","Ozone","Mecklenburg",35.2401000008895,-80.785683
2025-08-31,37,"Garinger High School","Ozone","Mecklenburg",35.2401000008895,-80.785683
2025-09-01,39,"Garinger High School","Ozone","Mecklenburg",35.2401000008895,-80.785683
2025-09-02,43,"Garinger High School","Ozone","Mecklenburg",35.2401000008895,-80.785683
2025-09-03,47,"Garinger High School","Ozone","Mecklenburg",35.2401000008895,-80.785683
2025-09-04,38,"Garinger High School","Ozone","Mecklenburg",35.2401000008895,-80.785683
2025-09-05,42,"Garinger High School","Ozone","Mecklenburg",35.2401000008895,-80.785683
2025-09-06,36,"Garinger High School","Ozone","Mecklenburg",35.2401000008895,-80.785683
2025-09-07,27,"Garinger High School","Ozone","Mecklenburg",35.2401000008895,-80.785683
2025-09-08,40,"Garinger High School","Ozone","Mecklenburg",35.2401000008895,-80.785683
2025-09-09,48,"Garinger High School","Ozone","Mecklenburg",35.2401000008895,-80.785683
2025-09-10,43,"Garinger High School","Ozone","Mecklenburg",35.2401000008895,-80.785683
2025-09-11,47,"Garinger High School","Ozone","Mecklenburg",35.2401000008895,-80.785683
2025-09-12,48,"Garinger High School","Ozone","Mecklenburg",35.2401000008895,-80.785683
2025-09-13,44,"Garinger High School","Ozone","Mecklenburg",35.2401000008895,-80.785683
2025-09-14,48,"Garinger High School","Ozone","Mecklenburg",35.2401000008895,-80.785683
2025-09-15,48,"Garinger High School","Ozone","Mecklenburg",35.2401000008895,-80.785683
2025-09-16,45,"Garinger High School","Ozone","Mecklenburg",35.2401000008895,-80.785683
2025-09-17,46,"Garinger High School","Ozone","Mecklenburg",35.2401000008895,-80.785683
2025-09-18,64,"Garinger High School","Ozone","Mecklenburg",35.2401000008895,-80.785683
2025-09-19,67,"Garinger High School","Ozone","Mecklenburg",35.2401000008895,-80.785683
2025-09-20,77,"Garinger High School","Ozone","Mecklenburg",35.2401000008895,-80.785683
2025-09-21,48,"Garinger High School","Ozone","Mecklenburg",35.2401000008895,-80.785683
2025-09-22,45,"Garinger High School","Ozone","Mecklenburg",35.2401000008895,-80.785683
2025-09-23,49,"Garinger High School","Ozone","Mecklenburg",35.2401000008895,-80.785683
2025-09-24,42,"Garinger High School","Ozone","Mecklenburg",35.2401000008895,-80.785683
2025-09-25,33,"Garinger High School","Ozone","Mecklenburg",35.2401000008895,-80.785683
2025-09-26,31,"Garinger High School","Ozone","Mecklenburg",35.2401000008895,-80.785683
2025-09-27,34,"Garinger High School","Ozone","Mecklenburg",35.2401000008895,-80.785683
2025-09-28,36,"Garinger High School","Ozone","Mecklenburg",35.2401000008895,-80.785683
2025-09-29,29,"Garinger High School","Ozone","Mecklenburg",35.2401000008895,-80.785683
2025-09-30,40,"Garinger High School","Ozone","Mecklenburg",35.2401000008895,-80.785683
2025-10-01,44,"Garinger High School","Ozone","Mecklenburg",35.2401000008895,-80.785683
2025-10-02,35,"Garinger High School","Ozone","Mecklenburg",35.2401000008895,-80.785683
2025-10-03,35,"Garinger High School","Ozone","Mecklenburg",35.2401000008895,-80.785683
2025-10-04,34,"Garinger High School","Ozone","Mecklenburg",35.2401000008895,-80.785683
2025-10-05,30,"Garinger High School","Ozone","Mecklenburg",35.2401000008895,-80.785683
2025-10-06,27,"Garinger High School","Ozone","Mecklenburg",35.2401000008895,-80.785683
2025-10-07,31,"Garinger High School","Ozone","Mecklenburg",35.2401000008895,-80.785683
2025-10-08,28,"Garinger High School","Ozone","Mecklenburg",35.2401000008895,-80.785683
2025-10-09,40,"Garinger High School","Ozone","Mecklenburg",35.2401000008895,-80.785683
2025-10-10,31,"Garinger High School","Ozone","Mecklenburg",35.2401000008895,-80.785683
2025-10-11,30,"Garinger High School","Ozone","Mecklenburg",35.2401000008895,-80.785683
2025-10-12,28,"Garinger High School","Ozone","Mecklenburg",35.2401000008895,-80.785683
2025-10-13,35,"Garinger High School","Ozone","Mecklenburg",35.2401000008895,-80.785683
2025-10-14,38,"Garinger High School","Ozone","Mecklenburg",35.2401000008895,-80.785683
2025-10-15,44,"Garinger High School","Ozone","Mecklenburg",35.2401000008895,-80.785683
2025-10-16,39,"Garinger High School","Ozone","Mecklenburg",35.2401000008895,-80.785683
2025-10-17,44,"Garinger High School","Ozone","Mecklenburg",35.2401000008895,-80.785683
2025-10-18,42,"Garinger High School","Ozone","Mecklenburg",35.2401000008895,-80.785683
2025-10-19,37,"Garinger High School","Ozone","Mecklenburg",35.2401000008895,-80.785683
2025-10-20,33,"Garinger High School","Ozone","Mecklenburg",35.2401000008895,-80.785683
2025-10-21,42,"Garinger High School","Ozone","Mecklenburg",35.2401000008895,-80.785683
2025-10-22,38,"Garinger High School","Ozone","Mecklenburg",35.2401000008895,-80.785683
2025-10-23,38,"Garinger High School","Ozone","Mecklenburg",35.2401000008895,-80.785683
2025-10-24,38,"Garinger High School","Ozone","Mecklenburg",35.2401000008895,-80.785683
2025-10-25,30,"Garinger High School","Ozone","Mecklenburg",35.2401000008895,-80.785683
2025-10-26,33,"Garinger High School","Ozone","Mecklenburg",35.2401000008895,-80.785683
2025-10-27,28,"Garinger High School","Ozone","Mecklenburg",35.2401000008895,-80.785683
2025-10-28,27,"Garinger High School","Ozone","Mecklenburg",35.2401000008895,-80.785683
2025-10-29,12,"Garinger High School","Ozone","Mecklenburg",35.2401000008895,-80.785683
2025-10-30,22,"Garinger High School","Ozone","Mecklenburg",35.2401000008895,-80.785683
2025-10-31,31,"Garinger High School","Ozone","Mecklenburg",35.2401000008895,-80.785683
2025-11-01,36,"Garinger High School","Ozone","Mecklenburg",35.2401000008895,-80.785683
2025-11-02,33,"Garinger High School","Ozone","Mecklenburg",35.2401000008895,-80.785683
2025-11-03,33,"Garinger High School","Ozone","Mecklenburg",35.2401000008895,-80.785683
2025-11-04,36,"Garinger High School","Ozone","Mecklenburg",35.2401000008895,-80.785683
2025-11-05,40,"Garinger High School","Ozone","Mecklenburg",35.2401000008895,-80.785683
2025-11-06,43,"Garinger High School","Ozone","Mecklenburg",35.2401000008895,-80.785683
2025-11-07,37,"Garinger High School","Ozone","Mecklenburg",35.2401000008895,-80.785683
2025-11-08,36,"Garinger High School","Ozone","Mecklenburg",35.2401000008895,-80.785683
2025-11-09,37,"Garinger High School","Ozone","Mecklenburg",35.2401000008895,-80.785683
2025-11-10,26,"Garinger High School","Ozone","Mecklenburg",35.2401000008895,-80.785683
2025-11-11,30,"Garinger High School","Ozone","Mecklenburg",35.2401000008895,-80.785683
2025-11-12,36,"Garinger High School","Ozone","Mecklenburg",35.2401000008895,-80.785683
2025-11-13,37,"Garinger High School","Ozone","Mecklenburg",35.2401000008895,-80.785683
2025-11-14,39,"Garinger High School","Ozone","Mecklenburg",35.2401000008895,-80.785683
2025-11-15,42,"Garinger High School","Ozone","Mecklenburg",35.2401000008895,-80.785683
2025-11-16,36,"Garinger High School","Ozone","Mecklenburg",35.2401000008895,-80.785683
2025-11-17,35,"Garinger High School","Ozone","Mecklenburg",35.2401000008895,-80.785683
2025-11-18,41,"Garinger High School","Ozone","Mecklenburg",35.2401000008895,-80.785683
2025-11-19,39,"Garinger High School","Ozone","Mecklenburg",35.2401000008895,-80.785683
2025-11-20,37,"Garinger High School","Ozone","Mecklenburg",35.2401000008895,-80.785683
2025-11-21,25,"Garinger High School","Ozone","Mecklenburg",35.2401000008895,-80.785683
2025-11-22,30,"Garinger High School","Ozone","Mecklenburg",35.2401000008895,-80.785683
2025-11-23,33,"Garinger High School","Ozone","Mecklenburg",35.2401000008895,-80.785683
2025-11-24,34,"Garinger High School","Ozone","Mecklenburg",35.2401000008895,-80.785683
2025-11-25,31,"Garinger High School","Ozone","Mecklenburg",35.2401000008895,-80.785683
2025-11-26,33,"Garinger High School","Ozone","Mecklenburg",35.2401000008895,-80.785683
2025-11-27,33,"Garinger High School","Ozone","Mecklenburg",35.2401000008895,-80.785683
2025-11-28,31,"Garinger High School","Ozone","Mecklenburg",35.2401000008895,-80.785683
2025-11-29,31,"Garinger High School","Ozone","Mecklenburg",35.2401000008895,-80.785683
2025-11-30,20,"Garinger High School","Ozone","Mecklenburg",35.2401000008895,-80.785683
2025-12-01,25,"Garinger High School","Ozone","Mecklenburg",35.2401000008895,-80.785683
2025-12-02,13,"Garinger High School","Ozone","Mecklenburg",35.2401000008895,-80.785683
2025-12-03,26,"Garinger High School","Ozone","Mecklenburg",35.2401000008895,-80.785683
2025-12-04,12,"Garinger High School","Ozone","Mecklenburg",35.2401000008895,-80.785683
2025-12-05,12,"Garinger High School","Ozone","Mecklenburg",35.2401000008895,-80.785683
2025-12-06,6,"Garinger High School","Ozone","Mecklenburg",35.2401000008895,-80.785683
2025-12-07,7,"Garinger High School","Ozone","Mecklenburg",35.2401000008895,-80.785683
2025-12-08,19,"Garinger High School","Ozone","Mecklenburg",35.2401000008895,-80.785683
2025-12-09,20,"Garinger High School","Ozone","Mecklenburg",35.2401000008895,-80.785683
2025-12-10,30,"Garinger High School","Ozone","Mecklenburg",35.2401000008895,-80.785683
2025-12-11,27,"Garinger High School","Ozone","Mecklenburg",35.2401000008895,-80.785683
2025-12-12,27,"Garinger High School","Ozone","Mecklenburg",35.2401000008895,-80.785683
2025-12-13,31,"Garinger High School","Ozone","Mecklenburg",35.2401000008895,-80.785683
2025-12-14,33,"Garinger High School","Ozone","Mecklenburg",35.2401000008895,-80.785683
2025-12-15,27,"Garinger High School","Ozone","Mecklenburg",35.2401000008895,-80.785683
2025-12-16,26,"Garinger High School","Ozone","Mecklenburg",35.2401000008895,-80.785683
2025-12-17,30,"Garinger High School","Ozone","Mecklenburg",35.2401000008895,-80.785683
2025-12-18,26,"Garinger High School","Ozone","Mecklenburg",35.2401000008895,-80.785683
2025-12-19,32,"Garinger High School","Ozone","Mecklenburg",35.2401000008895,-80.785683
2025-12-20,33,"Garinger High School","Ozone","Mecklenburg",35.2401000008895,-80.785683
2025-12-21,31,"Garinger High School","Ozone","Mecklenburg",35.2401000008895,-80.785683
2025-12-22,34,"Garinger High School","Ozone","Mecklenburg",35.2401000008895,-80.785683
2025-12-23,37,"Garinger High School","Ozone","Mecklenburg",35.2401000008895,-80.785683
2025-12-24,30,"Garinger High School","Ozone","Mecklenburg",35.2401000008895,-80.785683
2025-12-25,30,"Garinger High School","Ozone","Mecklenburg",35.2401000008895,-80.785683
2025-12-26,24,"Garinger High School","Ozone","Mecklenburg",35.2401000008895,-80.785683
2025-12-27,27,"Garinger High School","Ozone","Mecklenburg",35.2401000008895,-80.785683
2025-12-28,17,"Garinger High School","Ozone","Mecklenburg",35.2401000008895,-80.785683
2025-12-29,30,"Garinger High School","Ozone","Mecklenburg",35.2401000008895,-80.785683
2025-12-30,27,"Garinger High School","Ozone","Mecklenburg",35.2401000008895,-80.785683
2025-12-31,34,"Garinger High School","Ozone","Mecklenburg",35.2401000008895,-80.785683
2025-01-01,32,"University Meadows","Ozone","Mecklenburg",35.314158,-80.713469
2025-01-02,31,"University Meadows","Ozone","Mecklenburg",35.314158,-80.713469
2025-01-03,33,"University Meadows","Ozone","Mecklenburg",35.314158,-80.713469
2025-01-04,33,"University Meadows","Ozone","Mecklenburg",35.314158,-80.713469
2025-01-05,24,"University Meadows","Ozone","Mecklenburg",35.314158,-80.713469
2025-01-06,24,"University Meadows","Ozone","Mecklenburg",35.314158,-80.713469
2025-01-07,29,"University Meadows","Ozone","Mecklenburg",35.314158,-80.713469
2025-01-08,29,"University Meadows","Ozone","Mecklenburg",35.314158,-80.713469
2025-01-09,34,"University Meadows","Ozone","Mecklenburg",35.314158,-80.713469
2025-01-10,24,"University Meadows","Ozone","Mecklenburg",35.314158,-80.713469
2025-01-11,32,"University Meadows","Ozone","Mecklenburg",35.314158,-80.713469
2025-01-12,33,"University Meadows","Ozone","Mecklenburg",35.314158,-80.713469
2025-01-13,26,"University Meadows","Ozone","Mecklenburg",35.314158,-80.713469
2025-01-14,38,"University Meadows","Ozone","Mecklenburg",35.314158,-80.713469
2025-02-21,33,"University Meadows","Ozone","Mecklenburg",35.314158,-80.713469
2025-02-22,39,"University Meadows","Ozone","Mecklenburg",35.314158,-80.713469
2025-02-23,44,"University Meadows","Ozone","Mecklenburg",35.314158,-80.713469
2025-02-25,49,"University Meadows","Ozone","Mecklenburg",35.314158,-80.713469
2025-02-26,49,"University Meadows","Ozone","Mecklenburg",35.314158,-80.713469
2025-02-27,46,"University Meadows","Ozone","Mecklenburg",35.314158,-80.713469
2025-02-28,45,"University Meadows","Ozone","Mecklenburg",35.314158,-80.713469
2025-03-01,50,"University Meadows","Ozone","Mecklenburg",35.314158,-80.713469
2025-03-02,40,"University Meadows","Ozone","Mecklenburg",35.314158,-80.713469
2025-03-03,41,"University Meadows","Ozone","Mecklenburg",35.314158,-80.713469
2025-03-04,41,"University Meadows","Ozone","Mecklenburg",35.314158,-80.713469
2025-03-05,43,"University Meadows","Ozone","Mecklenburg",35.314158,-80.713469
2025-03-06,36,"University Meadows","Ozone","Mecklenburg",35.314158,-80.713469
2025-03-07,39,"University Meadows","Ozone","Mecklenburg",35.314158,-80.713469
2025-03-08,44,"University Meadows","Ozone","Mecklenburg",35.314158,-80.713469
2025-03-09,43,"University Meadows","Ozone","Mecklenburg",35.314158,-80.713469
2025-03-10,31,"University Meadows","Ozone","Mecklenburg",35.314158,-80.713469
2025-03-11,50,"University Meadows","Ozone","Mecklenburg",35.314158,-80.713469
2025-03-12,71,"University Meadows","Ozone","Mecklenburg",35.314158,-80.713469
2025-03-13,58,"University Meadows","Ozone","Mecklenburg",35.314158,-80.713469
2025-03-14,45,"University Meadows","Ozone","Mecklenburg",35.314158,-80.713469
2025-03-15,36,"University Meadows","Ozone","Mecklenburg",35.314158,-80.713469
2025-03-16,39,"University Meadows","Ozone","Mecklenburg",35.314158,-80.713469
2025-03-17,33,"University Meadows","Ozone","Mecklenburg",35.314158,-80.713469
2025-03-18,42,"University Meadows","Ozone","Mecklenburg",35.314158,-80.713469
2025-03-19,49,"University Meadows","Ozone","Mecklenburg",35.314158,-80.713469
2025-03-20,41,"University Meadows","Ozone","Mecklenburg",35.314158,-80.713469
2025-03-21,44,"University Meadows","Ozone","Mecklenburg",35.314158,-80.713469
2025-03-22,58,"University Meadows","Ozone","Mecklenburg",35.314158,-80.713469
2025-03-23,48,"University Meadows","Ozone","Mecklenburg",35.314158,-80.713469
2025-03-24,40,"University Meadows","Ozone","Mecklenburg",35.314158,-80.713469
2025-03-25,49,"University Meadows","Ozone","Mecklenburg",35.314158,-80.713469
2025-03-26,46,"University Meadows","Ozone","Mecklenburg",35.314158,-80.713469
2025-03-27,48,"University Meadows","Ozone","Mecklenburg",35.314158,-80.713469
2025-03-28,61,"University Meadows","Ozone","Mecklenburg",35.314158,-80.713469
2025-03-29,44,"University Meadows","Ozone","Mecklenburg",35.314158,-80.713469
2025-03-30,40,"University Meadows","Ozone","Mecklenburg",35.314158,-80.713469
2025-03-31,27,"University Meadows","Ozone","Mecklenburg",35.314158,-80.713469
2025-04-01,34,"University Meadows","Ozone","Mecklenburg",35.314158,-80.713469
2025-04-02,27,"University Meadows","Ozone","Mecklenburg",35.314158,-80.713469
2025-04-03,27,"University Meadows","Ozone","Mecklenburg",35.314158,-80.713469
2025-04-04,34,"University Meadows","Ozone","Mecklenburg",35.314158,-80.713469
2025-04-05,35,"University Meadows","Ozone","Mecklenburg",35.314158,-80.713469
2025-04-06,41,"University Meadows","Ozone","Mecklenburg",35.314158,-80.713469
2025-04-07,30,"University Meadows","Ozone","Mecklenburg",35.314158,-80.713469
2025-04-08,58,"University Meadows","Ozone","Mecklenburg",35.314158,-80.713469
2025-04-09,45,"University Meadows","Ozone","Mecklenburg",35.314158,-80.713469
2025-04-10,41,"University Meadows","Ozone","Mecklenburg",35.314158,-80.713469
2025-04-11,42,"University Meadows","Ozone","Mecklenburg",35.314158,-80.713469
2025-04-12,38,"University Meadows","Ozone","Mecklenburg",35.314158,-80.713469
2025-04-13,49,"University Meadows","Ozone","Mecklenburg",35.314158,-80.713469
2025-04-14,77,"University Meadows","Ozone","Mecklenburg",35.314158,-80.713469
2025-04-15,46,"University Meadows","Ozone","Mecklenburg",35.314158,-80.713469
2025-04-16,47,"University Meadows","Ozone","Mecklenburg",35.314158,-80.713469
2025-04-17,74,"University Meadows","Ozone","Mecklenburg",35.314158,-80.713469
2025-04-18,74,"University Meadows","Ozone","Mecklenburg",35.314158,-80.713469
2025-04-19,46,"University Meadows","Ozone","Mecklenburg",35.314158,-80.713469
2025-04-20,40,"University Meadows","Ozone","Mecklenburg",35.314158,-80.713469
2025-04-21,47,"University Meadows","Ozone","Mecklenburg",35.314158,-80.713469
2025-04-22,47,"University Meadows","Ozone","Mecklenburg",35.314158,-80.713469
2025-04-23,44,"University Meadows","Ozone","Mecklenburg",35.314158,-80.713469
2025-04-24,27,"University Meadows","Ozone","Mecklenburg",35.314158,-80.713469
2025-04-25,39,"University Meadows","Ozone","Mecklenburg",35.314158,-80.713469
2025-04-26,43,"University Meadows","Ozone","Mecklenburg",35.314158,-80.713469
2025-04-27,51,"University Meadows","Ozone","Mecklenburg",35.314158,-80.713469
2025-04-28,49,"University Meadows","Ozone","Mecklenburg",35.314158,-80.713469
2025-04-29,45,"University Meadows","Ozone","Mecklenburg",35.314158,-80.713469
2025-04-30,48,"University Meadows","Ozone","Mecklenburg",35.314158,-80.713469
2025-05-01,44,"University Meadows","Ozone","Mecklenburg",35.314158,-80.713469
2025-05-02,44,"University Meadows","Ozone","Mecklenburg",35.314158,-80.713469
2025-05-03,32,"University Meadows","Ozone","Mecklenburg",35.314158,-80.713469
2025-05-04,42,"University Meadows","Ozone","Mecklenburg",35.314158,-80.713469
2025-05-05,44,"University Meadows","Ozone","Mecklenburg",35.314158,-80.713469
2025-05-06,49,"University Meadows","Ozone","Mecklenburg",35.314158,-80.713469
2025-05-07,44,"University Meadows","Ozone","Mecklenburg",35.314158,-80.713469
2025-05-08,50,"University Meadows","Ozone","Mecklenburg",35.314158,-80.713469
2025-05-09,50,"University Meadows","Ozone","Mecklenburg",35.314158,-80.713469
2025-05-10,37,"University Meadows","Ozone","Mecklenburg",35.314158,-80.713469
2025-05-11,29,"University Meadows","Ozone","Mecklenburg",35.314158,-80.713469
2025-05-12,22,"University Meadows","Ozone","Mecklenburg",35.314158,-80.713469
2025-05-13,39,"University Meadows","Ozone","Mecklenburg",35.314158,-80.713469
2025-05-14,45,"University Meadows","Ozone","Mecklenburg",35.314158,-80.713469
2025-05-15,47,"University Meadows","Ozone","Mecklenburg",35.314158,-80.713469
2025-05-16,46,"University Meadows","Ozone","Mecklenburg",35.314158,-80.713469
2025-05-17,43,"University Meadows","Ozone","Mecklenburg",35.314158,-80.713469
2025-05-18,49,"University Meadows","Ozone","Mecklenburg",35.314158,-80.713469
2025-05-19,51,"University Meadows","Ozone","Mecklenburg",35.314158,-80.713469
2025-05-20,42,"University Meadows","Ozone","Mecklenburg",35.314158,-80.713469
2025-05-21,46,"University Meadows","Ozone","Mecklenburg",35.314158,-80.713469
2025-05-22,51,"University Meadows","Ozone","Mecklenburg",35.314158,-80.713469
2025-05-23,44,"University Meadows","Ozone","Mecklenburg",35.314158,-80.713469
2025-05-24,45,"University Meadows","Ozone","Mecklenburg",35.314158,-80.713469
2025-05-25,37,"University Meadows","Ozone","Mecklenburg",35.314158,-80.713469
2025-05-26,29,"University Meadows","Ozone","Mecklenburg",35.314158,-80.713469
2025-05-27,23,"University Meadows","Ozone","Mecklenburg",35.314158,-80.713469
2025-05-28,26,"University Meadows","Ozone","Mecklenburg",35.314158,-80.713469
2025-05-29,36,"University Meadows","Ozone","Mecklenburg",35.314158,-80.713469
2025-05-30,38,"University Meadows","Ozone","Mecklenburg",35.314158,-80.713469
2025-05-31,47,"University Meadows","Ozone","Mecklenburg",35.314158,-80.713469
2025-06-01,50,"University Meadows","Ozone","Mecklenburg",35.314158,-80.713469
2025-06-02,49,"University Meadows","Ozone","Mecklenburg",35.314158,-80.713469
2025-06-03,61,"University Meadows","Ozone","Mecklenburg",35.314158,-80.713469
2025-06-04,45,"University Meadows","Ozone","Mecklenburg",35.314158,-80.713469
2025-06-05,23,"University Meadows","Ozone","Mecklenburg",35.314158,-80.713469
2025-06-06,47,"University Meadows","Ozone","Mecklenburg",35.314158,-80.713469
2025-06-07,44,"University Meadows","Ozone","Mecklenburg",35.314158,-80.713469
2025-06-08,37,"University Meadows","Ozone","Mecklenburg",35.314158,-80.713469
2025-06-09,49,"University Meadows","Ozone","Mecklenburg",35.314158,-80.713469
2025-06-10,38,"University Meadows","Ozone","Mecklenburg",35.314158,-80.713469
2025-06-11,64,"University Meadows","Ozone","Mecklenburg",35.314158,-80.713469
2025-06-12,44,"University Meadows","Ozone","Mecklenburg",35.314158,-80.713469
2025-06-13,31,"University Meadows","Ozone","Mecklenburg",35.314158,-80.713469
2025-06-14,31,"University Meadows","Ozone","Mecklenburg",35.314158,-80.713469
2025-06-15,31,"University Meadows","Ozone","Mecklenburg",35.314158,-80.713469
2025-06-16,37,"University Meadows","Ozone","Mecklenburg",35.314158,-80.713469
2025-06-17,33,"University Meadows","Ozone","Mecklenburg",35.314158,-80.713469
2025-06-18,32,"University Meadows","Ozone","Mecklenburg",35.314158,-80.713469
2025-06-19,31,"University Meadows","Ozone","Mecklenburg",35.314158,-80.713469
2025-06-20,51,"University Meadows","Ozone","Mecklenburg",35.314158,-80.713469
2025-06-21,61,"University Meadows","Ozone","Mecklenburg",35.314158,-80.713469
2025-06-22,51,"University Meadows","Ozone","Mecklenburg",35.314158,-80.713469
2025-06-23,54,"University Meadows","Ozone","Mecklenburg",35.314158,-80.713469
2025-06-24,45,"University Meadows","Ozone","Mecklenburg",35.314158,-80.713469
2025-06-25,48,"University Meadows","Ozone","Mecklenburg",35.314158,-80.713469
2025-06-26,77,"University Meadows","Ozone","Mecklenburg",35.314158,-80.713469
2025-06-27,80,"University Meadows","Ozone","Mecklenburg",35.314158,-80.713469
2025-06-28,58,"University Meadows","Ozone","Mecklenburg",35.314158,-80.713469
2025-06-29,64,"University Meadows","Ozone","Mecklenburg",35.314158,-80.713469
2025-06-30,43,"University Meadows","Ozone","Mecklenburg",35.314158,-80.713469
2025-07-01,44,"University Meadows","Ozone","Mecklenburg",35.314158,-80.713469
2025-07-02,39,"University Meadows","Ozone","Mecklenburg",35.314158,-80.713469
2025-07-03,50,"University Meadows","Ozone","Mecklenburg",35.314158,-80.713469
2025-07-04,46,"University Meadows","Ozone","Mecklenburg",35.314158,-80.713469
2025-07-05,45,"University Meadows","Ozone","Mecklenburg",35.314158,-80.713469
2025-07-06,27,"University Meadows","Ozone","Mecklenburg",35.314158,-80.713469
2025-07-07,61,"University Meadows","Ozone","Mecklenburg",35.314158,-80.713469
2025-07-08,97,"University Meadows","Ozone","Mecklenburg",35.314158,-80.713469
2025-07-09,50,"University Meadows","Ozone","Mecklenburg",35.314158,-80.713469
2025-07-10,48,"University Meadows","Ozone","Mecklenburg",35.314158,-80.713469
2025-07-11,44,"University Meadows","Ozone","Mecklenburg",35.314158,-80.713469
2025-07-12,51,"University Meadows","Ozone","Mecklenburg",35.314158,-80.713469
2025-07-13,37,"University Meadows","Ozone","Mecklenburg",35.314158,-80.713469
2025-07-14,67,"University Meadows","Ozone","Mecklenburg",35.314158,-80.713469
2025-07-15,39,"University Meadows","Ozone","Mecklenburg",35.314158,-80.713469
2025-07-16,39,"University Meadows","Ozone","Mecklenburg",35.314158,-80.713469
2025-07-17,33,"University Meadows","Ozone","Mecklenburg",35.314158,-80.713469
2025-07-18,37,"University Meadows","Ozone","Mecklenburg",35.314158,-80.713469
2025-07-19,47,"University Meadows","Ozone","Mecklenburg",35.314158,-80.713469
2025-07-20,34,"University Meadows","Ozone","Mecklenburg",35.314158,-80.713469
2025-07-21,42,"University Meadows","Ozone","Mecklenburg",35.314158,-80.713469
2025-07-22,32,"University Meadows","Ozone","Mecklenburg",35.314158,-80.713469
2025-07-23,48,"University Meadows","Ozone","Mecklenburg",35.314158,-80.713469
2025-07-24,41,"University Meadows","Ozone","Mecklenburg",35.314158,-80.713469
2025-07-25,58,"University Meadows","Ozone","Mecklenburg",35.314158,-80.713469
2025-07-26,61,"University Meadows","Ozone","Mecklenburg",35.314158,-80.713469
2025-07-27,42,"University Meadows","Ozone","Mecklenburg",35.314158,-80.713469
2025-07-28,44,"University Meadows","Ozone","Mecklenburg",35.314158,-80.713469
2025-07-29,39,"University Meadows","Ozone","Mecklenburg",35.314158,-80.713469
2025-07-30,44,"University Meadows","Ozone","Mecklenburg",35.314158,-80.713469
2025-07-31,58,"University Meadows","Ozone","Mecklenburg",35.314158,-80.713469
2025-08-01,35,"University Meadows","Ozone","Mecklenburg",35.314158,-80.713469
2025-08-02,24,"University Meadows","Ozone","Mecklenburg",35.314158,-80.713469
2025-08-03,33,"University Meadows","Ozone","Mecklenburg",35.314158,-80.713469
2025-08-04,37,"University Meadows","Ozone","Mecklenburg",35.314158,-80.713469
2025-08-05,31,"University Meadows","Ozone","Mecklenburg",35.314158,-80.713469
2025-08-06,24,"University Meadows","Ozone","Mecklenburg",35.314158,-80.713469
2025-08-07,27,"University Meadows","Ozone","Mecklenburg",35.314158,-80.713469
2025-08-08,33,"University Meadows","Ozone","Mecklenburg",35.314158,-80.713469
2025-08-09,32,"University Meadows","Ozone","Mecklenburg",35.314158,-80.713469
2025-08-10,25,"University Meadows","Ozone","Mecklenburg",35.314158,-80.713469
2025-08-11,17,"University Meadows","Ozone","Mecklenburg",35.314158,-80.713469
2025-08-12,26,"University Meadows","Ozone","Mecklenburg",35.314158,-80.713469
2025-08-13,25,"University Meadows","Ozone","Mecklenburg",35.314158,-80.713469
2025-08-14,30,"University Meadows","Ozone","Mecklenburg",35.314158,-80.713469
2025-08-15,42,"University Meadows","Ozone","Mecklenburg",35.314158,-80.713469
2025-08-16,41,"University Meadows","Ozone","Mecklenburg",35.314158,-80.713469
2025-08-17,44,"University Meadows","Ozone","Mecklenburg",35.314158,-80.713469
2025-08-18,42,"University Meadows","Ozone","Mecklenburg",35.314158,-80.713469
2025-08-19,40,"University Meadows","Ozone","Mecklenburg",35.314158,-80.713469
2025-08-20,38,"University Meadows","Ozone","Mecklenburg",35.314158,-80.713469
2025-08-21,38,"University Meadows","Ozone","Mecklenburg",35.314158,-80.713469
2025-08-22,23,"University Meadows","Ozone","Mecklenburg",35.314158,-80.713469
2025-08-23,30,"University Meadows","Ozone","Mecklenburg",35.314158,-80.713469
2025-08-24,46,"University Meadows","Ozone","Mecklenburg",35.314158,-80.713469
2025-08-25,44,"University Meadows","Ozone","Mecklenburg",35.314158,-80.713469
2025-08-26,41,"University Meadows","Ozone","Mecklenburg",35.314158,-80.713469
2025-08-27,43,"University Meadows","Ozone","Mecklenburg",35.314158,-80.713469
2025-08-28,49,"University Meadows","Ozone","Mecklenburg",35.314158,-80.713469
2025-08-29,47,"University Meadows","Ozone","Mecklenburg",35.314158,-80.713469
2025-08-30,44,"University Meadows","Ozone","Mecklenburg",35.314158,-80.713469
2025-08-31,37,"University Meadows","Ozone","Mecklenburg",35.314158,-80.713469
2025-09-01,39,"University Meadows","Ozone","Mecklenburg",35.314158,-80.713469
2025-09-02,41,"University Meadows","Ozone","Mecklenburg",35.314158,-80.713469
2025-09-03,49,"University Meadows","Ozone","Mecklenburg",35.314158,-80.713469
2025-09-04,40,"University Meadows","Ozone","Mecklenburg",35.314158,-80.713469
2025-09-05,48,"University Meadows","Ozone","Mecklenburg",35.314158,-80.713469
2025-09-06,40,"University Meadows","Ozone","Mecklenburg",35.314158,-80.713469
2025-09-07,26,"University Meadows","Ozone","Mecklenburg",35.314158,-80.713469
2025-09-08,38,"University Meadows","Ozone","Mecklenburg",35.314158,-80.713469
2025-09-09,46,"University Meadows","Ozone","Mecklenburg",35.314158,-80.713469
2025-09-10,41,"University Meadows","Ozone","Mecklenburg",35.314158,-80.713469
2025-09-11,46,"University Meadows","Ozone","Mecklenburg",35.314158,-80.713469
2025-09-12,46,"University Meadows","Ozone","Mecklenburg",35.314158,-80.713469
2025-09-13,44,"University Meadows","Ozone","Mecklenburg",35.314158,-80.713469
2025-09-14,49,"University Meadows","Ozone","Mecklenburg",35.314158,-80.713469
2025-09-15,46,"University Meadows","Ozone","Mecklenburg",35.314158,-80.713469
2025-09-16,44,"University Meadows","Ozone","Mecklenburg",35.314158,-80.713469
2025-09-17,48,"University Meadows","Ozone","Mecklenburg",35.314158,-80.713469
2025-09-18,51,"University Meadows","Ozone","Mecklenburg",35.314158,-80.713469
2025-09-19,74,"University Meadows","Ozone","Mecklenburg",35.314158,-80.713469
2025-09-20,80,"University Meadows","Ozone","Mecklenburg",35.314158,-80.713469
2025-09-21,48,"University Meadows","Ozone","Mecklenburg",35.314158,-80.713469
2025-09-22,44,"University Meadows","Ozone","Mecklenburg",35.314158,-80.713469
2025-09-23,64,"University Meadows","Ozone","Mecklenburg",35.314158,-80.713469
2025-09-24,46,"University Meadows","Ozone","Mecklenburg",35.314158,-80.713469
2025-09-25,36,"University Meadows","Ozone","Mecklenburg",35.314158,-80.713469
2025-09-26,34,"University Meadows","Ozone","Mecklenburg",35.314158,-80.713469
2025-09-27,33,"University Meadows","Ozone","Mecklenburg",35.314158,-80.713469
2025-09-28,36,"University Meadows","Ozone","Mecklenburg",35.314158,-80.713469
2025-09-29,27,"University Meadows","Ozone","Mecklenburg",35.314158,-80.713469
2025-09-30,39,"University Meadows","Ozone","Mecklenburg",35.314158,-80.713469
2025-10-01,44,"University Meadows","Ozone","Mecklenburg",35.314158,-80.713469
2025-10-02,33,"University Meadows","Ozone","Mecklenburg",35.314158,-80.713469
2025-10-03,34,"University Meadows","Ozone","Mecklenburg",35.314158,-80.713469
2025-10-04,33,"University Meadows","Ozone","Mecklenburg",35.314158,-80.713469
2025-10-05,31,"University Meadows","Ozone","Mecklenburg",35.314158,-80.713469
2025-10-06,28,"University Meadows","Ozone","Mecklenburg",35.314158,-80.713469
2025-10-07,31,"University Meadows","Ozone","Mecklenburg",35.314158,-80.713469
2025-10-08,28,"University Meadows","Ozone","Mecklenburg",35.314158,-80.713469
2025-10-09,38,"University Meadows","Ozone","Mecklenburg",35.314158,-80.713469
2025-10-10,30,"University Meadows","Ozone","Mecklenburg",35.314158,-80.713469
2025-10-11,29,"University Meadows","Ozone","Mecklenburg",35.314158,-80.713469
2025-10-12,28,"University Meadows","Ozone","Mecklenburg",35.314158,-80.713469
2025-10-13,35,"University Meadows","Ozone","Mecklenburg",35.314158,-80.713469
2025-10-14,37,"University Meadows","Ozone","Mecklenburg",35.314158,-80.713469
2025-10-15,44,"University Meadows","Ozone","Mecklenburg",35.314158,-80.713469
2025-10-16,39,"University Meadows","Ozone","Mecklenburg",35.314158,-80.713469
2025-10-17,46,"University Meadows","Ozone","Mecklenburg",35.314158,-80.713469
2025-10-18,44,"University Meadows","Ozone","Mecklenburg",35.314158,-80.713469
2025-10-19,38,"University Meadows","Ozone","Mecklenburg",35.314158,-80.713469
2025-10-20,35,"University Meadows","Ozone","Mecklenburg",35.314158,-80.713469
2025-10-21,43,"University Meadows","Ozone","Mecklenburg",35.314158,-80.713469
2025-10-22,39,"University Meadows","Ozone","Mecklenburg",35.314158,-80.713469
2025-10-23,39,"University Meadows","Ozone","Mecklenburg",35.314158,-80.713469
2025-10-24,38,"University Meadows","Ozone","Mecklenburg",35.314158,-80.713469
2025-10-25,30,"University Meadows","Ozone","Mecklenburg",35.314158,-80.713469
2025-10-26,32,"University Meadows","Ozone","Mecklenburg",35.314158,-80.713469
2025-10-27,29,"University Meadows","Ozone","Mecklenburg",35.314158,-80.713469
2025-10-28,27,"University Meadows","Ozone","Mecklenburg",35.314158,-80.713469
2025-10-29,11,"University Meadows","Ozone","Mecklenburg",35.314158,-80.713469
2025-10-30,25,"University Meadows","Ozone","Mecklenburg",35.314158,-80.713469
2025-10-31,34,"University Meadows","Ozone","Mecklenburg",35.314158,-80.713469
2025-11-01,35,"University Meadows","Ozone","Mecklenburg",35.314158,-80.713469
2025-11-02,32,"University Meadows","Ozone","Mecklenburg",35.314158,-80.713469
2025-11-03,36,"University Meadows","Ozone","Mecklenburg",35.314158,-80.713469
2025-11-04,35,"University Meadows","Ozone","Mecklenburg",35.314158,-80.713469
2025-11-05,41,"University Meadows","Ozone","Mecklenburg",35.314158,-80.713469
2025-11-06,41,"University Meadows","Ozone","Mecklenburg",35.314158,-80.713469
2025-11-07,38,"University Meadows","Ozone","Mecklenburg",35.314158,-80.713469
2025-11-08,36,"University Meadows","Ozone","Mecklenburg",35.314158,-80.713469
2025-11-09,38,"University Meadows","Ozone","Mecklenburg",35.314158,-80.713469
2025-11-10,27,"University Meadows","Ozone","Mecklenburg",35.314158,-80.713469
2025-11-11,31,"University Meadows","Ozone","Mecklenburg",35.314158,-80.713469
2025-11-12,36,"University Meadows","Ozone","Mecklenburg",35.314158,-80.713469
2025-11-13,40,"University Meadows","Ozone","Mecklenburg",35.314158,-80.713469
2025-11-14,37,"University Meadows","Ozone","Mecklenburg",35.314158,-80.713469
2025-11-15,42,"University Meadows","Ozone","Mecklenburg",35.314158,-80.713469
2025-11-16,38,"University Meadows","Ozone","Mecklenburg",35.314158,-80.713469
2025-11-17,37,"University Meadows","Ozone","Mecklenburg",35.314158,-80.713469
2025-11-18,40,"University Meadows","Ozone","Mecklenburg",35.314158,-80.713469
2025-11-19,40,"University Meadows","Ozone","Mecklenburg",35.314158,-80.713469
2025-11-20,36,"University Meadows","Ozone","Mecklenburg",35.314158,-80.713469
2025-11-21,26,"University Meadows","Ozone","Mecklenburg",35.314158,-80.713469
2025-11-22,31,"University Meadows","Ozone","Mecklenburg",35.314158,-80.713469
2025-11-23,33,"University Meadows","Ozone","Mecklenburg",35.314158,-80.713469
2025-11-24,31,"University Meadows","Ozone","Mecklenburg",35.314158,-80.713469
2025-11-25,30,"University Meadows","Ozone","Mecklenburg",35.314158,-80.713469
2025-11-26,34,"University Meadows","Ozone","Mecklenburg",35.314158,-80.713469
2025-11-27,34,"University Meadows","Ozone","Mecklenburg",35.314158,-80.713469
2025-11-28,32,"University Meadows","Ozone","Mecklenburg",35.314158,-80.713469
2025-11-29,31,"University Meadows","Ozone","Mecklenburg",35.314158,-80.713469
2025-11-30,22,"University Meadows","Ozone","Mecklenburg",35.314158,-80.713469
2025-12-01,24,"University Meadows","Ozone","Mecklenburg",35.314158,-80.713469
2025-12-02,17,"University Meadows","Ozone","Mecklenburg",35.314158,-80.713469
2025-12-03,25,"University Meadows","Ozone","Mecklenburg",35.314158,-80.713469
2025-12-04,11,"University Meadows","Ozone","Mecklenburg",35.314158,-80.713469
2025-12-05,14,"University Meadows","Ozone","Mecklenburg",35.314158,-80.713469
2025-12-06,7,"University Meadows","Ozone","Mecklenburg",35.314158,-80.713469
2025-12-07,6,"University Meadows","Ozone","Mecklenburg",35.314158,-80.713469
2025-12-08,19,"University Meadows","Ozone","Mecklenburg",35.314158,-80.713469
2025-12-09,20,"University Meadows","Ozone","Mecklenburg",35.314158,-80.713469
2025-01-01,31,"Candor","Ozone","Montgomery",35.2632,-79.8365
2025-01-02,31,"Candor","Ozone","Montgomery",35.2632,-79.8365
2025-01-03,33,"Candor","Ozone","Montgomery",35.2632,-79.8365
2025-01-04,33,"Candor","Ozone","Montgomery",35.2632,-79.8365
2025-01-05,34,"Candor","Ozone","Montgomery",35.2632,-79.8365
2025-01-06,27,"Candor","Ozone","Montgomery",35.2632,-79.8365
2025-01-07,31,"Candor","Ozone","Montgomery",35.2632,-79.8365
2025-01-08,31,"Candor","Ozone","Montgomery",35.2632,-79.8365
2025-01-09,38,"Candor","Ozone","Montgomery",35.2632,-79.8365
2025-01-10,29,"Candor","Ozone","Montgomery",35.2632,-79.8365
2025-01-11,34,"Candor","Ozone","Montgomery",35.2632,-79.8365
2025-01-12,36,"Candor","Ozone","Montgomery",35.2632,-79.8365
2025-01-13,34,"Candor","Ozone","Montgomery",35.2632,-79.8365
2025-01-14,39,"Candor","Ozone","Montgomery",35.2632,-79.8365
2025-01-15,35,"Candor","Ozone","Montgomery",35.2632,-79.8365
2025-01-16,39,"Candor","Ozone","Montgomery",35.2632,-79.8365
2025-01-17,39,"Candor","Ozone","Montgomery",35.2632,-79.8365
2025-01-18,30,"Candor","Ozone","Montgomery",35.2632,-79.8365
2025-01-19,31,"Candor","Ozone","Montgomery",35.2632,-79.8365
2025-01-20,37,"Candor","Ozone","Montgomery",35.2632,-79.8365
2025-01-21,35,"Candor","Ozone","Montgomery",35.2632,-79.8365
2025-01-22,35,"Candor","Ozone","Montgomery",35.2632,-79.8365
2025-01-23,33,"Candor","Ozone","Montgomery",35.2632,-79.8365
2025-01-24,38,"Candor","Ozone","Montgomery",35.2632,-79.8365
2025-01-25,41,"Candor","Ozone","Montgomery",35.2632,-79.8365
2025-01-26,42,"Candor","Ozone","Montgomery",35.2632,-79.8365
2025-01-27,28,"Candor","Ozone","Montgomery",35.2632,-79.8365
2025-01-28,32,"Candor","Ozone","Montgomery",35.2632,-79.8365
2025-01-29,40,"Candor","Ozone","Montgomery",35.2632,-79.8365
2025-01-30,41,"Candor","Ozone","Montgomery",35.2632,-79.8365
2025-01-31,41,"Candor","Ozone","Montgomery",35.2632,-79.8365
2025-02-01,37,"Candor","Ozone","Montgomery",35.2632,-79.8365
2025-02-02,34,"Candor","Ozone","Montgomery",35.2632,-79.8365
2025-02-03,34,"Candor","Ozone","Montgomery",35.2632,-79.8365
2025-02-04,46,"Candor","Ozone","Montgomery",35.2632,-79.8365
2025-02-05,31,"Candor","Ozone","Montgomery",35.2632,-79.8365
2025-02-06,28,"Candor","Ozone","Montgomery",35.2632,-79.8365
2025-02-07,40,"Candor","Ozone","Montgomery",35.2632,-79.8365
2025-02-08,29,"Candor","Ozone","Montgomery",35.2632,-79.8365
2025-02-09,37,"Candor","Ozone","Montgomery",35.2632,-79.8365
2025-02-10,30,"Candor","Ozone","Montgomery",35.2632,-79.8365
2025-02-11,30,"Candor","Ozone","Montgomery",35.2632,-79.8365
2025-02-12,25,"Candor","Ozone","Montgomery",35.2632,-79.8365
2025-02-13,25,"Candor","Ozone","Montgomery",35.2632,-79.8365
2025-02-14,36,"Candor","Ozone","Montgomery",35.2632,-79.8365
2025-02-15,28,"Candor","Ozone","Montgomery",35.2632,-79.8365
2025-02-17,39,"Candor","Ozone","Montgomery",35.2632,-79.8365
2025-02-18,40,"Candor","Ozone","Montgomery",35.2632,-79.8365
2025-02-19,31,"Candor","Ozone","Montgomery",35.2632,-79.8365
2025-02-20,38,"Candor","Ozone","Montgomery",35.2632,-79.8365
2025-02-21,37,"Candor","Ozone","Montgomery",35.2632,-79.8365
2025-02-22,41,"Candor","Ozone","Montgomery",35.2632,-79.8365
2025-02-23,43,"Candor","Ozone","Montgomery",35.2632,-79.8365
2025-02-24,48,"Candor","Ozone","Montgomery",35.2632,-79.8365
2025-02-25,74,"Candor","Ozone","Montgomery",35.2632,-79.8365
2025-02-26,50,"Candor","Ozone","Montgomery",35.2632,-79.8365
2025-02-27,49,"Candor","Ozone","Montgomery",35.2632,-79.8365
2025-02-28,45,"Candor","Ozone","Montgomery",35.2632,-79.8365
2025-03-01,50,"Candor","Ozone","Montgomery",35.2632,-79.8365
2025-03-02,43,"Candor","Ozone","Montgomery",35.2632,-79.8365
2025-03-03,44,"Candor","Ozone","Montgomery",35.2632,-79.8365
2025-03-04,43,"Candor","Ozone","Montgomery",35.2632,-79.8365
2025-03-05,40,"Candor","Ozone","Montgomery",35.2632,-79.8365
2025-03-06,35,"Candor","Ozone","Montgomery",35.2632,-79.8365
2025-03-07,34,"Candor","Ozone","Montgomery",35.2632,-79.8365
2025-03-08,44,"Candor","Ozone","Montgomery",35.2632,-79.8365
2025-03-09,42,"Candor","Ozone","Montgomery",35.2632,-79.8365
2025-03-10,36,"Candor","Ozone","Montgomery",35.2632,-79.8365
2025-03-11,49,"Candor","Ozone","Montgomery",35.2632,-79.8365
2025-03-12,61,"Candor","Ozone","Montgomery",35.2632,-79.8365
2025-03-13,61,"Candor","Ozone","Montgomery",35.2632,-79.8365
2025-03-14,37,"Candor","Ozone","Montgomery",35.2632,-79.8365
2025-03-15,38,"Candor","Ozone","Montgomery",35.2632,-79.8365
2025-03-16,33,"Candor","Ozone","Montgomery",35.2632,-79.8365
2025-03-17,34,"Candor","Ozone","Montgomery",35.2632,-79.8365
2025-03-18,43,"Candor","Ozone","Montgomery",35.2632,-79.8365
2025-03-19,64,"Candor","Ozone","Montgomery",35.2632,-79.8365
2025-03-20,38,"Candor","Ozone","Montgomery",35.2632,-79.8365
2025-03-21,44,"Candor","Ozone","Montgomery",35.2632,-79.8365
2025-03-22,50,"Candor","Ozone","Montgomery",35.2632,-79.8365
2025-03-23,47,"Candor","Ozone","Montgomery",35.2632,-79.8365
2025-03-24,37,"Candor","Ozone","Montgomery",35.2632,-79.8365
2025-03-25,46,"Candor","Ozone","Montgomery",35.2632,-79.8365
2025-03-26,47,"Candor","Ozone","Montgomery",35.2632,-79.8365
2025-03-27,48,"Candor","Ozone","Montgomery",35.2632,-79.8365
2025-03-28,54,"Candor","Ozone","Montgomery",35.2632,-79.8365
2025-03-29,42,"Candor","Ozone","Montgomery",35.2632,-79.8365
2025-03-30,37,"Candor","Ozone","Montgomery",35.2632,-79.8365
2025-03-31,29,"Candor","Ozone","Montgomery",35.2632,-79.8365
2025-04-01,34,"Candor","Ozone","Montgomery",35.2632,-79.8365
2025-04-02,39,"Candor","Ozone","Montgomery",35.2632,-79.8365
2025-04-03,31,"Candor","Ozone","Montgomery",35.2632,-79.8365
2025-04-04,32,"Candor","Ozone","Montgomery",35.2632,-79.8365
2025-04-05,35,"Candor","Ozone","Montgomery",35.2632,-79.8365
2025-04-06,34,"Candor","Ozone","Montgomery",35.2632,-79.8365
2025-04-07,31,"Candor","Ozone","Montgomery",35.2632,-79.8365
2025-04-08,46,"Candor","Ozone","Montgomery",35.2632,-79.8365
2025-04-09,44,"Candor","Ozone","Montgomery",35.2632,-79.8365
2025-04-10,46,"Candor","Ozone","Montgomery",35.2632,-79.8365
2025-04-11,44,"Candor","Ozone","Montgomery",35.2632,-79.8365
2025-04-12,38,"Candor","Ozone","Montgomery",35.2632,-79.8365
2025-04-13,46,"Candor","Ozone","Montgomery",35.2632,-79.8365
2025-04-14,51,"Candor","Ozone","Montgomery",35.2632,-79.8365
2025-04-15,47,"Candor","Ozone","Montgomery",35.2632,-79.8365
2025-04-16,47,"Candor","Ozone","Montgomery",35.2632,-79.8365
2025-04-17,50,"Candor","Ozone","Montgomery",35.2632,-79.8365
2025-04-18,58,"Candor","Ozone","Montgomery",35.2632,-79.8365
2025-04-19,43,"Candor","Ozone","Montgomery",35.2632,-79.8365
2025-04-20,35,"Candor","Ozone","Montgomery",35.2632,-79.8365
2025-04-21,44,"Candor","Ozone","Montgomery",35.2632,-79.8365
2025-04-22,41,"Candor","Ozone","Montgomery",35.2632,-79.8365
2025-04-23,43,"Candor","Ozone","Montgomery",35.2632,-79.8365
2025-04-24,34,"Candor","Ozone","Montgomery",35.2632,-79.8365
2025-04-25,31,"Candor","Ozone","Montgomery",35.2632,-79.8365
2025-04-26,37,"Candor","Ozone","Montgomery",35.2632,-79.8365
2025-04-27,44,"Candor","Ozone","Montgomery",35.2632,-79.8365
2025-04-28,49,"Candor","Ozone","Montgomery",35.2632,-79.8365
2025-04-29,45,"Candor","Ozone","Montgomery",35.2632,-79.8365
2025-04-30,38,"Candor","Ozone","Montgomery",35.2632,-79.8365
2025-05-01,40,"Candor","Ozone","Montgomery",35.2632,-79.8365
2025-05-02,43,"Candor","Ozone","Montgomery",35.2632,-79.8365
2025-05-03,35,"Candor","Ozone","Montgomery",35.2632,-79.8365
2025-05-04,35,"Candor","Ozone","Montgomery",35.2632,-79.8365
2025-05-05,40,"Candor","Ozone","Montgomery",35.2632,-79.8365
2025-05-06,44,"Candor","Ozone","Montgomery",35.2632,-79.8365
2025-05-07,37,"Candor","Ozone","Montgomery",35.2632,-79.8365
2025-05-08,38,"Candor","Ozone","Montgomery",35.2632,-79.8365
2025-05-09,44,"Candor","Ozone","Montgomery",35.2632,-79.8365
2025-05-10,34,"Candor","Ozone","Montgomery",35.2632,-79.8365
2025-05-11,33,"Candor","Ozone","Montgomery",35.2632,-79.8365
2025-05-13,28,"Candor","Ozone","Montgomery",35.2632,-79.8365
2025-05-14,32,"Candor","Ozone","Montgomery",35.2632,-79.8365
2025-05-15,36,"Candor","Ozone","Montgomery",35.2632,-79.8365
2025-05-16,29,"Candor","Ozone","Montgomery",35.2632,-79.8365
2025-05-17,36,"Candor","Ozone","Montgomery",35.2632,-79.8365
2025-05-18,43,"Candor","Ozone","Montgomery",35.2632,-79.8365
2025-05-19,38,"Candor","Ozone","Montgomery",35.2632,-79.8365
2025-05-20,42,"Candor","Ozone","Montgomery",35.2632,-79.8365
2025-05-21,44,"Candor","Ozone","Montgomery",35.2632,-79.8365
2025-05-22,51,"Candor","Ozone","Montgomery",35.2632,-79.8365
2025-05-23,46,"Candor","Ozone","Montgomery",35.2632,-79.8365
2025-05-24,41,"Candor","Ozone","Montgomery",35.2632,-79.8365
2025-05-25,33,"Candor","Ozone","Montgomery",35.2632,-79.8365
2025-05-26,32,"Candor","Ozone","Montgomery",35.2632,-79.8365
2025-05-27,21,"Candor","Ozone","Montgomery",35.2632,-79.8365
2025-05-28,25,"Candor","Ozone","Montgomery",35.2632,-79.8365
2025-05-29,27,"Candor","Ozone","Montgomery",35.2632,-79.8365
2025-05-30,30,"Candor","Ozone","Montgomery",35.2632,-79.8365
2025-05-31,43,"Candor","Ozone","Montgomery",35.2632,-79.8365
2025-06-01,37,"Candor","Ozone","Montgomery",35.2632,-79.8365
2025-06-02,44,"Candor","Ozone","Montgomery",35.2632,-79.8365
2025-06-03,48,"Candor","Ozone","Montgomery",35.2632,-79.8365
2025-06-04,45,"Candor","Ozone","Montgomery",35.2632,-79.8365
2025-06-05,21,"Candor","Ozone","Montgomery",35.2632,-79.8365
2025-06-08,27,"Candor","Ozone","Montgomery",35.2632,-79.8365
2025-06-09,36,"Candor","Ozone","Montgomery",35.2632,-79.8365
2025-06-10,24,"Candor","Ozone","Montgomery",35.2632,-79.8365
2025-06-11,39,"Candor","Ozone","Montgomery",35.2632,-79.8365
2025-06-12,27,"Candor","Ozone","Montgomery",35.2632,-79.8365
2025-06-13,21,"Candor","Ozone","Montgomery",35.2632,-79.8365
2025-06-14,20,"Candor","Ozone","Montgomery",35.2632,-79.8365
2025-06-15,19,"Candor","Ozone","Montgomery",35.2632,-79.8365
2025-06-16,25,"Candor","Ozone","Montgomery",35.2632,-79.8365
2025-06-17,25,"Candor","Ozone","Montgomery",35.2632,-79.8365
2025-06-18,24,"Candor","Ozone","Montgomery",35.2632,-79.8365
2025-06-19,26,"Candor","Ozone","Montgomery",35.2632,-79.8365
2025-06-20,41,"Candor","Ozone","Montgomery",35.2632,-79.8365
2025-06-21,44,"Candor","Ozone","Montgomery",35.2632,-79.8365
2025-06-22,42,"Candor","Ozone","Montgomery",35.2632,-79.8365
2025-06-23,44,"Candor","Ozone","Montgomery",35.2632,-79.8365
2025-06-24,41,"Candor","Ozone","Montgomery",35.2632,-79.8365
2025-06-25,39,"Candor","Ozone","Montgomery",35.2632,-79.8365
2025-06-26,48,"Candor","Ozone","Montgomery",35.2632,-79.8365
2025-06-28,31,"Candor","Ozone","Montgomery",35.2632,-79.8365
2025-06-29,37,"Candor","Ozone","Montgomery",35.2632,-79.8365
2025-06-30,31,"Candor","Ozone","Montgomery",35.2632,-79.8365
2025-07-01,31,"Candor","Ozone","Montgomery",35.2632,-79.8365
2025-07-02,25,"Candor","Ozone","Montgomery",35.2632,-79.8365
2025-07-03,45,"Candor","Ozone","Montgomery",35.2632,-79.8365
2025-07-04,41,"Candor","Ozone","Montgomery",35.2632,-79.8365
2025-07-05,47,"Candor","Ozone","Montgomery",35.2632,-79.8365
2025-07-06,19,"Candor","Ozone","Montgomery",35.2632,-79.8365
2025-07-07,33,"Candor","Ozone","Montgomery",35.2632,-79.8365
2025-07-08,32,"Candor","Ozone","Montgomery",35.2632,-79.8365
2025-07-09,33,"Candor","Ozone","Montgomery",35.2632,-79.8365
2025-07-10,26,"Candor","Ozone","Montgomery",35.2632,-79.8365
2025-07-11,23,"Candor","Ozone","Montgomery",35.2632,-79.8365
2025-07-12,31,"Candor","Ozone","Montgomery",35.2632,-79.8365
2025-07-13,37,"Candor","Ozone","Montgomery",35.2632,-79.8365
2025-07-14,32,"Candor","Ozone","Montgomery",35.2632,-79.8365
2025-07-15,28,"Candor","Ozone","Montgomery",35.2632,-79.8365
2025-07-16,30,"Candor","Ozone","Montgomery",35.2632,-79.8365
2025-07-17,27,"Candor","Ozone","Montgomery",35.2632,-79.8365
2025-07-18,30,"Candor","Ozone","Montgomery",35.2632,-79.8365
2025-07-19,33,"Candor","Ozone","Montgomery",35.2632,-79.8365
2025-07-20,37,"Candor","Ozone","Montgomery",35.2632,-79.8365
2025-07-21,34,"Candor","Ozone","Montgomery",35.2632,-79.8365
2025-07-22,39,"Candor","Ozone","Montgomery",35.2632,-79.8365
2025-07-23,48,"Candor","Ozone","Montgomery",35.2632,-79.8365
2025-07-24,34,"Candor","Ozone","Montgomery",35.2632,-79.8365
2025-07-25,44,"Candor","Ozone","Montgomery",35.2632,-79.8365
2025-07-26,43,"Candor","Ozone","Montgomery",35.2632,-79.8365
2025-07-27,40,"Candor","Ozone","Montgomery",35.2632,-79.8365
2025-07-28,40,"Candor","Ozone","Montgomery",35.2632,-79.8365
2025-07-29,34,"Candor","Ozone","Montgomery",35.2632,-79.8365
2025-07-30,37,"Candor","Ozone","Montgomery",35.2632,-79.8365
2025-07-31,35,"Candor","Ozone","Montgomery",35.2632,-79.8365
2025-08-01,29,"Candor","Ozone","Montgomery",35.2632,-79.8365
2025-08-02,28,"Candor","Ozone","Montgomery",35.2632,-79.8365
2025-08-03,34,"Candor","Ozone","Montgomery",35.2632,-79.8365
2025-08-04,41,"Candor","Ozone","Montgomery",35.2632,-79.8365
2025-08-05,29,"Candor","Ozone","Montgomery",35.2632,-79.8365
2025-08-06,27,"Candor","Ozone","Montgomery",35.2632,-79.8365
2025-08-07,30,"Candor","Ozone","Montgomery",35.2632,-79.8365
2025-08-08,26,"Candor","Ozone","Montgomery",35.2632,-79.8365
2025-08-09,32,"Candor","Ozone","Montgomery",35.2632,-79.8365
2025-08-10,23,"Candor","Ozone","Montgomery",35.2632,-79.8365
2025-08-12,15,"Candor","Ozone","Montgomery",35.2632,-79.8365
2025-08-13,18,"Candor","Ozone","Montgomery",35.2632,-79.8365
2025-08-14,19,"Candor","Ozone","Montgomery",35.2632,-79.8365
2025-08-15,42,"Candor","Ozone","Montgomery",35.2632,-79.8365
2025-08-16,31,"Candor","Ozone","Montgomery",35.2632,-79.8365
2025-08-17,31,"Candor","Ozone","Montgomery",35.2632,-79.8365
2025-08-18,37,"Candor","Ozone","Montgomery",35.2632,-79.8365
2025-08-19,28,"Candor","Ozone","Montgomery",35.2632,-79.8365
2025-08-20,26,"Candor","Ozone","Montgomery",35.2632,-79.8365
2025-08-21,30,"Candor","Ozone","Montgomery",35.2632,-79.8365
2025-08-22,26,"Candor","Ozone","Montgomery",35.2632,-79.8365
2025-08-23,29,"Candor","Ozone","Montgomery",35.2632,-79.8365
2025-08-24,30,"Candor","Ozone","Montgomery",35.2632,-79.8365
2025-08-25,36,"Candor","Ozone","Montgomery",35.2632,-79.8365
2025-08-26,35,"Candor","Ozone","Montgomery",35.2632,-79.8365
2025-08-27,40,"Candor","Ozone","Montgomery",35.2632,-79.8365
2025-08-28,40,"Candor","Ozone","Montgomery",35.2632,-79.8365
2025-08-29,43,"Candor","Ozone","Montgomery",35.2632,-79.8365
2025-08-30,39,"Candor","Ozone","Montgomery",35.2632,-79.8365
2025-08-31,36,"Candor","Ozone","Montgomery",35.2632,-79.8365
2025-09-01,34,"Candor","Ozone","Montgomery",35.2632,-79.8365
2025-09-02,36,"Candor","Ozone","Montgomery",35.2632,-79.8365
2025-09-03,43,"Candor","Ozone","Montgomery",35.2632,-79.8365
2025-09-04,39,"Candor","Ozone","Montgomery",35.2632,-79.8365
2025-09-05,39,"Candor","Ozone","Montgomery",35.2632,-79.8365
2025-09-06,31,"Candor","Ozone","Montgomery",35.2632,-79.8365
2025-09-07,20,"Candor","Ozone","Montgomery",35.2632,-79.8365
2025-09-08,37,"Candor","Ozone","Montgomery",35.2632,-79.8365
2025-09-09,38,"Candor","Ozone","Montgomery",35.2632,-79.8365
2025-09-10,34,"Candor","Ozone","Montgomery",35.2632,-79.8365
2025-09-11,33,"Candor","Ozone","Montgomery",35.2632,-79.8365
2025-09-12,43,"Candor","Ozone","Montgomery",35.2632,-79.8365
2025-09-13,40,"Candor","Ozone","Montgomery",35.2632,-79.8365
2025-09-14,36,"Candor","Ozone","Montgomery",35.2632,-79.8365
2025-09-15,44,"Candor","Ozone","Montgomery",35.2632,-79.8365
2025-09-16,43,"Candor","Ozone","Montgomery",35.2632,-79.8365
2025-09-17,44,"Candor","Ozone","Montgomery",35.2632,-79.8365
2025-09-18,39,"Candor","Ozone","Montgomery",35.2632,-79.8365
2025-09-19,46,"Candor","Ozone","Montgomery",35.2632,-79.8365
2025-09-20,49,"Candor","Ozone","Montgomery",35.2632,-79.8365
2025-09-21,42,"Candor","Ozone","Montgomery",35.2632,-79.8365
2025-09-22,41,"Candor","Ozone","Montgomery",35.2632,-79.8365
2025-09-23,41,"Candor","Ozone","Montgomery",35.2632,-79.8365
2025-09-24,40,"Candor","Ozone","Montgomery",35.2632,-79.8365
2025-09-25,28,"Candor","Ozone","Montgomery",35.2632,-79.8365
2025-09-26,20,"Candor","Ozone","Montgomery",35.2632,-79.8365
2025-09-27,25,"Candor","Ozone","Montgomery",35.2632,-79.8365
2025-09-28,29,"Candor","Ozone","Montgomery",35.2632,-79.8365
2025-09-29,26,"Candor","Ozone","Montgomery",35.2632,-79.8365
2025-09-30,36,"Candor","Ozone","Montgomery",35.2632,-79.8365
2025-10-01,36,"Candor","Ozone","Montgomery",35.2632,-79.8365
2025-10-02,30,"Candor","Ozone","Montgomery",35.2632,-79.8365
2025-10-03,29,"Candor","Ozone","Montgomery",35.2632,-79.8365
2025-10-04,30,"Candor","Ozone","Montgomery",35.2632,-79.8365
2025-10-05,30,"Candor","Ozone","Montgomery",35.2632,-79.8365
2025-10-06,26,"Candor","Ozone","Montgomery",35.2632,-79.8365
2025-10-07,25,"Candor","Ozone","Montgomery",35.2632,-79.8365
2025-10-08,29,"Candor","Ozone","Montgomery",35.2632,-79.8365
2025-10-09,37,"Candor","Ozone","Montgomery",35.2632,-79.8365
2025-10-10,32,"Candor","Ozone","Montgomery",35.2632,-79.8365
2025-10-11,27,"Candor","Ozone","Montgomery",35.2632,-79.8365
2025-10-12,27,"Candor","Ozone","Montgomery",35.2632,-79.8365
2025-10-13,30,"Candor","Ozone","Montgomery",35.2632,-79.8365
2025-10-14,31,"Candor","Ozone","Montgomery",35.2632,-79.8365
2025-10-15,39,"Candor","Ozone","Montgomery",35.2632,-79.8365
2025-10-16,37,"Candor","Ozone","Montgomery",35.2632,-79.8365
2025-10-17,38,"Candor","Ozone","Montgomery",35.2632,-79.8365
2025-10-18,39,"Candor","Ozone","Montgomery",35.2632,-79.8365
2025-10-19,35,"Candor","Ozone","Montgomery",35.2632,-79.8365
2025-10-20,35,"Candor","Ozone","Montgomery",35.2632,-79.8365
2025-10-21,41,"Candor","Ozone","Montgomery",35.2632,-79.8365
2025-10-22,41,"Candor","Ozone","Montgomery",35.2632,-79.8365
2025-10-23,40,"Candor","Ozone","Montgomery",35.2632,-79.8365
2025-10-24,39,"Candor","Ozone","Montgomery",35.2632,-79.8365
2025-10-25,31,"Candor","Ozone","Montgomery",35.2632,-79.8365
2025-10-26,32,"Candor","Ozone","Montgomery",35.2632,-79.8365
2025-10-27,31,"Candor","Ozone","Montgomery",35.2632,-79.8365
2025-10-28,26,"Candor","Ozone","Montgomery",35.2632,-79.8365
2025-10-29,13,"Candor","Ozone","Montgomery",35.2632,-79.8365
2025-10-30,21,"Candor","Ozone","Montgomery",35.2632,-79.8365
2025-10-31,35,"Candor","Ozone","Montgomery",35.2632,-79.8365
2025-11-01,35,"Candor","Ozone","Montgomery",35.2632,-79.8365
2025-11-02,32,"Candor","Ozone","Montgomery",35.2632,-79.8365
2025-11-03,36,"Candor","Ozone","Montgomery",35.2632,-79.8365
2025-11-04,35,"Candor","Ozone","Montgomery",35.2632,-79.8365
2025-11-05,41,"Candor","Ozone","Montgomery",35.2632,-79.8365
2025-11-06,44,"Candor","Ozone","Montgomery",35.2632,-79.8365
2025-11-07,36,"Candor","Ozone","Montgomery",35.2632,-79.8365
2025-11-08,31,"Candor","Ozone","Montgomery",35.2632,-79.8365
2025-11-09,31,"Candor","Ozone","Montgomery",35.2632,-79.8365
2025-11-10,29,"Candor","Ozone","Montgomery",35.2632,-79.8365
2025-11-11,31,"Candor","Ozone","Montgomery",35.2632,-79.8365
2025-11-12,37,"Candor","Ozone","Montgomery",35.2632,-79.8365
2025-11-13,42,"Candor","Ozone","Montgomery",35.2632,-79.8365
2025-11-14,39,"Candor","Ozone","Montgomery",35.2632,-79.8365
2025-11-15,38,"Candor","Ozone","Montgomery",35.2632,-79.8365
2025-11-16,38,"Candor","Ozone","Montgomery",35.2632,-79.8365
2025-11-17,40,"Candor","Ozone","Montgomery",35.2632,-79.8365
2025-11-18,41,"Candor","Ozone","Montgomery",35.2632,-79.8365
2025-11-19,44,"Candor","Ozone","Montgomery",35.2632,-79.8365
2025-11-20,31,"Candor","Ozone","Montgomery",35.2632,-79.8365
2025-11-21,23,"Candor","Ozone","Montgomery",35.2632,-79.8365
2025-11-22,29,"Candor","Ozone","Montgomery",35.2632,-79.8365
2025-11-23,32,"Candor","Ozone","Montgomery",35.2632,-79.8365
2025-11-24,37,"Candor","Ozone","Montgomery",35.2632,-79.8365
2025-11-25,34,"Candor","Ozone","Montgomery",35.2632,-79.8365
2025-11-26,35,"Candor","Ozone","Montgomery",35.2632,-79.8365
2025-11-27,34,"Candor","Ozone","Montgomery",35.2632,-79.8365
2025-11-28,33,"Candor","Ozone","Montgomery",35.2632,-79.8365
2025-11-29,33,"Candor","Ozone","Montgomery",35.2632,-79.8365
2025-11-30,26,"Candor","Ozone","Montgomery",35.2632,-79.8365
2025-12-01,26,"Candor","Ozone","Montgomery",35.2632,-79.8365
2025-12-02,16,"Candor","Ozone","Montgomery",35.2632,-79.8365
2025-12-03,31,"Candor","Ozone","Montgomery",35.2632,-79.8365
2025-12-04,17,"Candor","Ozone","Montgomery",35.2632,-79.8365
2025-12-05,13,"Candor","Ozone","Montgomery",35.2632,-79.8365
2025-12-06,7,"Candor","Ozone","Montgomery",35.2632,-79.8365
2025-12-07,9,"Candor","Ozone","Montgomery",35.2632,-79.8365
2025-12-08,22,"Candor","Ozone","Montgomery",35.2632,-79.8365
2025-12-09,23,"Candor","Ozone","Montgomery",35.2632,-79.8365
2025-12-10,28,"Candor","Ozone","Montgomery",35.2632,-79.8365
2025-12-11,29,"Candor","Ozone","Montgomery",35.2632,-79.8365
2025-12-12,26,"Candor","Ozone","Montgomery",35.2632,-79.8365
2025-12-13,32,"Candor","Ozone","Montgomery",35.2632,-79.8365
2025-12-14,36,"Candor","Ozone","Montgomery",35.2632,-79.8365
2025-12-15,31,"Candor","Ozone","Montgomery",35.2632,-79.8365
2025-12-16,32,"Candor","Ozone","Montgomery",35.2632,-79.8365
2025-12-17,34,"Candor","Ozone","Montgomery",35.2632,-79.8365
2025-12-18,29,"Candor","Ozone","Montgomery",35.2632,-79.8365
2025-12-19,38,"Candor","Ozone","Montgomery",35.2632,-79.8365
2025-12-20,32,"Candor","Ozone","Montgomery",35.2632,-79.8365
2025-12-21,35,"Candor","Ozone","Montgomery",35.2632,-79.8365
2025-12-22,37,"Candor","Ozone","Montgomery",35.2632,-79.8365
2025-12-23,35,"Candor","Ozone","Montgomery",35.2632,-79.8365
2025-12-24,35,"Candor","Ozone","Montgomery",35.2632,-79.8365
2025-12-25,33,"Candor","Ozone","Montgomery",35.2632,-79.8365
2025-12-26,28,"Candor","Ozone","Montgomery",35.2632,-79.8365
2025-12-27,31,"Candor","Ozone","Montgomery",35.2632,-79.8365
2025-12-28,24,"Candor","Ozone","Montgomery",35.2632,-79.8365
2025-12-29,32,"Candor","Ozone","Montgomery",35.2632,-79.8365
2025-12-30,30,"Candor","Ozone","Montgomery",35.2632,-79.8365
2025-12-31,34,"Candor","Ozone","Montgomery",35.2632,-79.8365
2025-03-01,51,"Castle Hayne","Ozone","New Hanover",34.364167,-77.838611
2025-03-02,36,"Castle Hayne","Ozone","New Hanover",34.364167,-77.838611
2025-03-03,41,"Castle Hayne","Ozone","New Hanover",34.364167,-77.838611
2025-03-04,42,"Castle Hayne","Ozone","New Hanover",34.364167,-77.838611
2025-03-05,38,"Castle Hayne","Ozone","New Hanover",34.364167,-77.838611
2025-03-06,32,"Castle Hayne","Ozone","New Hanover",34.364167,-77.838611
2025-03-07,38,"Castle Hayne","Ozone","New Hanover",34.364167,-77.838611
2025-03-08,45,"Castle Hayne","Ozone","New Hanover",34.364167,-77.838611
2025-03-09,37,"Castle Hayne","Ozone","New Hanover",34.364167,-77.838611
2025-03-10,38,"Castle Hayne","Ozone","New Hanover",34.364167,-77.838611
2025-03-11,43,"Castle Hayne","Ozone","New Hanover",34.364167,-77.838611
2025-03-12,74,"Castle Hayne","Ozone","New Hanover",34.364167,-77.838611
2025-03-13,64,"Castle Hayne","Ozone","New Hanover",34.364167,-77.838611
2025-03-14,31,"Castle Hayne","Ozone","New Hanover",34.364167,-77.838611
2025-03-15,37,"Castle Hayne","Ozone","New Hanover",34.364167,-77.838611
2025-03-16,34,"Castle Hayne","Ozone","New Hanover",34.364167,-77.838611
2025-03-17,31,"Castle Hayne","Ozone","New Hanover",34.364167,-77.838611
2025-03-18,41,"Castle Hayne","Ozone","New Hanover",34.364167,-77.838611
2025-03-19,58,"Castle Hayne","Ozone","New Hanover",34.364167,-77.838611
2025-03-20,45,"Castle Hayne","Ozone","New Hanover",34.364167,-77.838611
2025-03-21,39,"Castle Hayne","Ozone","New Hanover",34.364167,-77.838611
2025-03-22,49,"Castle Hayne","Ozone","New Hanover",34.364167,-77.838611
2025-03-23,41,"Castle Hayne","Ozone","New Hanover",34.364167,-77.838611
2025-03-25,48,"Castle Hayne","Ozone","New Hanover",34.364167,-77.838611
2025-03-26,45,"Castle Hayne","Ozone","New Hanover",34.364167,-77.838611
2025-03-27,46,"Castle Hayne","Ozone","New Hanover",34.364167,-77.838611
2025-03-28,46,"Castle Hayne","Ozone","New Hanover",34.364167,-77.838611
2025-03-29,42,"Castle Hayne","Ozone","New Hanover",34.364167,-77.838611
2025-03-30,39,"Castle Hayne","Ozone","New Hanover",34.364167,-77.838611
2025-03-31,32,"Castle Hayne","Ozone","New Hanover",34.364167,-77.838611
2025-04-01,32,"Castle Hayne","Ozone","New Hanover",34.364167,-77.838611
2025-04-02,37,"Castle Hayne","Ozone","New Hanover",34.364167,-77.838611
2025-04-03,23,"Castle Hayne","Ozone","New Hanover",34.364167,-77.838611
2025-04-04,27,"Castle Hayne","Ozone","New Hanover",34.364167,-77.838611
2025-04-05,32,"Castle Hayne","Ozone","New Hanover",34.364167,-77.838611
2025-04-06,31,"Castle Hayne","Ozone","New Hanover",34.364167,-77.838611
2025-04-07,33,"Castle Hayne","Ozone","New Hanover",34.364167,-77.838611
2025-04-08,43,"Castle Hayne","Ozone","New Hanover",34.364167,-77.838611
2025-04-09,44,"Castle Hayne","Ozone","New Hanover",34.364167,-77.838611
2025-04-10,46,"Castle Hayne","Ozone","New Hanover",34.364167,-77.838611
2025-04-11,45,"Castle Hayne","Ozone","New Hanover",34.364167,-77.838611
2025-04-12,34,"Castle Hayne","Ozone","New Hanover",34.364167,-77.838611
2025-04-13,41,"Castle Hayne","Ozone","New Hanover",34.364167,-77.838611
2025-04-14,51,"Castle Hayne","Ozone","New Hanover",34.364167,-77.838611
2025-04-15,46,"Castle Hayne","Ozone","New Hanover",34.364167,-77.838611
2025-04-16,45,"Castle Hayne","Ozone","New Hanover",34.364167,-77.838611
2025-04-17,51,"Castle Hayne","Ozone","New Hanover",34.364167,-77.838611
2025-04-18,51,"Castle Hayne","Ozone","New Hanover",34.364167,-77.838611
2025-04-19,44,"Castle Hayne","Ozone","New Hanover",34.364167,-77.838611
2025-04-20,38,"Castle Hayne","Ozone","New Hanover",34.364167,-77.838611
2025-04-21,46,"Castle Hayne","Ozone","New Hanover",34.364167,-77.838611
2025-04-22,44,"Castle Hayne","Ozone","New Hanover",34.364167,-77.838611
2025-04-23,34,"Castle Hayne","Ozone","New Hanover",34.364167,-77.838611
2025-04-24,38,"Castle Hayne","Ozone","New Hanover",34.364167,-77.838611
2025-04-25,44,"Castle Hayne","Ozone","New Hanover",34.364167,-77.838611
2025-04-26,35,"Castle Hayne","Ozone","New Hanover",34.364167,-77.838611
2025-04-27,42,"Castle Hayne","Ozone","New Hanover",34.364167,-77.838611
2025-04-28,49,"Castle Hayne","Ozone","New Hanover",34.364167,-77.838611
2025-04-29,45,"Castle Hayne","Ozone","New Hanover",34.364167,-77.838611
2025-04-30,42,"Castle Hayne","Ozone","New Hanover",34.364167,-77.838611
2025-05-01,43,"Castle Hayne","Ozone","New Hanover",34.364167,-77.838611
2025-05-02,41,"Castle Hayne","Ozone","New Hanover",34.364167,-77.838611
2025-05-03,42,"Castle Hayne","Ozone","New Hanover",34.364167,-77.838611
2025-05-04,40,"Castle Hayne","Ozone","New Hanover",34.364167,-77.838611
2025-05-05,41,"Castle Hayne","Ozone","New Hanover",34.364167,-77.838611
2025-05-06,48,"Castle Hayne","Ozone","New Hanover",34.364167,-77.838611
2025-05-07,48,"Castle Hayne","Ozone","New Hanover",34.364167,-77.838611
2025-05-08,50,"Castle Hayne","Ozone","New Hanover",34.364167,-77.838611
2025-05-09,44,"Castle Hayne","Ozone","New Hanover",34.364167,-77.838611
2025-05-10,41,"Castle Hayne","Ozone","New Hanover",34.364167,-77.838611
2025-05-11,36,"Castle Hayne","Ozone","New Hanover",34.364167,-77.838611
2025-05-12,23,"Castle Hayne","Ozone","New Hanover",34.364167,-77.838611
2025-05-13,32,"Castle Hayne","Ozone","New Hanover",34.364167,-77.838611
2025-05-14,38,"Castle Hayne","Ozone","New Hanover",34.364167,-77.838611
2025-05-15,45,"Castle Hayne","Ozone","New Hanover",34.364167,-77.838611
2025-05-16,38,"Castle Hayne","Ozone","New Hanover",34.364167,-77.838611
2025-05-17,34,"Castle Hayne","Ozone","New Hanover",34.364167,-77.838611
2025-05-18,44,"Castle Hayne","Ozone","New Hanover",34.364167,-77.838611
2025-05-19,42,"Castle Hayne","Ozone","New Hanover",34.364167,-77.838611
2025-05-20,45,"Castle Hayne","Ozone","New Hanover",34.364167,-77.838611
2025-05-21,43,"Castle Hayne","Ozone","New Hanover",34.364167,-77.838611
2025-05-22,50,"Castle Hayne","Ozone","New Hanover",34.364167,-77.838611
2025-05-23,47,"Castle Hayne","Ozone","New Hanover",34.364167,-77.838611
2025-05-24,44,"Castle Hayne","Ozone","New Hanover",34.364167,-77.838611
2025-05-25,43,"Castle Hayne","Ozone","New Hanover",34.364167,-77.838611
2025-05-26,31,"Castle Hayne","Ozone","New Hanover",34.364167,-77.838611
2025-05-27,33,"Castle Hayne","Ozone","New Hanover",34.364167,-77.838611
2025-05-28,26,"Castle Hayne","Ozone","New Hanover",34.364167,-77.838611
2025-05-29,26,"Castle Hayne","Ozone","New Hanover",34.364167,-77.838611
2025-05-30,32,"Castle Hayne","Ozone","New Hanover",34.364167,-77.838611
2025-05-31,44,"Castle Hayne","Ozone","New Hanover",34.364167,-77.838611
2025-06-01,51,"Castle Hayne","Ozone","New Hanover",34.364167,-77.838611
2025-06-02,40,"Castle Hayne","Ozone","New Hanover",34.364167,-77.838611
2025-06-03,49,"Castle Hayne","Ozone","New Hanover",34.364167,-77.838611
2025-06-04,47,"Castle Hayne","Ozone","New Hanover",34.364167,-77.838611
2025-06-05,23,"Castle Hayne","Ozone","New Hanover",34.364167,-77.838611
2025-06-06,27,"Castle Hayne","Ozone","New Hanover",34.364167,-77.838611
2025-06-07,31,"Castle Hayne","Ozone","New Hanover",34.364167,-77.838611
2025-06-08,30,"Castle Hayne","Ozone","New Hanover",34.364167,-77.838611
2025-06-09,36,"Castle Hayne","Ozone","New Hanover",34.364167,-77.838611
2025-06-10,28,"Castle Hayne","Ozone","New Hanover",34.364167,-77.838611
2025-06-11,29,"Castle Hayne","Ozone","New Hanover",34.364167,-77.838611
2025-06-12,24,"Castle Hayne","Ozone","New Hanover",34.364167,-77.838611
2025-06-13,16,"Castle Hayne","Ozone","New Hanover",34.364167,-77.838611
2025-06-14,18,"Castle Hayne","Ozone","New Hanover",34.364167,-77.838611
2025-06-15,24,"Castle Hayne","Ozone","New Hanover",34.364167,-77.838611
2025-06-16,26,"Castle Hayne","Ozone","New Hanover",34.364167,-77.838611
2025-06-17,25,"Castle Hayne","Ozone","New Hanover",34.364167,-77.838611
2025-06-18,28,"Castle Hayne","Ozone","New Hanover",34.364167,-77.838611
2025-06-19,31,"Castle Hayne","Ozone","New Hanover",34.364167,-77.838611
2025-06-20,32,"Castle Hayne","Ozone","New Hanover",34.364167,-77.838611
2025-06-21,30,"Castle Hayne","Ozone","New Hanover",34.364167,-77.838611
2025-06-22,27,"Castle Hayne","Ozone","New Hanover",34.364167,-77.838611
2025-06-23,37,"Castle Hayne","Ozone","New Hanover",34.364167,-77.838611
2025-06-24,44,"Castle Hayne","Ozone","New Hanover",34.364167,-77.838611
2025-06-25,41,"Castle Hayne","Ozone","New Hanover",34.364167,-77.838611
2025-06-26,47,"Castle Hayne","Ozone","New Hanover",34.364167,-77.838611
2025-06-27,37,"Castle Hayne","Ozone","New Hanover",34.364167,-77.838611
2025-06-28,31,"Castle Hayne","Ozone","New Hanover",34.364167,-77.838611
2025-06-29,34,"Castle Hayne","Ozone","New Hanover",34.364167,-77.838611
2025-06-30,30,"Castle Hayne","Ozone","New Hanover",34.364167,-77.838611
2025-07-01,30,"Castle Hayne","Ozone","New Hanover",34.364167,-77.838611
2025-07-02,25,"Castle Hayne","Ozone","New Hanover",34.364167,-77.838611
2025-07-03,31,"Castle Hayne","Ozone","New Hanover",34.364167,-77.838611
2025-07-04,39,"Castle Hayne","Ozone","New Hanover",34.364167,-77.838611
2025-07-05,32,"Castle Hayne","Ozone","New Hanover",34.364167,-77.838611
2025-07-06,30,"Castle Hayne","Ozone","New Hanover",34.364167,-77.838611
2025-07-07,32,"Castle Hayne","Ozone","New Hanover",34.364167,-77.838611
2025-07-08,31,"Castle Hayne","Ozone","New Hanover",34.364167,-77.838611
2025-07-09,20,"Castle Hayne","Ozone","New Hanover",34.364167,-77.838611
2025-07-10,35,"Castle Hayne","Ozone","New Hanover",34.364167,-77.838611
2025-07-11,34,"Castle Hayne","Ozone","New Hanover",34.364167,-77.838611
2025-07-12,34,"Castle Hayne","Ozone","New Hanover",34.364167,-77.838611
2025-07-13,31,"Castle Hayne","Ozone","New Hanover",34.364167,-77.838611
2025-07-14,28,"Castle Hayne","Ozone","New Hanover",34.364167,-77.838611
2025-07-15,31,"Castle Hayne","Ozone","New Hanover",34.364167,-77.838611
2025-07-16,13,"Castle Hayne","Ozone","New Hanover",34.364167,-77.838611
2025-07-17,19,"Castle Hayne","Ozone","New Hanover",34.364167,-77.838611
2025-07-18,24,"Castle Hayne","Ozone","New Hanover",34.364167,-77.838611
2025-07-19,28,"Castle Hayne","Ozone","New Hanover",34.364167,-77.838611
2025-07-20,31,"Castle Hayne","Ozone","New Hanover",34.364167,-77.838611
2025-07-21,31,"Castle Hayne","Ozone","New Hanover",34.364167,-77.838611
2025-07-22,29,"Castle Hayne","Ozone","New Hanover",34.364167,-77.838611
2025-07-23,31,"Castle Hayne","Ozone","New Hanover",34.364167,-77.838611
2025-07-24,25,"Castle Hayne","Ozone","New Hanover",34.364167,-77.838611
2025-07-25,30,"Castle Hayne","Ozone","New Hanover",34.364167,-77.838611
2025-07-26,31,"Castle Hayne","Ozone","New Hanover",34.364167,-77.838611
2025-07-27,31,"Castle Hayne","Ozone","New Hanover",34.364167,-77.838611
2025-07-28,34,"Castle Hayne","Ozone","New Hanover",34.364167,-77.838611
2025-07-29,29,"Castle Hayne","Ozone","New Hanover",34.364167,-77.838611
2025-07-30,23,"Castle Hayne","Ozone","New Hanover",34.364167,-77.838611
2025-07-31,30,"Castle Hayne","Ozone","New Hanover",34.364167,-77.838611
2025-08-01,33,"Castle Hayne","Ozone","New Hanover",34.364167,-77.838611
2025-08-02,26,"Castle Hayne","Ozone","New Hanover",34.364167,-77.838611
2025-08-03,29,"Castle Hayne","Ozone","New Hanover",34.364167,-77.838611
2025-08-04,29,"Castle Hayne","Ozone","New Hanover",34.364167,-77.838611
2025-08-05,27,"Castle Hayne","Ozone","New Hanover",34.364167,-77.838611
2025-08-06,25,"Castle Hayne","Ozone","New Hanover",34.364167,-77.838611
2025-08-07,26,"Castle Hayne","Ozone","New Hanover",34.364167,-77.838611
2025-08-08,23,"Castle Hayne","Ozone","New Hanover",34.364167,-77.838611
2025-08-09,24,"Castle Hayne","Ozone","New Hanover",34.364167,-77.838611
2025-08-10,23,"Castle Hayne","Ozone","New Hanover",34.364167,-77.838611
2025-08-11,15,"Castle Hayne","Ozone","New Hanover",34.364167,-77.838611
2025-08-12,10,"Castle Hayne","Ozone","New Hanover",34.364167,-77.838611
2025-08-13,13,"Castle Hayne","Ozone","New Hanover",34.364167,-77.838611
2025-08-14,21,"Castle Hayne","Ozone","New Hanover",34.364167,-77.838611
2025-08-15,20,"Castle Hayne","Ozone","New Hanover",34.364167,-77.838611
2025-08-16,20,"Castle Hayne","Ozone","New Hanover",34.364167,-77.838611
2025-08-17,32,"Castle Hayne","Ozone","New Hanover",34.364167,-77.838611
2025-08-18,35,"Castle Hayne","Ozone","New Hanover",34.364167,-77.838611
2025-08-19,25,"Castle Hayne","Ozone","New Hanover",34.364167,-77.838611
2025-08-20,16,"Castle Hayne","Ozone","New Hanover",34.364167,-77.838611
2025-08-21,23,"Castle Hayne","Ozone","New Hanover",34.364167,-77.838611
2025-08-22,29,"Castle Hayne","Ozone","New Hanover",34.364167,-77.838611
2025-08-23,32,"Castle Hayne","Ozone","New Hanover",34.364167,-77.838611
2025-08-24,24,"Castle Hayne","Ozone","New Hanover",34.364167,-77.838611
2025-08-25,31,"Castle Hayne","Ozone","New Hanover",34.364167,-77.838611
2025-08-26,35,"Castle Hayne","Ozone","New Hanover",34.364167,-77.838611
2025-08-27,38,"Castle Hayne","Ozone","New Hanover",34.364167,-77.838611
2025-08-28,40,"Castle Hayne","Ozone","New Hanover",34.364167,-77.838611
2025-08-29,45,"Castle Hayne","Ozone","New Hanover",34.364167,-77.838611
2025-08-30,37,"Castle Hayne","Ozone","New Hanover",34.364167,-77.838611
2025-08-31,37,"Castle Hayne","Ozone","New Hanover",34.364167,-77.838611
2025-09-01,31,"Castle Hayne","Ozone","New Hanover",34.364167,-77.838611
2025-09-02,30,"Castle Hayne","Ozone","New Hanover",34.364167,-77.838611
2025-09-03,39,"Castle Hayne","Ozone","New Hanover",34.364167,-77.838611
2025-09-04,44,"Castle Hayne","Ozone","New Hanover",34.364167,-77.838611
2025-09-05,38,"Castle Hayne","Ozone","New Hanover",34.364167,-77.838611
2025-09-06,31,"Castle Hayne","Ozone","New Hanover",34.364167,-77.838611
2025-09-07,27,"Castle Hayne","Ozone","New Hanover",34.364167,-77.838611
2025-09-08,33,"Castle Hayne","Ozone","New Hanover",34.364167,-77.838611
2025-09-09,28,"Castle Hayne","Ozone","New Hanover",34.364167,-77.838611
2025-09-10,19,"Castle Hayne","Ozone","New Hanover",34.364167,-77.838611
2025-09-11,17,"Castle Hayne","Ozone","New Hanover",34.364167,-77.838611
2025-09-12,43,"Castle Hayne","Ozone","New Hanover",34.364167,-77.838611
2025-09-13,31,"Castle Hayne","Ozone","New Hanover",34.364167,-77.838611
2025-09-14,36,"Castle Hayne","Ozone","New Hanover",34.364167,-77.838611
2025-09-15,36,"Castle Hayne","Ozone","New Hanover",34.364167,-77.838611
2025-09-16,31,"Castle Hayne","Ozone","New Hanover",34.364167,-77.838611
2025-09-17,39,"Castle Hayne","Ozone","New Hanover",34.364167,-77.838611
2025-09-18,33,"Castle Hayne","Ozone","New Hanover",34.364167,-77.838611
2025-09-19,42,"Castle Hayne","Ozone","New Hanover",34.364167,-77.838611
2025-09-20,39,"Castle Hayne","Ozone","New Hanover",34.364167,-77.838611
2025-09-21,40,"Castle Hayne","Ozone","New Hanover",34.364167,-77.838611
2025-09-22,23,"Castle Hayne","Ozone","New Hanover",34.364167,-77.838611
2025-09-23,29,"Castle Hayne","Ozone","New Hanover",34.364167,-77.838611
2025-09-24,26,"Castle Hayne","Ozone","New Hanover",34.364167,-77.838611
2025-09-25,31,"Castle Hayne","Ozone","New Hanover",34.364167,-77.838611
2025-09-26,27,"Castle Hayne","Ozone","New Hanover",34.364167,-77.838611
2025-09-27,14,"Castle Hayne","Ozone","New Hanover",34.364167,-77.838611
2025-09-28,21,"Castle Hayne","Ozone","New Hanover",34.364167,-77.838611
2025-09-29,18,"Castle Hayne","Ozone","New Hanover",34.364167,-77.838611
2025-09-30,28,"Castle Hayne","Ozone","New Hanover",34.364167,-77.838611
2025-10-01,31,"Castle Hayne","Ozone","New Hanover",34.364167,-77.838611
2025-10-02,25,"Castle Hayne","Ozone","New Hanover",34.364167,-77.838611
2025-10-03,27,"Castle Hayne","Ozone","New Hanover",34.364167,-77.838611
2025-10-04,28,"Castle Hayne","Ozone","New Hanover",34.364167,-77.838611
2025-10-05,34,"Castle Hayne","Ozone","New Hanover",34.364167,-77.838611
2025-10-06,31,"Castle Hayne","Ozone","New Hanover",34.364167,-77.838611
2025-10-07,31,"Castle Hayne","Ozone","New Hanover",34.364167,-77.838611
2025-10-08,25,"Castle Hayne","Ozone","New Hanover",34.364167,-77.838611
2025-10-09,31,"Castle Hayne","Ozone","New Hanover",34.364167,-77.838611
2025-10-10,31,"Castle Hayne","Ozone","New Hanover",34.364167,-77.838611
2025-10-11,30,"Castle Hayne","Ozone","New Hanover",34.364167,-77.838611
2025-10-12,28,"Castle Hayne","Ozone","New Hanover",34.364167,-77.838611
2025-10-13,19,"Castle Hayne","Ozone","New Hanover",34.364167,-77.838611
2025-10-14,19,"Castle Hayne","Ozone","New Hanover",34.364167,-77.838611
2025-10-15,19,"Castle Hayne","Ozone","New Hanover",34.364167,-77.838611
2025-10-16,34,"Castle Hayne","Ozone","New Hanover",34.364167,-77.838611
2025-10-17,35,"Castle Hayne","Ozone","New Hanover",34.364167,-77.838611
2025-10-18,42,"Castle Hayne","Ozone","New Hanover",34.364167,-77.838611
2025-10-19,39,"Castle Hayne","Ozone","New Hanover",34.364167,-77.838611
2025-10-20,31,"Castle Hayne","Ozone","New Hanover",34.364167,-77.838611
2025-10-21,38,"Castle Hayne","Ozone","New Hanover",34.364167,-77.838611
2025-10-22,38,"Castle Hayne","Ozone","New Hanover",34.364167,-77.838611
2025-10-23,34,"Castle Hayne","Ozone","New Hanover",34.364167,-77.838611
2025-10-24,33,"Castle Hayne","Ozone","New Hanover",34.364167,-77.838611
2025-10-25,31,"Castle Hayne","Ozone","New Hanover",34.364167,-77.838611
2025-10-26,25,"Castle Hayne","Ozone","New Hanover",34.364167,-77.838611
2025-10-27,31,"Castle Hayne","Ozone","New Hanover",34.364167,-77.838611
2025-10-28,24,"Castle Hayne","Ozone","New Hanover",34.364167,-77.838611
2025-10-29,18,"Castle Hayne","Ozone","New Hanover",34.364167,-77.838611
2025-10-30,27,"Castle Hayne","Ozone","New Hanover",34.364167,-77.838611
2025-10-31,31,"Castle Hayne","Ozone","New Hanover",34.364167,-77.838611
2025-11-01,32,"Castle Hayne","Ozone","New Hanover",34.364167,-77.838611
2025-11-02,35,"Castle Hayne","Ozone","New Hanover",34.364167,-77.838611
2025-03-07,38,"Bushy Fork","Ozone","Person",36.306965,-79.09197
2025-03-08,43,"Bushy Fork","Ozone","Person",36.306965,-79.09197
2025-03-09,44,"Bushy Fork","Ozone","Person",36.306965,-79.09197
2025-03-11,51,"Bushy Fork","Ozone","Person",36.306965,-79.09197
2025-03-12,74,"Bushy Fork","Ozone","Person",36.306965,-79.09197
2025-03-13,44,"Bushy Fork","Ozone","Person",36.306965,-79.09197
2025-03-14,37,"Bushy Fork","Ozone","Person",36.306965,-79.09197
2025-03-15,34,"Bushy Fork","Ozone","Person",36.306965,-79.09197
2025-03-16,35,"Bushy Fork","Ozone","Person",36.306965,-79.09197
2025-03-17,31,"Bushy Fork","Ozone","Person",36.306965,-79.09197
2025-03-18,42,"Bushy Fork","Ozone","Person",36.306965,-79.09197
2025-03-19,67,"Bushy Fork","Ozone","Person",36.306965,-79.09197
2025-03-20,42,"Bushy Fork","Ozone","Person",36.306965,-79.09197
2025-03-21,43,"Bushy Fork","Ozone","Person",36.306965,-79.09197
2025-03-22,48,"Bushy Fork","Ozone","Person",36.306965,-79.09197
2025-03-23,47,"Bushy Fork","Ozone","Person",36.306965,-79.09197
2025-03-24,41,"Bushy Fork","Ozone","Person",36.306965,-79.09197
2025-03-25,46,"Bushy Fork","Ozone","Person",36.306965,-79.09197
2025-03-26,46,"Bushy Fork","Ozone","Person",36.306965,-79.09197
2025-03-27,49,"Bushy Fork","Ozone","Person",36.306965,-79.09197
2025-03-28,64,"Bushy Fork","Ozone","Person",36.306965,-79.09197
2025-03-29,43,"Bushy Fork","Ozone","Person",36.306965,-79.09197
2025-03-30,39,"Bushy Fork","Ozone","Person",36.306965,-79.09197
2025-03-31,31,"Bushy Fork","Ozone","Person",36.306965,-79.09197
2025-04-01,31,"Bushy Fork","Ozone","Person",36.306965,-79.09197
2025-04-02,36,"Bushy Fork","Ozone","Person",36.306965,-79.09197
2025-04-03,28,"Bushy Fork","Ozone","Person",36.306965,-79.09197
2025-04-04,37,"Bushy Fork","Ozone","Person",36.306965,-79.09197
2025-04-05,34,"Bushy Fork","Ozone","Person",36.306965,-79.09197
2025-04-06,44,"Bushy Fork","Ozone","Person",36.306965,-79.09197
2025-04-07,27,"Bushy Fork","Ozone","Person",36.306965,-79.09197
2025-04-08,46,"Bushy Fork","Ozone","Person",36.306965,-79.09197
2025-04-09,45,"Bushy Fork","Ozone","Person",36.306965,-79.09197
2025-04-10,44,"Bushy Fork","Ozone","Person",36.306965,-79.09197
2025-04-11,30,"Bushy Fork","Ozone","Person",36.306965,-79.09197
2025-04-12,37,"Bushy Fork","Ozone","Person",36.306965,-79.09197
2025-04-13,44,"Bushy Fork","Ozone","Person",36.306965,-79.09197
2025-04-14,64,"Bushy Fork","Ozone","Person",36.306965,-79.09197
2025-04-15,44,"Bushy Fork","Ozone","Person",36.306965,-79.09197
2025-04-16,44,"Bushy Fork","Ozone","Person",36.306965,-79.09197
2025-04-17,48,"Bushy Fork","Ozone","Person",36.306965,-79.09197
2025-04-18,61,"Bushy Fork","Ozone","Person",36.306965,-79.09197
2025-04-19,42,"Bushy Fork","Ozone","Person",36.306965,-79.09197
2025-04-20,41,"Bushy Fork","Ozone","Person",36.306965,-79.09197
2025-04-21,44,"Bushy Fork","Ozone","Person",36.306965,-79.09197
2025-04-22,40,"Bushy Fork","Ozone","Person",36.306965,-79.09197
2025-04-23,51,"Bushy Fork","Ozone","Person",36.306965,-79.09197
2025-04-24,51,"Bushy Fork","Ozone","Person",36.306965,-79.09197
2025-04-25,36,"Bushy Fork","Ozone","Person",36.306965,-79.09197
2025-04-26,39,"Bushy Fork","Ozone","Person",36.306965,-79.09197
2025-04-27,45,"Bushy Fork","Ozone","Person",36.306965,-79.09197
2025-04-28,50,"Bushy Fork","Ozone","Person",36.306965,-79.09197
2025-04-29,47,"Bushy Fork","Ozone","Person",36.306965,-79.09197
2025-04-30,45,"Bushy Fork","Ozone","Person",36.306965,-79.09197
2025-05-01,43,"Bushy Fork","Ozone","Person",36.306965,-79.09197
2025-05-02,46,"Bushy Fork","Ozone","Person",36.306965,-79.09197
2025-05-03,37,"Bushy Fork","Ozone","Person",36.306965,-79.09197
2025-05-04,37,"Bushy Fork","Ozone","Person",36.306965,-79.09197
2025-05-05,38,"Bushy Fork","Ozone","Person",36.306965,-79.09197
2025-05-06,46,"Bushy Fork","Ozone","Person",36.306965,-79.09197
2025-05-07,44,"Bushy Fork","Ozone","Person",36.306965,-79.09197
2025-05-08,46,"Bushy Fork","Ozone","Person",36.306965,-79.09197
2025-05-09,43,"Bushy Fork","Ozone","Person",36.306965,-79.09197
2025-05-10,44,"Bushy Fork","Ozone","Person",36.306965,-79.09197
2025-05-11,32,"Bushy Fork","Ozone","Person",36.306965,-79.09197
2025-05-12,25,"Bushy Fork","Ozone","Person",36.306965,-79.09197
2025-05-13,30,"Bushy Fork","Ozone","Person",36.306965,-79.09197
2025-05-14,31,"Bushy Fork","Ozone","Person",36.306965,-79.09197
2025-05-15,34,"Bushy Fork","Ozone","Person",36.306965,-79.09197
2025-05-16,33,"Bushy Fork","Ozone","Person",36.306965,-79.09197
2025-05-17,45,"Bushy Fork","Ozone","Person",36.306965,-79.09197
2025-05-18,40,"Bushy Fork","Ozone","Person",36.306965,-79.09197
2025-05-19,42,"Bushy Fork","Ozone","Person",36.306965,-79.09197
2025-05-20,42,"Bushy Fork","Ozone","Person",36.306965,-79.09197
2025-05-21,25,"Bushy Fork","Ozone","Person",36.306965,-79.09197
2025-05-22,44,"Bushy Fork","Ozone","Person",36.306965,-79.09197
2025-05-23,37,"Bushy Fork","Ozone","Person",36.306965,-79.09197
2025-05-24,43,"Bushy Fork","Ozone","Person",36.306965,-79.09197
2025-05-25,36,"Bushy Fork","Ozone","Person",36.306965,-79.09197
2025-05-26,27,"Bushy Fork","Ozone","Person",36.306965,-79.09197
2025-05-27,31,"Bushy Fork","Ozone","Person",36.306965,-79.09197
2025-05-28,19,"Bushy Fork","Ozone","Person",36.306965,-79.09197
2025-05-30,38,"Bushy Fork","Ozone","Person",36.306965,-79.09197
2025-05-31,42,"Bushy Fork","Ozone","Person",36.306965,-79.09197
2025-06-01,44,"Bushy Fork","Ozone","Person",36.306965,-79.09197
2025-06-02,45,"Bushy Fork","Ozone","Person",36.306965,-79.09197
2025-06-03,58,"Bushy Fork","Ozone","Person",36.306965,-79.09197
2025-06-04,47,"Bushy Fork","Ozone","Person",36.306965,-79.09197
2025-06-05,23,"Bushy Fork","Ozone","Person",36.306965,-79.09197
2025-06-06,40,"Bushy Fork","Ozone","Person",36.306965,-79.09197
2025-06-07,33,"Bushy Fork","Ozone","Person",36.306965,-79.09197
2025-06-08,32,"Bushy Fork","Ozone","Person",36.306965,-79.09197
2025-06-09,42,"Bushy Fork","Ozone","Person",36.306965,-79.09197
2025-06-10,36,"Bushy Fork","Ozone","Person",36.306965,-79.09197
2025-06-11,48,"Bushy Fork","Ozone","Person",36.306965,-79.09197
2025-06-12,50,"Bushy Fork","Ozone","Person",36.306965,-79.09197
2025-06-13,28,"Bushy Fork","Ozone","Person",36.306965,-79.09197
2025-06-14,31,"Bushy Fork","Ozone","Person",36.306965,-79.09197
2025-06-15,25,"Bushy Fork","Ozone","Person",36.306965,-79.09197
2025-06-16,25,"Bushy Fork","Ozone","Person",36.306965,-79.09197
2025-06-17,34,"Bushy Fork","Ozone","Person",36.306965,-79.09197
2025-06-18,38,"Bushy Fork","Ozone","Person",36.306965,-79.09197
2025-06-19,32,"Bushy Fork","Ozone","Person",36.306965,-79.09197
2025-06-20,47,"Bushy Fork","Ozone","Person",36.306965,-79.09197
2025-06-21,44,"Bushy Fork","Ozone","Person",36.306965,-79.09197
2025-06-22,44,"Bushy Fork","Ozone","Person",36.306965,-79.09197
2025-06-23,49,"Bushy Fork","Ozone","Person",36.306965,-79.09197
2025-06-24,41,"Bushy Fork","Ozone","Person",36.306965,-79.09197
2025-06-25,30,"Bushy Fork","Ozone","Person",36.306965,-79.09197
2025-06-26,42,"Bushy Fork","Ozone","Person",36.306965,-79.09197
2025-06-27,41,"Bushy Fork","Ozone","Person",36.306965,-79.09197
2025-06-28,35,"Bushy Fork","Ozone","Person",36.306965,-79.09197
2025-06-29,42,"Bushy Fork","Ozone","Person",36.306965,-79.09197
2025-06-30,32,"Bushy Fork","Ozone","Person",36.306965,-79.09197
2025-07-01,34,"Bushy Fork","Ozone","Person",36.306965,-79.09197
2025-07-02,25,"Bushy Fork","Ozone","Person",36.306965,-79.09197
2025-07-03,42,"Bushy Fork","Ozone","Person",36.306965,-79.09197
2025-07-04,45,"Bushy Fork","Ozone","Person",36.306965,-79.09197
2025-07-05,45,"Bushy Fork","Ozone","Person",36.306965,-79.09197
2025-07-06,20,"Bushy Fork","Ozone","Person",36.306965,-79.09197
2025-07-07,38,"Bushy Fork","Ozone","Person",36.306965,-79.09197
2025-07-08,40,"Bushy Fork","Ozone","Person",36.306965,-79.09197
2025-07-09,38,"Bushy Fork","Ozone","Person",36.306965,-79.09197
2025-07-10,34,"Bushy Fork","Ozone","Person",36.306965,-79.09197
2025-07-11,33,"Bushy Fork","Ozone","Person",36.306965,-79.09197
2025-07-12,44,"Bushy Fork","Ozone","Person",36.306965,-79.09197
2025-07-13,32,"Bushy Fork","Ozone","Person",36.306965,-79.09197
2025-07-14,29,"Bushy Fork","Ozone","Person",36.306965,-79.09197
2025-07-15,28,"Bushy Fork","Ozone","Person",36.306965,-79.09197
2025-07-16,31,"Bushy Fork","Ozone","Person",36.306965,-79.09197
2025-07-17,31,"Bushy Fork","Ozone","Person",36.306965,-79.09197
2025-07-18,36,"Bushy Fork","Ozone","Person",36.306965,-79.09197
2025-07-19,31,"Bushy Fork","Ozone","Person",36.306965,-79.09197
2025-07-20,29,"Bushy Fork","Ozone","Person",36.306965,-79.09197
2025-07-21,29,"Bushy Fork","Ozone","Person",36.306965,-79.09197
2025-07-22,41,"Bushy Fork","Ozone","Person",36.306965,-79.09197
2025-07-23,40,"Bushy Fork","Ozone","Person",36.306965,-79.09197
2025-07-24,31,"Bushy Fork","Ozone","Person",36.306965,-79.09197
2025-07-25,44,"Bushy Fork","Ozone","Person",36.306965,-79.09197
2025-07-26,49,"Bushy Fork","Ozone","Person",36.306965,-79.09197
2025-07-27,26,"Bushy Fork","Ozone","Person",36.306965,-79.09197
2025-07-28,47,"Bushy Fork","Ozone","Person",36.306965,-79.09197
2025-07-29,32,"Bushy Fork","Ozone","Person",36.306965,-79.09197
2025-07-30,36,"Bushy Fork","Ozone","Person",36.306965,-79.09197
2025-07-31,41,"Bushy Fork","Ozone","Person",36.306965,-79.09197
2025-08-01,28,"Bushy Fork","Ozone","Person",36.306965,-79.09197
2025-08-02,30,"Bushy Fork","Ozone","Person",36.306965,-79.09197
2025-08-03,34,"Bushy Fork","Ozone","Person",36.306965,-79.09197
2025-08-04,37,"Bushy Fork","Ozone","Person",36.306965,-79.09197
2025-08-05,28,"Bushy Fork","Ozone","Person",36.306965,-79.09197
2025-08-06,27,"Bushy Fork","Ozone","Person",36.306965,-79.09197
2025-08-07,28,"Bushy Fork","Ozone","Person",36.306965,-79.09197
2025-08-08,34,"Bushy Fork","Ozone","Person",36.306965,-79.09197
2025-08-09,31,"Bushy Fork","Ozone","Person",36.306965,-79.09197
2025-08-10,30,"Bushy Fork","Ozone","Person",36.306965,-79.09197
2025-08-11,21,"Bushy Fork","Ozone","Person",36.306965,-79.09197
2025-08-12,19,"Bushy Fork","Ozone","Person",36.306965,-79.09197
2025-08-13,25,"Bushy Fork","Ozone","Person",36.306965,-79.09197
2025-08-14,27,"Bushy Fork","Ozone","Person",36.306965,-79.09197
2025-08-15,45,"Bushy Fork","Ozone","Person",36.306965,-79.09197
2025-08-16,29,"Bushy Fork","Ozone","Person",36.306965,-79.09197
2025-08-17,34,"Bushy Fork","Ozone","Person",36.306965,-79.09197
2025-08-18,37,"Bushy Fork","Ozone","Person",36.306965,-79.09197
2025-08-19,23,"Bushy Fork","Ozone","Person",36.306965,-79.09197
2025-08-20,24,"Bushy Fork","Ozone","Person",36.306965,-79.09197
2025-08-21,24,"Bushy Fork","Ozone","Person",36.306965,-79.09197
2025-08-22,26,"Bushy Fork","Ozone","Person",36.306965,-79.09197
2025-08-23,35,"Bushy Fork","Ozone","Person",36.306965,-79.09197
2025-08-24,28,"Bushy Fork","Ozone","Person",36.306965,-79.09197
2025-08-25,34,"Bushy Fork","Ozone","Person",36.306965,-79.09197
2025-08-26,36,"Bushy Fork","Ozone","Person",36.306965,-79.09197
2025-08-27,38,"Bushy Fork","Ozone","Person",36.306965,-79.09197
2025-08-28,42,"Bushy Fork","Ozone","Person",36.306965,-79.09197
2025-08-29,40,"Bushy Fork","Ozone","Person",36.306965,-79.09197
2025-08-30,35,"Bushy Fork","Ozone","Person",36.306965,-79.09197
2025-08-31,36,"Bushy Fork","Ozone","Person",36.306965,-79.09197
2025-09-01,34,"Bushy Fork","Ozone","Person",36.306965,-79.09197
2025-09-02,35,"Bushy Fork","Ozone","Person",36.306965,-79.09197
2025-09-03,42,"Bushy Fork","Ozone","Person",36.306965,-79.09197
2025-09-04,41,"Bushy Fork","Ozone","Person",36.306965,-79.09197
2025-09-05,42,"Bushy Fork","Ozone","Person",36.306965,-79.09197
2025-09-06,36,"Bushy Fork","Ozone","Person",36.306965,-79.09197
2025-09-07,19,"Bushy Fork","Ozone","Person",36.306965,-79.09197
2025-09-08,35,"Bushy Fork","Ozone","Person",36.306965,-79.09197
2025-09-09,35,"Bushy Fork","Ozone","Person",36.306965,-79.09197
2025-09-10,29,"Bushy Fork","Ozone","Person",36.306965,-79.09197
2025-09-11,33,"Bushy Fork","Ozone","Person",36.306965,-79.09197
2025-09-12,44,"Bushy Fork","Ozone","Person",36.306965,-79.09197
2025-09-13,40,"Bushy Fork","Ozone","Person",36.306965,-79.09197
2025-09-14,39,"Bushy Fork","Ozone","Person",36.306965,-79.09197
2025-09-15,42,"Bushy Fork","Ozone","Person",36.306965,-79.09197
2025-09-16,37,"Bushy Fork","Ozone","Person",36.306965,-79.09197
2025-09-17,25,"Bushy Fork","Ozone","Person",36.306965,-79.09197
2025-09-18,32,"Bushy Fork","Ozone","Person",36.306965,-79.09197
2025-09-19,51,"Bushy Fork","Ozone","Person",36.306965,-79.09197
2025-09-20,42,"Bushy Fork","Ozone","Person",36.306965,-79.09197
2025-09-21,42,"Bushy Fork","Ozone","Person",36.306965,-79.09197
2025-09-22,37,"Bushy Fork","Ozone","Person",36.306965,-79.09197
2025-09-23,44,"Bushy Fork","Ozone","Person",36.306965,-79.09197
2025-09-24,45,"Bushy Fork","Ozone","Person",36.306965,-79.09197
2025-09-25,31,"Bushy Fork","Ozone","Person",36.306965,-79.09197
2025-09-26,27,"Bushy Fork","Ozone","Person",36.306965,-79.09197
2025-09-27,30,"Bushy Fork","Ozone","Person",36.306965,-79.09197
2025-09-28,35,"Bushy Fork","Ozone","Person",36.306965,-79.09197
2025-09-29,29,"Bushy Fork","Ozone","Person",36.306965,-79.09197
2025-09-30,33,"Bushy Fork","Ozone","Person",36.306965,-79.09197
2025-10-01,31,"Bushy Fork","Ozone","Person",36.306965,-79.09197
2025-10-02,29,"Bushy Fork","Ozone","Person",36.306965,-79.09197
2025-10-03,29,"Bushy Fork","Ozone","Person",36.306965,-79.09197
2025-10-04,31,"Bushy Fork","Ozone","Person",36.306965,-79.09197
2025-10-05,31,"Bushy Fork","Ozone","Person",36.306965,-79.09197
2025-10-06,35,"Bushy Fork","Ozone","Person",36.306965,-79.09197
2025-10-07,32,"Bushy Fork","Ozone","Person",36.306965,-79.09197
2025-10-08,32,"Bushy Fork","Ozone","Person",36.306965,-79.09197
2025-10-09,35,"Bushy Fork","Ozone","Person",36.306965,-79.09197
2025-10-10,33,"Bushy Fork","Ozone","Person",36.306965,-79.09197
2025-10-11,26,"Bushy Fork","Ozone","Person",36.306965,-79.09197
2025-10-12,25,"Bushy Fork","Ozone","Person",36.306965,-79.09197
2025-10-13,27,"Bushy Fork","Ozone","Person",36.306965,-79.09197
2025-10-14,25,"Bushy Fork","Ozone","Person",36.306965,-79.09197
2025-10-15,37,"Bushy Fork","Ozone","Person",36.306965,-79.09197
2025-10-16,33,"Bushy Fork","Ozone","Person",36.306965,-79.09197
2025-10-17,36,"Bushy Fork","Ozone","Person",36.306965,-79.09197
2025-10-18,44,"Bushy Fork","Ozone","Person",36.306965,-79.09197
2025-10-19,39,"Bushy Fork","Ozone","Person",36.306965,-79.09197
2025-10-20,32,"Bushy Fork","Ozone","Person",36.306965,-79.09197
2025-10-21,44,"Bushy Fork","Ozone","Person",36.306965,-79.09197
2025-10-22,37,"Bushy Fork","Ozone","Person",36.306965,-79.09197
2025-10-23,36,"Bushy Fork","Ozone","Person",36.306965,-79.09197
2025-10-24,35,"Bushy Fork","Ozone","Person",36.306965,-79.09197
2025-10-25,34,"Bushy Fork","Ozone","Person",36.306965,-79.09197
2025-10-26,29,"Bushy Fork","Ozone","Person",36.306965,-79.09197
2025-10-27,31,"Bushy Fork","Ozone","Person",36.306965,-79.09197
2025-10-28,24,"Bushy Fork","Ozone","Person",36.306965,-79.09197
2025-10-29,14,"Bushy Fork","Ozone","Person",36.306965,-79.09197
2025-10-30,26,"Bushy Fork","Ozone","Person",36.306965,-79.09197
2025-10-31,33,"Bushy Fork","Ozone","Person",36.306965,-79.09197
2025-11-01,34,"Bushy Fork","Ozone","Person",36.306965,-79.09197
2025-11-02,35,"Bushy Fork","Ozone","Person",36.306965,-79.09197
2025-03-01,49,"Pitt Agri. Center","Ozone","Pitt",35.6412760008938,-77.360126
2025-03-02,39,"Pitt Agri. Center","Ozone","Pitt",35.6412760008938,-77.360126
2025-03-03,42,"Pitt Agri. Center","Ozone","Pitt",35.6412760008938,-77.360126
2025-03-04,43,"Pitt Agri. Center","Ozone","Pitt",35.6412760008938,-77.360126
2025-03-05,38,"Pitt Agri. Center","Ozone","Pitt",35.6412760008938,-77.360126
2025-03-06,34,"Pitt Agri. Center","Ozone","Pitt",35.6412760008938,-77.360126
2025-03-07,38,"Pitt Agri. Center","Ozone","Pitt",35.6412760008938,-77.360126
2025-03-08,46,"Pitt Agri. Center","Ozone","Pitt",35.6412760008938,-77.360126
2025-03-09,41,"Pitt Agri. Center","Ozone","Pitt",35.6412760008938,-77.360126
2025-03-10,41,"Pitt Agri. Center","Ozone","Pitt",35.6412760008938,-77.360126
2025-03-11,44,"Pitt Agri. Center","Ozone","Pitt",35.6412760008938,-77.360126
2025-03-12,71,"Pitt Agri. Center","Ozone","Pitt",35.6412760008938,-77.360126
2025-03-13,49,"Pitt Agri. Center","Ozone","Pitt",35.6412760008938,-77.360126
2025-03-14,33,"Pitt Agri. Center","Ozone","Pitt",35.6412760008938,-77.360126
2025-03-15,38,"Pitt Agri. Center","Ozone","Pitt",35.6412760008938,-77.360126
2025-03-16,33,"Pitt Agri. Center","Ozone","Pitt",35.6412760008938,-77.360126
2025-03-17,31,"Pitt Agri. Center","Ozone","Pitt",35.6412760008938,-77.360126
2025-03-18,40,"Pitt Agri. Center","Ozone","Pitt",35.6412760008938,-77.360126
2025-03-19,45,"Pitt Agri. Center","Ozone","Pitt",35.6412760008938,-77.360126
2025-03-20,43,"Pitt Agri. Center","Ozone","Pitt",35.6412760008938,-77.360126
2025-03-21,40,"Pitt Agri. Center","Ozone","Pitt",35.6412760008938,-77.360126
2025-03-22,48,"Pitt Agri. Center","Ozone","Pitt",35.6412760008938,-77.360126
2025-03-23,41,"Pitt Agri. Center","Ozone","Pitt",35.6412760008938,-77.360126
2025-03-24,46,"Pitt Agri. Center","Ozone","Pitt",35.6412760008938,-77.360126
2025-03-25,48,"Pitt Agri. Center","Ozone","Pitt",35.6412760008938,-77.360126
2025-03-26,44,"Pitt Agri. Center","Ozone","Pitt",35.6412760008938,-77.360126
2025-03-27,47,"Pitt Agri. Center","Ozone","Pitt",35.6412760008938,-77.360126
2025-03-28,50,"Pitt Agri. Center","Ozone","Pitt",35.6412760008938,-77.360126
2025-03-29,40,"Pitt Agri. Center","Ozone","Pitt",35.6412760008938,-77.360126
2025-03-30,38,"Pitt Agri. Center","Ozone","Pitt",35.6412760008938,-77.360126
2025-03-31,31,"Pitt Agri. Center","Ozone","Pitt",35.6412760008938,-77.360126
2025-04-01,31,"Pitt Agri. Center","Ozone","Pitt",35.6412760008938,-77.360126
2025-04-02,37,"Pitt Agri. Center","Ozone","Pitt",35.6412760008938,-77.360126
2025-04-03,28,"Pitt Agri. Center","Ozone","Pitt",35.6412760008938,-77.360126
2025-04-04,30,"Pitt Agri. Center","Ozone","Pitt",35.6412760008938,-77.360126
2025-04-05,29,"Pitt Agri. Center","Ozone","Pitt",35.6412760008938,-77.360126
2025-04-06,34,"Pitt Agri. Center","Ozone","Pitt",35.6412760008938,-77.360126
2025-04-07,31,"Pitt Agri. Center","Ozone","Pitt",35.6412760008938,-77.360126
2025-04-08,37,"Pitt Agri. Center","Ozone","Pitt",35.6412760008938,-77.360126
2025-04-09,44,"Pitt Agri. Center","Ozone","Pitt",35.6412760008938,-77.360126
2025-04-10,44,"Pitt Agri. Center","Ozone","Pitt",35.6412760008938,-77.360126
2025-04-11,35,"Pitt Agri. Center","Ozone","Pitt",35.6412760008938,-77.360126
2025-04-12,32,"Pitt Agri. Center","Ozone","Pitt",35.6412760008938,-77.360126
2025-04-13,44,"Pitt Agri. Center","Ozone","Pitt",35.6412760008938,-77.360126
2025-04-14,50,"Pitt Agri. Center","Ozone","Pitt",35.6412760008938,-77.360126
2025-04-15,45,"Pitt Agri. Center","Ozone","Pitt",35.6412760008938,-77.360126
2025-04-16,44,"Pitt Agri. Center","Ozone","Pitt",35.6412760008938,-77.360126
2025-04-17,48,"Pitt Agri. Center","Ozone","Pitt",35.6412760008938,-77.360126
2025-04-18,50,"Pitt Agri. Center","Ozone","Pitt",35.6412760008938,-77.360126
2025-04-19,41,"Pitt Agri. Center","Ozone","Pitt",35.6412760008938,-77.360126
2025-04-20,40,"Pitt Agri. Center","Ozone","Pitt",35.6412760008938,-77.360126
2025-04-21,44,"Pitt Agri. Center","Ozone","Pitt",35.6412760008938,-77.360126
2025-04-22,42,"Pitt Agri. Center","Ozone","Pitt",35.6412760008938,-77.360126
2025-04-23,42,"Pitt Agri. Center","Ozone","Pitt",35.6412760008938,-77.360126
2025-04-24,46,"Pitt Agri. Center","Ozone","Pitt",35.6412760008938,-77.360126
2025-04-25,42,"Pitt Agri. Center","Ozone","Pitt",35.6412760008938,-77.360126
2025-04-26,40,"Pitt Agri. Center","Ozone","Pitt",35.6412760008938,-77.360126
2025-04-27,44,"Pitt Agri. Center","Ozone","Pitt",35.6412760008938,-77.360126
2025-04-28,45,"Pitt Agri. Center","Ozone","Pitt",35.6412760008938,-77.360126
2025-04-29,48,"Pitt Agri. Center","Ozone","Pitt",35.6412760008938,-77.360126
2025-04-30,44,"Pitt Agri. Center","Ozone","Pitt",35.6412760008938,-77.360126
2025-05-01,44,"Pitt Agri. Center","Ozone","Pitt",35.6412760008938,-77.360126
2025-05-02,42,"Pitt Agri. Center","Ozone","Pitt",35.6412760008938,-77.360126
2025-05-03,40,"Pitt Agri. Center","Ozone","Pitt",35.6412760008938,-77.360126
2025-05-04,30,"Pitt Agri. Center","Ozone","Pitt",35.6412760008938,-77.360126
2025-05-05,32,"Pitt Agri. Center","Ozone","Pitt",35.6412760008938,-77.360126
2025-05-06,47,"Pitt Agri. Center","Ozone","Pitt",35.6412760008938,-77.360126
2025-05-07,48,"Pitt Agri. Center","Ozone","Pitt",35.6412760008938,-77.360126
2025-05-08,47,"Pitt Agri. Center","Ozone","Pitt",35.6412760008938,-77.360126
2025-05-09,48,"Pitt Agri. Center","Ozone","Pitt",35.6412760008938,-77.360126
2025-05-10,47,"Pitt Agri. Center","Ozone","Pitt",35.6412760008938,-77.360126
2025-05-11,35,"Pitt Agri. Center","Ozone","Pitt",35.6412760008938,-77.360126
2025-05-12,29,"Pitt Agri. Center","Ozone","Pitt",35.6412760008938,-77.360126
2025-05-13,25,"Pitt Agri. Center","Ozone","Pitt",35.6412760008938,-77.360126
2025-05-14,35,"Pitt Agri. Center","Ozone","Pitt",35.6412760008938,-77.360126
2025-05-15,36,"Pitt Agri. Center","Ozone","Pitt",35.6412760008938,-77.360126
2025-05-16,42,"Pitt Agri. Center","Ozone","Pitt",35.6412760008938,-77.360126
2025-05-17,41,"Pitt Agri. Center","Ozone","Pitt",35.6412760008938,-77.360126
2025-05-18,43,"Pitt Agri. Center","Ozone","Pitt",35.6412760008938,-77.360126
2025-05-19,48,"Pitt Agri. Center","Ozone","Pitt",35.6412760008938,-77.360126
2025-05-20,43,"Pitt Agri. Center","Ozone","Pitt",35.6412760008938,-77.360126
2025-05-21,36,"Pitt Agri. Center","Ozone","Pitt",35.6412760008938,-77.360126
2025-05-22,46,"Pitt Agri. Center","Ozone","Pitt",35.6412760008938,-77.360126
2025-05-23,44,"Pitt Agri. Center","Ozone","Pitt",35.6412760008938,-77.360126
2025-05-24,46,"Pitt Agri. Center","Ozone","Pitt",35.6412760008938,-77.360126
2025-05-25,41,"Pitt Agri. Center","Ozone","Pitt",35.6412760008938,-77.360126
2025-05-26,32,"Pitt Agri. Center","Ozone","Pitt",35.6412760008938,-77.360126
2025-05-27,27,"Pitt Agri. Center","Ozone","Pitt",35.6412760008938,-77.360126
2025-05-28,26,"Pitt Agri. Center","Ozone","Pitt",35.6412760008938,-77.360126
2025-05-29,26,"Pitt Agri. Center","Ozone","Pitt",35.6412760008938,-77.360126
2025-05-30,33,"Pitt Agri. Center","Ozone","Pitt",35.6412760008938,-77.360126
2025-05-31,46,"Pitt Agri. Center","Ozone","Pitt",35.6412760008938,-77.360126
2025-06-01,44,"Pitt Agri. Center","Ozone","Pitt",35.6412760008938,-77.360126
2025-06-02,44,"Pitt Agri. Center","Ozone","Pitt",35.6412760008938,-77.360126
2025-06-03,44,"Pitt Agri. Center","Ozone","Pitt",35.6412760008938,-77.360126
2025-06-04,44,"Pitt Agri. Center","Ozone","Pitt",35.6412760008938,-77.360126
2025-06-05,21,"Pitt Agri. Center","Ozone","Pitt",35.6412760008938,-77.360126
2025-06-06,33,"Pitt Agri. Center","Ozone","Pitt",35.6412760008938,-77.360126
2025-06-07,38,"Pitt Agri. Center","Ozone","Pitt",35.6412760008938,-77.360126
2025-06-08,31,"Pitt Agri. Center","Ozone","Pitt",35.6412760008938,-77.360126
2025-06-09,43,"Pitt Agri. Center","Ozone","Pitt",35.6412760008938,-77.360126
2025-06-10,26,"Pitt Agri. Center","Ozone","Pitt",35.6412760008938,-77.360126
2025-06-11,32,"Pitt Agri. Center","Ozone","Pitt",35.6412760008938,-77.360126
2025-06-12,36,"Pitt Agri. Center","Ozone","Pitt",35.6412760008938,-77.360126
2025-06-13,20,"Pitt Agri. Center","Ozone","Pitt",35.6412760008938,-77.360126
2025-06-14,24,"Pitt Agri. Center","Ozone","Pitt",35.6412760008938,-77.360126
2025-06-15,29,"Pitt Agri. Center","Ozone","Pitt",35.6412760008938,-77.360126
2025-06-16,24,"Pitt Agri. Center","Ozone","Pitt",35.6412760008938,-77.360126
2025-06-17,31,"Pitt Agri. Center","Ozone","Pitt",35.6412760008938,-77.360126
2025-06-18,31,"Pitt Agri. Center","Ozone","Pitt",35.6412760008938,-77.360126
2025-06-19,32,"Pitt Agri. Center","Ozone","Pitt",35.6412760008938,-77.360126
2025-06-20,38,"Pitt Agri. Center","Ozone","Pitt",35.6412760008938,-77.360126
2025-06-21,34,"Pitt Agri. Center","Ozone","Pitt",35.6412760008938,-77.360126
2025-06-22,36,"Pitt Agri. Center","Ozone","Pitt",35.6412760008938,-77.360126
2025-06-23,43,"Pitt Agri. Center","Ozone","Pitt",35.6412760008938,-77.360126
2025-06-24,44,"Pitt Agri. Center","Ozone","Pitt",35.6412760008938,-77.360126
2025-06-25,43,"Pitt Agri. Center","Ozone","Pitt",35.6412760008938,-77.360126
2025-06-26,50,"Pitt Agri. Center","Ozone","Pitt",35.6412760008938,-77.360126
2025-06-27,43,"Pitt Agri. Center","Ozone","Pitt",35.6412760008938,-77.360126
2025-06-28,38,"Pitt Agri. Center","Ozone","Pitt",35.6412760008938,-77.360126
2025-06-29,33,"Pitt Agri. Center","Ozone","Pitt",35.6412760008938,-77.360126
2025-06-30,31,"Pitt Agri. Center","Ozone","Pitt",35.6412760008938,-77.360126
2025-07-01,31,"Pitt Agri. Center","Ozone","Pitt",35.6412760008938,-77.360126
2025-07-02,27,"Pitt Agri. Center","Ozone","Pitt",35.6412760008938,-77.360126
2025-07-03,35,"Pitt Agri. Center","Ozone","Pitt",35.6412760008938,-77.360126
2025-07-04,45,"Pitt Agri. Center","Ozone","Pitt",35.6412760008938,-77.360126
2025-07-05,38,"Pitt Agri. Center","Ozone","Pitt",35.6412760008938,-77.360126
2025-07-06,23,"Pitt Agri. Center","Ozone","Pitt",35.6412760008938,-77.360126
2025-07-07,33,"Pitt Agri. Center","Ozone","Pitt",35.6412760008938,-77.360126
2025-07-08,27,"Pitt Agri. Center","Ozone","Pitt",35.6412760008938,-77.360126
2025-07-09,26,"Pitt Agri. Center","Ozone","Pitt",35.6412760008938,-77.360126
2025-07-10,33,"Pitt Agri. Center","Ozone","Pitt",35.6412760008938,-77.360126
2025-07-11,33,"Pitt Agri. Center","Ozone","Pitt",35.6412760008938,-77.360126
2025-07-12,35,"Pitt Agri. Center","Ozone","Pitt",35.6412760008938,-77.360126
2025-07-13,30,"Pitt Agri. Center","Ozone","Pitt",35.6412760008938,-77.360126
2025-07-14,29,"Pitt Agri. Center","Ozone","Pitt",35.6412760008938,-77.360126
2025-07-15,31,"Pitt Agri. Center","Ozone","Pitt",35.6412760008938,-77.360126
2025-07-16,24,"Pitt Agri. Center","Ozone","Pitt",35.6412760008938,-77.360126
2025-07-17,30,"Pitt Agri. Center","Ozone","Pitt",35.6412760008938,-77.360126
2025-07-18,34,"Pitt Agri. Center","Ozone","Pitt",35.6412760008938,-77.360126
2025-07-19,31,"Pitt Agri. Center","Ozone","Pitt",35.6412760008938,-77.360126
2025-07-20,31,"Pitt Agri. Center","Ozone","Pitt",35.6412760008938,-77.360126
2025-07-21,35,"Pitt Agri. Center","Ozone","Pitt",35.6412760008938,-77.360126
2025-07-22,41,"Pitt Agri. Center","Ozone","Pitt",35.6412760008938,-77.360126
2025-07-23,35,"Pitt Agri. Center","Ozone","Pitt",35.6412760008938,-77.360126
2025-07-24,31,"Pitt Agri. Center","Ozone","Pitt",35.6412760008938,-77.360126
2025-07-25,40,"Pitt Agri. Center","Ozone","Pitt",35.6412760008938,-77.360126
2025-07-26,48,"Pitt Agri. Center","Ozone","Pitt",35.6412760008938,-77.360126
2025-07-27,32,"Pitt Agri. Center","Ozone","Pitt",35.6412760008938,-77.360126
2025-07-28,33,"Pitt Agri. Center","Ozone","Pitt",35.6412760008938,-77.360126
2025-07-29,34,"Pitt Agri. Center","Ozone","Pitt",35.6412760008938,-77.360126
2025-07-30,36,"Pitt Agri. Center","Ozone","Pitt",35.6412760008938,-77.360126
2025-07-31,37,"Pitt Agri. Center","Ozone","Pitt",35.6412760008938,-77.360126
2025-08-01,27,"Pitt Agri. Center","Ozone","Pitt",35.6412760008938,-77.360126
2025-08-02,29,"Pitt Agri. Center","Ozone","Pitt",35.6412760008938,-77.360126
2025-08-03,35,"Pitt Agri. Center","Ozone","Pitt",35.6412760008938,-77.360126
2025-08-04,37,"Pitt Agri. Center","Ozone","Pitt",35.6412760008938,-77.360126
2025-08-05,30,"Pitt Agri. Center","Ozone","Pitt",35.6412760008938,-77.360126
2025-08-06,26,"Pitt Agri. Center","Ozone","Pitt",35.6412760008938,-77.360126
2025-08-07,31,"Pitt Agri. Center","Ozone","Pitt",35.6412760008938,-77.360126
2025-08-08,28,"Pitt Agri. Center","Ozone","Pitt",35.6412760008938,-77.360126
2025-08-09,27,"Pitt Agri. Center","Ozone","Pitt",35.6412760008938,-77.360126
2025-08-10,24,"Pitt Agri. Center","Ozone","Pitt",35.6412760008938,-77.360126
2025-08-11,17,"Pitt Agri. Center","Ozone","Pitt",35.6412760008938,-77.360126
2025-08-12,15,"Pitt Agri. Center","Ozone","Pitt",35.6412760008938,-77.360126
2025-08-13,23,"Pitt Agri. Center","Ozone","Pitt",35.6412760008938,-77.360126
2025-08-14,23,"Pitt Agri. Center","Ozone","Pitt",35.6412760008938,-77.360126
2025-08-15,24,"Pitt Agri. Center","Ozone","Pitt",35.6412760008938,-77.360126
2025-08-16,31,"Pitt Agri. Center","Ozone","Pitt",35.6412760008938,-77.360126
2025-08-17,35,"Pitt Agri. Center","Ozone","Pitt",35.6412760008938,-77.360126
2025-08-18,32,"Pitt Agri. Center","Ozone","Pitt",35.6412760008938,-77.360126
2025-08-19,20,"Pitt Agri. Center","Ozone","Pitt",35.6412760008938,-77.360126
2025-08-20,19,"Pitt Agri. Center","Ozone","Pitt",35.6412760008938,-77.360126
2025-08-21,23,"Pitt Agri. Center","Ozone","Pitt",35.6412760008938,-77.360126
2025-08-22,34,"Pitt Agri. Center","Ozone","Pitt",35.6412760008938,-77.360126
2025-08-23,31,"Pitt Agri. Center","Ozone","Pitt",35.6412760008938,-77.360126
2025-08-24,27,"Pitt Agri. Center","Ozone","Pitt",35.6412760008938,-77.360126
2025-08-25,36,"Pitt Agri. Center","Ozone","Pitt",35.6412760008938,-77.360126
2025-08-26,33,"Pitt Agri. Center","Ozone","Pitt",35.6412760008938,-77.360126
2025-08-27,39,"Pitt Agri. Center","Ozone","Pitt",35.6412760008938,-77.360126
2025-08-28,40,"Pitt Agri. Center","Ozone","Pitt",35.6412760008938,-77.360126
2025-08-29,43,"Pitt Agri. Center","Ozone","Pitt",35.6412760008938,-77.360126
2025-08-30,38,"Pitt Agri. Center","Ozone","Pitt",35.6412760008938,-77.360126
2025-08-31,42,"Pitt Agri. Center","Ozone","Pitt",35.6412760008938,-77.360126
2025-09-01,32,"Pitt Agri. Center","Ozone","Pitt",35.6412760008938,-77.360126
2025-09-02,31,"Pitt Agri. Center","Ozone","Pitt",35.6412760008938,-77.360126
2025-09-03,39,"Pitt Agri. Center","Ozone","Pitt",35.6412760008938,-77.360126
2025-09-04,42,"Pitt Agri. Center","Ozone","Pitt",35.6412760008938,-77.360126
2025-09-05,42,"Pitt Agri. Center","Ozone","Pitt",35.6412760008938,-77.360126
2025-09-06,36,"Pitt Agri. Center","Ozone","Pitt",35.6412760008938,-77.360126
2025-09-07,24,"Pitt Agri. Center","Ozone","Pitt",35.6412760008938,-77.360126
2025-09-08,41,"Pitt Agri. Center","Ozone","Pitt",35.6412760008938,-77.360126
2025-09-09,30,"Pitt Agri. Center","Ozone","Pitt",35.6412760008938,-77.360126
2025-09-10,18,"Pitt Agri. Center","Ozone","Pitt",35.6412760008938,-77.360126
2025-09-11,20,"Pitt Agri. Center","Ozone","Pitt",35.6412760008938,-77.360126
2025-09-12,44,"Pitt Agri. Center","Ozone","Pitt",35.6412760008938,-77.360126
2025-09-13,39,"Pitt Agri. Center","Ozone","Pitt",35.6412760008938,-77.360126
2025-09-14,41,"Pitt Agri. Center","Ozone","Pitt",35.6412760008938,-77.360126
2025-09-15,37,"Pitt Agri. Center","Ozone","Pitt",35.6412760008938,-77.360126
2025-09-16,29,"Pitt Agri. Center","Ozone","Pitt",35.6412760008938,-77.360126
2025-09-17,27,"Pitt Agri. Center","Ozone","Pitt",35.6412760008938,-77.360126
2025-09-18,25,"Pitt Agri. Center","Ozone","Pitt",35.6412760008938,-77.360126
2025-09-19,45,"Pitt Agri. Center","Ozone","Pitt",35.6412760008938,-77.360126
2025-09-20,49,"Pitt Agri. Center","Ozone","Pitt",35.6412760008938,-77.360126
2025-09-21,37,"Pitt Agri. Center","Ozone","Pitt",35.6412760008938,-77.360126
2025-09-22,35,"Pitt Agri. Center","Ozone","Pitt",35.6412760008938,-77.360126
2025-09-23,35,"Pitt Agri. Center","Ozone","Pitt",35.6412760008938,-77.360126
2025-09-24,32,"Pitt Agri. Center","Ozone","Pitt",35.6412760008938,-77.360126
2025-09-25,32,"Pitt Agri. Center","Ozone","Pitt",35.6412760008938,-77.360126
2025-09-26,35,"Pitt Agri. Center","Ozone","Pitt",35.6412760008938,-77.360126
2025-09-27,20,"Pitt Agri. Center","Ozone","Pitt",35.6412760008938,-77.360126
2025-09-28,27,"Pitt Agri. Center","Ozone","Pitt",35.6412760008938,-77.360126
2025-09-29,25,"Pitt Agri. Center","Ozone","Pitt",35.6412760008938,-77.360126
2025-09-30,36,"Pitt Agri. Center","Ozone","Pitt",35.6412760008938,-77.360126
2025-10-01,32,"Pitt Agri. Center","Ozone","Pitt",35.6412760008938,-77.360126
2025-10-02,29,"Pitt Agri. Center","Ozone","Pitt",35.6412760008938,-77.360126
2025-10-03,32,"Pitt Agri. Center","Ozone","Pitt",35.6412760008938,-77.360126
2025-10-04,31,"Pitt Agri. Center","Ozone","Pitt",35.6412760008938,-77.360126
2025-10-05,31,"Pitt Agri. Center","Ozone","Pitt",35.6412760008938,-77.360126
2025-10-06,33,"Pitt Agri. Center","Ozone","Pitt",35.6412760008938,-77.360126
2025-10-07,29,"Pitt Agri. Center","Ozone","Pitt",35.6412760008938,-77.360126
2025-10-08,24,"Pitt Agri. Center","Ozone","Pitt",35.6412760008938,-77.360126
2025-10-09,35,"Pitt Agri. Center","Ozone","Pitt",35.6412760008938,-77.360126
2025-10-10,33,"Pitt Agri. Center","Ozone","Pitt",35.6412760008938,-77.360126
2025-10-11,29,"Pitt Agri. Center","Ozone","Pitt",35.6412760008938,-77.360126
2025-10-12,30,"Pitt Agri. Center","Ozone","Pitt",35.6412760008938,-77.360126
2025-10-13,21,"Pitt Agri. Center","Ozone","Pitt",35.6412760008938,-77.360126
2025-10-14,19,"Pitt Agri. Center","Ozone","Pitt",35.6412760008938,-77.360126
2025-10-15,29,"Pitt Agri. Center","Ozone","Pitt",35.6412760008938,-77.360126
2025-10-16,35,"Pitt Agri. Center","Ozone","Pitt",35.6412760008938,-77.360126
2025-10-17,32,"Pitt Agri. Center","Ozone","Pitt",35.6412760008938,-77.360126
2025-10-18,43,"Pitt Agri. Center","Ozone","Pitt",35.6412760008938,-77.360126
2025-10-19,38,"Pitt Agri. Center","Ozone","Pitt",35.6412760008938,-77.360126
2025-10-20,32,"Pitt Agri. Center","Ozone","Pitt",35.6412760008938,-77.360126
2025-10-21,38,"Pitt Agri. Center","Ozone","Pitt",35.6412760008938,-77.360126
2025-10-22,40,"Pitt Agri. Center","Ozone","Pitt",35.6412760008938,-77.360126
2025-10-23,37,"Pitt Agri. Center","Ozone","Pitt",35.6412760008938,-77.360126
2025-10-24,35,"Pitt Agri. Center","Ozone","Pitt",35.6412760008938,-77.360126
2025-10-25,31,"Pitt Agri. Center","Ozone","Pitt",35.6412760008938,-77.360126
2025-10-26,29,"Pitt Agri. Center","Ozone","Pitt",35.6412760008938,-77.360126
2025-10-27,30,"Pitt Agri. Center","Ozone","Pitt",35.6412760008938,-77.360126
2025-10-28,23,"Pitt Agri. Center","Ozone","Pitt",35.6412760008938,-77.360126
2025-10-29,19,"Pitt Agri. Center","Ozone","Pitt",35.6412760008938,-77.360126
2025-10-30,28,"Pitt Agri. Center","Ozone","Pitt",35.6412760008938,-77.360126
2025-10-31,35,"Pitt Agri. Center","Ozone","Pitt",35.6412760008938,-77.360126
2025-11-01,33,"Pitt Agri. Center","Ozone","Pitt",35.6412760008938,-77.360126
2025-11-02,35,"Pitt Agri. Center","Ozone","Pitt",35.6412760008938,-77.360126
2025-03-01,47,"Bethany sch.","Ozone","Rockingham",36.308889,-79.859167
2025-03-02,40,"Bethany sch.","Ozone","Rockingham",36.308889,-79.859167
2025-03-03,43,"Bethany sch.","Ozone","Rockingham",36.308889,-79.859167
2025-03-04,44,"Bethany sch.","Ozone","Rockingham",36.308889,-79.859167
2025-03-05,44,"Bethany sch.","Ozone","Rockingham",36.308889,-79.859167
2025-03-06,35,"Bethany sch.","Ozone","Rockingham",36.308889,-79.859167
2025-03-07,35,"Bethany sch.","Ozone","Rockingham",36.308889,-79.859167
2025-03-08,42,"Bethany sch.","Ozone","Rockingham",36.308889,-79.859167
2025-03-09,43,"Bethany sch.","Ozone","Rockingham",36.308889,-79.859167
2025-03-10,42,"Bethany sch.","Ozone","Rockingham",36.308889,-79.859167
2025-03-11,58,"Bethany sch.","Ozone","Rockingham",36.308889,-79.859167
2025-03-12,71,"Bethany sch.","Ozone","Rockingham",36.308889,-79.859167
2025-03-13,48,"Bethany sch.","Ozone","Rockingham",36.308889,-79.859167
2025-03-14,44,"Bethany sch.","Ozone","Rockingham",36.308889,-79.859167
2025-03-15,34,"Bethany sch.","Ozone","Rockingham",36.308889,-79.859167
2025-03-16,37,"Bethany sch.","Ozone","Rockingham",36.308889,-79.859167
2025-03-17,32,"Bethany sch.","Ozone","Rockingham",36.308889,-79.859167
2025-03-18,43,"Bethany sch.","Ozone","Rockingham",36.308889,-79.859167
2025-03-19,61,"Bethany sch.","Ozone","Rockingham",36.308889,-79.859167
2025-03-20,40,"Bethany sch.","Ozone","Rockingham",36.308889,-79.859167
2025-03-21,43,"Bethany sch.","Ozone","Rockingham",36.308889,-79.859167
2025-03-22,48,"Bethany sch.","Ozone","Rockingham",36.308889,-79.859167
2025-03-23,46,"Bethany sch.","Ozone","Rockingham",36.308889,-79.859167
2025-03-24,41,"Bethany sch.","Ozone","Rockingham",36.308889,-79.859167
2025-03-25,47,"Bethany sch.","Ozone","Rockingham",36.308889,-79.859167
2025-03-26,46,"Bethany sch.","Ozone","Rockingham",36.308889,-79.859167
2025-03-27,47,"Bethany sch.","Ozone","Rockingham",36.308889,-79.859167
2025-03-28,74,"Bethany sch.","Ozone","Rockingham",36.308889,-79.859167
2025-03-29,45,"Bethany sch.","Ozone","Rockingham",36.308889,-79.859167
2025-03-30,40,"Bethany sch.","Ozone","Rockingham",36.308889,-79.859167
2025-03-31,32,"Bethany sch.","Ozone","Rockingham",36.308889,-79.859167
2025-04-01,33,"Bethany sch.","Ozone","Rockingham",36.308889,-79.859167
2025-04-02,33,"Bethany sch.","Ozone","Rockingham",36.308889,-79.859167
2025-04-03,28,"Bethany sch.","Ozone","Rockingham",36.308889,-79.859167
2025-04-04,35,"Bethany sch.","Ozone","Rockingham",36.308889,-79.859167
2025-04-05,37,"Bethany sch.","Ozone","Rockingham",36.308889,-79.859167
2025-04-06,45,"Bethany sch.","Ozone","Rockingham",36.308889,-79.859167
2025-04-07,29,"Bethany sch.","Ozone","Rockingham",36.308889,-79.859167
2025-04-08,47,"Bethany sch.","Ozone","Rockingham",36.308889,-79.859167
2025-04-09,44,"Bethany sch.","Ozone","Rockingham",36.308889,-79.859167
2025-04-10,39,"Bethany sch.","Ozone","Rockingham",36.308889,-79.859167
2025-04-11,33,"Bethany sch.","Ozone","Rockingham",36.308889,-79.859167
2025-04-12,41,"Bethany sch.","Ozone","Rockingham",36.308889,-79.859167
2025-04-13,44,"Bethany sch.","Ozone","Rockingham",36.308889,-79.859167
2025-04-14,64,"Bethany sch.","Ozone","Rockingham",36.308889,-79.859167
2025-04-15,44,"Bethany sch.","Ozone","Rockingham",36.308889,-79.859167
2025-04-16,46,"Bethany sch.","Ozone","Rockingham",36.308889,-79.859167
2025-04-17,50,"Bethany sch.","Ozone","Rockingham",36.308889,-79.859167
2025-04-18,71,"Bethany sch.","Ozone","Rockingham",36.308889,-79.859167
2025-04-19,44,"Bethany sch.","Ozone","Rockingham",36.308889,-79.859167
2025-04-20,41,"Bethany sch.","Ozone","Rockingham",36.308889,-79.859167
2025-04-21,48,"Bethany sch.","Ozone","Rockingham",36.308889,-79.859167
2025-04-22,34,"Bethany sch.","Ozone","Rockingham",36.308889,-79.859167
2025-04-23,54,"Bethany sch.","Ozone","Rockingham",36.308889,-79.859167
2025-04-24,44,"Bethany sch.","Ozone","Rockingham",36.308889,-79.859167
2025-04-25,39,"Bethany sch.","Ozone","Rockingham",36.308889,-79.859167
2025-04-26,35,"Bethany sch.","Ozone","Rockingham",36.308889,-79.859167
2025-04-27,46,"Bethany sch.","Ozone","Rockingham",36.308889,-79.859167
2025-04-28,48,"Bethany sch.","Ozone","Rockingham",36.308889,-79.859167
2025-04-29,50,"Bethany sch.","Ozone","Rockingham",36.308889,-79.859167
2025-04-30,37,"Bethany sch.","Ozone","Rockingham",36.308889,-79.859167
2025-05-01,44,"Bethany sch.","Ozone","Rockingham",36.308889,-79.859167
2025-05-02,45,"Bethany sch.","Ozone","Rockingham",36.308889,-79.859167
2025-05-03,30,"Bethany sch.","Ozone","Rockingham",36.308889,-79.859167
2025-05-04,41,"Bethany sch.","Ozone","Rockingham",36.308889,-79.859167
2025-05-05,44,"Bethany sch.","Ozone","Rockingham",36.308889,-79.859167
2025-05-06,43,"Bethany sch.","Ozone","Rockingham",36.308889,-79.859167
2025-05-07,43,"Bethany sch.","Ozone","Rockingham",36.308889,-79.859167
2025-05-08,45,"Bethany sch.","Ozone","Rockingham",36.308889,-79.859167
2025-05-09,45,"Bethany sch.","Ozone","Rockingham",36.308889,-79.859167
2025-05-10,41,"Bethany sch.","Ozone","Rockingham",36.308889,-79.859167
2025-05-11,31,"Bethany sch.","Ozone","Rockingham",36.308889,-79.859167
2025-05-12,23,"Bethany sch.","Ozone","Rockingham",36.308889,-79.859167
2025-05-13,31,"Bethany sch.","Ozone","Rockingham",36.308889,-79.859167
2025-05-14,33,"Bethany sch.","Ozone","Rockingham",36.308889,-79.859167
2025-05-15,46,"Bethany sch.","Ozone","Rockingham",36.308889,-79.859167
2025-05-17,44,"Bethany sch.","Ozone","Rockingham",36.308889,-79.859167
2025-05-18,40,"Bethany sch.","Ozone","Rockingham",36.308889,-79.859167
2025-05-19,44,"Bethany sch.","Ozone","Rockingham",36.308889,-79.859167
2025-05-20,44,"Bethany sch.","Ozone","Rockingham",36.308889,-79.859167
2025-05-21,28,"Bethany sch.","Ozone","Rockingham",36.308889,-79.859167
2025-05-22,44,"Bethany sch.","Ozone","Rockingham",36.308889,-79.859167
2025-05-23,38,"Bethany sch.","Ozone","Rockingham",36.308889,-79.859167
2025-05-24,42,"Bethany sch.","Ozone","Rockingham",36.308889,-79.859167
2025-05-25,39,"Bethany sch.","Ozone","Rockingham",36.308889,-79.859167
2025-05-26,24,"Bethany sch.","Ozone","Rockingham",36.308889,-79.859167
2025-05-27,30,"Bethany sch.","Ozone","Rockingham",36.308889,-79.859167
2025-05-28,22,"Bethany sch.","Ozone","Rockingham",36.308889,-79.859167
2025-05-29,26,"Bethany sch.","Ozone","Rockingham",36.308889,-79.859167
2025-05-30,41,"Bethany sch.","Ozone","Rockingham",36.308889,-79.859167
2025-05-31,42,"Bethany sch.","Ozone","Rockingham",36.308889,-79.859167
2025-06-01,43,"Bethany sch.","Ozone","Rockingham",36.308889,-79.859167
2025-06-02,46,"Bethany sch.","Ozone","Rockingham",36.308889,-79.859167
2025-06-03,58,"Bethany sch.","Ozone","Rockingham",36.308889,-79.859167
2025-06-04,48,"Bethany sch.","Ozone","Rockingham",36.308889,-79.859167
2025-06-05,28,"Bethany sch.","Ozone","Rockingham",36.308889,-79.859167
2025-06-06,39,"Bethany sch.","Ozone","Rockingham",36.308889,-79.859167
2025-06-07,33,"Bethany sch.","Ozone","Rockingham",36.308889,-79.859167
2025-06-08,35,"Bethany sch.","Ozone","Rockingham",36.308889,-79.859167
2025-06-09,44,"Bethany sch.","Ozone","Rockingham",36.308889,-79.859167
2025-06-10,38,"Bethany sch.","Ozone","Rockingham",36.308889,-79.859167
2025-06-11,44,"Bethany sch.","Ozone","Rockingham",36.308889,-79.859167
2025-06-12,61,"Bethany sch.","Ozone","Rockingham",36.308889,-79.859167
2025-06-13,33,"Bethany sch.","Ozone","Rockingham",36.308889,-79.859167
2025-06-14,31,"Bethany sch.","Ozone","Rockingham",36.308889,-79.859167
2025-06-15,30,"Bethany sch.","Ozone","Rockingham",36.308889,-79.859167
2025-06-16,28,"Bethany sch.","Ozone","Rockingham",36.308889,-79.859167
2025-06-17,37,"Bethany sch.","Ozone","Rockingham",36.308889,-79.859167
2025-06-18,38,"Bethany sch.","Ozone","Rockingham",36.308889,-79.859167
2025-06-19,32,"Bethany sch.","Ozone","Rockingham",36.308889,-79.859167
2025-06-20,44,"Bethany sch.","Ozone","Rockingham",36.308889,-79.859167
2025-06-21,54,"Bethany sch.","Ozone","Rockingham",36.308889,-79.859167
2025-06-22,46,"Bethany sch.","Ozone","Rockingham",36.308889,-79.859167
2025-06-23,35,"Bethany sch.","Ozone","Rockingham",36.308889,-79.859167
2025-06-24,36,"Bethany sch.","Ozone","Rockingham",36.308889,-79.859167
2025-06-25,35,"Bethany sch.","Ozone","Rockingham",36.308889,-79.859167
2025-06-26,37,"Bethany sch.","Ozone","Rockingham",36.308889,-79.859167
2025-06-27,38,"Bethany sch.","Ozone","Rockingham",36.308889,-79.859167
2025-06-28,44,"Bethany sch.","Ozone","Rockingham",36.308889,-79.859167
2025-06-29,32,"Bethany sch.","Ozone","Rockingham",36.308889,-79.859167
2025-06-30,38,"Bethany sch.","Ozone","Rockingham",36.308889,-79.859167
2025-07-01,44,"Bethany sch.","Ozone","Rockingham",36.308889,-79.859167
2025-07-02,34,"Bethany sch.","Ozone","Rockingham",36.308889,-79.859167
2025-07-03,47,"Bethany sch.","Ozone","Rockingham",36.308889,-79.859167
2025-07-04,46,"Bethany sch.","Ozone","Rockingham",36.308889,-79.859167
2025-07-05,44,"Bethany sch.","Ozone","Rockingham",36.308889,-79.859167
2025-07-06,20,"Bethany sch.","Ozone","Rockingham",36.308889,-79.859167
2025-07-07,40,"Bethany sch.","Ozone","Rockingham",36.308889,-79.859167
2025-07-08,46,"Bethany sch.","Ozone","Rockingham",36.308889,-79.859167
2025-07-09,43,"Bethany sch.","Ozone","Rockingham",36.308889,-79.859167
2025-07-10,31,"Bethany sch.","Ozone","Rockingham",36.308889,-79.859167
2025-07-11,34,"Bethany sch.","Ozone","Rockingham",36.308889,-79.859167
2025-07-12,40,"Bethany sch.","Ozone","Rockingham",36.308889,-79.859167
2025-07-13,30,"Bethany sch.","Ozone","Rockingham",36.308889,-79.859167
2025-07-14,32,"Bethany sch.","Ozone","Rockingham",36.308889,-79.859167
2025-07-15,35,"Bethany sch.","Ozone","Rockingham",36.308889,-79.859167
2025-07-16,36,"Bethany sch.","Ozone","Rockingham",36.308889,-79.859167
2025-07-17,30,"Bethany sch.","Ozone","Rockingham",36.308889,-79.859167
2025-07-18,35,"Bethany sch.","Ozone","Rockingham",36.308889,-79.859167
2025-07-19,28,"Bethany sch.","Ozone","Rockingham",36.308889,-79.859167
2025-07-20,29,"Bethany sch.","Ozone","Rockingham",36.308889,-79.859167
2025-07-21,29,"Bethany sch.","Ozone","Rockingham",36.308889,-79.859167
2025-07-22,41,"Bethany sch.","Ozone","Rockingham",36.308889,-79.859167
2025-07-23,45,"Bethany sch.","Ozone","Rockingham",36.308889,-79.859167
2025-07-24,36,"Bethany sch.","Ozone","Rockingham",36.308889,-79.859167
2025-07-25,46,"Bethany sch.","Ozone","Rockingham",36.308889,-79.859167
2025-07-26,34,"Bethany sch.","Ozone","Rockingham",36.308889,-79.859167
2025-07-27,27,"Bethany sch.","Ozone","Rockingham",36.308889,-79.859167
2025-07-28,36,"Bethany sch.","Ozone","Rockingham",36.308889,-79.859167
2025-07-29,32,"Bethany sch.","Ozone","Rockingham",36.308889,-79.859167
2025-07-30,37,"Bethany sch.","Ozone","Rockingham",36.308889,-79.859167
2025-07-31,44,"Bethany sch.","Ozone","Rockingham",36.308889,-79.859167
2025-08-02,32,"Bethany sch.","Ozone","Rockingham",36.308889,-79.859167
2025-08-03,32,"Bethany sch.","Ozone","Rockingham",36.308889,-79.859167
2025-08-04,39,"Bethany sch.","Ozone","Rockingham",36.308889,-79.859167
2025-08-05,31,"Bethany sch.","Ozone","Rockingham",36.308889,-79.859167
2025-08-06,30,"Bethany sch.","Ozone","Rockingham",36.308889,-79.859167
2025-08-07,25,"Bethany sch.","Ozone","Rockingham",36.308889,-79.859167
2025-08-08,36,"Bethany sch.","Ozone","Rockingham",36.308889,-79.859167
2025-08-09,33,"Bethany sch.","Ozone","Rockingham",36.308889,-79.859167
2025-08-10,36,"Bethany sch.","Ozone","Rockingham",36.308889,-79.859167
2025-08-11,18,"Bethany sch.","Ozone","Rockingham",36.308889,-79.859167
2025-08-12,19,"Bethany sch.","Ozone","Rockingham",36.308889,-79.859167
2025-08-13,23,"Bethany sch.","Ozone","Rockingham",36.308889,-79.859167
2025-08-14,30,"Bethany sch.","Ozone","Rockingham",36.308889,-79.859167
2025-08-15,40,"Bethany sch.","Ozone","Rockingham",36.308889,-79.859167
2025-08-16,36,"Bethany sch.","Ozone","Rockingham",36.308889,-79.859167
2025-08-17,31,"Bethany sch.","Ozone","Rockingham",36.308889,-79.859167
2025-08-18,38,"Bethany sch.","Ozone","Rockingham",36.308889,-79.859167
2025-08-19,28,"Bethany sch.","Ozone","Rockingham",36.308889,-79.859167
2025-08-20,26,"Bethany sch.","Ozone","Rockingham",36.308889,-79.859167
2025-08-21,32,"Bethany sch.","Ozone","Rockingham",36.308889,-79.859167
2025-08-22,29,"Bethany sch.","Ozone","Rockingham",36.308889,-79.859167
2025-08-23,31,"Bethany sch.","Ozone","Rockingham",36.308889,-79.859167
2025-08-24,33,"Bethany sch.","Ozone","Rockingham",36.308889,-79.859167
2025-08-25,35,"Bethany sch.","Ozone","Rockingham",36.308889,-79.859167
2025-08-26,36,"Bethany sch.","Ozone","Rockingham",36.308889,-79.859167
2025-08-27,37,"Bethany sch.","Ozone","Rockingham",36.308889,-79.859167
2025-08-28,45,"Bethany sch.","Ozone","Rockingham",36.308889,-79.859167
2025-08-29,40,"Bethany sch.","Ozone","Rockingham",36.308889,-79.859167
2025-08-30,39,"Bethany sch.","Ozone","Rockingham",36.308889,-79.859167
2025-08-31,40,"Bethany sch.","Ozone","Rockingham",36.308889,-79.859167
2025-09-01,37,"Bethany sch.","Ozone","Rockingham",36.308889,-79.859167
2025-09-02,39,"Bethany sch.","Ozone","Rockingham",36.308889,-79.859167
2025-09-03,38,"Bethany sch.","Ozone","Rockingham",36.308889,-79.859167
2025-09-04,39,"Bethany sch.","Ozone","Rockingham",36.308889,-79.859167
2025-09-05,40,"Bethany sch.","Ozone","Rockingham",36.308889,-79.859167
2025-09-06,36,"Bethany sch.","Ozone","Rockingham",36.308889,-79.859167
2025-09-07,25,"Bethany sch.","Ozone","Rockingham",36.308889,-79.859167
2025-09-08,38,"Bethany sch.","Ozone","Rockingham",36.308889,-79.859167
2025-09-09,44,"Bethany sch.","Ozone","Rockingham",36.308889,-79.859167
2025-09-10,43,"Bethany sch.","Ozone","Rockingham",36.308889,-79.859167
2025-09-11,39,"Bethany sch.","Ozone","Rockingham",36.308889,-79.859167
2025-09-12,45,"Bethany sch.","Ozone","Rockingham",36.308889,-79.859167
2025-09-13,45,"Bethany sch.","Ozone","Rockingham",36.308889,-79.859167
2025-09-14,47,"Bethany sch.","Ozone","Rockingham",36.308889,-79.859167
2025-09-15,44,"Bethany sch.","Ozone","Rockingham",36.308889,-79.859167
2025-09-16,41,"Bethany sch.","Ozone","Rockingham",36.308889,-79.859167
2025-09-17,34,"Bethany sch.","Ozone","Rockingham",36.308889,-79.859167
2025-09-18,38,"Bethany sch.","Ozone","Rockingham",36.308889,-79.859167
2025-09-19,71,"Bethany sch.","Ozone","Rockingham",36.308889,-79.859167
2025-09-20,50,"Bethany sch.","Ozone","Rockingham",36.308889,-79.859167
2025-09-21,48,"Bethany sch.","Ozone","Rockingham",36.308889,-79.859167
2025-09-22,45,"Bethany sch.","Ozone","Rockingham",36.308889,-79.859167
2025-09-23,54,"Bethany sch.","Ozone","Rockingham",36.308889,-79.859167
2025-09-24,48,"Bethany sch.","Ozone","Rockingham",36.308889,-79.859167
2025-09-25,32,"Bethany sch.","Ozone","Rockingham",36.308889,-79.859167
2025-09-26,30,"Bethany sch.","Ozone","Rockingham",36.308889,-79.859167
2025-09-27,33,"Bethany sch.","Ozone","Rockingham",36.308889,-79.859167
2025-09-28,36,"Bethany sch.","Ozone","Rockingham",36.308889,-79.859167
2025-09-29,35,"Bethany sch.","Ozone","Rockingham",36.308889,-79.859167
2025-09-30,37,"Bethany sch.","Ozone","Rockingham",36.308889,-79.859167
2025-10-01,37,"Bethany sch.","Ozone","Rockingham",36.308889,-79.859167
2025-10-02,33,"Bethany sch.","Ozone","Rockingham",36.308889,-79.859167
2025-10-03,32,"Bethany sch.","Ozone","Rockingham",36.308889,-79.859167
2025-10-04,37,"Bethany sch.","Ozone","Rockingham",36.308889,-79.859167
2025-10-05,31,"Bethany sch.","Ozone","Rockingham",36.308889,-79.859167
2025-10-06,37,"Bethany sch.","Ozone","Rockingham",36.308889,-79.859167
2025-10-07,34,"Bethany sch.","Ozone","Rockingham",36.308889,-79.859167
2025-10-08,34,"Bethany sch.","Ozone","Rockingham",36.308889,-79.859167
2025-10-09,37,"Bethany sch.","Ozone","Rockingham",36.308889,-79.859167
2025-10-10,33,"Bethany sch.","Ozone","Rockingham",36.308889,-79.859167
2025-10-11,31,"Bethany sch.","Ozone","Rockingham",36.308889,-79.859167
2025-10-12,28,"Bethany sch.","Ozone","Rockingham",36.308889,-79.859167
2025-10-13,32,"Bethany sch.","Ozone","Rockingham",36.308889,-79.859167
2025-10-14,33,"Bethany sch.","Ozone","Rockingham",36.308889,-79.859167
2025-10-15,38,"Bethany sch.","Ozone","Rockingham",36.308889,-79.859167
2025-10-16,38,"Bethany sch.","Ozone","Rockingham",36.308889,-79.859167
2025-10-17,38,"Bethany sch.","Ozone","Rockingham",36.308889,-79.859167
2025-10-18,49,"Bethany sch.","Ozone","Rockingham",36.308889,-79.859167
2025-10-19,40,"Bethany sch.","Ozone","Rockingham",36.308889,-79.859167
2025-10-20,35,"Bethany sch.","Ozone","Rockingham",36.308889,-79.859167
2025-10-21,46,"Bethany sch.","Ozone","Rockingham",36.308889,-79.859167
2025-10-22,37,"Bethany sch.","Ozone","Rockingham",36.308889,-79.859167
2025-10-23,36,"Bethany sch.","Ozone","Rockingham",36.308889,-79.859167
2025-10-24,36,"Bethany sch.","Ozone","Rockingham",36.308889,-79.859167
2025-10-25,35,"Bethany sch.","Ozone","Rockingham",36.308889,-79.859167
2025-10-26,31,"Bethany sch.","Ozone","Rockingham",36.308889,-79.859167
2025-10-27,31,"Bethany sch.","Ozone","Rockingham",36.308889,-79.859167
2025-10-28,27,"Bethany sch.","Ozone","Rockingham",36.308889,-79.859167
2025-10-29,16,"Bethany sch.","Ozone","Rockingham",36.308889,-79.859167
2025-10-30,27,"Bethany sch.","Ozone","Rockingham",36.308889,-79.859167
2025-10-31,34,"Bethany sch.","Ozone","Rockingham",36.308889,-79.859167
2025-11-01,34,"Bethany sch.","Ozone","Rockingham",36.308889,-79.859167
2025-11-02,36,"Bethany sch.","Ozone","Rockingham",36.308889,-79.859167
2025-01-01,29,"Rockwell","Ozone","Rowan",35.551868,-80.395039
2025-01-02,31,"Rockwell","Ozone","Rowan",35.551868,-80.395039
2025-01-03,31,"Rockwell","Ozone","Rowan",35.551868,-80.395039
2025-01-04,31,"Rockwell","Ozone","Rowan",35.551868,-80.395039
2025-01-05,29,"Rockwell","Ozone","Rowan",35.551868,-80.395039
2025-01-06,26,"Rockwell","Ozone","Rowan",35.551868,-80.395039
2025-01-08,30,"Rockwell","Ozone","Rowan",35.551868,-80.395039
2025-01-09,36,"Rockwell","Ozone","Rowan",35.551868,-80.395039
2025-01-10,29,"Rockwell","Ozone","Rowan",35.551868,-80.395039
2025-01-11,33,"Rockwell","Ozone","Rowan",35.551868,-80.395039
2025-01-12,33,"Rockwell","Ozone","Rowan",35.551868,-80.395039
2025-01-13,32,"Rockwell","Ozone","Rowan",35.551868,-80.395039
2025-01-14,38,"Rockwell","Ozone","Rowan",35.551868,-80.395039
2025-01-15,36,"Rockwell","Ozone","Rowan",35.551868,-80.395039
2025-01-16,37,"Rockwell","Ozone","Rowan",35.551868,-80.395039
2025-01-17,37,"Rockwell","Ozone","Rowan",35.551868,-80.395039
2025-01-18,30,"Rockwell","Ozone","Rowan",35.551868,-80.395039
2025-01-19,30,"Rockwell","Ozone","Rowan",35.551868,-80.395039
2025-01-20,33,"Rockwell","Ozone","Rowan",35.551868,-80.395039
2025-01-21,29,"Rockwell","Ozone","Rowan",35.551868,-80.395039
2025-01-22,32,"Rockwell","Ozone","Rowan",35.551868,-80.395039
2025-01-23,30,"Rockwell","Ozone","Rowan",35.551868,-80.395039
2025-01-24,34,"Rockwell","Ozone","Rowan",35.551868,-80.395039
2025-01-25,36,"Rockwell","Ozone","Rowan",35.551868,-80.395039
2025-01-26,40,"Rockwell","Ozone","Rowan",35.551868,-80.395039
2025-01-27,28,"Rockwell","Ozone","Rowan",35.551868,-80.395039
2025-01-28,37,"Rockwell","Ozone","Rowan",35.551868,-80.395039
2025-01-29,41,"Rockwell","Ozone","Rowan",35.551868,-80.395039
2025-01-30,38,"Rockwell","Ozone","Rowan",35.551868,-80.395039
2025-01-31,38,"Rockwell","Ozone","Rowan",35.551868,-80.395039
2025-02-01,35,"Rockwell","Ozone","Rowan",35.551868,-80.395039
2025-02-02,32,"Rockwell","Ozone","Rowan",35.551868,-80.395039
2025-02-03,36,"Rockwell","Ozone","Rowan",35.551868,-80.395039
2025-02-04,42,"Rockwell","Ozone","Rowan",35.551868,-80.395039
2025-02-05,31,"Rockwell","Ozone","Rowan",35.551868,-80.395039
2025-02-06,31,"Rockwell","Ozone","Rowan",35.551868,-80.395039
2025-02-07,40,"Rockwell","Ozone","Rowan",35.551868,-80.395039
2025-02-08,29,"Rockwell","Ozone","Rowan",35.551868,-80.395039
2025-02-09,36,"Rockwell","Ozone","Rowan",35.551868,-80.395039
2025-02-10,28,"Rockwell","Ozone","Rowan",35.551868,-80.395039
2025-02-11,30,"Rockwell","Ozone","Rowan",35.551868,-80.395039
2025-02-12,24,"Rockwell","Ozone","Rowan",35.551868,-80.395039
2025-02-13,28,"Rockwell","Ozone","Rowan",35.551868,-80.395039
2025-02-14,34,"Rockwell","Ozone","Rowan",35.551868,-80.395039
2025-02-15,23,"Rockwell","Ozone","Rowan",35.551868,-80.395039
2025-02-16,31,"Rockwell","Ozone","Rowan",35.551868,-80.395039
2025-02-17,37,"Rockwell","Ozone","Rowan",35.551868,-80.395039
2025-02-18,38,"Rockwell","Ozone","Rowan",35.551868,-80.395039
2025-02-19,29,"Rockwell","Ozone","Rowan",35.551868,-80.395039
2025-02-20,35,"Rockwell","Ozone","Rowan",35.551868,-80.395039
2025-02-21,34,"Rockwell","Ozone","Rowan",35.551868,-80.395039
2025-02-22,39,"Rockwell","Ozone","Rowan",35.551868,-80.395039
2025-02-23,41,"Rockwell","Ozone","Rowan",35.551868,-80.395039
2025-02-24,46,"Rockwell","Ozone","Rowan",35.551868,-80.395039
2025-02-25,49,"Rockwell","Ozone","Rowan",35.551868,-80.395039
2025-02-26,49,"Rockwell","Ozone","Rowan",35.551868,-80.395039
2025-02-27,44,"Rockwell","Ozone","Rowan",35.551868,-80.395039
2025-02-28,44,"Rockwell","Ozone","Rowan",35.551868,-80.395039
2025-03-01,47,"Rockwell","Ozone","Rowan",35.551868,-80.395039
2025-03-02,38,"Rockwell","Ozone","Rowan",35.551868,-80.395039
2025-03-03,42,"Rockwell","Ozone","Rowan",35.551868,-80.395039
2025-03-04,39,"Rockwell","Ozone","Rowan",35.551868,-80.395039
2025-03-05,41,"Rockwell","Ozone","Rowan",35.551868,-80.395039
2025-03-06,32,"Rockwell","Ozone","Rowan",35.551868,-80.395039
2025-03-07,31,"Rockwell","Ozone","Rowan",35.551868,-80.395039
2025-03-08,42,"Rockwell","Ozone","Rowan",35.551868,-80.395039
2025-03-09,42,"Rockwell","Ozone","Rowan",35.551868,-80.395039
2025-03-10,35,"Rockwell","Ozone","Rowan",35.551868,-80.395039
2025-03-11,50,"Rockwell","Ozone","Rowan",35.551868,-80.395039
2025-03-12,64,"Rockwell","Ozone","Rowan",35.551868,-80.395039
2025-03-13,64,"Rockwell","Ozone","Rowan",35.551868,-80.395039
2025-03-14,41,"Rockwell","Ozone","Rowan",35.551868,-80.395039
2025-03-15,31,"Rockwell","Ozone","Rowan",35.551868,-80.395039
2025-03-16,35,"Rockwell","Ozone","Rowan",35.551868,-80.395039
2025-03-17,32,"Rockwell","Ozone","Rowan",35.551868,-80.395039
2025-03-18,43,"Rockwell","Ozone","Rowan",35.551868,-80.395039
2025-03-19,54,"Rockwell","Ozone","Rowan",35.551868,-80.395039
2025-03-20,38,"Rockwell","Ozone","Rowan",35.551868,-80.395039
2025-03-21,44,"Rockwell","Ozone","Rowan",35.551868,-80.395039
2025-03-22,48,"Rockwell","Ozone","Rowan",35.551868,-80.395039
2025-03-23,45,"Rockwell","Ozone","Rowan",35.551868,-80.395039
2025-03-24,36,"Rockwell","Ozone","Rowan",35.551868,-80.395039
2025-03-25,46,"Rockwell","Ozone","Rowan",35.551868,-80.395039
2025-03-26,44,"Rockwell","Ozone","Rowan",35.551868,-80.395039
2025-03-27,47,"Rockwell","Ozone","Rowan",35.551868,-80.395039
2025-03-28,54,"Rockwell","Ozone","Rowan",35.551868,-80.395039
2025-03-29,42,"Rockwell","Ozone","Rowan",35.551868,-80.395039
2025-03-30,36,"Rockwell","Ozone","Rowan",35.551868,-80.395039
2025-03-31,25,"Rockwell","Ozone","Rowan",35.551868,-80.395039
2025-04-01,34,"Rockwell","Ozone","Rowan",35.551868,-80.395039
2025-04-02,31,"Rockwell","Ozone","Rowan",35.551868,-80.395039
2025-04-03,28,"Rockwell","Ozone","Rowan",35.551868,-80.395039
2025-04-04,35,"Rockwell","Ozone","Rowan",35.551868,-80.395039
2025-04-05,33,"Rockwell","Ozone","Rowan",35.551868,-80.395039
2025-04-06,43,"Rockwell","Ozone","Rowan",35.551868,-80.395039
2025-04-07,29,"Rockwell","Ozone","Rowan",35.551868,-80.395039
2025-04-08,46,"Rockwell","Ozone","Rowan",35.551868,-80.395039
2025-04-09,44,"Rockwell","Ozone","Rowan",35.551868,-80.395039
2025-04-10,39,"Rockwell","Ozone","Rowan",35.551868,-80.395039
2025-04-11,40,"Rockwell","Ozone","Rowan",35.551868,-80.395039
2025-04-12,38,"Rockwell","Ozone","Rowan",35.551868,-80.395039
2025-04-13,45,"Rockwell","Ozone","Rowan",35.551868,-80.395039
2025-04-14,67,"Rockwell","Ozone","Rowan",35.551868,-80.395039
2025-04-15,44,"Rockwell","Ozone","Rowan",35.551868,-80.395039
2025-04-16,45,"Rockwell","Ozone","Rowan",35.551868,-80.395039
2025-04-17,50,"Rockwell","Ozone","Rowan",35.551868,-80.395039
2025-04-18,54,"Rockwell","Ozone","Rowan",35.551868,-80.395039
2025-04-19,42,"Rockwell","Ozone","Rowan",35.551868,-80.395039
2025-04-20,38,"Rockwell","Ozone","Rowan",35.551868,-80.395039
2025-04-21,44,"Rockwell","Ozone","Rowan",35.551868,-80.395039
2025-04-22,42,"Rockwell","Ozone","Rowan",35.551868,-80.395039
2025-04-23,43,"Rockwell","Ozone","Rowan",35.551868,-80.395039
2025-04-24,32,"Rockwell","Ozone","Rowan",35.551868,-80.395039
2025-04-25,36,"Rockwell","Ozone","Rowan",35.551868,-80.395039
2025-04-26,39,"Rockwell","Ozone","Rowan",35.551868,-80.395039
2025-04-27,47,"Rockwell","Ozone","Rowan",35.551868,-80.395039
2025-04-28,46,"Rockwell","Ozone","Rowan",35.551868,-80.395039
2025-04-29,45,"Rockwell","Ozone","Rowan",35.551868,-80.395039
2025-04-30,45,"Rockwell","Ozone","Rowan",35.551868,-80.395039
2025-05-01,44,"Rockwell","Ozone","Rowan",35.551868,-80.395039
2025-05-02,43,"Rockwell","Ozone","Rowan",35.551868,-80.395039
2025-05-03,31,"Rockwell","Ozone","Rowan",35.551868,-80.395039
2025-05-04,40,"Rockwell","Ozone","Rowan",35.551868,-80.395039
2025-05-05,43,"Rockwell","Ozone","Rowan",35.551868,-80.395039
2025-05-06,47,"Rockwell","Ozone","Rowan",35.551868,-80.395039
2025-05-07,41,"Rockwell","Ozone","Rowan",35.551868,-80.395039
2025-05-08,45,"Rockwell","Ozone","Rowan",35.551868,-80.395039
2025-05-09,43,"Rockwell","Ozone","Rowan",35.551868,-80.395039
2025-05-10,36,"Rockwell","Ozone","Rowan",35.551868,-80.395039
2025-05-11,23,"Rockwell","Ozone","Rowan",35.551868,-80.395039
2025-05-12,21,"Rockwell","Ozone","Rowan",35.551868,-80.395039
2025-05-13,34,"Rockwell","Ozone","Rowan",35.551868,-80.395039
2025-05-14,44,"Rockwell","Ozone","Rowan",35.551868,-80.395039
2025-05-15,47,"Rockwell","Ozone","Rowan",35.551868,-80.395039
2025-05-16,36,"Rockwell","Ozone","Rowan",35.551868,-80.395039
2025-05-17,42,"Rockwell","Ozone","Rowan",35.551868,-80.395039
2025-05-18,44,"Rockwell","Ozone","Rowan",35.551868,-80.395039
2025-05-19,48,"Rockwell","Ozone","Rowan",35.551868,-80.395039
2025-05-20,39,"Rockwell","Ozone","Rowan",35.551868,-80.395039
2025-05-21,42,"Rockwell","Ozone","Rowan",35.551868,-80.395039
2025-05-22,49,"Rockwell","Ozone","Rowan",35.551868,-80.395039
2025-05-23,42,"Rockwell","Ozone","Rowan",35.551868,-80.395039
2025-05-24,44,"Rockwell","Ozone","Rowan",35.551868,-80.395039
2025-05-25,35,"Rockwell","Ozone","Rowan",35.551868,-80.395039
2025-05-26,26,"Rockwell","Ozone","Rowan",35.551868,-80.395039
2025-05-27,24,"Rockwell","Ozone","Rowan",35.551868,-80.395039
2025-05-28,27,"Rockwell","Ozone","Rowan",35.551868,-80.395039
2025-05-29,30,"Rockwell","Ozone","Rowan",35.551868,-80.395039
2025-05-30,39,"Rockwell","Ozone","Rowan",35.551868,-80.395039
2025-05-31,44,"Rockwell","Ozone","Rowan",35.551868,-80.395039
2025-06-01,42,"Rockwell","Ozone","Rowan",35.551868,-80.395039
2025-06-02,49,"Rockwell","Ozone","Rowan",35.551868,-80.395039
2025-06-03,46,"Rockwell","Ozone","Rowan",35.551868,-80.395039
2025-06-04,43,"Rockwell","Ozone","Rowan",35.551868,-80.395039
2025-06-05,24,"Rockwell","Ozone","Rowan",35.551868,-80.395039
2025-06-06,43,"Rockwell","Ozone","Rowan",35.551868,-80.395039
2025-06-07,36,"Rockwell","Ozone","Rowan",35.551868,-80.395039
2025-06-08,32,"Rockwell","Ozone","Rowan",35.551868,-80.395039
2025-06-09,47,"Rockwell","Ozone","Rowan",35.551868,-80.395039
2025-06-10,38,"Rockwell","Ozone","Rowan",35.551868,-80.395039
2025-06-11,44,"Rockwell","Ozone","Rowan",35.551868,-80.395039
2025-06-12,37,"Rockwell","Ozone","Rowan",35.551868,-80.395039
2025-06-13,31,"Rockwell","Ozone","Rowan",35.551868,-80.395039
2025-06-14,31,"Rockwell","Ozone","Rowan",35.551868,-80.395039
2025-06-15,30,"Rockwell","Ozone","Rowan",35.551868,-80.395039
2025-06-16,39,"Rockwell","Ozone","Rowan",35.551868,-80.395039
2025-06-17,33,"Rockwell","Ozone","Rowan",35.551868,-80.395039
2025-06-18,36,"Rockwell","Ozone","Rowan",35.551868,-80.395039
2025-06-19,31,"Rockwell","Ozone","Rowan",35.551868,-80.395039
2025-06-20,47,"Rockwell","Ozone","Rowan",35.551868,-80.395039
2025-06-21,46,"Rockwell","Ozone","Rowan",35.551868,-80.395039
2025-06-22,44,"Rockwell","Ozone","Rowan",35.551868,-80.395039
2025-06-23,44,"Rockwell","Ozone","Rowan",35.551868,-80.395039
2025-06-24,44,"Rockwell","Ozone","Rowan",35.551868,-80.395039
2025-06-25,41,"Rockwell","Ozone","Rowan",35.551868,-80.395039
2025-06-26,51,"Rockwell","Ozone","Rowan",35.551868,-80.395039
2025-06-27,58,"Rockwell","Ozone","Rowan",35.551868,-80.395039
2025-06-28,44,"Rockwell","Ozone","Rowan",35.551868,-80.395039
2025-06-29,47,"Rockwell","Ozone","Rowan",35.551868,-80.395039
2025-06-30,37,"Rockwell","Ozone","Rowan",35.551868,-80.395039
2025-07-01,41,"Rockwell","Ozone","Rowan",35.551868,-80.395039
2025-07-02,34,"Rockwell","Ozone","Rowan",35.551868,-80.395039
2025-07-03,71,"Rockwell","Ozone","Rowan",35.551868,-80.395039
2025-07-04,44,"Rockwell","Ozone","Rowan",35.551868,-80.395039
2025-07-05,44,"Rockwell","Ozone","Rowan",35.551868,-80.395039
2025-07-06,20,"Rockwell","Ozone","Rowan",35.551868,-80.395039
2025-07-07,47,"Rockwell","Ozone","Rowan",35.551868,-80.395039
2025-07-08,74,"Rockwell","Ozone","Rowan",35.551868,-80.395039
2025-07-09,41,"Rockwell","Ozone","Rowan",35.551868,-80.395039
2025-07-10,41,"Rockwell","Ozone","Rowan",35.551868,-80.395039
2025-07-11,42,"Rockwell","Ozone","Rowan",35.551868,-80.395039
2025-07-12,43,"Rockwell","Ozone","Rowan",35.551868,-80.395039
2025-07-13,37,"Rockwell","Ozone","Rowan",35.551868,-80.395039
2025-07-14,35,"Rockwell","Ozone","Rowan",35.551868,-80.395039
2025-07-15,34,"Rockwell","Ozone","Rowan",35.551868,-80.395039
2025-07-16,40,"Rockwell","Ozone","Rowan",35.551868,-80.395039
2025-07-17,33,"Rockwell","Ozone","Rowan",35.551868,-80.395039
2025-07-18,39,"Rockwell","Ozone","Rowan",35.551868,-80.395039
2025-07-19,44,"Rockwell","Ozone","Rowan",35.551868,-80.395039
2025-07-20,35,"Rockwell","Ozone","Rowan",35.551868,-80.395039
2025-07-21,34,"Rockwell","Ozone","Rowan",35.551868,-80.395039
2025-07-22,37,"Rockwell","Ozone","Rowan",35.551868,-80.395039
2025-07-23,48,"Rockwell","Ozone","Rowan",35.551868,-80.395039
2025-07-24,35,"Rockwell","Ozone","Rowan",35.551868,-80.395039
2025-07-25,44,"Rockwell","Ozone","Rowan",35.551868,-80.395039
2025-07-26,43,"Rockwell","Ozone","Rowan",35.551868,-80.395039
2025-07-27,35,"Rockwell","Ozone","Rowan",35.551868,-80.395039
2025-07-28,46,"Rockwell","Ozone","Rowan",35.551868,-80.395039
2025-07-29,30,"Rockwell","Ozone","Rowan",35.551868,-80.395039
2025-07-30,41,"Rockwell","Ozone","Rowan",35.551868,-80.395039
2025-07-31,44,"Rockwell","Ozone","Rowan",35.551868,-80.395039
2025-08-01,32,"Rockwell","Ozone","Rowan",35.551868,-80.395039
2025-08-02,27,"Rockwell","Ozone","Rowan",35.551868,-80.395039
2025-08-03,32,"Rockwell","Ozone","Rowan",35.551868,-80.395039
2025-08-04,37,"Rockwell","Ozone","Rowan",35.551868,-80.395039
2025-08-05,32,"Rockwell","Ozone","Rowan",35.551868,-80.395039
2025-08-06,26,"Rockwell","Ozone","Rowan",35.551868,-80.395039
2025-08-07,28,"Rockwell","Ozone","Rowan",35.551868,-80.395039
2025-08-08,37,"Rockwell","Ozone","Rowan",35.551868,-80.395039
2025-08-09,34,"Rockwell","Ozone","Rowan",35.551868,-80.395039
2025-08-10,26,"Rockwell","Ozone","Rowan",35.551868,-80.395039
2025-08-11,15,"Rockwell","Ozone","Rowan",35.551868,-80.395039
2025-08-12,21,"Rockwell","Ozone","Rowan",35.551868,-80.395039
2025-08-13,25,"Rockwell","Ozone","Rowan",35.551868,-80.395039
2025-08-14,27,"Rockwell","Ozone","Rowan",35.551868,-80.395039
2025-08-15,44,"Rockwell","Ozone","Rowan",35.551868,-80.395039
2025-08-16,38,"Rockwell","Ozone","Rowan",35.551868,-80.395039
2025-08-17,40,"Rockwell","Ozone","Rowan",35.551868,-80.395039
2025-08-18,44,"Rockwell","Ozone","Rowan",35.551868,-80.395039
2025-08-19,36,"Rockwell","Ozone","Rowan",35.551868,-80.395039
2025-08-20,35,"Rockwell","Ozone","Rowan",35.551868,-80.395039
2025-08-21,36,"Rockwell","Ozone","Rowan",35.551868,-80.395039
2025-08-22,27,"Rockwell","Ozone","Rowan",35.551868,-80.395039
2025-08-23,29,"Rockwell","Ozone","Rowan",35.551868,-80.395039
2025-08-24,39,"Rockwell","Ozone","Rowan",35.551868,-80.395039
2025-08-25,37,"Rockwell","Ozone","Rowan",35.551868,-80.395039
2025-08-26,39,"Rockwell","Ozone","Rowan",35.551868,-80.395039
2025-08-27,41,"Rockwell","Ozone","Rowan",35.551868,-80.395039
2025-08-28,44,"Rockwell","Ozone","Rowan",35.551868,-80.395039
2025-08-29,46,"Rockwell","Ozone","Rowan",35.551868,-80.395039
2025-08-30,42,"Rockwell","Ozone","Rowan",35.551868,-80.395039
2025-08-31,37,"Rockwell","Ozone","Rowan",35.551868,-80.395039
2025-09-01,38,"Rockwell","Ozone","Rowan",35.551868,-80.395039
2025-09-02,42,"Rockwell","Ozone","Rowan",35.551868,-80.395039
2025-09-03,50,"Rockwell","Ozone","Rowan",35.551868,-80.395039
2025-09-04,43,"Rockwell","Ozone","Rowan",35.551868,-80.395039
2025-09-05,49,"Rockwell","Ozone","Rowan",35.551868,-80.395039
2025-09-06,37,"Rockwell","Ozone","Rowan",35.551868,-80.395039
2025-09-07,24,"Rockwell","Ozone","Rowan",35.551868,-80.395039
2025-09-08,39,"Rockwell","Ozone","Rowan",35.551868,-80.395039
2025-09-09,45,"Rockwell","Ozone","Rowan",35.551868,-80.395039
2025-09-10,40,"Rockwell","Ozone","Rowan",35.551868,-80.395039
2025-09-11,47,"Rockwell","Ozone","Rowan",35.551868,-80.395039
2025-09-12,46,"Rockwell","Ozone","Rowan",35.551868,-80.395039
2025-09-13,43,"Rockwell","Ozone","Rowan",35.551868,-80.395039
2025-09-14,48,"Rockwell","Ozone","Rowan",35.551868,-80.395039
2025-09-15,44,"Rockwell","Ozone","Rowan",35.551868,-80.395039
2025-09-16,44,"Rockwell","Ozone","Rowan",35.551868,-80.395039
2025-09-17,44,"Rockwell","Ozone","Rowan",35.551868,-80.395039
2025-09-18,45,"Rockwell","Ozone","Rowan",35.551868,-80.395039
2025-09-19,58,"Rockwell","Ozone","Rowan",35.551868,-80.395039
2025-09-20,58,"Rockwell","Ozone","Rowan",35.551868,-80.395039
2025-09-21,44,"Rockwell","Ozone","Rowan",35.551868,-80.395039
2025-09-22,40,"Rockwell","Ozone","Rowan",35.551868,-80.395039
2025-09-23,80,"Rockwell","Ozone","Rowan",35.551868,-80.395039
2025-09-24,46,"Rockwell","Ozone","Rowan",35.551868,-80.395039
2025-09-25,34,"Rockwell","Ozone","Rowan",35.551868,-80.395039
2025-09-26,28,"Rockwell","Ozone","Rowan",35.551868,-80.395039
2025-09-27,26,"Rockwell","Ozone","Rowan",35.551868,-80.395039
2025-09-28,33,"Rockwell","Ozone","Rowan",35.551868,-80.395039
2025-09-29,29,"Rockwell","Ozone","Rowan",35.551868,-80.395039
2025-09-30,40,"Rockwell","Ozone","Rowan",35.551868,-80.395039
2025-10-01,41,"Rockwell","Ozone","Rowan",35.551868,-80.395039
2025-10-02,32,"Rockwell","Ozone","Rowan",35.551868,-80.395039
2025-10-03,33,"Rockwell","Ozone","Rowan",35.551868,-80.395039
2025-10-04,33,"Rockwell","Ozone","Rowan",35.551868,-80.395039
2025-10-05,29,"Rockwell","Ozone","Rowan",35.551868,-80.395039
2025-10-06,27,"Rockwell","Ozone","Rowan",35.551868,-80.395039
2025-10-07,30,"Rockwell","Ozone","Rowan",35.551868,-80.395039
2025-10-08,29,"Rockwell","Ozone","Rowan",35.551868,-80.395039
2025-10-09,39,"Rockwell","Ozone","Rowan",35.551868,-80.395039
2025-10-10,31,"Rockwell","Ozone","Rowan",35.551868,-80.395039
2025-10-11,29,"Rockwell","Ozone","Rowan",35.551868,-80.395039
2025-10-12,26,"Rockwell","Ozone","Rowan",35.551868,-80.395039
2025-10-13,32,"Rockwell","Ozone","Rowan",35.551868,-80.395039
2025-10-14,37,"Rockwell","Ozone","Rowan",35.551868,-80.395039
2025-10-15,39,"Rockwell","Ozone","Rowan",35.551868,-80.395039
2025-10-16,38,"Rockwell","Ozone","Rowan",35.551868,-80.395039
2025-10-17,43,"Rockwell","Ozone","Rowan",35.551868,-80.395039
2025-10-18,47,"Rockwell","Ozone","Rowan",35.551868,-80.395039
2025-10-19,37,"Rockwell","Ozone","Rowan",35.551868,-80.395039
2025-10-20,33,"Rockwell","Ozone","Rowan",35.551868,-80.395039
2025-10-21,44,"Rockwell","Ozone","Rowan",35.551868,-80.395039
2025-10-22,38,"Rockwell","Ozone","Rowan",35.551868,-80.395039
2025-10-23,38,"Rockwell","Ozone","Rowan",35.551868,-80.395039
2025-10-24,36,"Rockwell","Ozone","Rowan",35.551868,-80.395039
2025-10-25,31,"Rockwell","Ozone","Rowan",35.551868,-80.395039
2025-10-26,34,"Rockwell","Ozone","Rowan",35.551868,-80.395039
2025-10-27,29,"Rockwell","Ozone","Rowan",35.551868,-80.395039
2025-10-28,27,"Rockwell","Ozone","Rowan",35.551868,-80.395039
2025-10-29,13,"Rockwell","Ozone","Rowan",35.551868,-80.395039
2025-10-30,26,"Rockwell","Ozone","Rowan",35.551868,-80.395039
2025-10-31,34,"Rockwell","Ozone","Rowan",35.551868,-80.395039
2025-11-01,34,"Rockwell","Ozone","Rowan",35.551868,-80.395039
2025-11-02,33,"Rockwell","Ozone","Rowan",35.551868,-80.395039
2025-11-03,36,"Rockwell","Ozone","Rowan",35.551868,-80.395039
2025-11-04,36,"Rockwell","Ozone","Rowan",35.551868,-80.395039
2025-11-05,42,"Rockwell","Ozone","Rowan",35.551868,-80.395039
2025-11-06,42,"Rockwell","Ozone","Rowan",35.551868,-80.395039
2025-11-07,40,"Rockwell","Ozone","Rowan",35.551868,-80.395039
2025-11-08,35,"Rockwell","Ozone","Rowan",35.551868,-80.395039
2025-11-09,38,"Rockwell","Ozone","Rowan",35.551868,-80.395039
2025-11-10,27,"Rockwell","Ozone","Rowan",35.551868,-80.395039
2025-11-11,31,"Rockwell","Ozone","Rowan",35.551868,-80.395039
2025-11-12,37,"Rockwell","Ozone","Rowan",35.551868,-80.395039
2025-11-13,39,"Rockwell","Ozone","Rowan",35.551868,-80.395039
2025-11-14,40,"Rockwell","Ozone","Rowan",35.551868,-80.395039
2025-11-15,42,"Rockwell","Ozone","Rowan",35.551868,-80.395039
2025-11-16,37,"Rockwell","Ozone","Rowan",35.551868,-80.395039
2025-11-17,38,"Rockwell","Ozone","Rowan",35.551868,-80.395039
2025-11-18,40,"Rockwell","Ozone","Rowan",35.551868,-80.395039
2025-11-19,39,"Rockwell","Ozone","Rowan",35.551868,-80.395039
2025-11-20,34,"Rockwell","Ozone","Rowan",35.551868,-80.395039
2025-11-21,20,"Rockwell","Ozone","Rowan",35.551868,-80.395039
2025-11-22,31,"Rockwell","Ozone","Rowan",35.551868,-80.395039
2025-11-23,32,"Rockwell","Ozone","Rowan",35.551868,-80.395039
2025-11-24,34,"Rockwell","Ozone","Rowan",35.551868,-80.395039
2025-11-25,28,"Rockwell","Ozone","Rowan",35.551868,-80.395039
2025-11-26,34,"Rockwell","Ozone","Rowan",35.551868,-80.395039
2025-11-27,33,"Rockwell","Ozone","Rowan",35.551868,-80.395039
2025-11-28,31,"Rockwell","Ozone","Rowan",35.551868,-80.395039
2025-11-29,31,"Rockwell","Ozone","Rowan",35.551868,-80.395039
2025-11-30,25,"Rockwell","Ozone","Rowan",35.551868,-80.395039
2025-12-01,26,"Rockwell","Ozone","Rowan",35.551868,-80.395039
2025-12-02,24,"Rockwell","Ozone","Rowan",35.551868,-80.395039
2025-12-05,15,"Rockwell","Ozone","Rowan",35.551868,-80.395039
2025-12-06,8,"Rockwell","Ozone","Rowan",35.551868,-80.395039
2025-12-07,6,"Rockwell","Ozone","Rowan",35.551868,-80.395039
2025-12-08,23,"Rockwell","Ozone","Rowan",35.551868,-80.395039
2025-12-09,25,"Rockwell","Ozone","Rowan",35.551868,-80.395039
2025-12-10,31,"Rockwell","Ozone","Rowan",35.551868,-80.395039
2025-12-11,28,"Rockwell","Ozone","Rowan",35.551868,-80.395039
2025-12-12,24,"Rockwell","Ozone","Rowan",35.551868,-80.395039
2025-12-13,28,"Rockwell","Ozone","Rowan",35.551868,-80.395039
2025-12-14,35,"Rockwell","Ozone","Rowan",35.551868,-80.395039
2025-12-15,29,"Rockwell","Ozone","Rowan",35.551868,-80.395039
2025-12-16,26,"Rockwell","Ozone","Rowan",35.551868,-80.395039
2025-12-17,30,"Rockwell","Ozone","Rowan",35.551868,-80.395039
2025-12-18,29,"Rockwell","Ozone","Rowan",35.551868,-80.395039
2025-12-19,35,"Rockwell","Ozone","Rowan",35.551868,-80.395039
2025-12-20,33,"Rockwell","Ozone","Rowan",35.551868,-80.395039
2025-12-21,32,"Rockwell","Ozone","Rowan",35.551868,-80.395039
2025-12-22,33,"Rockwell","Ozone","Rowan",35.551868,-80.395039
2025-12-23,38,"Rockwell","Ozone","Rowan",35.551868,-80.395039
2025-12-24,31,"Rockwell","Ozone","Rowan",35.551868,-80.395039
2025-12-25,31,"Rockwell","Ozone","Rowan",35.551868,-80.395039
2025-12-26,27,"Rockwell","Ozone","Rowan",35.551868,-80.395039
2025-12-27,31,"Rockwell","Ozone","Rowan",35.551868,-80.395039
2025-12-28,19,"Rockwell","Ozone","Rowan",35.551868,-80.395039
2025-12-29,31,"Rockwell","Ozone","Rowan",35.551868,-80.395039
2025-12-30,30,"Rockwell","Ozone","Rowan",35.551868,-80.395039
2025-12-31,35,"Rockwell","Ozone","Rowan",35.551868,-80.395039
2025-03-01,43,"Bryson City","Ozone","Swain",35.434767,-83.442133
2025-03-02,40,"Bryson City","Ozone","Swain",35.434767,-83.442133
2025-03-03,42,"Bryson City","Ozone","Swain",35.434767,-83.442133
2025-03-04,43,"Bryson City","Ozone","Swain",35.434767,-83.442133
2025-03-05,35,"Bryson City","Ozone","Swain",35.434767,-83.442133
2025-03-06,36,"Bryson City","Ozone","Swain",35.434767,-83.442133
2025-03-07,32,"Bryson City","Ozone","Swain",35.434767,-83.442133
2025-03-08,43,"Bryson City","Ozone","Swain",35.434767,-83.442133
2025-03-09,40,"Bryson City","Ozone","Swain",35.434767,-83.442133
2025-03-10,40,"Bryson City","Ozone","Swain",35.434767,-83.442133
2025-03-11,48,"Bryson City","Ozone","Swain",35.434767,-83.442133
2025-03-12,49,"Bryson City","Ozone","Swain",35.434767,-83.442133
2025-03-13,50,"Bryson City","Ozone","Swain",35.434767,-83.442133
2025-03-14,49,"Bryson City","Ozone","Swain",35.434767,-83.442133
2025-03-15,44,"Bryson City","Ozone","Swain",35.434767,-83.442133
2025-03-16,43,"Bryson City","Ozone","Swain",35.434767,-83.442133
2025-03-17,36,"Bryson City","Ozone","Swain",35.434767,-83.442133
2025-03-18,42,"Bryson City","Ozone","Swain",35.434767,-83.442133
2025-03-19,47,"Bryson City","Ozone","Swain",35.434767,-83.442133
2025-03-20,32,"Bryson City","Ozone","Swain",35.434767,-83.442133
2025-03-21,43,"Bryson City","Ozone","Swain",35.434767,-83.442133
2025-03-22,46,"Bryson City","Ozone","Swain",35.434767,-83.442133
2025-03-23,58,"Bryson City","Ozone","Swain",35.434767,-83.442133
2025-03-24,44,"Bryson City","Ozone","Swain",35.434767,-83.442133
2025-03-25,47,"Bryson City","Ozone","Swain",35.434767,-83.442133
2025-03-26,47,"Bryson City","Ozone","Swain",35.434767,-83.442133
2025-03-27,43,"Bryson City","Ozone","Swain",35.434767,-83.442133
2025-03-28,51,"Bryson City","Ozone","Swain",35.434767,-83.442133
2025-03-29,37,"Bryson City","Ozone","Swain",35.434767,-83.442133
2025-03-30,27,"Bryson City","Ozone","Swain",35.434767,-83.442133
2025-03-31,35,"Bryson City","Ozone","Swain",35.434767,-83.442133
2025-04-01,38,"Bryson City","Ozone","Swain",35.434767,-83.442133
2025-04-02,27,"Bryson City","Ozone","Swain",35.434767,-83.442133
2025-04-03,34,"Bryson City","Ozone","Swain",35.434767,-83.442133
2025-04-04,36,"Bryson City","Ozone","Swain",35.434767,-83.442133
2025-04-05,44,"Bryson City","Ozone","Swain",35.434767,-83.442133
2025-04-06,32,"Bryson City","Ozone","Swain",35.434767,-83.442133
2025-04-07,28,"Bryson City","Ozone","Swain",35.434767,-83.442133
2025-04-08,48,"Bryson City","Ozone","Swain",35.434767,-83.442133
2025-04-09,46,"Bryson City","Ozone","Swain",35.434767,-83.442133
2025-04-10,37,"Bryson City","Ozone","Swain",35.434767,-83.442133
2025-04-11,40,"Bryson City","Ozone","Swain",35.434767,-83.442133
2025-04-12,42,"Bryson City","Ozone","Swain",35.434767,-83.442133
2025-04-13,42,"Bryson City","Ozone","Swain",35.434767,-83.442133
2025-04-14,71,"Bryson City","Ozone","Swain",35.434767,-83.442133
2025-04-15,44,"Bryson City","Ozone","Swain",35.434767,-83.442133
2025-04-16,49,"Bryson City","Ozone","Swain",35.434767,-83.442133
2025-04-17,50,"Bryson City","Ozone","Swain",35.434767,-83.442133
2025-04-18,87,"Bryson City","Ozone","Swain",35.434767,-83.442133
2025-04-19,64,"Bryson City","Ozone","Swain",35.434767,-83.442133
2025-04-20,54,"Bryson City","Ozone","Swain",35.434767,-83.442133
2025-04-21,45,"Bryson City","Ozone","Swain",35.434767,-83.442133
2025-04-22,31,"Bryson City","Ozone","Swain",35.434767,-83.442133
2025-04-23,38,"Bryson City","Ozone","Swain",35.434767,-83.442133
2025-04-24,32,"Bryson City","Ozone","Swain",35.434767,-83.442133
2025-04-25,35,"Bryson City","Ozone","Swain",35.434767,-83.442133
2025-04-26,40,"Bryson City","Ozone","Swain",35.434767,-83.442133
2025-04-27,45,"Bryson City","Ozone","Swain",35.434767,-83.442133
2025-04-28,45,"Bryson City","Ozone","Swain",35.434767,-83.442133
2025-04-29,42,"Bryson City","Ozone","Swain",35.434767,-83.442133
2025-04-30,37,"Bryson City","Ozone","Swain",35.434767,-83.442133
2025-05-01,37,"Bryson City","Ozone","Swain",35.434767,-83.442133
2025-05-02,30,"Bryson City","Ozone","Swain",35.434767,-83.442133
2025-05-03,28,"Bryson City","Ozone","Swain",35.434767,-83.442133
2025-05-04,36,"Bryson City","Ozone","Swain",35.434767,-83.442133
2025-05-05,35,"Bryson City","Ozone","Swain",35.434767,-83.442133
2025-05-06,41,"Bryson City","Ozone","Swain",35.434767,-83.442133
2025-05-07,25,"Bryson City","Ozone","Swain",35.434767,-83.442133
2025-05-08,37,"Bryson City","Ozone","Swain",35.434767,-83.442133
2025-05-09,41,"Bryson City","Ozone","Swain",35.434767,-83.442133
2025-05-10,26,"Bryson City","Ozone","Swain",35.434767,-83.442133
2025-05-11,33,"Bryson City","Ozone","Swain",35.434767,-83.442133
2025-05-12,23,"Bryson City","Ozone","Swain",35.434767,-83.442133
2025-05-13,36,"Bryson City","Ozone","Swain",35.434767,-83.442133
2025-05-14,35,"Bryson City","Ozone","Swain",35.434767,-83.442133
2025-05-15,39,"Bryson City","Ozone","Swain",35.434767,-83.442133
2025-05-16,22,"Bryson City","Ozone","Swain",35.434767,-83.442133
2025-05-17,46,"Bryson City","Ozone","Swain",35.434767,-83.442133
2025-05-18,45,"Bryson City","Ozone","Swain",35.434767,-83.442133
2025-05-19,31,"Bryson City","Ozone","Swain",35.434767,-83.442133
2025-05-20,28,"Bryson City","Ozone","Swain",35.434767,-83.442133
2025-05-21,43,"Bryson City","Ozone","Swain",35.434767,-83.442133
2025-05-22,49,"Bryson City","Ozone","Swain",35.434767,-83.442133
2025-05-23,42,"Bryson City","Ozone","Swain",35.434767,-83.442133
2025-05-24,31,"Bryson City","Ozone","Swain",35.434767,-83.442133
2025-05-25,29,"Bryson City","Ozone","Swain",35.434767,-83.442133
2025-05-26,31,"Bryson City","Ozone","Swain",35.434767,-83.442133
2025-05-27,18,"Bryson City","Ozone","Swain",35.434767,-83.442133
2025-05-28,26,"Bryson City","Ozone","Swain",35.434767,-83.442133
2025-05-29,24,"Bryson City","Ozone","Swain",35.434767,-83.442133
2025-05-30,41,"Bryson City","Ozone","Swain",35.434767,-83.442133
2025-05-31,48,"Bryson City","Ozone","Swain",35.434767,-83.442133
2025-06-01,44,"Bryson City","Ozone","Swain",35.434767,-83.442133
2025-06-02,44,"Bryson City","Ozone","Swain",35.434767,-83.442133
2025-06-03,48,"Bryson City","Ozone","Swain",35.434767,-83.442133
2025-06-04,44,"Bryson City","Ozone","Swain",35.434767,-83.442133
2025-06-05,36,"Bryson City","Ozone","Swain",35.434767,-83.442133
2025-06-06,32,"Bryson City","Ozone","Swain",35.434767,-83.442133
2025-06-07,38,"Bryson City","Ozone","Swain",35.434767,-83.442133
2025-06-08,41,"Bryson City","Ozone","Swain",35.434767,-83.442133
2025-06-09,34,"Bryson City","Ozone","Swain",35.434767,-83.442133
2025-06-10,35,"Bryson City","Ozone","Swain",35.434767,-83.442133
2025-06-11,44,"Bryson City","Ozone","Swain",35.434767,-83.442133
2025-06-12,32,"Bryson City","Ozone","Swain",35.434767,-83.442133
2025-06-13,23,"Bryson City","Ozone","Swain",35.434767,-83.442133
2025-06-14,25,"Bryson City","Ozone","Swain",35.434767,-83.442133
2025-06-15,28,"Bryson City","Ozone","Swain",35.434767,-83.442133
2025-06-16,25,"Bryson City","Ozone","Swain",35.434767,-83.442133
2025-06-17,25,"Bryson City","Ozone","Swain",35.434767,-83.442133
2025-06-18,23,"Bryson City","Ozone","Swain",35.434767,-83.442133
2025-06-19,43,"Bryson City","Ozone","Swain",35.434767,-83.442133
2025-06-20,37,"Bryson City","Ozone","Swain",35.434767,-83.442133
2025-06-21,39,"Bryson City","Ozone","Swain",35.434767,-83.442133
2025-06-22,36,"Bryson City","Ozone","Swain",35.434767,-83.442133
2025-06-23,32,"Bryson City","Ozone","Swain",35.434767,-83.442133
2025-06-24,31,"Bryson City","Ozone","Swain",35.434767,-83.442133
2025-06-25,22,"Bryson City","Ozone","Swain",35.434767,-83.442133
2025-06-26,29,"Bryson City","Ozone","Swain",35.434767,-83.442133
2025-06-27,29,"Bryson City","Ozone","Swain",35.434767,-83.442133
2025-06-28,31,"Bryson City","Ozone","Swain",35.434767,-83.442133
2025-06-29,32,"Bryson City","Ozone","Swain",35.434767,-83.442133
2025-06-30,31,"Bryson City","Ozone","Swain",35.434767,-83.442133
2025-07-01,27,"Bryson City","Ozone","Swain",35.434767,-83.442133
2025-07-02,43,"Bryson City","Ozone","Swain",35.434767,-83.442133
2025-07-03,41,"Bryson City","Ozone","Swain",35.434767,-83.442133
2025-07-04,37,"Bryson City","Ozone","Swain",35.434767,-83.442133
2025-07-05,40,"Bryson City","Ozone","Swain",35.434767,-83.442133
2025-07-06,35,"Bryson City","Ozone","Swain",35.434767,-83.442133
2025-07-07,35,"Bryson City","Ozone","Swain",35.434767,-83.442133
2025-07-08,31,"Bryson City","Ozone","Swain",35.434767,-83.442133
2025-07-09,30,"Bryson City","Ozone","Swain",35.434767,-83.442133
2025-07-10,27,"Bryson City","Ozone","Swain",35.434767,-83.442133
2025-07-11,28,"Bryson City","Ozone","Swain",35.434767,-83.442133
2025-07-12,28,"Bryson City","Ozone","Swain",35.434767,-83.442133
2025-07-13,22,"Bryson City","Ozone","Swain",35.434767,-83.442133
2025-07-14,23,"Bryson City","Ozone","Swain",35.434767,-83.442133
2025-07-15,26,"Bryson City","Ozone","Swain",35.434767,-83.442133
2025-07-16,31,"Bryson City","Ozone","Swain",35.434767,-83.442133
2025-07-17,29,"Bryson City","Ozone","Swain",35.434767,-83.442133
2025-07-18,26,"Bryson City","Ozone","Swain",35.434767,-83.442133
2025-07-19,27,"Bryson City","Ozone","Swain",35.434767,-83.442133
2025-07-20,28,"Bryson City","Ozone","Swain",35.434767,-83.442133
2025-07-21,27,"Bryson City","Ozone","Swain",35.434767,-83.442133
2025-07-22,23,"Bryson City","Ozone","Swain",35.434767,-83.442133
2025-07-23,31,"Bryson City","Ozone","Swain",35.434767,-83.442133
2025-07-24,37,"Bryson City","Ozone","Swain",35.434767,-83.442133
2025-07-25,30,"Bryson City","Ozone","Swain",35.434767,-83.442133
2025-07-26,30,"Bryson City","Ozone","Swain",35.434767,-83.442133
2025-07-27,24,"Bryson City","Ozone","Swain",35.434767,-83.442133
2025-07-28,28,"Bryson City","Ozone","Swain",35.434767,-83.442133
2025-07-29,29,"Bryson City","Ozone","Swain",35.434767,-83.442133
2025-07-30,30,"Bryson City","Ozone","Swain",35.434767,-83.442133
2025-08-01,32,"Bryson City","Ozone","Swain",35.434767,-83.442133
2025-08-02,21,"Bryson City","Ozone","Swain",35.434767,-83.442133
2025-08-03,25,"Bryson City","Ozone","Swain",35.434767,-83.442133
2025-08-04,23,"Bryson City","Ozone","Swain",35.434767,-83.442133
2025-08-05,24,"Bryson City","Ozone","Swain",35.434767,-83.442133
2025-08-06,26,"Bryson City","Ozone","Swain",35.434767,-83.442133
2025-08-07,26,"Bryson City","Ozone","Swain",35.434767,-83.442133
2025-08-08,30,"Bryson City","Ozone","Swain",35.434767,-83.442133
2025-08-09,28,"Bryson City","Ozone","Swain",35.434767,-83.442133
2025-08-10,22,"Bryson City","Ozone","Swain",35.434767,-83.442133
2025-08-11,20,"Bryson City","Ozone","Swain",35.434767,-83.442133
2025-08-12,16,"Bryson City","Ozone","Swain",35.434767,-83.442133
2025-08-13,18,"Bryson City","Ozone","Swain",35.434767,-83.442133
2025-08-14,23,"Bryson City","Ozone","Swain",35.434767,-83.442133
2025-08-15,30,"Bryson City","Ozone","Swain",35.434767,-83.442133
2025-08-16,24,"Bryson City","Ozone","Swain",35.434767,-83.442133
2025-08-17,29,"Bryson City","Ozone","Swain",35.434767,-83.442133
2025-08-18,30,"Bryson City","Ozone","Swain",35.434767,-83.442133
2025-08-19,29,"Bryson City","Ozone","Swain",35.434767,-83.442133
2025-08-20,26,"Bryson City","Ozone","Swain",35.434767,-83.442133
2025-08-21,29,"Bryson City","Ozone","Swain",35.434767,-83.442133
2025-08-22,29,"Bryson City","Ozone","Swain",35.434767,-83.442133
2025-08-23,22,"Bryson City","Ozone","Swain",35.434767,-83.442133
2025-08-24,29,"Bryson City","Ozone","Swain",35.434767,-83.442133
2025-08-25,31,"Bryson City","Ozone","Swain",35.434767,-83.442133
2025-08-26,32,"Bryson City","Ozone","Swain",35.434767,-83.442133
2025-08-27,33,"Bryson City","Ozone","Swain",35.434767,-83.442133
2025-08-28,33,"Bryson City","Ozone","Swain",35.434767,-83.442133
2025-08-29,35,"Bryson City","Ozone","Swain",35.434767,-83.442133
2025-08-30,33,"Bryson City","Ozone","Swain",35.434767,-83.442133
2025-08-31,32,"Bryson City","Ozone","Swain",35.434767,-83.442133
2025-09-01,31,"Bryson City","Ozone","Swain",35.434767,-83.442133
2025-09-02,29,"Bryson City","Ozone","Swain",35.434767,-83.442133
2025-09-03,30,"Bryson City","Ozone","Swain",35.434767,-83.442133
2025-09-04,29,"Bryson City","Ozone","Swain",35.434767,-83.442133
2025-09-05,27,"Bryson City","Ozone","Swain",35.434767,-83.442133
2025-09-06,28,"Bryson City","Ozone","Swain",35.434767,-83.442133
2025-09-07,29,"Bryson City","Ozone","Swain",35.434767,-83.442133
2025-09-08,31,"Bryson City","Ozone","Swain",35.434767,-83.442133
2025-09-09,32,"Bryson City","Ozone","Swain",35.434767,-83.442133
2025-09-10,36,"Bryson City","Ozone","Swain",35.434767,-83.442133
2025-09-11,35,"Bryson City","Ozone","Swain",35.434767,-83.442133
2025-09-12,35,"Bryson City","Ozone","Swain",35.434767,-83.442133
2025-09-13,37,"Bryson City","Ozone","Swain",35.434767,-83.442133
2025-09-14,31,"Bryson City","Ozone","Swain",35.434767,-83.442133
2025-09-15,36,"Bryson City","Ozone","Swain",35.434767,-83.442133
2025-09-16,41,"Bryson City","Ozone","Swain",35.434767,-83.442133
2025-09-17,40,"Bryson City","Ozone","Swain",35.434767,-83.442133
2025-09-18,38,"Bryson City","Ozone","Swain",35.434767,-83.442133
2025-09-19,36,"Bryson City","Ozone","Swain",35.434767,-83.442133
2025-09-20,32,"Bryson City","Ozone","Swain",35.434767,-83.442133
2025-09-21,34,"Bryson City","Ozone","Swain",35.434767,-83.442133
2025-09-22,34,"Bryson City","Ozone","Swain",35.434767,-83.442133
2025-09-23,31,"Bryson City","Ozone","Swain",35.434767,-83.442133
2025-09-24,22,"Bryson City","Ozone","Swain",35.434767,-83.442133
2025-09-25,25,"Bryson City","Ozone","Swain",35.434767,-83.442133
2025-09-26,26,"Bryson City","Ozone","Swain",35.434767,-83.442133
2025-09-27,27,"Bryson City","Ozone","Swain",35.434767,-83.442133
2025-09-28,31,"Bryson City","Ozone","Swain",35.434767,-83.442133
2025-09-29,37,"Bryson City","Ozone","Swain",35.434767,-83.442133
2025-09-30,19,"Bryson City","Ozone","Swain",35.434767,-83.442133
2025-10-01,25,"Bryson City","Ozone","Swain",35.434767,-83.442133
2025-10-02,30,"Bryson City","Ozone","Swain",35.434767,-83.442133
2025-10-03,31,"Bryson City","Ozone","Swain",35.434767,-83.442133
2025-10-04,27,"Bryson City","Ozone","Swain",35.434767,-83.442133
2025-10-05,28,"Bryson City","Ozone","Swain",35.434767,-83.442133
2025-10-06,28,"Bryson City","Ozone","Swain",35.434767,-83.442133
2025-10-07,23,"Bryson City","Ozone","Swain",35.434767,-83.442133
2025-10-08,26,"Bryson City","Ozone","Swain",35.434767,-83.442133
2025-10-09,29,"Bryson City","Ozone","Swain",35.434767,-83.442133
2025-10-10,34,"Bryson City","Ozone","Swain",35.434767,-83.442133
2025-10-11,30,"Bryson City","Ozone","Swain",35.434767,-83.442133
2025-10-12,33,"Bryson City","Ozone","Swain",35.434767,-83.442133
2025-10-13,33,"Bryson City","Ozone","Swain",35.434767,-83.442133
2025-10-14,34,"Bryson City","Ozone","Swain",35.434767,-83.442133
2025-10-15,31,"Bryson City","Ozone","Swain",35.434767,-83.442133
2025-10-16,35,"Bryson City","Ozone","Swain",35.434767,-83.442133
2025-10-17,35,"Bryson City","Ozone","Swain",35.434767,-83.442133
2025-10-18,36,"Bryson City","Ozone","Swain",35.434767,-83.442133
2025-10-19,33,"Bryson City","Ozone","Swain",35.434767,-83.442133
2025-10-20,29,"Bryson City","Ozone","Swain",35.434767,-83.442133
2025-10-21,24,"Bryson City","Ozone","Swain",35.434767,-83.442133
2025-10-22,34,"Bryson City","Ozone","Swain",35.434767,-83.442133
2025-10-23,39,"Bryson City","Ozone","Swain",35.434767,-83.442133
2025-10-24,31,"Bryson City","Ozone","Swain",35.434767,-83.442133
2025-10-25,34,"Bryson City","Ozone","Swain",35.434767,-83.442133
2025-10-26,25,"Bryson City","Ozone","Swain",35.434767,-83.442133
2025-10-27,25,"Bryson City","Ozone","Swain",35.434767,-83.442133
2025-10-28,24,"Bryson City","Ozone","Swain",35.434767,-83.442133
2025-10-29,18,"Bryson City","Ozone","Swain",35.434767,-83.442133
2025-10-30,19,"Bryson City","Ozone","Swain",35.434767,-83.442133
2025-10-31,32,"Bryson City","Ozone","Swain",35.434767,-83.442133
2025-11-01,25,"Bryson City","Ozone","Swain",35.434767,-83.442133
2025-11-02,31,"Bryson City","Ozone","Swain",35.434767,-83.442133
2025-04-19,54,"Old High School","Ozone","Swain",35.498711,-83.310242
2025-04-20,49,"Old High School","Ozone","Swain",35.498711,-83.310242
2025-04-21,45,"Old High School","Ozone","Swain",35.498711,-83.310242
2025-04-23,36,"Old High School","Ozone","Swain",35.498711,-83.310242
2025-04-24,33,"Old High School","Ozone","Swain",35.498711,-83.310242
2025-04-25,35,"Old High School","Ozone","Swain",35.498711,-83.310242
2025-04-26,37,"Old High School","Ozone","Swain",35.498711,-83.310242
2025-04-27,44,"Old High School","Ozone","Swain",35.498711,-83.310242
2025-04-28,47,"Old High School","Ozone","Swain",35.498711,-83.310242
2025-04-29,44,"Old High School","Ozone","Swain",35.498711,-83.310242
2025-04-30,38,"Old High School","Ozone","Swain",35.498711,-83.310242
2025-05-01,34,"Old High School","Ozone","Swain",35.498711,-83.310242
2025-05-02,31,"Old High School","Ozone","Swain",35.498711,-83.310242
2025-05-03,30,"Old High School","Ozone","Swain",35.498711,-83.310242
2025-05-04,38,"Old High School","Ozone","Swain",35.498711,-83.310242
2025-06-11,39,"Old High School","Ozone","Swain",35.498711,-83.310242
2025-06-12,31,"Old High School","Ozone","Swain",35.498711,-83.310242
2025-06-13,24,"Old High School","Ozone","Swain",35.498711,-83.310242
2025-06-14,26,"Old High School","Ozone","Swain",35.498711,-83.310242
2025-06-15,26,"Old High School","Ozone","Swain",35.498711,-83.310242
2025-06-16,27,"Old High School","Ozone","Swain",35.498711,-83.310242
2025-06-17,24,"Old High School","Ozone","Swain",35.498711,-83.310242
2025-06-18,21,"Old High School","Ozone","Swain",35.498711,-83.310242
2025-06-19,32,"Old High School","Ozone","Swain",35.498711,-83.310242
2025-06-20,31,"Old High School","Ozone","Swain",35.498711,-83.310242
2025-06-21,41,"Old High School","Ozone","Swain",35.498711,-83.310242
2025-06-22,34,"Old High School","Ozone","Swain",35.498711,-83.310242
2025-06-23,31,"Old High School","Ozone","Swain",35.498711,-83.310242
2025-06-25,21,"Old High School","Ozone","Swain",35.498711,-83.310242
2025-06-26,24,"Old High School","Ozone","Swain",35.498711,-83.310242
2025-06-27,30,"Old High School","Ozone","Swain",35.498711,-83.310242
2025-06-28,30,"Old High School","Ozone","Swain",35.498711,-83.310242
2025-06-29,31,"Old High School","Ozone","Swain",35.498711,-83.310242
2025-06-30,31,"Old High School","Ozone","Swain",35.498711,-83.310242
2025-07-01,25,"Old High School","Ozone","Swain",35.498711,-83.310242
2025-07-02,41,"Old High School","Ozone","Swain",35.498711,-83.310242
2025-07-03,38,"Old High School","Ozone","Swain",35.498711,-83.310242
2025-07-04,35,"Old High School","Ozone","Swain",35.498711,-83.310242
2025-07-05,36,"Old High School","Ozone","Swain",35.498711,-83.310242
2025-07-06,32,"Old High School","Ozone","Swain",35.498711,-83.310242
2025-07-07,36,"Old High School","Ozone","Swain",35.498711,-83.310242
2025-07-08,29,"Old High School","Ozone","Swain",35.498711,-83.310242
2025-07-09,30,"Old High School","Ozone","Swain",35.498711,-83.310242
2025-07-10,23,"Old High School","Ozone","Swain",35.498711,-83.310242
2025-07-11,21,"Old High School","Ozone","Swain",35.498711,-83.310242
2025-07-12,25,"Old High School","Ozone","Swain",35.498711,-83.310242
2025-07-13,18,"Old High School","Ozone","Swain",35.498711,-83.310242
2025-07-14,20,"Old High School","Ozone","Swain",35.498711,-83.310242
2025-07-15,22,"Old High School","Ozone","Swain",35.498711,-83.310242
2025-07-16,26,"Old High School","Ozone","Swain",35.498711,-83.310242
2025-07-17,29,"Old High School","Ozone","Swain",35.498711,-83.310242
2025-07-18,25,"Old High School","Ozone","Swain",35.498711,-83.310242
2025-07-19,28,"Old High School","Ozone","Swain",35.498711,-83.310242
2025-07-20,19,"Old High School","Ozone","Swain",35.498711,-83.310242
2025-07-22,18,"Old High School","Ozone","Swain",35.498711,-83.310242
2025-07-23,32,"Old High School","Ozone","Swain",35.498711,-83.310242
2025-07-24,37,"Old High School","Ozone","Swain",35.498711,-83.310242
2025-07-25,29,"Old High School","Ozone","Swain",35.498711,-83.310242
2025-07-26,31,"Old High School","Ozone","Swain",35.498711,-83.310242
2025-07-27,19,"Old High School","Ozone","Swain",35.498711,-83.310242
2025-07-28,26,"Old High School","Ozone","Swain",35.498711,-83.310242
2025-07-29,27,"Old High School","Ozone","Swain",35.498711,-83.310242
2025-07-30,24,"Old High School","Ozone","Swain",35.498711,-83.310242
2025-07-31,23,"Old High School","Ozone","Swain",35.498711,-83.310242
2025-08-01,26,"Old High School","Ozone","Swain",35.498711,-83.310242
2025-08-02,20,"Old High School","Ozone","Swain",35.498711,-83.310242
2025-08-03,24,"Old High School","Ozone","Swain",35.498711,-83.310242
2025-08-04,22,"Old High School","Ozone","Swain",35.498711,-83.310242
2025-08-05,26,"Old High School","Ozone","Swain",35.498711,-83.310242
2025-08-06,22,"Old High School","Ozone","Swain",35.498711,-83.310242
2025-08-07,24,"Old High School","Ozone","Swain",35.498711,-83.310242
2025-08-08,24,"Old High School","Ozone","Swain",35.498711,-83.310242
2025-08-09,29,"Old High School","Ozone","Swain",35.498711,-83.310242
2025-08-10,22,"Old High School","Ozone","Swain",35.498711,-83.310242
2025-08-11,16,"Old High School","Ozone","Swain",35.498711,-83.310242
2025-08-12,19,"Old High School","Ozone","Swain",35.498711,-83.310242
2025-08-13,18,"Old High School","Ozone","Swain",35.498711,-83.310242
2025-08-14,17,"Old High School","Ozone","Swain",35.498711,-83.310242
2025-08-15,26,"Old High School","Ozone","Swain",35.498711,-83.310242
2025-08-16,24,"Old High School","Ozone","Swain",35.498711,-83.310242
2025-08-17,29,"Old High School","Ozone","Swain",35.498711,-83.310242
2025-08-18,30,"Old High School","Ozone","Swain",35.498711,-83.310242
2025-08-19,31,"Old High School","Ozone","Swain",35.498711,-83.310242
2025-08-20,29,"Old High School","Ozone","Swain",35.498711,-83.310242
2025-08-21,23,"Old High School","Ozone","Swain",35.498711,-83.310242
2025-08-22,32,"Old High School","Ozone","Swain",35.498711,-83.310242
2025-08-25,31,"Old High School","Ozone","Swain",35.498711,-83.310242
2025-08-26,31,"Old High School","Ozone","Swain",35.498711,-83.310242
2025-08-27,30,"Old High School","Ozone","Swain",35.498711,-83.310242
2025-08-28,33,"Old High School","Ozone","Swain",35.498711,-83.310242
2025-08-29,29,"Old High School","Ozone","Swain",35.498711,-83.310242
2025-08-30,28,"Old High School","Ozone","Swain",35.498711,-83.310242
2025-08-31,31,"Old High School","Ozone","Swain",35.498711,-83.310242
2025-09-01,24,"Old High School","Ozone","Swain",35.498711,-83.310242
2025-09-02,24,"Old High School","Ozone","Swain",35.498711,-83.310242
2025-09-03,27,"Old High School","Ozone","Swain",35.498711,-83.310242
2025-09-04,28,"Old High School","Ozone","Swain",35.498711,-83.310242
2025-09-05,24,"Old High School","Ozone","Swain",35.498711,-83.310242
2025-09-06,26,"Old High School","Ozone","Swain",35.498711,-83.310242
2025-09-07,28,"Old High School","Ozone","Swain",35.498711,-83.310242
2025-09-08,30,"Old High School","Ozone","Swain",35.498711,-83.310242
2025-09-09,31,"Old High School","Ozone","Swain",35.498711,-83.310242
2025-09-10,32,"Old High School","Ozone","Swain",35.498711,-83.310242
2025-09-15,28,"Old High School","Ozone","Swain",35.498711,-83.310242
2025-09-16,34,"Old High School","Ozone","Swain",35.498711,-83.310242
2025-09-17,35,"Old High School","Ozone","Swain",35.498711,-83.310242
2025-09-18,38,"Old High School","Ozone","Swain",35.498711,-83.310242
2025-09-19,34,"Old High School","Ozone","Swain",35.498711,-83.310242
2025-09-20,28,"Old High School","Ozone","Swain",35.498711,-83.310242
2025-09-21,36,"Old High School","Ozone","Swain",35.498711,-83.310242
2025-09-22,33,"Old High School","Ozone","Swain",35.498711,-83.310242
2025-09-23,33,"Old High School","Ozone","Swain",35.498711,-83.310242
2025-09-25,24,"Old High School","Ozone","Swain",35.498711,-83.310242
2025-09-26,28,"Old High School","Ozone","Swain",35.498711,-83.310242
2025-09-27,27,"Old High School","Ozone","Swain",35.498711,-83.310242
2025-09-28,30,"Old High School","Ozone","Swain",35.498711,-83.310242
2025-09-29,31,"Old High School","Ozone","Swain",35.498711,-83.310242
2025-09-30,19,"Old High School","Ozone","Swain",35.498711,-83.310242
2025-10-01,25,"Old High School","Ozone","Swain",35.498711,-83.310242
2025-10-02,32,"Old High School","Ozone","Swain",35.498711,-83.310242
2025-10-03,31,"Old High School","Ozone","Swain",35.498711,-83.310242
2025-10-04,24,"Old High School","Ozone","Swain",35.498711,-83.310242
2025-10-05,27,"Old High School","Ozone","Swain",35.498711,-83.310242
2025-10-06,27,"Old High School","Ozone","Swain",35.498711,-83.310242
2025-10-07,22,"Old High School","Ozone","Swain",35.498711,-83.310242
2025-10-08,28,"Old High School","Ozone","Swain",35.498711,-83.310242
2025-10-09,30,"Old High School","Ozone","Swain",35.498711,-83.310242
2025-10-10,34,"Old High School","Ozone","Swain",35.498711,-83.310242
2025-10-11,33,"Old High School","Ozone","Swain",35.498711,-83.310242
2025-10-12,36,"Old High School","Ozone","Swain",35.498711,-83.310242
2025-10-13,35,"Old High School","Ozone","Swain",35.498711,-83.310242
2025-10-14,37,"Old High School","Ozone","Swain",35.498711,-83.310242
2025-10-15,33,"Old High School","Ozone","Swain",35.498711,-83.310242
2025-10-21,28,"Old High School","Ozone","Swain",35.498711,-83.310242
2025-10-22,32,"Old High School","Ozone","Swain",35.498711,-83.310242
2025-10-23,37,"Old High School","Ozone","Swain",35.498711,-83.310242
2025-10-24,30,"Old High School","Ozone","Swain",35.498711,-83.310242
2025-10-25,35,"Old High School","Ozone","Swain",35.498711,-83.310242
2025-10-26,28,"Old High School","Ozone","Swain",35.498711,-83.310242
2025-10-27,23,"Old High School","Ozone","Swain",35.498711,-83.310242
2025-10-28,26,"Old High School","Ozone","Swain",35.498711,-83.310242
2025-10-29,28,"Old High School","Ozone","Swain",35.498711,-83.310242
2025-10-30,16,"Old High School","Ozone","Swain",35.498711,-83.310242
2025-10-31,31,"Old High School","Ozone","Swain",35.498711,-83.310242
2025-11-02,32,"Old High School","Ozone","Swain",35.498711,-83.310242
2025-03-01,51,"Monroe School","Ozone","Union",34.974038917,-80.54062183
2025-03-02,41,"Monroe School","Ozone","Union",34.974038917,-80.54062183
2025-03-03,43,"Monroe School","Ozone","Union",34.974038917,-80.54062183
2025-03-04,43,"Monroe School","Ozone","Union",34.974038917,-80.54062183
2025-03-05,44,"Monroe School","Ozone","Union",34.974038917,-80.54062183
2025-03-06,38,"Monroe School","Ozone","Union",34.974038917,-80.54062183
2025-03-07,42,"Monroe School","Ozone","Union",34.974038917,-80.54062183
2025-03-08,46,"Monroe School","Ozone","Union",34.974038917,-80.54062183
2025-03-09,42,"Monroe School","Ozone","Union",34.974038917,-80.54062183
2025-03-10,28,"Monroe School","Ozone","Union",34.974038917,-80.54062183
2025-03-11,49,"Monroe School","Ozone","Union",34.974038917,-80.54062183
2025-03-12,58,"Monroe School","Ozone","Union",34.974038917,-80.54062183
2025-03-13,54,"Monroe School","Ozone","Union",34.974038917,-80.54062183
2025-03-14,47,"Monroe School","Ozone","Union",34.974038917,-80.54062183
2025-03-15,39,"Monroe School","Ozone","Union",34.974038917,-80.54062183
2025-03-16,36,"Monroe School","Ozone","Union",34.974038917,-80.54062183
2025-03-17,35,"Monroe School","Ozone","Union",34.974038917,-80.54062183
2025-03-18,43,"Monroe School","Ozone","Union",34.974038917,-80.54062183
2025-03-19,54,"Monroe School","Ozone","Union",34.974038917,-80.54062183
2025-03-20,41,"Monroe School","Ozone","Union",34.974038917,-80.54062183
2025-03-21,44,"Monroe School","Ozone","Union",34.974038917,-80.54062183
2025-03-22,51,"Monroe School","Ozone","Union",34.974038917,-80.54062183
2025-03-23,50,"Monroe School","Ozone","Union",34.974038917,-80.54062183
2025-03-24,41,"Monroe School","Ozone","Union",34.974038917,-80.54062183
2025-03-25,47,"Monroe School","Ozone","Union",34.974038917,-80.54062183
2025-03-26,48,"Monroe School","Ozone","Union",34.974038917,-80.54062183
2025-03-27,49,"Monroe School","Ozone","Union",34.974038917,-80.54062183
2025-03-28,64,"Monroe School","Ozone","Union",34.974038917,-80.54062183
2025-03-29,44,"Monroe School","Ozone","Union",34.974038917,-80.54062183
2025-03-30,39,"Monroe School","Ozone","Union",34.974038917,-80.54062183
2025-03-31,28,"Monroe School","Ozone","Union",34.974038917,-80.54062183
2025-04-01,38,"Monroe School","Ozone","Union",34.974038917,-80.54062183
2025-04-02,35,"Monroe School","Ozone","Union",34.974038917,-80.54062183
2025-04-03,32,"Monroe School","Ozone","Union",34.974038917,-80.54062183
2025-04-04,33,"Monroe School","Ozone","Union",34.974038917,-80.54062183
2025-04-05,36,"Monroe School","Ozone","Union",34.974038917,-80.54062183
2025-04-06,33,"Monroe School","Ozone","Union",34.974038917,-80.54062183
2025-04-07,31,"Monroe School","Ozone","Union",34.974038917,-80.54062183
2025-04-08,54,"Monroe School","Ozone","Union",34.974038917,-80.54062183
2025-04-09,44,"Monroe School","Ozone","Union",34.974038917,-80.54062183
2025-04-10,44,"Monroe School","Ozone","Union",34.974038917,-80.54062183
2025-04-11,44,"Monroe School","Ozone","Union",34.974038917,-80.54062183
2025-04-12,40,"Monroe School","Ozone","Union",34.974038917,-80.54062183
2025-04-13,49,"Monroe School","Ozone","Union",34.974038917,-80.54062183
2025-04-14,67,"Monroe School","Ozone","Union",34.974038917,-80.54062183
2025-04-15,48,"Monroe School","Ozone","Union",34.974038917,-80.54062183
2025-04-16,48,"Monroe School","Ozone","Union",34.974038917,-80.54062183
2025-04-17,58,"Monroe School","Ozone","Union",34.974038917,-80.54062183
2025-04-18,58,"Monroe School","Ozone","Union",34.974038917,-80.54062183
2025-04-19,45,"Monroe School","Ozone","Union",34.974038917,-80.54062183
2025-04-20,36,"Monroe School","Ozone","Union",34.974038917,-80.54062183
2025-04-21,45,"Monroe School","Ozone","Union",34.974038917,-80.54062183
2025-04-22,45,"Monroe School","Ozone","Union",34.974038917,-80.54062183
2025-04-23,44,"Monroe School","Ozone","Union",34.974038917,-80.54062183
2025-04-24,29,"Monroe School","Ozone","Union",34.974038917,-80.54062183
2025-04-25,38,"Monroe School","Ozone","Union",34.974038917,-80.54062183
2025-04-26,37,"Monroe School","Ozone","Union",34.974038917,-80.54062183
2025-04-27,47,"Monroe School","Ozone","Union",34.974038917,-80.54062183
2025-04-28,50,"Monroe School","Ozone","Union",34.974038917,-80.54062183
2025-04-29,45,"Monroe School","Ozone","Union",34.974038917,-80.54062183
2025-04-30,40,"Monroe School","Ozone","Union",34.974038917,-80.54062183
2025-05-01,44,"Monroe School","Ozone","Union",34.974038917,-80.54062183
2025-05-02,43,"Monroe School","Ozone","Union",34.974038917,-80.54062183
2025-05-03,34,"Monroe School","Ozone","Union",34.974038917,-80.54062183
2025-05-04,39,"Monroe School","Ozone","Union",34.974038917,-80.54062183
2025-05-05,43,"Monroe School","Ozone","Union",34.974038917,-80.54062183
2025-05-06,47,"Monroe School","Ozone","Union",34.974038917,-80.54062183
2025-05-07,45,"Monroe School","Ozone","Union",34.974038917,-80.54062183
2025-05-08,42,"Monroe School","Ozone","Union",34.974038917,-80.54062183
2025-05-09,51,"Monroe School","Ozone","Union",34.974038917,-80.54062183
2025-05-10,36,"Monroe School","Ozone","Union",34.974038917,-80.54062183
2025-05-11,32,"Monroe School","Ozone","Union",34.974038917,-80.54062183
2025-05-12,24,"Monroe School","Ozone","Union",34.974038917,-80.54062183
2025-05-13,37,"Monroe School","Ozone","Union",34.974038917,-80.54062183
2025-05-14,35,"Monroe School","Ozone","Union",34.974038917,-80.54062183
2025-05-15,41,"Monroe School","Ozone","Union",34.974038917,-80.54062183
2025-05-16,38,"Monroe School","Ozone","Union",34.974038917,-80.54062183
2025-05-17,41,"Monroe School","Ozone","Union",34.974038917,-80.54062183
2025-05-18,41,"Monroe School","Ozone","Union",34.974038917,-80.54062183
2025-05-19,42,"Monroe School","Ozone","Union",34.974038917,-80.54062183
2025-05-20,43,"Monroe School","Ozone","Union",34.974038917,-80.54062183
2025-05-21,41,"Monroe School","Ozone","Union",34.974038917,-80.54062183
2025-05-22,50,"Monroe School","Ozone","Union",34.974038917,-80.54062183
2025-05-23,49,"Monroe School","Ozone","Union",34.974038917,-80.54062183
2025-05-24,44,"Monroe School","Ozone","Union",34.974038917,-80.54062183
2025-05-25,35,"Monroe School","Ozone","Union",34.974038917,-80.54062183
2025-05-26,32,"Monroe School","Ozone","Union",34.974038917,-80.54062183
2025-05-27,23,"Monroe School","Ozone","Union",34.974038917,-80.54062183
2025-05-28,26,"Monroe School","Ozone","Union",34.974038917,-80.54062183
2025-05-29,29,"Monroe School","Ozone","Union",34.974038917,-80.54062183
2025-05-30,35,"Monroe School","Ozone","Union",34.974038917,-80.54062183
2025-05-31,46,"Monroe School","Ozone","Union",34.974038917,-80.54062183
2025-06-01,51,"Monroe School","Ozone","Union",34.974038917,-80.54062183
2025-06-02,45,"Monroe School","Ozone","Union",34.974038917,-80.54062183
2025-06-03,51,"Monroe School","Ozone","Union",34.974038917,-80.54062183
2025-06-04,49,"Monroe School","Ozone","Union",34.974038917,-80.54062183
2025-06-05,23,"Monroe School","Ozone","Union",34.974038917,-80.54062183
2025-06-06,44,"Monroe School","Ozone","Union",34.974038917,-80.54062183
2025-06-07,38,"Monroe School","Ozone","Union",34.974038917,-80.54062183
2025-06-08,35,"Monroe School","Ozone","Union",34.974038917,-80.54062183
2025-06-09,43,"Monroe School","Ozone","Union",34.974038917,-80.54062183
2025-06-10,30,"Monroe School","Ozone","Union",34.974038917,-80.54062183
2025-06-11,47,"Monroe School","Ozone","Union",34.974038917,-80.54062183
2025-06-12,33,"Monroe School","Ozone","Union",34.974038917,-80.54062183
2025-06-13,27,"Monroe School","Ozone","Union",34.974038917,-80.54062183
2025-06-14,26,"Monroe School","Ozone","Union",34.974038917,-80.54062183
2025-06-15,25,"Monroe School","Ozone","Union",34.974038917,-80.54062183
2025-06-16,27,"Monroe School","Ozone","Union",34.974038917,-80.54062183
2025-06-17,27,"Monroe School","Ozone","Union",34.974038917,-80.54062183
2025-06-18,26,"Monroe School","Ozone","Union",34.974038917,-80.54062183
2025-06-19,26,"Monroe School","Ozone","Union",34.974038917,-80.54062183
2025-06-20,48,"Monroe School","Ozone","Union",34.974038917,-80.54062183
2025-06-21,49,"Monroe School","Ozone","Union",34.974038917,-80.54062183
2025-06-22,48,"Monroe School","Ozone","Union",34.974038917,-80.54062183
2025-06-23,71,"Monroe School","Ozone","Union",34.974038917,-80.54062183
2025-06-24,46,"Monroe School","Ozone","Union",34.974038917,-80.54062183
2025-06-25,90,"Monroe School","Ozone","Union",34.974038917,-80.54062183
2025-06-26,47,"Monroe School","Ozone","Union",34.974038917,-80.54062183
2025-06-27,47,"Monroe School","Ozone","Union",34.974038917,-80.54062183
2025-06-28,39,"Monroe School","Ozone","Union",34.974038917,-80.54062183
2025-06-29,44,"Monroe School","Ozone","Union",34.974038917,-80.54062183
2025-06-30,39,"Monroe School","Ozone","Union",34.974038917,-80.54062183
2025-07-01,36,"Monroe School","Ozone","Union",34.974038917,-80.54062183
2025-07-02,35,"Monroe School","Ozone","Union",34.974038917,-80.54062183
2025-07-03,61,"Monroe School","Ozone","Union",34.974038917,-80.54062183
2025-07-04,47,"Monroe School","Ozone","Union",34.974038917,-80.54062183
2025-07-05,47,"Monroe School","Ozone","Union",34.974038917,-80.54062183
2025-07-06,28,"Monroe School","Ozone","Union",34.974038917,-80.54062183
2025-07-07,42,"Monroe School","Ozone","Union",34.974038917,-80.54062183
2025-07-08,49,"Monroe School","Ozone","Union",34.974038917,-80.54062183
2025-07-09,36,"Monroe School","Ozone","Union",34.974038917,-80.54062183
2025-07-10,39,"Monroe School","Ozone","Union",34.974038917,-80.54062183
2025-07-11,32,"Monroe School","Ozone","Union",34.974038917,-80.54062183
2025-07-12,40,"Monroe School","Ozone","Union",34.974038917,-80.54062183
2025-07-13,43,"Monroe School","Ozone","Union",34.974038917,-80.54062183
2025-07-14,46,"Monroe School","Ozone","Union",34.974038917,-80.54062183
2025-07-15,35,"Monroe School","Ozone","Union",34.974038917,-80.54062183
2025-07-16,34,"Monroe School","Ozone","Union",34.974038917,-80.54062183
2025-07-17,32,"Monroe School","Ozone","Union",34.974038917,-80.54062183
2025-07-18,31,"Monroe School","Ozone","Union",34.974038917,-80.54062183
2025-07-19,36,"Monroe School","Ozone","Union",34.974038917,-80.54062183
2025-07-20,40,"Monroe School","Ozone","Union",34.974038917,-80.54062183
2025-07-21,51,"Monroe School","Ozone","Union",34.974038917,-80.54062183
2025-07-22,36,"Monroe School","Ozone","Union",34.974038917,-80.54062183
2025-07-23,47,"Monroe School","Ozone","Union",34.974038917,-80.54062183
2025-07-24,38,"Monroe School","Ozone","Union",34.974038917,-80.54062183
2025-07-25,37,"Monroe School","Ozone","Union",34.974038917,-80.54062183
2025-07-26,43,"Monroe School","Ozone","Union",34.974038917,-80.54062183
2025-07-27,45,"Monroe School","Ozone","Union",34.974038917,-80.54062183
2025-07-28,50,"Monroe School","Ozone","Union",34.974038917,-80.54062183
2025-07-29,44,"Monroe School","Ozone","Union",34.974038917,-80.54062183
2025-07-30,41,"Monroe School","Ozone","Union",34.974038917,-80.54062183
2025-07-31,41,"Monroe School","Ozone","Union",34.974038917,-80.54062183
2025-08-01,37,"Monroe School","Ozone","Union",34.974038917,-80.54062183
2025-08-02,22,"Monroe School","Ozone","Union",34.974038917,-80.54062183
2025-08-03,34,"Monroe School","Ozone","Union",34.974038917,-80.54062183
2025-08-04,36,"Monroe School","Ozone","Union",34.974038917,-80.54062183
2025-08-05,31,"Monroe School","Ozone","Union",34.974038917,-80.54062183
2025-08-06,24,"Monroe School","Ozone","Union",34.974038917,-80.54062183
2025-08-07,28,"Monroe School","Ozone","Union",34.974038917,-80.54062183
2025-08-08,28,"Monroe School","Ozone","Union",34.974038917,-80.54062183
2025-08-09,31,"Monroe School","Ozone","Union",34.974038917,-80.54062183
2025-08-10,25,"Monroe School","Ozone","Union",34.974038917,-80.54062183
2025-08-11,19,"Monroe School","Ozone","Union",34.974038917,-80.54062183
2025-08-12,20,"Monroe School","Ozone","Union",34.974038917,-80.54062183
2025-08-13,20,"Monroe School","Ozone","Union",34.974038917,-80.54062183
2025-08-14,21,"Monroe School","Ozone","Union",34.974038917,-80.54062183
2025-08-15,38,"Monroe School","Ozone","Union",34.974038917,-80.54062183
2025-08-16,39,"Monroe School","Ozone","Union",34.974038917,-80.54062183
2025-08-17,36,"Monroe School","Ozone","Union",34.974038917,-80.54062183
2025-08-18,41,"Monroe School","Ozone","Union",34.974038917,-80.54062183
2025-08-19,32,"Monroe School","Ozone","Union",34.974038917,-80.54062183
2025-08-20,31,"Monroe School","Ozone","Union",34.974038917,-80.54062183
2025-08-21,36,"Monroe School","Ozone","Union",34.974038917,-80.54062183
2025-08-22,26,"Monroe School","Ozone","Union",34.974038917,-80.54062183
2025-08-23,33,"Monroe School","Ozone","Union",34.974038917,-80.54062183
2025-08-24,44,"Monroe School","Ozone","Union",34.974038917,-80.54062183
2025-08-25,47,"Monroe School","Ozone","Union",34.974038917,-80.54062183
2025-08-26,43,"Monroe School","Ozone","Union",34.974038917,-80.54062183
2025-08-27,44,"Monroe School","Ozone","Union",34.974038917,-80.54062183
2025-08-28,41,"Monroe School","Ozone","Union",34.974038917,-80.54062183
2025-08-29,71,"Monroe School","Ozone","Union",34.974038917,-80.54062183
2025-08-30,44,"Monroe School","Ozone","Union",34.974038917,-80.54062183
2025-08-31,38,"Monroe School","Ozone","Union",34.974038917,-80.54062183
2025-09-01,37,"Monroe School","Ozone","Union",34.974038917,-80.54062183
2025-09-02,40,"Monroe School","Ozone","Union",34.974038917,-80.54062183
2025-09-03,61,"Monroe School","Ozone","Union",34.974038917,-80.54062183
2025-09-04,40,"Monroe School","Ozone","Union",34.974038917,-80.54062183
2025-09-05,43,"Monroe School","Ozone","Union",34.974038917,-80.54062183
2025-09-06,37,"Monroe School","Ozone","Union",34.974038917,-80.54062183
2025-09-07,28,"Monroe School","Ozone","Union",34.974038917,-80.54062183
2025-09-08,39,"Monroe School","Ozone","Union",34.974038917,-80.54062183
2025-09-09,46,"Monroe School","Ozone","Union",34.974038917,-80.54062183
2025-09-10,41,"Monroe School","Ozone","Union",34.974038917,-80.54062183
2025-09-11,45,"Monroe School","Ozone","Union",34.974038917,-80.54062183
2025-09-12,45,"Monroe School","Ozone","Union",34.974038917,-80.54062183
2025-09-13,43,"Monroe School","Ozone","Union",34.974038917,-80.54062183
2025-09-14,48,"Monroe School","Ozone","Union",34.974038917,-80.54062183
2025-09-15,49,"Monroe School","Ozone","Union",34.974038917,-80.54062183
2025-09-16,46,"Monroe School","Ozone","Union",34.974038917,-80.54062183
2025-09-17,49,"Monroe School","Ozone","Union",34.974038917,-80.54062183
2025-09-18,51,"Monroe School","Ozone","Union",34.974038917,-80.54062183
2025-09-19,58,"Monroe School","Ozone","Union",34.974038917,-80.54062183
2025-09-20,58,"Monroe School","Ozone","Union",34.974038917,-80.54062183
2025-09-21,49,"Monroe School","Ozone","Union",34.974038917,-80.54062183
2025-09-22,42,"Monroe School","Ozone","Union",34.974038917,-80.54062183
2025-09-23,49,"Monroe School","Ozone","Union",34.974038917,-80.54062183
2025-09-24,41,"Monroe School","Ozone","Union",34.974038917,-80.54062183
2025-09-25,34,"Monroe School","Ozone","Union",34.974038917,-80.54062183
2025-09-26,28,"Monroe School","Ozone","Union",34.974038917,-80.54062183
2025-09-27,36,"Monroe School","Ozone","Union",34.974038917,-80.54062183
2025-09-28,30,"Monroe School","Ozone","Union",34.974038917,-80.54062183
2025-09-29,25,"Monroe School","Ozone","Union",34.974038917,-80.54062183
2025-09-30,41,"Monroe School","Ozone","Union",34.974038917,-80.54062183
2025-10-01,41,"Monroe School","Ozone","Union",34.974038917,-80.54062183
2025-10-02,31,"Monroe School","Ozone","Union",34.974038917,-80.54062183
2025-10-03,31,"Monroe School","Ozone","Union",34.974038917,-80.54062183
2025-10-04,32,"Monroe School","Ozone","Union",34.974038917,-80.54062183
2025-10-05,31,"Monroe School","Ozone","Union",34.974038917,-80.54062183
2025-10-06,30,"Monroe School","Ozone","Union",34.974038917,-80.54062183
2025-10-07,29,"Monroe School","Ozone","Union",34.974038917,-80.54062183
2025-10-08,31,"Monroe School","Ozone","Union",34.974038917,-80.54062183
2025-10-09,39,"Monroe School","Ozone","Union",34.974038917,-80.54062183
2025-10-10,32,"Monroe School","Ozone","Union",34.974038917,-80.54062183
2025-10-11,30,"Monroe School","Ozone","Union",34.974038917,-80.54062183
2025-10-12,27,"Monroe School","Ozone","Union",34.974038917,-80.54062183
2025-10-13,35,"Monroe School","Ozone","Union",34.974038917,-80.54062183
2025-10-14,40,"Monroe School","Ozone","Union",34.974038917,-80.54062183
2025-10-15,42,"Monroe School","Ozone","Union",34.974038917,-80.54062183
2025-10-16,41,"Monroe School","Ozone","Union",34.974038917,-80.54062183
2025-10-17,43,"Monroe School","Ozone","Union",34.974038917,-80.54062183
2025-10-18,42,"Monroe School","Ozone","Union",34.974038917,-80.54062183
2025-10-19,38,"Monroe School","Ozone","Union",34.974038917,-80.54062183
2025-10-20,36,"Monroe School","Ozone","Union",34.974038917,-80.54062183
2025-10-21,42,"Monroe School","Ozone","Union",34.974038917,-80.54062183
2025-10-22,40,"Monroe School","Ozone","Union",34.974038917,-80.54062183
2025-10-23,39,"Monroe School","Ozone","Union",34.974038917,-80.54062183
2025-10-24,39,"Monroe School","Ozone","Union",34.974038917,-80.54062183
2025-10-25,31,"Monroe School","Ozone","Union",34.974038917,-80.54062183
2025-10-26,32,"Monroe School","Ozone","Union",34.974038917,-80.54062183
2025-10-27,29,"Monroe School","Ozone","Union",34.974038917,-80.54062183
2025-10-28,27,"Monroe School","Ozone","Union",34.974038917,-80.54062183
2025-10-29,13,"Monroe School","Ozone","Union",34.974038917,-80.54062183
2025-10-30,25,"Monroe School","Ozone","Union",34.974038917,-80.54062183
2025-10-31,35,"Monroe School","Ozone","Union",34.974038917,-80.54062183
2025-11-01,35,"Monroe School","Ozone","Union",34.974038917,-80.54062183
2025-11-02,31,"Monroe School","Ozone","Union",34.974038917,-80.54062183
2025-01-01,31,"Millbrook School","Ozone","Wake",35.856111,-78.574167
2025-01-02,29,"Millbrook School","Ozone","Wake",35.856111,-78.574167
2025-01-03,31,"Millbrook School","Ozone","Wake",35.856111,-78.574167
2025-01-04,29,"Millbrook School","Ozone","Wake",35.856111,-78.574167
2025-01-05,33,"Millbrook School","Ozone","Wake",35.856111,-78.574167
2025-01-06,24,"Millbrook School","Ozone","Wake",35.856111,-78.574167
2025-01-07,29,"Millbrook School","Ozone","Wake",35.856111,-78.574167
2025-01-08,31,"Millbrook School","Ozone","Wake",35.856111,-78.574167
2025-01-09,33,"Millbrook School","Ozone","Wake",35.856111,-78.574167
2025-01-10,25,"Millbrook School","Ozone","Wake",35.856111,-78.574167
2025-01-11,31,"Millbrook School","Ozone","Wake",35.856111,-78.574167
2025-01-12,30,"Millbrook School","Ozone","Wake",35.856111,-78.574167
2025-01-13,30,"Millbrook School","Ozone","Wake",35.856111,-78.574167
2025-01-14,35,"Millbrook School","Ozone","Wake",35.856111,-78.574167
2025-01-15,31,"Millbrook School","Ozone","Wake",35.856111,-78.574167
2025-01-16,33,"Millbrook School","Ozone","Wake",35.856111,-78.574167
2025-01-17,33,"Millbrook School","Ozone","Wake",35.856111,-78.574167
2025-01-18,24,"Millbrook School","Ozone","Wake",35.856111,-78.574167
2025-01-19,30,"Millbrook School","Ozone","Wake",35.856111,-78.574167
2025-01-20,34,"Millbrook School","Ozone","Wake",35.856111,-78.574167
2025-01-21,31,"Millbrook School","Ozone","Wake",35.856111,-78.574167
2025-01-22,31,"Millbrook School","Ozone","Wake",35.856111,-78.574167
2025-01-23,28,"Millbrook School","Ozone","Wake",35.856111,-78.574167
2025-01-24,34,"Millbrook School","Ozone","Wake",35.856111,-78.574167
2025-01-25,33,"Millbrook School","Ozone","Wake",35.856111,-78.574167
2025-01-26,39,"Millbrook School","Ozone","Wake",35.856111,-78.574167
2025-01-27,30,"Millbrook School","Ozone","Wake",35.856111,-78.574167
2025-01-28,36,"Millbrook School","Ozone","Wake",35.856111,-78.574167
2025-01-29,39,"Millbrook School","Ozone","Wake",35.856111,-78.574167
2025-01-30,39,"Millbrook School","Ozone","Wake",35.856111,-78.574167
2025-01-31,40,"Millbrook School","Ozone","Wake",35.856111,-78.574167
2025-02-01,33,"Millbrook School","Ozone","Wake",35.856111,-78.574167
2025-02-02,32,"Millbrook School","Ozone","Wake",35.856111,-78.574167
2025-02-03,32,"Millbrook School","Ozone","Wake",35.856111,-78.574167
2025-02-04,41,"Millbrook School","Ozone","Wake",35.856111,-78.574167
2025-02-05,31,"Millbrook School","Ozone","Wake",35.856111,-78.574167
2025-02-06,19,"Millbrook School","Ozone","Wake",35.856111,-78.574167
2025-02-07,41,"Millbrook School","Ozone","Wake",35.856111,-78.574167
2025-02-08,25,"Millbrook School","Ozone","Wake",35.856111,-78.574167
2025-02-09,35,"Millbrook School","Ozone","Wake",35.856111,-78.574167
2025-02-10,30,"Millbrook School","Ozone","Wake",35.856111,-78.574167
2025-02-11,29,"Millbrook School","Ozone","Wake",35.856111,-78.574167
2025-02-12,27,"Millbrook School","Ozone","Wake",35.856111,-78.574167
2025-02-13,25,"Millbrook School","Ozone","Wake",35.856111,-78.574167
2025-02-14,34,"Millbrook School","Ozone","Wake",35.856111,-78.574167
2025-02-15,29,"Millbrook School","Ozone","Wake",35.856111,-78.574167
2025-02-16,33,"Millbrook School","Ozone","Wake",35.856111,-78.574167
2025-02-17,38,"Millbrook School","Ozone","Wake",35.856111,-78.574167
2025-02-18,38,"Millbrook School","Ozone","Wake",35.856111,-78.574167
2025-02-19,30,"Millbrook School","Ozone","Wake",35.856111,-78.574167
2025-02-20,35,"Millbrook School","Ozone","Wake",35.856111,-78.574167
2025-02-21,35,"Millbrook School","Ozone","Wake",35.856111,-78.574167
2025-02-22,33,"Millbrook School","Ozone","Wake",35.856111,-78.574167
2025-02-23,41,"Millbrook School","Ozone","Wake",35.856111,-78.574167
2025-02-24,43,"Millbrook School","Ozone","Wake",35.856111,-78.574167
2025-02-25,47,"Millbrook School","Ozone","Wake",35.856111,-78.574167
2025-02-26,42,"Millbrook School","Ozone","Wake",35.856111,-78.574167
2025-02-27,47,"Millbrook School","Ozone","Wake",35.856111,-78.574167
2025-02-28,42,"Millbrook School","Ozone","Wake",35.856111,-78.574167
2025-03-01,48,"Millbrook School","Ozone","Wake",35.856111,-78.574167
2025-03-02,38,"Millbrook School","Ozone","Wake",35.856111,-78.574167
2025-03-03,40,"Millbrook School","Ozone","Wake",35.856111,-78.574167
2025-03-04,40,"Millbrook School","Ozone","Wake",35.856111,-78.574167
2025-03-05,35,"Millbrook School","Ozone","Wake",35.856111,-78.574167
2025-03-06,33,"Millbrook School","Ozone","Wake",35.856111,-78.574167
2025-03-07,34,"Millbrook School","Ozone","Wake",35.856111,-78.574167
2025-03-08,43,"Millbrook School","Ozone","Wake",35.856111,-78.574167
2025-03-09,41,"Millbrook School","Ozone","Wake",35.856111,-78.574167
2025-03-10,39,"Millbrook School","Ozone","Wake",35.856111,-78.574167
2025-03-11,47,"Millbrook School","Ozone","Wake",35.856111,-78.574167
2025-03-12,64,"Millbrook School","Ozone","Wake",35.856111,-78.574167
2025-03-13,49,"Millbrook School","Ozone","Wake",35.856111,-78.574167
2025-03-14,30,"Millbrook School","Ozone","Wake",35.856111,-78.574167
2025-03-15,33,"Millbrook School","Ozone","Wake",35.856111,-78.574167
2025-03-16,31,"Millbrook School","Ozone","Wake",35.856111,-78.574167
2025-03-17,30,"Millbrook School","Ozone","Wake",35.856111,-78.574167
2025-03-18,41,"Millbrook School","Ozone","Wake",35.856111,-78.574167
2025-03-19,58,"Millbrook School","Ozone","Wake",35.856111,-78.574167
2025-03-20,39,"Millbrook School","Ozone","Wake",35.856111,-78.574167
2025-03-21,40,"Millbrook School","Ozone","Wake",35.856111,-78.574167
2025-03-22,47,"Millbrook School","Ozone","Wake",35.856111,-78.574167
2025-03-23,44,"Millbrook School","Ozone","Wake",35.856111,-78.574167
2025-03-24,37,"Millbrook School","Ozone","Wake",35.856111,-78.574167
2025-03-25,45,"Millbrook School","Ozone","Wake",35.856111,-78.574167
2025-03-26,44,"Millbrook School","Ozone","Wake",35.856111,-78.574167
2025-03-27,48,"Millbrook School","Ozone","Wake",35.856111,-78.574167
2025-03-28,58,"Millbrook School","Ozone","Wake",35.856111,-78.574167
2025-03-29,41,"Millbrook School","Ozone","Wake",35.856111,-78.574167
2025-03-30,37,"Millbrook School","Ozone","Wake",35.856111,-78.574167
2025-03-31,31,"Millbrook School","Ozone","Wake",35.856111,-78.574167
2025-04-01,31,"Millbrook School","Ozone","Wake",35.856111,-78.574167
2025-04-02,37,"Millbrook School","Ozone","Wake",35.856111,-78.574167
2025-04-03,31,"Millbrook School","Ozone","Wake",35.856111,-78.574167
2025-04-04,32,"Millbrook School","Ozone","Wake",35.856111,-78.574167
2025-04-05,31,"Millbrook School","Ozone","Wake",35.856111,-78.574167
2025-04-06,36,"Millbrook School","Ozone","Wake",35.856111,-78.574167
2025-04-07,24,"Millbrook School","Ozone","Wake",35.856111,-78.574167
2025-04-08,45,"Millbrook School","Ozone","Wake",35.856111,-78.574167
2025-04-09,44,"Millbrook School","Ozone","Wake",35.856111,-78.574167
2025-04-10,45,"Millbrook School","Ozone","Wake",35.856111,-78.574167
2025-04-11,37,"Millbrook School","Ozone","Wake",35.856111,-78.574167
2025-04-12,36,"Millbrook School","Ozone","Wake",35.856111,-78.574167
2025-04-13,44,"Millbrook School","Ozone","Wake",35.856111,-78.574167
2025-04-14,48,"Millbrook School","Ozone","Wake",35.856111,-78.574167
2025-04-15,44,"Millbrook School","Ozone","Wake",35.856111,-78.574167
2025-04-16,45,"Millbrook School","Ozone","Wake",35.856111,-78.574167
2025-04-17,54,"Millbrook School","Ozone","Wake",35.856111,-78.574167
2025-04-18,51,"Millbrook School","Ozone","Wake",35.856111,-78.574167
2025-04-19,43,"Millbrook School","Ozone","Wake",35.856111,-78.574167
2025-04-20,39,"Millbrook School","Ozone","Wake",35.856111,-78.574167
2025-04-21,46,"Millbrook School","Ozone","Wake",35.856111,-78.574167
2025-04-22,43,"Millbrook School","Ozone","Wake",35.856111,-78.574167
2025-04-23,43,"Millbrook School","Ozone","Wake",35.856111,-78.574167
2025-04-24,51,"Millbrook School","Ozone","Wake",35.856111,-78.574167
2025-04-25,41,"Millbrook School","Ozone","Wake",35.856111,-78.574167
2025-04-26,38,"Millbrook School","Ozone","Wake",35.856111,-78.574167
2025-04-27,44,"Millbrook School","Ozone","Wake",35.856111,-78.574167
2025-04-28,47,"Millbrook School","Ozone","Wake",35.856111,-78.574167
2025-04-29,49,"Millbrook School","Ozone","Wake",35.856111,-78.574167
2025-04-30,42,"Millbrook School","Ozone","Wake",35.856111,-78.574167
2025-05-01,44,"Millbrook School","Ozone","Wake",35.856111,-78.574167
2025-05-02,45,"Millbrook School","Ozone","Wake",35.856111,-78.574167
2025-05-03,39,"Millbrook School","Ozone","Wake",35.856111,-78.574167
2025-05-04,35,"Millbrook School","Ozone","Wake",35.856111,-78.574167
2025-05-05,33,"Millbrook School","Ozone","Wake",35.856111,-78.574167
2025-05-06,44,"Millbrook School","Ozone","Wake",35.856111,-78.574167
2025-05-07,44,"Millbrook School","Ozone","Wake",35.856111,-78.574167
2025-05-08,49,"Millbrook School","Ozone","Wake",35.856111,-78.574167
2025-05-09,44,"Millbrook School","Ozone","Wake",35.856111,-78.574167
2025-05-10,43,"Millbrook School","Ozone","Wake",35.856111,-78.574167
2025-05-11,32,"Millbrook School","Ozone","Wake",35.856111,-78.574167
2025-05-12,25,"Millbrook School","Ozone","Wake",35.856111,-78.574167
2025-05-13,32,"Millbrook School","Ozone","Wake",35.856111,-78.574167
2025-05-14,34,"Millbrook School","Ozone","Wake",35.856111,-78.574167
2025-05-15,39,"Millbrook School","Ozone","Wake",35.856111,-78.574167
2025-05-16,39,"Millbrook School","Ozone","Wake",35.856111,-78.574167
2025-05-17,41,"Millbrook School","Ozone","Wake",35.856111,-78.574167
2025-05-18,44,"Millbrook School","Ozone","Wake",35.856111,-78.574167
2025-05-19,49,"Millbrook School","Ozone","Wake",35.856111,-78.574167
2025-05-20,47,"Millbrook School","Ozone","Wake",35.856111,-78.574167
2025-05-21,32,"Millbrook School","Ozone","Wake",35.856111,-78.574167
2025-05-22,47,"Millbrook School","Ozone","Wake",35.856111,-78.574167
2025-05-23,42,"Millbrook School","Ozone","Wake",35.856111,-78.574167
2025-05-24,45,"Millbrook School","Ozone","Wake",35.856111,-78.574167
2025-05-25,41,"Millbrook School","Ozone","Wake",35.856111,-78.574167
2025-05-26,31,"Millbrook School","Ozone","Wake",35.856111,-78.574167
2025-05-27,25,"Millbrook School","Ozone","Wake",35.856111,-78.574167
2025-05-28,24,"Millbrook School","Ozone","Wake",35.856111,-78.574167
2025-05-29,31,"Millbrook School","Ozone","Wake",35.856111,-78.574167
2025-05-30,34,"Millbrook School","Ozone","Wake",35.856111,-78.574167
2025-05-31,44,"Millbrook School","Ozone","Wake",35.856111,-78.574167
2025-06-01,45,"Millbrook School","Ozone","Wake",35.856111,-78.574167
2025-06-02,44,"Millbrook School","Ozone","Wake",35.856111,-78.574167
2025-06-03,58,"Millbrook School","Ozone","Wake",35.856111,-78.574167
2025-06-04,54,"Millbrook School","Ozone","Wake",35.856111,-78.574167
2025-06-05,20,"Millbrook School","Ozone","Wake",35.856111,-78.574167
2025-06-06,41,"Millbrook School","Ozone","Wake",35.856111,-78.574167
2025-06-07,35,"Millbrook School","Ozone","Wake",35.856111,-78.574167
2025-06-08,32,"Millbrook School","Ozone","Wake",35.856111,-78.574167
2025-06-09,44,"Millbrook School","Ozone","Wake",35.856111,-78.574167
2025-06-10,33,"Millbrook School","Ozone","Wake",35.856111,-78.574167
2025-06-11,43,"Millbrook School","Ozone","Wake",35.856111,-78.574167
2025-06-12,40,"Millbrook School","Ozone","Wake",35.856111,-78.574167
2025-06-13,21,"Millbrook School","Ozone","Wake",35.856111,-78.574167
2025-06-14,28,"Millbrook School","Ozone","Wake",35.856111,-78.574167
2025-06-15,25,"Millbrook School","Ozone","Wake",35.856111,-78.574167
2025-06-16,31,"Millbrook School","Ozone","Wake",35.856111,-78.574167
2025-06-17,32,"Millbrook School","Ozone","Wake",35.856111,-78.574167
2025-06-18,31,"Millbrook School","Ozone","Wake",35.856111,-78.574167
2025-06-19,31,"Millbrook School","Ozone","Wake",35.856111,-78.574167
2025-06-20,44,"Millbrook School","Ozone","Wake",35.856111,-78.574167
2025-06-21,46,"Millbrook School","Ozone","Wake",35.856111,-78.574167
2025-06-22,47,"Millbrook School","Ozone","Wake",35.856111,-78.574167
2025-06-23,45,"Millbrook School","Ozone","Wake",35.856111,-78.574167
2025-06-24,37,"Millbrook School","Ozone","Wake",35.856111,-78.574167
2025-06-25,47,"Millbrook School","Ozone","Wake",35.856111,-78.574167
2025-06-26,64,"Millbrook School","Ozone","Wake",35.856111,-78.574167
2025-06-27,58,"Millbrook School","Ozone","Wake",35.856111,-78.574167
2025-06-28,42,"Millbrook School","Ozone","Wake",35.856111,-78.574167
2025-06-29,40,"Millbrook School","Ozone","Wake",35.856111,-78.574167
2025-06-30,37,"Millbrook School","Ozone","Wake",35.856111,-78.574167
2025-07-01,37,"Millbrook School","Ozone","Wake",35.856111,-78.574167
2025-07-02,25,"Millbrook School","Ozone","Wake",35.856111,-78.574167
2025-07-03,44,"Millbrook School","Ozone","Wake",35.856111,-78.574167
2025-07-04,47,"Millbrook School","Ozone","Wake",35.856111,-78.574167
2025-07-05,46,"Millbrook School","Ozone","Wake",35.856111,-78.574167
2025-07-06,22,"Millbrook School","Ozone","Wake",35.856111,-78.574167
2025-07-07,33,"Millbrook School","Ozone","Wake",35.856111,-78.574167
2025-07-08,41,"Millbrook School","Ozone","Wake",35.856111,-78.574167
2025-07-09,34,"Millbrook School","Ozone","Wake",35.856111,-78.574167
2025-07-10,39,"Millbrook School","Ozone","Wake",35.856111,-78.574167
2025-07-11,46,"Millbrook School","Ozone","Wake",35.856111,-78.574167
2025-07-12,41,"Millbrook School","Ozone","Wake",35.856111,-78.574167
2025-07-13,31,"Millbrook School","Ozone","Wake",35.856111,-78.574167
2025-07-14,40,"Millbrook School","Ozone","Wake",35.856111,-78.574167
2025-07-15,31,"Millbrook School","Ozone","Wake",35.856111,-78.574167
2025-07-16,33,"Millbrook School","Ozone","Wake",35.856111,-78.574167
2025-07-17,30,"Millbrook School","Ozone","Wake",35.856111,-78.574167
2025-07-18,37,"Millbrook School","Ozone","Wake",35.856111,-78.574167
2025-07-19,31,"Millbrook School","Ozone","Wake",35.856111,-78.574167
2025-07-20,34,"Millbrook School","Ozone","Wake",35.856111,-78.574167
2025-07-21,36,"Millbrook School","Ozone","Wake",35.856111,-78.574167
2025-07-22,44,"Millbrook School","Ozone","Wake",35.856111,-78.574167
2025-07-23,41,"Millbrook School","Ozone","Wake",35.856111,-78.574167
2025-07-24,38,"Millbrook School","Ozone","Wake",35.856111,-78.574167
2025-07-25,42,"Millbrook School","Ozone","Wake",35.856111,-78.574167
2025-07-26,38,"Millbrook School","Ozone","Wake",35.856111,-78.574167
2025-07-27,35,"Millbrook School","Ozone","Wake",35.856111,-78.574167
2025-07-28,36,"Millbrook School","Ozone","Wake",35.856111,-78.574167
2025-07-29,42,"Millbrook School","Ozone","Wake",35.856111,-78.574167
2025-07-30,44,"Millbrook School","Ozone","Wake",35.856111,-78.574167
2025-07-31,41,"Millbrook School","Ozone","Wake",35.856111,-78.574167
2025-08-01,31,"Millbrook School","Ozone","Wake",35.856111,-78.574167
2025-08-02,29,"Millbrook School","Ozone","Wake",35.856111,-78.574167
2025-08-03,38,"Millbrook School","Ozone","Wake",35.856111,-78.574167
2025-08-04,41,"Millbrook School","Ozone","Wake",35.856111,-78.574167
2025-08-05,29,"Millbrook School","Ozone","Wake",35.856111,-78.574167
2025-08-06,31,"Millbrook School","Ozone","Wake",35.856111,-78.574167
2025-08-07,28,"Millbrook School","Ozone","Wake",35.856111,-78.574167
2025-08-08,30,"Millbrook School","Ozone","Wake",35.856111,-78.574167
2025-08-09,32,"Millbrook School","Ozone","Wake",35.856111,-78.574167
2025-08-10,28,"Millbrook School","Ozone","Wake",35.856111,-78.574167
2025-08-11,19,"Millbrook School","Ozone","Wake",35.856111,-78.574167
2025-08-12,15,"Millbrook School","Ozone","Wake",35.856111,-78.574167
2025-08-13,22,"Millbrook School","Ozone","Wake",35.856111,-78.574167
2025-08-14,27,"Millbrook School","Ozone","Wake",35.856111,-78.574167
2025-08-15,36,"Millbrook School","Ozone","Wake",35.856111,-78.574167
2025-08-16,30,"Millbrook School","Ozone","Wake",35.856111,-78.574167
2025-08-17,39,"Millbrook School","Ozone","Wake",35.856111,-78.574167
2025-08-18,38,"Millbrook School","Ozone","Wake",35.856111,-78.574167
2025-08-19,22,"Millbrook School","Ozone","Wake",35.856111,-78.574167
2025-08-20,24,"Millbrook School","Ozone","Wake",35.856111,-78.574167
2025-08-21,24,"Millbrook School","Ozone","Wake",35.856111,-78.574167
2025-08-22,28,"Millbrook School","Ozone","Wake",35.856111,-78.574167
2025-08-23,34,"Millbrook School","Ozone","Wake",35.856111,-78.574167
2025-08-24,28,"Millbrook School","Ozone","Wake",35.856111,-78.574167
2025-08-25,38,"Millbrook School","Ozone","Wake",35.856111,-78.574167
2025-08-26,36,"Millbrook School","Ozone","Wake",35.856111,-78.574167
2025-08-27,39,"Millbrook School","Ozone","Wake",35.856111,-78.574167
2025-08-28,44,"Millbrook School","Ozone","Wake",35.856111,-78.574167
2025-08-29,43,"Millbrook School","Ozone","Wake",35.856111,-78.574167
2025-08-30,39,"Millbrook School","Ozone","Wake",35.856111,-78.574167
2025-08-31,38,"Millbrook School","Ozone","Wake",35.856111,-78.574167
2025-09-01,31,"Millbrook School","Ozone","Wake",35.856111,-78.574167
2025-09-02,35,"Millbrook School","Ozone","Wake",35.856111,-78.574167
2025-09-03,44,"Millbrook School","Ozone","Wake",35.856111,-78.574167
2025-09-04,44,"Millbrook School","Ozone","Wake",35.856111,-78.574167
2025-09-05,43,"Millbrook School","Ozone","Wake",35.856111,-78.574167
2025-09-06,41,"Millbrook School","Ozone","Wake",35.856111,-78.574167
2025-09-07,22,"Millbrook School","Ozone","Wake",35.856111,-78.574167
2025-09-08,38,"Millbrook School","Ozone","Wake",35.856111,-78.574167
2025-09-09,32,"Millbrook School","Ozone","Wake",35.856111,-78.574167
2025-09-10,20,"Millbrook School","Ozone","Wake",35.856111,-78.574167
2025-09-11,28,"Millbrook School","Ozone","Wake",35.856111,-78.574167
2025-09-12,44,"Millbrook School","Ozone","Wake",35.856111,-78.574167
2025-09-13,42,"Millbrook School","Ozone","Wake",35.856111,-78.574167
2025-09-14,39,"Millbrook School","Ozone","Wake",35.856111,-78.574167
2025-09-15,42,"Millbrook School","Ozone","Wake",35.856111,-78.574167
2025-09-16,35,"Millbrook School","Ozone","Wake",35.856111,-78.574167
2025-09-17,27,"Millbrook School","Ozone","Wake",35.856111,-78.574167
2025-09-18,33,"Millbrook School","Ozone","Wake",35.856111,-78.574167
2025-09-19,67,"Millbrook School","Ozone","Wake",35.856111,-78.574167
2025-09-20,47,"Millbrook School","Ozone","Wake",35.856111,-78.574167
2025-09-21,43,"Millbrook School","Ozone","Wake",35.856111,-78.574167
2025-09-22,42,"Millbrook School","Ozone","Wake",35.856111,-78.574167
2025-09-23,48,"Millbrook School","Ozone","Wake",35.856111,-78.574167
2025-09-24,43,"Millbrook School","Ozone","Wake",35.856111,-78.574167
2025-09-25,34,"Millbrook School","Ozone","Wake",35.856111,-78.574167
2025-09-26,37,"Millbrook School","Ozone","Wake",35.856111,-78.574167
2025-09-27,30,"Millbrook School","Ozone","Wake",35.856111,-78.574167
2025-09-28,35,"Millbrook School","Ozone","Wake",35.856111,-78.574167
2025-09-29,23,"Millbrook School","Ozone","Wake",35.856111,-78.574167
2025-09-30,29,"Millbrook School","Ozone","Wake",35.856111,-78.574167
2025-10-01,31,"Millbrook School","Ozone","Wake",35.856111,-78.574167
2025-10-02,31,"Millbrook School","Ozone","Wake",35.856111,-78.574167
2025-10-03,31,"Millbrook School","Ozone","Wake",35.856111,-78.574167
2025-10-04,35,"Millbrook School","Ozone","Wake",35.856111,-78.574167
2025-10-05,31,"Millbrook School","Ozone","Wake",35.856111,-78.574167
2025-10-06,35,"Millbrook School","Ozone","Wake",35.856111,-78.574167
2025-10-07,31,"Millbrook School","Ozone","Wake",35.856111,-78.574167
2025-10-08,30,"Millbrook School","Ozone","Wake",35.856111,-78.574167
2025-10-09,35,"Millbrook School","Ozone","Wake",35.856111,-78.574167
2025-10-10,34,"Millbrook School","Ozone","Wake",35.856111,-78.574167
2025-10-11,23,"Millbrook School","Ozone","Wake",35.856111,-78.574167
2025-10-12,25,"Millbrook School","Ozone","Wake",35.856111,-78.574167
2025-10-13,25,"Millbrook School","Ozone","Wake",35.856111,-78.574167
2025-10-14,22,"Millbrook School","Ozone","Wake",35.856111,-78.574167
2025-10-15,37,"Millbrook School","Ozone","Wake",35.856111,-78.574167
2025-10-16,33,"Millbrook School","Ozone","Wake",35.856111,-78.574167
2025-10-17,33,"Millbrook School","Ozone","Wake",35.856111,-78.574167
2025-10-18,41,"Millbrook School","Ozone","Wake",35.856111,-78.574167
2025-10-19,39,"Millbrook School","Ozone","Wake",35.856111,-78.574167
2025-10-20,33,"Millbrook School","Ozone","Wake",35.856111,-78.574167
2025-10-21,43,"Millbrook School","Ozone","Wake",35.856111,-78.574167
2025-10-22,38,"Millbrook School","Ozone","Wake",35.856111,-78.574167
2025-10-23,37,"Millbrook School","Ozone","Wake",35.856111,-78.574167
2025-10-24,36,"Millbrook School","Ozone","Wake",35.856111,-78.574167
2025-10-25,34,"Millbrook School","Ozone","Wake",35.856111,-78.574167
2025-10-26,31,"Millbrook School","Ozone","Wake",35.856111,-78.574167
2025-10-27,31,"Millbrook School","Ozone","Wake",35.856111,-78.574167
2025-10-28,23,"Millbrook School","Ozone","Wake",35.856111,-78.574167
2025-10-29,14,"Millbrook School","Ozone","Wake",35.856111,-78.574167
2025-10-30,21,"Millbrook School","Ozone","Wake",35.856111,-78.574167
2025-10-31,34,"Millbrook School","Ozone","Wake",35.856111,-78.574167
2025-11-01,33,"Millbrook School","Ozone","Wake",35.856111,-78.574167
2025-11-02,34,"Millbrook School","Ozone","Wake",35.856111,-78.574167
2025-11-03,33,"Millbrook School","Ozone","Wake",35.856111,-78.574167
2025-11-04,33,"Millbrook School","Ozone","Wake",35.856111,-78.574167
2025-11-05,36,"Millbrook School","Ozone","Wake",35.856111,-78.574167
2025-11-06,39,"Millbrook School","Ozone","Wake",35.856111,-78.574167
2025-11-07,34,"Millbrook School","Ozone","Wake",35.856111,-78.574167
2025-11-08,37,"Millbrook School","Ozone","Wake",35.856111,-78.574167
2025-11-09,29,"Millbrook School","Ozone","Wake",35.856111,-78.574167
2025-11-10,26,"Millbrook School","Ozone","Wake",35.856111,-78.574167
2025-11-11,29,"Millbrook School","Ozone","Wake",35.856111,-78.574167
2025-11-12,33,"Millbrook School","Ozone","Wake",35.856111,-78.574167
2025-11-13,36,"Millbrook School","Ozone","Wake",35.856111,-78.574167
2025-11-14,34,"Millbrook School","Ozone","Wake",35.856111,-78.574167
2025-11-15,40,"Millbrook School","Ozone","Wake",35.856111,-78.574167
2025-11-16,38,"Millbrook School","Ozone","Wake",35.856111,-78.574167
2025-11-17,36,"Millbrook School","Ozone","Wake",35.856111,-78.574167
2025-11-18,34,"Millbrook School","Ozone","Wake",35.856111,-78.574167
2025-11-19,36,"Millbrook School","Ozone","Wake",35.856111,-78.574167
2025-11-20,25,"Millbrook School","Ozone","Wake",35.856111,-78.574167
2025-11-21,12,"Millbrook School","Ozone","Wake",35.856111,-78.574167
2025-11-22,27,"Millbrook School","Ozone","Wake",35.856111,-78.574167
2025-11-23,30,"Millbrook School","Ozone","Wake",35.856111,-78.574167
2025-11-24,34,"Millbrook School","Ozone","Wake",35.856111,-78.574167
2025-11-25,32,"Millbrook School","Ozone","Wake",35.856111,-78.574167
2025-11-26,32,"Millbrook School","Ozone","Wake",35.856111,-78.574167
2025-11-27,32,"Millbrook School","Ozone","Wake",35.856111,-78.574167
2025-11-28,31,"Millbrook School","Ozone","Wake",35.856111,-78.574167
2025-11-29,30,"Millbrook School","Ozone","Wake",35.856111,-78.574167
2025-11-30,26,"Millbrook School","Ozone","Wake",35.856111,-78.574167
2025-12-01,27,"Millbrook School","Ozone","Wake",35.856111,-78.574167
2025-12-04,19,"Millbrook School","Ozone","Wake",35.856111,-78.574167
2025-12-05,17,"Millbrook School","Ozone","Wake",35.856111,-78.574167
2025-12-06,9,"Millbrook School","Ozone","Wake",35.856111,-78.574167
2025-12-07,10,"Millbrook School","Ozone","Wake",35.856111,-78.574167
2025-12-08,26,"Millbrook School","Ozone","Wake",35.856111,-78.574167
2025-12-09,26,"Millbrook School","Ozone","Wake",35.856111,-78.574167
2025-12-10,27,"Millbrook School","Ozone","Wake",35.856111,-78.574167
2025-12-11,26,"Millbrook School","Ozone","Wake",35.856111,-78.574167
2025-12-12,22,"Millbrook School","Ozone","Wake",35.856111,-78.574167
2025-12-13,25,"Millbrook School","Ozone","Wake",35.856111,-78.574167
2025-12-14,33,"Millbrook School","Ozone","Wake",35.856111,-78.574167
2025-12-15,27,"Millbrook School","Ozone","Wake",35.856111,-78.574167
2025-12-16,26,"Millbrook School","Ozone","Wake",35.856111,-78.574167
2025-12-17,27,"Millbrook School","Ozone","Wake",35.856111,-78.574167
2025-12-18,26,"Millbrook School","Ozone","Wake",35.856111,-78.574167
2025-12-19,35,"Millbrook School","Ozone","Wake",35.856111,-78.574167
2025-12-20,30,"Millbrook School","Ozone","Wake",35.856111,-78.574167
2025-12-21,33,"Millbrook School","Ozone","Wake",35.856111,-78.574167
2025-12-22,32,"Millbrook School","Ozone","Wake",35.856111,-78.574167
2025-12-23,31,"Millbrook School","Ozone","Wake",35.856111,-78.574167
2025-12-24,33,"Millbrook School","Ozone","Wake",35.856111,-78.574167
2025-12-25,26,"Millbrook School","Ozone","Wake",35.856111,-78.574167
2025-12-26,30,"Millbrook School","Ozone","Wake",35.856111,-78.574167
2025-12-27,24,"Millbrook School","Ozone","Wake",35.856111,-78.574167
2025-12-28,22,"Millbrook School","Ozone","Wake",35.856111,-78.574167
2025-12-29,30,"Millbrook School","Ozone","Wake",35.856111,-78.574167
2025-12-30,27,"Millbrook School","Ozone","Wake",35.856111,-78.574167
2025-12-31,32,"Millbrook School","Ozone","Wake",35.856111,-78.574167
