"Date","Daily.AQI.Value","Local.Site.Name","AQS.Parameter.Description","County","Site.Latitude","Site.Longitude"
2025-01-01,4,"Linville Falls","PM2.5","Avery",35.972347,-81.933072
2025-01-04,7,"Linville Falls","PM2.5","Avery",35.972347,-81.933072
2025-01-07,8,"Linville Falls","PM2.5","Avery",35.972347,-81.933072
2025-01-10,23,"Linville Falls","PM2.5","Avery",35.972347,-81.933072
2025-01-13,28,"Linville Falls","PM2.5","Avery",35.972347,-81.933072
2025-01-19,47,"Linville Falls","PM2.5","Avery",35.972347,-81.933072
2025-01-22,18,"Linville Falls","PM2.5","Avery",35.972347,-81.933072
2025-01-25,18,"Linville Falls","PM2.5","Avery",35.972347,-81.933072
2025-01-28,13,"Linville Falls","PM2.5","Avery",35.972347,-81.933072
2025-01-31,41,"Linville Falls","PM2.5","Avery",35.972347,-81.933072
2025-02-03,31,"Linville Falls","PM2.5","Avery",35.972347,-81.933072
2025-02-06,39,"Linville Falls","PM2.5","Avery",35.972347,-81.933072
2025-02-09,17,"Linville Falls","PM2.5","Avery",35.972347,-81.933072
2025-02-12,18,"Linville Falls","PM2.5","Avery",35.972347,-81.933072
2025-02-15,22,"Linville Falls","PM2.5","Avery",35.972347,-81.933072
2025-02-18,14,"Linville Falls","PM2.5","Avery",35.972347,-81.933072
2025-02-21,9,"Linville Falls","PM2.5","Avery",35.972347,-81.933072
2025-02-24,14,"Linville Falls","PM2.5","Avery",35.972347,-81.933072
2025-02-27,30,"Linville Falls","PM2.5","Avery",35.972347,-81.933072
2025-03-02,23,"Linville Falls","PM2.5","Avery",35.972347,-81.933072
2025-03-05,20,"Linville Falls","PM2.5","Avery",35.972347,-81.933072
2025-03-08,26,"Linville Falls","PM2.5","Avery",35.972347,-81.933072
2025-03-11,21,"Linville Falls","PM2.5","Avery",35.972347,-81.933072
2025-03-14,57,"Linville Falls","PM2.5","Avery",35.972347,-81.933072
2025-03-17,11,"Linville Falls","PM2.5","Avery",35.972347,-81.933072
2025-03-20,51,"Linville Falls","PM2.5","Avery",35.972347,-81.933072
2025-03-23,44,"Linville Falls","PM2.5","Avery",35.972347,-81.933072
2025-03-26,14,"Linville Falls","PM2.5","Avery",35.972347,-81.933072
2025-03-29,68,"Linville Falls","PM2.5","Avery",35.972347,-81.933072
2025-04-01,4,"Linville Falls","PM2.5","Avery",35.972347,-81.933072
2025-04-04,34,"Linville Falls","PM2.5","Avery",35.972347,-81.933072
2025-04-07,8,"Linville Falls","PM2.5","Avery",35.972347,-81.933072
2025-04-10,33,"Linville Falls","PM2.5","Avery",35.972347,-81.933072
2025-04-13,18,"Linville Falls","PM2.5","Avery",35.972347,-81.933072
2025-04-16,17,"Linville Falls","PM2.5","Avery",35.972347,-81.933072
2025-04-19,54,"Linville Falls","PM2.5","Avery",35.972347,-81.933072
2025-04-22,24,"Linville Falls","PM2.5","Avery",35.972347,-81.933072
2025-04-25,32,"Linville Falls","PM2.5","Avery",35.972347,-81.933072
2025-04-28,26,"Linville Falls","PM2.5","Avery",35.972347,-81.933072
2025-05-01,41,"Linville Falls","PM2.5","Avery",35.972347,-81.933072
2025-05-04,11,"Linville Falls","PM2.5","Avery",35.972347,-81.933072
2025-05-07,20,"Linville Falls","PM2.5","Avery",35.972347,-81.933072
2025-05-13,11,"Linville Falls","PM2.5","Avery",35.972347,-81.933072
2025-05-16,51,"Linville Falls","PM2.5","Avery",35.972347,-81.933072
2025-05-19,26,"Linville Falls","PM2.5","Avery",35.972347,-81.933072
2025-05-22,12,"Linville Falls","PM2.5","Avery",35.972347,-81.933072
2025-05-25,26,"Linville Falls","PM2.5","Avery",35.972347,-81.933072
2025-05-28,12,"Linville Falls","PM2.5","Avery",35.972347,-81.933072
2025-05-31,48,"Linville Falls","PM2.5","Avery",35.972347,-81.933072
2025-06-03,55,"Linville Falls","PM2.5","Avery",35.972347,-81.933072
2025-06-06,51,"Linville Falls","PM2.5","Avery",35.972347,-81.933072
2025-06-09,26,"Linville Falls","PM2.5","Avery",35.972347,-81.933072
2025-06-12,41,"Linville Falls","PM2.5","Avery",35.972347,-81.933072
2025-06-15,18,"Linville Falls","PM2.5","Avery",35.972347,-81.933072
2025-06-18,18,"Linville Falls","PM2.5","Avery",35.972347,-81.933072
2025-06-21,32,"Linville Falls","PM2.5","Avery",35.972347,-81.933072
2025-06-24,52,"Linville Falls","PM2.5","Avery",35.972347,-81.933072
2025-07-03,31,"Linville Falls","PM2.5","Avery",35.972347,-81.933072
2025-07-06,38,"Linville Falls","PM2.5","Avery",35.972347,-81.933072
2025-07-09,39,"Linville Falls","PM2.5","Avery",35.972347,-81.933072
2025-07-12,27,"Linville Falls","PM2.5","Avery",35.972347,-81.933072
2025-07-15,28,"Linville Falls","PM2.5","Avery",35.972347,-81.933072
2025-07-18,20,"Linville Falls","PM2.5","Avery",35.972347,-81.933072
2025-07-21,47,"Linville Falls","PM2.5","Avery",35.972347,-81.933072
2025-07-24,44,"Linville Falls","PM2.5","Avery",35.972347,-81.933072
2025-07-27,22,"Linville Falls","PM2.5","Avery",35.972347,-81.933072
2025-07-30,30,"Linville Falls","PM2.5","Avery",35.972347,-81.933072
2025-08-02,2,"Linville Falls","PM2.5","Avery",35.972347,-81.933072
2025-08-05,16,"Linville Falls","PM2.5","Avery",35.972347,-81.933072
2025-08-08,65,"Linville Falls","PM2.5","Avery",35.972347,-81.933072
2025-08-11,10,"Linville Falls","PM2.5","Avery",35.972347,-81.933072
2025-08-14,19,"Linville Falls","PM2.5","Avery",35.972347,-81.933072
2025-08-17,51,"Linville Falls","PM2.5","Avery",35.972347,-81.933072
2025-08-20,38,"Linville Falls","PM2.5","Avery",35.972347,-81.933072
2025-08-23,28,"Linville Falls","PM2.5","Avery",35.972347,-81.933072
2025-08-26,24,"Linville Falls","PM2.5","Avery",35.972347,-81.933072
2025-08-29,23,"Linville Falls","PM2.5","Avery",35.972347,-81.933072
2025-09-01,21,"Linville Falls","PM2.5","Avery",35.972347,-81.933072
2025-09-04,26,"Linville Falls","PM2.5","Avery",35.972347,-81.933072
2025-09-07,19,"Linville Falls","PM2.5","Avery",35.972347,-81.933072
2025-09-10,19,"Linville Falls","PM2.5","Avery",35.972347,-81.933072
2025-09-13,31,"Linville Falls","PM2.5","Avery",35.972347,-81.933072
2025-09-16,36,"Linville Falls","PM2.5","Avery",35.972347,-81.933072
2025-09-19,34,"Linville Falls","PM2.5","Avery",35.972347,-81.933072
2025-09-22,47,"Linville Falls","PM2.5","Avery",35.972347,-81.933072
2025-09-25,19,"Linville Falls","PM2.5","Avery",35.972347,-81.933072
2025-09-28,21,"Linville Falls","PM2.5","Avery",35.972347,-81.933072
2025-01-01,10,"Board Of Ed. Bldg.","PM2.5","Buncombe",35.6062000008935,-82.5844
2025-01-07,15,"Board Of Ed. Bldg.","PM2.5","Buncombe",35.6062000008935,-82.5844
2025-01-13,43,"Board Of Ed. Bldg.","PM2.5","Buncombe",35.6062000008935,-82.5844
2025-01-19,13,"Board Of Ed. Bldg.","PM2.5","Buncombe",35.6062000008935,-82.5844
2025-01-25,58,"Board Of Ed. Bldg.","PM2.5","Buncombe",35.6062000008935,-82.5844
2025-02-18,37,"Board Of Ed. Bldg.","PM2.5","Buncombe",35.6062000008935,-82.5844
2025-02-24,45,"Board Of Ed. Bldg.","PM2.5","Buncombe",35.6062000008935,-82.5844
2025-03-02,22,"Board Of Ed. Bldg.","PM2.5","Buncombe",35.6062000008935,-82.5844
2025-03-08,42,"Board Of Ed. Bldg.","PM2.5","Buncombe",35.6062000008935,-82.5844
2025-03-14,57,"Board Of Ed. Bldg.","PM2.5","Buncombe",35.6062000008935,-82.5844
2025-03-20,37,"Board Of Ed. Bldg.","PM2.5","Buncombe",35.6062000008935,-82.5844
2025-03-26,21,"Board Of Ed. Bldg.","PM2.5","Buncombe",35.6062000008935,-82.5844
2025-04-01,11,"Board Of Ed. Bldg.","PM2.5","Buncombe",35.6062000008935,-82.5844
2025-04-07,12,"Board Of Ed. Bldg.","PM2.5","Buncombe",35.6062000008935,-82.5844
2025-04-19,60,"Board Of Ed. Bldg.","PM2.5","Buncombe",35.6062000008935,-82.5844
2025-04-25,43,"Board Of Ed. Bldg.","PM2.5","Buncombe",35.6062000008935,-82.5844
2025-05-01,54,"Board Of Ed. Bldg.","PM2.5","Buncombe",35.6062000008935,-82.5844
2025-05-07,32,"Board Of Ed. Bldg.","PM2.5","Buncombe",35.6062000008935,-82.5844
2025-05-13,22,"Board Of Ed. Bldg.","PM2.5","Buncombe",35.6062000008935,-82.5844
2025-05-19,46,"Board Of Ed. Bldg.","PM2.5","Buncombe",35.6062000008935,-82.5844
2025-05-25,47,"Board Of Ed. Bldg.","PM2.5","Buncombe",35.6062000008935,-82.5844
2025-05-31,52,"Board Of Ed. Bldg.","PM2.5","Buncombe",35.6062000008935,-82.5844
2025-06-06,41,"Board Of Ed. Bldg.","PM2.5","Buncombe",35.6062000008935,-82.5844
2025-06-12,52,"Board Of Ed. Bldg.","PM2.5","Buncombe",35.6062000008935,-82.5844
2025-06-18,34,"Board Of Ed. Bldg.","PM2.5","Buncombe",35.6062000008935,-82.5844
2025-06-24,54,"Board Of Ed. Bldg.","PM2.5","Buncombe",35.6062000008935,-82.5844
2025-06-30,41,"Board Of Ed. Bldg.","PM2.5","Buncombe",35.6062000008935,-82.5844
2025-07-06,55,"Board Of Ed. Bldg.","PM2.5","Buncombe",35.6062000008935,-82.5844
2025-07-18,23,"Board Of Ed. Bldg.","PM2.5","Buncombe",35.6062000008935,-82.5844
2025-07-19,20,"Board Of Ed. Bldg.","PM2.5","Buncombe",35.6062000008935,-82.5844
2025-07-24,58,"Board Of Ed. Bldg.","PM2.5","Buncombe",35.6062000008935,-82.5844
2025-08-02,6,"Board Of Ed. Bldg.","PM2.5","Buncombe",35.6062000008935,-82.5844
2025-08-05,21,"Board Of Ed. Bldg.","PM2.5","Buncombe",35.6062000008935,-82.5844
2025-08-11,13,"Board Of Ed. Bldg.","PM2.5","Buncombe",35.6062000008935,-82.5844
2025-08-17,44,"Board Of Ed. Bldg.","PM2.5","Buncombe",35.6062000008935,-82.5844
2025-08-23,32,"Board Of Ed. Bldg.","PM2.5","Buncombe",35.6062000008935,-82.5844
2025-08-29,37,"Board Of Ed. Bldg.","PM2.5","Buncombe",35.6062000008935,-82.5844
2025-09-04,37,"Board Of Ed. Bldg.","PM2.5","Buncombe",35.6062000008935,-82.5844
2025-09-10,33,"Board Of Ed. Bldg.","PM2.5","Buncombe",35.6062000008935,-82.5844
2025-09-16,47,"Board Of Ed. Bldg.","PM2.5","Buncombe",35.6062000008935,-82.5844
2025-09-22,55,"Board Of Ed. Bldg.","PM2.5","Buncombe",35.6062000008935,-82.5844
2025-09-28,33,"Board Of Ed. Bldg.","PM2.5","Buncombe",35.6062000008935,-82.5844
2025-10-04,50,"Board Of Ed. Bldg.","PM2.5","Buncombe",35.6062000008935,-82.5844
2025-10-10,26,"Board Of Ed. Bldg.","PM2.5","Buncombe",35.6062000008935,-82.5844
2025-10-16,26,"Board Of Ed. Bldg.","PM2.5","Buncombe",35.6062000008935,-82.5844
2025-10-22,14,"Board Of Ed. Bldg.","PM2.5","Buncombe",35.6062000008935,-82.5844
2025-10-28,10,"Board Of Ed. Bldg.","PM2.5","Buncombe",35.6062000008935,-82.5844
2025-11-03,27,"Board Of Ed. Bldg.","PM2.5","Buncombe",35.6062000008935,-82.5844
2025-11-09,36,"Board Of Ed. Bldg.","PM2.5","Buncombe",35.6062000008935,-82.5844
2025-11-15,55,"Board Of Ed. Bldg.","PM2.5","Buncombe",35.6062000008935,-82.5844
2025-11-21,57,"Board Of Ed. Bldg.","PM2.5","Buncombe",35.6062000008935,-82.5844
2025-11-27,12,"Board Of Ed. Bldg.","PM2.5","Buncombe",35.6062000008935,-82.5844
2025-12-03,22,"Board Of Ed. Bldg.","PM2.5","Buncombe",35.6062000008935,-82.5844
2025-12-09,33,"Board Of Ed. Bldg.","PM2.5","Buncombe",35.6062000008935,-82.5844
2025-12-15,31,"Board Of Ed. Bldg.","PM2.5","Buncombe",35.6062000008935,-82.5844
2025-12-27,43,"Board Of Ed. Bldg.","PM2.5","Buncombe",35.6062000008935,-82.5844
2025-01-01,9,"Board Of Ed. Bldg.","PM2.5","Buncombe",35.6062000008935,-82.5844
2025-01-02,19,"Board Of Ed. Bldg.","PM2.5","Buncombe",35.6062000008935,-82.5844
2025-01-03,47,"Board Of Ed. Bldg.","PM2.5","Buncombe",35.6062000008935,-82.5844
2025-01-04,8,"Board Of Ed. Bldg.","PM2.5","Buncombe",35.6062000008935,-82.5844
2025-01-05,28,"Board Of Ed. Bldg.","PM2.5","Buncombe",35.6062000008935,-82.5844
2025-01-06,21,"Board Of Ed. Bldg.","PM2.5","Buncombe",35.6062000008935,-82.5844
2025-01-07,10,"Board Of Ed. Bldg.","PM2.5","Buncombe",35.6062000008935,-82.5844
2025-01-08,21,"Board Of Ed. Bldg.","PM2.5","Buncombe",35.6062000008935,-82.5844
2025-01-09,31,"Board Of Ed. Bldg.","PM2.5","Buncombe",35.6062000008935,-82.5844
2025-01-10,42,"Board Of Ed. Bldg.","PM2.5","Buncombe",35.6062000008935,-82.5844
2025-01-11,18,"Board Of Ed. Bldg.","PM2.5","Buncombe",35.6062000008935,-82.5844
2025-01-12,44,"Board Of Ed. Bldg.","PM2.5","Buncombe",35.6062000008935,-82.5844
2025-01-13,51,"Board Of Ed. Bldg.","PM2.5","Buncombe",35.6062000008935,-82.5844
2025-01-14,18,"Board Of Ed. Bldg.","PM2.5","Buncombe",35.6062000008935,-82.5844
2025-01-15,22,"Board Of Ed. Bldg.","PM2.5","Buncombe",35.6062000008935,-82.5844
2025-01-16,52,"Board Of Ed. Bldg.","PM2.5","Buncombe",35.6062000008935,-82.5844
2025-01-17,27,"Board Of Ed. Bldg.","PM2.5","Buncombe",35.6062000008935,-82.5844
2025-01-18,48,"Board Of Ed. Bldg.","PM2.5","Buncombe",35.6062000008935,-82.5844
2025-01-19,7,"Board Of Ed. Bldg.","PM2.5","Buncombe",35.6062000008935,-82.5844
2025-01-20,15,"Board Of Ed. Bldg.","PM2.5","Buncombe",35.6062000008935,-82.5844
2025-01-21,22,"Board Of Ed. Bldg.","PM2.5","Buncombe",35.6062000008935,-82.5844
2025-01-22,29,"Board Of Ed. Bldg.","PM2.5","Buncombe",35.6062000008935,-82.5844
2025-01-23,48,"Board Of Ed. Bldg.","PM2.5","Buncombe",35.6062000008935,-82.5844
2025-01-24,52,"Board Of Ed. Bldg.","PM2.5","Buncombe",35.6062000008935,-82.5844
2025-01-25,58,"Board Of Ed. Bldg.","PM2.5","Buncombe",35.6062000008935,-82.5844
2025-01-26,55,"Board Of Ed. Bldg.","PM2.5","Buncombe",35.6062000008935,-82.5844
2025-01-27,32,"Board Of Ed. Bldg.","PM2.5","Buncombe",35.6062000008935,-82.5844
2025-01-28,26,"Board Of Ed. Bldg.","PM2.5","Buncombe",35.6062000008935,-82.5844
2025-01-29,27,"Board Of Ed. Bldg.","PM2.5","Buncombe",35.6062000008935,-82.5844
2025-01-30,33,"Board Of Ed. Bldg.","PM2.5","Buncombe",35.6062000008935,-82.5844
2025-01-31,43,"Board Of Ed. Bldg.","PM2.5","Buncombe",35.6062000008935,-82.5844
2025-02-01,21,"Board Of Ed. Bldg.","PM2.5","Buncombe",35.6062000008935,-82.5844
2025-02-02,37,"Board Of Ed. Bldg.","PM2.5","Buncombe",35.6062000008935,-82.5844
2025-02-03,53,"Board Of Ed. Bldg.","PM2.5","Buncombe",35.6062000008935,-82.5844
2025-02-04,52,"Board Of Ed. Bldg.","PM2.5","Buncombe",35.6062000008935,-82.5844
2025-02-05,55,"Board Of Ed. Bldg.","PM2.5","Buncombe",35.6062000008935,-82.5844
2025-02-06,53,"Board Of Ed. Bldg.","PM2.5","Buncombe",35.6062000008935,-82.5844
2025-02-07,12,"Board Of Ed. Bldg.","PM2.5","Buncombe",35.6062000008935,-82.5844
2025-02-08,43,"Board Of Ed. Bldg.","PM2.5","Buncombe",35.6062000008935,-82.5844
2025-02-09,19,"Board Of Ed. Bldg.","PM2.5","Buncombe",35.6062000008935,-82.5844
2025-02-10,19,"Board Of Ed. Bldg.","PM2.5","Buncombe",35.6062000008935,-82.5844
2025-02-11,34,"Board Of Ed. Bldg.","PM2.5","Buncombe",35.6062000008935,-82.5844
2025-02-12,31,"Board Of Ed. Bldg.","PM2.5","Buncombe",35.6062000008935,-82.5844
2025-02-14,31,"Board Of Ed. Bldg.","PM2.5","Buncombe",35.6062000008935,-82.5844
2025-02-15,20,"Board Of Ed. Bldg.","PM2.5","Buncombe",35.6062000008935,-82.5844
2025-02-16,12,"Board Of Ed. Bldg.","PM2.5","Buncombe",35.6062000008935,-82.5844
2025-02-17,18,"Board Of Ed. Bldg.","PM2.5","Buncombe",35.6062000008935,-82.5844
2025-02-18,37,"Board Of Ed. Bldg.","PM2.5","Buncombe",35.6062000008935,-82.5844
2025-02-19,49,"Board Of Ed. Bldg.","PM2.5","Buncombe",35.6062000008935,-82.5844
2025-02-20,23,"Board Of Ed. Bldg.","PM2.5","Buncombe",35.6062000008935,-82.5844
2025-02-21,18,"Board Of Ed. Bldg.","PM2.5","Buncombe",35.6062000008935,-82.5844
2025-02-22,49,"Board Of Ed. Bldg.","PM2.5","Buncombe",35.6062000008935,-82.5844
2025-02-23,40,"Board Of Ed. Bldg.","PM2.5","Buncombe",35.6062000008935,-82.5844
2025-02-24,41,"Board Of Ed. Bldg.","PM2.5","Buncombe",35.6062000008935,-82.5844
2025-02-25,44,"Board Of Ed. Bldg.","PM2.5","Buncombe",35.6062000008935,-82.5844
2025-02-26,41,"Board Of Ed. Bldg.","PM2.5","Buncombe",35.6062000008935,-82.5844
2025-02-27,48,"Board Of Ed. Bldg.","PM2.5","Buncombe",35.6062000008935,-82.5844
2025-02-28,11,"Board Of Ed. Bldg.","PM2.5","Buncombe",35.6062000008935,-82.5844
2025-03-01,37,"Board Of Ed. Bldg.","PM2.5","Buncombe",35.6062000008935,-82.5844
2025-03-02,14,"Board Of Ed. Bldg.","PM2.5","Buncombe",35.6062000008935,-82.5844
2025-03-03,34,"Board Of Ed. Bldg.","PM2.5","Buncombe",35.6062000008935,-82.5844
2025-03-04,40,"Board Of Ed. Bldg.","PM2.5","Buncombe",35.6062000008935,-82.5844
2025-03-05,23,"Board Of Ed. Bldg.","PM2.5","Buncombe",35.6062000008935,-82.5844
2025-03-06,12,"Board Of Ed. Bldg.","PM2.5","Buncombe",35.6062000008935,-82.5844
2025-03-07,24,"Board Of Ed. Bldg.","PM2.5","Buncombe",35.6062000008935,-82.5844
2025-03-08,34,"Board Of Ed. Bldg.","PM2.5","Buncombe",35.6062000008935,-82.5844
2025-03-09,24,"Board Of Ed. Bldg.","PM2.5","Buncombe",35.6062000008935,-82.5844
2025-03-10,29,"Board Of Ed. Bldg.","PM2.5","Buncombe",35.6062000008935,-82.5844
2025-03-11,35,"Board Of Ed. Bldg.","PM2.5","Buncombe",35.6062000008935,-82.5844
2025-03-12,47,"Board Of Ed. Bldg.","PM2.5","Buncombe",35.6062000008935,-82.5844
2025-03-13,58,"Board Of Ed. Bldg.","PM2.5","Buncombe",35.6062000008935,-82.5844
2025-03-14,59,"Board Of Ed. Bldg.","PM2.5","Buncombe",35.6062000008935,-82.5844
2025-03-15,52,"Board Of Ed. Bldg.","PM2.5","Buncombe",35.6062000008935,-82.5844
2025-03-16,42,"Board Of Ed. Bldg.","PM2.5","Buncombe",35.6062000008935,-82.5844
2025-03-17,16,"Board Of Ed. Bldg.","PM2.5","Buncombe",35.6062000008935,-82.5844
2025-03-18,27,"Board Of Ed. Bldg.","PM2.5","Buncombe",35.6062000008935,-82.5844
2025-03-19,44,"Board Of Ed. Bldg.","PM2.5","Buncombe",35.6062000008935,-82.5844
2025-03-20,41,"Board Of Ed. Bldg.","PM2.5","Buncombe",35.6062000008935,-82.5844
2025-03-21,16,"Board Of Ed. Bldg.","PM2.5","Buncombe",35.6062000008935,-82.5844
2025-03-22,26,"Board Of Ed. Bldg.","PM2.5","Buncombe",35.6062000008935,-82.5844
2025-03-23,52,"Board Of Ed. Bldg.","PM2.5","Buncombe",35.6062000008935,-82.5844
2025-03-24,38,"Board Of Ed. Bldg.","PM2.5","Buncombe",35.6062000008935,-82.5844
2025-03-25,14,"Board Of Ed. Bldg.","PM2.5","Buncombe",35.6062000008935,-82.5844
2025-03-26,19,"Board Of Ed. Bldg.","PM2.5","Buncombe",35.6062000008935,-82.5844
2025-03-27,47,"Board Of Ed. Bldg.","PM2.5","Buncombe",35.6062000008935,-82.5844
2025-03-28,67,"Board Of Ed. Bldg.","PM2.5","Buncombe",35.6062000008935,-82.5844
2025-03-29,78,"Board Of Ed. Bldg.","PM2.5","Buncombe",35.6062000008935,-82.5844
2025-03-30,43,"Board Of Ed. Bldg.","PM2.5","Buncombe",35.6062000008935,-82.5844
2025-03-31,12,"Board Of Ed. Bldg.","PM2.5","Buncombe",35.6062000008935,-82.5844
2025-04-01,10,"Board Of Ed. Bldg.","PM2.5","Buncombe",35.6062000008935,-82.5844
2025-04-02,34,"Board Of Ed. Bldg.","PM2.5","Buncombe",35.6062000008935,-82.5844
2025-04-03,38,"Board Of Ed. Bldg.","PM2.5","Buncombe",35.6062000008935,-82.5844
2025-04-04,47,"Board Of Ed. Bldg.","PM2.5","Buncombe",35.6062000008935,-82.5844
2025-04-05,50,"Board Of Ed. Bldg.","PM2.5","Buncombe",35.6062000008935,-82.5844
2025-04-06,22,"Board Of Ed. Bldg.","PM2.5","Buncombe",35.6062000008935,-82.5844
2025-04-07,7,"Board Of Ed. Bldg.","PM2.5","Buncombe",35.6062000008935,-82.5844
2025-04-08,19,"Board Of Ed. Bldg.","PM2.5","Buncombe",35.6062000008935,-82.5844
2025-04-09,36,"Board Of Ed. Bldg.","PM2.5","Buncombe",35.6062000008935,-82.5844
2025-04-10,47,"Board Of Ed. Bldg.","PM2.5","Buncombe",35.6062000008935,-82.5844
2025-04-11,24,"Board Of Ed. Bldg.","PM2.5","Buncombe",35.6062000008935,-82.5844
2025-04-12,32,"Board Of Ed. Bldg.","PM2.5","Buncombe",35.6062000008935,-82.5844
2025-04-13,35,"Board Of Ed. Bldg.","PM2.5","Buncombe",35.6062000008935,-82.5844
2025-04-14,45,"Board Of Ed. Bldg.","PM2.5","Buncombe",35.6062000008935,-82.5844
2025-04-15,28,"Board Of Ed. Bldg.","PM2.5","Buncombe",35.6062000008935,-82.5844
2025-04-16,20,"Board Of Ed. Bldg.","PM2.5","Buncombe",35.6062000008935,-82.5844
2025-04-17,39,"Board Of Ed. Bldg.","PM2.5","Buncombe",35.6062000008935,-82.5844
2025-04-18,60,"Board Of Ed. Bldg.","PM2.5","Buncombe",35.6062000008935,-82.5844
2025-04-19,60,"Board Of Ed. Bldg.","PM2.5","Buncombe",35.6062000008935,-82.5844
2025-04-20,64,"Board Of Ed. Bldg.","PM2.5","Buncombe",35.6062000008935,-82.5844
2025-04-21,46,"Board Of Ed. Bldg.","PM2.5","Buncombe",35.6062000008935,-82.5844
2025-04-22,41,"Board Of Ed. Bldg.","PM2.5","Buncombe",35.6062000008935,-82.5844
2025-04-23,34,"Board Of Ed. Bldg.","PM2.5","Buncombe",35.6062000008935,-82.5844
2025-04-24,53,"Board Of Ed. Bldg.","PM2.5","Buncombe",35.6062000008935,-82.5844
2025-04-25,48,"Board Of Ed. Bldg.","PM2.5","Buncombe",35.6062000008935,-82.5844
2025-04-26,31,"Board Of Ed. Bldg.","PM2.5","Buncombe",35.6062000008935,-82.5844
2025-04-27,27,"Board Of Ed. Bldg.","PM2.5","Buncombe",35.6062000008935,-82.5844
2025-04-28,34,"Board Of Ed. Bldg.","PM2.5","Buncombe",35.6062000008935,-82.5844
2025-04-29,44,"Board Of Ed. Bldg.","PM2.5","Buncombe",35.6062000008935,-82.5844
2025-04-30,44,"Board Of Ed. Bldg.","PM2.5","Buncombe",35.6062000008935,-82.5844
2025-05-01,54,"Board Of Ed. Bldg.","PM2.5","Buncombe",35.6062000008935,-82.5844
2025-05-02,41,"Board Of Ed. Bldg.","PM2.5","Buncombe",35.6062000008935,-82.5844
2025-05-03,17,"Board Of Ed. Bldg.","PM2.5","Buncombe",35.6062000008935,-82.5844
2025-05-04,17,"Board Of Ed. Bldg.","PM2.5","Buncombe",35.6062000008935,-82.5844
2025-05-05,12,"Board Of Ed. Bldg.","PM2.5","Buncombe",35.6062000008935,-82.5844
2025-05-06,23,"Board Of Ed. Bldg.","PM2.5","Buncombe",35.6062000008935,-82.5844
2025-05-07,36,"Board Of Ed. Bldg.","PM2.5","Buncombe",35.6062000008935,-82.5844
2025-05-08,37,"Board Of Ed. Bldg.","PM2.5","Buncombe",35.6062000008935,-82.5844
2025-05-09,34,"Board Of Ed. Bldg.","PM2.5","Buncombe",35.6062000008935,-82.5844
2025-05-10,31,"Board Of Ed. Bldg.","PM2.5","Buncombe",35.6062000008935,-82.5844
2025-05-11,29,"Board Of Ed. Bldg.","PM2.5","Buncombe",35.6062000008935,-82.5844
2025-05-12,12,"Board Of Ed. Bldg.","PM2.5","Buncombe",35.6062000008935,-82.5844
2025-05-13,17,"Board Of Ed. Bldg.","PM2.5","Buncombe",35.6062000008935,-82.5844
2025-05-14,30,"Board Of Ed. Bldg.","PM2.5","Buncombe",35.6062000008935,-82.5844
2025-05-15,54,"Board Of Ed. Bldg.","PM2.5","Buncombe",35.6062000008935,-82.5844
2025-05-16,57,"Board Of Ed. Bldg.","PM2.5","Buncombe",35.6062000008935,-82.5844
2025-05-17,21,"Board Of Ed. Bldg.","PM2.5","Buncombe",35.6062000008935,-82.5844
2025-05-18,24,"Board Of Ed. Bldg.","PM2.5","Buncombe",35.6062000008935,-82.5844
2025-05-19,48,"Board Of Ed. Bldg.","PM2.5","Buncombe",35.6062000008935,-82.5844
2025-05-20,46,"Board Of Ed. Bldg.","PM2.5","Buncombe",35.6062000008935,-82.5844
2025-05-21,25,"Board Of Ed. Bldg.","PM2.5","Buncombe",35.6062000008935,-82.5844
2025-05-22,13,"Board Of Ed. Bldg.","PM2.5","Buncombe",35.6062000008935,-82.5844
2025-05-23,16,"Board Of Ed. Bldg.","PM2.5","Buncombe",35.6062000008935,-82.5844
2025-05-24,31,"Board Of Ed. Bldg.","PM2.5","Buncombe",35.6062000008935,-82.5844
2025-05-25,41,"Board Of Ed. Bldg.","PM2.5","Buncombe",35.6062000008935,-82.5844
2025-05-26,27,"Board Of Ed. Bldg.","PM2.5","Buncombe",35.6062000008935,-82.5844
2025-05-27,7,"Board Of Ed. Bldg.","PM2.5","Buncombe",35.6062000008935,-82.5844
2025-05-28,16,"Board Of Ed. Bldg.","PM2.5","Buncombe",35.6062000008935,-82.5844
2025-05-29,22,"Board Of Ed. Bldg.","PM2.5","Buncombe",35.6062000008935,-82.5844
2025-05-30,12,"Board Of Ed. Bldg.","PM2.5","Buncombe",35.6062000008935,-82.5844
2025-05-31,50,"Board Of Ed. Bldg.","PM2.5","Buncombe",35.6062000008935,-82.5844
2025-06-01,51,"Board Of Ed. Bldg.","PM2.5","Buncombe",35.6062000008935,-82.5844
2025-06-02,56,"Board Of Ed. Bldg.","PM2.5","Buncombe",35.6062000008935,-82.5844
2025-06-03,63,"Board Of Ed. Bldg.","PM2.5","Buncombe",35.6062000008935,-82.5844
2025-06-04,68,"Board Of Ed. Bldg.","PM2.5","Buncombe",35.6062000008935,-82.5844
2025-06-05,59,"Board Of Ed. Bldg.","PM2.5","Buncombe",35.6062000008935,-82.5844
2025-06-06,45,"Board Of Ed. Bldg.","PM2.5","Buncombe",35.6062000008935,-82.5844
2025-06-07,20,"Board Of Ed. Bldg.","PM2.5","Buncombe",35.6062000008935,-82.5844
2025-06-08,22,"Board Of Ed. Bldg.","PM2.5","Buncombe",35.6062000008935,-82.5844
2025-06-09,25,"Board Of Ed. Bldg.","PM2.5","Buncombe",35.6062000008935,-82.5844
2025-06-10,28,"Board Of Ed. Bldg.","PM2.5","Buncombe",35.6062000008935,-82.5844
2025-06-11,54,"Board Of Ed. Bldg.","PM2.5","Buncombe",35.6062000008935,-82.5844
2025-06-12,52,"Board Of Ed. Bldg.","PM2.5","Buncombe",35.6062000008935,-82.5844
2025-06-13,16,"Board Of Ed. Bldg.","PM2.5","Buncombe",35.6062000008935,-82.5844
2025-06-14,23,"Board Of Ed. Bldg.","PM2.5","Buncombe",35.6062000008935,-82.5844
2025-06-15,31,"Board Of Ed. Bldg.","PM2.5","Buncombe",35.6062000008935,-82.5844
2025-06-16,34,"Board Of Ed. Bldg.","PM2.5","Buncombe",35.6062000008935,-82.5844
2025-06-17,24,"Board Of Ed. Bldg.","PM2.5","Buncombe",35.6062000008935,-82.5844
2025-06-18,23,"Board Of Ed. Bldg.","PM2.5","Buncombe",35.6062000008935,-82.5844
2025-06-19,27,"Board Of Ed. Bldg.","PM2.5","Buncombe",35.6062000008935,-82.5844
2025-06-20,26,"Board Of Ed. Bldg.","PM2.5","Buncombe",35.6062000008935,-82.5844
2025-06-21,40,"Board Of Ed. Bldg.","PM2.5","Buncombe",35.6062000008935,-82.5844
2025-06-22,50,"Board Of Ed. Bldg.","PM2.5","Buncombe",35.6062000008935,-82.5844
2025-06-23,53,"Board Of Ed. Bldg.","PM2.5","Buncombe",35.6062000008935,-82.5844
2025-06-24,54,"Board Of Ed. Bldg.","PM2.5","Buncombe",35.6062000008935,-82.5844
2025-06-25,52,"Board Of Ed. Bldg.","PM2.5","Buncombe",35.6062000008935,-82.5844
2025-06-26,53,"Board Of Ed. Bldg.","PM2.5","Buncombe",35.6062000008935,-82.5844
2025-06-27,44,"Board Of Ed. Bldg.","PM2.5","Buncombe",35.6062000008935,-82.5844
2025-06-28,34,"Board Of Ed. Bldg.","PM2.5","Buncombe",35.6062000008935,-82.5844
2025-06-29,39,"Board Of Ed. Bldg.","PM2.5","Buncombe",35.6062000008935,-82.5844
2025-06-30,43,"Board Of Ed. Bldg.","PM2.5","Buncombe",35.6062000008935,-82.5844
2025-07-01,27,"Board Of Ed. Bldg.","PM2.5","Buncombe",35.6062000008935,-82.5844
2025-07-02,27,"Board Of Ed. Bldg.","PM2.5","Buncombe",35.6062000008935,-82.5844
2025-07-03,44,"Board Of Ed. Bldg.","PM2.5","Buncombe",35.6062000008935,-82.5844
2025-07-04,56,"Board Of Ed. Bldg.","PM2.5","Buncombe",35.6062000008935,-82.5844
2025-07-05,69,"Board Of Ed. Bldg.","PM2.5","Buncombe",35.6062000008935,-82.5844
2025-07-06,56,"Board Of Ed. Bldg.","PM2.5","Buncombe",35.6062000008935,-82.5844
2025-07-07,55,"Board Of Ed. Bldg.","PM2.5","Buncombe",35.6062000008935,-82.5844
2025-07-08,52,"Board Of Ed. Bldg.","PM2.5","Buncombe",35.6062000008935,-82.5844
2025-07-09,46,"Board Of Ed. Bldg.","PM2.5","Buncombe",35.6062000008935,-82.5844
2025-07-10,23,"Board Of Ed. Bldg.","PM2.5","Buncombe",35.6062000008935,-82.5844
2025-07-11,36,"Board Of Ed. Bldg.","PM2.5","Buncombe",35.6062000008935,-82.5844
2025-07-12,31,"Board Of Ed. Bldg.","PM2.5","Buncombe",35.6062000008935,-82.5844
2025-07-13,38,"Board Of Ed. Bldg.","PM2.5","Buncombe",35.6062000008935,-82.5844
2025-07-14,29,"Board Of Ed. Bldg.","PM2.5","Buncombe",35.6062000008935,-82.5844
2025-07-15,32,"Board Of Ed. Bldg.","PM2.5","Buncombe",35.6062000008935,-82.5844
2025-07-16,29,"Board Of Ed. Bldg.","PM2.5","Buncombe",35.6062000008935,-82.5844
2025-07-17,39,"Board Of Ed. Bldg.","PM2.5","Buncombe",35.6062000008935,-82.5844
2025-07-18,17,"Board Of Ed. Bldg.","PM2.5","Buncombe",35.6062000008935,-82.5844
2025-07-19,14,"Board Of Ed. Bldg.","PM2.5","Buncombe",35.6062000008935,-82.5844
2025-07-20,22,"Board Of Ed. Bldg.","PM2.5","Buncombe",35.6062000008935,-82.5844
2025-07-21,46,"Board Of Ed. Bldg.","PM2.5","Buncombe",35.6062000008935,-82.5844
2025-07-22,38,"Board Of Ed. Bldg.","PM2.5","Buncombe",35.6062000008935,-82.5844
2025-07-23,52,"Board Of Ed. Bldg.","PM2.5","Buncombe",35.6062000008935,-82.5844
2025-07-24,55,"Board Of Ed. Bldg.","PM2.5","Buncombe",35.6062000008935,-82.5844
2025-07-25,52,"Board Of Ed. Bldg.","PM2.5","Buncombe",35.6062000008935,-82.5844
2025-07-26,27,"Board Of Ed. Bldg.","PM2.5","Buncombe",35.6062000008935,-82.5844
2025-07-27,22,"Board Of Ed. Bldg.","PM2.5","Buncombe",35.6062000008935,-82.5844
2025-07-28,22,"Board Of Ed. Bldg.","PM2.5","Buncombe",35.6062000008935,-82.5844
2025-07-29,22,"Board Of Ed. Bldg.","PM2.5","Buncombe",35.6062000008935,-82.5844
2025-07-30,28,"Board Of Ed. Bldg.","PM2.5","Buncombe",35.6062000008935,-82.5844
2025-07-31,31,"Board Of Ed. Bldg.","PM2.5","Buncombe",35.6062000008935,-82.5844
2025-08-01,35,"Board Of Ed. Bldg.","PM2.5","Buncombe",35.6062000008935,-82.5844
2025-08-02,1,"Board Of Ed. Bldg.","PM2.5","Buncombe",35.6062000008935,-82.5844
2025-08-03,26,"Board Of Ed. Bldg.","PM2.5","Buncombe",35.6062000008935,-82.5844
2025-08-04,38,"Board Of Ed. Bldg.","PM2.5","Buncombe",35.6062000008935,-82.5844
2025-08-05,13,"Board Of Ed. Bldg.","PM2.5","Buncombe",35.6062000008935,-82.5844
2025-08-06,27,"Board Of Ed. Bldg.","PM2.5","Buncombe",35.6062000008935,-82.5844
2025-08-07,21,"Board Of Ed. Bldg.","PM2.5","Buncombe",35.6062000008935,-82.5844
2025-08-08,58,"Board Of Ed. Bldg.","PM2.5","Buncombe",35.6062000008935,-82.5844
2025-08-09,64,"Board Of Ed. Bldg.","PM2.5","Buncombe",35.6062000008935,-82.5844
2025-08-10,52,"Board Of Ed. Bldg.","PM2.5","Buncombe",35.6062000008935,-82.5844
2025-08-11,14,"Board Of Ed. Bldg.","PM2.5","Buncombe",35.6062000008935,-82.5844
2025-08-12,22,"Board Of Ed. Bldg.","PM2.5","Buncombe",35.6062000008935,-82.5844
2025-08-13,22,"Board Of Ed. Bldg.","PM2.5","Buncombe",35.6062000008935,-82.5844
2025-08-14,22,"Board Of Ed. Bldg.","PM2.5","Buncombe",35.6062000008935,-82.5844
2025-08-15,39,"Board Of Ed. Bldg.","PM2.5","Buncombe",35.6062000008935,-82.5844
2025-08-16,39,"Board Of Ed. Bldg.","PM2.5","Buncombe",35.6062000008935,-82.5844
2025-08-17,38,"Board Of Ed. Bldg.","PM2.5","Buncombe",35.6062000008935,-82.5844
2025-08-23,31,"Board Of Ed. Bldg.","PM2.5","Buncombe",35.6062000008935,-82.5844
2025-08-24,32,"Board Of Ed. Bldg.","PM2.5","Buncombe",35.6062000008935,-82.5844
2025-08-25,25,"Board Of Ed. Bldg.","PM2.5","Buncombe",35.6062000008935,-82.5844
2025-08-26,29,"Board Of Ed. Bldg.","PM2.5","Buncombe",35.6062000008935,-82.5844
2025-08-27,19,"Board Of Ed. Bldg.","PM2.5","Buncombe",35.6062000008935,-82.5844
2025-08-28,34,"Board Of Ed. Bldg.","PM2.5","Buncombe",35.6062000008935,-82.5844
2025-08-29,34,"Board Of Ed. Bldg.","PM2.5","Buncombe",35.6062000008935,-82.5844
2025-08-30,39,"Board Of Ed. Bldg.","PM2.5","Buncombe",35.6062000008935,-82.5844
2025-08-31,49,"Board Of Ed. Bldg.","PM2.5","Buncombe",35.6062000008935,-82.5844
2025-09-01,27,"Board Of Ed. Bldg.","PM2.5","Buncombe",35.6062000008935,-82.5844
2025-09-02,27,"Board Of Ed. Bldg.","PM2.5","Buncombe",35.6062000008935,-82.5844
2025-09-03,21,"Board Of Ed. Bldg.","PM2.5","Buncombe",35.6062000008935,-82.5844
2025-09-04,38,"Board Of Ed. Bldg.","PM2.5","Buncombe",35.6062000008935,-82.5844
2025-09-05,44,"Board Of Ed. Bldg.","PM2.5","Buncombe",35.6062000008935,-82.5844
2025-09-06,47,"Board Of Ed. Bldg.","PM2.5","Buncombe",35.6062000008935,-82.5844
2025-09-07,24,"Board Of Ed. Bldg.","PM2.5","Buncombe",35.6062000008935,-82.5844
2025-09-08,26,"Board Of Ed. Bldg.","PM2.5","Buncombe",35.6062000008935,-82.5844
2025-09-09,26,"Board Of Ed. Bldg.","PM2.5","Buncombe",35.6062000008935,-82.5844
2025-09-10,34,"Board Of Ed. Bldg.","PM2.5","Buncombe",35.6062000008935,-82.5844
2025-09-11,33,"Board Of Ed. Bldg.","PM2.5","Buncombe",35.6062000008935,-82.5844
2025-09-12,38,"Board Of Ed. Bldg.","PM2.5","Buncombe",35.6062000008935,-82.5844
2025-09-13,43,"Board Of Ed. Bldg.","PM2.5","Buncombe",35.6062000008935,-82.5844
2025-09-14,45,"Board Of Ed. Bldg.","PM2.5","Buncombe",35.6062000008935,-82.5844
2025-09-15,44,"Board Of Ed. Bldg.","PM2.5","Buncombe",35.6062000008935,-82.5844
2025-09-16,44,"Board Of Ed. Bldg.","PM2.5","Buncombe",35.6062000008935,-82.5844
2025-09-17,36,"Board Of Ed. Bldg.","PM2.5","Buncombe",35.6062000008935,-82.5844
2025-09-18,47,"Board Of Ed. Bldg.","PM2.5","Buncombe",35.6062000008935,-82.5844
2025-09-19,37,"Board Of Ed. Bldg.","PM2.5","Buncombe",35.6062000008935,-82.5844
2025-09-20,29,"Board Of Ed. Bldg.","PM2.5","Buncombe",35.6062000008935,-82.5844
2025-09-21,52,"Board Of Ed. Bldg.","PM2.5","Buncombe",35.6062000008935,-82.5844
2025-09-22,54,"Board Of Ed. Bldg.","PM2.5","Buncombe",35.6062000008935,-82.5844
2025-09-23,53,"Board Of Ed. Bldg.","PM2.5","Buncombe",35.6062000008935,-82.5844
2025-09-24,53,"Board Of Ed. Bldg.","PM2.5","Buncombe",35.6062000008935,-82.5844
2025-09-25,22,"Board Of Ed. Bldg.","PM2.5","Buncombe",35.6062000008935,-82.5844
2025-09-26,20,"Board Of Ed. Bldg.","PM2.5","Buncombe",35.6062000008935,-82.5844
2025-09-27,13,"Board Of Ed. Bldg.","PM2.5","Buncombe",35.6062000008935,-82.5844
2025-09-28,21,"Board Of Ed. Bldg.","PM2.5","Buncombe",35.6062000008935,-82.5844
2025-09-29,22,"Board Of Ed. Bldg.","PM2.5","Buncombe",35.6062000008935,-82.5844
2025-09-30,9,"Board Of Ed. Bldg.","PM2.5","Buncombe",35.6062000008935,-82.5844
2025-10-01,29,"Board Of Ed. Bldg.","PM2.5","Buncombe",35.6062000008935,-82.5844
2025-10-02,37,"Board Of Ed. Bldg.","PM2.5","Buncombe",35.6062000008935,-82.5844
2025-10-03,38,"Board Of Ed. Bldg.","PM2.5","Buncombe",35.6062000008935,-82.5844
2025-10-04,34,"Board Of Ed. Bldg.","PM2.5","Buncombe",35.6062000008935,-82.5844
2025-10-05,34,"Board Of Ed. Bldg.","PM2.5","Buncombe",35.6062000008935,-82.5844
2025-10-06,21,"Board Of Ed. Bldg.","PM2.5","Buncombe",35.6062000008935,-82.5844
2025-10-07,27,"Board Of Ed. Bldg.","PM2.5","Buncombe",35.6062000008935,-82.5844
2025-10-08,23,"Board Of Ed. Bldg.","PM2.5","Buncombe",35.6062000008935,-82.5844
2025-10-09,18,"Board Of Ed. Bldg.","PM2.5","Buncombe",35.6062000008935,-82.5844
2025-10-10,21,"Board Of Ed. Bldg.","PM2.5","Buncombe",35.6062000008935,-82.5844
2025-10-11,34,"Board Of Ed. Bldg.","PM2.5","Buncombe",35.6062000008935,-82.5844
2025-10-12,20,"Board Of Ed. Bldg.","PM2.5","Buncombe",35.6062000008935,-82.5844
2025-10-13,13,"Board Of Ed. Bldg.","PM2.5","Buncombe",35.6062000008935,-82.5844
2025-10-14,10,"Board Of Ed. Bldg.","PM2.5","Buncombe",35.6062000008935,-82.5844
2025-10-15,24,"Board Of Ed. Bldg.","PM2.5","Buncombe",35.6062000008935,-82.5844
2025-10-16,18,"Board Of Ed. Bldg.","PM2.5","Buncombe",35.6062000008935,-82.5844
2025-10-17,27,"Board Of Ed. Bldg.","PM2.5","Buncombe",35.6062000008935,-82.5844
2025-10-18,53,"Board Of Ed. Bldg.","PM2.5","Buncombe",35.6062000008935,-82.5844
2025-10-19,25,"Board Of Ed. Bldg.","PM2.5","Buncombe",35.6062000008935,-82.5844
2025-10-20,18,"Board Of Ed. Bldg.","PM2.5","Buncombe",35.6062000008935,-82.5844
2025-10-21,39,"Board Of Ed. Bldg.","PM2.5","Buncombe",35.6062000008935,-82.5844
2025-10-22,12,"Board Of Ed. Bldg.","PM2.5","Buncombe",35.6062000008935,-82.5844
2025-10-23,12,"Board Of Ed. Bldg.","PM2.5","Buncombe",35.6062000008935,-82.5844
2025-10-24,18,"Board Of Ed. Bldg.","PM2.5","Buncombe",35.6062000008935,-82.5844
2025-10-25,23,"Board Of Ed. Bldg.","PM2.5","Buncombe",35.6062000008935,-82.5844
2025-10-26,29,"Board Of Ed. Bldg.","PM2.5","Buncombe",35.6062000008935,-82.5844
2025-10-27,11,"Board Of Ed. Bldg.","PM2.5","Buncombe",35.6062000008935,-82.5844
2025-10-28,7,"Board Of Ed. Bldg.","PM2.5","Buncombe",35.6062000008935,-82.5844
2025-10-29,7,"Board Of Ed. Bldg.","PM2.5","Buncombe",35.6062000008935,-82.5844
2025-10-30,12,"Board Of Ed. Bldg.","PM2.5","Buncombe",35.6062000008935,-82.5844
2025-10-31,28,"Board Of Ed. Bldg.","PM2.5","Buncombe",35.6062000008935,-82.5844
2025-11-01,28,"Board Of Ed. Bldg.","PM2.5","Buncombe",35.6062000008935,-82.5844
2025-11-02,42,"Board Of Ed. Bldg.","PM2.5","Buncombe",35.6062000008935,-82.5844
2025-11-03,31,"Board Of Ed. Bldg.","PM2.5","Buncombe",35.6062000008935,-82.5844
2025-11-04,16,"Board Of Ed. Bldg.","PM2.5","Buncombe",35.6062000008935,-82.5844
2025-11-05,42,"Board Of Ed. Bldg.","PM2.5","Buncombe",35.6062000008935,-82.5844
2025-11-06,45,"Board Of Ed. Bldg.","PM2.5","Buncombe",35.6062000008935,-82.5844
2025-11-07,56,"Board Of Ed. Bldg.","PM2.5","Buncombe",35.6062000008935,-82.5844
2025-11-08,37,"Board Of Ed. Bldg.","PM2.5","Buncombe",35.6062000008935,-82.5844
2025-11-09,34,"Board Of Ed. Bldg.","PM2.5","Buncombe",35.6062000008935,-82.5844
2025-11-10,9,"Board Of Ed. Bldg.","PM2.5","Buncombe",35.6062000008935,-82.5844
2025-11-11,19,"Board Of Ed. Bldg.","PM2.5","Buncombe",35.6062000008935,-82.5844
2025-11-12,35,"Board Of Ed. Bldg.","PM2.5","Buncombe",35.6062000008935,-82.5844
2025-11-13,28,"Board Of Ed. Bldg.","PM2.5","Buncombe",35.6062000008935,-82.5844
2025-11-14,48,"Board Of Ed. Bldg.","PM2.5","Buncombe",35.6062000008935,-82.5844
2025-11-15,56,"Board Of Ed. Bldg.","PM2.5","Buncombe",35.6062000008935,-82.5844
2025-11-16,31,"Board Of Ed. Bldg.","PM2.5","Buncombe",35.6062000008935,-82.5844
2025-11-17,13,"Board Of Ed. Bldg.","PM2.5","Buncombe",35.6062000008935,-82.5844
2025-11-18,34,"Board Of Ed. Bldg.","PM2.5","Buncombe",35.6062000008935,-82.5844
2025-11-19,55,"Board Of Ed. Bldg.","PM2.5","Buncombe",35.6062000008935,-82.5844
2025-11-20,55,"Board Of Ed. Bldg.","PM2.5","Buncombe",35.6062000008935,-82.5844
2025-11-21,57,"Board Of Ed. Bldg.","PM2.5","Buncombe",35.6062000008935,-82.5844
2025-11-22,32,"Board Of Ed. Bldg.","PM2.5","Buncombe",35.6062000008935,-82.5844
2025-11-23,20,"Board Of Ed. Bldg.","PM2.5","Buncombe",35.6062000008935,-82.5844
2025-11-24,28,"Board Of Ed. Bldg.","PM2.5","Buncombe",35.6062000008935,-82.5844
2025-11-25,36,"Board Of Ed. Bldg.","PM2.5","Buncombe",35.6062000008935,-82.5844
2025-11-26,11,"Board Of Ed. Bldg.","PM2.5","Buncombe",35.6062000008935,-82.5844
2025-11-27,14,"Board Of Ed. Bldg.","PM2.5","Buncombe",35.6062000008935,-82.5844
2025-11-28,19,"Board Of Ed. Bldg.","PM2.5","Buncombe",35.6062000008935,-82.5844
2025-11-29,30,"Board Of Ed. Bldg.","PM2.5","Buncombe",35.6062000008935,-82.5844
2025-11-30,21,"Board Of Ed. Bldg.","PM2.5","Buncombe",35.6062000008935,-82.5844
2025-12-01,19,"Board Of Ed. Bldg.","PM2.5","Buncombe",35.6062000008935,-82.5844
2025-12-02,18,"Board Of Ed. Bldg.","PM2.5","Buncombe",35.6062000008935,-82.5844
2025-12-03,20,"Board Of Ed. Bldg.","PM2.5","Buncombe",35.6062000008935,-82.5844
2025-12-04,47,"Board Of Ed. Bldg.","PM2.5","Buncombe",35.6062000008935,-82.5844
2025-12-05,34,"Board Of Ed. Bldg.","PM2.5","Buncombe",35.6062000008935,-82.5844
2025-12-06,22,"Board Of Ed. Bldg.","PM2.5","Buncombe",35.6062000008935,-82.5844
2025-12-07,51,"Board Of Ed. Bldg.","PM2.5","Buncombe",35.6062000008935,-82.5844
2025-12-08,35,"Board Of Ed. Bldg.","PM2.5","Buncombe",35.6062000008935,-82.5844
2025-12-09,29,"Board Of Ed. Bldg.","PM2.5","Buncombe",35.6062000008935,-82.5844
2025-12-10,48,"Board Of Ed. Bldg.","PM2.5","Buncombe",35.6062000008935,-82.5844
2025-12-11,16,"Board Of Ed. Bldg.","PM2.5","Buncombe",35.6062000008935,-82.5844
2025-12-12,33,"Board Of Ed. Bldg.","PM2.5","Buncombe",35.6062000008935,-82.5844
2025-12-13,57,"Board Of Ed. Bldg.","PM2.5","Buncombe",35.6062000008935,-82.5844
2025-12-14,17,"Board Of Ed. Bldg.","PM2.5","Buncombe",35.6062000008935,-82.5844
2025-12-15,24,"Board Of Ed. Bldg.","PM2.5","Buncombe",35.6062000008935,-82.5844
2025-12-16,50,"Board Of Ed. Bldg.","PM2.5","Buncombe",35.6062000008935,-82.5844
2025-12-17,57,"Board Of Ed. Bldg.","PM2.5","Buncombe",35.6062000008935,-82.5844
2025-12-18,51,"Board Of Ed. Bldg.","PM2.5","Buncombe",35.6062000008935,-82.5844
2025-12-19,10,"Board Of Ed. Bldg.","PM2.5","Buncombe",35.6062000008935,-82.5844
2025-12-20,26,"Board Of Ed. Bldg.","PM2.5","Buncombe",35.6062000008935,-82.5844
2025-12-21,41,"Board Of Ed. Bldg.","PM2.5","Buncombe",35.6062000008935,-82.5844
2025-12-22,39,"Board Of Ed. Bldg.","PM2.5","Buncombe",35.6062000008935,-82.5844
2025-12-23,42,"Board Of Ed. Bldg.","PM2.5","Buncombe",35.6062000008935,-82.5844
2025-12-24,51,"Board Of Ed. Bldg.","PM2.5","Buncombe",35.6062000008935,-82.5844
2025-12-25,51,"Board Of Ed. Bldg.","PM2.5","Buncombe",35.6062000008935,-82.5844
2025-12-26,48,"Board Of Ed. Bldg.","PM2.5","Buncombe",35.6062000008935,-82.5844
2025-12-27,39,"Board Of Ed. Bldg.","PM2.5","Buncombe",35.6062000008935,-82.5844
2025-12-28,51,"Board Of Ed. Bldg.","PM2.5","Buncombe",35.6062000008935,-82.5844
2025-12-29,13,"Board Of Ed. Bldg.","PM2.5","Buncombe",35.6062000008935,-82.5844
2025-12-30,14,"Board Of Ed. Bldg.","PM2.5","Buncombe",35.6062000008935,-82.5844
2025-12-31,15,"Board Of Ed. Bldg.","PM2.5","Buncombe",35.6062000008935,-82.5844
2025-01-01,14,"Board Of Ed. Bldg.","PM2.5","Buncombe",35.6062000008935,-82.5844
2025-01-02,37,"Board Of Ed. Bldg.","PM2.5","Buncombe",35.6062000008935,-82.5844
2025-01-03,55,"Board Of Ed. Bldg.","PM2.5","Buncombe",35.6062000008935,-82.5844
2025-01-04,21,"Board Of Ed. Bldg.","PM2.5","Buncombe",35.6062000008935,-82.5844
2025-01-05,32,"Board Of Ed. Bldg.","PM2.5","Buncombe",35.6062000008935,-82.5844
2025-01-06,23,"Board Of Ed. Bldg.","PM2.5","Buncombe",35.6062000008935,-82.5844
2025-01-07,23,"Board Of Ed. Bldg.","PM2.5","Buncombe",35.6062000008935,-82.5844
2025-01-08,35,"Board Of Ed. Bldg.","PM2.5","Buncombe",35.6062000008935,-82.5844
2025-01-09,49,"Board Of Ed. Bldg.","PM2.5","Buncombe",35.6062000008935,-82.5844
2025-01-10,53,"Board Of Ed. Bldg.","PM2.5","Buncombe",35.6062000008935,-82.5844
2025-01-11,27,"Board Of Ed. Bldg.","PM2.5","Buncombe",35.6062000008935,-82.5844
2025-01-12,57,"Board Of Ed. Bldg.","PM2.5","Buncombe",35.6062000008935,-82.5844
2025-01-13,54,"Board Of Ed. Bldg.","PM2.5","Buncombe",35.6062000008935,-82.5844
2025-01-14,24,"Board Of Ed. Bldg.","PM2.5","Buncombe",35.6062000008935,-82.5844
2025-01-15,34,"Board Of Ed. Bldg.","PM2.5","Buncombe",35.6062000008935,-82.5844
2025-01-16,57,"Board Of Ed. Bldg.","PM2.5","Buncombe",35.6062000008935,-82.5844
2025-01-17,37,"Board Of Ed. Bldg.","PM2.5","Buncombe",35.6062000008935,-82.5844
2025-01-18,56,"Board Of Ed. Bldg.","PM2.5","Buncombe",35.6062000008935,-82.5844
2025-01-19,18,"Board Of Ed. Bldg.","PM2.5","Buncombe",35.6062000008935,-82.5844
2025-01-20,26,"Board Of Ed. Bldg.","PM2.5","Buncombe",35.6062000008935,-82.5844
2025-01-21,37,"Board Of Ed. Bldg.","PM2.5","Buncombe",35.6062000008935,-82.5844
2025-01-22,37,"Board Of Ed. Bldg.","PM2.5","Buncombe",35.6062000008935,-82.5844
2025-01-23,55,"Board Of Ed. Bldg.","PM2.5","Buncombe",35.6062000008935,-82.5844
2025-01-24,57,"Board Of Ed. Bldg.","PM2.5","Buncombe",35.6062000008935,-82.5844
2025-01-25,70,"Board Of Ed. Bldg.","PM2.5","Buncombe",35.6062000008935,-82.5844
2025-01-26,61,"Board Of Ed. Bldg.","PM2.5","Buncombe",35.6062000008935,-82.5844
2025-01-27,36,"Board Of Ed. Bldg.","PM2.5","Buncombe",35.6062000008935,-82.5844
2025-01-28,33,"Board Of Ed. Bldg.","PM2.5","Buncombe",35.6062000008935,-82.5844
2025-01-29,32,"Board Of Ed. Bldg.","PM2.5","Buncombe",35.6062000008935,-82.5844
2025-01-30,38,"Board Of Ed. Bldg.","PM2.5","Buncombe",35.6062000008935,-82.5844
2025-01-31,48,"Board Of Ed. Bldg.","PM2.5","Buncombe",35.6062000008935,-82.5844
2025-02-01,32,"Board Of Ed. Bldg.","PM2.5","Buncombe",35.6062000008935,-82.5844
2025-02-02,48,"Board Of Ed. Bldg.","PM2.5","Buncombe",35.6062000008935,-82.5844
2025-02-03,61,"Board Of Ed. Bldg.","PM2.5","Buncombe",35.6062000008935,-82.5844
2025-02-04,55,"Board Of Ed. Bldg.","PM2.5","Buncombe",35.6062000008935,-82.5844
2025-02-05,60,"Board Of Ed. Bldg.","PM2.5","Buncombe",35.6062000008935,-82.5844
2025-02-06,56,"Board Of Ed. Bldg.","PM2.5","Buncombe",35.6062000008935,-82.5844
2025-02-07,18,"Board Of Ed. Bldg.","PM2.5","Buncombe",35.6062000008935,-82.5844
2025-02-08,51,"Board Of Ed. Bldg.","PM2.5","Buncombe",35.6062000008935,-82.5844
2025-02-09,27,"Board Of Ed. Bldg.","PM2.5","Buncombe",35.6062000008935,-82.5844
2025-02-10,26,"Board Of Ed. Bldg.","PM2.5","Buncombe",35.6062000008935,-82.5844
2025-02-11,43,"Board Of Ed. Bldg.","PM2.5","Buncombe",35.6062000008935,-82.5844
2025-02-12,33,"Board Of Ed. Bldg.","PM2.5","Buncombe",35.6062000008935,-82.5844
2025-02-13,22,"Board Of Ed. Bldg.","PM2.5","Buncombe",35.6062000008935,-82.5844
2025-02-14,43,"Board Of Ed. Bldg.","PM2.5","Buncombe",35.6062000008935,-82.5844
2025-02-15,25,"Board Of Ed. Bldg.","PM2.5","Buncombe",35.6062000008935,-82.5844
2025-02-16,21,"Board Of Ed. Bldg.","PM2.5","Buncombe",35.6062000008935,-82.5844
2025-02-17,34,"Board Of Ed. Bldg.","PM2.5","Buncombe",35.6062000008935,-82.5844
2025-02-18,52,"Board Of Ed. Bldg.","PM2.5","Buncombe",35.6062000008935,-82.5844
2025-02-19,53,"Board Of Ed. Bldg.","PM2.5","Buncombe",35.6062000008935,-82.5844
2025-02-20,34,"Board Of Ed. Bldg.","PM2.5","Buncombe",35.6062000008935,-82.5844
2025-02-21,27,"Board Of Ed. Bldg.","PM2.5","Buncombe",35.6062000008935,-82.5844
2025-02-22,54,"Board Of Ed. Bldg.","PM2.5","Buncombe",35.6062000008935,-82.5844
2025-02-23,47,"Board Of Ed. Bldg.","PM2.5","Buncombe",35.6062000008935,-82.5844
2025-02-24,52,"Board Of Ed. Bldg.","PM2.5","Buncombe",35.6062000008935,-82.5844
2025-02-25,53,"Board Of Ed. Bldg.","PM2.5","Buncombe",35.6062000008935,-82.5844
2025-02-26,53,"Board Of Ed. Bldg.","PM2.5","Buncombe",35.6062000008935,-82.5844
2025-02-27,55,"Board Of Ed. Bldg.","PM2.5","Buncombe",35.6062000008935,-82.5844
2025-02-28,13,"Board Of Ed. Bldg.","PM2.5","Buncombe",35.6062000008935,-82.5844
2025-03-01,44,"Board Of Ed. Bldg.","PM2.5","Buncombe",35.6062000008935,-82.5844
2025-03-02,21,"Board Of Ed. Bldg.","PM2.5","Buncombe",35.6062000008935,-82.5844
2025-03-03,47,"Board Of Ed. Bldg.","PM2.5","Buncombe",35.6062000008935,-82.5844
2025-03-04,49,"Board Of Ed. Bldg.","PM2.5","Buncombe",35.6062000008935,-82.5844
2025-03-05,33,"Board Of Ed. Bldg.","PM2.5","Buncombe",35.6062000008935,-82.5844
2025-03-06,22,"Board Of Ed. Bldg.","PM2.5","Buncombe",35.6062000008935,-82.5844
2025-03-07,33,"Board Of Ed. Bldg.","PM2.5","Buncombe",35.6062000008935,-82.5844
2025-03-08,41,"Board Of Ed. Bldg.","PM2.5","Buncombe",35.6062000008935,-82.5844
2025-03-09,28,"Board Of Ed. Bldg.","PM2.5","Buncombe",35.6062000008935,-82.5844
2025-03-10,41,"Board Of Ed. Bldg.","PM2.5","Buncombe",35.6062000008935,-82.5844
2025-03-11,43,"Board Of Ed. Bldg.","PM2.5","Buncombe",35.6062000008935,-82.5844
2025-03-12,56,"Board Of Ed. Bldg.","PM2.5","Buncombe",35.6062000008935,-82.5844
2025-03-13,63,"Board Of Ed. Bldg.","PM2.5","Buncombe",35.6062000008935,-82.5844
2025-03-14,65,"Board Of Ed. Bldg.","PM2.5","Buncombe",35.6062000008935,-82.5844
2025-03-15,57,"Board Of Ed. Bldg.","PM2.5","Buncombe",35.6062000008935,-82.5844
2025-03-16,52,"Board Of Ed. Bldg.","PM2.5","Buncombe",35.6062000008935,-82.5844
2025-03-17,28,"Board Of Ed. Bldg.","PM2.5","Buncombe",35.6062000008935,-82.5844
2025-03-18,32,"Board Of Ed. Bldg.","PM2.5","Buncombe",35.6062000008935,-82.5844
2025-03-19,52,"Board Of Ed. Bldg.","PM2.5","Buncombe",35.6062000008935,-82.5844
2025-03-20,52,"Board Of Ed. Bldg.","PM2.5","Buncombe",35.6062000008935,-82.5844
2025-03-21,25,"Board Of Ed. Bldg.","PM2.5","Buncombe",35.6062000008935,-82.5844
2025-03-22,36,"Board Of Ed. Bldg.","PM2.5","Buncombe",35.6062000008935,-82.5844
2025-03-23,59,"Board Of Ed. Bldg.","PM2.5","Buncombe",35.6062000008935,-82.5844
2025-03-24,39,"Board Of Ed. Bldg.","PM2.5","Buncombe",35.6062000008935,-82.5844
2025-03-25,22,"Board Of Ed. Bldg.","PM2.5","Buncombe",35.6062000008935,-82.5844
2025-03-26,29,"Board Of Ed. Bldg.","PM2.5","Buncombe",35.6062000008935,-82.5844
2025-03-27,56,"Board Of Ed. Bldg.","PM2.5","Buncombe",35.6062000008935,-82.5844
2025-03-28,85,"Board Of Ed. Bldg.","PM2.5","Buncombe",35.6062000008935,-82.5844
2025-03-29,97,"Board Of Ed. Bldg.","PM2.5","Buncombe",35.6062000008935,-82.5844
2025-03-30,54,"Board Of Ed. Bldg.","PM2.5","Buncombe",35.6062000008935,-82.5844
2025-03-31,19,"Board Of Ed. Bldg.","PM2.5","Buncombe",35.6062000008935,-82.5844
2025-04-01,13,"Board Of Ed. Bldg.","PM2.5","Buncombe",35.6062000008935,-82.5844
2025-04-02,39,"Board Of Ed. Bldg.","PM2.5","Buncombe",35.6062000008935,-82.5844
2025-04-03,49,"Board Of Ed. Bldg.","PM2.5","Buncombe",35.6062000008935,-82.5844
2025-04-04,52,"Board Of Ed. Bldg.","PM2.5","Buncombe",35.6062000008935,-82.5844
2025-04-05,54,"Board Of Ed. Bldg.","PM2.5","Buncombe",35.6062000008935,-82.5844
2025-04-06,27,"Board Of Ed. Bldg.","PM2.5","Buncombe",35.6062000008935,-82.5844
2025-04-07,12,"Board Of Ed. Bldg.","PM2.5","Buncombe",35.6062000008935,-82.5844
2025-04-08,30,"Board Of Ed. Bldg.","PM2.5","Buncombe",35.6062000008935,-82.5844
2025-04-09,44,"Board Of Ed. Bldg.","PM2.5","Buncombe",35.6062000008935,-82.5844
2025-04-10,54,"Board Of Ed. Bldg.","PM2.5","Buncombe",35.6062000008935,-82.5844
2025-04-11,33,"Board Of Ed. Bldg.","PM2.5","Buncombe",35.6062000008935,-82.5844
2025-04-12,50,"Board Of Ed. Bldg.","PM2.5","Buncombe",35.6062000008935,-82.5844
2025-04-13,42,"Board Of Ed. Bldg.","PM2.5","Buncombe",35.6062000008935,-82.5844
2025-04-14,55,"Board Of Ed. Bldg.","PM2.5","Buncombe",35.6062000008935,-82.5844
2025-04-15,39,"Board Of Ed. Bldg.","PM2.5","Buncombe",35.6062000008935,-82.5844
2025-04-16,31,"Board Of Ed. Bldg.","PM2.5","Buncombe",35.6062000008935,-82.5844
2025-04-17,47,"Board Of Ed. Bldg.","PM2.5","Buncombe",35.6062000008935,-82.5844
2025-04-18,65,"Board Of Ed. Bldg.","PM2.5","Buncombe",35.6062000008935,-82.5844
2025-04-19,68,"Board Of Ed. Bldg.","PM2.5","Buncombe",35.6062000008935,-82.5844
2025-04-20,74,"Board Of Ed. Bldg.","PM2.5","Buncombe",35.6062000008935,-82.5844
2025-04-21,54,"Board Of Ed. Bldg.","PM2.5","Buncombe",35.6062000008935,-82.5844
2025-04-24,55,"Board Of Ed. Bldg.","PM2.5","Buncombe",35.6062000008935,-82.5844
2025-04-25,54,"Board Of Ed. Bldg.","PM2.5","Buncombe",35.6062000008935,-82.5844
2025-04-26,43,"Board Of Ed. Bldg.","PM2.5","Buncombe",35.6062000008935,-82.5844
2025-04-27,40,"Board Of Ed. Bldg.","PM2.5","Buncombe",35.6062000008935,-82.5844
2025-04-28,42,"Board Of Ed. Bldg.","PM2.5","Buncombe",35.6062000008935,-82.5844
2025-05-01,59,"Board Of Ed. Bldg.","PM2.5","Buncombe",35.6062000008935,-82.5844
2025-05-02,49,"Board Of Ed. Bldg.","PM2.5","Buncombe",35.6062000008935,-82.5844
2025-05-03,28,"Board Of Ed. Bldg.","PM2.5","Buncombe",35.6062000008935,-82.5844
2025-05-04,20,"Board Of Ed. Bldg.","PM2.5","Buncombe",35.6062000008935,-82.5844
2025-05-05,27,"Board Of Ed. Bldg.","PM2.5","Buncombe",35.6062000008935,-82.5844
2025-05-06,33,"Board Of Ed. Bldg.","PM2.5","Buncombe",35.6062000008935,-82.5844
2025-05-07,41,"Board Of Ed. Bldg.","PM2.5","Buncombe",35.6062000008935,-82.5844
2025-05-08,47,"Board Of Ed. Bldg.","PM2.5","Buncombe",35.6062000008935,-82.5844
2025-05-09,42,"Board Of Ed. Bldg.","PM2.5","Buncombe",35.6062000008935,-82.5844
2025-05-10,36,"Board Of Ed. Bldg.","PM2.5","Buncombe",35.6062000008935,-82.5844
2025-05-11,26,"Board Of Ed. Bldg.","PM2.5","Buncombe",35.6062000008935,-82.5844
2025-05-12,12,"Board Of Ed. Bldg.","PM2.5","Buncombe",35.6062000008935,-82.5844
2025-05-13,22,"Board Of Ed. Bldg.","PM2.5","Buncombe",35.6062000008935,-82.5844
2025-05-14,31,"Board Of Ed. Bldg.","PM2.5","Buncombe",35.6062000008935,-82.5844
2025-05-15,57,"Board Of Ed. Bldg.","PM2.5","Buncombe",35.6062000008935,-82.5844
2025-05-16,59,"Board Of Ed. Bldg.","PM2.5","Buncombe",35.6062000008935,-82.5844
2025-05-17,25,"Board Of Ed. Bldg.","PM2.5","Buncombe",35.6062000008935,-82.5844
2025-05-18,27,"Board Of Ed. Bldg.","PM2.5","Buncombe",35.6062000008935,-82.5844
2025-05-19,42,"Board Of Ed. Bldg.","PM2.5","Buncombe",35.6062000008935,-82.5844
2025-05-20,52,"Board Of Ed. Bldg.","PM2.5","Buncombe",35.6062000008935,-82.5844
2025-05-21,24,"Board Of Ed. Bldg.","PM2.5","Buncombe",35.6062000008935,-82.5844
2025-05-22,14,"Board Of Ed. Bldg.","PM2.5","Buncombe",35.6062000008935,-82.5844
2025-05-23,16,"Board Of Ed. Bldg.","PM2.5","Buncombe",35.6062000008935,-82.5844
2025-05-24,27,"Board Of Ed. Bldg.","PM2.5","Buncombe",35.6062000008935,-82.5844
2025-05-25,38,"Board Of Ed. Bldg.","PM2.5","Buncombe",35.6062000008935,-82.5844
2025-05-26,26,"Board Of Ed. Bldg.","PM2.5","Buncombe",35.6062000008935,-82.5844
2025-05-27,9,"Board Of Ed. Bldg.","PM2.5","Buncombe",35.6062000008935,-82.5844
2025-05-28,19,"Board Of Ed. Bldg.","PM2.5","Buncombe",35.6062000008935,-82.5844
2025-05-29,26,"Board Of Ed. Bldg.","PM2.5","Buncombe",35.6062000008935,-82.5844
2025-05-30,17,"Board Of Ed. Bldg.","PM2.5","Buncombe",35.6062000008935,-82.5844
2025-05-31,55,"Board Of Ed. Bldg.","PM2.5","Buncombe",35.6062000008935,-82.5844
2025-06-02,62,"Board Of Ed. Bldg.","PM2.5","Buncombe",35.6062000008935,-82.5844
2025-06-03,69,"Board Of Ed. Bldg.","PM2.5","Buncombe",35.6062000008935,-82.5844
2025-06-04,73,"Board Of Ed. Bldg.","PM2.5","Buncombe",35.6062000008935,-82.5844
2025-06-05,61,"Board Of Ed. Bldg.","PM2.5","Buncombe",35.6062000008935,-82.5844
2025-06-06,45,"Board Of Ed. Bldg.","PM2.5","Buncombe",35.6062000008935,-82.5844
2025-06-07,24,"Board Of Ed. Bldg.","PM2.5","Buncombe",35.6062000008935,-82.5844
2025-06-08,24,"Board Of Ed. Bldg.","PM2.5","Buncombe",35.6062000008935,-82.5844
2025-06-09,33,"Board Of Ed. Bldg.","PM2.5","Buncombe",35.6062000008935,-82.5844
2025-06-10,33,"Board Of Ed. Bldg.","PM2.5","Buncombe",35.6062000008935,-82.5844
2025-06-11,60,"Board Of Ed. Bldg.","PM2.5","Buncombe",35.6062000008935,-82.5844
2025-06-12,54,"Board Of Ed. Bldg.","PM2.5","Buncombe",35.6062000008935,-82.5844
2025-06-13,18,"Board Of Ed. Bldg.","PM2.5","Buncombe",35.6062000008935,-82.5844
2025-06-14,26,"Board Of Ed. Bldg.","PM2.5","Buncombe",35.6062000008935,-82.5844
2025-06-15,28,"Board Of Ed. Bldg.","PM2.5","Buncombe",35.6062000008935,-82.5844
2025-06-16,29,"Board Of Ed. Bldg.","PM2.5","Buncombe",35.6062000008935,-82.5844
2025-06-17,22,"Board Of Ed. Bldg.","PM2.5","Buncombe",35.6062000008935,-82.5844
2025-06-18,27,"Board Of Ed. Bldg.","PM2.5","Buncombe",35.6062000008935,-82.5844
2025-06-19,30,"Board Of Ed. Bldg.","PM2.5","Buncombe",35.6062000008935,-82.5844
2025-06-20,29,"Board Of Ed. Bldg.","PM2.5","Buncombe",35.6062000008935,-82.5844
2025-06-21,38,"Board Of Ed. Bldg.","PM2.5","Buncombe",35.6062000008935,-82.5844
2025-06-22,48,"Board Of Ed. Bldg.","PM2.5","Buncombe",35.6062000008935,-82.5844
2025-06-23,52,"Board Of Ed. Bldg.","PM2.5","Buncombe",35.6062000008935,-82.5844
2025-06-24,53,"Board Of Ed. Bldg.","PM2.5","Buncombe",35.6062000008935,-82.5844
2025-06-25,53,"Board Of Ed. Bldg.","PM2.5","Buncombe",35.6062000008935,-82.5844
2025-06-26,53,"Board Of Ed. Bldg.","PM2.5","Buncombe",35.6062000008935,-82.5844
2025-06-27,48,"Board Of Ed. Bldg.","PM2.5","Buncombe",35.6062000008935,-82.5844
2025-06-28,39,"Board Of Ed. Bldg.","PM2.5","Buncombe",35.6062000008935,-82.5844
2025-06-29,36,"Board Of Ed. Bldg.","PM2.5","Buncombe",35.6062000008935,-82.5844
2025-06-30,37,"Board Of Ed. Bldg.","PM2.5","Buncombe",35.6062000008935,-82.5844
2025-07-01,33,"Board Of Ed. Bldg.","PM2.5","Buncombe",35.6062000008935,-82.5844
2025-07-02,27,"Board Of Ed. Bldg.","PM2.5","Buncombe",35.6062000008935,-82.5844
2025-07-03,44,"Board Of Ed. Bldg.","PM2.5","Buncombe",35.6062000008935,-82.5844
2025-07-04,58,"Board Of Ed. Bldg.","PM2.5","Buncombe",35.6062000008935,-82.5844
2025-07-05,66,"Board Of Ed. Bldg.","PM2.5","Buncombe",35.6062000008935,-82.5844
2025-07-06,58,"Board Of Ed. Bldg.","PM2.5","Buncombe",35.6062000008935,-82.5844
2025-07-07,55,"Board Of Ed. Bldg.","PM2.5","Buncombe",35.6062000008935,-82.5844
2025-07-08,51,"Board Of Ed. Bldg.","PM2.5","Buncombe",35.6062000008935,-82.5844
2025-07-09,44,"Board Of Ed. Bldg.","PM2.5","Buncombe",35.6062000008935,-82.5844
2025-07-10,27,"Board Of Ed. Bldg.","PM2.5","Buncombe",35.6062000008935,-82.5844
2025-07-11,28,"Board Of Ed. Bldg.","PM2.5","Buncombe",35.6062000008935,-82.5844
2025-07-12,26,"Board Of Ed. Bldg.","PM2.5","Buncombe",35.6062000008935,-82.5844
2025-07-13,31,"Board Of Ed. Bldg.","PM2.5","Buncombe",35.6062000008935,-82.5844
2025-07-14,28,"Board Of Ed. Bldg.","PM2.5","Buncombe",35.6062000008935,-82.5844
2025-07-15,29,"Board Of Ed. Bldg.","PM2.5","Buncombe",35.6062000008935,-82.5844
2025-07-26,20,"Board Of Ed. Bldg.","PM2.5","Buncombe",35.6062000008935,-82.5844
2025-07-27,19,"Board Of Ed. Bldg.","PM2.5","Buncombe",35.6062000008935,-82.5844
2025-07-28,19,"Board Of Ed. Bldg.","PM2.5","Buncombe",35.6062000008935,-82.5844
2025-07-29,21,"Board Of Ed. Bldg.","PM2.5","Buncombe",35.6062000008935,-82.5844
2025-07-30,25,"Board Of Ed. Bldg.","PM2.5","Buncombe",35.6062000008935,-82.5844
2025-07-31,26,"Board Of Ed. Bldg.","PM2.5","Buncombe",35.6062000008935,-82.5844
2025-08-01,29,"Board Of Ed. Bldg.","PM2.5","Buncombe",35.6062000008935,-82.5844
2025-08-02,7,"Board Of Ed. Bldg.","PM2.5","Buncombe",35.6062000008935,-82.5844
2025-08-03,29,"Board Of Ed. Bldg.","PM2.5","Buncombe",35.6062000008935,-82.5844
2025-08-04,36,"Board Of Ed. Bldg.","PM2.5","Buncombe",35.6062000008935,-82.5844
2025-08-05,17,"Board Of Ed. Bldg.","PM2.5","Buncombe",35.6062000008935,-82.5844
2025-08-06,27,"Board Of Ed. Bldg.","PM2.5","Buncombe",35.6062000008935,-82.5844
2025-08-07,25,"Board Of Ed. Bldg.","PM2.5","Buncombe",35.6062000008935,-82.5844
2025-08-08,62,"Board Of Ed. Bldg.","PM2.5","Buncombe",35.6062000008935,-82.5844
2025-08-09,66,"Board Of Ed. Bldg.","PM2.5","Buncombe",35.6062000008935,-82.5844
2025-08-10,53,"Board Of Ed. Bldg.","PM2.5","Buncombe",35.6062000008935,-82.5844
2025-08-11,12,"Board Of Ed. Bldg.","PM2.5","Buncombe",35.6062000008935,-82.5844
2025-08-12,19,"Board Of Ed. Bldg.","PM2.5","Buncombe",35.6062000008935,-82.5844
2025-08-15,35,"Board Of Ed. Bldg.","PM2.5","Buncombe",35.6062000008935,-82.5844
2025-08-16,39,"Board Of Ed. Bldg.","PM2.5","Buncombe",35.6062000008935,-82.5844
2025-08-17,38,"Board Of Ed. Bldg.","PM2.5","Buncombe",35.6062000008935,-82.5844
2025-08-18,40,"Board Of Ed. Bldg.","PM2.5","Buncombe",35.6062000008935,-82.5844
2025-08-19,36,"Board Of Ed. Bldg.","PM2.5","Buncombe",35.6062000008935,-82.5844
2025-08-20,41,"Board Of Ed. Bldg.","PM2.5","Buncombe",35.6062000008935,-82.5844
2025-08-21,34,"Board Of Ed. Bldg.","PM2.5","Buncombe",35.6062000008935,-82.5844
2025-08-22,28,"Board Of Ed. Bldg.","PM2.5","Buncombe",35.6062000008935,-82.5844
2025-08-23,31,"Board Of Ed. Bldg.","PM2.5","Buncombe",35.6062000008935,-82.5844
2025-08-24,32,"Board Of Ed. Bldg.","PM2.5","Buncombe",35.6062000008935,-82.5844
2025-08-25,27,"Board Of Ed. Bldg.","PM2.5","Buncombe",35.6062000008935,-82.5844
2025-08-26,28,"Board Of Ed. Bldg.","PM2.5","Buncombe",35.6062000008935,-82.5844
2025-08-27,21,"Board Of Ed. Bldg.","PM2.5","Buncombe",35.6062000008935,-82.5844
2025-08-28,31,"Board Of Ed. Bldg.","PM2.5","Buncombe",35.6062000008935,-82.5844
2025-08-29,35,"Board Of Ed. Bldg.","PM2.5","Buncombe",35.6062000008935,-82.5844
2025-08-30,39,"Board Of Ed. Bldg.","PM2.5","Buncombe",35.6062000008935,-82.5844
2025-08-31,47,"Board Of Ed. Bldg.","PM2.5","Buncombe",35.6062000008935,-82.5844
2025-09-01,31,"Board Of Ed. Bldg.","PM2.5","Buncombe",35.6062000008935,-82.5844
2025-09-02,27,"Board Of Ed. Bldg.","PM2.5","Buncombe",35.6062000008935,-82.5844
2025-09-03,26,"Board Of Ed. Bldg.","PM2.5","Buncombe",35.6062000008935,-82.5844
2025-09-04,38,"Board Of Ed. Bldg.","PM2.5","Buncombe",35.6062000008935,-82.5844
2025-09-05,49,"Board Of Ed. Bldg.","PM2.5","Buncombe",35.6062000008935,-82.5844
2025-09-06,51,"Board Of Ed. Bldg.","PM2.5","Buncombe",35.6062000008935,-82.5844
2025-09-07,27,"Board Of Ed. Bldg.","PM2.5","Buncombe",35.6062000008935,-82.5844
2025-09-08,27,"Board Of Ed. Bldg.","PM2.5","Buncombe",35.6062000008935,-82.5844
2025-09-09,31,"Board Of Ed. Bldg.","PM2.5","Buncombe",35.6062000008935,-82.5844
2025-09-10,34,"Board Of Ed. Bldg.","PM2.5","Buncombe",35.6062000008935,-82.5844
2025-09-11,38,"Board Of Ed. Bldg.","PM2.5","Buncombe",35.6062000008935,-82.5844
2025-09-12,41,"Board Of Ed. Bldg.","PM2.5","Buncombe",35.6062000008935,-82.5844
2025-09-13,44,"Board Of Ed. Bldg.","PM2.5","Buncombe",35.6062000008935,-82.5844
2025-09-14,49,"Board Of Ed. Bldg.","PM2.5","Buncombe",35.6062000008935,-82.5844
2025-09-15,49,"Board Of Ed. Bldg.","PM2.5","Buncombe",35.6062000008935,-82.5844
2025-09-16,48,"Board Of Ed. Bldg.","PM2.5","Buncombe",35.6062000008935,-82.5844
2025-09-17,46,"Board Of Ed. Bldg.","PM2.5","Buncombe",35.6062000008935,-82.5844
2025-09-18,45,"Board Of Ed. Bldg.","PM2.5","Buncombe",35.6062000008935,-82.5844
2025-09-19,39,"Board Of Ed. Bldg.","PM2.5","Buncombe",35.6062000008935,-82.5844
2025-09-20,31,"Board Of Ed. Bldg.","PM2.5","Buncombe",35.6062000008935,-82.5844
2025-09-21,52,"Board Of Ed. Bldg.","PM2.5","Buncombe",35.6062000008935,-82.5844
2025-09-23,54,"Board Of Ed. Bldg.","PM2.5","Buncombe",35.6062000008935,-82.5844
2025-09-24,52,"Board Of Ed. Bldg.","PM2.5","Buncombe",35.6062000008935,-82.5844
2025-09-25,22,"Board Of Ed. Bldg.","PM2.5","Buncombe",35.6062000008935,-82.5844
2025-09-26,26,"Board Of Ed. Bldg.","PM2.5","Buncombe",35.6062000008935,-82.5844
2025-09-27,24,"Board Of Ed. Bldg.","PM2.5","Buncombe",35.6062000008935,-82.5844
2025-09-28,29,"Board Of Ed. Bldg.","PM2.5","Buncombe",35.6062000008935,-82.5844
2025-09-29,22,"Board Of Ed. Bldg.","PM2.5","Buncombe",35.6062000008935,-82.5844
2025-09-30,15,"Board Of Ed. Bldg.","PM2.5","Buncombe",35.6062000008935,-82.5844
2025-10-01,40,"Board Of Ed. Bldg.","PM2.5","Buncombe",35.6062000008935,-82.5844
2025-10-02,41,"Board Of Ed. Bldg.","PM2.5","Buncombe",35.6062000008935,-82.5844
2025-10-03,35,"Board Of Ed. Bldg.","PM2.5","Buncombe",35.6062000008935,-82.5844
2025-10-04,32,"Board Of Ed. Bldg.","PM2.5","Buncombe",35.6062000008935,-82.5844
2025-10-05,33,"Board Of Ed. Bldg.","PM2.5","Buncombe",35.6062000008935,-82.5844
2025-10-06,22,"Board Of Ed. Bldg.","PM2.5","Buncombe",35.6062000008935,-82.5844
2025-10-07,28,"Board Of Ed. Bldg.","PM2.5","Buncombe",35.6062000008935,-82.5844
2025-10-08,24,"Board Of Ed. Bldg.","PM2.5","Buncombe",35.6062000008935,-82.5844
2025-10-09,21,"Board Of Ed. Bldg.","PM2.5","Buncombe",35.6062000008935,-82.5844
2025-10-10,24,"Board Of Ed. Bldg.","PM2.5","Buncombe",35.6062000008935,-82.5844
2025-10-11,36,"Board Of Ed. Bldg.","PM2.5","Buncombe",35.6062000008935,-82.5844
2025-10-12,28,"Board Of Ed. Bldg.","PM2.5","Buncombe",35.6062000008935,-82.5844
2025-10-13,17,"Board Of Ed. Bldg.","PM2.5","Buncombe",35.6062000008935,-82.5844
2025-10-14,16,"Board Of Ed. Bldg.","PM2.5","Buncombe",35.6062000008935,-82.5844
2025-10-15,26,"Board Of Ed. Bldg.","PM2.5","Buncombe",35.6062000008935,-82.5844
2025-10-16,18,"Board Of Ed. Bldg.","PM2.5","Buncombe",35.6062000008935,-82.5844
2025-10-17,28,"Board Of Ed. Bldg.","PM2.5","Buncombe",35.6062000008935,-82.5844
2025-10-18,53,"Board Of Ed. Bldg.","PM2.5","Buncombe",35.6062000008935,-82.5844
2025-10-19,26,"Board Of Ed. Bldg.","PM2.5","Buncombe",35.6062000008935,-82.5844
2025-10-20,17,"Board Of Ed. Bldg.","PM2.5","Buncombe",35.6062000008935,-82.5844
2025-10-21,37,"Board Of Ed. Bldg.","PM2.5","Buncombe",35.6062000008935,-82.5844
2025-10-22,16,"Board Of Ed. Bldg.","PM2.5","Buncombe",35.6062000008935,-82.5844
2025-10-23,17,"Board Of Ed. Bldg.","PM2.5","Buncombe",35.6062000008935,-82.5844
2025-10-24,19,"Board Of Ed. Bldg.","PM2.5","Buncombe",35.6062000008935,-82.5844
2025-10-25,23,"Board Of Ed. Bldg.","PM2.5","Buncombe",35.6062000008935,-82.5844
2025-10-26,26,"Board Of Ed. Bldg.","PM2.5","Buncombe",35.6062000008935,-82.5844
2025-10-27,8,"Board Of Ed. Bldg.","PM2.5","Buncombe",35.6062000008935,-82.5844
2025-10-28,11,"Board Of Ed. Bldg.","PM2.5","Buncombe",35.6062000008935,-82.5844
2025-10-29,4,"Board Of Ed. Bldg.","PM2.5","Buncombe",35.6062000008935,-82.5844
2025-10-30,11,"Board Of Ed. Bldg.","PM2.5","Buncombe",35.6062000008935,-82.5844
2025-10-31,30,"Board Of Ed. Bldg.","PM2.5","Buncombe",35.6062000008935,-82.5844
2025-11-01,35,"Board Of Ed. Bldg.","PM2.5","Buncombe",35.6062000008935,-82.5844
2025-11-02,46,"Board Of Ed. Bldg.","PM2.5","Buncombe",35.6062000008935,-82.5844
2025-11-03,34,"Board Of Ed. Bldg.","PM2.5","Buncombe",35.6062000008935,-82.5844
2025-11-04,25,"Board Of Ed. Bldg.","PM2.5","Buncombe",35.6062000008935,-82.5844
2025-11-05,48,"Board Of Ed. Bldg.","PM2.5","Buncombe",35.6062000008935,-82.5844
2025-11-06,52,"Board Of Ed. Bldg.","PM2.5","Buncombe",35.6062000008935,-82.5844
2025-11-07,61,"Board Of Ed. Bldg.","PM2.5","Buncombe",35.6062000008935,-82.5844
2025-11-08,44,"Board Of Ed. Bldg.","PM2.5","Buncombe",35.6062000008935,-82.5844
2025-11-09,41,"Board Of Ed. Bldg.","PM2.5","Buncombe",35.6062000008935,-82.5844
2025-11-10,13,"Board Of Ed. Bldg.","PM2.5","Buncombe",35.6062000008935,-82.5844
2025-11-11,27,"Board Of Ed. Bldg.","PM2.5","Buncombe",35.6062000008935,-82.5844
2025-11-12,38,"Board Of Ed. Bldg.","PM2.5","Buncombe",35.6062000008935,-82.5844
2025-11-13,29,"Board Of Ed. Bldg.","PM2.5","Buncombe",35.6062000008935,-82.5844
2025-11-14,55,"Board Of Ed. Bldg.","PM2.5","Buncombe",35.6062000008935,-82.5844
2025-11-15,60,"Board Of Ed. Bldg.","PM2.5","Buncombe",35.6062000008935,-82.5844
2025-11-16,33,"Board Of Ed. Bldg.","PM2.5","Buncombe",35.6062000008935,-82.5844
2025-11-17,13,"Board Of Ed. Bldg.","PM2.5","Buncombe",35.6062000008935,-82.5844
2025-11-18,39,"Board Of Ed. Bldg.","PM2.5","Buncombe",35.6062000008935,-82.5844
2025-11-19,54,"Board Of Ed. Bldg.","PM2.5","Buncombe",35.6062000008935,-82.5844
2025-11-20,60,"Board Of Ed. Bldg.","PM2.5","Buncombe",35.6062000008935,-82.5844
2025-11-21,60,"Board Of Ed. Bldg.","PM2.5","Buncombe",35.6062000008935,-82.5844
2025-11-22,33,"Board Of Ed. Bldg.","PM2.5","Buncombe",35.6062000008935,-82.5844
2025-11-23,18,"Board Of Ed. Bldg.","PM2.5","Buncombe",35.6062000008935,-82.5844
2025-11-24,31,"Board Of Ed. Bldg.","PM2.5","Buncombe",35.6062000008935,-82.5844
2025-11-25,31,"Board Of Ed. Bldg.","PM2.5","Buncombe",35.6062000008935,-82.5844
2025-11-26,20,"Board Of Ed. Bldg.","PM2.5","Buncombe",35.6062000008935,-82.5844
2025-11-27,17,"Board Of Ed. Bldg.","PM2.5","Buncombe",35.6062000008935,-82.5844
2025-11-28,23,"Board Of Ed. Bldg.","PM2.5","Buncombe",35.6062000008935,-82.5844
2025-11-29,35,"Board Of Ed. Bldg.","PM2.5","Buncombe",35.6062000008935,-82.5844
2025-11-30,23,"Board Of Ed. Bldg.","PM2.5","Buncombe",35.6062000008935,-82.5844
2025-12-01,28,"Board Of Ed. Bldg.","PM2.5","Buncombe",35.6062000008935,-82.5844
2025-12-02,19,"Board Of Ed. Bldg.","PM2.5","Buncombe",35.6062000008935,-82.5844
2025-12-03,27,"Board Of Ed. Bldg.","PM2.5","Buncombe",35.6062000008935,-82.5844
2025-12-04,52,"Board Of Ed. Bldg.","PM2.5","Buncombe",35.6062000008935,-82.5844
2025-12-05,38,"Board Of Ed. Bldg.","PM2.5","Buncombe",35.6062000008935,-82.5844
2025-12-06,32,"Board Of Ed. Bldg.","PM2.5","Buncombe",35.6062000008935,-82.5844
2025-12-07,57,"Board Of Ed. Bldg.","PM2.5","Buncombe",35.6062000008935,-82.5844
2025-12-08,43,"Board Of Ed. Bldg.","PM2.5","Buncombe",35.6062000008935,-82.5844
2025-12-09,41,"Board Of Ed. Bldg.","PM2.5","Buncombe",35.6062000008935,-82.5844
2025-12-10,52,"Board Of Ed. Bldg.","PM2.5","Buncombe",35.6062000008935,-82.5844
2025-12-11,24,"Board Of Ed. Bldg.","PM2.5","Buncombe",35.6062000008935,-82.5844
2025-12-12,36,"Board Of Ed. Bldg.","PM2.5","Buncombe",35.6062000008935,-82.5844
2025-12-13,58,"Board Of Ed. Bldg.","PM2.5","Buncombe",35.6062000008935,-82.5844
2025-12-14,20,"Board Of Ed. Bldg.","PM2.5","Buncombe",35.6062000008935,-82.5844
2025-12-15,33,"Board Of Ed. Bldg.","PM2.5","Buncombe",35.6062000008935,-82.5844
2025-12-16,54,"Board Of Ed. Bldg.","PM2.5","Buncombe",35.6062000008935,-82.5844
2025-12-17,61,"Board Of Ed. Bldg.","PM2.5","Buncombe",35.6062000008935,-82.5844
2025-12-18,46,"Board Of Ed. Bldg.","PM2.5","Buncombe",35.6062000008935,-82.5844
2025-12-19,13,"Board Of Ed. Bldg.","PM2.5","Buncombe",35.6062000008935,-82.5844
2025-12-20,29,"Board Of Ed. Bldg.","PM2.5","Buncombe",35.6062000008935,-82.5844
2025-12-21,41,"Board Of Ed. Bldg.","PM2.5","Buncombe",35.6062000008935,-82.5844
2025-12-22,40,"Board Of Ed. Bldg.","PM2.5","Buncombe",35.6062000008935,-82.5844
2025-12-23,37,"Board Of Ed. Bldg.","PM2.5","Buncombe",35.6062000008935,-82.5844
2025-12-24,48,"Board Of Ed. Bldg.","PM2.5","Buncombe",35.6062000008935,-82.5844
2025-12-25,52,"Board Of Ed. Bldg.","PM2.5","Buncombe",35.6062000008935,-82.5844
2025-12-26,53,"Board Of Ed. Bldg.","PM2.5","Buncombe",35.6062000008935,-82.5844
2025-12-27,47,"Board Of Ed. Bldg.","PM2.5","Buncombe",35.6062000008935,-82.5844
2025-12-28,53,"Board Of Ed. Bldg.","PM2.5","Buncombe",35.6062000008935,-82.5844
2025-12-29,18,"Board Of Ed. Bldg.","PM2.5","Buncombe",35.6062000008935,-82.5844
2025-12-30,26,"Board Of Ed. Bldg.","PM2.5","Buncombe",35.6062000008935,-82.5844
2025-12-31,18,"Board Of Ed. Bldg.","PM2.5","Buncombe",35.6062000008935,-82.5844
2025-01-01,0,"Hickory Water Tower","PM2.5","Catawba",35.728889,-81.365556
2025-01-02,19,"Hickory Water Tower","PM2.5","Catawba",35.728889,-81.365556
2025-01-03,19,"Hickory Water Tower","PM2.5","Catawba",35.728889,-81.365556
2025-01-04,12,"Hickory Water Tower","PM2.5","Catawba",35.728889,-81.365556
2025-01-05,43,"Hickory Water Tower","PM2.5","Catawba",35.728889,-81.365556
2025-01-06,43,"Hickory Water Tower","PM2.5","Catawba",35.728889,-81.365556
2025-01-07,11,"Hickory Water Tower","PM2.5","Catawba",35.728889,-81.365556
2025-01-08,25,"Hickory Water Tower","PM2.5","Catawba",35.728889,-81.365556
2025-01-09,25,"Hickory Water Tower","PM2.5","Catawba",35.728889,-81.365556
2025-01-10,53,"Hickory Water Tower","PM2.5","Catawba",35.728889,-81.365556
2025-01-11,50,"Hickory Water Tower","PM2.5","Catawba",35.728889,-81.365556
2025-01-12,52,"Hickory Water Tower","PM2.5","Catawba",35.728889,-81.365556
2025-01-13,53,"Hickory Water Tower","PM2.5","Catawba",35.728889,-81.365556
2025-01-14,14,"Hickory Water Tower","PM2.5","Catawba",35.728889,-81.365556
2025-01-15,37,"Hickory Water Tower","PM2.5","Catawba",35.728889,-81.365556
2025-01-16,39,"Hickory Water Tower","PM2.5","Catawba",35.728889,-81.365556
2025-01-17,31,"Hickory Water Tower","PM2.5","Catawba",35.728889,-81.365556
2025-01-18,56,"Hickory Water Tower","PM2.5","Catawba",35.728889,-81.365556
2025-01-19,47,"Hickory Water Tower","PM2.5","Catawba",35.728889,-81.365556
2025-01-20,13,"Hickory Water Tower","PM2.5","Catawba",35.728889,-81.365556
2025-01-21,36,"Hickory Water Tower","PM2.5","Catawba",35.728889,-81.365556
2025-01-22,31,"Hickory Water Tower","PM2.5","Catawba",35.728889,-81.365556
2025-01-23,66,"Hickory Water Tower","PM2.5","Catawba",35.728889,-81.365556
2025-01-24,65,"Hickory Water Tower","PM2.5","Catawba",35.728889,-81.365556
2025-01-25,52,"Hickory Water Tower","PM2.5","Catawba",35.728889,-81.365556
2025-01-26,55,"Hickory Water Tower","PM2.5","Catawba",35.728889,-81.365556
2025-01-27,55,"Hickory Water Tower","PM2.5","Catawba",35.728889,-81.365556
2025-01-28,17,"Hickory Water Tower","PM2.5","Catawba",35.728889,-81.365556
2025-01-29,22,"Hickory Water Tower","PM2.5","Catawba",35.728889,-81.365556
2025-01-30,46,"Hickory Water Tower","PM2.5","Catawba",35.728889,-81.365556
2025-01-31,60,"Hickory Water Tower","PM2.5","Catawba",35.728889,-81.365556
2025-02-01,20,"Hickory Water Tower","PM2.5","Catawba",35.728889,-81.365556
2025-02-02,37,"Hickory Water Tower","PM2.5","Catawba",35.728889,-81.365556
2025-02-03,53,"Hickory Water Tower","PM2.5","Catawba",35.728889,-81.365556
2025-02-04,52,"Hickory Water Tower","PM2.5","Catawba",35.728889,-81.365556
2025-02-05,45,"Hickory Water Tower","PM2.5","Catawba",35.728889,-81.365556
2025-02-06,60,"Hickory Water Tower","PM2.5","Catawba",35.728889,-81.365556
2025-02-07,31,"Hickory Water Tower","PM2.5","Catawba",35.728889,-81.365556
2025-02-08,38,"Hickory Water Tower","PM2.5","Catawba",35.728889,-81.365556
2025-02-09,41,"Hickory Water Tower","PM2.5","Catawba",35.728889,-81.365556
2025-02-10,22,"Hickory Water Tower","PM2.5","Catawba",35.728889,-81.365556
2025-02-11,52,"Hickory Water Tower","PM2.5","Catawba",35.728889,-81.365556
2025-02-12,16,"Hickory Water Tower","PM2.5","Catawba",35.728889,-81.365556
2025-02-13,8,"Hickory Water Tower","PM2.5","Catawba",35.728889,-81.365556
2025-02-14,37,"Hickory Water Tower","PM2.5","Catawba",35.728889,-81.365556
2025-02-15,44,"Hickory Water Tower","PM2.5","Catawba",35.728889,-81.365556
2025-02-16,9,"Hickory Water Tower","PM2.5","Catawba",35.728889,-81.365556
2025-02-17,12,"Hickory Water Tower","PM2.5","Catawba",35.728889,-81.365556
2025-02-18,45,"Hickory Water Tower","PM2.5","Catawba",35.728889,-81.365556
2025-02-19,40,"Hickory Water Tower","PM2.5","Catawba",35.728889,-81.365556
2025-02-20,28,"Hickory Water Tower","PM2.5","Catawba",35.728889,-81.365556
2025-02-21,16,"Hickory Water Tower","PM2.5","Catawba",35.728889,-81.365556
2025-02-22,51,"Hickory Water Tower","PM2.5","Catawba",35.728889,-81.365556
2025-02-23,53,"Hickory Water Tower","PM2.5","Catawba",35.728889,-81.365556
2025-02-24,54,"Hickory Water Tower","PM2.5","Catawba",35.728889,-81.365556
2025-03-01,28,"Hickory Water Tower","PM2.5","Catawba",35.728889,-81.365556
2025-03-02,17,"Hickory Water Tower","PM2.5","Catawba",35.728889,-81.365556
2025-03-03,43,"Hickory Water Tower","PM2.5","Catawba",35.728889,-81.365556
2025-03-04,46,"Hickory Water Tower","PM2.5","Catawba",35.728889,-81.365556
2025-03-05,26,"Hickory Water Tower","PM2.5","Catawba",35.728889,-81.365556
2025-03-06,2,"Hickory Water Tower","PM2.5","Catawba",35.728889,-81.365556
2025-03-07,26,"Hickory Water Tower","PM2.5","Catawba",35.728889,-81.365556
2025-03-08,41,"Hickory Water Tower","PM2.5","Catawba",35.728889,-81.365556
2025-03-09,28,"Hickory Water Tower","PM2.5","Catawba",35.728889,-81.365556
2025-03-10,46,"Hickory Water Tower","PM2.5","Catawba",35.728889,-81.365556
2025-03-11,52,"Hickory Water Tower","PM2.5","Catawba",35.728889,-81.365556
2025-03-12,43,"Hickory Water Tower","PM2.5","Catawba",35.728889,-81.365556
2025-03-13,60,"Hickory Water Tower","PM2.5","Catawba",35.728889,-81.365556
2025-03-14,71,"Hickory Water Tower","PM2.5","Catawba",35.728889,-81.365556
2025-03-15,67,"Hickory Water Tower","PM2.5","Catawba",35.728889,-81.365556
2025-03-16,43,"Hickory Water Tower","PM2.5","Catawba",35.728889,-81.365556
2025-03-17,11,"Hickory Water Tower","PM2.5","Catawba",35.728889,-81.365556
2025-03-18,27,"Hickory Water Tower","PM2.5","Catawba",35.728889,-81.365556
2025-03-19,52,"Hickory Water Tower","PM2.5","Catawba",35.728889,-81.365556
2025-03-20,54,"Hickory Water Tower","PM2.5","Catawba",35.728889,-81.365556
2025-03-21,40,"Hickory Water Tower","PM2.5","Catawba",35.728889,-81.365556
2025-03-22,55,"Hickory Water Tower","PM2.5","Catawba",35.728889,-81.365556
2025-03-23,32,"Hickory Water Tower","PM2.5","Catawba",35.728889,-81.365556
2025-03-24,46,"Hickory Water Tower","PM2.5","Catawba",35.728889,-81.365556
2025-03-25,16,"Hickory Water Tower","PM2.5","Catawba",35.728889,-81.365556
2025-03-26,18,"Hickory Water Tower","PM2.5","Catawba",35.728889,-81.365556
2025-03-27,53,"Hickory Water Tower","PM2.5","Catawba",35.728889,-81.365556
2025-03-28,63,"Hickory Water Tower","PM2.5","Catawba",35.728889,-81.365556
2025-03-29,53,"Hickory Water Tower","PM2.5","Catawba",35.728889,-81.365556
2025-03-30,40,"Hickory Water Tower","PM2.5","Catawba",35.728889,-81.365556
2025-03-31,33,"Hickory Water Tower","PM2.5","Catawba",35.728889,-81.365556
2025-04-01,12,"Hickory Water Tower","PM2.5","Catawba",35.728889,-81.365556
2025-04-02,37,"Hickory Water Tower","PM2.5","Catawba",35.728889,-81.365556
2025-04-03,49,"Hickory Water Tower","PM2.5","Catawba",35.728889,-81.365556
2025-04-04,55,"Hickory Water Tower","PM2.5","Catawba",35.728889,-81.365556
2025-04-05,56,"Hickory Water Tower","PM2.5","Catawba",35.728889,-81.365556
2025-04-06,31,"Hickory Water Tower","PM2.5","Catawba",35.728889,-81.365556
2025-04-07,23,"Hickory Water Tower","PM2.5","Catawba",35.728889,-81.365556
2025-04-08,19,"Hickory Water Tower","PM2.5","Catawba",35.728889,-81.365556
2025-04-09,31,"Hickory Water Tower","PM2.5","Catawba",35.728889,-81.365556
2025-04-10,54,"Hickory Water Tower","PM2.5","Catawba",35.728889,-81.365556
2025-04-11,42,"Hickory Water Tower","PM2.5","Catawba",35.728889,-81.365556
2025-04-12,33,"Hickory Water Tower","PM2.5","Catawba",35.728889,-81.365556
2025-04-13,48,"Hickory Water Tower","PM2.5","Catawba",35.728889,-81.365556
2025-04-14,54,"Hickory Water Tower","PM2.5","Catawba",35.728889,-81.365556
2025-04-15,39,"Hickory Water Tower","PM2.5","Catawba",35.728889,-81.365556
2025-04-16,21,"Hickory Water Tower","PM2.5","Catawba",35.728889,-81.365556
2025-04-17,49,"Hickory Water Tower","PM2.5","Catawba",35.728889,-81.365556
2025-04-18,62,"Hickory Water Tower","PM2.5","Catawba",35.728889,-81.365556
2025-04-19,60,"Hickory Water Tower","PM2.5","Catawba",35.728889,-81.365556
2025-04-20,61,"Hickory Water Tower","PM2.5","Catawba",35.728889,-81.365556
2025-04-21,53,"Hickory Water Tower","PM2.5","Catawba",35.728889,-81.365556
2025-04-22,49,"Hickory Water Tower","PM2.5","Catawba",35.728889,-81.365556
2025-04-23,42,"Hickory Water Tower","PM2.5","Catawba",35.728889,-81.365556
2025-04-24,59,"Hickory Water Tower","PM2.5","Catawba",35.728889,-81.365556
2025-05-01,56,"Hickory Water Tower","PM2.5","Catawba",35.728889,-81.365556
2025-05-02,35,"Hickory Water Tower","PM2.5","Catawba",35.728889,-81.365556
2025-05-03,48,"Hickory Water Tower","PM2.5","Catawba",35.728889,-81.365556
2025-05-04,17,"Hickory Water Tower","PM2.5","Catawba",35.728889,-81.365556
2025-05-05,28,"Hickory Water Tower","PM2.5","Catawba",35.728889,-81.365556
2025-05-06,31,"Hickory Water Tower","PM2.5","Catawba",35.728889,-81.365556
2025-05-07,32,"Hickory Water Tower","PM2.5","Catawba",35.728889,-81.365556
2025-05-08,43,"Hickory Water Tower","PM2.5","Catawba",35.728889,-81.365556
2025-05-09,31,"Hickory Water Tower","PM2.5","Catawba",35.728889,-81.365556
2025-05-10,33,"Hickory Water Tower","PM2.5","Catawba",35.728889,-81.365556
2025-05-11,46,"Hickory Water Tower","PM2.5","Catawba",35.728889,-81.365556
2025-05-12,23,"Hickory Water Tower","PM2.5","Catawba",35.728889,-81.365556
2025-05-13,24,"Hickory Water Tower","PM2.5","Catawba",35.728889,-81.365556
2025-05-14,29,"Hickory Water Tower","PM2.5","Catawba",35.728889,-81.365556
2025-05-15,52,"Hickory Water Tower","PM2.5","Catawba",35.728889,-81.365556
2025-05-16,63,"Hickory Water Tower","PM2.5","Catawba",35.728889,-81.365556
2025-05-17,18,"Hickory Water Tower","PM2.5","Catawba",35.728889,-81.365556
2025-05-18,23,"Hickory Water Tower","PM2.5","Catawba",35.728889,-81.365556
2025-05-19,46,"Hickory Water Tower","PM2.5","Catawba",35.728889,-81.365556
2025-05-20,53,"Hickory Water Tower","PM2.5","Catawba",35.728889,-81.365556
2025-05-21,36,"Hickory Water Tower","PM2.5","Catawba",35.728889,-81.365556
2025-05-22,17,"Hickory Water Tower","PM2.5","Catawba",35.728889,-81.365556
2025-05-23,16,"Hickory Water Tower","PM2.5","Catawba",35.728889,-81.365556
2025-05-24,34,"Hickory Water Tower","PM2.5","Catawba",35.728889,-81.365556
2025-05-25,48,"Hickory Water Tower","PM2.5","Catawba",35.728889,-81.365556
2025-05-26,36,"Hickory Water Tower","PM2.5","Catawba",35.728889,-81.365556
2025-05-27,14,"Hickory Water Tower","PM2.5","Catawba",35.728889,-81.365556
2025-05-28,19,"Hickory Water Tower","PM2.5","Catawba",35.728889,-81.365556
2025-05-29,49,"Hickory Water Tower","PM2.5","Catawba",35.728889,-81.365556
2025-05-30,19,"Hickory Water Tower","PM2.5","Catawba",35.728889,-81.365556
2025-05-31,53,"Hickory Water Tower","PM2.5","Catawba",35.728889,-81.365556
2025-06-02,53,"Hickory Water Tower","PM2.5","Catawba",35.728889,-81.365556
2025-06-03,63,"Hickory Water Tower","PM2.5","Catawba",35.728889,-81.365556
2025-06-04,69,"Hickory Water Tower","PM2.5","Catawba",35.728889,-81.365556
2025-06-05,58,"Hickory Water Tower","PM2.5","Catawba",35.728889,-81.365556
2025-06-06,54,"Hickory Water Tower","PM2.5","Catawba",35.728889,-81.365556
2025-06-07,34,"Hickory Water Tower","PM2.5","Catawba",35.728889,-81.365556
2025-06-08,32,"Hickory Water Tower","PM2.5","Catawba",35.728889,-81.365556
2025-06-09,31,"Hickory Water Tower","PM2.5","Catawba",35.728889,-81.365556
2025-06-10,33,"Hickory Water Tower","PM2.5","Catawba",35.728889,-81.365556
2025-06-11,55,"Hickory Water Tower","PM2.5","Catawba",35.728889,-81.365556
2025-06-12,59,"Hickory Water Tower","PM2.5","Catawba",35.728889,-81.365556
2025-06-13,29,"Hickory Water Tower","PM2.5","Catawba",35.728889,-81.365556
2025-06-14,23,"Hickory Water Tower","PM2.5","Catawba",35.728889,-81.365556
2025-06-15,27,"Hickory Water Tower","PM2.5","Catawba",35.728889,-81.365556
2025-06-16,41,"Hickory Water Tower","PM2.5","Catawba",35.728889,-81.365556
2025-06-17,39,"Hickory Water Tower","PM2.5","Catawba",35.728889,-81.365556
2025-06-18,24,"Hickory Water Tower","PM2.5","Catawba",35.728889,-81.365556
2025-06-19,35,"Hickory Water Tower","PM2.5","Catawba",35.728889,-81.365556
2025-06-20,36,"Hickory Water Tower","PM2.5","Catawba",35.728889,-81.365556
2025-06-21,53,"Hickory Water Tower","PM2.5","Catawba",35.728889,-81.365556
2025-06-22,55,"Hickory Water Tower","PM2.5","Catawba",35.728889,-81.365556
2025-06-23,57,"Hickory Water Tower","PM2.5","Catawba",35.728889,-81.365556
2025-06-24,61,"Hickory Water Tower","PM2.5","Catawba",35.728889,-81.365556
2025-06-25,56,"Hickory Water Tower","PM2.5","Catawba",35.728889,-81.365556
2025-06-26,52,"Hickory Water Tower","PM2.5","Catawba",35.728889,-81.365556
2025-06-27,51,"Hickory Water Tower","PM2.5","Catawba",35.728889,-81.365556
2025-06-28,44,"Hickory Water Tower","PM2.5","Catawba",35.728889,-81.365556
2025-06-29,51,"Hickory Water Tower","PM2.5","Catawba",35.728889,-81.365556
2025-06-30,52,"Hickory Water Tower","PM2.5","Catawba",35.728889,-81.365556
2025-07-01,52,"Hickory Water Tower","PM2.5","Catawba",35.728889,-81.365556
2025-07-02,32,"Hickory Water Tower","PM2.5","Catawba",35.728889,-81.365556
2025-07-03,50,"Hickory Water Tower","PM2.5","Catawba",35.728889,-81.365556
2025-07-04,70,"Hickory Water Tower","PM2.5","Catawba",35.728889,-81.365556
2025-07-05,68,"Hickory Water Tower","PM2.5","Catawba",35.728889,-81.365556
2025-07-06,47,"Hickory Water Tower","PM2.5","Catawba",35.728889,-81.365556
2025-07-07,52,"Hickory Water Tower","PM2.5","Catawba",35.728889,-81.365556
2025-07-08,57,"Hickory Water Tower","PM2.5","Catawba",35.728889,-81.365556
2025-07-09,60,"Hickory Water Tower","PM2.5","Catawba",35.728889,-81.365556
2025-07-10,28,"Hickory Water Tower","PM2.5","Catawba",35.728889,-81.365556
2025-07-11,28,"Hickory Water Tower","PM2.5","Catawba",35.728889,-81.365556
2025-07-12,34,"Hickory Water Tower","PM2.5","Catawba",35.728889,-81.365556
2025-07-13,38,"Hickory Water Tower","PM2.5","Catawba",35.728889,-81.365556
2025-07-14,33,"Hickory Water Tower","PM2.5","Catawba",35.728889,-81.365556
2025-07-15,53,"Hickory Water Tower","PM2.5","Catawba",35.728889,-81.365556
2025-07-16,45,"Hickory Water Tower","PM2.5","Catawba",35.728889,-81.365556
2025-07-17,46,"Hickory Water Tower","PM2.5","Catawba",35.728889,-81.365556
2025-07-18,39,"Hickory Water Tower","PM2.5","Catawba",35.728889,-81.365556
2025-07-19,30,"Hickory Water Tower","PM2.5","Catawba",35.728889,-81.365556
2025-07-20,43,"Hickory Water Tower","PM2.5","Catawba",35.728889,-81.365556
2025-07-21,52,"Hickory Water Tower","PM2.5","Catawba",35.728889,-81.365556
2025-07-22,51,"Hickory Water Tower","PM2.5","Catawba",35.728889,-81.365556
2025-07-23,58,"Hickory Water Tower","PM2.5","Catawba",35.728889,-81.365556
2025-07-24,61,"Hickory Water Tower","PM2.5","Catawba",35.728889,-81.365556
2025-07-25,54,"Hickory Water Tower","PM2.5","Catawba",35.728889,-81.365556
2025-07-26,53,"Hickory Water Tower","PM2.5","Catawba",35.728889,-81.365556
2025-07-27,37,"Hickory Water Tower","PM2.5","Catawba",35.728889,-81.365556
2025-07-28,29,"Hickory Water Tower","PM2.5","Catawba",35.728889,-81.365556
2025-07-29,30,"Hickory Water Tower","PM2.5","Catawba",35.728889,-81.365556
2025-07-30,46,"Hickory Water Tower","PM2.5","Catawba",35.728889,-81.365556
2025-07-31,36,"Hickory Water Tower","PM2.5","Catawba",35.728889,-81.365556
2025-08-01,42,"Hickory Water Tower","PM2.5","Catawba",35.728889,-81.365556
2025-08-02,17,"Hickory Water Tower","PM2.5","Catawba",35.728889,-81.365556
2025-08-03,49,"Hickory Water Tower","PM2.5","Catawba",35.728889,-81.365556
2025-08-04,51,"Hickory Water Tower","PM2.5","Catawba",35.728889,-81.365556
2025-08-05,46,"Hickory Water Tower","PM2.5","Catawba",35.728889,-81.365556
2025-08-06,41,"Hickory Water Tower","PM2.5","Catawba",35.728889,-81.365556
2025-08-07,58,"Hickory Water Tower","PM2.5","Catawba",35.728889,-81.365556
2025-08-08,85,"Hickory Water Tower","PM2.5","Catawba",35.728889,-81.365556
2025-08-09,66,"Hickory Water Tower","PM2.5","Catawba",35.728889,-81.365556
2025-08-10,53,"Hickory Water Tower","PM2.5","Catawba",35.728889,-81.365556
2025-08-11,30,"Hickory Water Tower","PM2.5","Catawba",35.728889,-81.365556
2025-08-12,19,"Hickory Water Tower","PM2.5","Catawba",35.728889,-81.365556
2025-08-13,21,"Hickory Water Tower","PM2.5","Catawba",35.728889,-81.365556
2025-08-14,24,"Hickory Water Tower","PM2.5","Catawba",35.728889,-81.365556
2025-08-15,45,"Hickory Water Tower","PM2.5","Catawba",35.728889,-81.365556
2025-08-16,46,"Hickory Water Tower","PM2.5","Catawba",35.728889,-81.365556
2025-08-17,46,"Hickory Water Tower","PM2.5","Catawba",35.728889,-81.365556
2025-08-18,47,"Hickory Water Tower","PM2.5","Catawba",35.728889,-81.365556
2025-08-19,50,"Hickory Water Tower","PM2.5","Catawba",35.728889,-81.365556
2025-08-20,43,"Hickory Water Tower","PM2.5","Catawba",35.728889,-81.365556
2025-08-21,40,"Hickory Water Tower","PM2.5","Catawba",35.728889,-81.365556
2025-08-22,23,"Hickory Water Tower","PM2.5","Catawba",35.728889,-81.365556
2025-08-23,34,"Hickory Water Tower","PM2.5","Catawba",35.728889,-81.365556
2025-08-24,36,"Hickory Water Tower","PM2.5","Catawba",35.728889,-81.365556
2025-08-25,27,"Hickory Water Tower","PM2.5","Catawba",35.728889,-81.365556
2025-08-26,23,"Hickory Water Tower","PM2.5","Catawba",35.728889,-81.365556
2025-08-27,34,"Hickory Water Tower","PM2.5","Catawba",35.728889,-81.365556
2025-08-28,48,"Hickory Water Tower","PM2.5","Catawba",35.728889,-81.365556
2025-08-29,34,"Hickory Water Tower","PM2.5","Catawba",35.728889,-81.365556
2025-08-30,39,"Hickory Water Tower","PM2.5","Catawba",35.728889,-81.365556
2025-08-31,42,"Hickory Water Tower","PM2.5","Catawba",35.728889,-81.365556
2025-09-01,23,"Hickory Water Tower","PM2.5","Catawba",35.728889,-81.365556
2025-09-02,29,"Hickory Water Tower","PM2.5","Catawba",35.728889,-81.365556
2025-09-03,39,"Hickory Water Tower","PM2.5","Catawba",35.728889,-81.365556
2025-09-04,39,"Hickory Water Tower","PM2.5","Catawba",35.728889,-81.365556
2025-09-05,57,"Hickory Water Tower","PM2.5","Catawba",35.728889,-81.365556
2025-09-06,58,"Hickory Water Tower","PM2.5","Catawba",35.728889,-81.365556
2025-09-07,27,"Hickory Water Tower","PM2.5","Catawba",35.728889,-81.365556
2025-09-08,25,"Hickory Water Tower","PM2.5","Catawba",35.728889,-81.365556
2025-09-09,27,"Hickory Water Tower","PM2.5","Catawba",35.728889,-81.365556
2025-09-10,36,"Hickory Water Tower","PM2.5","Catawba",35.728889,-81.365556
2025-09-11,32,"Hickory Water Tower","PM2.5","Catawba",35.728889,-81.365556
2025-09-12,39,"Hickory Water Tower","PM2.5","Catawba",35.728889,-81.365556
2025-09-13,43,"Hickory Water Tower","PM2.5","Catawba",35.728889,-81.365556
2025-09-14,51,"Hickory Water Tower","PM2.5","Catawba",35.728889,-81.365556
2025-09-15,47,"Hickory Water Tower","PM2.5","Catawba",35.728889,-81.365556
2025-09-16,42,"Hickory Water Tower","PM2.5","Catawba",35.728889,-81.365556
2025-09-17,43,"Hickory Water Tower","PM2.5","Catawba",35.728889,-81.365556
2025-09-18,45,"Hickory Water Tower","PM2.5","Catawba",35.728889,-81.365556
2025-09-19,44,"Hickory Water Tower","PM2.5","Catawba",35.728889,-81.365556
2025-09-20,48,"Hickory Water Tower","PM2.5","Catawba",35.728889,-81.365556
2025-09-21,57,"Hickory Water Tower","PM2.5","Catawba",35.728889,-81.365556
2025-09-22,55,"Hickory Water Tower","PM2.5","Catawba",35.728889,-81.365556
2025-09-23,61,"Hickory Water Tower","PM2.5","Catawba",35.728889,-81.365556
2025-09-24,58,"Hickory Water Tower","PM2.5","Catawba",35.728889,-81.365556
2025-09-25,28,"Hickory Water Tower","PM2.5","Catawba",35.728889,-81.365556
2025-09-26,40,"Hickory Water Tower","PM2.5","Catawba",35.728889,-81.365556
2025-09-27,17,"Hickory Water Tower","PM2.5","Catawba",35.728889,-81.365556
2025-09-28,22,"Hickory Water Tower","PM2.5","Catawba",35.728889,-81.365556
2025-09-29,33,"Hickory Water Tower","PM2.5","Catawba",35.728889,-81.365556
2025-09-30,37,"Hickory Water Tower","PM2.5","Catawba",35.728889,-81.365556
2025-10-08,22,"Hickory Water Tower","PM2.5","Catawba",35.728889,-81.365556
2025-10-09,19,"Hickory Water Tower","PM2.5","Catawba",35.728889,-81.365556
2025-10-10,19,"Hickory Water Tower","PM2.5","Catawba",35.728889,-81.365556
2025-10-11,23,"Hickory Water Tower","PM2.5","Catawba",35.728889,-81.365556
2025-10-12,11,"Hickory Water Tower","PM2.5","Catawba",35.728889,-81.365556
2025-10-13,6,"Hickory Water Tower","PM2.5","Catawba",35.728889,-81.365556
2025-10-14,13,"Hickory Water Tower","PM2.5","Catawba",35.728889,-81.365556
2025-10-15,20,"Hickory Water Tower","PM2.5","Catawba",35.728889,-81.365556
2025-10-16,17,"Hickory Water Tower","PM2.5","Catawba",35.728889,-81.365556
2025-10-17,34,"Hickory Water Tower","PM2.5","Catawba",35.728889,-81.365556
2025-10-18,51,"Hickory Water Tower","PM2.5","Catawba",35.728889,-81.365556
2025-10-19,28,"Hickory Water Tower","PM2.5","Catawba",35.728889,-81.365556
2025-10-20,12,"Hickory Water Tower","PM2.5","Catawba",35.728889,-81.365556
2025-10-21,34,"Hickory Water Tower","PM2.5","Catawba",35.728889,-81.365556
2025-10-22,9,"Hickory Water Tower","PM2.5","Catawba",35.728889,-81.365556
2025-10-23,22,"Hickory Water Tower","PM2.5","Catawba",35.728889,-81.365556
2025-10-24,18,"Hickory Water Tower","PM2.5","Catawba",35.728889,-81.365556
2025-10-25,31,"Hickory Water Tower","PM2.5","Catawba",35.728889,-81.365556
2025-10-26,33,"Hickory Water Tower","PM2.5","Catawba",35.728889,-81.365556
2025-10-27,27,"Hickory Water Tower","PM2.5","Catawba",35.728889,-81.365556
2025-10-28,15,"Hickory Water Tower","PM2.5","Catawba",35.728889,-81.365556
2025-10-29,12,"Hickory Water Tower","PM2.5","Catawba",35.728889,-81.365556
2025-10-30,0,"Hickory Water Tower","PM2.5","Catawba",35.728889,-81.365556
2025-10-31,17,"Hickory Water Tower","PM2.5","Catawba",35.728889,-81.365556
2025-11-01,31,"Hickory Water Tower","PM2.5","Catawba",35.728889,-81.365556
2025-11-02,53,"Hickory Water Tower","PM2.5","Catawba",35.728889,-81.365556
2025-11-03,36,"Hickory Water Tower","PM2.5","Catawba",35.728889,-81.365556
2025-11-04,22,"Hickory Water Tower","PM2.5","Catawba",35.728889,-81.365556
2025-11-05,52,"Hickory Water Tower","PM2.5","Catawba",35.728889,-81.365556
2025-11-06,40,"Hickory Water Tower","PM2.5","Catawba",35.728889,-81.365556
2025-11-07,57,"Hickory Water Tower","PM2.5","Catawba",35.728889,-81.365556
2025-11-08,46,"Hickory Water Tower","PM2.5","Catawba",35.728889,-81.365556
2025-11-09,53,"Hickory Water Tower","PM2.5","Catawba",35.728889,-81.365556
2025-11-10,0,"Hickory Water Tower","PM2.5","Catawba",35.728889,-81.365556
2025-11-11,11,"Hickory Water Tower","PM2.5","Catawba",35.728889,-81.365556
2025-11-12,26,"Hickory Water Tower","PM2.5","Catawba",35.728889,-81.365556
2025-11-13,23,"Hickory Water Tower","PM2.5","Catawba",35.728889,-81.365556
2025-11-14,36,"Hickory Water Tower","PM2.5","Catawba",35.728889,-81.365556
2025-11-15,56,"Hickory Water Tower","PM2.5","Catawba",35.728889,-81.365556
2025-11-16,21,"Hickory Water Tower","PM2.5","Catawba",35.728889,-81.365556
2025-11-17,17,"Hickory Water Tower","PM2.5","Catawba",35.728889,-81.365556
2025-11-18,44,"Hickory Water Tower","PM2.5","Catawba",35.728889,-81.365556
2025-11-19,56,"Hickory Water Tower","PM2.5","Catawba",35.728889,-81.365556
2025-11-20,59,"Hickory Water Tower","PM2.5","Catawba",35.728889,-81.365556
2025-11-21,82,"Hickory Water Tower","PM2.5","Catawba",35.728889,-81.365556
2025-11-22,44,"Hickory Water Tower","PM2.5","Catawba",35.728889,-81.365556
2025-11-23,16,"Hickory Water Tower","PM2.5","Catawba",35.728889,-81.365556
2025-11-24,42,"Hickory Water Tower","PM2.5","Catawba",35.728889,-81.365556
2025-11-25,63,"Hickory Water Tower","PM2.5","Catawba",35.728889,-81.365556
2025-11-26,41,"Hickory Water Tower","PM2.5","Catawba",35.728889,-81.365556
2025-11-27,9,"Hickory Water Tower","PM2.5","Catawba",35.728889,-81.365556
2025-11-28,13,"Hickory Water Tower","PM2.5","Catawba",35.728889,-81.365556
2025-11-29,37,"Hickory Water Tower","PM2.5","Catawba",35.728889,-81.365556
2025-11-30,54,"Hickory Water Tower","PM2.5","Catawba",35.728889,-81.365556
2025-12-01,47,"Hickory Water Tower","PM2.5","Catawba",35.728889,-81.365556
2025-12-02,37,"Hickory Water Tower","PM2.5","Catawba",35.728889,-81.365556
2025-12-03,35,"Hickory Water Tower","PM2.5","Catawba",35.728889,-81.365556
2025-12-04,51,"Hickory Water Tower","PM2.5","Catawba",35.728889,-81.365556
2025-12-05,33,"Hickory Water Tower","PM2.5","Catawba",35.728889,-81.365556
2025-12-06,44,"Hickory Water Tower","PM2.5","Catawba",35.728889,-81.365556
2025-12-07,33,"Hickory Water Tower","PM2.5","Catawba",35.728889,-81.365556
2025-12-08,49,"Hickory Water Tower","PM2.5","Catawba",35.728889,-81.365556
2025-12-09,32,"Hickory Water Tower","PM2.5","Catawba",35.728889,-81.365556
2025-12-10,45,"Hickory Water Tower","PM2.5","Catawba",35.728889,-81.365556
2025-12-11,16,"Hickory Water Tower","PM2.5","Catawba",35.728889,-81.365556
2025-12-12,52,"Hickory Water Tower","PM2.5","Catawba",35.728889,-81.365556
2025-12-13,61,"Hickory Water Tower","PM2.5","Catawba",35.728889,-81.365556
2025-12-14,28,"Hickory Water Tower","PM2.5","Catawba",35.728889,-81.365556
2025-12-15,16,"Hickory Water Tower","PM2.5","Catawba",35.728889,-81.365556
2025-12-16,57,"Hickory Water Tower","PM2.5","Catawba",35.728889,-81.365556
2025-12-17,60,"Hickory Water Tower","PM2.5","Catawba",35.728889,-81.365556
2025-12-18,71,"Hickory Water Tower","PM2.5","Catawba",35.728889,-81.365556
2025-12-19,14,"Hickory Water Tower","PM2.5","Catawba",35.728889,-81.365556
2025-12-20,29,"Hickory Water Tower","PM2.5","Catawba",35.728889,-81.365556
2025-12-21,51,"Hickory Water Tower","PM2.5","Catawba",35.728889,-81.365556
2025-12-22,33,"Hickory Water Tower","PM2.5","Catawba",35.728889,-81.365556
2025-12-23,39,"Hickory Water Tower","PM2.5","Catawba",35.728889,-81.365556
2025-12-24,43,"Hickory Water Tower","PM2.5","Catawba",35.728889,-81.365556
2025-12-25,47,"Hickory Water Tower","PM2.5","Catawba",35.728889,-81.365556
2025-12-26,53,"Hickory Water Tower","PM2.5","Catawba",35.728889,-81.365556
2025-12-27,51,"Hickory Water Tower","PM2.5","Catawba",35.728889,-81.365556
2025-12-28,29,"Hickory Water Tower","PM2.5","Catawba",35.728889,-81.365556
2025-12-29,29,"Hickory Water Tower","PM2.5","Catawba",35.728889,-81.365556
2025-12-30,8,"Hickory Water Tower","PM2.5","Catawba",35.728889,-81.365556
2025-12-31,20,"Hickory Water Tower","PM2.5","Catawba",35.728889,-81.365556
2025-01-01,3,"Hickory Water Tower","PM2.5","Catawba",35.728889,-81.365556
2025-01-02,21,"Hickory Water Tower","PM2.5","Catawba",35.728889,-81.365556
2025-01-03,19,"Hickory Water Tower","PM2.5","Catawba",35.728889,-81.365556
2025-01-04,8,"Hickory Water Tower","PM2.5","Catawba",35.728889,-81.365556
2025-01-05,42,"Hickory Water Tower","PM2.5","Catawba",35.728889,-81.365556
2025-01-06,43,"Hickory Water Tower","PM2.5","Catawba",35.728889,-81.365556
2025-01-07,8,"Hickory Water Tower","PM2.5","Catawba",35.728889,-81.365556
2025-01-08,22,"Hickory Water Tower","PM2.5","Catawba",35.728889,-81.365556
2025-01-09,18,"Hickory Water Tower","PM2.5","Catawba",35.728889,-81.365556
2025-01-10,49,"Hickory Water Tower","PM2.5","Catawba",35.728889,-81.365556
2025-01-11,46,"Hickory Water Tower","PM2.5","Catawba",35.728889,-81.365556
2025-01-12,47,"Hickory Water Tower","PM2.5","Catawba",35.728889,-81.365556
2025-01-13,53,"Hickory Water Tower","PM2.5","Catawba",35.728889,-81.365556
2025-01-14,9,"Hickory Water Tower","PM2.5","Catawba",35.728889,-81.365556
2025-01-15,44,"Hickory Water Tower","PM2.5","Catawba",35.728889,-81.365556
2025-01-16,33,"Hickory Water Tower","PM2.5","Catawba",35.728889,-81.365556
2025-01-17,35,"Hickory Water Tower","PM2.5","Catawba",35.728889,-81.365556
2025-01-18,53,"Hickory Water Tower","PM2.5","Catawba",35.728889,-81.365556
2025-01-19,49,"Hickory Water Tower","PM2.5","Catawba",35.728889,-81.365556
2025-01-20,16,"Hickory Water Tower","PM2.5","Catawba",35.728889,-81.365556
2025-01-21,29,"Hickory Water Tower","PM2.5","Catawba",35.728889,-81.365556
2025-01-22,28,"Hickory Water Tower","PM2.5","Catawba",35.728889,-81.365556
2025-01-23,65,"Hickory Water Tower","PM2.5","Catawba",35.728889,-81.365556
2025-01-24,61,"Hickory Water Tower","PM2.5","Catawba",35.728889,-81.365556
2025-01-25,52,"Hickory Water Tower","PM2.5","Catawba",35.728889,-81.365556
2025-01-26,53,"Hickory Water Tower","PM2.5","Catawba",35.728889,-81.365556
2025-01-27,54,"Hickory Water Tower","PM2.5","Catawba",35.728889,-81.365556
2025-01-28,12,"Hickory Water Tower","PM2.5","Catawba",35.728889,-81.365556
2025-01-29,21,"Hickory Water Tower","PM2.5","Catawba",35.728889,-81.365556
2025-01-30,48,"Hickory Water Tower","PM2.5","Catawba",35.728889,-81.365556
2025-01-31,60,"Hickory Water Tower","PM2.5","Catawba",35.728889,-81.365556
2025-02-01,22,"Hickory Water Tower","PM2.5","Catawba",35.728889,-81.365556
2025-02-02,41,"Hickory Water Tower","PM2.5","Catawba",35.728889,-81.365556
2025-02-03,51,"Hickory Water Tower","PM2.5","Catawba",35.728889,-81.365556
2025-02-04,52,"Hickory Water Tower","PM2.5","Catawba",35.728889,-81.365556
2025-02-05,43,"Hickory Water Tower","PM2.5","Catawba",35.728889,-81.365556
2025-02-06,60,"Hickory Water Tower","PM2.5","Catawba",35.728889,-81.365556
2025-02-07,24,"Hickory Water Tower","PM2.5","Catawba",35.728889,-81.365556
2025-02-08,34,"Hickory Water Tower","PM2.5","Catawba",35.728889,-81.365556
2025-02-09,42,"Hickory Water Tower","PM2.5","Catawba",35.728889,-81.365556
2025-02-10,18,"Hickory Water Tower","PM2.5","Catawba",35.728889,-81.365556
2025-02-11,54,"Hickory Water Tower","PM2.5","Catawba",35.728889,-81.365556
2025-02-12,13,"Hickory Water Tower","PM2.5","Catawba",35.728889,-81.365556
2025-02-13,4,"Hickory Water Tower","PM2.5","Catawba",35.728889,-81.365556
2025-02-14,35,"Hickory Water Tower","PM2.5","Catawba",35.728889,-81.365556
2025-02-15,49,"Hickory Water Tower","PM2.5","Catawba",35.728889,-81.365556
2025-02-16,9,"Hickory Water Tower","PM2.5","Catawba",35.728889,-81.365556
2025-02-17,11,"Hickory Water Tower","PM2.5","Catawba",35.728889,-81.365556
2025-02-18,44,"Hickory Water Tower","PM2.5","Catawba",35.728889,-81.365556
2025-02-19,46,"Hickory Water Tower","PM2.5","Catawba",35.728889,-81.365556
2025-02-20,31,"Hickory Water Tower","PM2.5","Catawba",35.728889,-81.365556
2025-02-21,16,"Hickory Water Tower","PM2.5","Catawba",35.728889,-81.365556
2025-02-22,45,"Hickory Water Tower","PM2.5","Catawba",35.728889,-81.365556
2025-02-23,53,"Hickory Water Tower","PM2.5","Catawba",35.728889,-81.365556
2025-02-24,53,"Hickory Water Tower","PM2.5","Catawba",35.728889,-81.365556
2025-03-01,22,"Hickory Water Tower","PM2.5","Catawba",35.728889,-81.365556
2025-03-02,15,"Hickory Water Tower","PM2.5","Catawba",35.728889,-81.365556
2025-03-03,41,"Hickory Water Tower","PM2.5","Catawba",35.728889,-81.365556
2025-03-04,37,"Hickory Water Tower","PM2.5","Catawba",35.728889,-81.365556
2025-03-05,30,"Hickory Water Tower","PM2.5","Catawba",35.728889,-81.365556
2025-03-06,8,"Hickory Water Tower","PM2.5","Catawba",35.728889,-81.365556
2025-03-07,21,"Hickory Water Tower","PM2.5","Catawba",35.728889,-81.365556
2025-03-08,39,"Hickory Water Tower","PM2.5","Catawba",35.728889,-81.365556
2025-03-09,25,"Hickory Water Tower","PM2.5","Catawba",35.728889,-81.365556
2025-03-10,47,"Hickory Water Tower","PM2.5","Catawba",35.728889,-81.365556
2025-03-11,46,"Hickory Water Tower","PM2.5","Catawba",35.728889,-81.365556
2025-03-12,44,"Hickory Water Tower","PM2.5","Catawba",35.728889,-81.365556
2025-03-13,58,"Hickory Water Tower","PM2.5","Catawba",35.728889,-81.365556
2025-03-14,71,"Hickory Water Tower","PM2.5","Catawba",35.728889,-81.365556
2025-03-15,67,"Hickory Water Tower","PM2.5","Catawba",35.728889,-81.365556
2025-03-16,41,"Hickory Water Tower","PM2.5","Catawba",35.728889,-81.365556
2025-03-17,16,"Hickory Water Tower","PM2.5","Catawba",35.728889,-81.365556
2025-03-18,22,"Hickory Water Tower","PM2.5","Catawba",35.728889,-81.365556
2025-03-19,51,"Hickory Water Tower","PM2.5","Catawba",35.728889,-81.365556
2025-03-20,50,"Hickory Water Tower","PM2.5","Catawba",35.728889,-81.365556
2025-03-21,34,"Hickory Water Tower","PM2.5","Catawba",35.728889,-81.365556
2025-03-22,54,"Hickory Water Tower","PM2.5","Catawba",35.728889,-81.365556
2025-03-23,27,"Hickory Water Tower","PM2.5","Catawba",35.728889,-81.365556
2025-03-24,41,"Hickory Water Tower","PM2.5","Catawba",35.728889,-81.365556
2025-03-25,13,"Hickory Water Tower","PM2.5","Catawba",35.728889,-81.365556
2025-03-26,13,"Hickory Water Tower","PM2.5","Catawba",35.728889,-81.365556
2025-03-27,52,"Hickory Water Tower","PM2.5","Catawba",35.728889,-81.365556
2025-03-28,60,"Hickory Water Tower","PM2.5","Catawba",35.728889,-81.365556
2025-03-29,47,"Hickory Water Tower","PM2.5","Catawba",35.728889,-81.365556
2025-03-30,33,"Hickory Water Tower","PM2.5","Catawba",35.728889,-81.365556
2025-03-31,28,"Hickory Water Tower","PM2.5","Catawba",35.728889,-81.365556
2025-04-01,7,"Hickory Water Tower","PM2.5","Catawba",35.728889,-81.365556
2025-04-02,27,"Hickory Water Tower","PM2.5","Catawba",35.728889,-81.365556
2025-04-03,36,"Hickory Water Tower","PM2.5","Catawba",35.728889,-81.365556
2025-04-04,51,"Hickory Water Tower","PM2.5","Catawba",35.728889,-81.365556
2025-04-05,52,"Hickory Water Tower","PM2.5","Catawba",35.728889,-81.365556
2025-04-06,25,"Hickory Water Tower","PM2.5","Catawba",35.728889,-81.365556
2025-04-07,17,"Hickory Water Tower","PM2.5","Catawba",35.728889,-81.365556
2025-04-08,22,"Hickory Water Tower","PM2.5","Catawba",35.728889,-81.365556
2025-04-09,27,"Hickory Water Tower","PM2.5","Catawba",35.728889,-81.365556
2025-04-10,54,"Hickory Water Tower","PM2.5","Catawba",35.728889,-81.365556
2025-04-11,48,"Hickory Water Tower","PM2.5","Catawba",35.728889,-81.365556
2025-04-12,33,"Hickory Water Tower","PM2.5","Catawba",35.728889,-81.365556
2025-04-13,38,"Hickory Water Tower","PM2.5","Catawba",35.728889,-81.365556
2025-04-14,53,"Hickory Water Tower","PM2.5","Catawba",35.728889,-81.365556
2025-04-15,32,"Hickory Water Tower","PM2.5","Catawba",35.728889,-81.365556
2025-04-16,19,"Hickory Water Tower","PM2.5","Catawba",35.728889,-81.365556
2025-04-17,39,"Hickory Water Tower","PM2.5","Catawba",35.728889,-81.365556
2025-04-18,59,"Hickory Water Tower","PM2.5","Catawba",35.728889,-81.365556
2025-04-19,56,"Hickory Water Tower","PM2.5","Catawba",35.728889,-81.365556
2025-04-20,61,"Hickory Water Tower","PM2.5","Catawba",35.728889,-81.365556
2025-04-21,51,"Hickory Water Tower","PM2.5","Catawba",35.728889,-81.365556
2025-04-22,46,"Hickory Water Tower","PM2.5","Catawba",35.728889,-81.365556
2025-04-23,33,"Hickory Water Tower","PM2.5","Catawba",35.728889,-81.365556
2025-04-24,59,"Hickory Water Tower","PM2.5","Catawba",35.728889,-81.365556
2025-05-01,57,"Hickory Water Tower","PM2.5","Catawba",35.728889,-81.365556
2025-05-02,36,"Hickory Water Tower","PM2.5","Catawba",35.728889,-81.365556
2025-05-03,47,"Hickory Water Tower","PM2.5","Catawba",35.728889,-81.365556
2025-05-04,21,"Hickory Water Tower","PM2.5","Catawba",35.728889,-81.365556
2025-05-05,24,"Hickory Water Tower","PM2.5","Catawba",35.728889,-81.365556
2025-05-06,29,"Hickory Water Tower","PM2.5","Catawba",35.728889,-81.365556
2025-05-07,34,"Hickory Water Tower","PM2.5","Catawba",35.728889,-81.365556
2025-05-08,42,"Hickory Water Tower","PM2.5","Catawba",35.728889,-81.365556
2025-05-09,29,"Hickory Water Tower","PM2.5","Catawba",35.728889,-81.365556
2025-05-10,33,"Hickory Water Tower","PM2.5","Catawba",35.728889,-81.365556
2025-05-11,52,"Hickory Water Tower","PM2.5","Catawba",35.728889,-81.365556
2025-05-12,23,"Hickory Water Tower","PM2.5","Catawba",35.728889,-81.365556
2025-05-13,17,"Hickory Water Tower","PM2.5","Catawba",35.728889,-81.365556
2025-05-14,32,"Hickory Water Tower","PM2.5","Catawba",35.728889,-81.365556
2025-05-15,52,"Hickory Water Tower","PM2.5","Catawba",35.728889,-81.365556
2025-05-16,62,"Hickory Water Tower","PM2.5","Catawba",35.728889,-81.365556
2025-05-17,23,"Hickory Water Tower","PM2.5","Catawba",35.728889,-81.365556
2025-05-18,21,"Hickory Water Tower","PM2.5","Catawba",35.728889,-81.365556
2025-05-19,37,"Hickory Water Tower","PM2.5","Catawba",35.728889,-81.365556
2025-05-20,54,"Hickory Water Tower","PM2.5","Catawba",35.728889,-81.365556
2025-05-21,36,"Hickory Water Tower","PM2.5","Catawba",35.728889,-81.365556
2025-05-22,16,"Hickory Water Tower","PM2.5","Catawba",35.728889,-81.365556
2025-05-23,20,"Hickory Water Tower","PM2.5","Catawba",35.728889,-81.365556
2025-05-24,31,"Hickory Water Tower","PM2.5","Catawba",35.728889,-81.365556
2025-05-25,44,"Hickory Water Tower","PM2.5","Catawba",35.728889,-81.365556
2025-05-26,39,"Hickory Water Tower","PM2.5","Catawba",35.728889,-81.365556
2025-05-27,16,"Hickory Water Tower","PM2.5","Catawba",35.728889,-81.365556
2025-05-28,21,"Hickory Water Tower","PM2.5","Catawba",35.728889,-81.365556
2025-05-29,46,"Hickory Water Tower","PM2.5","Catawba",35.728889,-81.365556
2025-05-30,19,"Hickory Water Tower","PM2.5","Catawba",35.728889,-81.365556
2025-05-31,55,"Hickory Water Tower","PM2.5","Catawba",35.728889,-81.365556
2025-06-01,55,"Hickory Water Tower","PM2.5","Catawba",35.728889,-81.365556
2025-06-02,54,"Hickory Water Tower","PM2.5","Catawba",35.728889,-81.365556
2025-06-03,63,"Hickory Water Tower","PM2.5","Catawba",35.728889,-81.365556
2025-06-04,72,"Hickory Water Tower","PM2.5","Catawba",35.728889,-81.365556
2025-06-05,60,"Hickory Water Tower","PM2.5","Catawba",35.728889,-81.365556
2025-06-06,55,"Hickory Water Tower","PM2.5","Catawba",35.728889,-81.365556
2025-06-07,32,"Hickory Water Tower","PM2.5","Catawba",35.728889,-81.365556
2025-06-08,33,"Hickory Water Tower","PM2.5","Catawba",35.728889,-81.365556
2025-06-09,36,"Hickory Water Tower","PM2.5","Catawba",35.728889,-81.365556
2025-06-10,39,"Hickory Water Tower","PM2.5","Catawba",35.728889,-81.365556
2025-06-11,55,"Hickory Water Tower","PM2.5","Catawba",35.728889,-81.365556
2025-06-12,59,"Hickory Water Tower","PM2.5","Catawba",35.728889,-81.365556
2025-06-13,29,"Hickory Water Tower","PM2.5","Catawba",35.728889,-81.365556
2025-06-14,21,"Hickory Water Tower","PM2.5","Catawba",35.728889,-81.365556
2025-06-15,25,"Hickory Water Tower","PM2.5","Catawba",35.728889,-81.365556
2025-06-16,42,"Hickory Water Tower","PM2.5","Catawba",35.728889,-81.365556
2025-06-17,25,"Hickory Water Tower","PM2.5","Catawba",35.728889,-81.365556
2025-06-18,23,"Hickory Water Tower","PM2.5","Catawba",35.728889,-81.365556
2025-06-19,26,"Hickory Water Tower","PM2.5","Catawba",35.728889,-81.365556
2025-06-20,29,"Hickory Water Tower","PM2.5","Catawba",35.728889,-81.365556
2025-06-21,55,"Hickory Water Tower","PM2.5","Catawba",35.728889,-81.365556
2025-06-22,55,"Hickory Water Tower","PM2.5","Catawba",35.728889,-81.365556
2025-06-23,54,"Hickory Water Tower","PM2.5","Catawba",35.728889,-81.365556
2025-06-24,61,"Hickory Water Tower","PM2.5","Catawba",35.728889,-81.365556
2025-06-25,57,"Hickory Water Tower","PM2.5","Catawba",35.728889,-81.365556
2025-06-26,55,"Hickory Water Tower","PM2.5","Catawba",35.728889,-81.365556
2025-06-27,52,"Hickory Water Tower","PM2.5","Catawba",35.728889,-81.365556
2025-06-28,46,"Hickory Water Tower","PM2.5","Catawba",35.728889,-81.365556
2025-06-29,44,"Hickory Water Tower","PM2.5","Catawba",35.728889,-81.365556
2025-06-30,49,"Hickory Water Tower","PM2.5","Catawba",35.728889,-81.365556
2025-07-01,52,"Hickory Water Tower","PM2.5","Catawba",35.728889,-81.365556
2025-07-02,29,"Hickory Water Tower","PM2.5","Catawba",35.728889,-81.365556
2025-07-03,48,"Hickory Water Tower","PM2.5","Catawba",35.728889,-81.365556
2025-07-04,69,"Hickory Water Tower","PM2.5","Catawba",35.728889,-81.365556
2025-07-05,69,"Hickory Water Tower","PM2.5","Catawba",35.728889,-81.365556
2025-07-06,46,"Hickory Water Tower","PM2.5","Catawba",35.728889,-81.365556
2025-07-07,52,"Hickory Water Tower","PM2.5","Catawba",35.728889,-81.365556
2025-07-08,57,"Hickory Water Tower","PM2.5","Catawba",35.728889,-81.365556
2025-07-09,59,"Hickory Water Tower","PM2.5","Catawba",35.728889,-81.365556
2025-07-10,21,"Hickory Water Tower","PM2.5","Catawba",35.728889,-81.365556
2025-07-11,28,"Hickory Water Tower","PM2.5","Catawba",35.728889,-81.365556
2025-07-12,33,"Hickory Water Tower","PM2.5","Catawba",35.728889,-81.365556
2025-07-13,44,"Hickory Water Tower","PM2.5","Catawba",35.728889,-81.365556
2025-07-14,28,"Hickory Water Tower","PM2.5","Catawba",35.728889,-81.365556
2025-07-15,47,"Hickory Water Tower","PM2.5","Catawba",35.728889,-81.365556
2025-07-16,39,"Hickory Water Tower","PM2.5","Catawba",35.728889,-81.365556
2025-07-17,41,"Hickory Water Tower","PM2.5","Catawba",35.728889,-81.365556
2025-07-18,32,"Hickory Water Tower","PM2.5","Catawba",35.728889,-81.365556
2025-07-19,24,"Hickory Water Tower","PM2.5","Catawba",35.728889,-81.365556
2025-07-20,40,"Hickory Water Tower","PM2.5","Catawba",35.728889,-81.365556
2025-07-21,54,"Hickory Water Tower","PM2.5","Catawba",35.728889,-81.365556
2025-07-22,52,"Hickory Water Tower","PM2.5","Catawba",35.728889,-81.365556
2025-07-23,57,"Hickory Water Tower","PM2.5","Catawba",35.728889,-81.365556
2025-07-24,58,"Hickory Water Tower","PM2.5","Catawba",35.728889,-81.365556
2025-07-25,54,"Hickory Water Tower","PM2.5","Catawba",35.728889,-81.365556
2025-07-26,51,"Hickory Water Tower","PM2.5","Catawba",35.728889,-81.365556
2025-07-27,34,"Hickory Water Tower","PM2.5","Catawba",35.728889,-81.365556
2025-07-28,31,"Hickory Water Tower","PM2.5","Catawba",35.728889,-81.365556
2025-07-29,36,"Hickory Water Tower","PM2.5","Catawba",35.728889,-81.365556
2025-07-30,49,"Hickory Water Tower","PM2.5","Catawba",35.728889,-81.365556
2025-07-31,34,"Hickory Water Tower","PM2.5","Catawba",35.728889,-81.365556
2025-08-01,44,"Hickory Water Tower","PM2.5","Catawba",35.728889,-81.365556
2025-08-02,18,"Hickory Water Tower","PM2.5","Catawba",35.728889,-81.365556
2025-08-03,48,"Hickory Water Tower","PM2.5","Catawba",35.728889,-81.365556
2025-08-04,51,"Hickory Water Tower","PM2.5","Catawba",35.728889,-81.365556
2025-08-05,43,"Hickory Water Tower","PM2.5","Catawba",35.728889,-81.365556
2025-08-06,42,"Hickory Water Tower","PM2.5","Catawba",35.728889,-81.365556
2025-08-07,59,"Hickory Water Tower","PM2.5","Catawba",35.728889,-81.365556
2025-08-08,88,"Hickory Water Tower","PM2.5","Catawba",35.728889,-81.365556
2025-08-09,67,"Hickory Water Tower","PM2.5","Catawba",35.728889,-81.365556
2025-08-10,52,"Hickory Water Tower","PM2.5","Catawba",35.728889,-81.365556
2025-08-11,29,"Hickory Water Tower","PM2.5","Catawba",35.728889,-81.365556
2025-08-12,16,"Hickory Water Tower","PM2.5","Catawba",35.728889,-81.365556
2025-08-13,22,"Hickory Water Tower","PM2.5","Catawba",35.728889,-81.365556
2025-08-14,23,"Hickory Water Tower","PM2.5","Catawba",35.728889,-81.365556
2025-08-15,34,"Hickory Water Tower","PM2.5","Catawba",35.728889,-81.365556
2025-08-16,47,"Hickory Water Tower","PM2.5","Catawba",35.728889,-81.365556
2025-08-17,42,"Hickory Water Tower","PM2.5","Catawba",35.728889,-81.365556
2025-08-18,51,"Hickory Water Tower","PM2.5","Catawba",35.728889,-81.365556
2025-08-19,44,"Hickory Water Tower","PM2.5","Catawba",35.728889,-81.365556
2025-08-20,44,"Hickory Water Tower","PM2.5","Catawba",35.728889,-81.365556
2025-08-21,39,"Hickory Water Tower","PM2.5","Catawba",35.728889,-81.365556
2025-08-22,26,"Hickory Water Tower","PM2.5","Catawba",35.728889,-81.365556
2025-08-23,42,"Hickory Water Tower","PM2.5","Catawba",35.728889,-81.365556
2025-08-24,34,"Hickory Water Tower","PM2.5","Catawba",35.728889,-81.365556
2025-08-25,30,"Hickory Water Tower","PM2.5","Catawba",35.728889,-81.365556
2025-08-26,28,"Hickory Water Tower","PM2.5","Catawba",35.728889,-81.365556
2025-08-27,33,"Hickory Water Tower","PM2.5","Catawba",35.728889,-81.365556
2025-08-28,47,"Hickory Water Tower","PM2.5","Catawba",35.728889,-81.365556
2025-08-29,42,"Hickory Water Tower","PM2.5","Catawba",35.728889,-81.365556
2025-08-30,40,"Hickory Water Tower","PM2.5","Catawba",35.728889,-81.365556
2025-08-31,46,"Hickory Water Tower","PM2.5","Catawba",35.728889,-81.365556
2025-09-01,30,"Hickory Water Tower","PM2.5","Catawba",35.728889,-81.365556
2025-09-02,34,"Hickory Water Tower","PM2.5","Catawba",35.728889,-81.365556
2025-09-03,42,"Hickory Water Tower","PM2.5","Catawba",35.728889,-81.365556
2025-09-04,42,"Hickory Water Tower","PM2.5","Catawba",35.728889,-81.365556
2025-09-05,56,"Hickory Water Tower","PM2.5","Catawba",35.728889,-81.365556
2025-09-06,57,"Hickory Water Tower","PM2.5","Catawba",35.728889,-81.365556
2025-09-07,34,"Hickory Water Tower","PM2.5","Catawba",35.728889,-81.365556
2025-09-08,33,"Hickory Water Tower","PM2.5","Catawba",35.728889,-81.365556
2025-09-09,27,"Hickory Water Tower","PM2.5","Catawba",35.728889,-81.365556
2025-09-10,37,"Hickory Water Tower","PM2.5","Catawba",35.728889,-81.365556
2025-09-11,42,"Hickory Water Tower","PM2.5","Catawba",35.728889,-81.365556
2025-09-12,42,"Hickory Water Tower","PM2.5","Catawba",35.728889,-81.365556
2025-09-13,51,"Hickory Water Tower","PM2.5","Catawba",35.728889,-81.365556
2025-09-14,51,"Hickory Water Tower","PM2.5","Catawba",35.728889,-81.365556
2025-09-15,49,"Hickory Water Tower","PM2.5","Catawba",35.728889,-81.365556
2025-09-16,47,"Hickory Water Tower","PM2.5","Catawba",35.728889,-81.365556
2025-09-17,42,"Hickory Water Tower","PM2.5","Catawba",35.728889,-81.365556
2025-09-18,47,"Hickory Water Tower","PM2.5","Catawba",35.728889,-81.365556
2025-09-19,47,"Hickory Water Tower","PM2.5","Catawba",35.728889,-81.365556
2025-09-20,52,"Hickory Water Tower","PM2.5","Catawba",35.728889,-81.365556
2025-09-21,57,"Hickory Water Tower","PM2.5","Catawba",35.728889,-81.365556
2025-09-22,59,"Hickory Water Tower","PM2.5","Catawba",35.728889,-81.365556
2025-09-23,57,"Hickory Water Tower","PM2.5","Catawba",35.728889,-81.365556
2025-09-24,55,"Hickory Water Tower","PM2.5","Catawba",35.728889,-81.365556
2025-09-25,29,"Hickory Water Tower","PM2.5","Catawba",35.728889,-81.365556
2025-09-26,39,"Hickory Water Tower","PM2.5","Catawba",35.728889,-81.365556
2025-09-27,17,"Hickory Water Tower","PM2.5","Catawba",35.728889,-81.365556
2025-09-28,23,"Hickory Water Tower","PM2.5","Catawba",35.728889,-81.365556
2025-09-29,37,"Hickory Water Tower","PM2.5","Catawba",35.728889,-81.365556
2025-09-30,37,"Hickory Water Tower","PM2.5","Catawba",35.728889,-81.365556
2025-10-08,15,"Hickory Water Tower","PM2.5","Catawba",35.728889,-81.365556
2025-10-09,18,"Hickory Water Tower","PM2.5","Catawba",35.728889,-81.365556
2025-10-10,20,"Hickory Water Tower","PM2.5","Catawba",35.728889,-81.365556
2025-10-11,23,"Hickory Water Tower","PM2.5","Catawba",35.728889,-81.365556
2025-10-12,8,"Hickory Water Tower","PM2.5","Catawba",35.728889,-81.365556
2025-10-13,0,"Hickory Water Tower","PM2.5","Catawba",35.728889,-81.365556
2025-10-14,13,"Hickory Water Tower","PM2.5","Catawba",35.728889,-81.365556
2025-10-15,14,"Hickory Water Tower","PM2.5","Catawba",35.728889,-81.365556
2025-10-16,19,"Hickory Water Tower","PM2.5","Catawba",35.728889,-81.365556
2025-10-17,34,"Hickory Water Tower","PM2.5","Catawba",35.728889,-81.365556
2025-10-18,52,"Hickory Water Tower","PM2.5","Catawba",35.728889,-81.365556
2025-10-19,26,"Hickory Water Tower","PM2.5","Catawba",35.728889,-81.365556
2025-10-20,14,"Hickory Water Tower","PM2.5","Catawba",35.728889,-81.365556
2025-10-21,29,"Hickory Water Tower","PM2.5","Catawba",35.728889,-81.365556
2025-10-22,10,"Hickory Water Tower","PM2.5","Catawba",35.728889,-81.365556
2025-10-23,22,"Hickory Water Tower","PM2.5","Catawba",35.728889,-81.365556
2025-10-24,15,"Hickory Water Tower","PM2.5","Catawba",35.728889,-81.365556
2025-10-25,36,"Hickory Water Tower","PM2.5","Catawba",35.728889,-81.365556
2025-10-26,31,"Hickory Water Tower","PM2.5","Catawba",35.728889,-81.365556
2025-10-27,29,"Hickory Water Tower","PM2.5","Catawba",35.728889,-81.365556
2025-10-28,13,"Hickory Water Tower","PM2.5","Catawba",35.728889,-81.365556
2025-10-29,11,"Hickory Water Tower","PM2.5","Catawba",35.728889,-81.365556
2025-10-30,0,"Hickory Water Tower","PM2.5","Catawba",35.728889,-81.365556
2025-10-31,17,"Hickory Water Tower","PM2.5","Catawba",35.728889,-81.365556
2025-11-01,33,"Hickory Water Tower","PM2.5","Catawba",35.728889,-81.365556
2025-11-02,52,"Hickory Water Tower","PM2.5","Catawba",35.728889,-81.365556
2025-11-03,31,"Hickory Water Tower","PM2.5","Catawba",35.728889,-81.365556
2025-11-04,23,"Hickory Water Tower","PM2.5","Catawba",35.728889,-81.365556
2025-11-05,51,"Hickory Water Tower","PM2.5","Catawba",35.728889,-81.365556
2025-11-06,46,"Hickory Water Tower","PM2.5","Catawba",35.728889,-81.365556
2025-11-07,55,"Hickory Water Tower","PM2.5","Catawba",35.728889,-81.365556
2025-11-08,48,"Hickory Water Tower","PM2.5","Catawba",35.728889,-81.365556
2025-11-09,54,"Hickory Water Tower","PM2.5","Catawba",35.728889,-81.365556
2025-11-10,8,"Hickory Water Tower","PM2.5","Catawba",35.728889,-81.365556
2025-11-11,5,"Hickory Water Tower","PM2.5","Catawba",35.728889,-81.365556
2025-11-12,25,"Hickory Water Tower","PM2.5","Catawba",35.728889,-81.365556
2025-11-13,29,"Hickory Water Tower","PM2.5","Catawba",35.728889,-81.365556
2025-11-14,36,"Hickory Water Tower","PM2.5","Catawba",35.728889,-81.365556
2025-11-15,54,"Hickory Water Tower","PM2.5","Catawba",35.728889,-81.365556
2025-11-16,24,"Hickory Water Tower","PM2.5","Catawba",35.728889,-81.365556
2025-11-17,17,"Hickory Water Tower","PM2.5","Catawba",35.728889,-81.365556
2025-11-18,46,"Hickory Water Tower","PM2.5","Catawba",35.728889,-81.365556
2025-11-19,55,"Hickory Water Tower","PM2.5","Catawba",35.728889,-81.365556
2025-11-20,59,"Hickory Water Tower","PM2.5","Catawba",35.728889,-81.365556
2025-11-21,87,"Hickory Water Tower","PM2.5","Catawba",35.728889,-81.365556
2025-11-22,42,"Hickory Water Tower","PM2.5","Catawba",35.728889,-81.365556
2025-11-23,24,"Hickory Water Tower","PM2.5","Catawba",35.728889,-81.365556
2025-11-24,46,"Hickory Water Tower","PM2.5","Catawba",35.728889,-81.365556
2025-11-25,65,"Hickory Water Tower","PM2.5","Catawba",35.728889,-81.365556
2025-11-26,42,"Hickory Water Tower","PM2.5","Catawba",35.728889,-81.365556
2025-11-27,4,"Hickory Water Tower","PM2.5","Catawba",35.728889,-81.365556
2025-11-28,12,"Hickory Water Tower","PM2.5","Catawba",35.728889,-81.365556
2025-11-29,29,"Hickory Water Tower","PM2.5","Catawba",35.728889,-81.365556
2025-11-30,56,"Hickory Water Tower","PM2.5","Catawba",35.728889,-81.365556
2025-12-01,48,"Hickory Water Tower","PM2.5","Catawba",35.728889,-81.365556
2025-12-02,40,"Hickory Water Tower","PM2.5","Catawba",35.728889,-81.365556
2025-12-03,33,"Hickory Water Tower","PM2.5","Catawba",35.728889,-81.365556
2025-12-04,51,"Hickory Water Tower","PM2.5","Catawba",35.728889,-81.365556
2025-12-05,36,"Hickory Water Tower","PM2.5","Catawba",35.728889,-81.365556
2025-12-06,52,"Hickory Water Tower","PM2.5","Catawba",35.728889,-81.365556
2025-12-07,38,"Hickory Water Tower","PM2.5","Catawba",35.728889,-81.365556
2025-12-08,51,"Hickory Water Tower","PM2.5","Catawba",35.728889,-81.365556
2025-12-09,31,"Hickory Water Tower","PM2.5","Catawba",35.728889,-81.365556
2025-12-10,42,"Hickory Water Tower","PM2.5","Catawba",35.728889,-81.365556
2025-12-11,17,"Hickory Water Tower","PM2.5","Catawba",35.728889,-81.365556
2025-12-12,49,"Hickory Water Tower","PM2.5","Catawba",35.728889,-81.365556
2025-12-13,61,"Hickory Water Tower","PM2.5","Catawba",35.728889,-81.365556
2025-12-14,31,"Hickory Water Tower","PM2.5","Catawba",35.728889,-81.365556
2025-12-15,16,"Hickory Water Tower","PM2.5","Catawba",35.728889,-81.365556
2025-12-16,56,"Hickory Water Tower","PM2.5","Catawba",35.728889,-81.365556
2025-12-17,60,"Hickory Water Tower","PM2.5","Catawba",35.728889,-81.365556
2025-12-18,73,"Hickory Water Tower","PM2.5","Catawba",35.728889,-81.365556
2025-12-19,12,"Hickory Water Tower","PM2.5","Catawba",35.728889,-81.365556
2025-12-20,31,"Hickory Water Tower","PM2.5","Catawba",35.728889,-81.365556
2025-12-21,51,"Hickory Water Tower","PM2.5","Catawba",35.728889,-81.365556
2025-12-22,32,"Hickory Water Tower","PM2.5","Catawba",35.728889,-81.365556
2025-12-23,38,"Hickory Water Tower","PM2.5","Catawba",35.728889,-81.365556
2025-12-24,33,"Hickory Water Tower","PM2.5","Catawba",35.728889,-81.365556
2025-12-25,47,"Hickory Water Tower","PM2.5","Catawba",35.728889,-81.365556
2025-12-26,52,"Hickory Water Tower","PM2.5","Catawba",35.728889,-81.365556
2025-12-27,48,"Hickory Water Tower","PM2.5","Catawba",35.728889,-81.365556
2025-12-28,29,"Hickory Water Tower","PM2.5","Catawba",35.728889,-81.365556
2025-12-29,14,"Hickory Water Tower","PM2.5","Catawba",35.728889,-81.365556
2025-12-30,14,"Hickory Water Tower","PM2.5","Catawba",35.728889,-81.365556
2025-12-31,13,"Hickory Water Tower","PM2.5","Catawba",35.728889,-81.365556
2025-01-01,7,"William Owen School","PM2.5","Cumberland",35.041416,-78.953112
2025-01-02,28,"William Owen School","PM2.5","Cumberland",35.041416,-78.953112
2025-01-03,40,"William Owen School","PM2.5","Cumberland",35.041416,-78.953112
2025-01-04,28,"William Owen School","PM2.5","Cumberland",35.041416,-78.953112
2025-01-05,57,"William Owen School","PM2.5","Cumberland",35.041416,-78.953112
2025-01-06,34,"William Owen School","PM2.5","Cumberland",35.041416,-78.953112
2025-01-07,18,"William Owen School","PM2.5","Cumberland",35.041416,-78.953112
2025-01-08,26,"William Owen School","PM2.5","Cumberland",35.041416,-78.953112
2025-01-09,39,"William Owen School","PM2.5","Cumberland",35.041416,-78.953112
2025-01-10,42,"William Owen School","PM2.5","Cumberland",35.041416,-78.953112
2025-01-11,27,"William Owen School","PM2.5","Cumberland",35.041416,-78.953112
2025-01-12,52,"William Owen School","PM2.5","Cumberland",35.041416,-78.953112
2025-01-13,63,"William Owen School","PM2.5","Cumberland",35.041416,-78.953112
2025-01-14,47,"William Owen School","PM2.5","Cumberland",35.041416,-78.953112
2025-01-15,55,"William Owen School","PM2.5","Cumberland",35.041416,-78.953112
2025-01-16,64,"William Owen School","PM2.5","Cumberland",35.041416,-78.953112
2025-01-17,36,"William Owen School","PM2.5","Cumberland",35.041416,-78.953112
2025-01-18,54,"William Owen School","PM2.5","Cumberland",35.041416,-78.953112
2025-01-19,27,"William Owen School","PM2.5","Cumberland",35.041416,-78.953112
2025-01-20,17,"William Owen School","PM2.5","Cumberland",35.041416,-78.953112
2025-01-21,24,"William Owen School","PM2.5","Cumberland",35.041416,-78.953112
2025-01-22,33,"William Owen School","PM2.5","Cumberland",35.041416,-78.953112
2025-01-23,54,"William Owen School","PM2.5","Cumberland",35.041416,-78.953112
2025-01-24,59,"William Owen School","PM2.5","Cumberland",35.041416,-78.953112
2025-01-25,57,"William Owen School","PM2.5","Cumberland",35.041416,-78.953112
2025-01-26,55,"William Owen School","PM2.5","Cumberland",35.041416,-78.953112
2025-01-27,51,"William Owen School","PM2.5","Cumberland",35.041416,-78.953112
2025-01-28,25,"William Owen School","PM2.5","Cumberland",35.041416,-78.953112
2025-01-29,42,"William Owen School","PM2.5","Cumberland",35.041416,-78.953112
2025-01-30,43,"William Owen School","PM2.5","Cumberland",35.041416,-78.953112
2025-01-31,50,"William Owen School","PM2.5","Cumberland",35.041416,-78.953112
2025-02-01,17,"William Owen School","PM2.5","Cumberland",35.041416,-78.953112
2025-02-02,20,"William Owen School","PM2.5","Cumberland",35.041416,-78.953112
2025-02-04,61,"William Owen School","PM2.5","Cumberland",35.041416,-78.953112
2025-02-05,36,"William Owen School","PM2.5","Cumberland",35.041416,-78.953112
2025-02-06,56,"William Owen School","PM2.5","Cumberland",35.041416,-78.953112
2025-02-07,53,"William Owen School","PM2.5","Cumberland",35.041416,-78.953112
2025-02-08,48,"William Owen School","PM2.5","Cumberland",35.041416,-78.953112
2025-02-09,56,"William Owen School","PM2.5","Cumberland",35.041416,-78.953112
2025-02-10,25,"William Owen School","PM2.5","Cumberland",35.041416,-78.953112
2025-02-11,53,"William Owen School","PM2.5","Cumberland",35.041416,-78.953112
2025-02-12,52,"William Owen School","PM2.5","Cumberland",35.041416,-78.953112
2025-02-13,23,"William Owen School","PM2.5","Cumberland",35.041416,-78.953112
2025-02-14,36,"William Owen School","PM2.5","Cumberland",35.041416,-78.953112
2025-02-15,33,"William Owen School","PM2.5","Cumberland",35.041416,-78.953112
2025-02-16,11,"William Owen School","PM2.5","Cumberland",35.041416,-78.953112
2025-02-17,18,"William Owen School","PM2.5","Cumberland",35.041416,-78.953112
2025-02-18,30,"William Owen School","PM2.5","Cumberland",35.041416,-78.953112
2025-02-19,32,"William Owen School","PM2.5","Cumberland",35.041416,-78.953112
2025-02-20,18,"William Owen School","PM2.5","Cumberland",35.041416,-78.953112
2025-02-21,31,"William Owen School","PM2.5","Cumberland",35.041416,-78.953112
2025-02-22,42,"William Owen School","PM2.5","Cumberland",35.041416,-78.953112
2025-02-23,57,"William Owen School","PM2.5","Cumberland",35.041416,-78.953112
2025-02-24,60,"William Owen School","PM2.5","Cumberland",35.041416,-78.953112
2025-02-25,73,"William Owen School","PM2.5","Cumberland",35.041416,-78.953112
2025-02-26,73,"William Owen School","PM2.5","Cumberland",35.041416,-78.953112
2025-02-27,67,"William Owen School","PM2.5","Cumberland",35.041416,-78.953112
2025-02-28,22,"William Owen School","PM2.5","Cumberland",35.041416,-78.953112
2025-03-01,52,"William Owen School","PM2.5","Cumberland",35.041416,-78.953112
2025-03-02,21,"William Owen School","PM2.5","Cumberland",35.041416,-78.953112
2025-03-03,34,"William Owen School","PM2.5","Cumberland",35.041416,-78.953112
2025-03-04,28,"William Owen School","PM2.5","Cumberland",35.041416,-78.953112
2025-03-05,29,"William Owen School","PM2.5","Cumberland",35.041416,-78.953112
2025-03-06,6,"William Owen School","PM2.5","Cumberland",35.041416,-78.953112
2025-03-07,22,"William Owen School","PM2.5","Cumberland",35.041416,-78.953112
2025-03-08,58,"William Owen School","PM2.5","Cumberland",35.041416,-78.953112
2025-03-09,36,"William Owen School","PM2.5","Cumberland",35.041416,-78.953112
2025-03-10,51,"William Owen School","PM2.5","Cumberland",35.041416,-78.953112
2025-03-11,31,"William Owen School","PM2.5","Cumberland",35.041416,-78.953112
2025-03-12,55,"William Owen School","PM2.5","Cumberland",35.041416,-78.953112
2025-03-13,69,"William Owen School","PM2.5","Cumberland",35.041416,-78.953112
2025-03-14,67,"William Owen School","PM2.5","Cumberland",35.041416,-78.953112
2025-03-15,52,"William Owen School","PM2.5","Cumberland",35.041416,-78.953112
2025-03-16,24,"William Owen School","PM2.5","Cumberland",35.041416,-78.953112
2025-03-17,18,"William Owen School","PM2.5","Cumberland",35.041416,-78.953112
2025-03-18,28,"William Owen School","PM2.5","Cumberland",35.041416,-78.953112
2025-03-19,59,"William Owen School","PM2.5","Cumberland",35.041416,-78.953112
2025-03-20,54,"William Owen School","PM2.5","Cumberland",35.041416,-78.953112
2025-03-21,13,"William Owen School","PM2.5","Cumberland",35.041416,-78.953112
2025-03-22,51,"William Owen School","PM2.5","Cumberland",35.041416,-78.953112
2025-03-23,33,"William Owen School","PM2.5","Cumberland",35.041416,-78.953112
2025-03-24,54,"William Owen School","PM2.5","Cumberland",35.041416,-78.953112
2025-03-25,19,"William Owen School","PM2.5","Cumberland",35.041416,-78.953112
2025-03-26,23,"William Owen School","PM2.5","Cumberland",35.041416,-78.953112
2025-03-27,25,"William Owen School","PM2.5","Cumberland",35.041416,-78.953112
2025-03-28,41,"William Owen School","PM2.5","Cumberland",35.041416,-78.953112
2025-03-29,31,"William Owen School","PM2.5","Cumberland",35.041416,-78.953112
2025-03-30,27,"William Owen School","PM2.5","Cumberland",35.041416,-78.953112
2025-03-31,26,"William Owen School","PM2.5","Cumberland",35.041416,-78.953112
2025-04-03,46,"William Owen School","PM2.5","Cumberland",35.041416,-78.953112
2025-04-04,48,"William Owen School","PM2.5","Cumberland",35.041416,-78.953112
2025-04-05,43,"William Owen School","PM2.5","Cumberland",35.041416,-78.953112
2025-04-06,30,"William Owen School","PM2.5","Cumberland",35.041416,-78.953112
2025-04-07,39,"William Owen School","PM2.5","Cumberland",35.041416,-78.953112
2025-04-08,21,"William Owen School","PM2.5","Cumberland",35.041416,-78.953112
2025-04-09,26,"William Owen School","PM2.5","Cumberland",35.041416,-78.953112
2025-04-10,34,"William Owen School","PM2.5","Cumberland",35.041416,-78.953112
2025-04-11,19,"William Owen School","PM2.5","Cumberland",35.041416,-78.953112
2025-04-12,17,"William Owen School","PM2.5","Cumberland",35.041416,-78.953112
2025-04-13,48,"William Owen School","PM2.5","Cumberland",35.041416,-78.953112
2025-04-14,55,"William Owen School","PM2.5","Cumberland",35.041416,-78.953112
2025-04-15,53,"William Owen School","PM2.5","Cumberland",35.041416,-78.953112
2025-04-16,28,"William Owen School","PM2.5","Cumberland",35.041416,-78.953112
2025-04-17,42,"William Owen School","PM2.5","Cumberland",35.041416,-78.953112
2025-04-18,50,"William Owen School","PM2.5","Cumberland",35.041416,-78.953112
2025-04-19,36,"William Owen School","PM2.5","Cumberland",35.041416,-78.953112
2025-04-20,45,"William Owen School","PM2.5","Cumberland",35.041416,-78.953112
2025-04-21,44,"William Owen School","PM2.5","Cumberland",35.041416,-78.953112
2025-04-22,51,"William Owen School","PM2.5","Cumberland",35.041416,-78.953112
2025-04-23,55,"William Owen School","PM2.5","Cumberland",35.041416,-78.953112
2025-04-24,55,"William Owen School","PM2.5","Cumberland",35.041416,-78.953112
2025-04-25,55,"William Owen School","PM2.5","Cumberland",35.041416,-78.953112
2025-04-26,46,"William Owen School","PM2.5","Cumberland",35.041416,-78.953112
2025-04-27,19,"William Owen School","PM2.5","Cumberland",35.041416,-78.953112
2025-04-28,40,"William Owen School","PM2.5","Cumberland",35.041416,-78.953112
2025-04-29,54,"William Owen School","PM2.5","Cumberland",35.041416,-78.953112
2025-04-30,46,"William Owen School","PM2.5","Cumberland",35.041416,-78.953112
2025-05-01,46,"William Owen School","PM2.5","Cumberland",35.041416,-78.953112
2025-05-02,46,"William Owen School","PM2.5","Cumberland",35.041416,-78.953112
2025-05-03,34,"William Owen School","PM2.5","Cumberland",35.041416,-78.953112
2025-05-04,16,"William Owen School","PM2.5","Cumberland",35.041416,-78.953112
2025-05-05,33,"William Owen School","PM2.5","Cumberland",35.041416,-78.953112
2025-05-06,49,"William Owen School","PM2.5","Cumberland",35.041416,-78.953112
2025-05-07,55,"William Owen School","PM2.5","Cumberland",35.041416,-78.953112
2025-05-08,53,"William Owen School","PM2.5","Cumberland",35.041416,-78.953112
2025-05-09,31,"William Owen School","PM2.5","Cumberland",35.041416,-78.953112
2025-05-10,27,"William Owen School","PM2.5","Cumberland",35.041416,-78.953112
2025-05-11,48,"William Owen School","PM2.5","Cumberland",35.041416,-78.953112
2025-05-12,21,"William Owen School","PM2.5","Cumberland",35.041416,-78.953112
2025-05-13,12,"William Owen School","PM2.5","Cumberland",35.041416,-78.953112
2025-05-14,40,"William Owen School","PM2.5","Cumberland",35.041416,-78.953112
2025-05-15,51,"William Owen School","PM2.5","Cumberland",35.041416,-78.953112
2025-05-16,63,"William Owen School","PM2.5","Cumberland",35.041416,-78.953112
2025-05-17,48,"William Owen School","PM2.5","Cumberland",35.041416,-78.953112
2025-05-18,40,"William Owen School","PM2.5","Cumberland",35.041416,-78.953112
2025-05-19,51,"William Owen School","PM2.5","Cumberland",35.041416,-78.953112
2025-05-20,52,"William Owen School","PM2.5","Cumberland",35.041416,-78.953112
2025-05-21,44,"William Owen School","PM2.5","Cumberland",35.041416,-78.953112
2025-05-22,26,"William Owen School","PM2.5","Cumberland",35.041416,-78.953112
2025-05-23,20,"William Owen School","PM2.5","Cumberland",35.041416,-78.953112
2025-05-24,35,"William Owen School","PM2.5","Cumberland",35.041416,-78.953112
2025-05-25,53,"William Owen School","PM2.5","Cumberland",35.041416,-78.953112
2025-05-26,32,"William Owen School","PM2.5","Cumberland",35.041416,-78.953112
2025-05-27,19,"William Owen School","PM2.5","Cumberland",35.041416,-78.953112
2025-05-30,25,"William Owen School","PM2.5","Cumberland",35.041416,-78.953112
2025-05-31,45,"William Owen School","PM2.5","Cumberland",35.041416,-78.953112
2025-06-01,53,"William Owen School","PM2.5","Cumberland",35.041416,-78.953112
2025-06-02,40,"William Owen School","PM2.5","Cumberland",35.041416,-78.953112
2025-06-03,53,"William Owen School","PM2.5","Cumberland",35.041416,-78.953112
2025-06-04,45,"William Owen School","PM2.5","Cumberland",35.041416,-78.953112
2025-06-05,39,"William Owen School","PM2.5","Cumberland",35.041416,-78.953112
2025-06-06,50,"William Owen School","PM2.5","Cumberland",35.041416,-78.953112
2025-06-07,42,"William Owen School","PM2.5","Cumberland",35.041416,-78.953112
2025-06-08,36,"William Owen School","PM2.5","Cumberland",35.041416,-78.953112
2025-06-09,37,"William Owen School","PM2.5","Cumberland",35.041416,-78.953112
2025-06-10,26,"William Owen School","PM2.5","Cumberland",35.041416,-78.953112
2025-06-11,42,"William Owen School","PM2.5","Cumberland",35.041416,-78.953112
2025-06-12,37,"William Owen School","PM2.5","Cumberland",35.041416,-78.953112
2025-06-13,31,"William Owen School","PM2.5","Cumberland",35.041416,-78.953112
2025-06-14,33,"William Owen School","PM2.5","Cumberland",35.041416,-78.953112
2025-06-15,40,"William Owen School","PM2.5","Cumberland",35.041416,-78.953112
2025-06-16,36,"William Owen School","PM2.5","Cumberland",35.041416,-78.953112
2025-06-17,42,"William Owen School","PM2.5","Cumberland",35.041416,-78.953112
2025-06-18,31,"William Owen School","PM2.5","Cumberland",35.041416,-78.953112
2025-06-19,40,"William Owen School","PM2.5","Cumberland",35.041416,-78.953112
2025-06-20,32,"William Owen School","PM2.5","Cumberland",35.041416,-78.953112
2025-06-21,49,"William Owen School","PM2.5","Cumberland",35.041416,-78.953112
2025-06-22,55,"William Owen School","PM2.5","Cumberland",35.041416,-78.953112
2025-06-23,57,"William Owen School","PM2.5","Cumberland",35.041416,-78.953112
2025-06-24,69,"William Owen School","PM2.5","Cumberland",35.041416,-78.953112
2025-06-25,65,"William Owen School","PM2.5","Cumberland",35.041416,-78.953112
2025-06-26,57,"William Owen School","PM2.5","Cumberland",35.041416,-78.953112
2025-06-27,55,"William Owen School","PM2.5","Cumberland",35.041416,-78.953112
2025-06-28,53,"William Owen School","PM2.5","Cumberland",35.041416,-78.953112
2025-06-29,53,"William Owen School","PM2.5","Cumberland",35.041416,-78.953112
2025-06-30,51,"William Owen School","PM2.5","Cumberland",35.041416,-78.953112
2025-07-01,40,"William Owen School","PM2.5","Cumberland",35.041416,-78.953112
2025-07-02,44,"William Owen School","PM2.5","Cumberland",35.041416,-78.953112
2025-07-03,40,"William Owen School","PM2.5","Cumberland",35.041416,-78.953112
2025-07-04,56,"William Owen School","PM2.5","Cumberland",35.041416,-78.953112
2025-07-05,52,"William Owen School","PM2.5","Cumberland",35.041416,-78.953112
2025-07-06,8,"William Owen School","PM2.5","Cumberland",35.041416,-78.953112
2025-07-07,51,"William Owen School","PM2.5","Cumberland",35.041416,-78.953112
2025-07-08,55,"William Owen School","PM2.5","Cumberland",35.041416,-78.953112
2025-07-09,33,"William Owen School","PM2.5","Cumberland",35.041416,-78.953112
2025-07-10,37,"William Owen School","PM2.5","Cumberland",35.041416,-78.953112
2025-07-11,46,"William Owen School","PM2.5","Cumberland",35.041416,-78.953112
2025-07-12,53,"William Owen School","PM2.5","Cumberland",35.041416,-78.953112
2025-07-13,42,"William Owen School","PM2.5","Cumberland",35.041416,-78.953112
2025-07-14,40,"William Owen School","PM2.5","Cumberland",35.041416,-78.953112
2025-07-15,26,"William Owen School","PM2.5","Cumberland",35.041416,-78.953112
2025-07-16,27,"William Owen School","PM2.5","Cumberland",35.041416,-78.953112
2025-07-17,37,"William Owen School","PM2.5","Cumberland",35.041416,-78.953112
2025-07-18,41,"William Owen School","PM2.5","Cumberland",35.041416,-78.953112
2025-07-19,37,"William Owen School","PM2.5","Cumberland",35.041416,-78.953112
2025-07-20,43,"William Owen School","PM2.5","Cumberland",35.041416,-78.953112
2025-07-21,51,"William Owen School","PM2.5","Cumberland",35.041416,-78.953112
2025-07-22,47,"William Owen School","PM2.5","Cumberland",35.041416,-78.953112
2025-07-23,48,"William Owen School","PM2.5","Cumberland",35.041416,-78.953112
2025-07-24,38,"William Owen School","PM2.5","Cumberland",35.041416,-78.953112
2025-07-25,44,"William Owen School","PM2.5","Cumberland",35.041416,-78.953112
2025-07-26,55,"William Owen School","PM2.5","Cumberland",35.041416,-78.953112
2025-07-27,55,"William Owen School","PM2.5","Cumberland",35.041416,-78.953112
2025-07-28,37,"William Owen School","PM2.5","Cumberland",35.041416,-78.953112
2025-07-29,33,"William Owen School","PM2.5","Cumberland",35.041416,-78.953112
2025-07-30,45,"William Owen School","PM2.5","Cumberland",35.041416,-78.953112
2025-07-31,38,"William Owen School","PM2.5","Cumberland",35.041416,-78.953112
2025-08-01,37,"William Owen School","PM2.5","Cumberland",35.041416,-78.953112
2025-08-02,19,"William Owen School","PM2.5","Cumberland",35.041416,-78.953112
2025-08-03,34,"William Owen School","PM2.5","Cumberland",35.041416,-78.953112
2025-08-04,40,"William Owen School","PM2.5","Cumberland",35.041416,-78.953112
2025-08-05,43,"William Owen School","PM2.5","Cumberland",35.041416,-78.953112
2025-08-06,46,"William Owen School","PM2.5","Cumberland",35.041416,-78.953112
2025-08-07,53,"William Owen School","PM2.5","Cumberland",35.041416,-78.953112
2025-08-08,69,"William Owen School","PM2.5","Cumberland",35.041416,-78.953112
2025-08-09,42,"William Owen School","PM2.5","Cumberland",35.041416,-78.953112
2025-08-10,32,"William Owen School","PM2.5","Cumberland",35.041416,-78.953112
2025-08-11,15,"William Owen School","PM2.5","Cumberland",35.041416,-78.953112
2025-08-12,19,"William Owen School","PM2.5","Cumberland",35.041416,-78.953112
2025-08-13,22,"William Owen School","PM2.5","Cumberland",35.041416,-78.953112
2025-08-14,32,"William Owen School","PM2.5","Cumberland",35.041416,-78.953112
2025-08-15,46,"William Owen School","PM2.5","Cumberland",35.041416,-78.953112
2025-08-16,33,"William Owen School","PM2.5","Cumberland",35.041416,-78.953112
2025-08-17,48,"William Owen School","PM2.5","Cumberland",35.041416,-78.953112
2025-08-18,55,"William Owen School","PM2.5","Cumberland",35.041416,-78.953112
2025-08-19,39,"William Owen School","PM2.5","Cumberland",35.041416,-78.953112
2025-08-20,36,"William Owen School","PM2.5","Cumberland",35.041416,-78.953112
2025-08-21,28,"William Owen School","PM2.5","Cumberland",35.041416,-78.953112
2025-08-22,32,"William Owen School","PM2.5","Cumberland",35.041416,-78.953112
2025-08-23,34,"William Owen School","PM2.5","Cumberland",35.041416,-78.953112
2025-08-24,51,"William Owen School","PM2.5","Cumberland",35.041416,-78.953112
2025-08-25,51,"William Owen School","PM2.5","Cumberland",35.041416,-78.953112
2025-08-26,28,"William Owen School","PM2.5","Cumberland",35.041416,-78.953112
2025-08-27,33,"William Owen School","PM2.5","Cumberland",35.041416,-78.953112
2025-08-28,43,"William Owen School","PM2.5","Cumberland",35.041416,-78.953112
2025-08-29,46,"William Owen School","PM2.5","Cumberland",35.041416,-78.953112
2025-08-30,52,"William Owen School","PM2.5","Cumberland",35.041416,-78.953112
2025-08-31,29,"William Owen School","PM2.5","Cumberland",35.041416,-78.953112
2025-09-01,21,"William Owen School","PM2.5","Cumberland",35.041416,-78.953112
2025-09-02,19,"William Owen School","PM2.5","Cumberland",35.041416,-78.953112
2025-09-03,33,"William Owen School","PM2.5","Cumberland",35.041416,-78.953112
2025-09-04,51,"William Owen School","PM2.5","Cumberland",35.041416,-78.953112
2025-09-05,50,"William Owen School","PM2.5","Cumberland",35.041416,-78.953112
2025-09-06,52,"William Owen School","PM2.5","Cumberland",35.041416,-78.953112
2025-09-07,43,"William Owen School","PM2.5","Cumberland",35.041416,-78.953112
2025-09-08,33,"William Owen School","PM2.5","Cumberland",35.041416,-78.953112
2025-09-09,35,"William Owen School","PM2.5","Cumberland",35.041416,-78.953112
2025-09-10,16,"William Owen School","PM2.5","Cumberland",35.041416,-78.953112
2025-09-11,19,"William Owen School","PM2.5","Cumberland",35.041416,-78.953112
2025-09-12,33,"William Owen School","PM2.5","Cumberland",35.041416,-78.953112
2025-09-13,43,"William Owen School","PM2.5","Cumberland",35.041416,-78.953112
2025-09-14,46,"William Owen School","PM2.5","Cumberland",35.041416,-78.953112
2025-09-15,42,"William Owen School","PM2.5","Cumberland",35.041416,-78.953112
2025-09-16,37,"William Owen School","PM2.5","Cumberland",35.041416,-78.953112
2025-09-17,33,"William Owen School","PM2.5","Cumberland",35.041416,-78.953112
2025-09-18,30,"William Owen School","PM2.5","Cumberland",35.041416,-78.953112
2025-09-19,58,"William Owen School","PM2.5","Cumberland",35.041416,-78.953112
2025-09-20,55,"William Owen School","PM2.5","Cumberland",35.041416,-78.953112
2025-09-21,56,"William Owen School","PM2.5","Cumberland",35.041416,-78.953112
2025-09-22,36,"William Owen School","PM2.5","Cumberland",35.041416,-78.953112
2025-09-23,50,"William Owen School","PM2.5","Cumberland",35.041416,-78.953112
2025-09-24,39,"William Owen School","PM2.5","Cumberland",35.041416,-78.953112
2025-09-25,44,"William Owen School","PM2.5","Cumberland",35.041416,-78.953112
2025-09-26,39,"William Owen School","PM2.5","Cumberland",35.041416,-78.953112
2025-09-27,35,"William Owen School","PM2.5","Cumberland",35.041416,-78.953112
2025-09-28,36,"William Owen School","PM2.5","Cumberland",35.041416,-78.953112
2025-09-29,28,"William Owen School","PM2.5","Cumberland",35.041416,-78.953112
2025-09-30,51,"William Owen School","PM2.5","Cumberland",35.041416,-78.953112
2025-10-01,48,"William Owen School","PM2.5","Cumberland",35.041416,-78.953112
2025-10-05,1,"William Owen School","PM2.5","Cumberland",35.041416,-78.953112
2025-10-06,16,"William Owen School","PM2.5","Cumberland",35.041416,-78.953112
2025-10-07,29,"William Owen School","PM2.5","Cumberland",35.041416,-78.953112
2025-10-08,29,"William Owen School","PM2.5","Cumberland",35.041416,-78.953112
2025-10-09,21,"William Owen School","PM2.5","Cumberland",35.041416,-78.953112
2025-10-10,24,"William Owen School","PM2.5","Cumberland",35.041416,-78.953112
2025-10-11,24,"William Owen School","PM2.5","Cumberland",35.041416,-78.953112
2025-10-12,4,"William Owen School","PM2.5","Cumberland",35.041416,-78.953112
2025-10-13,13,"William Owen School","PM2.5","Cumberland",35.041416,-78.953112
2025-10-14,14,"William Owen School","PM2.5","Cumberland",35.041416,-78.953112
2025-10-15,24,"William Owen School","PM2.5","Cumberland",35.041416,-78.953112
2025-10-16,34,"William Owen School","PM2.5","Cumberland",35.041416,-78.953112
2025-10-17,43,"William Owen School","PM2.5","Cumberland",35.041416,-78.953112
2025-10-18,54,"William Owen School","PM2.5","Cumberland",35.041416,-78.953112
2025-10-19,28,"William Owen School","PM2.5","Cumberland",35.041416,-78.953112
2025-10-20,34,"William Owen School","PM2.5","Cumberland",35.041416,-78.953112
2025-10-21,49,"William Owen School","PM2.5","Cumberland",35.041416,-78.953112
2025-10-22,43,"William Owen School","PM2.5","Cumberland",35.041416,-78.953112
2025-10-23,52,"William Owen School","PM2.5","Cumberland",35.041416,-78.953112
2025-10-24,34,"William Owen School","PM2.5","Cumberland",35.041416,-78.953112
2025-10-25,38,"William Owen School","PM2.5","Cumberland",35.041416,-78.953112
2025-10-26,28,"William Owen School","PM2.5","Cumberland",35.041416,-78.953112
2025-10-27,19,"William Owen School","PM2.5","Cumberland",35.041416,-78.953112
2025-10-28,11,"William Owen School","PM2.5","Cumberland",35.041416,-78.953112
2025-10-29,14,"William Owen School","PM2.5","Cumberland",35.041416,-78.953112
2025-10-30,12,"William Owen School","PM2.5","Cumberland",35.041416,-78.953112
2025-10-31,20,"William Owen School","PM2.5","Cumberland",35.041416,-78.953112
2025-11-01,52,"William Owen School","PM2.5","Cumberland",35.041416,-78.953112
2025-11-02,56,"William Owen School","PM2.5","Cumberland",35.041416,-78.953112
2025-11-03,32,"William Owen School","PM2.5","Cumberland",35.041416,-78.953112
2025-11-04,33,"William Owen School","PM2.5","Cumberland",35.041416,-78.953112
2025-11-05,54,"William Owen School","PM2.5","Cumberland",35.041416,-78.953112
2025-11-06,54,"William Owen School","PM2.5","Cumberland",35.041416,-78.953112
2025-11-07,51,"William Owen School","PM2.5","Cumberland",35.041416,-78.953112
2025-11-08,56,"William Owen School","PM2.5","Cumberland",35.041416,-78.953112
2025-11-09,56,"William Owen School","PM2.5","Cumberland",35.041416,-78.953112
2025-11-10,1,"William Owen School","PM2.5","Cumberland",35.041416,-78.953112
2025-11-11,18,"William Owen School","PM2.5","Cumberland",35.041416,-78.953112
2025-11-12,52,"William Owen School","PM2.5","Cumberland",35.041416,-78.953112
2025-11-13,59,"William Owen School","PM2.5","Cumberland",35.041416,-78.953112
2025-11-14,67,"William Owen School","PM2.5","Cumberland",35.041416,-78.953112
2025-11-15,59,"William Owen School","PM2.5","Cumberland",35.041416,-78.953112
2025-11-16,49,"William Owen School","PM2.5","Cumberland",35.041416,-78.953112
2025-11-17,22,"William Owen School","PM2.5","Cumberland",35.041416,-78.953112
2025-11-18,48,"William Owen School","PM2.5","Cumberland",35.041416,-78.953112
2025-11-19,55,"William Owen School","PM2.5","Cumberland",35.041416,-78.953112
2025-11-20,52,"William Owen School","PM2.5","Cumberland",35.041416,-78.953112
2025-11-21,73,"William Owen School","PM2.5","Cumberland",35.041416,-78.953112
2025-11-22,63,"William Owen School","PM2.5","Cumberland",35.041416,-78.953112
2025-11-23,46,"William Owen School","PM2.5","Cumberland",35.041416,-78.953112
2025-11-24,37,"William Owen School","PM2.5","Cumberland",35.041416,-78.953112
2025-11-25,37,"William Owen School","PM2.5","Cumberland",35.041416,-78.953112
2025-11-26,34,"William Owen School","PM2.5","Cumberland",35.041416,-78.953112
2025-11-27,11,"William Owen School","PM2.5","Cumberland",35.041416,-78.953112
2025-11-28,22,"William Owen School","PM2.5","Cumberland",35.041416,-78.953112
2025-11-29,31,"William Owen School","PM2.5","Cumberland",35.041416,-78.953112
2025-11-30,44,"William Owen School","PM2.5","Cumberland",35.041416,-78.953112
2025-12-01,28,"William Owen School","PM2.5","Cumberland",35.041416,-78.953112
2025-12-02,31,"William Owen School","PM2.5","Cumberland",35.041416,-78.953112
2025-12-03,31,"William Owen School","PM2.5","Cumberland",35.041416,-78.953112
2025-12-04,62,"William Owen School","PM2.5","Cumberland",35.041416,-78.953112
2025-12-05,52,"William Owen School","PM2.5","Cumberland",35.041416,-78.953112
2025-12-06,46,"William Owen School","PM2.5","Cumberland",35.041416,-78.953112
2025-12-07,59,"William Owen School","PM2.5","Cumberland",35.041416,-78.953112
2025-12-08,51,"William Owen School","PM2.5","Cumberland",35.041416,-78.953112
2025-12-09,26,"William Owen School","PM2.5","Cumberland",35.041416,-78.953112
2025-12-10,43,"William Owen School","PM2.5","Cumberland",35.041416,-78.953112
2025-12-11,47,"William Owen School","PM2.5","Cumberland",35.041416,-78.953112
2025-12-12,34,"William Owen School","PM2.5","Cumberland",35.041416,-78.953112
2025-12-13,62,"William Owen School","PM2.5","Cumberland",35.041416,-78.953112
2025-12-14,30,"William Owen School","PM2.5","Cumberland",35.041416,-78.953112
2025-12-15,29,"William Owen School","PM2.5","Cumberland",35.041416,-78.953112
2025-12-16,53,"William Owen School","PM2.5","Cumberland",35.041416,-78.953112
2025-12-17,64,"William Owen School","PM2.5","Cumberland",35.041416,-78.953112
2025-12-18,55,"William Owen School","PM2.5","Cumberland",35.041416,-78.953112
2025-12-19,9,"William Owen School","PM2.5","Cumberland",35.041416,-78.953112
2025-12-20,37,"William Owen School","PM2.5","Cumberland",35.041416,-78.953112
2025-12-21,49,"William Owen School","PM2.5","Cumberland",35.041416,-78.953112
2025-12-22,18,"William Owen School","PM2.5","Cumberland",35.041416,-78.953112
2025-12-23,38,"William Owen School","PM2.5","Cumberland",35.041416,-78.953112
2025-12-24,59,"William Owen School","PM2.5","Cumberland",35.041416,-78.953112
2025-12-25,59,"William Owen School","PM2.5","Cumberland",35.041416,-78.953112
2025-12-26,43,"William Owen School","PM2.5","Cumberland",35.041416,-78.953112
2025-12-27,51,"William Owen School","PM2.5","Cumberland",35.041416,-78.953112
2025-12-28,32,"William Owen School","PM2.5","Cumberland",35.041416,-78.953112
2025-12-29,26,"William Owen School","PM2.5","Cumberland",35.041416,-78.953112
2025-12-30,51,"William Owen School","PM2.5","Cumberland",35.041416,-78.953112
2025-12-31,42,"William Owen School","PM2.5","Cumberland",35.041416,-78.953112
2025-01-01,9,"Lexington water tower","PM2.5","Davidson",35.8145,-80.2627
2025-01-07,14,"Lexington water tower","PM2.5","Davidson",35.8145,-80.2627
2025-01-13,54,"Lexington water tower","PM2.5","Davidson",35.8145,-80.2627
2025-01-19,46,"Lexington water tower","PM2.5","Davidson",35.8145,-80.2627
2025-01-25,62,"Lexington water tower","PM2.5","Davidson",35.8145,-80.2627
2025-01-31,51,"Lexington water tower","PM2.5","Davidson",35.8145,-80.2627
2025-02-12,9,"Lexington water tower","PM2.5","Davidson",35.8145,-80.2627
2025-02-18,37,"Lexington water tower","PM2.5","Davidson",35.8145,-80.2627
2025-02-24,57,"Lexington water tower","PM2.5","Davidson",35.8145,-80.2627
2025-03-02,26,"Lexington water tower","PM2.5","Davidson",35.8145,-80.2627
2025-03-08,45,"Lexington water tower","PM2.5","Davidson",35.8145,-80.2627
2025-03-14,64,"Lexington water tower","PM2.5","Davidson",35.8145,-80.2627
2025-03-20,55,"Lexington water tower","PM2.5","Davidson",35.8145,-80.2627
2025-03-26,19,"Lexington water tower","PM2.5","Davidson",35.8145,-80.2627
2025-04-01,12,"Lexington water tower","PM2.5","Davidson",35.8145,-80.2627
2025-04-19,58,"Lexington water tower","PM2.5","Davidson",35.8145,-80.2627
2025-04-20,56,"Lexington water tower","PM2.5","Davidson",35.8145,-80.2627
2025-04-25,55,"Lexington water tower","PM2.5","Davidson",35.8145,-80.2627
2025-05-01,54,"Lexington water tower","PM2.5","Davidson",35.8145,-80.2627
2025-05-13,22,"Lexington water tower","PM2.5","Davidson",35.8145,-80.2627
2025-05-19,42,"Lexington water tower","PM2.5","Davidson",35.8145,-80.2627
2025-05-25,43,"Lexington water tower","PM2.5","Davidson",35.8145,-80.2627
2025-05-31,46,"Lexington water tower","PM2.5","Davidson",35.8145,-80.2627
2025-06-06,45,"Lexington water tower","PM2.5","Davidson",35.8145,-80.2627
2025-06-12,58,"Lexington water tower","PM2.5","Davidson",35.8145,-80.2627
2025-06-24,66,"Lexington water tower","PM2.5","Davidson",35.8145,-80.2627
2025-06-30,54,"Lexington water tower","PM2.5","Davidson",35.8145,-80.2627
2025-07-06,42,"Lexington water tower","PM2.5","Davidson",35.8145,-80.2627
2025-07-17,48,"Lexington water tower","PM2.5","Davidson",35.8145,-80.2627
2025-07-18,44,"Lexington water tower","PM2.5","Davidson",35.8145,-80.2627
2025-07-30,54,"Lexington water tower","PM2.5","Davidson",35.8145,-80.2627
2025-08-05,34,"Lexington water tower","PM2.5","Davidson",35.8145,-80.2627
2025-08-11,22,"Lexington water tower","PM2.5","Davidson",35.8145,-80.2627
2025-08-17,53,"Lexington water tower","PM2.5","Davidson",35.8145,-80.2627
2025-08-23,51,"Lexington water tower","PM2.5","Davidson",35.8145,-80.2627
2025-08-29,47,"Lexington water tower","PM2.5","Davidson",35.8145,-80.2627
2025-09-04,48,"Lexington water tower","PM2.5","Davidson",35.8145,-80.2627
2025-09-22,53,"Lexington water tower","PM2.5","Davidson",35.8145,-80.2627
2025-09-28,32,"Lexington water tower","PM2.5","Davidson",35.8145,-80.2627
2025-10-04,51,"Lexington water tower","PM2.5","Davidson",35.8145,-80.2627
2025-10-10,23,"Lexington water tower","PM2.5","Davidson",35.8145,-80.2627
2025-10-16,32,"Lexington water tower","PM2.5","Davidson",35.8145,-80.2627
2025-10-22,21,"Lexington water tower","PM2.5","Davidson",35.8145,-80.2627
2025-10-28,16,"Lexington water tower","PM2.5","Davidson",35.8145,-80.2627
2025-11-09,55,"Lexington water tower","PM2.5","Davidson",35.8145,-80.2627
2025-11-15,57,"Lexington water tower","PM2.5","Davidson",35.8145,-80.2627
2025-11-21,89,"Lexington water tower","PM2.5","Davidson",35.8145,-80.2627
2025-11-27,27,"Lexington water tower","PM2.5","Davidson",35.8145,-80.2627
2025-12-03,37,"Lexington water tower","PM2.5","Davidson",35.8145,-80.2627
2025-12-09,34,"Lexington water tower","PM2.5","Davidson",35.8145,-80.2627
2025-12-15,26,"Lexington water tower","PM2.5","Davidson",35.8145,-80.2627
2025-12-27,51,"Lexington water tower","PM2.5","Davidson",35.8145,-80.2627
2025-01-01,18,"Lexington water tower","PM2.5","Davidson",35.8145,-80.2627
2025-01-02,45,"Lexington water tower","PM2.5","Davidson",35.8145,-80.2627
2025-01-03,37,"Lexington water tower","PM2.5","Davidson",35.8145,-80.2627
2025-01-04,24,"Lexington water tower","PM2.5","Davidson",35.8145,-80.2627
2025-01-05,50,"Lexington water tower","PM2.5","Davidson",35.8145,-80.2627
2025-01-06,51,"Lexington water tower","PM2.5","Davidson",35.8145,-80.2627
2025-01-07,24,"Lexington water tower","PM2.5","Davidson",35.8145,-80.2627
2025-01-08,38,"Lexington water tower","PM2.5","Davidson",35.8145,-80.2627
2025-01-09,40,"Lexington water tower","PM2.5","Davidson",35.8145,-80.2627
2025-01-10,52,"Lexington water tower","PM2.5","Davidson",35.8145,-80.2627
2025-01-11,51,"Lexington water tower","PM2.5","Davidson",35.8145,-80.2627
2025-01-12,54,"Lexington water tower","PM2.5","Davidson",35.8145,-80.2627
2025-01-13,56,"Lexington water tower","PM2.5","Davidson",35.8145,-80.2627
2025-01-14,37,"Lexington water tower","PM2.5","Davidson",35.8145,-80.2627
2025-01-15,51,"Lexington water tower","PM2.5","Davidson",35.8145,-80.2627
2025-01-16,58,"Lexington water tower","PM2.5","Davidson",35.8145,-80.2627
2025-01-17,51,"Lexington water tower","PM2.5","Davidson",35.8145,-80.2627
2025-01-18,49,"Lexington water tower","PM2.5","Davidson",35.8145,-80.2627
2025-01-19,52,"Lexington water tower","PM2.5","Davidson",35.8145,-80.2627
2025-01-20,33,"Lexington water tower","PM2.5","Davidson",35.8145,-80.2627
2025-01-21,46,"Lexington water tower","PM2.5","Davidson",35.8145,-80.2627
2025-01-22,48,"Lexington water tower","PM2.5","Davidson",35.8145,-80.2627
2025-01-23,66,"Lexington water tower","PM2.5","Davidson",35.8145,-80.2627
2025-01-24,73,"Lexington water tower","PM2.5","Davidson",35.8145,-80.2627
2025-01-25,65,"Lexington water tower","PM2.5","Davidson",35.8145,-80.2627
2025-01-26,65,"Lexington water tower","PM2.5","Davidson",35.8145,-80.2627
2025-01-27,59,"Lexington water tower","PM2.5","Davidson",35.8145,-80.2627
2025-01-28,42,"Lexington water tower","PM2.5","Davidson",35.8145,-80.2627
2025-01-29,49,"Lexington water tower","PM2.5","Davidson",35.8145,-80.2627
2025-01-30,52,"Lexington water tower","PM2.5","Davidson",35.8145,-80.2627
2025-01-31,58,"Lexington water tower","PM2.5","Davidson",35.8145,-80.2627
2025-02-01,32,"Lexington water tower","PM2.5","Davidson",35.8145,-80.2627
2025-02-02,48,"Lexington water tower","PM2.5","Davidson",35.8145,-80.2627
2025-02-03,61,"Lexington water tower","PM2.5","Davidson",35.8145,-80.2627
2025-02-04,58,"Lexington water tower","PM2.5","Davidson",35.8145,-80.2627
2025-02-05,49,"Lexington water tower","PM2.5","Davidson",35.8145,-80.2627
2025-02-06,62,"Lexington water tower","PM2.5","Davidson",35.8145,-80.2627
2025-02-07,55,"Lexington water tower","PM2.5","Davidson",35.8145,-80.2627
2025-02-08,51,"Lexington water tower","PM2.5","Davidson",35.8145,-80.2627
2025-02-09,44,"Lexington water tower","PM2.5","Davidson",35.8145,-80.2627
2025-02-10,47,"Lexington water tower","PM2.5","Davidson",35.8145,-80.2627
2025-02-11,55,"Lexington water tower","PM2.5","Davidson",35.8145,-80.2627
2025-02-12,20,"Lexington water tower","PM2.5","Davidson",35.8145,-80.2627
2025-02-13,26,"Lexington water tower","PM2.5","Davidson",35.8145,-80.2627
2025-02-14,47,"Lexington water tower","PM2.5","Davidson",35.8145,-80.2627
2025-02-15,46,"Lexington water tower","PM2.5","Davidson",35.8145,-80.2627
2025-02-16,25,"Lexington water tower","PM2.5","Davidson",35.8145,-80.2627
2025-02-17,28,"Lexington water tower","PM2.5","Davidson",35.8145,-80.2627
2025-02-18,52,"Lexington water tower","PM2.5","Davidson",35.8145,-80.2627
2025-02-19,45,"Lexington water tower","PM2.5","Davidson",35.8145,-80.2627
2025-02-20,43,"Lexington water tower","PM2.5","Davidson",35.8145,-80.2627
2025-02-21,33,"Lexington water tower","PM2.5","Davidson",35.8145,-80.2627
2025-02-22,55,"Lexington water tower","PM2.5","Davidson",35.8145,-80.2627
2025-02-23,60,"Lexington water tower","PM2.5","Davidson",35.8145,-80.2627
2025-02-24,63,"Lexington water tower","PM2.5","Davidson",35.8145,-80.2627
2025-02-25,70,"Lexington water tower","PM2.5","Davidson",35.8145,-80.2627
2025-02-26,55,"Lexington water tower","PM2.5","Davidson",35.8145,-80.2627
2025-02-27,60,"Lexington water tower","PM2.5","Davidson",35.8145,-80.2627
2025-02-28,30,"Lexington water tower","PM2.5","Davidson",35.8145,-80.2627
2025-03-01,37,"Lexington water tower","PM2.5","Davidson",35.8145,-80.2627
2025-03-02,34,"Lexington water tower","PM2.5","Davidson",35.8145,-80.2627
2025-03-03,55,"Lexington water tower","PM2.5","Davidson",35.8145,-80.2627
2025-03-04,41,"Lexington water tower","PM2.5","Davidson",35.8145,-80.2627
2025-03-05,43,"Lexington water tower","PM2.5","Davidson",35.8145,-80.2627
2025-03-06,11,"Lexington water tower","PM2.5","Davidson",35.8145,-80.2627
2025-03-07,41,"Lexington water tower","PM2.5","Davidson",35.8145,-80.2627
2025-03-08,53,"Lexington water tower","PM2.5","Davidson",35.8145,-80.2627
2025-03-09,39,"Lexington water tower","PM2.5","Davidson",35.8145,-80.2627
2025-03-10,48,"Lexington water tower","PM2.5","Davidson",35.8145,-80.2627
2025-03-11,49,"Lexington water tower","PM2.5","Davidson",35.8145,-80.2627
2025-03-12,60,"Lexington water tower","PM2.5","Davidson",35.8145,-80.2627
2025-03-13,67,"Lexington water tower","PM2.5","Davidson",35.8145,-80.2627
2025-03-14,70,"Lexington water tower","PM2.5","Davidson",35.8145,-80.2627
2025-03-15,62,"Lexington water tower","PM2.5","Davidson",35.8145,-80.2627
2025-03-18,18,"Lexington water tower","PM2.5","Davidson",35.8145,-80.2627
2025-03-19,49,"Lexington water tower","PM2.5","Davidson",35.8145,-80.2627
2025-03-20,57,"Lexington water tower","PM2.5","Davidson",35.8145,-80.2627
2025-03-21,18,"Lexington water tower","PM2.5","Davidson",35.8145,-80.2627
2025-03-22,42,"Lexington water tower","PM2.5","Davidson",35.8145,-80.2627
2025-03-23,18,"Lexington water tower","PM2.5","Davidson",35.8145,-80.2627
2025-03-24,57,"Lexington water tower","PM2.5","Davidson",35.8145,-80.2627
2025-03-25,17,"Lexington water tower","PM2.5","Davidson",35.8145,-80.2627
2025-03-26,17,"Lexington water tower","PM2.5","Davidson",35.8145,-80.2627
2025-03-27,29,"Lexington water tower","PM2.5","Davidson",35.8145,-80.2627
2025-03-28,46,"Lexington water tower","PM2.5","Davidson",35.8145,-80.2627
2025-03-29,36,"Lexington water tower","PM2.5","Davidson",35.8145,-80.2627
2025-03-30,31,"Lexington water tower","PM2.5","Davidson",35.8145,-80.2627
2025-03-31,29,"Lexington water tower","PM2.5","Davidson",35.8145,-80.2627
2025-04-01,41,"Lexington water tower","PM2.5","Davidson",35.8145,-80.2627
2025-04-02,55,"Lexington water tower","PM2.5","Davidson",35.8145,-80.2627
2025-04-09,38,"Lexington water tower","PM2.5","Davidson",35.8145,-80.2627
2025-04-10,55,"Lexington water tower","PM2.5","Davidson",35.8145,-80.2627
2025-04-11,50,"Lexington water tower","PM2.5","Davidson",35.8145,-80.2627
2025-04-12,52,"Lexington water tower","PM2.5","Davidson",35.8145,-80.2627
2025-04-13,44,"Lexington water tower","PM2.5","Davidson",35.8145,-80.2627
2025-04-14,58,"Lexington water tower","PM2.5","Davidson",35.8145,-80.2627
2025-04-15,50,"Lexington water tower","PM2.5","Davidson",35.8145,-80.2627
2025-04-16,41,"Lexington water tower","PM2.5","Davidson",35.8145,-80.2627
2025-04-17,54,"Lexington water tower","PM2.5","Davidson",35.8145,-80.2627
2025-04-18,63,"Lexington water tower","PM2.5","Davidson",35.8145,-80.2627
2025-04-19,62,"Lexington water tower","PM2.5","Davidson",35.8145,-80.2627
2025-04-20,61,"Lexington water tower","PM2.5","Davidson",35.8145,-80.2627
2025-04-21,60,"Lexington water tower","PM2.5","Davidson",35.8145,-80.2627
2025-04-22,55,"Lexington water tower","PM2.5","Davidson",35.8145,-80.2627
2025-04-23,55,"Lexington water tower","PM2.5","Davidson",35.8145,-80.2627
2025-04-24,60,"Lexington water tower","PM2.5","Davidson",35.8145,-80.2627
2025-04-26,51,"Lexington water tower","PM2.5","Davidson",35.8145,-80.2627
2025-04-27,42,"Lexington water tower","PM2.5","Davidson",35.8145,-80.2627
2025-05-02,4,"Lexington water tower","PM2.5","Davidson",35.8145,-80.2627
2025-05-03,15,"Lexington water tower","PM2.5","Davidson",35.8145,-80.2627
2025-05-04,3,"Lexington water tower","PM2.5","Davidson",35.8145,-80.2627
2025-05-06,42,"Lexington water tower","PM2.5","Davidson",35.8145,-80.2627
2025-05-07,55,"Lexington water tower","PM2.5","Davidson",35.8145,-80.2627
2025-05-08,54,"Lexington water tower","PM2.5","Davidson",35.8145,-80.2627
2025-05-09,51,"Lexington water tower","PM2.5","Davidson",35.8145,-80.2627
2025-05-10,51,"Lexington water tower","PM2.5","Davidson",35.8145,-80.2627
2025-05-11,59,"Lexington water tower","PM2.5","Davidson",35.8145,-80.2627
2025-05-12,29,"Lexington water tower","PM2.5","Davidson",35.8145,-80.2627
2025-05-13,29,"Lexington water tower","PM2.5","Davidson",35.8145,-80.2627
2025-05-14,42,"Lexington water tower","PM2.5","Davidson",35.8145,-80.2627
2025-05-15,55,"Lexington water tower","PM2.5","Davidson",35.8145,-80.2627
2025-05-16,61,"Lexington water tower","PM2.5","Davidson",35.8145,-80.2627
2025-05-17,40,"Lexington water tower","PM2.5","Davidson",35.8145,-80.2627
2025-05-18,42,"Lexington water tower","PM2.5","Davidson",35.8145,-80.2627
2025-05-19,55,"Lexington water tower","PM2.5","Davidson",35.8145,-80.2627
2025-05-20,51,"Lexington water tower","PM2.5","Davidson",35.8145,-80.2627
2025-05-21,54,"Lexington water tower","PM2.5","Davidson",35.8145,-80.2627
2025-05-22,28,"Lexington water tower","PM2.5","Davidson",35.8145,-80.2627
2025-05-23,33,"Lexington water tower","PM2.5","Davidson",35.8145,-80.2627
2025-05-24,40,"Lexington water tower","PM2.5","Davidson",35.8145,-80.2627
2025-05-25,54,"Lexington water tower","PM2.5","Davidson",35.8145,-80.2627
2025-05-26,54,"Lexington water tower","PM2.5","Davidson",35.8145,-80.2627
2025-05-27,28,"Lexington water tower","PM2.5","Davidson",35.8145,-80.2627
2025-05-28,21,"Lexington water tower","PM2.5","Davidson",35.8145,-80.2627
2025-05-29,47,"Lexington water tower","PM2.5","Davidson",35.8145,-80.2627
2025-05-30,34,"Lexington water tower","PM2.5","Davidson",35.8145,-80.2627
2025-05-31,56,"Lexington water tower","PM2.5","Davidson",35.8145,-80.2627
2025-06-01,63,"Lexington water tower","PM2.5","Davidson",35.8145,-80.2627
2025-06-02,52,"Lexington water tower","PM2.5","Davidson",35.8145,-80.2627
2025-06-03,61,"Lexington water tower","PM2.5","Davidson",35.8145,-80.2627
2025-06-04,65,"Lexington water tower","PM2.5","Davidson",35.8145,-80.2627
2025-06-05,46,"Lexington water tower","PM2.5","Davidson",35.8145,-80.2627
2025-06-06,47,"Lexington water tower","PM2.5","Davidson",35.8145,-80.2627
2025-06-07,38,"Lexington water tower","PM2.5","Davidson",35.8145,-80.2627
2025-06-08,43,"Lexington water tower","PM2.5","Davidson",35.8145,-80.2627
2025-06-09,46,"Lexington water tower","PM2.5","Davidson",35.8145,-80.2627
2025-06-10,46,"Lexington water tower","PM2.5","Davidson",35.8145,-80.2627
2025-06-11,55,"Lexington water tower","PM2.5","Davidson",35.8145,-80.2627
2025-06-12,59,"Lexington water tower","PM2.5","Davidson",35.8145,-80.2627
2025-06-13,34,"Lexington water tower","PM2.5","Davidson",35.8145,-80.2627
2025-06-14,32,"Lexington water tower","PM2.5","Davidson",35.8145,-80.2627
2025-06-15,36,"Lexington water tower","PM2.5","Davidson",35.8145,-80.2627
2025-06-16,34,"Lexington water tower","PM2.5","Davidson",35.8145,-80.2627
2025-06-17,39,"Lexington water tower","PM2.5","Davidson",35.8145,-80.2627
2025-06-18,28,"Lexington water tower","PM2.5","Davidson",35.8145,-80.2627
2025-06-19,41,"Lexington water tower","PM2.5","Davidson",35.8145,-80.2627
2025-06-20,49,"Lexington water tower","PM2.5","Davidson",35.8145,-80.2627
2025-06-21,54,"Lexington water tower","PM2.5","Davidson",35.8145,-80.2627
2025-06-22,62,"Lexington water tower","PM2.5","Davidson",35.8145,-80.2627
2025-06-23,61,"Lexington water tower","PM2.5","Davidson",35.8145,-80.2627
2025-06-24,67,"Lexington water tower","PM2.5","Davidson",35.8145,-80.2627
2025-06-25,66,"Lexington water tower","PM2.5","Davidson",35.8145,-80.2627
2025-06-26,58,"Lexington water tower","PM2.5","Davidson",35.8145,-80.2627
2025-06-27,56,"Lexington water tower","PM2.5","Davidson",35.8145,-80.2627
2025-06-28,57,"Lexington water tower","PM2.5","Davidson",35.8145,-80.2627
2025-06-29,52,"Lexington water tower","PM2.5","Davidson",35.8145,-80.2627
2025-06-30,56,"Lexington water tower","PM2.5","Davidson",35.8145,-80.2627
2025-07-01,50,"Lexington water tower","PM2.5","Davidson",35.8145,-80.2627
2025-07-02,36,"Lexington water tower","PM2.5","Davidson",35.8145,-80.2627
2025-07-03,53,"Lexington water tower","PM2.5","Davidson",35.8145,-80.2627
2025-07-04,68,"Lexington water tower","PM2.5","Davidson",35.8145,-80.2627
2025-07-05,65,"Lexington water tower","PM2.5","Davidson",35.8145,-80.2627
2025-07-06,51,"Lexington water tower","PM2.5","Davidson",35.8145,-80.2627
2025-07-07,55,"Lexington water tower","PM2.5","Davidson",35.8145,-80.2627
2025-07-08,60,"Lexington water tower","PM2.5","Davidson",35.8145,-80.2627
2025-07-09,54,"Lexington water tower","PM2.5","Davidson",35.8145,-80.2627
2025-07-10,36,"Lexington water tower","PM2.5","Davidson",35.8145,-80.2627
2025-07-11,46,"Lexington water tower","PM2.5","Davidson",35.8145,-80.2627
2025-07-12,51,"Lexington water tower","PM2.5","Davidson",35.8145,-80.2627
2025-07-13,51,"Lexington water tower","PM2.5","Davidson",35.8145,-80.2627
2025-07-14,52,"Lexington water tower","PM2.5","Davidson",35.8145,-80.2627
2025-07-15,39,"Lexington water tower","PM2.5","Davidson",35.8145,-80.2627
2025-07-16,41,"Lexington water tower","PM2.5","Davidson",35.8145,-80.2627
2025-07-17,48,"Lexington water tower","PM2.5","Davidson",35.8145,-80.2627
2025-07-18,44,"Lexington water tower","PM2.5","Davidson",35.8145,-80.2627
2025-07-19,27,"Lexington water tower","PM2.5","Davidson",35.8145,-80.2627
2025-07-20,41,"Lexington water tower","PM2.5","Davidson",35.8145,-80.2627
2025-07-21,48,"Lexington water tower","PM2.5","Davidson",35.8145,-80.2627
2025-07-22,47,"Lexington water tower","PM2.5","Davidson",35.8145,-80.2627
2025-07-23,58,"Lexington water tower","PM2.5","Davidson",35.8145,-80.2627
2025-07-24,55,"Lexington water tower","PM2.5","Davidson",35.8145,-80.2627
2025-07-25,53,"Lexington water tower","PM2.5","Davidson",35.8145,-80.2627
2025-07-26,51,"Lexington water tower","PM2.5","Davidson",35.8145,-80.2627
2025-07-27,44,"Lexington water tower","PM2.5","Davidson",35.8145,-80.2627
2025-07-28,31,"Lexington water tower","PM2.5","Davidson",35.8145,-80.2627
2025-07-29,40,"Lexington water tower","PM2.5","Davidson",35.8145,-80.2627
2025-07-30,53,"Lexington water tower","PM2.5","Davidson",35.8145,-80.2627
2025-07-31,29,"Lexington water tower","PM2.5","Davidson",35.8145,-80.2627
2025-08-01,39,"Lexington water tower","PM2.5","Davidson",35.8145,-80.2627
2025-08-02,29,"Lexington water tower","PM2.5","Davidson",35.8145,-80.2627
2025-08-03,54,"Lexington water tower","PM2.5","Davidson",35.8145,-80.2627
2025-08-04,54,"Lexington water tower","PM2.5","Davidson",35.8145,-80.2627
2025-08-05,51,"Lexington water tower","PM2.5","Davidson",35.8145,-80.2627
2025-08-06,38,"Lexington water tower","PM2.5","Davidson",35.8145,-80.2627
2025-08-07,63,"Lexington water tower","PM2.5","Davidson",35.8145,-80.2627
2025-08-08,90,"Lexington water tower","PM2.5","Davidson",35.8145,-80.2627
2025-08-09,64,"Lexington water tower","PM2.5","Davidson",35.8145,-80.2627
2025-08-10,56,"Lexington water tower","PM2.5","Davidson",35.8145,-80.2627
2025-08-11,31,"Lexington water tower","PM2.5","Davidson",35.8145,-80.2627
2025-08-12,31,"Lexington water tower","PM2.5","Davidson",35.8145,-80.2627
2025-08-13,41,"Lexington water tower","PM2.5","Davidson",35.8145,-80.2627
2025-08-14,38,"Lexington water tower","PM2.5","Davidson",35.8145,-80.2627
2025-08-15,50,"Lexington water tower","PM2.5","Davidson",35.8145,-80.2627
2025-08-16,55,"Lexington water tower","PM2.5","Davidson",35.8145,-80.2627
2025-08-17,58,"Lexington water tower","PM2.5","Davidson",35.8145,-80.2627
2025-08-18,54,"Lexington water tower","PM2.5","Davidson",35.8145,-80.2627
2025-08-19,47,"Lexington water tower","PM2.5","Davidson",35.8145,-80.2627
2025-08-20,46,"Lexington water tower","PM2.5","Davidson",35.8145,-80.2627
2025-08-21,44,"Lexington water tower","PM2.5","Davidson",35.8145,-80.2627
2025-08-22,28,"Lexington water tower","PM2.5","Davidson",35.8145,-80.2627
2025-08-23,47,"Lexington water tower","PM2.5","Davidson",35.8145,-80.2627
2025-08-24,51,"Lexington water tower","PM2.5","Davidson",35.8145,-80.2627
2025-08-25,42,"Lexington water tower","PM2.5","Davidson",35.8145,-80.2627
2025-08-26,44,"Lexington water tower","PM2.5","Davidson",35.8145,-80.2627
2025-08-27,52,"Lexington water tower","PM2.5","Davidson",35.8145,-80.2627
2025-08-28,54,"Lexington water tower","PM2.5","Davidson",35.8145,-80.2627
2025-08-29,54,"Lexington water tower","PM2.5","Davidson",35.8145,-80.2627
2025-08-30,55,"Lexington water tower","PM2.5","Davidson",35.8145,-80.2627
2025-08-31,51,"Lexington water tower","PM2.5","Davidson",35.8145,-80.2627
2025-09-01,47,"Lexington water tower","PM2.5","Davidson",35.8145,-80.2627
2025-09-02,52,"Lexington water tower","PM2.5","Davidson",35.8145,-80.2627
2025-09-05,58,"Lexington water tower","PM2.5","Davidson",35.8145,-80.2627
2025-09-06,60,"Lexington water tower","PM2.5","Davidson",35.8145,-80.2627
2025-09-07,51,"Lexington water tower","PM2.5","Davidson",35.8145,-80.2627
2025-09-08,44,"Lexington water tower","PM2.5","Davidson",35.8145,-80.2627
2025-09-09,37,"Lexington water tower","PM2.5","Davidson",35.8145,-80.2627
2025-09-10,50,"Lexington water tower","PM2.5","Davidson",35.8145,-80.2627
2025-09-11,50,"Lexington water tower","PM2.5","Davidson",35.8145,-80.2627
2025-09-12,52,"Lexington water tower","PM2.5","Davidson",35.8145,-80.2627
2025-09-13,55,"Lexington water tower","PM2.5","Davidson",35.8145,-80.2627
2025-09-14,59,"Lexington water tower","PM2.5","Davidson",35.8145,-80.2627
2025-09-15,59,"Lexington water tower","PM2.5","Davidson",35.8145,-80.2627
2025-09-16,54,"Lexington water tower","PM2.5","Davidson",35.8145,-80.2627
2025-09-17,52,"Lexington water tower","PM2.5","Davidson",35.8145,-80.2627
2025-09-18,36,"Lexington water tower","PM2.5","Davidson",35.8145,-80.2627
2025-09-19,56,"Lexington water tower","PM2.5","Davidson",35.8145,-80.2627
2025-09-20,61,"Lexington water tower","PM2.5","Davidson",35.8145,-80.2627
2025-09-21,59,"Lexington water tower","PM2.5","Davidson",35.8145,-80.2627
2025-09-22,58,"Lexington water tower","PM2.5","Davidson",35.8145,-80.2627
2025-09-23,58,"Lexington water tower","PM2.5","Davidson",35.8145,-80.2627
2025-09-24,61,"Lexington water tower","PM2.5","Davidson",35.8145,-80.2627
2025-09-25,54,"Lexington water tower","PM2.5","Davidson",35.8145,-80.2627
2025-09-26,33,"Lexington water tower","PM2.5","Davidson",35.8145,-80.2627
2025-09-27,27,"Lexington water tower","PM2.5","Davidson",35.8145,-80.2627
2025-09-28,35,"Lexington water tower","PM2.5","Davidson",35.8145,-80.2627
2025-09-29,44,"Lexington water tower","PM2.5","Davidson",35.8145,-80.2627
2025-09-30,50,"Lexington water tower","PM2.5","Davidson",35.8145,-80.2627
2025-10-01,55,"Lexington water tower","PM2.5","Davidson",35.8145,-80.2627
2025-10-02,52,"Lexington water tower","PM2.5","Davidson",35.8145,-80.2627
2025-10-03,43,"Lexington water tower","PM2.5","Davidson",35.8145,-80.2627
2025-10-04,56,"Lexington water tower","PM2.5","Davidson",35.8145,-80.2627
2025-10-05,53,"Lexington water tower","PM2.5","Davidson",35.8145,-80.2627
2025-10-06,43,"Lexington water tower","PM2.5","Davidson",35.8145,-80.2627
2025-10-07,31,"Lexington water tower","PM2.5","Davidson",35.8145,-80.2627
2025-10-08,32,"Lexington water tower","PM2.5","Davidson",35.8145,-80.2627
2025-10-09,44,"Lexington water tower","PM2.5","Davidson",35.8145,-80.2627
2025-10-10,39,"Lexington water tower","PM2.5","Davidson",35.8145,-80.2627
2025-10-11,32,"Lexington water tower","PM2.5","Davidson",35.8145,-80.2627
2025-10-12,23,"Lexington water tower","PM2.5","Davidson",35.8145,-80.2627
2025-10-13,21,"Lexington water tower","PM2.5","Davidson",35.8145,-80.2627
2025-10-14,47,"Lexington water tower","PM2.5","Davidson",35.8145,-80.2627
2025-10-15,42,"Lexington water tower","PM2.5","Davidson",35.8145,-80.2627
2025-10-16,53,"Lexington water tower","PM2.5","Davidson",35.8145,-80.2627
2025-10-17,52,"Lexington water tower","PM2.5","Davidson",35.8145,-80.2627
2025-10-18,58,"Lexington water tower","PM2.5","Davidson",35.8145,-80.2627
2025-10-19,53,"Lexington water tower","PM2.5","Davidson",35.8145,-80.2627
2025-10-20,34,"Lexington water tower","PM2.5","Davidson",35.8145,-80.2627
2025-10-21,56,"Lexington water tower","PM2.5","Davidson",35.8145,-80.2627
2025-10-22,40,"Lexington water tower","PM2.5","Davidson",35.8145,-80.2627
2025-10-23,46,"Lexington water tower","PM2.5","Davidson",35.8145,-80.2627
2025-10-24,53,"Lexington water tower","PM2.5","Davidson",35.8145,-80.2627
2025-10-25,52,"Lexington water tower","PM2.5","Davidson",35.8145,-80.2627
2025-10-26,57,"Lexington water tower","PM2.5","Davidson",35.8145,-80.2627
2025-10-27,53,"Lexington water tower","PM2.5","Davidson",35.8145,-80.2627
2025-10-28,39,"Lexington water tower","PM2.5","Davidson",35.8145,-80.2627
2025-10-29,42,"Lexington water tower","PM2.5","Davidson",35.8145,-80.2627
2025-10-30,33,"Lexington water tower","PM2.5","Davidson",35.8145,-80.2627
2025-10-31,38,"Lexington water tower","PM2.5","Davidson",35.8145,-80.2627
2025-11-01,56,"Lexington water tower","PM2.5","Davidson",35.8145,-80.2627
2025-11-02,58,"Lexington water tower","PM2.5","Davidson",35.8145,-80.2627
2025-11-03,51,"Lexington water tower","PM2.5","Davidson",35.8145,-80.2627
2025-11-04,52,"Lexington water tower","PM2.5","Davidson",35.8145,-80.2627
2025-11-05,60,"Lexington water tower","PM2.5","Davidson",35.8145,-80.2627
2025-11-06,56,"Lexington water tower","PM2.5","Davidson",35.8145,-80.2627
2025-11-07,60,"Lexington water tower","PM2.5","Davidson",35.8145,-80.2627
2025-11-08,59,"Lexington water tower","PM2.5","Davidson",35.8145,-80.2627
2025-11-09,61,"Lexington water tower","PM2.5","Davidson",35.8145,-80.2627
2025-11-10,27,"Lexington water tower","PM2.5","Davidson",35.8145,-80.2627
2025-11-11,39,"Lexington water tower","PM2.5","Davidson",35.8145,-80.2627
2025-11-12,56,"Lexington water tower","PM2.5","Davidson",35.8145,-80.2627
2025-11-13,54,"Lexington water tower","PM2.5","Davidson",35.8145,-80.2627
2025-11-14,57,"Lexington water tower","PM2.5","Davidson",35.8145,-80.2627
2025-11-15,64,"Lexington water tower","PM2.5","Davidson",35.8145,-80.2627
2025-11-16,52,"Lexington water tower","PM2.5","Davidson",35.8145,-80.2627
2025-11-17,45,"Lexington water tower","PM2.5","Davidson",35.8145,-80.2627
2025-11-18,62,"Lexington water tower","PM2.5","Davidson",35.8145,-80.2627
2025-11-19,60,"Lexington water tower","PM2.5","Davidson",35.8145,-80.2627
2025-11-20,62,"Lexington water tower","PM2.5","Davidson",35.8145,-80.2627
2025-11-21,93,"Lexington water tower","PM2.5","Davidson",35.8145,-80.2627
2025-11-22,62,"Lexington water tower","PM2.5","Davidson",35.8145,-80.2627
2025-11-23,51,"Lexington water tower","PM2.5","Davidson",35.8145,-80.2627
2025-11-24,54,"Lexington water tower","PM2.5","Davidson",35.8145,-80.2627
2025-11-25,61,"Lexington water tower","PM2.5","Davidson",35.8145,-80.2627
2025-11-26,52,"Lexington water tower","PM2.5","Davidson",35.8145,-80.2627
2025-11-27,51,"Lexington water tower","PM2.5","Davidson",35.8145,-80.2627
2025-11-28,47,"Lexington water tower","PM2.5","Davidson",35.8145,-80.2627
2025-11-29,55,"Lexington water tower","PM2.5","Davidson",35.8145,-80.2627
2025-11-30,57,"Lexington water tower","PM2.5","Davidson",35.8145,-80.2627
2025-12-01,55,"Lexington water tower","PM2.5","Davidson",35.8145,-80.2627
2025-12-02,55,"Lexington water tower","PM2.5","Davidson",35.8145,-80.2627
2025-12-03,55,"Lexington water tower","PM2.5","Davidson",35.8145,-80.2627
2025-12-04,64,"Lexington water tower","PM2.5","Davidson",35.8145,-80.2627
2025-12-05,55,"Lexington water tower","PM2.5","Davidson",35.8145,-80.2627
2025-12-06,61,"Lexington water tower","PM2.5","Davidson",35.8145,-80.2627
2025-12-07,60,"Lexington water tower","PM2.5","Davidson",35.8145,-80.2627
2025-12-08,58,"Lexington water tower","PM2.5","Davidson",35.8145,-80.2627
2025-12-09,52,"Lexington water tower","PM2.5","Davidson",35.8145,-80.2627
2025-12-10,56,"Lexington water tower","PM2.5","Davidson",35.8145,-80.2627
2025-12-11,37,"Lexington water tower","PM2.5","Davidson",35.8145,-80.2627
2025-12-12,57,"Lexington water tower","PM2.5","Davidson",35.8145,-80.2627
2025-12-13,76,"Lexington water tower","PM2.5","Davidson",35.8145,-80.2627
2025-12-14,57,"Lexington water tower","PM2.5","Davidson",35.8145,-80.2627
2025-12-15,53,"Lexington water tower","PM2.5","Davidson",35.8145,-80.2627
2025-12-19,24,"Lexington water tower","PM2.5","Davidson",35.8145,-80.2627
2025-12-20,57,"Lexington water tower","PM2.5","Davidson",35.8145,-80.2627
2025-12-21,58,"Lexington water tower","PM2.5","Davidson",35.8145,-80.2627
2025-12-22,56,"Lexington water tower","PM2.5","Davidson",35.8145,-80.2627
2025-12-23,57,"Lexington water tower","PM2.5","Davidson",35.8145,-80.2627
2025-12-24,65,"Lexington water tower","PM2.5","Davidson",35.8145,-80.2627
2025-12-25,56,"Lexington water tower","PM2.5","Davidson",35.8145,-80.2627
2025-12-26,53,"Lexington water tower","PM2.5","Davidson",35.8145,-80.2627
2025-12-27,58,"Lexington water tower","PM2.5","Davidson",35.8145,-80.2627
2025-12-28,50,"Lexington water tower","PM2.5","Davidson",35.8145,-80.2627
2025-12-29,44,"Lexington water tower","PM2.5","Davidson",35.8145,-80.2627
2025-12-30,43,"Lexington water tower","PM2.5","Davidson",35.8145,-80.2627
2025-12-31,38,"Lexington water tower","PM2.5","Davidson",35.8145,-80.2627
2025-01-01,18,"Durham Armory","PM2.5","Durham",36.0329550008979,-78.904037
2025-01-02,33,"Durham Armory","PM2.5","Durham",36.0329550008979,-78.904037
2025-01-03,37,"Durham Armory","PM2.5","Durham",36.0329550008979,-78.904037
2025-01-04,16,"Durham Armory","PM2.5","Durham",36.0329550008979,-78.904037
2025-01-05,19,"Durham Armory","PM2.5","Durham",36.0329550008979,-78.904037
2025-01-06,23,"Durham Armory","PM2.5","Durham",36.0329550008979,-78.904037
2025-01-07,25,"Durham Armory","PM2.5","Durham",36.0329550008979,-78.904037
2025-01-08,27,"Durham Armory","PM2.5","Durham",36.0329550008979,-78.904037
2025-01-11,42,"Durham Armory","PM2.5","Durham",36.0329550008979,-78.904037
2025-01-12,48,"Durham Armory","PM2.5","Durham",36.0329550008979,-78.904037
2025-01-13,55,"Durham Armory","PM2.5","Durham",36.0329550008979,-78.904037
2025-01-14,30,"Durham Armory","PM2.5","Durham",36.0329550008979,-78.904037
2025-01-15,42,"Durham Armory","PM2.5","Durham",36.0329550008979,-78.904037
2025-01-16,52,"Durham Armory","PM2.5","Durham",36.0329550008979,-78.904037
2025-01-17,32,"Durham Armory","PM2.5","Durham",36.0329550008979,-78.904037
2025-01-18,52,"Durham Armory","PM2.5","Durham",36.0329550008979,-78.904037
2025-01-19,54,"Durham Armory","PM2.5","Durham",36.0329550008979,-78.904037
2025-01-20,21,"Durham Armory","PM2.5","Durham",36.0329550008979,-78.904037
2025-01-21,31,"Durham Armory","PM2.5","Durham",36.0329550008979,-78.904037
2025-01-22,40,"Durham Armory","PM2.5","Durham",36.0329550008979,-78.904037
2025-01-23,59,"Durham Armory","PM2.5","Durham",36.0329550008979,-78.904037
2025-01-24,55,"Durham Armory","PM2.5","Durham",36.0329550008979,-78.904037
2025-01-25,55,"Durham Armory","PM2.5","Durham",36.0329550008979,-78.904037
2025-01-26,57,"Durham Armory","PM2.5","Durham",36.0329550008979,-78.904037
2025-01-27,52,"Durham Armory","PM2.5","Durham",36.0329550008979,-78.904037
2025-01-28,44,"Durham Armory","PM2.5","Durham",36.0329550008979,-78.904037
2025-01-29,32,"Durham Armory","PM2.5","Durham",36.0329550008979,-78.904037
2025-01-30,31,"Durham Armory","PM2.5","Durham",36.0329550008979,-78.904037
2025-01-31,49,"Durham Armory","PM2.5","Durham",36.0329550008979,-78.904037
2025-02-01,30,"Durham Armory","PM2.5","Durham",36.0329550008979,-78.904037
2025-02-02,27,"Durham Armory","PM2.5","Durham",36.0329550008979,-78.904037
2025-02-03,51,"Durham Armory","PM2.5","Durham",36.0329550008979,-78.904037
2025-02-04,57,"Durham Armory","PM2.5","Durham",36.0329550008979,-78.904037
2025-02-05,43,"Durham Armory","PM2.5","Durham",36.0329550008979,-78.904037
2025-02-06,55,"Durham Armory","PM2.5","Durham",36.0329550008979,-78.904037
2025-02-07,46,"Durham Armory","PM2.5","Durham",36.0329550008979,-78.904037
2025-02-08,44,"Durham Armory","PM2.5","Durham",36.0329550008979,-78.904037
2025-02-09,46,"Durham Armory","PM2.5","Durham",36.0329550008979,-78.904037
2025-02-10,37,"Durham Armory","PM2.5","Durham",36.0329550008979,-78.904037
2025-02-11,45,"Durham Armory","PM2.5","Durham",36.0329550008979,-78.904037
2025-02-12,14,"Durham Armory","PM2.5","Durham",36.0329550008979,-78.904037
2025-02-13,19,"Durham Armory","PM2.5","Durham",36.0329550008979,-78.904037
2025-02-14,34,"Durham Armory","PM2.5","Durham",36.0329550008979,-78.904037
2025-02-15,32,"Durham Armory","PM2.5","Durham",36.0329550008979,-78.904037
2025-02-16,15,"Durham Armory","PM2.5","Durham",36.0329550008979,-78.904037
2025-02-17,21,"Durham Armory","PM2.5","Durham",36.0329550008979,-78.904037
2025-02-18,19,"Durham Armory","PM2.5","Durham",36.0329550008979,-78.904037
2025-02-19,37,"Durham Armory","PM2.5","Durham",36.0329550008979,-78.904037
2025-02-20,32,"Durham Armory","PM2.5","Durham",36.0329550008979,-78.904037
2025-02-21,28,"Durham Armory","PM2.5","Durham",36.0329550008979,-78.904037
2025-02-22,36,"Durham Armory","PM2.5","Durham",36.0329550008979,-78.904037
2025-02-23,44,"Durham Armory","PM2.5","Durham",36.0329550008979,-78.904037
2025-02-24,40,"Durham Armory","PM2.5","Durham",36.0329550008979,-78.904037
2025-02-25,55,"Durham Armory","PM2.5","Durham",36.0329550008979,-78.904037
2025-02-26,49,"Durham Armory","PM2.5","Durham",36.0329550008979,-78.904037
2025-02-27,65,"Durham Armory","PM2.5","Durham",36.0329550008979,-78.904037
2025-02-28,23,"Durham Armory","PM2.5","Durham",36.0329550008979,-78.904037
2025-03-01,45,"Durham Armory","PM2.5","Durham",36.0329550008979,-78.904037
2025-03-02,23,"Durham Armory","PM2.5","Durham",36.0329550008979,-78.904037
2025-03-03,32,"Durham Armory","PM2.5","Durham",36.0329550008979,-78.904037
2025-03-04,51,"Durham Armory","PM2.5","Durham",36.0329550008979,-78.904037
2025-03-05,25,"Durham Armory","PM2.5","Durham",36.0329550008979,-78.904037
2025-03-06,12,"Durham Armory","PM2.5","Durham",36.0329550008979,-78.904037
2025-03-07,46,"Durham Armory","PM2.5","Durham",36.0329550008979,-78.904037
2025-03-08,59,"Durham Armory","PM2.5","Durham",36.0329550008979,-78.904037
2025-03-09,16,"Durham Armory","PM2.5","Durham",36.0329550008979,-78.904037
2025-03-10,36,"Durham Armory","PM2.5","Durham",36.0329550008979,-78.904037
2025-03-11,35,"Durham Armory","PM2.5","Durham",36.0329550008979,-78.904037
2025-03-12,55,"Durham Armory","PM2.5","Durham",36.0329550008979,-78.904037
2025-03-13,68,"Durham Armory","PM2.5","Durham",36.0329550008979,-78.904037
2025-03-15,54,"Durham Armory","PM2.5","Durham",36.0329550008979,-78.904037
2025-03-16,38,"Durham Armory","PM2.5","Durham",36.0329550008979,-78.904037
2025-03-17,43,"Durham Armory","PM2.5","Durham",36.0329550008979,-78.904037
2025-03-27,54,"Durham Armory","PM2.5","Durham",36.0329550008979,-78.904037
2025-03-28,56,"Durham Armory","PM2.5","Durham",36.0329550008979,-78.904037
2025-03-29,51,"Durham Armory","PM2.5","Durham",36.0329550008979,-78.904037
2025-03-30,49,"Durham Armory","PM2.5","Durham",36.0329550008979,-78.904037
2025-03-31,50,"Durham Armory","PM2.5","Durham",36.0329550008979,-78.904037
2025-04-08,39,"Durham Armory","PM2.5","Durham",36.0329550008979,-78.904037
2025-04-09,44,"Durham Armory","PM2.5","Durham",36.0329550008979,-78.904037
2025-04-10,42,"Durham Armory","PM2.5","Durham",36.0329550008979,-78.904037
2025-04-11,46,"Durham Armory","PM2.5","Durham",36.0329550008979,-78.904037
2025-04-12,33,"Durham Armory","PM2.5","Durham",36.0329550008979,-78.904037
2025-04-13,34,"Durham Armory","PM2.5","Durham",36.0329550008979,-78.904037
2025-04-14,53,"Durham Armory","PM2.5","Durham",36.0329550008979,-78.904037
2025-04-15,53,"Durham Armory","PM2.5","Durham",36.0329550008979,-78.904037
2025-04-16,41,"Durham Armory","PM2.5","Durham",36.0329550008979,-78.904037
2025-04-17,51,"Durham Armory","PM2.5","Durham",36.0329550008979,-78.904037
2025-04-18,58,"Durham Armory","PM2.5","Durham",36.0329550008979,-78.904037
2025-04-19,54,"Durham Armory","PM2.5","Durham",36.0329550008979,-78.904037
2025-04-20,58,"Durham Armory","PM2.5","Durham",36.0329550008979,-78.904037
2025-04-21,55,"Durham Armory","PM2.5","Durham",36.0329550008979,-78.904037
2025-04-22,56,"Durham Armory","PM2.5","Durham",36.0329550008979,-78.904037
2025-04-23,52,"Durham Armory","PM2.5","Durham",36.0329550008979,-78.904037
2025-04-24,56,"Durham Armory","PM2.5","Durham",36.0329550008979,-78.904037
2025-04-25,54,"Durham Armory","PM2.5","Durham",36.0329550008979,-78.904037
2025-04-26,47,"Durham Armory","PM2.5","Durham",36.0329550008979,-78.904037
2025-04-27,34,"Durham Armory","PM2.5","Durham",36.0329550008979,-78.904037
2025-04-28,34,"Durham Armory","PM2.5","Durham",36.0329550008979,-78.904037
2025-04-29,55,"Durham Armory","PM2.5","Durham",36.0329550008979,-78.904037
2025-04-30,56,"Durham Armory","PM2.5","Durham",36.0329550008979,-78.904037
2025-05-01,56,"Durham Armory","PM2.5","Durham",36.0329550008979,-78.904037
2025-05-02,49,"Durham Armory","PM2.5","Durham",36.0329550008979,-78.904037
2025-05-03,36,"Durham Armory","PM2.5","Durham",36.0329550008979,-78.904037
2025-05-04,33,"Durham Armory","PM2.5","Durham",36.0329550008979,-78.904037
2025-05-05,43,"Durham Armory","PM2.5","Durham",36.0329550008979,-78.904037
2025-05-06,42,"Durham Armory","PM2.5","Durham",36.0329550008979,-78.904037
2025-05-07,44,"Durham Armory","PM2.5","Durham",36.0329550008979,-78.904037
2025-05-08,52,"Durham Armory","PM2.5","Durham",36.0329550008979,-78.904037
2025-05-09,38,"Durham Armory","PM2.5","Durham",36.0329550008979,-78.904037
2025-05-10,39,"Durham Armory","PM2.5","Durham",36.0329550008979,-78.904037
2025-05-11,55,"Durham Armory","PM2.5","Durham",36.0329550008979,-78.904037
2025-05-12,28,"Durham Armory","PM2.5","Durham",36.0329550008979,-78.904037
2025-05-13,22,"Durham Armory","PM2.5","Durham",36.0329550008979,-78.904037
2025-05-14,37,"Durham Armory","PM2.5","Durham",36.0329550008979,-78.904037
2025-05-15,51,"Durham Armory","PM2.5","Durham",36.0329550008979,-78.904037
2025-05-16,55,"Durham Armory","PM2.5","Durham",36.0329550008979,-78.904037
2025-05-17,41,"Durham Armory","PM2.5","Durham",36.0329550008979,-78.904037
2025-05-18,39,"Durham Armory","PM2.5","Durham",36.0329550008979,-78.904037
2025-05-19,39,"Durham Armory","PM2.5","Durham",36.0329550008979,-78.904037
2025-05-20,46,"Durham Armory","PM2.5","Durham",36.0329550008979,-78.904037
2025-05-21,38,"Durham Armory","PM2.5","Durham",36.0329550008979,-78.904037
2025-05-22,39,"Durham Armory","PM2.5","Durham",36.0329550008979,-78.904037
2025-05-23,25,"Durham Armory","PM2.5","Durham",36.0329550008979,-78.904037
2025-05-24,35,"Durham Armory","PM2.5","Durham",36.0329550008979,-78.904037
2025-05-25,37,"Durham Armory","PM2.5","Durham",36.0329550008979,-78.904037
2025-05-26,52,"Durham Armory","PM2.5","Durham",36.0329550008979,-78.904037
2025-05-27,14,"Durham Armory","PM2.5","Durham",36.0329550008979,-78.904037
2025-05-28,11,"Durham Armory","PM2.5","Durham",36.0329550008979,-78.904037
2025-05-29,32,"Durham Armory","PM2.5","Durham",36.0329550008979,-78.904037
2025-05-30,19,"Durham Armory","PM2.5","Durham",36.0329550008979,-78.904037
2025-05-31,52,"Durham Armory","PM2.5","Durham",36.0329550008979,-78.904037
2025-06-01,52,"Durham Armory","PM2.5","Durham",36.0329550008979,-78.904037
2025-06-02,42,"Durham Armory","PM2.5","Durham",36.0329550008979,-78.904037
2025-06-03,45,"Durham Armory","PM2.5","Durham",36.0329550008979,-78.904037
2025-06-04,58,"Durham Armory","PM2.5","Durham",36.0329550008979,-78.904037
2025-06-05,36,"Durham Armory","PM2.5","Durham",36.0329550008979,-78.904037
2025-06-06,52,"Durham Armory","PM2.5","Durham",36.0329550008979,-78.904037
2025-06-07,34,"Durham Armory","PM2.5","Durham",36.0329550008979,-78.904037
2025-06-08,36,"Durham Armory","PM2.5","Durham",36.0329550008979,-78.904037
2025-06-09,35,"Durham Armory","PM2.5","Durham",36.0329550008979,-78.904037
2025-06-10,36,"Durham Armory","PM2.5","Durham",36.0329550008979,-78.904037
2025-06-11,53,"Durham Armory","PM2.5","Durham",36.0329550008979,-78.904037
2025-06-12,49,"Durham Armory","PM2.5","Durham",36.0329550008979,-78.904037
2025-06-13,30,"Durham Armory","PM2.5","Durham",36.0329550008979,-78.904037
2025-06-14,26,"Durham Armory","PM2.5","Durham",36.0329550008979,-78.904037
2025-06-15,38,"Durham Armory","PM2.5","Durham",36.0329550008979,-78.904037
2025-06-16,22,"Durham Armory","PM2.5","Durham",36.0329550008979,-78.904037
2025-06-17,35,"Durham Armory","PM2.5","Durham",36.0329550008979,-78.904037
2025-06-18,41,"Durham Armory","PM2.5","Durham",36.0329550008979,-78.904037
2025-06-19,34,"Durham Armory","PM2.5","Durham",36.0329550008979,-78.904037
2025-06-20,34,"Durham Armory","PM2.5","Durham",36.0329550008979,-78.904037
2025-06-21,48,"Durham Armory","PM2.5","Durham",36.0329550008979,-78.904037
2025-06-22,53,"Durham Armory","PM2.5","Durham",36.0329550008979,-78.904037
2025-06-23,61,"Durham Armory","PM2.5","Durham",36.0329550008979,-78.904037
2025-06-24,66,"Durham Armory","PM2.5","Durham",36.0329550008979,-78.904037
2025-06-25,62,"Durham Armory","PM2.5","Durham",36.0329550008979,-78.904037
2025-06-26,58,"Durham Armory","PM2.5","Durham",36.0329550008979,-78.904037
2025-06-27,51,"Durham Armory","PM2.5","Durham",36.0329550008979,-78.904037
2025-06-28,47,"Durham Armory","PM2.5","Durham",36.0329550008979,-78.904037
2025-06-29,50,"Durham Armory","PM2.5","Durham",36.0329550008979,-78.904037
2025-06-30,57,"Durham Armory","PM2.5","Durham",36.0329550008979,-78.904037
2025-07-01,43,"Durham Armory","PM2.5","Durham",36.0329550008979,-78.904037
2025-07-02,25,"Durham Armory","PM2.5","Durham",36.0329550008979,-78.904037
2025-07-03,32,"Durham Armory","PM2.5","Durham",36.0329550008979,-78.904037
2025-07-04,60,"Durham Armory","PM2.5","Durham",36.0329550008979,-78.904037
2025-07-05,60,"Durham Armory","PM2.5","Durham",36.0329550008979,-78.904037
2025-07-06,17,"Durham Armory","PM2.5","Durham",36.0329550008979,-78.904037
2025-07-07,37,"Durham Armory","PM2.5","Durham",36.0329550008979,-78.904037
2025-07-08,58,"Durham Armory","PM2.5","Durham",36.0329550008979,-78.904037
2025-07-09,43,"Durham Armory","PM2.5","Durham",36.0329550008979,-78.904037
2025-07-10,28,"Durham Armory","PM2.5","Durham",36.0329550008979,-78.904037
2025-07-11,23,"Durham Armory","PM2.5","Durham",36.0329550008979,-78.904037
2025-07-12,38,"Durham Armory","PM2.5","Durham",36.0329550008979,-78.904037
2025-07-13,33,"Durham Armory","PM2.5","Durham",36.0329550008979,-78.904037
2025-07-14,32,"Durham Armory","PM2.5","Durham",36.0329550008979,-78.904037
2025-07-15,18,"Durham Armory","PM2.5","Durham",36.0329550008979,-78.904037
2025-07-16,28,"Durham Armory","PM2.5","Durham",36.0329550008979,-78.904037
2025-07-17,41,"Durham Armory","PM2.5","Durham",36.0329550008979,-78.904037
2025-07-18,33,"Durham Armory","PM2.5","Durham",36.0329550008979,-78.904037
2025-07-19,26,"Durham Armory","PM2.5","Durham",36.0329550008979,-78.904037
2025-07-20,29,"Durham Armory","PM2.5","Durham",36.0329550008979,-78.904037
2025-07-21,31,"Durham Armory","PM2.5","Durham",36.0329550008979,-78.904037
2025-07-22,46,"Durham Armory","PM2.5","Durham",36.0329550008979,-78.904037
2025-07-23,53,"Durham Armory","PM2.5","Durham",36.0329550008979,-78.904037
2025-07-24,25,"Durham Armory","PM2.5","Durham",36.0329550008979,-78.904037
2025-07-25,42,"Durham Armory","PM2.5","Durham",36.0329550008979,-78.904037
2025-07-26,39,"Durham Armory","PM2.5","Durham",36.0329550008979,-78.904037
2025-07-27,32,"Durham Armory","PM2.5","Durham",36.0329550008979,-78.904037
2025-07-28,15,"Durham Armory","PM2.5","Durham",36.0329550008979,-78.904037
2025-07-29,31,"Durham Armory","PM2.5","Durham",36.0329550008979,-78.904037
2025-07-30,22,"Durham Armory","PM2.5","Durham",36.0329550008979,-78.904037
2025-07-31,22,"Durham Armory","PM2.5","Durham",36.0329550008979,-78.904037
2025-08-01,19,"Durham Armory","PM2.5","Durham",36.0329550008979,-78.904037
2025-08-02,6,"Durham Armory","PM2.5","Durham",36.0329550008979,-78.904037
2025-08-03,26,"Durham Armory","PM2.5","Durham",36.0329550008979,-78.904037
2025-08-04,28,"Durham Armory","PM2.5","Durham",36.0329550008979,-78.904037
2025-08-05,13,"Durham Armory","PM2.5","Durham",36.0329550008979,-78.904037
2025-08-06,0,"Durham Armory","PM2.5","Durham",36.0329550008979,-78.904037
2025-08-07,55,"Durham Armory","PM2.5","Durham",36.0329550008979,-78.904037
2025-08-08,65,"Durham Armory","PM2.5","Durham",36.0329550008979,-78.904037
2025-08-09,34,"Durham Armory","PM2.5","Durham",36.0329550008979,-78.904037
2025-08-10,21,"Durham Armory","PM2.5","Durham",36.0329550008979,-78.904037
2025-08-11,0,"Durham Armory","PM2.5","Durham",36.0329550008979,-78.904037
2025-08-12,0,"Durham Armory","PM2.5","Durham",36.0329550008979,-78.904037
2025-08-13,0,"Durham Armory","PM2.5","Durham",36.0329550008979,-78.904037
2025-08-14,2,"Durham Armory","PM2.5","Durham",36.0329550008979,-78.904037
2025-08-15,17,"Durham Armory","PM2.5","Durham",36.0329550008979,-78.904037
2025-08-16,18,"Durham Armory","PM2.5","Durham",36.0329550008979,-78.904037
2025-08-17,25,"Durham Armory","PM2.5","Durham",36.0329550008979,-78.904037
2025-08-18,17,"Durham Armory","PM2.5","Durham",36.0329550008979,-78.904037
2025-08-19,0,"Durham Armory","PM2.5","Durham",36.0329550008979,-78.904037
2025-08-20,3,"Durham Armory","PM2.5","Durham",36.0329550008979,-78.904037
2025-08-21,4,"Durham Armory","PM2.5","Durham",36.0329550008979,-78.904037
2025-08-22,0,"Durham Armory","PM2.5","Durham",36.0329550008979,-78.904037
2025-08-23,20,"Durham Armory","PM2.5","Durham",36.0329550008979,-78.904037
2025-08-24,13,"Durham Armory","PM2.5","Durham",36.0329550008979,-78.904037
2025-08-25,18,"Durham Armory","PM2.5","Durham",36.0329550008979,-78.904037
2025-08-26,24,"Durham Armory","PM2.5","Durham",36.0329550008979,-78.904037
2025-08-27,29,"Durham Armory","PM2.5","Durham",36.0329550008979,-78.904037
2025-08-28,32,"Durham Armory","PM2.5","Durham",36.0329550008979,-78.904037
2025-08-29,33,"Durham Armory","PM2.5","Durham",36.0329550008979,-78.904037
2025-08-30,30,"Durham Armory","PM2.5","Durham",36.0329550008979,-78.904037
2025-08-31,24,"Durham Armory","PM2.5","Durham",36.0329550008979,-78.904037
2025-09-01,22,"Durham Armory","PM2.5","Durham",36.0329550008979,-78.904037
2025-09-02,19,"Durham Armory","PM2.5","Durham",36.0329550008979,-78.904037
2025-09-03,24,"Durham Armory","PM2.5","Durham",36.0329550008979,-78.904037
2025-09-04,33,"Durham Armory","PM2.5","Durham",36.0329550008979,-78.904037
2025-09-05,40,"Durham Armory","PM2.5","Durham",36.0329550008979,-78.904037
2025-09-06,39,"Durham Armory","PM2.5","Durham",36.0329550008979,-78.904037
2025-09-07,25,"Durham Armory","PM2.5","Durham",36.0329550008979,-78.904037
2025-09-08,19,"Durham Armory","PM2.5","Durham",36.0329550008979,-78.904037
2025-09-09,23,"Durham Armory","PM2.5","Durham",36.0329550008979,-78.904037
2025-10-14,9,"Durham Armory","PM2.5","Durham",36.0329550008979,-78.904037
2025-10-15,17,"Durham Armory","PM2.5","Durham",36.0329550008979,-78.904037
2025-10-16,17,"Durham Armory","PM2.5","Durham",36.0329550008979,-78.904037
2025-10-17,17,"Durham Armory","PM2.5","Durham",36.0329550008979,-78.904037
2025-10-18,46,"Durham Armory","PM2.5","Durham",36.0329550008979,-78.904037
2025-10-19,31,"Durham Armory","PM2.5","Durham",36.0329550008979,-78.904037
2025-10-20,9,"Durham Armory","PM2.5","Durham",36.0329550008979,-78.904037
2025-10-21,39,"Durham Armory","PM2.5","Durham",36.0329550008979,-78.904037
2025-10-22,24,"Durham Armory","PM2.5","Durham",36.0329550008979,-78.904037
2025-10-23,19,"Durham Armory","PM2.5","Durham",36.0329550008979,-78.904037
2025-10-24,19,"Durham Armory","PM2.5","Durham",36.0329550008979,-78.904037
2025-10-25,23,"Durham Armory","PM2.5","Durham",36.0329550008979,-78.904037
2025-10-26,28,"Durham Armory","PM2.5","Durham",36.0329550008979,-78.904037
2025-10-27,21,"Durham Armory","PM2.5","Durham",36.0329550008979,-78.904037
2025-10-28,11,"Durham Armory","PM2.5","Durham",36.0329550008979,-78.904037
2025-10-29,9,"Durham Armory","PM2.5","Durham",36.0329550008979,-78.904037
2025-10-30,9,"Durham Armory","PM2.5","Durham",36.0329550008979,-78.904037
2025-10-31,16,"Durham Armory","PM2.5","Durham",36.0329550008979,-78.904037
2025-11-01,38,"Durham Armory","PM2.5","Durham",36.0329550008979,-78.904037
2025-11-02,46,"Durham Armory","PM2.5","Durham",36.0329550008979,-78.904037
2025-11-03,22,"Durham Armory","PM2.5","Durham",36.0329550008979,-78.904037
2025-11-04,21,"Durham Armory","PM2.5","Durham",36.0329550008979,-78.904037
2025-11-05,49,"Durham Armory","PM2.5","Durham",36.0329550008979,-78.904037
2025-11-06,48,"Durham Armory","PM2.5","Durham",36.0329550008979,-78.904037
2025-11-07,45,"Durham Armory","PM2.5","Durham",36.0329550008979,-78.904037
2025-11-08,56,"Durham Armory","PM2.5","Durham",36.0329550008979,-78.904037
2025-11-09,54,"Durham Armory","PM2.5","Durham",36.0329550008979,-78.904037
2025-11-10,1,"Durham Armory","PM2.5","Durham",36.0329550008979,-78.904037
2025-11-11,11,"Durham Armory","PM2.5","Durham",36.0329550008979,-78.904037
2025-11-12,44,"Durham Armory","PM2.5","Durham",36.0329550008979,-78.904037
2025-11-13,39,"Durham Armory","PM2.5","Durham",36.0329550008979,-78.904037
2025-11-14,29,"Durham Armory","PM2.5","Durham",36.0329550008979,-78.904037
2025-11-15,47,"Durham Armory","PM2.5","Durham",36.0329550008979,-78.904037
2025-11-16,31,"Durham Armory","PM2.5","Durham",36.0329550008979,-78.904037
2025-11-17,17,"Durham Armory","PM2.5","Durham",36.0329550008979,-78.904037
2025-11-18,33,"Durham Armory","PM2.5","Durham",36.0329550008979,-78.904037
2025-11-19,49,"Durham Armory","PM2.5","Durham",36.0329550008979,-78.904037
2025-11-20,42,"Durham Armory","PM2.5","Durham",36.0329550008979,-78.904037
2025-11-21,65,"Durham Armory","PM2.5","Durham",36.0329550008979,-78.904037
2025-11-22,57,"Durham Armory","PM2.5","Durham",36.0329550008979,-78.904037
2025-11-23,26,"Durham Armory","PM2.5","Durham",36.0329550008979,-78.904037
2025-11-24,31,"Durham Armory","PM2.5","Durham",36.0329550008979,-78.904037
2025-11-25,41,"Durham Armory","PM2.5","Durham",36.0329550008979,-78.904037
2025-11-26,33,"Durham Armory","PM2.5","Durham",36.0329550008979,-78.904037
2025-11-27,10,"Durham Armory","PM2.5","Durham",36.0329550008979,-78.904037
2025-11-28,17,"Durham Armory","PM2.5","Durham",36.0329550008979,-78.904037
2025-11-29,25,"Durham Armory","PM2.5","Durham",36.0329550008979,-78.904037
2025-11-30,41,"Durham Armory","PM2.5","Durham",36.0329550008979,-78.904037
2025-12-01,24,"Durham Armory","PM2.5","Durham",36.0329550008979,-78.904037
2025-12-02,23,"Durham Armory","PM2.5","Durham",36.0329550008979,-78.904037
2025-12-03,27,"Durham Armory","PM2.5","Durham",36.0329550008979,-78.904037
2025-12-04,42,"Durham Armory","PM2.5","Durham",36.0329550008979,-78.904037
2025-12-05,28,"Durham Armory","PM2.5","Durham",36.0329550008979,-78.904037
2025-12-06,43,"Durham Armory","PM2.5","Durham",36.0329550008979,-78.904037
2025-12-07,53,"Durham Armory","PM2.5","Durham",36.0329550008979,-78.904037
2025-12-08,46,"Durham Armory","PM2.5","Durham",36.0329550008979,-78.904037
2025-12-09,27,"Durham Armory","PM2.5","Durham",36.0329550008979,-78.904037
2025-12-10,43,"Durham Armory","PM2.5","Durham",36.0329550008979,-78.904037
2025-12-11,10,"Durham Armory","PM2.5","Durham",36.0329550008979,-78.904037
2025-12-12,36,"Durham Armory","PM2.5","Durham",36.0329550008979,-78.904037
2025-12-13,57,"Durham Armory","PM2.5","Durham",36.0329550008979,-78.904037
2025-12-14,33,"Durham Armory","PM2.5","Durham",36.0329550008979,-78.904037
2025-12-15,19,"Durham Armory","PM2.5","Durham",36.0329550008979,-78.904037
2025-12-16,43,"Durham Armory","PM2.5","Durham",36.0329550008979,-78.904037
2025-12-17,56,"Durham Armory","PM2.5","Durham",36.0329550008979,-78.904037
2025-12-18,57,"Durham Armory","PM2.5","Durham",36.0329550008979,-78.904037
2025-12-19,6,"Durham Armory","PM2.5","Durham",36.0329550008979,-78.904037
2025-12-20,28,"Durham Armory","PM2.5","Durham",36.0329550008979,-78.904037
2025-12-21,25,"Durham Armory","PM2.5","Durham",36.0329550008979,-78.904037
2025-12-22,22,"Durham Armory","PM2.5","Durham",36.0329550008979,-78.904037
2025-12-23,43,"Durham Armory","PM2.5","Durham",36.0329550008979,-78.904037
2025-12-24,55,"Durham Armory","PM2.5","Durham",36.0329550008979,-78.904037
2025-12-25,59,"Durham Armory","PM2.5","Durham",36.0329550008979,-78.904037
2025-12-26,26,"Durham Armory","PM2.5","Durham",36.0329550008979,-78.904037
2025-12-27,39,"Durham Armory","PM2.5","Durham",36.0329550008979,-78.904037
2025-12-28,21,"Durham Armory","PM2.5","Durham",36.0329550008979,-78.904037
2025-12-29,22,"Durham Armory","PM2.5","Durham",36.0329550008979,-78.904037
2025-12-30,13,"Durham Armory","PM2.5","Durham",36.0329550008979,-78.904037
2025-12-31,28,"Durham Armory","PM2.5","Durham",36.0329550008979,-78.904037
2025-04-01,16,"Durham Armory","PM2.5","Durham",36.0329550008979,-78.904037
2025-04-02,36,"Durham Armory","PM2.5","Durham",36.0329550008979,-78.904037
2025-04-03,52,"Durham Armory","PM2.5","Durham",36.0329550008979,-78.904037
2025-04-04,55,"Durham Armory","PM2.5","Durham",36.0329550008979,-78.904037
2025-04-05,55,"Durham Armory","PM2.5","Durham",36.0329550008979,-78.904037
2025-04-06,36,"Durham Armory","PM2.5","Durham",36.0329550008979,-78.904037
2025-04-07,37,"Durham Armory","PM2.5","Durham",36.0329550008979,-78.904037
2025-04-08,24,"Durham Armory","PM2.5","Durham",36.0329550008979,-78.904037
2025-04-09,24,"Durham Armory","PM2.5","Durham",36.0329550008979,-78.904037
2025-04-10,37,"Durham Armory","PM2.5","Durham",36.0329550008979,-78.904037
2025-04-11,30,"Durham Armory","PM2.5","Durham",36.0329550008979,-78.904037
2025-04-12,21,"Durham Armory","PM2.5","Durham",36.0329550008979,-78.904037
2025-04-13,23,"Durham Armory","PM2.5","Durham",36.0329550008979,-78.904037
2025-04-14,53,"Durham Armory","PM2.5","Durham",36.0329550008979,-78.904037
2025-04-15,43,"Durham Armory","PM2.5","Durham",36.0329550008979,-78.904037
2025-04-16,26,"Durham Armory","PM2.5","Durham",36.0329550008979,-78.904037
2025-04-17,34,"Durham Armory","PM2.5","Durham",36.0329550008979,-78.904037
2025-04-18,55,"Durham Armory","PM2.5","Durham",36.0329550008979,-78.904037
2025-04-19,53,"Durham Armory","PM2.5","Durham",36.0329550008979,-78.904037
2025-04-20,57,"Durham Armory","PM2.5","Durham",36.0329550008979,-78.904037
2025-04-21,58,"Durham Armory","PM2.5","Durham",36.0329550008979,-78.904037
2025-04-22,55,"Durham Armory","PM2.5","Durham",36.0329550008979,-78.904037
2025-04-23,49,"Durham Armory","PM2.5","Durham",36.0329550008979,-78.904037
2025-04-24,58,"Durham Armory","PM2.5","Durham",36.0329550008979,-78.904037
2025-04-25,55,"Durham Armory","PM2.5","Durham",36.0329550008979,-78.904037
2025-04-26,43,"Durham Armory","PM2.5","Durham",36.0329550008979,-78.904037
2025-04-27,26,"Durham Armory","PM2.5","Durham",36.0329550008979,-78.904037
2025-04-28,27,"Durham Armory","PM2.5","Durham",36.0329550008979,-78.904037
2025-04-29,54,"Durham Armory","PM2.5","Durham",36.0329550008979,-78.904037
2025-04-30,55,"Durham Armory","PM2.5","Durham",36.0329550008979,-78.904037
2025-05-01,57,"Durham Armory","PM2.5","Durham",36.0329550008979,-78.904037
2025-05-02,50,"Durham Armory","PM2.5","Durham",36.0329550008979,-78.904037
2025-05-03,39,"Durham Armory","PM2.5","Durham",36.0329550008979,-78.904037
2025-05-04,26,"Durham Armory","PM2.5","Durham",36.0329550008979,-78.904037
2025-05-05,41,"Durham Armory","PM2.5","Durham",36.0329550008979,-78.904037
2025-05-06,33,"Durham Armory","PM2.5","Durham",36.0329550008979,-78.904037
2025-05-07,39,"Durham Armory","PM2.5","Durham",36.0329550008979,-78.904037
2025-05-08,50,"Durham Armory","PM2.5","Durham",36.0329550008979,-78.904037
2025-05-09,32,"Durham Armory","PM2.5","Durham",36.0329550008979,-78.904037
2025-05-10,27,"Durham Armory","PM2.5","Durham",36.0329550008979,-78.904037
2025-05-11,48,"Durham Armory","PM2.5","Durham",36.0329550008979,-78.904037
2025-05-12,31,"Durham Armory","PM2.5","Durham",36.0329550008979,-78.904037
2025-05-13,21,"Durham Armory","PM2.5","Durham",36.0329550008979,-78.904037
2025-05-14,36,"Durham Armory","PM2.5","Durham",36.0329550008979,-78.904037
2025-05-15,52,"Durham Armory","PM2.5","Durham",36.0329550008979,-78.904037
2025-05-16,57,"Durham Armory","PM2.5","Durham",36.0329550008979,-78.904037
2025-05-17,33,"Durham Armory","PM2.5","Durham",36.0329550008979,-78.904037
2025-05-18,26,"Durham Armory","PM2.5","Durham",36.0329550008979,-78.904037
2025-05-19,24,"Durham Armory","PM2.5","Durham",36.0329550008979,-78.904037
2025-05-20,36,"Durham Armory","PM2.5","Durham",36.0329550008979,-78.904037
2025-05-21,38,"Durham Armory","PM2.5","Durham",36.0329550008979,-78.904037
2025-05-22,25,"Durham Armory","PM2.5","Durham",36.0329550008979,-78.904037
2025-05-23,16,"Durham Armory","PM2.5","Durham",36.0329550008979,-78.904037
2025-05-24,25,"Durham Armory","PM2.5","Durham",36.0329550008979,-78.904037
2025-05-25,30,"Durham Armory","PM2.5","Durham",36.0329550008979,-78.904037
2025-05-26,37,"Durham Armory","PM2.5","Durham",36.0329550008979,-78.904037
2025-05-27,19,"Durham Armory","PM2.5","Durham",36.0329550008979,-78.904037
2025-05-28,16,"Durham Armory","PM2.5","Durham",36.0329550008979,-78.904037
2025-05-29,33,"Durham Armory","PM2.5","Durham",36.0329550008979,-78.904037
2025-05-30,26,"Durham Armory","PM2.5","Durham",36.0329550008979,-78.904037
2025-05-31,53,"Durham Armory","PM2.5","Durham",36.0329550008979,-78.904037
2025-06-01,55,"Durham Armory","PM2.5","Durham",36.0329550008979,-78.904037
2025-06-02,36,"Durham Armory","PM2.5","Durham",36.0329550008979,-78.904037
2025-06-03,41,"Durham Armory","PM2.5","Durham",36.0329550008979,-78.904037
2025-06-04,55,"Durham Armory","PM2.5","Durham",36.0329550008979,-78.904037
2025-06-05,37,"Durham Armory","PM2.5","Durham",36.0329550008979,-78.904037
2025-06-06,52,"Durham Armory","PM2.5","Durham",36.0329550008979,-78.904037
2025-06-07,33,"Durham Armory","PM2.5","Durham",36.0329550008979,-78.904037
2025-06-08,34,"Durham Armory","PM2.5","Durham",36.0329550008979,-78.904037
2025-06-09,33,"Durham Armory","PM2.5","Durham",36.0329550008979,-78.904037
2025-06-10,31,"Durham Armory","PM2.5","Durham",36.0329550008979,-78.904037
2025-06-11,49,"Durham Armory","PM2.5","Durham",36.0329550008979,-78.904037
2025-06-12,43,"Durham Armory","PM2.5","Durham",36.0329550008979,-78.904037
2025-06-13,29,"Durham Armory","PM2.5","Durham",36.0329550008979,-78.904037
2025-06-14,23,"Durham Armory","PM2.5","Durham",36.0329550008979,-78.904037
2025-06-15,31,"Durham Armory","PM2.5","Durham",36.0329550008979,-78.904037
2025-06-16,25,"Durham Armory","PM2.5","Durham",36.0329550008979,-78.904037
2025-06-17,29,"Durham Armory","PM2.5","Durham",36.0329550008979,-78.904037
2025-06-18,28,"Durham Armory","PM2.5","Durham",36.0329550008979,-78.904037
2025-06-19,29,"Durham Armory","PM2.5","Durham",36.0329550008979,-78.904037
2025-06-20,32,"Durham Armory","PM2.5","Durham",36.0329550008979,-78.904037
2025-06-21,45,"Durham Armory","PM2.5","Durham",36.0329550008979,-78.904037
2025-06-22,51,"Durham Armory","PM2.5","Durham",36.0329550008979,-78.904037
2025-06-23,54,"Durham Armory","PM2.5","Durham",36.0329550008979,-78.904037
2025-06-24,58,"Durham Armory","PM2.5","Durham",36.0329550008979,-78.904037
2025-06-27,50,"Durham Armory","PM2.5","Durham",36.0329550008979,-78.904037
2025-06-28,46,"Durham Armory","PM2.5","Durham",36.0329550008979,-78.904037
2025-06-29,49,"Durham Armory","PM2.5","Durham",36.0329550008979,-78.904037
2025-06-30,54,"Durham Armory","PM2.5","Durham",36.0329550008979,-78.904037
2025-07-01,41,"Durham Armory","PM2.5","Durham",36.0329550008979,-78.904037
2025-07-02,26,"Durham Armory","PM2.5","Durham",36.0329550008979,-78.904037
2025-07-03,33,"Durham Armory","PM2.5","Durham",36.0329550008979,-78.904037
2025-07-04,61,"Durham Armory","PM2.5","Durham",36.0329550008979,-78.904037
2025-07-05,63,"Durham Armory","PM2.5","Durham",36.0329550008979,-78.904037
2025-07-06,24,"Durham Armory","PM2.5","Durham",36.0329550008979,-78.904037
2025-07-07,39,"Durham Armory","PM2.5","Durham",36.0329550008979,-78.904037
2025-07-08,53,"Durham Armory","PM2.5","Durham",36.0329550008979,-78.904037
2025-07-09,41,"Durham Armory","PM2.5","Durham",36.0329550008979,-78.904037
2025-07-10,26,"Durham Armory","PM2.5","Durham",36.0329550008979,-78.904037
2025-07-11,33,"Durham Armory","PM2.5","Durham",36.0329550008979,-78.904037
2025-07-12,39,"Durham Armory","PM2.5","Durham",36.0329550008979,-78.904037
2025-07-13,36,"Durham Armory","PM2.5","Durham",36.0329550008979,-78.904037
2025-07-14,32,"Durham Armory","PM2.5","Durham",36.0329550008979,-78.904037
2025-07-15,23,"Durham Armory","PM2.5","Durham",36.0329550008979,-78.904037
2025-07-16,30,"Durham Armory","PM2.5","Durham",36.0329550008979,-78.904037
2025-07-17,34,"Durham Armory","PM2.5","Durham",36.0329550008979,-78.904037
2025-07-18,28,"Durham Armory","PM2.5","Durham",36.0329550008979,-78.904037
2025-07-19,24,"Durham Armory","PM2.5","Durham",36.0329550008979,-78.904037
2025-07-20,32,"Durham Armory","PM2.5","Durham",36.0329550008979,-78.904037
2025-07-21,33,"Durham Armory","PM2.5","Durham",36.0329550008979,-78.904037
2025-07-22,44,"Durham Armory","PM2.5","Durham",36.0329550008979,-78.904037
2025-07-23,57,"Durham Armory","PM2.5","Durham",36.0329550008979,-78.904037
2025-07-24,47,"Durham Armory","PM2.5","Durham",36.0329550008979,-78.904037
2025-07-25,51,"Durham Armory","PM2.5","Durham",36.0329550008979,-78.904037
2025-07-26,47,"Durham Armory","PM2.5","Durham",36.0329550008979,-78.904037
2025-07-27,35,"Durham Armory","PM2.5","Durham",36.0329550008979,-78.904037
2025-07-28,29,"Durham Armory","PM2.5","Durham",36.0329550008979,-78.904037
2025-07-29,41,"Durham Armory","PM2.5","Durham",36.0329550008979,-78.904037
2025-07-30,31,"Durham Armory","PM2.5","Durham",36.0329550008979,-78.904037
2025-07-31,32,"Durham Armory","PM2.5","Durham",36.0329550008979,-78.904037
2025-08-01,31,"Durham Armory","PM2.5","Durham",36.0329550008979,-78.904037
2025-08-02,32,"Durham Armory","PM2.5","Durham",36.0329550008979,-78.904037
2025-08-03,38,"Durham Armory","PM2.5","Durham",36.0329550008979,-78.904037
2025-08-04,41,"Durham Armory","PM2.5","Durham",36.0329550008979,-78.904037
2025-08-05,36,"Durham Armory","PM2.5","Durham",36.0329550008979,-78.904037
2025-08-06,20,"Durham Armory","PM2.5","Durham",36.0329550008979,-78.904037
2025-08-07,67,"Durham Armory","PM2.5","Durham",36.0329550008979,-78.904037
2025-08-08,74,"Durham Armory","PM2.5","Durham",36.0329550008979,-78.904037
2025-08-09,47,"Durham Armory","PM2.5","Durham",36.0329550008979,-78.904037
2025-08-10,38,"Durham Armory","PM2.5","Durham",36.0329550008979,-78.904037
2025-08-11,19,"Durham Armory","PM2.5","Durham",36.0329550008979,-78.904037
2025-08-12,18,"Durham Armory","PM2.5","Durham",36.0329550008979,-78.904037
2025-08-13,22,"Durham Armory","PM2.5","Durham",36.0329550008979,-78.904037
2025-08-14,23,"Durham Armory","PM2.5","Durham",36.0329550008979,-78.904037
2025-08-15,34,"Durham Armory","PM2.5","Durham",36.0329550008979,-78.904037
2025-08-16,36,"Durham Armory","PM2.5","Durham",36.0329550008979,-78.904037
2025-08-17,42,"Durham Armory","PM2.5","Durham",36.0329550008979,-78.904037
2025-08-18,42,"Durham Armory","PM2.5","Durham",36.0329550008979,-78.904037
2025-08-19,21,"Durham Armory","PM2.5","Durham",36.0329550008979,-78.904037
2025-08-20,22,"Durham Armory","PM2.5","Durham",36.0329550008979,-78.904037
2025-08-21,24,"Durham Armory","PM2.5","Durham",36.0329550008979,-78.904037
2025-08-22,21,"Durham Armory","PM2.5","Durham",36.0329550008979,-78.904037
2025-08-23,32,"Durham Armory","PM2.5","Durham",36.0329550008979,-78.904037
2025-08-24,30,"Durham Armory","PM2.5","Durham",36.0329550008979,-78.904037
2025-08-25,37,"Durham Armory","PM2.5","Durham",36.0329550008979,-78.904037
2025-08-26,28,"Durham Armory","PM2.5","Durham",36.0329550008979,-78.904037
2025-08-27,26,"Durham Armory","PM2.5","Durham",36.0329550008979,-78.904037
2025-08-28,37,"Durham Armory","PM2.5","Durham",36.0329550008979,-78.904037
2025-08-29,39,"Durham Armory","PM2.5","Durham",36.0329550008979,-78.904037
2025-08-30,36,"Durham Armory","PM2.5","Durham",36.0329550008979,-78.904037
2025-08-31,29,"Durham Armory","PM2.5","Durham",36.0329550008979,-78.904037
2025-09-01,24,"Durham Armory","PM2.5","Durham",36.0329550008979,-78.904037
2025-09-02,32,"Durham Armory","PM2.5","Durham",36.0329550008979,-78.904037
2025-09-03,37,"Durham Armory","PM2.5","Durham",36.0329550008979,-78.904037
2025-09-04,51,"Durham Armory","PM2.5","Durham",36.0329550008979,-78.904037
2025-09-05,54,"Durham Armory","PM2.5","Durham",36.0329550008979,-78.904037
2025-09-06,55,"Durham Armory","PM2.5","Durham",36.0329550008979,-78.904037
2025-09-07,42,"Durham Armory","PM2.5","Durham",36.0329550008979,-78.904037
2025-09-08,28,"Durham Armory","PM2.5","Durham",36.0329550008979,-78.904037
2025-09-09,28,"Durham Armory","PM2.5","Durham",36.0329550008979,-78.904037
2025-09-10,24,"Durham Armory","PM2.5","Durham",36.0329550008979,-78.904037
2025-09-11,26,"Durham Armory","PM2.5","Durham",36.0329550008979,-78.904037
2025-09-12,50,"Durham Armory","PM2.5","Durham",36.0329550008979,-78.904037
2025-09-13,42,"Durham Armory","PM2.5","Durham",36.0329550008979,-78.904037
2025-09-14,51,"Durham Armory","PM2.5","Durham",36.0329550008979,-78.904037
2025-09-15,52,"Durham Armory","PM2.5","Durham",36.0329550008979,-78.904037
2025-09-16,40,"Durham Armory","PM2.5","Durham",36.0329550008979,-78.904037
2025-09-17,29,"Durham Armory","PM2.5","Durham",36.0329550008979,-78.904037
2025-09-18,26,"Durham Armory","PM2.5","Durham",36.0329550008979,-78.904037
2025-09-19,51,"Durham Armory","PM2.5","Durham",36.0329550008979,-78.904037
2025-09-20,57,"Durham Armory","PM2.5","Durham",36.0329550008979,-78.904037
2025-09-21,56,"Durham Armory","PM2.5","Durham",36.0329550008979,-78.904037
2025-09-22,50,"Durham Armory","PM2.5","Durham",36.0329550008979,-78.904037
2025-09-23,55,"Durham Armory","PM2.5","Durham",36.0329550008979,-78.904037
2025-09-24,57,"Durham Armory","PM2.5","Durham",36.0329550008979,-78.904037
2025-09-25,42,"Durham Armory","PM2.5","Durham",36.0329550008979,-78.904037
2025-09-26,28,"Durham Armory","PM2.5","Durham",36.0329550008979,-78.904037
2025-09-27,23,"Durham Armory","PM2.5","Durham",36.0329550008979,-78.904037
2025-09-28,29,"Durham Armory","PM2.5","Durham",36.0329550008979,-78.904037
2025-09-29,36,"Durham Armory","PM2.5","Durham",36.0329550008979,-78.904037
2025-09-30,53,"Durham Armory","PM2.5","Durham",36.0329550008979,-78.904037
2025-10-01,50,"Durham Armory","PM2.5","Durham",36.0329550008979,-78.904037
2025-10-02,31,"Durham Armory","PM2.5","Durham",36.0329550008979,-78.904037
2025-10-03,32,"Durham Armory","PM2.5","Durham",36.0329550008979,-78.904037
2025-10-04,36,"Durham Armory","PM2.5","Durham",36.0329550008979,-78.904037
2025-10-05,35,"Durham Armory","PM2.5","Durham",36.0329550008979,-78.904037
2025-10-06,29,"Durham Armory","PM2.5","Durham",36.0329550008979,-78.904037
2025-10-07,27,"Durham Armory","PM2.5","Durham",36.0329550008979,-78.904037
2025-10-08,23,"Durham Armory","PM2.5","Durham",36.0329550008979,-78.904037
2025-10-09,21,"Durham Armory","PM2.5","Durham",36.0329550008979,-78.904037
2025-10-10,24,"Durham Armory","PM2.5","Durham",36.0329550008979,-78.904037
2025-10-11,27,"Durham Armory","PM2.5","Durham",36.0329550008979,-78.904037
2025-10-12,11,"Durham Armory","PM2.5","Durham",36.0329550008979,-78.904037
2025-10-13,12,"Durham Armory","PM2.5","Durham",36.0329550008979,-78.904037
2025-10-14,14,"Durham Armory","PM2.5","Durham",36.0329550008979,-78.904037
2025-10-15,23,"Durham Armory","PM2.5","Durham",36.0329550008979,-78.904037
2025-10-16,26,"Durham Armory","PM2.5","Durham",36.0329550008979,-78.904037
2025-10-17,22,"Durham Armory","PM2.5","Durham",36.0329550008979,-78.904037
2025-10-18,51,"Durham Armory","PM2.5","Durham",36.0329550008979,-78.904037
2025-10-19,35,"Durham Armory","PM2.5","Durham",36.0329550008979,-78.904037
2025-10-20,19,"Durham Armory","PM2.5","Durham",36.0329550008979,-78.904037
2025-10-21,47,"Durham Armory","PM2.5","Durham",36.0329550008979,-78.904037
2025-10-22,29,"Durham Armory","PM2.5","Durham",36.0329550008979,-78.904037
2025-10-23,21,"Durham Armory","PM2.5","Durham",36.0329550008979,-78.904037
2025-10-24,26,"Durham Armory","PM2.5","Durham",36.0329550008979,-78.904037
2025-10-25,26,"Durham Armory","PM2.5","Durham",36.0329550008979,-78.904037
2025-10-26,29,"Durham Armory","PM2.5","Durham",36.0329550008979,-78.904037
2025-10-27,27,"Durham Armory","PM2.5","Durham",36.0329550008979,-78.904037
2025-10-28,19,"Durham Armory","PM2.5","Durham",36.0329550008979,-78.904037
2025-10-29,24,"Durham Armory","PM2.5","Durham",36.0329550008979,-78.904037
2025-10-30,18,"Durham Armory","PM2.5","Durham",36.0329550008979,-78.904037
2025-10-31,22,"Durham Armory","PM2.5","Durham",36.0329550008979,-78.904037
2025-11-01,46,"Durham Armory","PM2.5","Durham",36.0329550008979,-78.904037
2025-11-02,56,"Durham Armory","PM2.5","Durham",36.0329550008979,-78.904037
2025-11-03,42,"Durham Armory","PM2.5","Durham",36.0329550008979,-78.904037
2025-11-04,29,"Durham Armory","PM2.5","Durham",36.0329550008979,-78.904037
2025-11-05,53,"Durham Armory","PM2.5","Durham",36.0329550008979,-78.904037
2025-11-06,56,"Durham Armory","PM2.5","Durham",36.0329550008979,-78.904037
2025-11-07,55,"Durham Armory","PM2.5","Durham",36.0329550008979,-78.904037
2025-11-08,66,"Durham Armory","PM2.5","Durham",36.0329550008979,-78.904037
2025-11-09,62,"Durham Armory","PM2.5","Durham",36.0329550008979,-78.904037
2025-11-10,9,"Durham Armory","PM2.5","Durham",36.0329550008979,-78.904037
2025-11-11,15,"Durham Armory","PM2.5","Durham",36.0329550008979,-78.904037
2025-11-12,41,"Durham Armory","PM2.5","Durham",36.0329550008979,-78.904037
2025-11-13,44,"Durham Armory","PM2.5","Durham",36.0329550008979,-78.904037
2025-11-14,26,"Durham Armory","PM2.5","Durham",36.0329550008979,-78.904037
2025-11-15,55,"Durham Armory","PM2.5","Durham",36.0329550008979,-78.904037
2025-11-16,50,"Durham Armory","PM2.5","Durham",36.0329550008979,-78.904037
2025-11-17,21,"Durham Armory","PM2.5","Durham",36.0329550008979,-78.904037
2025-11-18,33,"Durham Armory","PM2.5","Durham",36.0329550008979,-78.904037
2025-11-19,54,"Durham Armory","PM2.5","Durham",36.0329550008979,-78.904037
2025-11-20,55,"Durham Armory","PM2.5","Durham",36.0329550008979,-78.904037
2025-11-21,77,"Durham Armory","PM2.5","Durham",36.0329550008979,-78.904037
2025-11-22,67,"Durham Armory","PM2.5","Durham",36.0329550008979,-78.904037
2025-11-23,43,"Durham Armory","PM2.5","Durham",36.0329550008979,-78.904037
2025-11-24,43,"Durham Armory","PM2.5","Durham",36.0329550008979,-78.904037
2025-11-25,51,"Durham Armory","PM2.5","Durham",36.0329550008979,-78.904037
2025-11-26,44,"Durham Armory","PM2.5","Durham",36.0329550008979,-78.904037
2025-11-27,18,"Durham Armory","PM2.5","Durham",36.0329550008979,-78.904037
2025-11-28,21,"Durham Armory","PM2.5","Durham",36.0329550008979,-78.904037
2025-11-29,31,"Durham Armory","PM2.5","Durham",36.0329550008979,-78.904037
2025-11-30,49,"Durham Armory","PM2.5","Durham",36.0329550008979,-78.904037
2025-12-01,34,"Durham Armory","PM2.5","Durham",36.0329550008979,-78.904037
2025-12-02,31,"Durham Armory","PM2.5","Durham",36.0329550008979,-78.904037
2025-12-03,41,"Durham Armory","PM2.5","Durham",36.0329550008979,-78.904037
2025-12-04,52,"Durham Armory","PM2.5","Durham",36.0329550008979,-78.904037
2025-12-05,40,"Durham Armory","PM2.5","Durham",36.0329550008979,-78.904037
2025-12-06,54,"Durham Armory","PM2.5","Durham",36.0329550008979,-78.904037
2025-12-07,63,"Durham Armory","PM2.5","Durham",36.0329550008979,-78.904037
2025-12-08,56,"Durham Armory","PM2.5","Durham",36.0329550008979,-78.904037
2025-12-09,39,"Durham Armory","PM2.5","Durham",36.0329550008979,-78.904037
2025-12-10,54,"Durham Armory","PM2.5","Durham",36.0329550008979,-78.904037
2025-12-11,17,"Durham Armory","PM2.5","Durham",36.0329550008979,-78.904037
2025-12-12,42,"Durham Armory","PM2.5","Durham",36.0329550008979,-78.904037
2025-12-13,62,"Durham Armory","PM2.5","Durham",36.0329550008979,-78.904037
2025-12-14,48,"Durham Armory","PM2.5","Durham",36.0329550008979,-78.904037
2025-12-15,21,"Durham Armory","PM2.5","Durham",36.0329550008979,-78.904037
2025-12-16,46,"Durham Armory","PM2.5","Durham",36.0329550008979,-78.904037
2025-12-17,62,"Durham Armory","PM2.5","Durham",36.0329550008979,-78.904037
2025-12-18,64,"Durham Armory","PM2.5","Durham",36.0329550008979,-78.904037
2025-12-19,16,"Durham Armory","PM2.5","Durham",36.0329550008979,-78.904037
2025-12-20,34,"Durham Armory","PM2.5","Durham",36.0329550008979,-78.904037
2025-12-21,33,"Durham Armory","PM2.5","Durham",36.0329550008979,-78.904037
2025-12-22,23,"Durham Armory","PM2.5","Durham",36.0329550008979,-78.904037
2025-12-23,47,"Durham Armory","PM2.5","Durham",36.0329550008979,-78.904037
2025-12-24,57,"Durham Armory","PM2.5","Durham",36.0329550008979,-78.904037
2025-12-25,64,"Durham Armory","PM2.5","Durham",36.0329550008979,-78.904037
2025-12-26,37,"Durham Armory","PM2.5","Durham",36.0329550008979,-78.904037
2025-12-27,52,"Durham Armory","PM2.5","Durham",36.0329550008979,-78.904037
2025-12-28,33,"Durham Armory","PM2.5","Durham",36.0329550008979,-78.904037
2025-12-29,33,"Durham Armory","PM2.5","Durham",36.0329550008979,-78.904037
2025-12-30,18,"Durham Armory","PM2.5","Durham",36.0329550008979,-78.904037
2025-12-31,33,"Durham Armory","PM2.5","Durham",36.0329550008979,-78.904037
2025-01-01,4,"Leggett","PM2.5","Edgecombe",35.988278,-77.5843
2025-01-02,16,"Leggett","PM2.5","Edgecombe",35.988278,-77.5843
2025-01-03,22,"Leggett","PM2.5","Edgecombe",35.988278,-77.5843
2025-01-04,13,"Leggett","PM2.5","Edgecombe",35.988278,-77.5843
2025-01-05,15,"Leggett","PM2.5","Edgecombe",35.988278,-77.5843
2025-01-06,33,"Leggett","PM2.5","Edgecombe",35.988278,-77.5843
2025-01-07,19,"Leggett","PM2.5","Edgecombe",35.988278,-77.5843
2025-01-08,23,"Leggett","PM2.5","Edgecombe",35.988278,-77.5843
2025-01-09,25,"Leggett","PM2.5","Edgecombe",35.988278,-77.5843
2025-01-10,33,"Leggett","PM2.5","Edgecombe",35.988278,-77.5843
2025-01-11,22,"Leggett","PM2.5","Edgecombe",35.988278,-77.5843
2025-01-12,23,"Leggett","PM2.5","Edgecombe",35.988278,-77.5843
2025-01-13,34,"Leggett","PM2.5","Edgecombe",35.988278,-77.5843
2025-01-14,28,"Leggett","PM2.5","Edgecombe",35.988278,-77.5843
2025-01-15,21,"Leggett","PM2.5","Edgecombe",35.988278,-77.5843
2025-01-16,45,"Leggett","PM2.5","Edgecombe",35.988278,-77.5843
2025-01-17,26,"Leggett","PM2.5","Edgecombe",35.988278,-77.5843
2025-01-18,41,"Leggett","PM2.5","Edgecombe",35.988278,-77.5843
2025-01-19,37,"Leggett","PM2.5","Edgecombe",35.988278,-77.5843
2025-01-20,15,"Leggett","PM2.5","Edgecombe",35.988278,-77.5843
2025-01-21,21,"Leggett","PM2.5","Edgecombe",35.988278,-77.5843
2025-01-22,25,"Leggett","PM2.5","Edgecombe",35.988278,-77.5843
2025-01-23,44,"Leggett","PM2.5","Edgecombe",35.988278,-77.5843
2025-01-24,36,"Leggett","PM2.5","Edgecombe",35.988278,-77.5843
2025-01-25,37,"Leggett","PM2.5","Edgecombe",35.988278,-77.5843
2025-01-26,43,"Leggett","PM2.5","Edgecombe",35.988278,-77.5843
2025-01-27,43,"Leggett","PM2.5","Edgecombe",35.988278,-77.5843
2025-01-28,31,"Leggett","PM2.5","Edgecombe",35.988278,-77.5843
2025-01-29,27,"Leggett","PM2.5","Edgecombe",35.988278,-77.5843
2025-01-30,22,"Leggett","PM2.5","Edgecombe",35.988278,-77.5843
2025-01-31,49,"Leggett","PM2.5","Edgecombe",35.988278,-77.5843
2025-02-01,13,"Leggett","PM2.5","Edgecombe",35.988278,-77.5843
2025-02-02,21,"Leggett","PM2.5","Edgecombe",35.988278,-77.5843
2025-02-03,31,"Leggett","PM2.5","Edgecombe",35.988278,-77.5843
2025-02-04,48,"Leggett","PM2.5","Edgecombe",35.988278,-77.5843
2025-02-05,26,"Leggett","PM2.5","Edgecombe",35.988278,-77.5843
2025-02-06,36,"Leggett","PM2.5","Edgecombe",35.988278,-77.5843
2025-02-07,36,"Leggett","PM2.5","Edgecombe",35.988278,-77.5843
2025-02-08,34,"Leggett","PM2.5","Edgecombe",35.988278,-77.5843
2025-02-09,36,"Leggett","PM2.5","Edgecombe",35.988278,-77.5843
2025-02-10,26,"Leggett","PM2.5","Edgecombe",35.988278,-77.5843
2025-02-11,31,"Leggett","PM2.5","Edgecombe",35.988278,-77.5843
2025-02-12,11,"Leggett","PM2.5","Edgecombe",35.988278,-77.5843
2025-02-13,14,"Leggett","PM2.5","Edgecombe",35.988278,-77.5843
2025-02-14,25,"Leggett","PM2.5","Edgecombe",35.988278,-77.5843
2025-02-15,24,"Leggett","PM2.5","Edgecombe",35.988278,-77.5843
2025-02-16,14,"Leggett","PM2.5","Edgecombe",35.988278,-77.5843
2025-02-17,17,"Leggett","PM2.5","Edgecombe",35.988278,-77.5843
2025-02-18,13,"Leggett","PM2.5","Edgecombe",35.988278,-77.5843
2025-02-19,23,"Leggett","PM2.5","Edgecombe",35.988278,-77.5843
2025-02-20,25,"Leggett","PM2.5","Edgecombe",35.988278,-77.5843
2025-02-21,22,"Leggett","PM2.5","Edgecombe",35.988278,-77.5843
2025-02-22,25,"Leggett","PM2.5","Edgecombe",35.988278,-77.5843
2025-02-23,32,"Leggett","PM2.5","Edgecombe",35.988278,-77.5843
2025-02-24,31,"Leggett","PM2.5","Edgecombe",35.988278,-77.5843
2025-02-25,51,"Leggett","PM2.5","Edgecombe",35.988278,-77.5843
2025-02-26,46,"Leggett","PM2.5","Edgecombe",35.988278,-77.5843
2025-02-27,62,"Leggett","PM2.5","Edgecombe",35.988278,-77.5843
2025-02-28,19,"Leggett","PM2.5","Edgecombe",35.988278,-77.5843
2025-03-01,36,"Leggett","PM2.5","Edgecombe",35.988278,-77.5843
2025-03-02,19,"Leggett","PM2.5","Edgecombe",35.988278,-77.5843
2025-03-03,24,"Leggett","PM2.5","Edgecombe",35.988278,-77.5843
2025-03-04,26,"Leggett","PM2.5","Edgecombe",35.988278,-77.5843
2025-03-05,32,"Leggett","PM2.5","Edgecombe",35.988278,-77.5843
2025-03-06,11,"Leggett","PM2.5","Edgecombe",35.988278,-77.5843
2025-03-07,30,"Leggett","PM2.5","Edgecombe",35.988278,-77.5843
2025-03-08,47,"Leggett","PM2.5","Edgecombe",35.988278,-77.5843
2025-03-09,32,"Leggett","PM2.5","Edgecombe",35.988278,-77.5843
2025-03-10,28,"Leggett","PM2.5","Edgecombe",35.988278,-77.5843
2025-03-11,22,"Leggett","PM2.5","Edgecombe",35.988278,-77.5843
2025-03-12,51,"Leggett","PM2.5","Edgecombe",35.988278,-77.5843
2025-03-13,60,"Leggett","PM2.5","Edgecombe",35.988278,-77.5843
2025-03-14,53,"Leggett","PM2.5","Edgecombe",35.988278,-77.5843
2025-03-15,58,"Leggett","PM2.5","Edgecombe",35.988278,-77.5843
2025-03-16,31,"Leggett","PM2.5","Edgecombe",35.988278,-77.5843
2025-03-17,28,"Leggett","PM2.5","Edgecombe",35.988278,-77.5843
2025-03-18,16,"Leggett","PM2.5","Edgecombe",35.988278,-77.5843
2025-03-19,32,"Leggett","PM2.5","Edgecombe",35.988278,-77.5843
2025-03-20,51,"Leggett","PM2.5","Edgecombe",35.988278,-77.5843
2025-03-21,11,"Leggett","PM2.5","Edgecombe",35.988278,-77.5843
2025-03-22,37,"Leggett","PM2.5","Edgecombe",35.988278,-77.5843
2025-03-23,30,"Leggett","PM2.5","Edgecombe",35.988278,-77.5843
2025-03-24,42,"Leggett","PM2.5","Edgecombe",35.988278,-77.5843
2025-03-25,15,"Leggett","PM2.5","Edgecombe",35.988278,-77.5843
2025-03-26,17,"Leggett","PM2.5","Edgecombe",35.988278,-77.5843
2025-03-27,21,"Leggett","PM2.5","Edgecombe",35.988278,-77.5843
2025-03-28,42,"Leggett","PM2.5","Edgecombe",35.988278,-77.5843
2025-03-29,37,"Leggett","PM2.5","Edgecombe",35.988278,-77.5843
2025-03-30,29,"Leggett","PM2.5","Edgecombe",35.988278,-77.5843
2025-03-31,29,"Leggett","PM2.5","Edgecombe",35.988278,-77.5843
2025-04-01,15,"Leggett","PM2.5","Edgecombe",35.988278,-77.5843
2025-04-02,27,"Leggett","PM2.5","Edgecombe",35.988278,-77.5843
2025-04-03,37,"Leggett","PM2.5","Edgecombe",35.988278,-77.5843
2025-04-04,48,"Leggett","PM2.5","Edgecombe",35.988278,-77.5843
2025-04-05,50,"Leggett","PM2.5","Edgecombe",35.988278,-77.5843
2025-04-06,39,"Leggett","PM2.5","Edgecombe",35.988278,-77.5843
2025-04-07,36,"Leggett","PM2.5","Edgecombe",35.988278,-77.5843
2025-04-08,23,"Leggett","PM2.5","Edgecombe",35.988278,-77.5843
2025-04-09,26,"Leggett","PM2.5","Edgecombe",35.988278,-77.5843
2025-04-10,34,"Leggett","PM2.5","Edgecombe",35.988278,-77.5843
2025-04-11,17,"Leggett","PM2.5","Edgecombe",35.988278,-77.5843
2025-04-12,14,"Leggett","PM2.5","Edgecombe",35.988278,-77.5843
2025-04-13,29,"Leggett","PM2.5","Edgecombe",35.988278,-77.5843
2025-04-14,52,"Leggett","PM2.5","Edgecombe",35.988278,-77.5843
2025-04-15,53,"Leggett","PM2.5","Edgecombe",35.988278,-77.5843
2025-04-16,28,"Leggett","PM2.5","Edgecombe",35.988278,-77.5843
2025-04-17,26,"Leggett","PM2.5","Edgecombe",35.988278,-77.5843
2025-04-18,41,"Leggett","PM2.5","Edgecombe",35.988278,-77.5843
2025-04-19,39,"Leggett","PM2.5","Edgecombe",35.988278,-77.5843
2025-04-20,51,"Leggett","PM2.5","Edgecombe",35.988278,-77.5843
2025-04-21,52,"Leggett","PM2.5","Edgecombe",35.988278,-77.5843
2025-04-22,54,"Leggett","PM2.5","Edgecombe",35.988278,-77.5843
2025-04-23,53,"Leggett","PM2.5","Edgecombe",35.988278,-77.5843
2025-04-24,48,"Leggett","PM2.5","Edgecombe",35.988278,-77.5843
2025-04-25,40,"Leggett","PM2.5","Edgecombe",35.988278,-77.5843
2025-04-26,35,"Leggett","PM2.5","Edgecombe",35.988278,-77.5843
2025-04-27,17,"Leggett","PM2.5","Edgecombe",35.988278,-77.5843
2025-04-28,17,"Leggett","PM2.5","Edgecombe",35.988278,-77.5843
2025-04-29,31,"Leggett","PM2.5","Edgecombe",35.988278,-77.5843
2025-04-30,53,"Leggett","PM2.5","Edgecombe",35.988278,-77.5843
2025-05-01,53,"Leggett","PM2.5","Edgecombe",35.988278,-77.5843
2025-05-02,42,"Leggett","PM2.5","Edgecombe",35.988278,-77.5843
2025-05-03,39,"Leggett","PM2.5","Edgecombe",35.988278,-77.5843
2025-05-04,26,"Leggett","PM2.5","Edgecombe",35.988278,-77.5843
2025-05-05,21,"Leggett","PM2.5","Edgecombe",35.988278,-77.5843
2025-05-06,28,"Leggett","PM2.5","Edgecombe",35.988278,-77.5843
2025-05-07,37,"Leggett","PM2.5","Edgecombe",35.988278,-77.5843
2025-05-08,52,"Leggett","PM2.5","Edgecombe",35.988278,-77.5843
2025-05-09,31,"Leggett","PM2.5","Edgecombe",35.988278,-77.5843
2025-05-10,27,"Leggett","PM2.5","Edgecombe",35.988278,-77.5843
2025-05-11,38,"Leggett","PM2.5","Edgecombe",35.988278,-77.5843
2025-05-12,22,"Leggett","PM2.5","Edgecombe",35.988278,-77.5843
2025-05-13,18,"Leggett","PM2.5","Edgecombe",35.988278,-77.5843
2025-05-14,33,"Leggett","PM2.5","Edgecombe",35.988278,-77.5843
2025-05-15,53,"Leggett","PM2.5","Edgecombe",35.988278,-77.5843
2025-05-16,59,"Leggett","PM2.5","Edgecombe",35.988278,-77.5843
2025-05-17,47,"Leggett","PM2.5","Edgecombe",35.988278,-77.5843
2025-05-18,29,"Leggett","PM2.5","Edgecombe",35.988278,-77.5843
2025-05-19,32,"Leggett","PM2.5","Edgecombe",35.988278,-77.5843
2025-05-20,34,"Leggett","PM2.5","Edgecombe",35.988278,-77.5843
2025-05-21,31,"Leggett","PM2.5","Edgecombe",35.988278,-77.5843
2025-05-22,21,"Leggett","PM2.5","Edgecombe",35.988278,-77.5843
2025-05-23,23,"Leggett","PM2.5","Edgecombe",35.988278,-77.5843
2025-05-24,28,"Leggett","PM2.5","Edgecombe",35.988278,-77.5843
2025-05-25,36,"Leggett","PM2.5","Edgecombe",35.988278,-77.5843
2025-05-26,30,"Leggett","PM2.5","Edgecombe",35.988278,-77.5843
2025-05-27,22,"Leggett","PM2.5","Edgecombe",35.988278,-77.5843
2025-05-28,19,"Leggett","PM2.5","Edgecombe",35.988278,-77.5843
2025-05-29,31,"Leggett","PM2.5","Edgecombe",35.988278,-77.5843
2025-05-30,28,"Leggett","PM2.5","Edgecombe",35.988278,-77.5843
2025-05-31,46,"Leggett","PM2.5","Edgecombe",35.988278,-77.5843
2025-06-01,44,"Leggett","PM2.5","Edgecombe",35.988278,-77.5843
2025-06-02,33,"Leggett","PM2.5","Edgecombe",35.988278,-77.5843
2025-06-03,37,"Leggett","PM2.5","Edgecombe",35.988278,-77.5843
2025-06-04,44,"Leggett","PM2.5","Edgecombe",35.988278,-77.5843
2025-06-05,39,"Leggett","PM2.5","Edgecombe",35.988278,-77.5843
2025-06-06,43,"Leggett","PM2.5","Edgecombe",35.988278,-77.5843
2025-06-07,48,"Leggett","PM2.5","Edgecombe",35.988278,-77.5843
2025-06-08,49,"Leggett","PM2.5","Edgecombe",35.988278,-77.5843
2025-06-09,46,"Leggett","PM2.5","Edgecombe",35.988278,-77.5843
2025-06-10,30,"Leggett","PM2.5","Edgecombe",35.988278,-77.5843
2025-06-11,42,"Leggett","PM2.5","Edgecombe",35.988278,-77.5843
2025-06-12,51,"Leggett","PM2.5","Edgecombe",35.988278,-77.5843
2025-06-13,35,"Leggett","PM2.5","Edgecombe",35.988278,-77.5843
2025-06-14,38,"Leggett","PM2.5","Edgecombe",35.988278,-77.5843
2025-06-15,39,"Leggett","PM2.5","Edgecombe",35.988278,-77.5843
2025-06-16,33,"Leggett","PM2.5","Edgecombe",35.988278,-77.5843
2025-06-17,47,"Leggett","PM2.5","Edgecombe",35.988278,-77.5843
2025-06-18,41,"Leggett","PM2.5","Edgecombe",35.988278,-77.5843
2025-06-19,48,"Leggett","PM2.5","Edgecombe",35.988278,-77.5843
2025-06-20,26,"Leggett","PM2.5","Edgecombe",35.988278,-77.5843
2025-06-21,46,"Leggett","PM2.5","Edgecombe",35.988278,-77.5843
2025-06-22,55,"Leggett","PM2.5","Edgecombe",35.988278,-77.5843
2025-06-23,58,"Leggett","PM2.5","Edgecombe",35.988278,-77.5843
2025-06-24,67,"Leggett","PM2.5","Edgecombe",35.988278,-77.5843
2025-06-25,58,"Leggett","PM2.5","Edgecombe",35.988278,-77.5843
2025-06-26,61,"Leggett","PM2.5","Edgecombe",35.988278,-77.5843
2025-06-27,65,"Leggett","PM2.5","Edgecombe",35.988278,-77.5843
2025-06-28,56,"Leggett","PM2.5","Edgecombe",35.988278,-77.5843
2025-06-29,57,"Leggett","PM2.5","Edgecombe",35.988278,-77.5843
2025-06-30,55,"Leggett","PM2.5","Edgecombe",35.988278,-77.5843
2025-07-01,45,"Leggett","PM2.5","Edgecombe",35.988278,-77.5843
2025-07-02,47,"Leggett","PM2.5","Edgecombe",35.988278,-77.5843
2025-07-03,36,"Leggett","PM2.5","Edgecombe",35.988278,-77.5843
2025-07-04,54,"Leggett","PM2.5","Edgecombe",35.988278,-77.5843
2025-07-05,53,"Leggett","PM2.5","Edgecombe",35.988278,-77.5843
2025-07-06,31,"Leggett","PM2.5","Edgecombe",35.988278,-77.5843
2025-07-07,39,"Leggett","PM2.5","Edgecombe",35.988278,-77.5843
2025-07-08,55,"Leggett","PM2.5","Edgecombe",35.988278,-77.5843
2025-07-09,38,"Leggett","PM2.5","Edgecombe",35.988278,-77.5843
2025-07-10,38,"Leggett","PM2.5","Edgecombe",35.988278,-77.5843
2025-07-11,48,"Leggett","PM2.5","Edgecombe",35.988278,-77.5843
2025-07-12,54,"Leggett","PM2.5","Edgecombe",35.988278,-77.5843
2025-07-13,49,"Leggett","PM2.5","Edgecombe",35.988278,-77.5843
2025-07-14,41,"Leggett","PM2.5","Edgecombe",35.988278,-77.5843
2025-07-15,31,"Leggett","PM2.5","Edgecombe",35.988278,-77.5843
2025-07-16,46,"Leggett","PM2.5","Edgecombe",35.988278,-77.5843
2025-07-17,44,"Leggett","PM2.5","Edgecombe",35.988278,-77.5843
2025-07-18,47,"Leggett","PM2.5","Edgecombe",35.988278,-77.5843
2025-07-19,42,"Leggett","PM2.5","Edgecombe",35.988278,-77.5843
2025-07-20,40,"Leggett","PM2.5","Edgecombe",35.988278,-77.5843
2025-07-21,53,"Leggett","PM2.5","Edgecombe",35.988278,-77.5843
2025-07-22,42,"Leggett","PM2.5","Edgecombe",35.988278,-77.5843
2025-07-23,44,"Leggett","PM2.5","Edgecombe",35.988278,-77.5843
2025-07-24,40,"Leggett","PM2.5","Edgecombe",35.988278,-77.5843
2025-07-25,52,"Leggett","PM2.5","Edgecombe",35.988278,-77.5843
2025-07-26,58,"Leggett","PM2.5","Edgecombe",35.988278,-77.5843
2025-07-27,54,"Leggett","PM2.5","Edgecombe",35.988278,-77.5843
2025-07-28,47,"Leggett","PM2.5","Edgecombe",35.988278,-77.5843
2025-07-29,52,"Leggett","PM2.5","Edgecombe",35.988278,-77.5843
2025-07-30,46,"Leggett","PM2.5","Edgecombe",35.988278,-77.5843
2025-07-31,51,"Leggett","PM2.5","Edgecombe",35.988278,-77.5843
2025-08-01,39,"Leggett","PM2.5","Edgecombe",35.988278,-77.5843
2025-08-02,28,"Leggett","PM2.5","Edgecombe",35.988278,-77.5843
2025-08-03,33,"Leggett","PM2.5","Edgecombe",35.988278,-77.5843
2025-08-04,31,"Leggett","PM2.5","Edgecombe",35.988278,-77.5843
2025-08-05,32,"Leggett","PM2.5","Edgecombe",35.988278,-77.5843
2025-08-06,35,"Leggett","PM2.5","Edgecombe",35.988278,-77.5843
2025-08-07,68,"Leggett","PM2.5","Edgecombe",35.988278,-77.5843
2025-08-08,63,"Leggett","PM2.5","Edgecombe",35.988278,-77.5843
2025-08-09,33,"Leggett","PM2.5","Edgecombe",35.988278,-77.5843
2025-08-10,31,"Leggett","PM2.5","Edgecombe",35.988278,-77.5843
2025-08-11,22,"Leggett","PM2.5","Edgecombe",35.988278,-77.5843
2025-08-12,16,"Leggett","PM2.5","Edgecombe",35.988278,-77.5843
2025-08-13,28,"Leggett","PM2.5","Edgecombe",35.988278,-77.5843
2025-08-14,42,"Leggett","PM2.5","Edgecombe",35.988278,-77.5843
2025-08-15,29,"Leggett","PM2.5","Edgecombe",35.988278,-77.5843
2025-08-16,42,"Leggett","PM2.5","Edgecombe",35.988278,-77.5843
2025-08-17,46,"Leggett","PM2.5","Edgecombe",35.988278,-77.5843
2025-08-18,52,"Leggett","PM2.5","Edgecombe",35.988278,-77.5843
2025-08-19,20,"Leggett","PM2.5","Edgecombe",35.988278,-77.5843
2025-08-20,23,"Leggett","PM2.5","Edgecombe",35.988278,-77.5843
2025-08-21,23,"Leggett","PM2.5","Edgecombe",35.988278,-77.5843
2025-08-22,26,"Leggett","PM2.5","Edgecombe",35.988278,-77.5843
2025-08-23,29,"Leggett","PM2.5","Edgecombe",35.988278,-77.5843
2025-08-24,32,"Leggett","PM2.5","Edgecombe",35.988278,-77.5843
2025-08-25,34,"Leggett","PM2.5","Edgecombe",35.988278,-77.5843
2025-08-26,31,"Leggett","PM2.5","Edgecombe",35.988278,-77.5843
2025-08-27,38,"Leggett","PM2.5","Edgecombe",35.988278,-77.5843
2025-08-28,34,"Leggett","PM2.5","Edgecombe",35.988278,-77.5843
2025-08-29,41,"Leggett","PM2.5","Edgecombe",35.988278,-77.5843
2025-08-30,31,"Leggett","PM2.5","Edgecombe",35.988278,-77.5843
2025-08-31,27,"Leggett","PM2.5","Edgecombe",35.988278,-77.5843
2025-09-01,21,"Leggett","PM2.5","Edgecombe",35.988278,-77.5843
2025-09-02,21,"Leggett","PM2.5","Edgecombe",35.988278,-77.5843
2025-09-03,29,"Leggett","PM2.5","Edgecombe",35.988278,-77.5843
2025-09-04,50,"Leggett","PM2.5","Edgecombe",35.988278,-77.5843
2025-09-05,50,"Leggett","PM2.5","Edgecombe",35.988278,-77.5843
2025-09-06,53,"Leggett","PM2.5","Edgecombe",35.988278,-77.5843
2025-09-07,52,"Leggett","PM2.5","Edgecombe",35.988278,-77.5843
2025-09-08,28,"Leggett","PM2.5","Edgecombe",35.988278,-77.5843
2025-09-09,31,"Leggett","PM2.5","Edgecombe",35.988278,-77.5843
2025-09-10,20,"Leggett","PM2.5","Edgecombe",35.988278,-77.5843
2025-09-11,28,"Leggett","PM2.5","Edgecombe",35.988278,-77.5843
2025-09-12,37,"Leggett","PM2.5","Edgecombe",35.988278,-77.5843
2025-09-13,32,"Leggett","PM2.5","Edgecombe",35.988278,-77.5843
2025-09-14,48,"Leggett","PM2.5","Edgecombe",35.988278,-77.5843
2025-09-15,44,"Leggett","PM2.5","Edgecombe",35.988278,-77.5843
2025-09-16,40,"Leggett","PM2.5","Edgecombe",35.988278,-77.5843
2025-09-17,17,"Leggett","PM2.5","Edgecombe",35.988278,-77.5843
2025-09-21,3,"Leggett","PM2.5","Edgecombe",35.988278,-77.5843
2025-09-26,22,"Leggett","PM2.5","Edgecombe",35.988278,-77.5843
2025-09-27,48,"Leggett","PM2.5","Edgecombe",35.988278,-77.5843
2025-09-28,24,"Leggett","PM2.5","Edgecombe",35.988278,-77.5843
2025-09-29,30,"Leggett","PM2.5","Edgecombe",35.988278,-77.5843
2025-09-30,44,"Leggett","PM2.5","Edgecombe",35.988278,-77.5843
2025-10-01,37,"Leggett","PM2.5","Edgecombe",35.988278,-77.5843
2025-10-02,18,"Leggett","PM2.5","Edgecombe",35.988278,-77.5843
2025-10-03,22,"Leggett","PM2.5","Edgecombe",35.988278,-77.5843
2025-10-04,23,"Leggett","PM2.5","Edgecombe",35.988278,-77.5843
2025-10-05,18,"Leggett","PM2.5","Edgecombe",35.988278,-77.5843
2025-10-06,17,"Leggett","PM2.5","Edgecombe",35.988278,-77.5843
2025-10-07,14,"Leggett","PM2.5","Edgecombe",35.988278,-77.5843
2025-10-08,19,"Leggett","PM2.5","Edgecombe",35.988278,-77.5843
2025-10-09,19,"Leggett","PM2.5","Edgecombe",35.988278,-77.5843
2025-10-10,19,"Leggett","PM2.5","Edgecombe",35.988278,-77.5843
2025-10-11,22,"Leggett","PM2.5","Edgecombe",35.988278,-77.5843
2025-10-12,8,"Leggett","PM2.5","Edgecombe",35.988278,-77.5843
2025-10-13,7,"Leggett","PM2.5","Edgecombe",35.988278,-77.5843
2025-10-14,8,"Leggett","PM2.5","Edgecombe",35.988278,-77.5843
2025-10-15,21,"Leggett","PM2.5","Edgecombe",35.988278,-77.5843
2025-10-16,18,"Leggett","PM2.5","Edgecombe",35.988278,-77.5843
2025-10-17,17,"Leggett","PM2.5","Edgecombe",35.988278,-77.5843
2025-10-18,38,"Leggett","PM2.5","Edgecombe",35.988278,-77.5843
2025-10-19,29,"Leggett","PM2.5","Edgecombe",35.988278,-77.5843
2025-10-20,10,"Leggett","PM2.5","Edgecombe",35.988278,-77.5843
2025-10-21,35,"Leggett","PM2.5","Edgecombe",35.988278,-77.5843
2025-10-22,34,"Leggett","PM2.5","Edgecombe",35.988278,-77.5843
2025-10-23,34,"Leggett","PM2.5","Edgecombe",35.988278,-77.5843
2025-10-24,25,"Leggett","PM2.5","Edgecombe",35.988278,-77.5843
2025-10-25,23,"Leggett","PM2.5","Edgecombe",35.988278,-77.5843
2025-10-26,19,"Leggett","PM2.5","Edgecombe",35.988278,-77.5843
2025-10-27,17,"Leggett","PM2.5","Edgecombe",35.988278,-77.5843
2025-10-28,16,"Leggett","PM2.5","Edgecombe",35.988278,-77.5843
2025-10-29,12,"Leggett","PM2.5","Edgecombe",35.988278,-77.5843
2025-10-30,18,"Leggett","PM2.5","Edgecombe",35.988278,-77.5843
2025-10-31,18,"Leggett","PM2.5","Edgecombe",35.988278,-77.5843
2025-11-01,38,"Leggett","PM2.5","Edgecombe",35.988278,-77.5843
2025-11-02,33,"Leggett","PM2.5","Edgecombe",35.988278,-77.5843
2025-11-03,21,"Leggett","PM2.5","Edgecombe",35.988278,-77.5843
2025-11-04,23,"Leggett","PM2.5","Edgecombe",35.988278,-77.5843
2025-11-05,42,"Leggett","PM2.5","Edgecombe",35.988278,-77.5843
2025-11-06,40,"Leggett","PM2.5","Edgecombe",35.988278,-77.5843
2025-11-07,31,"Leggett","PM2.5","Edgecombe",35.988278,-77.5843
2025-11-08,56,"Leggett","PM2.5","Edgecombe",35.988278,-77.5843
2025-11-09,58,"Leggett","PM2.5","Edgecombe",35.988278,-77.5843
2025-11-10,8,"Leggett","PM2.5","Edgecombe",35.988278,-77.5843
2025-11-11,14,"Leggett","PM2.5","Edgecombe",35.988278,-77.5843
2025-11-12,51,"Leggett","PM2.5","Edgecombe",35.988278,-77.5843
2025-11-13,46,"Leggett","PM2.5","Edgecombe",35.988278,-77.5843
2025-11-14,36,"Leggett","PM2.5","Edgecombe",35.988278,-77.5843
2025-11-15,52,"Leggett","PM2.5","Edgecombe",35.988278,-77.5843
2025-11-16,39,"Leggett","PM2.5","Edgecombe",35.988278,-77.5843
2025-11-17,16,"Leggett","PM2.5","Edgecombe",35.988278,-77.5843
2025-11-18,34,"Leggett","PM2.5","Edgecombe",35.988278,-77.5843
2025-11-19,43,"Leggett","PM2.5","Edgecombe",35.988278,-77.5843
2025-11-20,43,"Leggett","PM2.5","Edgecombe",35.988278,-77.5843
2025-11-21,61,"Leggett","PM2.5","Edgecombe",35.988278,-77.5843
2025-11-22,58,"Leggett","PM2.5","Edgecombe",35.988278,-77.5843
2025-11-23,31,"Leggett","PM2.5","Edgecombe",35.988278,-77.5843
2025-11-24,36,"Leggett","PM2.5","Edgecombe",35.988278,-77.5843
2025-11-25,36,"Leggett","PM2.5","Edgecombe",35.988278,-77.5843
2025-11-26,34,"Leggett","PM2.5","Edgecombe",35.988278,-77.5843
2025-11-27,18,"Leggett","PM2.5","Edgecombe",35.988278,-77.5843
2025-11-28,19,"Leggett","PM2.5","Edgecombe",35.988278,-77.5843
2025-11-29,24,"Leggett","PM2.5","Edgecombe",35.988278,-77.5843
2025-11-30,34,"Leggett","PM2.5","Edgecombe",35.988278,-77.5843
2025-12-01,28,"Leggett","PM2.5","Edgecombe",35.988278,-77.5843
2025-12-02,22,"Leggett","PM2.5","Edgecombe",35.988278,-77.5843
2025-12-03,31,"Leggett","PM2.5","Edgecombe",35.988278,-77.5843
2025-12-04,52,"Leggett","PM2.5","Edgecombe",35.988278,-77.5843
2025-12-05,26,"Leggett","PM2.5","Edgecombe",35.988278,-77.5843
2025-12-06,37,"Leggett","PM2.5","Edgecombe",35.988278,-77.5843
2025-12-07,53,"Leggett","PM2.5","Edgecombe",35.988278,-77.5843
2025-12-08,33,"Leggett","PM2.5","Edgecombe",35.988278,-77.5843
2025-12-09,23,"Leggett","PM2.5","Edgecombe",35.988278,-77.5843
2025-12-10,42,"Leggett","PM2.5","Edgecombe",35.988278,-77.5843
2025-12-11,13,"Leggett","PM2.5","Edgecombe",35.988278,-77.5843
2025-12-12,23,"Leggett","PM2.5","Edgecombe",35.988278,-77.5843
2025-12-13,52,"Leggett","PM2.5","Edgecombe",35.988278,-77.5843
2025-12-14,41,"Leggett","PM2.5","Edgecombe",35.988278,-77.5843
2025-12-15,11,"Leggett","PM2.5","Edgecombe",35.988278,-77.5843
2025-12-16,42,"Leggett","PM2.5","Edgecombe",35.988278,-77.5843
2025-12-17,51,"Leggett","PM2.5","Edgecombe",35.988278,-77.5843
2025-12-18,54,"Leggett","PM2.5","Edgecombe",35.988278,-77.5843
2025-12-19,7,"Leggett","PM2.5","Edgecombe",35.988278,-77.5843
2025-12-20,23,"Leggett","PM2.5","Edgecombe",35.988278,-77.5843
2025-12-21,23,"Leggett","PM2.5","Edgecombe",35.988278,-77.5843
2025-12-22,19,"Leggett","PM2.5","Edgecombe",35.988278,-77.5843
2025-12-23,33,"Leggett","PM2.5","Edgecombe",35.988278,-77.5843
2025-12-24,39,"Leggett","PM2.5","Edgecombe",35.988278,-77.5843
2025-12-25,38,"Leggett","PM2.5","Edgecombe",35.988278,-77.5843
2025-12-26,22,"Leggett","PM2.5","Edgecombe",35.988278,-77.5843
2025-12-27,28,"Leggett","PM2.5","Edgecombe",35.988278,-77.5843
2025-12-28,35,"Leggett","PM2.5","Edgecombe",35.988278,-77.5843
2025-12-29,27,"Leggett","PM2.5","Edgecombe",35.988278,-77.5843
2025-12-30,16,"Leggett","PM2.5","Edgecombe",35.988278,-77.5843
2025-12-31,22,"Leggett","PM2.5","Edgecombe",35.988278,-77.5843
2025-01-01,7,"Hattie Avenue","PM2.5","Forsyth",36.11094,-80.224501
2025-01-04,12,"Hattie Avenue","PM2.5","Forsyth",36.11094,-80.224501
2025-01-10,43,"Hattie Avenue","PM2.5","Forsyth",36.11094,-80.224501
2025-01-13,45,"Hattie Avenue","PM2.5","Forsyth",36.11094,-80.224501
2025-01-16,48,"Hattie Avenue","PM2.5","Forsyth",36.11094,-80.224501
2025-01-19,47,"Hattie Avenue","PM2.5","Forsyth",36.11094,-80.224501
2025-01-22,41,"Hattie Avenue","PM2.5","Forsyth",36.11094,-80.224501
2025-01-25,53,"Hattie Avenue","PM2.5","Forsyth",36.11094,-80.224501
2025-01-28,24,"Hattie Avenue","PM2.5","Forsyth",36.11094,-80.224501
2025-01-31,55,"Hattie Avenue","PM2.5","Forsyth",36.11094,-80.224501
2025-02-06,57,"Hattie Avenue","PM2.5","Forsyth",36.11094,-80.224501
2025-02-09,35,"Hattie Avenue","PM2.5","Forsyth",36.11094,-80.224501
2025-02-12,9,"Hattie Avenue","PM2.5","Forsyth",36.11094,-80.224501
2025-02-15,37,"Hattie Avenue","PM2.5","Forsyth",36.11094,-80.224501
2025-02-18,24,"Hattie Avenue","PM2.5","Forsyth",36.11094,-80.224501
2025-02-21,16,"Hattie Avenue","PM2.5","Forsyth",36.11094,-80.224501
2025-02-24,41,"Hattie Avenue","PM2.5","Forsyth",36.11094,-80.224501
2025-02-27,55,"Hattie Avenue","PM2.5","Forsyth",36.11094,-80.224501
2025-03-02,22,"Hattie Avenue","PM2.5","Forsyth",36.11094,-80.224501
2025-03-05,29,"Hattie Avenue","PM2.5","Forsyth",36.11094,-80.224501
2025-03-08,53,"Hattie Avenue","PM2.5","Forsyth",36.11094,-80.224501
2025-03-11,32,"Hattie Avenue","PM2.5","Forsyth",36.11094,-80.224501
2025-03-14,60,"Hattie Avenue","PM2.5","Forsyth",36.11094,-80.224501
2025-03-17,22,"Hattie Avenue","PM2.5","Forsyth",36.11094,-80.224501
2025-03-20,58,"Hattie Avenue","PM2.5","Forsyth",36.11094,-80.224501
2025-03-23,29,"Hattie Avenue","PM2.5","Forsyth",36.11094,-80.224501
2025-03-26,17,"Hattie Avenue","PM2.5","Forsyth",36.11094,-80.224501
2025-03-29,38,"Hattie Avenue","PM2.5","Forsyth",36.11094,-80.224501
2025-04-01,11,"Hattie Avenue","PM2.5","Forsyth",36.11094,-80.224501
2025-04-04,53,"Hattie Avenue","PM2.5","Forsyth",36.11094,-80.224501
2025-04-07,31,"Hattie Avenue","PM2.5","Forsyth",36.11094,-80.224501
2025-04-10,47,"Hattie Avenue","PM2.5","Forsyth",36.11094,-80.224501
2025-04-13,26,"Hattie Avenue","PM2.5","Forsyth",36.11094,-80.224501
2025-04-16,29,"Hattie Avenue","PM2.5","Forsyth",36.11094,-80.224501
2025-04-19,59,"Hattie Avenue","PM2.5","Forsyth",36.11094,-80.224501
2025-04-22,53,"Hattie Avenue","PM2.5","Forsyth",36.11094,-80.224501
2025-04-25,61,"Hattie Avenue","PM2.5","Forsyth",36.11094,-80.224501
2025-04-28,43,"Hattie Avenue","PM2.5","Forsyth",36.11094,-80.224501
2025-05-01,54,"Hattie Avenue","PM2.5","Forsyth",36.11094,-80.224501
2025-05-04,23,"Hattie Avenue","PM2.5","Forsyth",36.11094,-80.224501
2025-05-07,38,"Hattie Avenue","PM2.5","Forsyth",36.11094,-80.224501
2025-05-13,26,"Hattie Avenue","PM2.5","Forsyth",36.11094,-80.224501
2025-05-16,58,"Hattie Avenue","PM2.5","Forsyth",36.11094,-80.224501
2025-05-19,39,"Hattie Avenue","PM2.5","Forsyth",36.11094,-80.224501
2025-05-22,19,"Hattie Avenue","PM2.5","Forsyth",36.11094,-80.224501
2025-05-25,39,"Hattie Avenue","PM2.5","Forsyth",36.11094,-80.224501
2025-05-28,12,"Hattie Avenue","PM2.5","Forsyth",36.11094,-80.224501
2025-05-31,52,"Hattie Avenue","PM2.5","Forsyth",36.11094,-80.224501
2025-06-03,55,"Hattie Avenue","PM2.5","Forsyth",36.11094,-80.224501
2025-06-12,62,"Hattie Avenue","PM2.5","Forsyth",36.11094,-80.224501
2025-06-15,28,"Hattie Avenue","PM2.5","Forsyth",36.11094,-80.224501
2025-06-18,29,"Hattie Avenue","PM2.5","Forsyth",36.11094,-80.224501
2025-06-21,52,"Hattie Avenue","PM2.5","Forsyth",36.11094,-80.224501
2025-06-24,66,"Hattie Avenue","PM2.5","Forsyth",36.11094,-80.224501
2025-06-27,53,"Hattie Avenue","PM2.5","Forsyth",36.11094,-80.224501
2025-06-30,54,"Hattie Avenue","PM2.5","Forsyth",36.11094,-80.224501
2025-07-03,52,"Hattie Avenue","PM2.5","Forsyth",36.11094,-80.224501
2025-07-06,43,"Hattie Avenue","PM2.5","Forsyth",36.11094,-80.224501
2025-07-09,55,"Hattie Avenue","PM2.5","Forsyth",36.11094,-80.224501
2025-07-12,51,"Hattie Avenue","PM2.5","Forsyth",36.11094,-80.224501
2025-07-15,41,"Hattie Avenue","PM2.5","Forsyth",36.11094,-80.224501
2025-07-18,37,"Hattie Avenue","PM2.5","Forsyth",36.11094,-80.224501
2025-07-21,51,"Hattie Avenue","PM2.5","Forsyth",36.11094,-80.224501
2025-07-24,54,"Hattie Avenue","PM2.5","Forsyth",36.11094,-80.224501
2025-07-25,57,"Hattie Avenue","PM2.5","Forsyth",36.11094,-80.224501
2025-07-27,37,"Hattie Avenue","PM2.5","Forsyth",36.11094,-80.224501
2025-07-30,50,"Hattie Avenue","PM2.5","Forsyth",36.11094,-80.224501
2025-08-02,25,"Hattie Avenue","PM2.5","Forsyth",36.11094,-80.224501
2025-08-05,43,"Hattie Avenue","PM2.5","Forsyth",36.11094,-80.224501
2025-08-08,77,"Hattie Avenue","PM2.5","Forsyth",36.11094,-80.224501
2025-08-11,33,"Hattie Avenue","PM2.5","Forsyth",36.11094,-80.224501
2025-08-14,32,"Hattie Avenue","PM2.5","Forsyth",36.11094,-80.224501
2025-08-17,54,"Hattie Avenue","PM2.5","Forsyth",36.11094,-80.224501
2025-08-26,32,"Hattie Avenue","PM2.5","Forsyth",36.11094,-80.224501
2025-08-29,47,"Hattie Avenue","PM2.5","Forsyth",36.11094,-80.224501
2025-09-01,27,"Hattie Avenue","PM2.5","Forsyth",36.11094,-80.224501
2025-09-04,51,"Hattie Avenue","PM2.5","Forsyth",36.11094,-80.224501
2025-09-07,39,"Hattie Avenue","PM2.5","Forsyth",36.11094,-80.224501
2025-09-10,27,"Hattie Avenue","PM2.5","Forsyth",36.11094,-80.224501
2025-09-13,45,"Hattie Avenue","PM2.5","Forsyth",36.11094,-80.224501
2025-09-16,41,"Hattie Avenue","PM2.5","Forsyth",36.11094,-80.224501
2025-09-19,51,"Hattie Avenue","PM2.5","Forsyth",36.11094,-80.224501
2025-09-22,55,"Hattie Avenue","PM2.5","Forsyth",36.11094,-80.224501
2025-09-25,44,"Hattie Avenue","PM2.5","Forsyth",36.11094,-80.224501
2025-09-28,29,"Hattie Avenue","PM2.5","Forsyth",36.11094,-80.224501
2025-10-01,45,"Hattie Avenue","PM2.5","Forsyth",36.11094,-80.224501
2025-10-04,49,"Hattie Avenue","PM2.5","Forsyth",36.11094,-80.224501
2025-10-07,32,"Hattie Avenue","PM2.5","Forsyth",36.11094,-80.224501
2025-10-10,27,"Hattie Avenue","PM2.5","Forsyth",36.11094,-80.224501
2025-10-13,15,"Hattie Avenue","PM2.5","Forsyth",36.11094,-80.224501
2025-10-16,28,"Hattie Avenue","PM2.5","Forsyth",36.11094,-80.224501
2025-10-19,30,"Hattie Avenue","PM2.5","Forsyth",36.11094,-80.224501
2025-10-22,21,"Hattie Avenue","PM2.5","Forsyth",36.11094,-80.224501
2025-11-09,53,"Hattie Avenue","PM2.5","Forsyth",36.11094,-80.224501
2025-11-12,29,"Hattie Avenue","PM2.5","Forsyth",36.11094,-80.224501
2025-11-15,54,"Hattie Avenue","PM2.5","Forsyth",36.11094,-80.224501
2025-11-18,34,"Hattie Avenue","PM2.5","Forsyth",36.11094,-80.224501
2025-11-21,79,"Hattie Avenue","PM2.5","Forsyth",36.11094,-80.224501
2025-11-24,31,"Hattie Avenue","PM2.5","Forsyth",36.11094,-80.224501
2025-11-27,15,"Hattie Avenue","PM2.5","Forsyth",36.11094,-80.224501
2025-11-30,51,"Hattie Avenue","PM2.5","Forsyth",36.11094,-80.224501
2025-12-03,32,"Hattie Avenue","PM2.5","Forsyth",36.11094,-80.224501
2025-12-06,50,"Hattie Avenue","PM2.5","Forsyth",36.11094,-80.224501
2025-12-09,32,"Hattie Avenue","PM2.5","Forsyth",36.11094,-80.224501
2025-12-12,35,"Hattie Avenue","PM2.5","Forsyth",36.11094,-80.224501
2025-12-15,20,"Hattie Avenue","PM2.5","Forsyth",36.11094,-80.224501
2025-12-18,65,"Hattie Avenue","PM2.5","Forsyth",36.11094,-80.224501
2025-12-21,30,"Hattie Avenue","PM2.5","Forsyth",36.11094,-80.224501
2025-12-24,52,"Hattie Avenue","PM2.5","Forsyth",36.11094,-80.224501
2025-12-27,46,"Hattie Avenue","PM2.5","Forsyth",36.11094,-80.224501
2025-12-30,16,"Hattie Avenue","PM2.5","Forsyth",36.11094,-80.224501
2025-01-01,7,"Hattie Avenue","PM2.5","Forsyth",36.11094,-80.224501
2025-01-02,22,"Hattie Avenue","PM2.5","Forsyth",36.11094,-80.224501
2025-01-03,23,"Hattie Avenue","PM2.5","Forsyth",36.11094,-80.224501
2025-01-04,18,"Hattie Avenue","PM2.5","Forsyth",36.11094,-80.224501
2025-01-05,28,"Hattie Avenue","PM2.5","Forsyth",36.11094,-80.224501
2025-01-06,39,"Hattie Avenue","PM2.5","Forsyth",36.11094,-80.224501
2025-01-07,17,"Hattie Avenue","PM2.5","Forsyth",36.11094,-80.224501
2025-01-08,28,"Hattie Avenue","PM2.5","Forsyth",36.11094,-80.224501
2025-01-09,31,"Hattie Avenue","PM2.5","Forsyth",36.11094,-80.224501
2025-01-10,53,"Hattie Avenue","PM2.5","Forsyth",36.11094,-80.224501
2025-01-11,56,"Hattie Avenue","PM2.5","Forsyth",36.11094,-80.224501
2025-01-12,50,"Hattie Avenue","PM2.5","Forsyth",36.11094,-80.224501
2025-01-13,52,"Hattie Avenue","PM2.5","Forsyth",36.11094,-80.224501
2025-01-14,21,"Hattie Avenue","PM2.5","Forsyth",36.11094,-80.224501
2025-01-15,43,"Hattie Avenue","PM2.5","Forsyth",36.11094,-80.224501
2025-01-16,53,"Hattie Avenue","PM2.5","Forsyth",36.11094,-80.224501
2025-01-17,41,"Hattie Avenue","PM2.5","Forsyth",36.11094,-80.224501
2025-01-18,54,"Hattie Avenue","PM2.5","Forsyth",36.11094,-80.224501
2025-01-19,55,"Hattie Avenue","PM2.5","Forsyth",36.11094,-80.224501
2025-01-20,21,"Hattie Avenue","PM2.5","Forsyth",36.11094,-80.224501
2025-01-21,29,"Hattie Avenue","PM2.5","Forsyth",36.11094,-80.224501
2025-01-22,42,"Hattie Avenue","PM2.5","Forsyth",36.11094,-80.224501
2025-01-23,63,"Hattie Avenue","PM2.5","Forsyth",36.11094,-80.224501
2025-01-24,62,"Hattie Avenue","PM2.5","Forsyth",36.11094,-80.224501
2025-01-25,57,"Hattie Avenue","PM2.5","Forsyth",36.11094,-80.224501
2025-01-26,55,"Hattie Avenue","PM2.5","Forsyth",36.11094,-80.224501
2025-01-27,55,"Hattie Avenue","PM2.5","Forsyth",36.11094,-80.224501
2025-01-28,33,"Hattie Avenue","PM2.5","Forsyth",36.11094,-80.224501
2025-01-29,30,"Hattie Avenue","PM2.5","Forsyth",36.11094,-80.224501
2025-01-30,31,"Hattie Avenue","PM2.5","Forsyth",36.11094,-80.224501
2025-01-31,58,"Hattie Avenue","PM2.5","Forsyth",36.11094,-80.224501
2025-02-01,28,"Hattie Avenue","PM2.5","Forsyth",36.11094,-80.224501
2025-02-02,31,"Hattie Avenue","PM2.5","Forsyth",36.11094,-80.224501
2025-02-03,55,"Hattie Avenue","PM2.5","Forsyth",36.11094,-80.224501
2025-02-04,53,"Hattie Avenue","PM2.5","Forsyth",36.11094,-80.224501
2025-02-05,32,"Hattie Avenue","PM2.5","Forsyth",36.11094,-80.224501
2025-02-06,60,"Hattie Avenue","PM2.5","Forsyth",36.11094,-80.224501
2025-02-07,39,"Hattie Avenue","PM2.5","Forsyth",36.11094,-80.224501
2025-02-08,35,"Hattie Avenue","PM2.5","Forsyth",36.11094,-80.224501
2025-02-09,41,"Hattie Avenue","PM2.5","Forsyth",36.11094,-80.224501
2025-02-10,32,"Hattie Avenue","PM2.5","Forsyth",36.11094,-80.224501
2025-02-11,52,"Hattie Avenue","PM2.5","Forsyth",36.11094,-80.224501
2025-02-12,8,"Hattie Avenue","PM2.5","Forsyth",36.11094,-80.224501
2025-02-13,22,"Hattie Avenue","PM2.5","Forsyth",36.11094,-80.224501
2025-02-14,33,"Hattie Avenue","PM2.5","Forsyth",36.11094,-80.224501
2025-02-15,41,"Hattie Avenue","PM2.5","Forsyth",36.11094,-80.224501
2025-02-16,16,"Hattie Avenue","PM2.5","Forsyth",36.11094,-80.224501
2025-02-17,19,"Hattie Avenue","PM2.5","Forsyth",36.11094,-80.224501
2025-02-18,26,"Hattie Avenue","PM2.5","Forsyth",36.11094,-80.224501
2025-02-19,30,"Hattie Avenue","PM2.5","Forsyth",36.11094,-80.224501
2025-02-20,32,"Hattie Avenue","PM2.5","Forsyth",36.11094,-80.224501
2025-02-21,17,"Hattie Avenue","PM2.5","Forsyth",36.11094,-80.224501
2025-02-22,30,"Hattie Avenue","PM2.5","Forsyth",36.11094,-80.224501
2025-02-23,33,"Hattie Avenue","PM2.5","Forsyth",36.11094,-80.224501
2025-02-24,43,"Hattie Avenue","PM2.5","Forsyth",36.11094,-80.224501
2025-02-25,58,"Hattie Avenue","PM2.5","Forsyth",36.11094,-80.224501
2025-02-26,33,"Hattie Avenue","PM2.5","Forsyth",36.11094,-80.224501
2025-02-27,56,"Hattie Avenue","PM2.5","Forsyth",36.11094,-80.224501
2025-02-28,14,"Hattie Avenue","PM2.5","Forsyth",36.11094,-80.224501
2025-03-01,29,"Hattie Avenue","PM2.5","Forsyth",36.11094,-80.224501
2025-03-02,21,"Hattie Avenue","PM2.5","Forsyth",36.11094,-80.224501
2025-03-03,33,"Hattie Avenue","PM2.5","Forsyth",36.11094,-80.224501
2025-03-04,34,"Hattie Avenue","PM2.5","Forsyth",36.11094,-80.224501
2025-03-05,37,"Hattie Avenue","PM2.5","Forsyth",36.11094,-80.224501
2025-03-06,10,"Hattie Avenue","PM2.5","Forsyth",36.11094,-80.224501
2025-03-07,25,"Hattie Avenue","PM2.5","Forsyth",36.11094,-80.224501
2025-03-08,40,"Hattie Avenue","PM2.5","Forsyth",36.11094,-80.224501
2025-03-09,24,"Hattie Avenue","PM2.5","Forsyth",36.11094,-80.224501
2025-03-10,34,"Hattie Avenue","PM2.5","Forsyth",36.11094,-80.224501
2025-03-11,28,"Hattie Avenue","PM2.5","Forsyth",36.11094,-80.224501
2025-03-12,52,"Hattie Avenue","PM2.5","Forsyth",36.11094,-80.224501
2025-03-13,63,"Hattie Avenue","PM2.5","Forsyth",36.11094,-80.224501
2025-03-14,72,"Hattie Avenue","PM2.5","Forsyth",36.11094,-80.224501
2025-03-15,63,"Hattie Avenue","PM2.5","Forsyth",36.11094,-80.224501
2025-03-16,46,"Hattie Avenue","PM2.5","Forsyth",36.11094,-80.224501
2025-03-17,21,"Hattie Avenue","PM2.5","Forsyth",36.11094,-80.224501
2025-03-18,19,"Hattie Avenue","PM2.5","Forsyth",36.11094,-80.224501
2025-03-19,52,"Hattie Avenue","PM2.5","Forsyth",36.11094,-80.224501
2025-03-20,59,"Hattie Avenue","PM2.5","Forsyth",36.11094,-80.224501
2025-03-21,22,"Hattie Avenue","PM2.5","Forsyth",36.11094,-80.224501
2025-03-22,53,"Hattie Avenue","PM2.5","Forsyth",36.11094,-80.224501
2025-03-23,27,"Hattie Avenue","PM2.5","Forsyth",36.11094,-80.224501
2025-03-24,55,"Hattie Avenue","PM2.5","Forsyth",36.11094,-80.224501
2025-03-25,16,"Hattie Avenue","PM2.5","Forsyth",36.11094,-80.224501
2025-03-26,22,"Hattie Avenue","PM2.5","Forsyth",36.11094,-80.224501
2025-03-27,28,"Hattie Avenue","PM2.5","Forsyth",36.11094,-80.224501
2025-03-28,54,"Hattie Avenue","PM2.5","Forsyth",36.11094,-80.224501
2025-03-29,45,"Hattie Avenue","PM2.5","Forsyth",36.11094,-80.224501
2025-03-30,39,"Hattie Avenue","PM2.5","Forsyth",36.11094,-80.224501
2025-03-31,33,"Hattie Avenue","PM2.5","Forsyth",36.11094,-80.224501
2025-04-01,10,"Hattie Avenue","PM2.5","Forsyth",36.11094,-80.224501
2025-04-02,37,"Hattie Avenue","PM2.5","Forsyth",36.11094,-80.224501
2025-04-03,51,"Hattie Avenue","PM2.5","Forsyth",36.11094,-80.224501
2025-04-04,53,"Hattie Avenue","PM2.5","Forsyth",36.11094,-80.224501
2025-04-05,52,"Hattie Avenue","PM2.5","Forsyth",36.11094,-80.224501
2025-04-06,37,"Hattie Avenue","PM2.5","Forsyth",36.11094,-80.224501
2025-04-07,29,"Hattie Avenue","PM2.5","Forsyth",36.11094,-80.224501
2025-04-08,23,"Hattie Avenue","PM2.5","Forsyth",36.11094,-80.224501
2025-04-09,23,"Hattie Avenue","PM2.5","Forsyth",36.11094,-80.224501
2025-04-10,48,"Hattie Avenue","PM2.5","Forsyth",36.11094,-80.224501
2025-04-11,27,"Hattie Avenue","PM2.5","Forsyth",36.11094,-80.224501
2025-04-12,36,"Hattie Avenue","PM2.5","Forsyth",36.11094,-80.224501
2025-04-13,24,"Hattie Avenue","PM2.5","Forsyth",36.11094,-80.224501
2025-04-14,53,"Hattie Avenue","PM2.5","Forsyth",36.11094,-80.224501
2025-04-15,35,"Hattie Avenue","PM2.5","Forsyth",36.11094,-80.224501
2025-04-16,31,"Hattie Avenue","PM2.5","Forsyth",36.11094,-80.224501
2025-04-17,34,"Hattie Avenue","PM2.5","Forsyth",36.11094,-80.224501
2025-04-18,55,"Hattie Avenue","PM2.5","Forsyth",36.11094,-80.224501
2025-04-19,57,"Hattie Avenue","PM2.5","Forsyth",36.11094,-80.224501
2025-04-20,61,"Hattie Avenue","PM2.5","Forsyth",36.11094,-80.224501
2025-04-21,54,"Hattie Avenue","PM2.5","Forsyth",36.11094,-80.224501
2025-04-22,53,"Hattie Avenue","PM2.5","Forsyth",36.11094,-80.224501
2025-04-23,39,"Hattie Avenue","PM2.5","Forsyth",36.11094,-80.224501
2025-04-24,55,"Hattie Avenue","PM2.5","Forsyth",36.11094,-80.224501
2025-04-25,59,"Hattie Avenue","PM2.5","Forsyth",36.11094,-80.224501
2025-04-26,38,"Hattie Avenue","PM2.5","Forsyth",36.11094,-80.224501
2025-04-27,33,"Hattie Avenue","PM2.5","Forsyth",36.11094,-80.224501
2025-04-28,33,"Hattie Avenue","PM2.5","Forsyth",36.11094,-80.224501
2025-04-29,47,"Hattie Avenue","PM2.5","Forsyth",36.11094,-80.224501
2025-04-30,53,"Hattie Avenue","PM2.5","Forsyth",36.11094,-80.224501
2025-05-01,54,"Hattie Avenue","PM2.5","Forsyth",36.11094,-80.224501
2025-05-02,51,"Hattie Avenue","PM2.5","Forsyth",36.11094,-80.224501
2025-05-03,46,"Hattie Avenue","PM2.5","Forsyth",36.11094,-80.224501
2025-05-04,24,"Hattie Avenue","PM2.5","Forsyth",36.11094,-80.224501
2025-05-05,33,"Hattie Avenue","PM2.5","Forsyth",36.11094,-80.224501
2025-05-06,29,"Hattie Avenue","PM2.5","Forsyth",36.11094,-80.224501
2025-05-07,38,"Hattie Avenue","PM2.5","Forsyth",36.11094,-80.224501
2025-05-08,41,"Hattie Avenue","PM2.5","Forsyth",36.11094,-80.224501
2025-05-09,30,"Hattie Avenue","PM2.5","Forsyth",36.11094,-80.224501
2025-05-10,28,"Hattie Avenue","PM2.5","Forsyth",36.11094,-80.224501
2025-05-11,42,"Hattie Avenue","PM2.5","Forsyth",36.11094,-80.224501
2025-05-12,25,"Hattie Avenue","PM2.5","Forsyth",36.11094,-80.224501
2025-05-13,23,"Hattie Avenue","PM2.5","Forsyth",36.11094,-80.224501
2025-05-14,24,"Hattie Avenue","PM2.5","Forsyth",36.11094,-80.224501
2025-05-15,51,"Hattie Avenue","PM2.5","Forsyth",36.11094,-80.224501
2025-05-16,53,"Hattie Avenue","PM2.5","Forsyth",36.11094,-80.224501
2025-05-17,27,"Hattie Avenue","PM2.5","Forsyth",36.11094,-80.224501
2025-05-18,23,"Hattie Avenue","PM2.5","Forsyth",36.11094,-80.224501
2025-05-19,26,"Hattie Avenue","PM2.5","Forsyth",36.11094,-80.224501
2025-05-20,34,"Hattie Avenue","PM2.5","Forsyth",36.11094,-80.224501
2025-05-21,34,"Hattie Avenue","PM2.5","Forsyth",36.11094,-80.224501
2025-05-22,14,"Hattie Avenue","PM2.5","Forsyth",36.11094,-80.224501
2025-05-23,13,"Hattie Avenue","PM2.5","Forsyth",36.11094,-80.224501
2025-05-24,23,"Hattie Avenue","PM2.5","Forsyth",36.11094,-80.224501
2025-05-25,28,"Hattie Avenue","PM2.5","Forsyth",36.11094,-80.224501
2025-05-26,28,"Hattie Avenue","PM2.5","Forsyth",36.11094,-80.224501
2025-05-27,12,"Hattie Avenue","PM2.5","Forsyth",36.11094,-80.224501
2025-05-28,12,"Hattie Avenue","PM2.5","Forsyth",36.11094,-80.224501
2025-05-29,33,"Hattie Avenue","PM2.5","Forsyth",36.11094,-80.224501
2025-05-30,19,"Hattie Avenue","PM2.5","Forsyth",36.11094,-80.224501
2025-05-31,52,"Hattie Avenue","PM2.5","Forsyth",36.11094,-80.224501
2025-06-01,58,"Hattie Avenue","PM2.5","Forsyth",36.11094,-80.224501
2025-06-02,29,"Hattie Avenue","PM2.5","Forsyth",36.11094,-80.224501
2025-06-03,51,"Hattie Avenue","PM2.5","Forsyth",36.11094,-80.224501
2025-06-04,61,"Hattie Avenue","PM2.5","Forsyth",36.11094,-80.224501
2025-06-05,43,"Hattie Avenue","PM2.5","Forsyth",36.11094,-80.224501
2025-06-06,46,"Hattie Avenue","PM2.5","Forsyth",36.11094,-80.224501
2025-06-07,25,"Hattie Avenue","PM2.5","Forsyth",36.11094,-80.224501
2025-06-08,23,"Hattie Avenue","PM2.5","Forsyth",36.11094,-80.224501
2025-06-09,23,"Hattie Avenue","PM2.5","Forsyth",36.11094,-80.224501
2025-06-10,24,"Hattie Avenue","PM2.5","Forsyth",36.11094,-80.224501
2025-06-11,52,"Hattie Avenue","PM2.5","Forsyth",36.11094,-80.224501
2025-06-12,57,"Hattie Avenue","PM2.5","Forsyth",36.11094,-80.224501
2025-06-13,19,"Hattie Avenue","PM2.5","Forsyth",36.11094,-80.224501
2025-06-14,17,"Hattie Avenue","PM2.5","Forsyth",36.11094,-80.224501
2025-06-15,19,"Hattie Avenue","PM2.5","Forsyth",36.11094,-80.224501
2025-06-16,21,"Hattie Avenue","PM2.5","Forsyth",36.11094,-80.224501
2025-06-17,21,"Hattie Avenue","PM2.5","Forsyth",36.11094,-80.224501
2025-06-18,14,"Hattie Avenue","PM2.5","Forsyth",36.11094,-80.224501
2025-06-19,22,"Hattie Avenue","PM2.5","Forsyth",36.11094,-80.224501
2025-06-20,26,"Hattie Avenue","PM2.5","Forsyth",36.11094,-80.224501
2025-06-21,33,"Hattie Avenue","PM2.5","Forsyth",36.11094,-80.224501
2025-06-22,38,"Hattie Avenue","PM2.5","Forsyth",36.11094,-80.224501
2025-06-23,41,"Hattie Avenue","PM2.5","Forsyth",36.11094,-80.224501
2025-06-24,58,"Hattie Avenue","PM2.5","Forsyth",36.11094,-80.224501
2025-06-25,62,"Hattie Avenue","PM2.5","Forsyth",36.11094,-80.224501
2025-06-26,53,"Hattie Avenue","PM2.5","Forsyth",36.11094,-80.224501
2025-06-27,53,"Hattie Avenue","PM2.5","Forsyth",36.11094,-80.224501
2025-06-28,51,"Hattie Avenue","PM2.5","Forsyth",36.11094,-80.224501
2025-06-29,41,"Hattie Avenue","PM2.5","Forsyth",36.11094,-80.224501
2025-06-30,52,"Hattie Avenue","PM2.5","Forsyth",36.11094,-80.224501
2025-07-01,44,"Hattie Avenue","PM2.5","Forsyth",36.11094,-80.224501
2025-07-02,26,"Hattie Avenue","PM2.5","Forsyth",36.11094,-80.224501
2025-07-03,52,"Hattie Avenue","PM2.5","Forsyth",36.11094,-80.224501
2025-07-04,70,"Hattie Avenue","PM2.5","Forsyth",36.11094,-80.224501
2025-07-05,66,"Hattie Avenue","PM2.5","Forsyth",36.11094,-80.224501
2025-07-06,50,"Hattie Avenue","PM2.5","Forsyth",36.11094,-80.224501
2025-07-07,51,"Hattie Avenue","PM2.5","Forsyth",36.11094,-80.224501
2025-07-08,60,"Hattie Avenue","PM2.5","Forsyth",36.11094,-80.224501
2025-07-09,54,"Hattie Avenue","PM2.5","Forsyth",36.11094,-80.224501
2025-07-10,26,"Hattie Avenue","PM2.5","Forsyth",36.11094,-80.224501
2025-07-11,41,"Hattie Avenue","PM2.5","Forsyth",36.11094,-80.224501
2025-07-12,42,"Hattie Avenue","PM2.5","Forsyth",36.11094,-80.224501
2025-07-13,44,"Hattie Avenue","PM2.5","Forsyth",36.11094,-80.224501
2025-07-14,41,"Hattie Avenue","PM2.5","Forsyth",36.11094,-80.224501
2025-07-15,37,"Hattie Avenue","PM2.5","Forsyth",36.11094,-80.224501
2025-07-16,32,"Hattie Avenue","PM2.5","Forsyth",36.11094,-80.224501
2025-07-17,38,"Hattie Avenue","PM2.5","Forsyth",36.11094,-80.224501
2025-07-18,30,"Hattie Avenue","PM2.5","Forsyth",36.11094,-80.224501
2025-07-19,23,"Hattie Avenue","PM2.5","Forsyth",36.11094,-80.224501
2025-07-20,36,"Hattie Avenue","PM2.5","Forsyth",36.11094,-80.224501
2025-07-21,40,"Hattie Avenue","PM2.5","Forsyth",36.11094,-80.224501
2025-07-22,52,"Hattie Avenue","PM2.5","Forsyth",36.11094,-80.224501
2025-07-23,59,"Hattie Avenue","PM2.5","Forsyth",36.11094,-80.224501
2025-07-24,57,"Hattie Avenue","PM2.5","Forsyth",36.11094,-80.224501
2025-07-25,55,"Hattie Avenue","PM2.5","Forsyth",36.11094,-80.224501
2025-07-26,55,"Hattie Avenue","PM2.5","Forsyth",36.11094,-80.224501
2025-07-27,31,"Hattie Avenue","PM2.5","Forsyth",36.11094,-80.224501
2025-07-28,28,"Hattie Avenue","PM2.5","Forsyth",36.11094,-80.224501
2025-07-29,33,"Hattie Avenue","PM2.5","Forsyth",36.11094,-80.224501
2025-07-30,41,"Hattie Avenue","PM2.5","Forsyth",36.11094,-80.224501
2025-07-31,29,"Hattie Avenue","PM2.5","Forsyth",36.11094,-80.224501
2025-08-01,29,"Hattie Avenue","PM2.5","Forsyth",36.11094,-80.224501
2025-08-02,29,"Hattie Avenue","PM2.5","Forsyth",36.11094,-80.224501
2025-08-03,48,"Hattie Avenue","PM2.5","Forsyth",36.11094,-80.224501
2025-08-04,47,"Hattie Avenue","PM2.5","Forsyth",36.11094,-80.224501
2025-08-05,39,"Hattie Avenue","PM2.5","Forsyth",36.11094,-80.224501
2025-08-06,37,"Hattie Avenue","PM2.5","Forsyth",36.11094,-80.224501
2025-08-07,66,"Hattie Avenue","PM2.5","Forsyth",36.11094,-80.224501
2025-08-08,86,"Hattie Avenue","PM2.5","Forsyth",36.11094,-80.224501
2025-08-09,60,"Hattie Avenue","PM2.5","Forsyth",36.11094,-80.224501
2025-08-10,48,"Hattie Avenue","PM2.5","Forsyth",36.11094,-80.224501
2025-08-11,27,"Hattie Avenue","PM2.5","Forsyth",36.11094,-80.224501
2025-08-12,21,"Hattie Avenue","PM2.5","Forsyth",36.11094,-80.224501
2025-08-13,29,"Hattie Avenue","PM2.5","Forsyth",36.11094,-80.224501
2025-08-14,24,"Hattie Avenue","PM2.5","Forsyth",36.11094,-80.224501
2025-08-15,42,"Hattie Avenue","PM2.5","Forsyth",36.11094,-80.224501
2025-08-16,52,"Hattie Avenue","PM2.5","Forsyth",36.11094,-80.224501
2025-08-17,53,"Hattie Avenue","PM2.5","Forsyth",36.11094,-80.224501
2025-08-18,51,"Hattie Avenue","PM2.5","Forsyth",36.11094,-80.224501
2025-08-19,37,"Hattie Avenue","PM2.5","Forsyth",36.11094,-80.224501
2025-08-20,43,"Hattie Avenue","PM2.5","Forsyth",36.11094,-80.224501
2025-08-21,35,"Hattie Avenue","PM2.5","Forsyth",36.11094,-80.224501
2025-08-22,23,"Hattie Avenue","PM2.5","Forsyth",36.11094,-80.224501
2025-08-23,36,"Hattie Avenue","PM2.5","Forsyth",36.11094,-80.224501
2025-08-24,39,"Hattie Avenue","PM2.5","Forsyth",36.11094,-80.224501
2025-08-25,30,"Hattie Avenue","PM2.5","Forsyth",36.11094,-80.224501
2025-08-26,26,"Hattie Avenue","PM2.5","Forsyth",36.11094,-80.224501
2025-08-27,29,"Hattie Avenue","PM2.5","Forsyth",36.11094,-80.224501
2025-08-28,42,"Hattie Avenue","PM2.5","Forsyth",36.11094,-80.224501
2025-08-29,43,"Hattie Avenue","PM2.5","Forsyth",36.11094,-80.224501
2025-08-30,39,"Hattie Avenue","PM2.5","Forsyth",36.11094,-80.224501
2025-08-31,34,"Hattie Avenue","PM2.5","Forsyth",36.11094,-80.224501
2025-09-01,24,"Hattie Avenue","PM2.5","Forsyth",36.11094,-80.224501
2025-09-02,23,"Hattie Avenue","PM2.5","Forsyth",36.11094,-80.224501
2025-09-03,37,"Hattie Avenue","PM2.5","Forsyth",36.11094,-80.224501
2025-09-04,51,"Hattie Avenue","PM2.5","Forsyth",36.11094,-80.224501
2025-09-05,55,"Hattie Avenue","PM2.5","Forsyth",36.11094,-80.224501
2025-09-06,61,"Hattie Avenue","PM2.5","Forsyth",36.11094,-80.224501
2025-09-07,40,"Hattie Avenue","PM2.5","Forsyth",36.11094,-80.224501
2025-09-08,24,"Hattie Avenue","PM2.5","Forsyth",36.11094,-80.224501
2025-09-09,22,"Hattie Avenue","PM2.5","Forsyth",36.11094,-80.224501
2025-09-10,27,"Hattie Avenue","PM2.5","Forsyth",36.11094,-80.224501
2025-09-11,31,"Hattie Avenue","PM2.5","Forsyth",36.11094,-80.224501
2025-09-12,39,"Hattie Avenue","PM2.5","Forsyth",36.11094,-80.224501
2025-09-13,41,"Hattie Avenue","PM2.5","Forsyth",36.11094,-80.224501
2025-09-14,51,"Hattie Avenue","PM2.5","Forsyth",36.11094,-80.224501
2025-09-15,54,"Hattie Avenue","PM2.5","Forsyth",36.11094,-80.224501
2025-09-16,41,"Hattie Avenue","PM2.5","Forsyth",36.11094,-80.224501
2025-09-17,41,"Hattie Avenue","PM2.5","Forsyth",36.11094,-80.224501
2025-09-18,30,"Hattie Avenue","PM2.5","Forsyth",36.11094,-80.224501
2025-09-19,52,"Hattie Avenue","PM2.5","Forsyth",36.11094,-80.224501
2025-09-20,55,"Hattie Avenue","PM2.5","Forsyth",36.11094,-80.224501
2025-09-21,57,"Hattie Avenue","PM2.5","Forsyth",36.11094,-80.224501
2025-09-22,56,"Hattie Avenue","PM2.5","Forsyth",36.11094,-80.224501
2025-09-23,58,"Hattie Avenue","PM2.5","Forsyth",36.11094,-80.224501
2025-09-24,59,"Hattie Avenue","PM2.5","Forsyth",36.11094,-80.224501
2025-09-25,43,"Hattie Avenue","PM2.5","Forsyth",36.11094,-80.224501
2025-09-26,26,"Hattie Avenue","PM2.5","Forsyth",36.11094,-80.224501
2025-09-27,17,"Hattie Avenue","PM2.5","Forsyth",36.11094,-80.224501
2025-09-28,28,"Hattie Avenue","PM2.5","Forsyth",36.11094,-80.224501
2025-09-29,38,"Hattie Avenue","PM2.5","Forsyth",36.11094,-80.224501
2025-09-30,41,"Hattie Avenue","PM2.5","Forsyth",36.11094,-80.224501
2025-10-01,49,"Hattie Avenue","PM2.5","Forsyth",36.11094,-80.224501
2025-10-02,34,"Hattie Avenue","PM2.5","Forsyth",36.11094,-80.224501
2025-10-03,28,"Hattie Avenue","PM2.5","Forsyth",36.11094,-80.224501
2025-10-04,38,"Hattie Avenue","PM2.5","Forsyth",36.11094,-80.224501
2025-10-05,30,"Hattie Avenue","PM2.5","Forsyth",36.11094,-80.224501
2025-10-06,28,"Hattie Avenue","PM2.5","Forsyth",36.11094,-80.224501
2025-10-07,26,"Hattie Avenue","PM2.5","Forsyth",36.11094,-80.224501
2025-10-08,20,"Hattie Avenue","PM2.5","Forsyth",36.11094,-80.224501
2025-10-09,20,"Hattie Avenue","PM2.5","Forsyth",36.11094,-80.224501
2025-10-10,27,"Hattie Avenue","PM2.5","Forsyth",36.11094,-80.224501
2025-10-11,24,"Hattie Avenue","PM2.5","Forsyth",36.11094,-80.224501
2025-10-12,13,"Hattie Avenue","PM2.5","Forsyth",36.11094,-80.224501
2025-10-13,11,"Hattie Avenue","PM2.5","Forsyth",36.11094,-80.224501
2025-10-14,19,"Hattie Avenue","PM2.5","Forsyth",36.11094,-80.224501
2025-10-15,22,"Hattie Avenue","PM2.5","Forsyth",36.11094,-80.224501
2025-10-16,31,"Hattie Avenue","PM2.5","Forsyth",36.11094,-80.224501
2025-10-17,23,"Hattie Avenue","PM2.5","Forsyth",36.11094,-80.224501
2025-10-18,55,"Hattie Avenue","PM2.5","Forsyth",36.11094,-80.224501
2025-10-19,29,"Hattie Avenue","PM2.5","Forsyth",36.11094,-80.224501
2025-10-20,20,"Hattie Avenue","PM2.5","Forsyth",36.11094,-80.224501
2025-10-21,41,"Hattie Avenue","PM2.5","Forsyth",36.11094,-80.224501
2025-10-22,20,"Hattie Avenue","PM2.5","Forsyth",36.11094,-80.224501
2025-10-23,26,"Hattie Avenue","PM2.5","Forsyth",36.11094,-80.224501
2025-10-24,23,"Hattie Avenue","PM2.5","Forsyth",36.11094,-80.224501
2025-10-25,36,"Hattie Avenue","PM2.5","Forsyth",36.11094,-80.224501
2025-10-26,35,"Hattie Avenue","PM2.5","Forsyth",36.11094,-80.224501
2025-10-27,30,"Hattie Avenue","PM2.5","Forsyth",36.11094,-80.224501
2025-10-28,19,"Hattie Avenue","PM2.5","Forsyth",36.11094,-80.224501
2025-10-29,18,"Hattie Avenue","PM2.5","Forsyth",36.11094,-80.224501
2025-10-30,10,"Hattie Avenue","PM2.5","Forsyth",36.11094,-80.224501
2025-10-31,22,"Hattie Avenue","PM2.5","Forsyth",36.11094,-80.224501
2025-11-01,46,"Hattie Avenue","PM2.5","Forsyth",36.11094,-80.224501
2025-11-02,56,"Hattie Avenue","PM2.5","Forsyth",36.11094,-80.224501
2025-11-03,39,"Hattie Avenue","PM2.5","Forsyth",36.11094,-80.224501
2025-11-04,27,"Hattie Avenue","PM2.5","Forsyth",36.11094,-80.224501
2025-11-05,54,"Hattie Avenue","PM2.5","Forsyth",36.11094,-80.224501
2025-11-06,39,"Hattie Avenue","PM2.5","Forsyth",36.11094,-80.224501
2025-11-07,58,"Hattie Avenue","PM2.5","Forsyth",36.11094,-80.224501
2025-11-08,63,"Hattie Avenue","PM2.5","Forsyth",36.11094,-80.224501
2025-11-09,58,"Hattie Avenue","PM2.5","Forsyth",36.11094,-80.224501
2025-11-10,11,"Hattie Avenue","PM2.5","Forsyth",36.11094,-80.224501
2025-11-11,15,"Hattie Avenue","PM2.5","Forsyth",36.11094,-80.224501
2025-11-12,28,"Hattie Avenue","PM2.5","Forsyth",36.11094,-80.224501
2025-11-13,24,"Hattie Avenue","PM2.5","Forsyth",36.11094,-80.224501
2025-11-14,25,"Hattie Avenue","PM2.5","Forsyth",36.11094,-80.224501
2025-11-15,55,"Hattie Avenue","PM2.5","Forsyth",36.11094,-80.224501
2025-11-16,37,"Hattie Avenue","PM2.5","Forsyth",36.11094,-80.224501
2025-11-17,16,"Hattie Avenue","PM2.5","Forsyth",36.11094,-80.224501
2025-11-18,29,"Hattie Avenue","PM2.5","Forsyth",36.11094,-80.224501
2025-11-19,52,"Hattie Avenue","PM2.5","Forsyth",36.11094,-80.224501
2025-11-20,53,"Hattie Avenue","PM2.5","Forsyth",36.11094,-80.224501
2025-11-21,90,"Hattie Avenue","PM2.5","Forsyth",36.11094,-80.224501
2025-11-22,63,"Hattie Avenue","PM2.5","Forsyth",36.11094,-80.224501
2025-11-23,29,"Hattie Avenue","PM2.5","Forsyth",36.11094,-80.224501
2025-11-24,33,"Hattie Avenue","PM2.5","Forsyth",36.11094,-80.224501
2025-11-25,56,"Hattie Avenue","PM2.5","Forsyth",36.11094,-80.224501
2025-11-26,54,"Hattie Avenue","PM2.5","Forsyth",36.11094,-80.224501
2025-11-27,18,"Hattie Avenue","PM2.5","Forsyth",36.11094,-80.224501
2025-11-28,22,"Hattie Avenue","PM2.5","Forsyth",36.11094,-80.224501
2025-11-29,39,"Hattie Avenue","PM2.5","Forsyth",36.11094,-80.224501
2025-11-30,55,"Hattie Avenue","PM2.5","Forsyth",36.11094,-80.224501
2025-12-01,42,"Hattie Avenue","PM2.5","Forsyth",36.11094,-80.224501
2025-12-02,37,"Hattie Avenue","PM2.5","Forsyth",36.11094,-80.224501
2025-12-03,39,"Hattie Avenue","PM2.5","Forsyth",36.11094,-80.224501
2025-12-04,54,"Hattie Avenue","PM2.5","Forsyth",36.11094,-80.224501
2025-12-05,37,"Hattie Avenue","PM2.5","Forsyth",36.11094,-80.224501
2025-12-06,57,"Hattie Avenue","PM2.5","Forsyth",36.11094,-80.224501
2025-12-07,56,"Hattie Avenue","PM2.5","Forsyth",36.11094,-80.224501
2025-12-08,55,"Hattie Avenue","PM2.5","Forsyth",36.11094,-80.224501
2025-12-09,44,"Hattie Avenue","PM2.5","Forsyth",36.11094,-80.224501
2025-12-10,53,"Hattie Avenue","PM2.5","Forsyth",36.11094,-80.224501
2025-12-11,18,"Hattie Avenue","PM2.5","Forsyth",36.11094,-80.224501
2025-12-12,43,"Hattie Avenue","PM2.5","Forsyth",36.11094,-80.224501
2025-12-13,64,"Hattie Avenue","PM2.5","Forsyth",36.11094,-80.224501
2025-12-14,39,"Hattie Avenue","PM2.5","Forsyth",36.11094,-80.224501
2025-12-15,25,"Hattie Avenue","PM2.5","Forsyth",36.11094,-80.224501
2025-12-16,52,"Hattie Avenue","PM2.5","Forsyth",36.11094,-80.224501
2025-12-17,78,"Hattie Avenue","PM2.5","Forsyth",36.11094,-80.224501
2025-12-18,74,"Hattie Avenue","PM2.5","Forsyth",36.11094,-80.224501
2025-12-19,14,"Hattie Avenue","PM2.5","Forsyth",36.11094,-80.224501
2025-12-20,23,"Hattie Avenue","PM2.5","Forsyth",36.11094,-80.224501
2025-12-21,32,"Hattie Avenue","PM2.5","Forsyth",36.11094,-80.224501
2025-12-22,20,"Hattie Avenue","PM2.5","Forsyth",36.11094,-80.224501
2025-12-23,37,"Hattie Avenue","PM2.5","Forsyth",36.11094,-80.224501
2025-12-24,53,"Hattie Avenue","PM2.5","Forsyth",36.11094,-80.224501
2025-12-25,54,"Hattie Avenue","PM2.5","Forsyth",36.11094,-80.224501
2025-12-26,43,"Hattie Avenue","PM2.5","Forsyth",36.11094,-80.224501
2025-12-27,54,"Hattie Avenue","PM2.5","Forsyth",36.11094,-80.224501
2025-12-28,39,"Hattie Avenue","PM2.5","Forsyth",36.11094,-80.224501
2025-12-29,26,"Hattie Avenue","PM2.5","Forsyth",36.11094,-80.224501
2025-12-30,21,"Hattie Avenue","PM2.5","Forsyth",36.11094,-80.224501
2025-12-31,18,"Hattie Avenue","PM2.5","Forsyth",36.11094,-80.224501
2025-01-01,7,"Clemmons Middle","PM2.5","Forsyth",36.026612,-80.341962
2025-01-07,14,"Clemmons Middle","PM2.5","Forsyth",36.026612,-80.341962
2025-01-13,69,"Clemmons Middle","PM2.5","Forsyth",36.026612,-80.341962
2025-01-19,53,"Clemmons Middle","PM2.5","Forsyth",36.026612,-80.341962
2025-01-25,52,"Clemmons Middle","PM2.5","Forsyth",36.026612,-80.341962
2025-01-31,52,"Clemmons Middle","PM2.5","Forsyth",36.026612,-80.341962
2025-02-06,56,"Clemmons Middle","PM2.5","Forsyth",36.026612,-80.341962
2025-02-12,8,"Clemmons Middle","PM2.5","Forsyth",36.026612,-80.341962
2025-02-18,29,"Clemmons Middle","PM2.5","Forsyth",36.026612,-80.341962
2025-02-24,52,"Clemmons Middle","PM2.5","Forsyth",36.026612,-80.341962
2025-03-02,16,"Clemmons Middle","PM2.5","Forsyth",36.026612,-80.341962
2025-03-08,31,"Clemmons Middle","PM2.5","Forsyth",36.026612,-80.341962
2025-03-14,61,"Clemmons Middle","PM2.5","Forsyth",36.026612,-80.341962
2025-03-20,54,"Clemmons Middle","PM2.5","Forsyth",36.026612,-80.341962
2025-03-26,24,"Clemmons Middle","PM2.5","Forsyth",36.026612,-80.341962
2025-04-01,11,"Clemmons Middle","PM2.5","Forsyth",36.026612,-80.341962
2025-04-07,28,"Clemmons Middle","PM2.5","Forsyth",36.026612,-80.341962
2025-04-19,54,"Clemmons Middle","PM2.5","Forsyth",36.026612,-80.341962
2025-04-25,66,"Clemmons Middle","PM2.5","Forsyth",36.026612,-80.341962
2025-05-01,52,"Clemmons Middle","PM2.5","Forsyth",36.026612,-80.341962
2025-05-07,36,"Clemmons Middle","PM2.5","Forsyth",36.026612,-80.341962
2025-05-13,39,"Clemmons Middle","PM2.5","Forsyth",36.026612,-80.341962
2025-05-19,48,"Clemmons Middle","PM2.5","Forsyth",36.026612,-80.341962
2025-05-31,50,"Clemmons Middle","PM2.5","Forsyth",36.026612,-80.341962
2025-06-18,26,"Clemmons Middle","PM2.5","Forsyth",36.026612,-80.341962
2025-06-24,61,"Clemmons Middle","PM2.5","Forsyth",36.026612,-80.341962
2025-06-30,53,"Clemmons Middle","PM2.5","Forsyth",36.026612,-80.341962
2025-07-06,40,"Clemmons Middle","PM2.5","Forsyth",36.026612,-80.341962
2025-07-12,41,"Clemmons Middle","PM2.5","Forsyth",36.026612,-80.341962
2025-07-18,42,"Clemmons Middle","PM2.5","Forsyth",36.026612,-80.341962
2025-07-24,55,"Clemmons Middle","PM2.5","Forsyth",36.026612,-80.341962
2025-07-30,52,"Clemmons Middle","PM2.5","Forsyth",36.026612,-80.341962
2025-08-05,42,"Clemmons Middle","PM2.5","Forsyth",36.026612,-80.341962
2025-08-11,27,"Clemmons Middle","PM2.5","Forsyth",36.026612,-80.341962
2025-08-17,53,"Clemmons Middle","PM2.5","Forsyth",36.026612,-80.341962
2025-08-29,39,"Clemmons Middle","PM2.5","Forsyth",36.026612,-80.341962
2025-09-01,29,"Clemmons Middle","PM2.5","Forsyth",36.026612,-80.341962
2025-09-04,44,"Clemmons Middle","PM2.5","Forsyth",36.026612,-80.341962
2025-09-10,39,"Clemmons Middle","PM2.5","Forsyth",36.026612,-80.341962
2025-09-16,37,"Clemmons Middle","PM2.5","Forsyth",36.026612,-80.341962
2025-09-22,53,"Clemmons Middle","PM2.5","Forsyth",36.026612,-80.341962
2025-10-04,39,"Clemmons Middle","PM2.5","Forsyth",36.026612,-80.341962
2025-10-10,21,"Clemmons Middle","PM2.5","Forsyth",36.026612,-80.341962
2025-10-16,22,"Clemmons Middle","PM2.5","Forsyth",36.026612,-80.341962
2025-10-22,19,"Clemmons Middle","PM2.5","Forsyth",36.026612,-80.341962
2025-11-09,53,"Clemmons Middle","PM2.5","Forsyth",36.026612,-80.341962
2025-11-15,55,"Clemmons Middle","PM2.5","Forsyth",36.026612,-80.341962
2025-11-21,75,"Clemmons Middle","PM2.5","Forsyth",36.026612,-80.341962
2025-11-27,13,"Clemmons Middle","PM2.5","Forsyth",36.026612,-80.341962
2025-12-03,33,"Clemmons Middle","PM2.5","Forsyth",36.026612,-80.341962
2025-12-09,33,"Clemmons Middle","PM2.5","Forsyth",36.026612,-80.341962
2025-12-15,24,"Clemmons Middle","PM2.5","Forsyth",36.026612,-80.341962
2025-12-21,39,"Clemmons Middle","PM2.5","Forsyth",36.026612,-80.341962
2025-12-27,47,"Clemmons Middle","PM2.5","Forsyth",36.026612,-80.341962
2025-01-01,6,"Clemmons Middle","PM2.5","Forsyth",36.026612,-80.341962
2025-01-02,26,"Clemmons Middle","PM2.5","Forsyth",36.026612,-80.341962
2025-01-03,25,"Clemmons Middle","PM2.5","Forsyth",36.026612,-80.341962
2025-01-04,18,"Clemmons Middle","PM2.5","Forsyth",36.026612,-80.341962
2025-01-05,49,"Clemmons Middle","PM2.5","Forsyth",36.026612,-80.341962
2025-01-06,42,"Clemmons Middle","PM2.5","Forsyth",36.026612,-80.341962
2025-01-07,17,"Clemmons Middle","PM2.5","Forsyth",36.026612,-80.341962
2025-01-08,33,"Clemmons Middle","PM2.5","Forsyth",36.026612,-80.341962
2025-01-09,33,"Clemmons Middle","PM2.5","Forsyth",36.026612,-80.341962
2025-01-10,52,"Clemmons Middle","PM2.5","Forsyth",36.026612,-80.341962
2025-01-11,54,"Clemmons Middle","PM2.5","Forsyth",36.026612,-80.341962
2025-01-12,45,"Clemmons Middle","PM2.5","Forsyth",36.026612,-80.341962
2025-01-13,56,"Clemmons Middle","PM2.5","Forsyth",36.026612,-80.341962
2025-01-14,23,"Clemmons Middle","PM2.5","Forsyth",36.026612,-80.341962
2025-01-15,38,"Clemmons Middle","PM2.5","Forsyth",36.026612,-80.341962
2025-01-16,53,"Clemmons Middle","PM2.5","Forsyth",36.026612,-80.341962
2025-01-17,38,"Clemmons Middle","PM2.5","Forsyth",36.026612,-80.341962
2025-01-18,52,"Clemmons Middle","PM2.5","Forsyth",36.026612,-80.341962
2025-01-19,57,"Clemmons Middle","PM2.5","Forsyth",36.026612,-80.341962
2025-01-20,36,"Clemmons Middle","PM2.5","Forsyth",36.026612,-80.341962
2025-01-21,35,"Clemmons Middle","PM2.5","Forsyth",36.026612,-80.341962
2025-01-22,52,"Clemmons Middle","PM2.5","Forsyth",36.026612,-80.341962
2025-01-23,74,"Clemmons Middle","PM2.5","Forsyth",36.026612,-80.341962
2025-01-24,70,"Clemmons Middle","PM2.5","Forsyth",36.026612,-80.341962
2025-01-25,58,"Clemmons Middle","PM2.5","Forsyth",36.026612,-80.341962
2025-01-26,61,"Clemmons Middle","PM2.5","Forsyth",36.026612,-80.341962
2025-01-27,54,"Clemmons Middle","PM2.5","Forsyth",36.026612,-80.341962
2025-01-28,35,"Clemmons Middle","PM2.5","Forsyth",36.026612,-80.341962
2025-01-29,29,"Clemmons Middle","PM2.5","Forsyth",36.026612,-80.341962
2025-01-30,41,"Clemmons Middle","PM2.5","Forsyth",36.026612,-80.341962
2025-01-31,54,"Clemmons Middle","PM2.5","Forsyth",36.026612,-80.341962
2025-02-01,27,"Clemmons Middle","PM2.5","Forsyth",36.026612,-80.341962
2025-02-02,30,"Clemmons Middle","PM2.5","Forsyth",36.026612,-80.341962
2025-02-03,57,"Clemmons Middle","PM2.5","Forsyth",36.026612,-80.341962
2025-02-04,38,"Clemmons Middle","PM2.5","Forsyth",36.026612,-80.341962
2025-02-05,33,"Clemmons Middle","PM2.5","Forsyth",36.026612,-80.341962
2025-02-06,58,"Clemmons Middle","PM2.5","Forsyth",36.026612,-80.341962
2025-02-07,38,"Clemmons Middle","PM2.5","Forsyth",36.026612,-80.341962
2025-02-08,30,"Clemmons Middle","PM2.5","Forsyth",36.026612,-80.341962
2025-02-09,38,"Clemmons Middle","PM2.5","Forsyth",36.026612,-80.341962
2025-02-10,34,"Clemmons Middle","PM2.5","Forsyth",36.026612,-80.341962
2025-02-11,51,"Clemmons Middle","PM2.5","Forsyth",36.026612,-80.341962
2025-02-12,12,"Clemmons Middle","PM2.5","Forsyth",36.026612,-80.341962
2025-02-13,21,"Clemmons Middle","PM2.5","Forsyth",36.026612,-80.341962
2025-02-14,33,"Clemmons Middle","PM2.5","Forsyth",36.026612,-80.341962
2025-02-15,41,"Clemmons Middle","PM2.5","Forsyth",36.026612,-80.341962
2025-02-16,14,"Clemmons Middle","PM2.5","Forsyth",36.026612,-80.341962
2025-02-17,20,"Clemmons Middle","PM2.5","Forsyth",36.026612,-80.341962
2025-02-18,29,"Clemmons Middle","PM2.5","Forsyth",36.026612,-80.341962
2025-02-19,31,"Clemmons Middle","PM2.5","Forsyth",36.026612,-80.341962
2025-02-20,33,"Clemmons Middle","PM2.5","Forsyth",36.026612,-80.341962
2025-02-21,22,"Clemmons Middle","PM2.5","Forsyth",36.026612,-80.341962
2025-02-22,31,"Clemmons Middle","PM2.5","Forsyth",36.026612,-80.341962
2025-02-23,44,"Clemmons Middle","PM2.5","Forsyth",36.026612,-80.341962
2025-02-24,53,"Clemmons Middle","PM2.5","Forsyth",36.026612,-80.341962
2025-02-25,52,"Clemmons Middle","PM2.5","Forsyth",36.026612,-80.341962
2025-02-26,39,"Clemmons Middle","PM2.5","Forsyth",36.026612,-80.341962
2025-02-27,55,"Clemmons Middle","PM2.5","Forsyth",36.026612,-80.341962
2025-02-28,13,"Clemmons Middle","PM2.5","Forsyth",36.026612,-80.341962
2025-03-01,28,"Clemmons Middle","PM2.5","Forsyth",36.026612,-80.341962
2025-03-02,20,"Clemmons Middle","PM2.5","Forsyth",36.026612,-80.341962
2025-03-03,48,"Clemmons Middle","PM2.5","Forsyth",36.026612,-80.341962
2025-03-04,35,"Clemmons Middle","PM2.5","Forsyth",36.026612,-80.341962
2025-03-05,34,"Clemmons Middle","PM2.5","Forsyth",36.026612,-80.341962
2025-03-06,9,"Clemmons Middle","PM2.5","Forsyth",36.026612,-80.341962
2025-03-07,23,"Clemmons Middle","PM2.5","Forsyth",36.026612,-80.341962
2025-03-08,33,"Clemmons Middle","PM2.5","Forsyth",36.026612,-80.341962
2025-03-09,22,"Clemmons Middle","PM2.5","Forsyth",36.026612,-80.341962
2025-03-10,30,"Clemmons Middle","PM2.5","Forsyth",36.026612,-80.341962
2025-03-11,31,"Clemmons Middle","PM2.5","Forsyth",36.026612,-80.341962
2025-03-12,52,"Clemmons Middle","PM2.5","Forsyth",36.026612,-80.341962
2025-03-13,62,"Clemmons Middle","PM2.5","Forsyth",36.026612,-80.341962
2025-03-14,71,"Clemmons Middle","PM2.5","Forsyth",36.026612,-80.341962
2025-03-15,63,"Clemmons Middle","PM2.5","Forsyth",36.026612,-80.341962
2025-03-16,43,"Clemmons Middle","PM2.5","Forsyth",36.026612,-80.341962
2025-03-17,20,"Clemmons Middle","PM2.5","Forsyth",36.026612,-80.341962
2025-03-18,22,"Clemmons Middle","PM2.5","Forsyth",36.026612,-80.341962
2025-03-19,52,"Clemmons Middle","PM2.5","Forsyth",36.026612,-80.341962
2025-03-20,58,"Clemmons Middle","PM2.5","Forsyth",36.026612,-80.341962
2025-03-21,20,"Clemmons Middle","PM2.5","Forsyth",36.026612,-80.341962
2025-03-22,49,"Clemmons Middle","PM2.5","Forsyth",36.026612,-80.341962
2025-03-23,24,"Clemmons Middle","PM2.5","Forsyth",36.026612,-80.341962
2025-03-24,53,"Clemmons Middle","PM2.5","Forsyth",36.026612,-80.341962
2025-03-25,15,"Clemmons Middle","PM2.5","Forsyth",36.026612,-80.341962
2025-03-26,19,"Clemmons Middle","PM2.5","Forsyth",36.026612,-80.341962
2025-03-27,23,"Clemmons Middle","PM2.5","Forsyth",36.026612,-80.341962
2025-03-28,52,"Clemmons Middle","PM2.5","Forsyth",36.026612,-80.341962
2025-03-29,41,"Clemmons Middle","PM2.5","Forsyth",36.026612,-80.341962
2025-03-30,36,"Clemmons Middle","PM2.5","Forsyth",36.026612,-80.341962
2025-03-31,33,"Clemmons Middle","PM2.5","Forsyth",36.026612,-80.341962
2025-04-01,9,"Clemmons Middle","PM2.5","Forsyth",36.026612,-80.341962
2025-04-02,39,"Clemmons Middle","PM2.5","Forsyth",36.026612,-80.341962
2025-04-03,47,"Clemmons Middle","PM2.5","Forsyth",36.026612,-80.341962
2025-04-04,52,"Clemmons Middle","PM2.5","Forsyth",36.026612,-80.341962
2025-04-05,52,"Clemmons Middle","PM2.5","Forsyth",36.026612,-80.341962
2025-04-06,32,"Clemmons Middle","PM2.5","Forsyth",36.026612,-80.341962
2025-04-07,27,"Clemmons Middle","PM2.5","Forsyth",36.026612,-80.341962
2025-04-08,23,"Clemmons Middle","PM2.5","Forsyth",36.026612,-80.341962
2025-04-09,24,"Clemmons Middle","PM2.5","Forsyth",36.026612,-80.341962
2025-04-10,52,"Clemmons Middle","PM2.5","Forsyth",36.026612,-80.341962
2025-04-11,35,"Clemmons Middle","PM2.5","Forsyth",36.026612,-80.341962
2025-04-12,38,"Clemmons Middle","PM2.5","Forsyth",36.026612,-80.341962
2025-04-13,26,"Clemmons Middle","PM2.5","Forsyth",36.026612,-80.341962
2025-04-14,53,"Clemmons Middle","PM2.5","Forsyth",36.026612,-80.341962
2025-04-15,36,"Clemmons Middle","PM2.5","Forsyth",36.026612,-80.341962
2025-04-16,26,"Clemmons Middle","PM2.5","Forsyth",36.026612,-80.341962
2025-04-17,34,"Clemmons Middle","PM2.5","Forsyth",36.026612,-80.341962
2025-04-18,55,"Clemmons Middle","PM2.5","Forsyth",36.026612,-80.341962
2025-04-19,56,"Clemmons Middle","PM2.5","Forsyth",36.026612,-80.341962
2025-04-20,60,"Clemmons Middle","PM2.5","Forsyth",36.026612,-80.341962
2025-04-21,53,"Clemmons Middle","PM2.5","Forsyth",36.026612,-80.341962
2025-04-22,53,"Clemmons Middle","PM2.5","Forsyth",36.026612,-80.341962
2025-04-23,39,"Clemmons Middle","PM2.5","Forsyth",36.026612,-80.341962
2025-04-24,55,"Clemmons Middle","PM2.5","Forsyth",36.026612,-80.341962
2025-04-25,56,"Clemmons Middle","PM2.5","Forsyth",36.026612,-80.341962
2025-04-26,38,"Clemmons Middle","PM2.5","Forsyth",36.026612,-80.341962
2025-04-27,28,"Clemmons Middle","PM2.5","Forsyth",36.026612,-80.341962
2025-04-28,36,"Clemmons Middle","PM2.5","Forsyth",36.026612,-80.341962
2025-04-29,49,"Clemmons Middle","PM2.5","Forsyth",36.026612,-80.341962
2025-04-30,52,"Clemmons Middle","PM2.5","Forsyth",36.026612,-80.341962
2025-05-01,53,"Clemmons Middle","PM2.5","Forsyth",36.026612,-80.341962
2025-05-02,48,"Clemmons Middle","PM2.5","Forsyth",36.026612,-80.341962
2025-05-03,43,"Clemmons Middle","PM2.5","Forsyth",36.026612,-80.341962
2025-05-04,21,"Clemmons Middle","PM2.5","Forsyth",36.026612,-80.341962
2025-05-05,33,"Clemmons Middle","PM2.5","Forsyth",36.026612,-80.341962
2025-05-06,26,"Clemmons Middle","PM2.5","Forsyth",36.026612,-80.341962
2025-05-07,33,"Clemmons Middle","PM2.5","Forsyth",36.026612,-80.341962
2025-05-08,36,"Clemmons Middle","PM2.5","Forsyth",36.026612,-80.341962
2025-05-09,30,"Clemmons Middle","PM2.5","Forsyth",36.026612,-80.341962
2025-05-10,33,"Clemmons Middle","PM2.5","Forsyth",36.026612,-80.341962
2025-05-11,41,"Clemmons Middle","PM2.5","Forsyth",36.026612,-80.341962
2025-05-12,24,"Clemmons Middle","PM2.5","Forsyth",36.026612,-80.341962
2025-05-13,21,"Clemmons Middle","PM2.5","Forsyth",36.026612,-80.341962
2025-05-14,29,"Clemmons Middle","PM2.5","Forsyth",36.026612,-80.341962
2025-05-15,52,"Clemmons Middle","PM2.5","Forsyth",36.026612,-80.341962
2025-05-16,59,"Clemmons Middle","PM2.5","Forsyth",36.026612,-80.341962
2025-05-17,31,"Clemmons Middle","PM2.5","Forsyth",36.026612,-80.341962
2025-05-18,22,"Clemmons Middle","PM2.5","Forsyth",36.026612,-80.341962
2025-05-19,31,"Clemmons Middle","PM2.5","Forsyth",36.026612,-80.341962
2025-05-20,37,"Clemmons Middle","PM2.5","Forsyth",36.026612,-80.341962
2025-05-21,38,"Clemmons Middle","PM2.5","Forsyth",36.026612,-80.341962
2025-05-22,14,"Clemmons Middle","PM2.5","Forsyth",36.026612,-80.341962
2025-05-23,14,"Clemmons Middle","PM2.5","Forsyth",36.026612,-80.341962
2025-05-24,24,"Clemmons Middle","PM2.5","Forsyth",36.026612,-80.341962
2025-05-25,36,"Clemmons Middle","PM2.5","Forsyth",36.026612,-80.341962
2025-05-26,33,"Clemmons Middle","PM2.5","Forsyth",36.026612,-80.341962
2025-05-27,15,"Clemmons Middle","PM2.5","Forsyth",36.026612,-80.341962
2025-05-28,14,"Clemmons Middle","PM2.5","Forsyth",36.026612,-80.341962
2025-05-29,38,"Clemmons Middle","PM2.5","Forsyth",36.026612,-80.341962
2025-05-30,22,"Clemmons Middle","PM2.5","Forsyth",36.026612,-80.341962
2025-05-31,55,"Clemmons Middle","PM2.5","Forsyth",36.026612,-80.341962
2025-06-01,62,"Clemmons Middle","PM2.5","Forsyth",36.026612,-80.341962
2025-06-02,43,"Clemmons Middle","PM2.5","Forsyth",36.026612,-80.341962
2025-06-03,54,"Clemmons Middle","PM2.5","Forsyth",36.026612,-80.341962
2025-06-04,67,"Clemmons Middle","PM2.5","Forsyth",36.026612,-80.341962
2025-06-05,52,"Clemmons Middle","PM2.5","Forsyth",36.026612,-80.341962
2025-06-06,52,"Clemmons Middle","PM2.5","Forsyth",36.026612,-80.341962
2025-06-07,31,"Clemmons Middle","PM2.5","Forsyth",36.026612,-80.341962
2025-06-08,29,"Clemmons Middle","PM2.5","Forsyth",36.026612,-80.341962
2025-06-09,31,"Clemmons Middle","PM2.5","Forsyth",36.026612,-80.341962
2025-06-10,32,"Clemmons Middle","PM2.5","Forsyth",36.026612,-80.341962
2025-06-11,56,"Clemmons Middle","PM2.5","Forsyth",36.026612,-80.341962
2025-06-12,62,"Clemmons Middle","PM2.5","Forsyth",36.026612,-80.341962
2025-06-13,25,"Clemmons Middle","PM2.5","Forsyth",36.026612,-80.341962
2025-06-14,22,"Clemmons Middle","PM2.5","Forsyth",36.026612,-80.341962
2025-06-15,28,"Clemmons Middle","PM2.5","Forsyth",36.026612,-80.341962
2025-06-16,31,"Clemmons Middle","PM2.5","Forsyth",36.026612,-80.341962
2025-06-17,29,"Clemmons Middle","PM2.5","Forsyth",36.026612,-80.341962
2025-06-18,20,"Clemmons Middle","PM2.5","Forsyth",36.026612,-80.341962
2025-06-19,31,"Clemmons Middle","PM2.5","Forsyth",36.026612,-80.341962
2025-06-20,32,"Clemmons Middle","PM2.5","Forsyth",36.026612,-80.341962
2025-06-21,43,"Clemmons Middle","PM2.5","Forsyth",36.026612,-80.341962
2025-06-22,53,"Clemmons Middle","PM2.5","Forsyth",36.026612,-80.341962
2025-06-23,58,"Clemmons Middle","PM2.5","Forsyth",36.026612,-80.341962
2025-06-24,62,"Clemmons Middle","PM2.5","Forsyth",36.026612,-80.341962
2025-06-25,62,"Clemmons Middle","PM2.5","Forsyth",36.026612,-80.341962
2025-06-26,53,"Clemmons Middle","PM2.5","Forsyth",36.026612,-80.341962
2025-06-27,53,"Clemmons Middle","PM2.5","Forsyth",36.026612,-80.341962
2025-06-28,51,"Clemmons Middle","PM2.5","Forsyth",36.026612,-80.341962
2025-06-29,39,"Clemmons Middle","PM2.5","Forsyth",36.026612,-80.341962
2025-06-30,48,"Clemmons Middle","PM2.5","Forsyth",36.026612,-80.341962
2025-07-01,43,"Clemmons Middle","PM2.5","Forsyth",36.026612,-80.341962
2025-07-02,26,"Clemmons Middle","PM2.5","Forsyth",36.026612,-80.341962
2025-07-03,47,"Clemmons Middle","PM2.5","Forsyth",36.026612,-80.341962
2025-07-04,66,"Clemmons Middle","PM2.5","Forsyth",36.026612,-80.341962
2025-07-05,70,"Clemmons Middle","PM2.5","Forsyth",36.026612,-80.341962
2025-07-06,45,"Clemmons Middle","PM2.5","Forsyth",36.026612,-80.341962
2025-07-07,51,"Clemmons Middle","PM2.5","Forsyth",36.026612,-80.341962
2025-07-08,60,"Clemmons Middle","PM2.5","Forsyth",36.026612,-80.341962
2025-07-09,53,"Clemmons Middle","PM2.5","Forsyth",36.026612,-80.341962
2025-07-10,31,"Clemmons Middle","PM2.5","Forsyth",36.026612,-80.341962
2025-07-11,43,"Clemmons Middle","PM2.5","Forsyth",36.026612,-80.341962
2025-07-12,38,"Clemmons Middle","PM2.5","Forsyth",36.026612,-80.341962
2025-07-13,42,"Clemmons Middle","PM2.5","Forsyth",36.026612,-80.341962
2025-07-14,39,"Clemmons Middle","PM2.5","Forsyth",36.026612,-80.341962
2025-07-15,39,"Clemmons Middle","PM2.5","Forsyth",36.026612,-80.341962
2025-07-16,31,"Clemmons Middle","PM2.5","Forsyth",36.026612,-80.341962
2025-07-17,39,"Clemmons Middle","PM2.5","Forsyth",36.026612,-80.341962
2025-07-18,32,"Clemmons Middle","PM2.5","Forsyth",36.026612,-80.341962
2025-07-19,23,"Clemmons Middle","PM2.5","Forsyth",36.026612,-80.341962
2025-07-20,37,"Clemmons Middle","PM2.5","Forsyth",36.026612,-80.341962
2025-07-21,41,"Clemmons Middle","PM2.5","Forsyth",36.026612,-80.341962
2025-07-22,49,"Clemmons Middle","PM2.5","Forsyth",36.026612,-80.341962
2025-07-23,59,"Clemmons Middle","PM2.5","Forsyth",36.026612,-80.341962
2025-07-24,56,"Clemmons Middle","PM2.5","Forsyth",36.026612,-80.341962
2025-07-25,53,"Clemmons Middle","PM2.5","Forsyth",36.026612,-80.341962
2025-07-26,54,"Clemmons Middle","PM2.5","Forsyth",36.026612,-80.341962
2025-07-27,32,"Clemmons Middle","PM2.5","Forsyth",36.026612,-80.341962
2025-07-28,28,"Clemmons Middle","PM2.5","Forsyth",36.026612,-80.341962
2025-07-29,34,"Clemmons Middle","PM2.5","Forsyth",36.026612,-80.341962
2025-07-30,44,"Clemmons Middle","PM2.5","Forsyth",36.026612,-80.341962
2025-07-31,27,"Clemmons Middle","PM2.5","Forsyth",36.026612,-80.341962
2025-08-01,28,"Clemmons Middle","PM2.5","Forsyth",36.026612,-80.341962
2025-08-02,28,"Clemmons Middle","PM2.5","Forsyth",36.026612,-80.341962
2025-08-03,46,"Clemmons Middle","PM2.5","Forsyth",36.026612,-80.341962
2025-08-04,48,"Clemmons Middle","PM2.5","Forsyth",36.026612,-80.341962
2025-08-05,38,"Clemmons Middle","PM2.5","Forsyth",36.026612,-80.341962
2025-08-06,36,"Clemmons Middle","PM2.5","Forsyth",36.026612,-80.341962
2025-08-07,64,"Clemmons Middle","PM2.5","Forsyth",36.026612,-80.341962
2025-08-08,85,"Clemmons Middle","PM2.5","Forsyth",36.026612,-80.341962
2025-08-09,61,"Clemmons Middle","PM2.5","Forsyth",36.026612,-80.341962
2025-08-10,51,"Clemmons Middle","PM2.5","Forsyth",36.026612,-80.341962
2025-08-11,25,"Clemmons Middle","PM2.5","Forsyth",36.026612,-80.341962
2025-08-12,18,"Clemmons Middle","PM2.5","Forsyth",36.026612,-80.341962
2025-08-13,26,"Clemmons Middle","PM2.5","Forsyth",36.026612,-80.341962
2025-08-14,20,"Clemmons Middle","PM2.5","Forsyth",36.026612,-80.341962
2025-08-15,37,"Clemmons Middle","PM2.5","Forsyth",36.026612,-80.341962
2025-08-16,51,"Clemmons Middle","PM2.5","Forsyth",36.026612,-80.341962
2025-08-17,52,"Clemmons Middle","PM2.5","Forsyth",36.026612,-80.341962
2025-08-18,47,"Clemmons Middle","PM2.5","Forsyth",36.026612,-80.341962
2025-08-19,36,"Clemmons Middle","PM2.5","Forsyth",36.026612,-80.341962
2025-08-20,44,"Clemmons Middle","PM2.5","Forsyth",36.026612,-80.341962
2025-08-21,35,"Clemmons Middle","PM2.5","Forsyth",36.026612,-80.341962
2025-08-22,24,"Clemmons Middle","PM2.5","Forsyth",36.026612,-80.341962
2025-08-23,33,"Clemmons Middle","PM2.5","Forsyth",36.026612,-80.341962
2025-08-24,33,"Clemmons Middle","PM2.5","Forsyth",36.026612,-80.341962
2025-08-25,27,"Clemmons Middle","PM2.5","Forsyth",36.026612,-80.341962
2025-08-26,23,"Clemmons Middle","PM2.5","Forsyth",36.026612,-80.341962
2025-08-27,24,"Clemmons Middle","PM2.5","Forsyth",36.026612,-80.341962
2025-08-28,43,"Clemmons Middle","PM2.5","Forsyth",36.026612,-80.341962
2025-08-29,38,"Clemmons Middle","PM2.5","Forsyth",36.026612,-80.341962
2025-08-30,36,"Clemmons Middle","PM2.5","Forsyth",36.026612,-80.341962
2025-08-31,34,"Clemmons Middle","PM2.5","Forsyth",36.026612,-80.341962
2025-09-01,24,"Clemmons Middle","PM2.5","Forsyth",36.026612,-80.341962
2025-09-02,24,"Clemmons Middle","PM2.5","Forsyth",36.026612,-80.341962
2025-09-03,35,"Clemmons Middle","PM2.5","Forsyth",36.026612,-80.341962
2025-09-04,47,"Clemmons Middle","PM2.5","Forsyth",36.026612,-80.341962
2025-09-05,51,"Clemmons Middle","PM2.5","Forsyth",36.026612,-80.341962
2025-09-06,59,"Clemmons Middle","PM2.5","Forsyth",36.026612,-80.341962
2025-09-07,39,"Clemmons Middle","PM2.5","Forsyth",36.026612,-80.341962
2025-09-08,26,"Clemmons Middle","PM2.5","Forsyth",36.026612,-80.341962
2025-09-09,23,"Clemmons Middle","PM2.5","Forsyth",36.026612,-80.341962
2025-09-10,31,"Clemmons Middle","PM2.5","Forsyth",36.026612,-80.341962
2025-09-11,29,"Clemmons Middle","PM2.5","Forsyth",36.026612,-80.341962
2025-09-12,34,"Clemmons Middle","PM2.5","Forsyth",36.026612,-80.341962
2025-09-13,37,"Clemmons Middle","PM2.5","Forsyth",36.026612,-80.341962
2025-09-14,47,"Clemmons Middle","PM2.5","Forsyth",36.026612,-80.341962
2025-09-15,51,"Clemmons Middle","PM2.5","Forsyth",36.026612,-80.341962
2025-09-16,41,"Clemmons Middle","PM2.5","Forsyth",36.026612,-80.341962
2025-09-17,39,"Clemmons Middle","PM2.5","Forsyth",36.026612,-80.341962
2025-09-18,27,"Clemmons Middle","PM2.5","Forsyth",36.026612,-80.341962
2025-09-19,47,"Clemmons Middle","PM2.5","Forsyth",36.026612,-80.341962
2025-09-20,55,"Clemmons Middle","PM2.5","Forsyth",36.026612,-80.341962
2025-09-21,55,"Clemmons Middle","PM2.5","Forsyth",36.026612,-80.341962
2025-09-22,54,"Clemmons Middle","PM2.5","Forsyth",36.026612,-80.341962
2025-09-23,56,"Clemmons Middle","PM2.5","Forsyth",36.026612,-80.341962
2025-09-24,56,"Clemmons Middle","PM2.5","Forsyth",36.026612,-80.341962
2025-09-25,41,"Clemmons Middle","PM2.5","Forsyth",36.026612,-80.341962
2025-09-26,31,"Clemmons Middle","PM2.5","Forsyth",36.026612,-80.341962
2025-09-27,17,"Clemmons Middle","PM2.5","Forsyth",36.026612,-80.341962
2025-09-28,26,"Clemmons Middle","PM2.5","Forsyth",36.026612,-80.341962
2025-09-29,37,"Clemmons Middle","PM2.5","Forsyth",36.026612,-80.341962
2025-09-30,39,"Clemmons Middle","PM2.5","Forsyth",36.026612,-80.341962
2025-10-01,52,"Clemmons Middle","PM2.5","Forsyth",36.026612,-80.341962
2025-10-02,33,"Clemmons Middle","PM2.5","Forsyth",36.026612,-80.341962
2025-10-03,24,"Clemmons Middle","PM2.5","Forsyth",36.026612,-80.341962
2025-10-04,39,"Clemmons Middle","PM2.5","Forsyth",36.026612,-80.341962
2025-10-05,38,"Clemmons Middle","PM2.5","Forsyth",36.026612,-80.341962
2025-10-06,33,"Clemmons Middle","PM2.5","Forsyth",36.026612,-80.341962
2025-10-07,26,"Clemmons Middle","PM2.5","Forsyth",36.026612,-80.341962
2025-10-08,18,"Clemmons Middle","PM2.5","Forsyth",36.026612,-80.341962
2025-10-09,21,"Clemmons Middle","PM2.5","Forsyth",36.026612,-80.341962
2025-10-10,23,"Clemmons Middle","PM2.5","Forsyth",36.026612,-80.341962
2025-10-11,24,"Clemmons Middle","PM2.5","Forsyth",36.026612,-80.341962
2025-10-12,12,"Clemmons Middle","PM2.5","Forsyth",36.026612,-80.341962
2025-10-13,9,"Clemmons Middle","PM2.5","Forsyth",36.026612,-80.341962
2025-10-14,16,"Clemmons Middle","PM2.5","Forsyth",36.026612,-80.341962
2025-10-15,23,"Clemmons Middle","PM2.5","Forsyth",36.026612,-80.341962
2025-10-16,21,"Clemmons Middle","PM2.5","Forsyth",36.026612,-80.341962
2025-10-17,33,"Clemmons Middle","PM2.5","Forsyth",36.026612,-80.341962
2025-10-18,55,"Clemmons Middle","PM2.5","Forsyth",36.026612,-80.341962
2025-10-19,28,"Clemmons Middle","PM2.5","Forsyth",36.026612,-80.341962
2025-10-20,17,"Clemmons Middle","PM2.5","Forsyth",36.026612,-80.341962
2025-10-21,35,"Clemmons Middle","PM2.5","Forsyth",36.026612,-80.341962
2025-10-22,19,"Clemmons Middle","PM2.5","Forsyth",36.026612,-80.341962
2025-10-23,23,"Clemmons Middle","PM2.5","Forsyth",36.026612,-80.341962
2025-10-24,23,"Clemmons Middle","PM2.5","Forsyth",36.026612,-80.341962
2025-10-25,22,"Clemmons Middle","PM2.5","Forsyth",36.026612,-80.341962
2025-10-26,34,"Clemmons Middle","PM2.5","Forsyth",36.026612,-80.341962
2025-10-27,30,"Clemmons Middle","PM2.5","Forsyth",36.026612,-80.341962
2025-10-28,18,"Clemmons Middle","PM2.5","Forsyth",36.026612,-80.341962
2025-10-29,19,"Clemmons Middle","PM2.5","Forsyth",36.026612,-80.341962
2025-10-30,10,"Clemmons Middle","PM2.5","Forsyth",36.026612,-80.341962
2025-10-31,19,"Clemmons Middle","PM2.5","Forsyth",36.026612,-80.341962
2025-11-01,32,"Clemmons Middle","PM2.5","Forsyth",36.026612,-80.341962
2025-11-02,50,"Clemmons Middle","PM2.5","Forsyth",36.026612,-80.341962
2025-11-03,39,"Clemmons Middle","PM2.5","Forsyth",36.026612,-80.341962
2025-11-04,36,"Clemmons Middle","PM2.5","Forsyth",36.026612,-80.341962
2025-11-05,53,"Clemmons Middle","PM2.5","Forsyth",36.026612,-80.341962
2025-11-06,39,"Clemmons Middle","PM2.5","Forsyth",36.026612,-80.341962
2025-11-07,55,"Clemmons Middle","PM2.5","Forsyth",36.026612,-80.341962
2025-11-08,62,"Clemmons Middle","PM2.5","Forsyth",36.026612,-80.341962
2025-11-09,58,"Clemmons Middle","PM2.5","Forsyth",36.026612,-80.341962
2025-11-10,10,"Clemmons Middle","PM2.5","Forsyth",36.026612,-80.341962
2025-11-11,16,"Clemmons Middle","PM2.5","Forsyth",36.026612,-80.341962
2025-11-12,28,"Clemmons Middle","PM2.5","Forsyth",36.026612,-80.341962
2025-11-13,31,"Clemmons Middle","PM2.5","Forsyth",36.026612,-80.341962
2025-11-14,29,"Clemmons Middle","PM2.5","Forsyth",36.026612,-80.341962
2025-11-15,54,"Clemmons Middle","PM2.5","Forsyth",36.026612,-80.341962
2025-11-16,36,"Clemmons Middle","PM2.5","Forsyth",36.026612,-80.341962
2025-11-17,17,"Clemmons Middle","PM2.5","Forsyth",36.026612,-80.341962
2025-11-18,33,"Clemmons Middle","PM2.5","Forsyth",36.026612,-80.341962
2025-11-19,52,"Clemmons Middle","PM2.5","Forsyth",36.026612,-80.341962
2025-11-20,55,"Clemmons Middle","PM2.5","Forsyth",36.026612,-80.341962
2025-11-21,87,"Clemmons Middle","PM2.5","Forsyth",36.026612,-80.341962
2025-11-22,58,"Clemmons Middle","PM2.5","Forsyth",36.026612,-80.341962
2025-11-23,30,"Clemmons Middle","PM2.5","Forsyth",36.026612,-80.341962
2025-11-24,31,"Clemmons Middle","PM2.5","Forsyth",36.026612,-80.341962
2025-11-25,56,"Clemmons Middle","PM2.5","Forsyth",36.026612,-80.341962
2025-11-26,54,"Clemmons Middle","PM2.5","Forsyth",36.026612,-80.341962
2025-11-27,21,"Clemmons Middle","PM2.5","Forsyth",36.026612,-80.341962
2025-11-28,29,"Clemmons Middle","PM2.5","Forsyth",36.026612,-80.341962
2025-11-29,35,"Clemmons Middle","PM2.5","Forsyth",36.026612,-80.341962
2025-11-30,55,"Clemmons Middle","PM2.5","Forsyth",36.026612,-80.341962
2025-12-01,38,"Clemmons Middle","PM2.5","Forsyth",36.026612,-80.341962
2025-12-02,41,"Clemmons Middle","PM2.5","Forsyth",36.026612,-80.341962
2025-12-03,41,"Clemmons Middle","PM2.5","Forsyth",36.026612,-80.341962
2025-12-04,55,"Clemmons Middle","PM2.5","Forsyth",36.026612,-80.341962
2025-12-05,44,"Clemmons Middle","PM2.5","Forsyth",36.026612,-80.341962
2025-12-06,59,"Clemmons Middle","PM2.5","Forsyth",36.026612,-80.341962
2025-12-07,56,"Clemmons Middle","PM2.5","Forsyth",36.026612,-80.341962
2025-12-08,56,"Clemmons Middle","PM2.5","Forsyth",36.026612,-80.341962
2025-12-09,47,"Clemmons Middle","PM2.5","Forsyth",36.026612,-80.341962
2025-12-10,53,"Clemmons Middle","PM2.5","Forsyth",36.026612,-80.341962
2025-12-11,18,"Clemmons Middle","PM2.5","Forsyth",36.026612,-80.341962
2025-12-12,50,"Clemmons Middle","PM2.5","Forsyth",36.026612,-80.341962
2025-12-13,68,"Clemmons Middle","PM2.5","Forsyth",36.026612,-80.341962
2025-12-14,48,"Clemmons Middle","PM2.5","Forsyth",36.026612,-80.341962
2025-12-15,31,"Clemmons Middle","PM2.5","Forsyth",36.026612,-80.341962
2025-12-16,55,"Clemmons Middle","PM2.5","Forsyth",36.026612,-80.341962
2025-12-17,69,"Clemmons Middle","PM2.5","Forsyth",36.026612,-80.341962
2025-12-18,76,"Clemmons Middle","PM2.5","Forsyth",36.026612,-80.341962
2025-12-19,14,"Clemmons Middle","PM2.5","Forsyth",36.026612,-80.341962
2025-12-20,27,"Clemmons Middle","PM2.5","Forsyth",36.026612,-80.341962
2025-12-21,45,"Clemmons Middle","PM2.5","Forsyth",36.026612,-80.341962
2025-12-22,27,"Clemmons Middle","PM2.5","Forsyth",36.026612,-80.341962
2025-12-23,39,"Clemmons Middle","PM2.5","Forsyth",36.026612,-80.341962
2025-12-24,55,"Clemmons Middle","PM2.5","Forsyth",36.026612,-80.341962
2025-12-25,55,"Clemmons Middle","PM2.5","Forsyth",36.026612,-80.341962
2025-12-26,45,"Clemmons Middle","PM2.5","Forsyth",36.026612,-80.341962
2025-12-27,55,"Clemmons Middle","PM2.5","Forsyth",36.026612,-80.341962
2025-12-28,37,"Clemmons Middle","PM2.5","Forsyth",36.026612,-80.341962
2025-12-29,27,"Clemmons Middle","PM2.5","Forsyth",36.026612,-80.341962
2025-12-30,20,"Clemmons Middle","PM2.5","Forsyth",36.026612,-80.341962
2025-12-31,17,"Clemmons Middle","PM2.5","Forsyth",36.026612,-80.341962
2025-01-01,8,"Mendenhall School","PM2.5","Guilford",36.1090060008986,-79.802314
2025-01-02,22,"Mendenhall School","PM2.5","Guilford",36.1090060008986,-79.802314
2025-01-03,14,"Mendenhall School","PM2.5","Guilford",36.1090060008986,-79.802314
2025-01-04,12,"Mendenhall School","PM2.5","Guilford",36.1090060008986,-79.802314
2025-01-05,31,"Mendenhall School","PM2.5","Guilford",36.1090060008986,-79.802314
2025-01-06,25,"Mendenhall School","PM2.5","Guilford",36.1090060008986,-79.802314
2025-01-07,18,"Mendenhall School","PM2.5","Guilford",36.1090060008986,-79.802314
2025-01-08,21,"Mendenhall School","PM2.5","Guilford",36.1090060008986,-79.802314
2025-01-09,19,"Mendenhall School","PM2.5","Guilford",36.1090060008986,-79.802314
2025-01-10,45,"Mendenhall School","PM2.5","Guilford",36.1090060008986,-79.802314
2025-01-11,49,"Mendenhall School","PM2.5","Guilford",36.1090060008986,-79.802314
2025-01-12,54,"Mendenhall School","PM2.5","Guilford",36.1090060008986,-79.802314
2025-01-13,46,"Mendenhall School","PM2.5","Guilford",36.1090060008986,-79.802314
2025-01-14,17,"Mendenhall School","PM2.5","Guilford",36.1090060008986,-79.802314
2025-01-15,32,"Mendenhall School","PM2.5","Guilford",36.1090060008986,-79.802314
2025-01-16,54,"Mendenhall School","PM2.5","Guilford",36.1090060008986,-79.802314
2025-01-17,30,"Mendenhall School","PM2.5","Guilford",36.1090060008986,-79.802314
2025-01-18,52,"Mendenhall School","PM2.5","Guilford",36.1090060008986,-79.802314
2025-01-19,42,"Mendenhall School","PM2.5","Guilford",36.1090060008986,-79.802314
2025-01-20,17,"Mendenhall School","PM2.5","Guilford",36.1090060008986,-79.802314
2025-01-21,12,"Mendenhall School","PM2.5","Guilford",36.1090060008986,-79.802314
2025-01-22,44,"Mendenhall School","PM2.5","Guilford",36.1090060008986,-79.802314
2025-01-23,58,"Mendenhall School","PM2.5","Guilford",36.1090060008986,-79.802314
2025-01-24,57,"Mendenhall School","PM2.5","Guilford",36.1090060008986,-79.802314
2025-01-25,56,"Mendenhall School","PM2.5","Guilford",36.1090060008986,-79.802314
2025-01-26,56,"Mendenhall School","PM2.5","Guilford",36.1090060008986,-79.802314
2025-01-27,55,"Mendenhall School","PM2.5","Guilford",36.1090060008986,-79.802314
2025-01-28,34,"Mendenhall School","PM2.5","Guilford",36.1090060008986,-79.802314
2025-01-29,38,"Mendenhall School","PM2.5","Guilford",36.1090060008986,-79.802314
2025-01-30,34,"Mendenhall School","PM2.5","Guilford",36.1090060008986,-79.802314
2025-01-31,51,"Mendenhall School","PM2.5","Guilford",36.1090060008986,-79.802314
2025-02-01,20,"Mendenhall School","PM2.5","Guilford",36.1090060008986,-79.802314
2025-02-02,32,"Mendenhall School","PM2.5","Guilford",36.1090060008986,-79.802314
2025-02-03,55,"Mendenhall School","PM2.5","Guilford",36.1090060008986,-79.802314
2025-02-04,49,"Mendenhall School","PM2.5","Guilford",36.1090060008986,-79.802314
2025-02-05,22,"Mendenhall School","PM2.5","Guilford",36.1090060008986,-79.802314
2025-02-06,55,"Mendenhall School","PM2.5","Guilford",36.1090060008986,-79.802314
2025-02-07,24,"Mendenhall School","PM2.5","Guilford",36.1090060008986,-79.802314
2025-02-08,28,"Mendenhall School","PM2.5","Guilford",36.1090060008986,-79.802314
2025-02-09,38,"Mendenhall School","PM2.5","Guilford",36.1090060008986,-79.802314
2025-02-10,19,"Mendenhall School","PM2.5","Guilford",36.1090060008986,-79.802314
2025-02-11,40,"Mendenhall School","PM2.5","Guilford",36.1090060008986,-79.802314
2025-02-12,2,"Mendenhall School","PM2.5","Guilford",36.1090060008986,-79.802314
2025-02-13,10,"Mendenhall School","PM2.5","Guilford",36.1090060008986,-79.802314
2025-02-14,32,"Mendenhall School","PM2.5","Guilford",36.1090060008986,-79.802314
2025-02-15,34,"Mendenhall School","PM2.5","Guilford",36.1090060008986,-79.802314
2025-02-16,9,"Mendenhall School","PM2.5","Guilford",36.1090060008986,-79.802314
2025-02-17,13,"Mendenhall School","PM2.5","Guilford",36.1090060008986,-79.802314
2025-02-18,19,"Mendenhall School","PM2.5","Guilford",36.1090060008986,-79.802314
2025-02-19,29,"Mendenhall School","PM2.5","Guilford",36.1090060008986,-79.802314
2025-02-20,27,"Mendenhall School","PM2.5","Guilford",36.1090060008986,-79.802314
2025-02-21,24,"Mendenhall School","PM2.5","Guilford",36.1090060008986,-79.802314
2025-02-22,29,"Mendenhall School","PM2.5","Guilford",36.1090060008986,-79.802314
2025-02-23,46,"Mendenhall School","PM2.5","Guilford",36.1090060008986,-79.802314
2025-02-24,43,"Mendenhall School","PM2.5","Guilford",36.1090060008986,-79.802314
2025-02-25,48,"Mendenhall School","PM2.5","Guilford",36.1090060008986,-79.802314
2025-02-26,33,"Mendenhall School","PM2.5","Guilford",36.1090060008986,-79.802314
2025-02-27,55,"Mendenhall School","PM2.5","Guilford",36.1090060008986,-79.802314
2025-02-28,12,"Mendenhall School","PM2.5","Guilford",36.1090060008986,-79.802314
2025-03-01,24,"Mendenhall School","PM2.5","Guilford",36.1090060008986,-79.802314
2025-03-02,22,"Mendenhall School","PM2.5","Guilford",36.1090060008986,-79.802314
2025-03-03,31,"Mendenhall School","PM2.5","Guilford",36.1090060008986,-79.802314
2025-03-04,32,"Mendenhall School","PM2.5","Guilford",36.1090060008986,-79.802314
2025-03-05,33,"Mendenhall School","PM2.5","Guilford",36.1090060008986,-79.802314
2025-03-06,6,"Mendenhall School","PM2.5","Guilford",36.1090060008986,-79.802314
2025-03-07,22,"Mendenhall School","PM2.5","Guilford",36.1090060008986,-79.802314
2025-03-08,34,"Mendenhall School","PM2.5","Guilford",36.1090060008986,-79.802314
2025-03-09,22,"Mendenhall School","PM2.5","Guilford",36.1090060008986,-79.802314
2025-03-10,26,"Mendenhall School","PM2.5","Guilford",36.1090060008986,-79.802314
2025-03-11,30,"Mendenhall School","PM2.5","Guilford",36.1090060008986,-79.802314
2025-03-12,54,"Mendenhall School","PM2.5","Guilford",36.1090060008986,-79.802314
2025-03-13,59,"Mendenhall School","PM2.5","Guilford",36.1090060008986,-79.802314
2025-03-14,61,"Mendenhall School","PM2.5","Guilford",36.1090060008986,-79.802314
2025-03-15,59,"Mendenhall School","PM2.5","Guilford",36.1090060008986,-79.802314
2025-03-16,37,"Mendenhall School","PM2.5","Guilford",36.1090060008986,-79.802314
2025-03-17,19,"Mendenhall School","PM2.5","Guilford",36.1090060008986,-79.802314
2025-03-18,13,"Mendenhall School","PM2.5","Guilford",36.1090060008986,-79.802314
2025-03-19,59,"Mendenhall School","PM2.5","Guilford",36.1090060008986,-79.802314
2025-03-20,58,"Mendenhall School","PM2.5","Guilford",36.1090060008986,-79.802314
2025-03-21,14,"Mendenhall School","PM2.5","Guilford",36.1090060008986,-79.802314
2025-03-22,37,"Mendenhall School","PM2.5","Guilford",36.1090060008986,-79.802314
2025-03-23,22,"Mendenhall School","PM2.5","Guilford",36.1090060008986,-79.802314
2025-03-24,55,"Mendenhall School","PM2.5","Guilford",36.1090060008986,-79.802314
2025-03-25,12,"Mendenhall School","PM2.5","Guilford",36.1090060008986,-79.802314
2025-03-26,17,"Mendenhall School","PM2.5","Guilford",36.1090060008986,-79.802314
2025-03-27,24,"Mendenhall School","PM2.5","Guilford",36.1090060008986,-79.802314
2025-03-28,47,"Mendenhall School","PM2.5","Guilford",36.1090060008986,-79.802314
2025-03-29,35,"Mendenhall School","PM2.5","Guilford",36.1090060008986,-79.802314
2025-03-30,29,"Mendenhall School","PM2.5","Guilford",36.1090060008986,-79.802314
2025-03-31,32,"Mendenhall School","PM2.5","Guilford",36.1090060008986,-79.802314
2025-04-01,9,"Mendenhall School","PM2.5","Guilford",36.1090060008986,-79.802314
2025-04-02,48,"Mendenhall School","PM2.5","Guilford",36.1090060008986,-79.802314
2025-04-03,46,"Mendenhall School","PM2.5","Guilford",36.1090060008986,-79.802314
2025-04-04,51,"Mendenhall School","PM2.5","Guilford",36.1090060008986,-79.802314
2025-04-05,53,"Mendenhall School","PM2.5","Guilford",36.1090060008986,-79.802314
2025-04-06,34,"Mendenhall School","PM2.5","Guilford",36.1090060008986,-79.802314
2025-04-07,38,"Mendenhall School","PM2.5","Guilford",36.1090060008986,-79.802314
2025-04-08,19,"Mendenhall School","PM2.5","Guilford",36.1090060008986,-79.802314
2025-04-09,21,"Mendenhall School","PM2.5","Guilford",36.1090060008986,-79.802314
2025-04-10,38,"Mendenhall School","PM2.5","Guilford",36.1090060008986,-79.802314
2025-04-11,21,"Mendenhall School","PM2.5","Guilford",36.1090060008986,-79.802314
2025-04-12,18,"Mendenhall School","PM2.5","Guilford",36.1090060008986,-79.802314
2025-04-13,28,"Mendenhall School","PM2.5","Guilford",36.1090060008986,-79.802314
2025-04-14,52,"Mendenhall School","PM2.5","Guilford",36.1090060008986,-79.802314
2025-04-15,37,"Mendenhall School","PM2.5","Guilford",36.1090060008986,-79.802314
2025-04-16,22,"Mendenhall School","PM2.5","Guilford",36.1090060008986,-79.802314
2025-04-17,37,"Mendenhall School","PM2.5","Guilford",36.1090060008986,-79.802314
2025-04-18,54,"Mendenhall School","PM2.5","Guilford",36.1090060008986,-79.802314
2025-04-19,54,"Mendenhall School","PM2.5","Guilford",36.1090060008986,-79.802314
2025-04-20,57,"Mendenhall School","PM2.5","Guilford",36.1090060008986,-79.802314
2025-04-21,52,"Mendenhall School","PM2.5","Guilford",36.1090060008986,-79.802314
2025-04-22,46,"Mendenhall School","PM2.5","Guilford",36.1090060008986,-79.802314
2025-04-23,42,"Mendenhall School","PM2.5","Guilford",36.1090060008986,-79.802314
2025-04-24,55,"Mendenhall School","PM2.5","Guilford",36.1090060008986,-79.802314
2025-04-25,54,"Mendenhall School","PM2.5","Guilford",36.1090060008986,-79.802314
2025-04-26,34,"Mendenhall School","PM2.5","Guilford",36.1090060008986,-79.802314
2025-04-27,23,"Mendenhall School","PM2.5","Guilford",36.1090060008986,-79.802314
2025-04-28,34,"Mendenhall School","PM2.5","Guilford",36.1090060008986,-79.802314
2025-04-29,41,"Mendenhall School","PM2.5","Guilford",36.1090060008986,-79.802314
2025-04-30,52,"Mendenhall School","PM2.5","Guilford",36.1090060008986,-79.802314
2025-05-01,60,"Mendenhall School","PM2.5","Guilford",36.1090060008986,-79.802314
2025-05-02,52,"Mendenhall School","PM2.5","Guilford",36.1090060008986,-79.802314
2025-05-03,41,"Mendenhall School","PM2.5","Guilford",36.1090060008986,-79.802314
2025-05-04,16,"Mendenhall School","PM2.5","Guilford",36.1090060008986,-79.802314
2025-05-05,30,"Mendenhall School","PM2.5","Guilford",36.1090060008986,-79.802314
2025-05-06,28,"Mendenhall School","PM2.5","Guilford",36.1090060008986,-79.802314
2025-05-07,32,"Mendenhall School","PM2.5","Guilford",36.1090060008986,-79.802314
2025-05-08,41,"Mendenhall School","PM2.5","Guilford",36.1090060008986,-79.802314
2025-05-09,26,"Mendenhall School","PM2.5","Guilford",36.1090060008986,-79.802314
2025-05-10,29,"Mendenhall School","PM2.5","Guilford",36.1090060008986,-79.802314
2025-05-11,46,"Mendenhall School","PM2.5","Guilford",36.1090060008986,-79.802314
2025-05-12,24,"Mendenhall School","PM2.5","Guilford",36.1090060008986,-79.802314
2025-05-13,17,"Mendenhall School","PM2.5","Guilford",36.1090060008986,-79.802314
2025-05-14,31,"Mendenhall School","PM2.5","Guilford",36.1090060008986,-79.802314
2025-05-15,52,"Mendenhall School","PM2.5","Guilford",36.1090060008986,-79.802314
2025-05-16,54,"Mendenhall School","PM2.5","Guilford",36.1090060008986,-79.802314
2025-05-17,28,"Mendenhall School","PM2.5","Guilford",36.1090060008986,-79.802314
2025-05-18,23,"Mendenhall School","PM2.5","Guilford",36.1090060008986,-79.802314
2025-05-19,26,"Mendenhall School","PM2.5","Guilford",36.1090060008986,-79.802314
2025-05-20,38,"Mendenhall School","PM2.5","Guilford",36.1090060008986,-79.802314
2025-05-21,44,"Mendenhall School","PM2.5","Guilford",36.1090060008986,-79.802314
2025-05-22,17,"Mendenhall School","PM2.5","Guilford",36.1090060008986,-79.802314
2025-05-23,16,"Mendenhall School","PM2.5","Guilford",36.1090060008986,-79.802314
2025-05-24,24,"Mendenhall School","PM2.5","Guilford",36.1090060008986,-79.802314
2025-05-25,37,"Mendenhall School","PM2.5","Guilford",36.1090060008986,-79.802314
2025-05-26,33,"Mendenhall School","PM2.5","Guilford",36.1090060008986,-79.802314
2025-05-27,11,"Mendenhall School","PM2.5","Guilford",36.1090060008986,-79.802314
2025-05-28,14,"Mendenhall School","PM2.5","Guilford",36.1090060008986,-79.802314
2025-05-29,29,"Mendenhall School","PM2.5","Guilford",36.1090060008986,-79.802314
2025-05-30,17,"Mendenhall School","PM2.5","Guilford",36.1090060008986,-79.802314
2025-05-31,45,"Mendenhall School","PM2.5","Guilford",36.1090060008986,-79.802314
2025-06-01,55,"Mendenhall School","PM2.5","Guilford",36.1090060008986,-79.802314
2025-06-02,23,"Mendenhall School","PM2.5","Guilford",36.1090060008986,-79.802314
2025-06-03,51,"Mendenhall School","PM2.5","Guilford",36.1090060008986,-79.802314
2025-06-04,59,"Mendenhall School","PM2.5","Guilford",36.1090060008986,-79.802314
2025-06-05,50,"Mendenhall School","PM2.5","Guilford",36.1090060008986,-79.802314
2025-06-06,51,"Mendenhall School","PM2.5","Guilford",36.1090060008986,-79.802314
2025-06-07,32,"Mendenhall School","PM2.5","Guilford",36.1090060008986,-79.802314
2025-06-08,34,"Mendenhall School","PM2.5","Guilford",36.1090060008986,-79.802314
2025-06-09,27,"Mendenhall School","PM2.5","Guilford",36.1090060008986,-79.802314
2025-06-10,33,"Mendenhall School","PM2.5","Guilford",36.1090060008986,-79.802314
2025-06-11,54,"Mendenhall School","PM2.5","Guilford",36.1090060008986,-79.802314
2025-06-12,59,"Mendenhall School","PM2.5","Guilford",36.1090060008986,-79.802314
2025-06-13,27,"Mendenhall School","PM2.5","Guilford",36.1090060008986,-79.802314
2025-06-14,18,"Mendenhall School","PM2.5","Guilford",36.1090060008986,-79.802314
2025-06-15,29,"Mendenhall School","PM2.5","Guilford",36.1090060008986,-79.802314
2025-06-16,28,"Mendenhall School","PM2.5","Guilford",36.1090060008986,-79.802314
2025-06-17,35,"Mendenhall School","PM2.5","Guilford",36.1090060008986,-79.802314
2025-06-18,22,"Mendenhall School","PM2.5","Guilford",36.1090060008986,-79.802314
2025-06-19,31,"Mendenhall School","PM2.5","Guilford",36.1090060008986,-79.802314
2025-06-20,23,"Mendenhall School","PM2.5","Guilford",36.1090060008986,-79.802314
2025-06-21,41,"Mendenhall School","PM2.5","Guilford",36.1090060008986,-79.802314
2025-06-22,56,"Mendenhall School","PM2.5","Guilford",36.1090060008986,-79.802314
2025-06-23,57,"Mendenhall School","PM2.5","Guilford",36.1090060008986,-79.802314
2025-06-24,63,"Mendenhall School","PM2.5","Guilford",36.1090060008986,-79.802314
2025-06-25,63,"Mendenhall School","PM2.5","Guilford",36.1090060008986,-79.802314
2025-06-26,52,"Mendenhall School","PM2.5","Guilford",36.1090060008986,-79.802314
2025-06-27,46,"Mendenhall School","PM2.5","Guilford",36.1090060008986,-79.802314
2025-06-28,50,"Mendenhall School","PM2.5","Guilford",36.1090060008986,-79.802314
2025-06-29,46,"Mendenhall School","PM2.5","Guilford",36.1090060008986,-79.802314
2025-06-30,53,"Mendenhall School","PM2.5","Guilford",36.1090060008986,-79.802314
2025-07-01,54,"Mendenhall School","PM2.5","Guilford",36.1090060008986,-79.802314
2025-07-02,29,"Mendenhall School","PM2.5","Guilford",36.1090060008986,-79.802314
2025-07-03,38,"Mendenhall School","PM2.5","Guilford",36.1090060008986,-79.802314
2025-07-04,58,"Mendenhall School","PM2.5","Guilford",36.1090060008986,-79.802314
2025-07-05,61,"Mendenhall School","PM2.5","Guilford",36.1090060008986,-79.802314
2025-07-06,41,"Mendenhall School","PM2.5","Guilford",36.1090060008986,-79.802314
2025-07-07,52,"Mendenhall School","PM2.5","Guilford",36.1090060008986,-79.802314
2025-07-08,60,"Mendenhall School","PM2.5","Guilford",36.1090060008986,-79.802314
2025-07-09,54,"Mendenhall School","PM2.5","Guilford",36.1090060008986,-79.802314
2025-07-10,31,"Mendenhall School","PM2.5","Guilford",36.1090060008986,-79.802314
2025-07-11,44,"Mendenhall School","PM2.5","Guilford",36.1090060008986,-79.802314
2025-07-12,46,"Mendenhall School","PM2.5","Guilford",36.1090060008986,-79.802314
2025-07-13,38,"Mendenhall School","PM2.5","Guilford",36.1090060008986,-79.802314
2025-07-14,37,"Mendenhall School","PM2.5","Guilford",36.1090060008986,-79.802314
2025-07-15,33,"Mendenhall School","PM2.5","Guilford",36.1090060008986,-79.802314
2025-07-16,37,"Mendenhall School","PM2.5","Guilford",36.1090060008986,-79.802314
2025-07-17,39,"Mendenhall School","PM2.5","Guilford",36.1090060008986,-79.802314
2025-07-18,39,"Mendenhall School","PM2.5","Guilford",36.1090060008986,-79.802314
2025-07-19,28,"Mendenhall School","PM2.5","Guilford",36.1090060008986,-79.802314
2025-07-20,33,"Mendenhall School","PM2.5","Guilford",36.1090060008986,-79.802314
2025-07-21,36,"Mendenhall School","PM2.5","Guilford",36.1090060008986,-79.802314
2025-07-22,45,"Mendenhall School","PM2.5","Guilford",36.1090060008986,-79.802314
2025-07-23,53,"Mendenhall School","PM2.5","Guilford",36.1090060008986,-79.802314
2025-07-24,51,"Mendenhall School","PM2.5","Guilford",36.1090060008986,-79.802314
2025-07-25,53,"Mendenhall School","PM2.5","Guilford",36.1090060008986,-79.802314
2025-07-26,53,"Mendenhall School","PM2.5","Guilford",36.1090060008986,-79.802314
2025-07-27,36,"Mendenhall School","PM2.5","Guilford",36.1090060008986,-79.802314
2025-07-28,27,"Mendenhall School","PM2.5","Guilford",36.1090060008986,-79.802314
2025-07-29,41,"Mendenhall School","PM2.5","Guilford",36.1090060008986,-79.802314
2025-07-30,44,"Mendenhall School","PM2.5","Guilford",36.1090060008986,-79.802314
2025-07-31,39,"Mendenhall School","PM2.5","Guilford",36.1090060008986,-79.802314
2025-08-01,28,"Mendenhall School","PM2.5","Guilford",36.1090060008986,-79.802314
2025-08-02,28,"Mendenhall School","PM2.5","Guilford",36.1090060008986,-79.802314
2025-08-03,38,"Mendenhall School","PM2.5","Guilford",36.1090060008986,-79.802314
2025-08-04,46,"Mendenhall School","PM2.5","Guilford",36.1090060008986,-79.802314
2025-08-05,32,"Mendenhall School","PM2.5","Guilford",36.1090060008986,-79.802314
2025-08-06,20,"Mendenhall School","PM2.5","Guilford",36.1090060008986,-79.802314
2025-08-07,60,"Mendenhall School","PM2.5","Guilford",36.1090060008986,-79.802314
2025-08-08,72,"Mendenhall School","PM2.5","Guilford",36.1090060008986,-79.802314
2025-08-09,48,"Mendenhall School","PM2.5","Guilford",36.1090060008986,-79.802314
2025-08-10,42,"Mendenhall School","PM2.5","Guilford",36.1090060008986,-79.802314
2025-08-11,26,"Mendenhall School","PM2.5","Guilford",36.1090060008986,-79.802314
2025-08-12,17,"Mendenhall School","PM2.5","Guilford",36.1090060008986,-79.802314
2025-08-13,38,"Mendenhall School","PM2.5","Guilford",36.1090060008986,-79.802314
2025-08-14,23,"Mendenhall School","PM2.5","Guilford",36.1090060008986,-79.802314
2025-08-15,33,"Mendenhall School","PM2.5","Guilford",36.1090060008986,-79.802314
2025-08-16,46,"Mendenhall School","PM2.5","Guilford",36.1090060008986,-79.802314
2025-08-17,49,"Mendenhall School","PM2.5","Guilford",36.1090060008986,-79.802314
2025-08-18,48,"Mendenhall School","PM2.5","Guilford",36.1090060008986,-79.802314
2025-08-19,26,"Mendenhall School","PM2.5","Guilford",36.1090060008986,-79.802314
2025-08-20,32,"Mendenhall School","PM2.5","Guilford",36.1090060008986,-79.802314
2025-08-21,25,"Mendenhall School","PM2.5","Guilford",36.1090060008986,-79.802314
2025-08-22,19,"Mendenhall School","PM2.5","Guilford",36.1090060008986,-79.802314
2025-08-23,32,"Mendenhall School","PM2.5","Guilford",36.1090060008986,-79.802314
2025-08-24,44,"Mendenhall School","PM2.5","Guilford",36.1090060008986,-79.802314
2025-08-25,24,"Mendenhall School","PM2.5","Guilford",36.1090060008986,-79.802314
2025-08-26,23,"Mendenhall School","PM2.5","Guilford",36.1090060008986,-79.802314
2025-08-27,24,"Mendenhall School","PM2.5","Guilford",36.1090060008986,-79.802314
2025-08-28,39,"Mendenhall School","PM2.5","Guilford",36.1090060008986,-79.802314
2025-08-29,38,"Mendenhall School","PM2.5","Guilford",36.1090060008986,-79.802314
2025-08-30,36,"Mendenhall School","PM2.5","Guilford",36.1090060008986,-79.802314
2025-08-31,27,"Mendenhall School","PM2.5","Guilford",36.1090060008986,-79.802314
2025-09-01,22,"Mendenhall School","PM2.5","Guilford",36.1090060008986,-79.802314
2025-09-02,22,"Mendenhall School","PM2.5","Guilford",36.1090060008986,-79.802314
2025-09-03,33,"Mendenhall School","PM2.5","Guilford",36.1090060008986,-79.802314
2025-09-04,52,"Mendenhall School","PM2.5","Guilford",36.1090060008986,-79.802314
2025-09-05,54,"Mendenhall School","PM2.5","Guilford",36.1090060008986,-79.802314
2025-09-06,56,"Mendenhall School","PM2.5","Guilford",36.1090060008986,-79.802314
2025-09-07,24,"Mendenhall School","PM2.5","Guilford",36.1090060008986,-79.802314
2025-09-08,22,"Mendenhall School","PM2.5","Guilford",36.1090060008986,-79.802314
2025-09-09,24,"Mendenhall School","PM2.5","Guilford",36.1090060008986,-79.802314
2025-09-10,28,"Mendenhall School","PM2.5","Guilford",36.1090060008986,-79.802314
2025-09-11,26,"Mendenhall School","PM2.5","Guilford",36.1090060008986,-79.802314
2025-09-12,39,"Mendenhall School","PM2.5","Guilford",36.1090060008986,-79.802314
2025-09-13,42,"Mendenhall School","PM2.5","Guilford",36.1090060008986,-79.802314
2025-09-14,46,"Mendenhall School","PM2.5","Guilford",36.1090060008986,-79.802314
2025-09-15,47,"Mendenhall School","PM2.5","Guilford",36.1090060008986,-79.802314
2025-09-16,33,"Mendenhall School","PM2.5","Guilford",36.1090060008986,-79.802314
2025-09-17,33,"Mendenhall School","PM2.5","Guilford",36.1090060008986,-79.802314
2025-09-18,16,"Mendenhall School","PM2.5","Guilford",36.1090060008986,-79.802314
2025-09-19,46,"Mendenhall School","PM2.5","Guilford",36.1090060008986,-79.802314
2025-09-20,52,"Mendenhall School","PM2.5","Guilford",36.1090060008986,-79.802314
2025-09-21,53,"Mendenhall School","PM2.5","Guilford",36.1090060008986,-79.802314
2025-09-22,48,"Mendenhall School","PM2.5","Guilford",36.1090060008986,-79.802314
2025-09-23,52,"Mendenhall School","PM2.5","Guilford",36.1090060008986,-79.802314
2025-09-24,54,"Mendenhall School","PM2.5","Guilford",36.1090060008986,-79.802314
2025-09-25,52,"Mendenhall School","PM2.5","Guilford",36.1090060008986,-79.802314
2025-09-26,27,"Mendenhall School","PM2.5","Guilford",36.1090060008986,-79.802314
2025-09-27,8,"Mendenhall School","PM2.5","Guilford",36.1090060008986,-79.802314
2025-09-28,21,"Mendenhall School","PM2.5","Guilford",36.1090060008986,-79.802314
2025-09-29,33,"Mendenhall School","PM2.5","Guilford",36.1090060008986,-79.802314
2025-09-30,35,"Mendenhall School","PM2.5","Guilford",36.1090060008986,-79.802314
2025-10-01,36,"Mendenhall School","PM2.5","Guilford",36.1090060008986,-79.802314
2025-10-07,19,"Mendenhall School","PM2.5","Guilford",36.1090060008986,-79.802314
2025-10-08,15,"Mendenhall School","PM2.5","Guilford",36.1090060008986,-79.802314
2025-10-09,17,"Mendenhall School","PM2.5","Guilford",36.1090060008986,-79.802314
2025-10-10,19,"Mendenhall School","PM2.5","Guilford",36.1090060008986,-79.802314
2025-10-11,15,"Mendenhall School","PM2.5","Guilford",36.1090060008986,-79.802314
2025-10-12,8,"Mendenhall School","PM2.5","Guilford",36.1090060008986,-79.802314
2025-10-13,11,"Mendenhall School","PM2.5","Guilford",36.1090060008986,-79.802314
2025-10-14,14,"Mendenhall School","PM2.5","Guilford",36.1090060008986,-79.802314
2025-10-15,16,"Mendenhall School","PM2.5","Guilford",36.1090060008986,-79.802314
2025-10-16,14,"Mendenhall School","PM2.5","Guilford",36.1090060008986,-79.802314
2025-10-17,33,"Mendenhall School","PM2.5","Guilford",36.1090060008986,-79.802314
2025-10-18,52,"Mendenhall School","PM2.5","Guilford",36.1090060008986,-79.802314
2025-10-19,33,"Mendenhall School","PM2.5","Guilford",36.1090060008986,-79.802314
2025-10-20,11,"Mendenhall School","PM2.5","Guilford",36.1090060008986,-79.802314
2025-10-21,41,"Mendenhall School","PM2.5","Guilford",36.1090060008986,-79.802314
2025-10-22,22,"Mendenhall School","PM2.5","Guilford",36.1090060008986,-79.802314
2025-10-23,16,"Mendenhall School","PM2.5","Guilford",36.1090060008986,-79.802314
2025-10-24,24,"Mendenhall School","PM2.5","Guilford",36.1090060008986,-79.802314
2025-10-25,31,"Mendenhall School","PM2.5","Guilford",36.1090060008986,-79.802314
2025-10-26,31,"Mendenhall School","PM2.5","Guilford",36.1090060008986,-79.802314
2025-10-27,28,"Mendenhall School","PM2.5","Guilford",36.1090060008986,-79.802314
2025-10-28,14,"Mendenhall School","PM2.5","Guilford",36.1090060008986,-79.802314
2025-10-29,12,"Mendenhall School","PM2.5","Guilford",36.1090060008986,-79.802314
2025-10-30,6,"Mendenhall School","PM2.5","Guilford",36.1090060008986,-79.802314
2025-10-31,20,"Mendenhall School","PM2.5","Guilford",36.1090060008986,-79.802314
2025-11-01,62,"Mendenhall School","PM2.5","Guilford",36.1090060008986,-79.802314
2025-11-02,55,"Mendenhall School","PM2.5","Guilford",36.1090060008986,-79.802314
2025-11-03,28,"Mendenhall School","PM2.5","Guilford",36.1090060008986,-79.802314
2025-11-04,28,"Mendenhall School","PM2.5","Guilford",36.1090060008986,-79.802314
2025-11-05,53,"Mendenhall School","PM2.5","Guilford",36.1090060008986,-79.802314
2025-11-06,41,"Mendenhall School","PM2.5","Guilford",36.1090060008986,-79.802314
2025-11-07,54,"Mendenhall School","PM2.5","Guilford",36.1090060008986,-79.802314
2025-11-08,56,"Mendenhall School","PM2.5","Guilford",36.1090060008986,-79.802314
2025-11-09,57,"Mendenhall School","PM2.5","Guilford",36.1090060008986,-79.802314
2025-11-10,7,"Mendenhall School","PM2.5","Guilford",36.1090060008986,-79.802314
2025-11-11,9,"Mendenhall School","PM2.5","Guilford",36.1090060008986,-79.802314
2025-11-12,41,"Mendenhall School","PM2.5","Guilford",36.1090060008986,-79.802314
2025-11-13,44,"Mendenhall School","PM2.5","Guilford",36.1090060008986,-79.802314
2025-11-14,26,"Mendenhall School","PM2.5","Guilford",36.1090060008986,-79.802314
2025-11-15,54,"Mendenhall School","PM2.5","Guilford",36.1090060008986,-79.802314
2025-11-16,30,"Mendenhall School","PM2.5","Guilford",36.1090060008986,-79.802314
2025-11-17,19,"Mendenhall School","PM2.5","Guilford",36.1090060008986,-79.802314
2025-11-18,32,"Mendenhall School","PM2.5","Guilford",36.1090060008986,-79.802314
2025-11-19,52,"Mendenhall School","PM2.5","Guilford",36.1090060008986,-79.802314
2025-11-20,47,"Mendenhall School","PM2.5","Guilford",36.1090060008986,-79.802314
2025-11-21,76,"Mendenhall School","PM2.5","Guilford",36.1090060008986,-79.802314
2025-11-22,59,"Mendenhall School","PM2.5","Guilford",36.1090060008986,-79.802314
2025-11-23,29,"Mendenhall School","PM2.5","Guilford",36.1090060008986,-79.802314
2025-11-24,21,"Mendenhall School","PM2.5","Guilford",36.1090060008986,-79.802314
2025-11-25,45,"Mendenhall School","PM2.5","Guilford",36.1090060008986,-79.802314
2025-11-26,39,"Mendenhall School","PM2.5","Guilford",36.1090060008986,-79.802314
2025-11-27,20,"Mendenhall School","PM2.5","Guilford",36.1090060008986,-79.802314
2025-11-28,19,"Mendenhall School","PM2.5","Guilford",36.1090060008986,-79.802314
2025-11-29,26,"Mendenhall School","PM2.5","Guilford",36.1090060008986,-79.802314
2025-11-30,47,"Mendenhall School","PM2.5","Guilford",36.1090060008986,-79.802314
2025-12-01,28,"Mendenhall School","PM2.5","Guilford",36.1090060008986,-79.802314
2025-12-02,33,"Mendenhall School","PM2.5","Guilford",36.1090060008986,-79.802314
2025-12-03,42,"Mendenhall School","PM2.5","Guilford",36.1090060008986,-79.802314
2025-12-04,50,"Mendenhall School","PM2.5","Guilford",36.1090060008986,-79.802314
2025-12-05,33,"Mendenhall School","PM2.5","Guilford",36.1090060008986,-79.802314
2025-12-06,52,"Mendenhall School","PM2.5","Guilford",36.1090060008986,-79.802314
2025-12-07,52,"Mendenhall School","PM2.5","Guilford",36.1090060008986,-79.802314
2025-12-08,53,"Mendenhall School","PM2.5","Guilford",36.1090060008986,-79.802314
2025-12-09,39,"Mendenhall School","PM2.5","Guilford",36.1090060008986,-79.802314
2025-12-10,45,"Mendenhall School","PM2.5","Guilford",36.1090060008986,-79.802314
2025-12-11,18,"Mendenhall School","PM2.5","Guilford",36.1090060008986,-79.802314
2025-12-12,36,"Mendenhall School","PM2.5","Guilford",36.1090060008986,-79.802314
2025-12-13,59,"Mendenhall School","PM2.5","Guilford",36.1090060008986,-79.802314
2025-12-14,40,"Mendenhall School","PM2.5","Guilford",36.1090060008986,-79.802314
2025-12-15,20,"Mendenhall School","PM2.5","Guilford",36.1090060008986,-79.802314
2025-12-16,46,"Mendenhall School","PM2.5","Guilford",36.1090060008986,-79.802314
2025-12-17,61,"Mendenhall School","PM2.5","Guilford",36.1090060008986,-79.802314
2025-12-18,63,"Mendenhall School","PM2.5","Guilford",36.1090060008986,-79.802314
2025-12-19,7,"Mendenhall School","PM2.5","Guilford",36.1090060008986,-79.802314
2025-12-20,26,"Mendenhall School","PM2.5","Guilford",36.1090060008986,-79.802314
2025-12-21,34,"Mendenhall School","PM2.5","Guilford",36.1090060008986,-79.802314
2025-12-22,18,"Mendenhall School","PM2.5","Guilford",36.1090060008986,-79.802314
2025-12-23,37,"Mendenhall School","PM2.5","Guilford",36.1090060008986,-79.802314
2025-12-24,56,"Mendenhall School","PM2.5","Guilford",36.1090060008986,-79.802314
2025-12-25,63,"Mendenhall School","PM2.5","Guilford",36.1090060008986,-79.802314
2025-12-26,35,"Mendenhall School","PM2.5","Guilford",36.1090060008986,-79.802314
2025-12-27,51,"Mendenhall School","PM2.5","Guilford",36.1090060008986,-79.802314
2025-12-28,27,"Mendenhall School","PM2.5","Guilford",36.1090060008986,-79.802314
2025-12-29,20,"Mendenhall School","PM2.5","Guilford",36.1090060008986,-79.802314
2025-12-30,18,"Mendenhall School","PM2.5","Guilford",36.1090060008986,-79.802314
2025-12-31,18,"Mendenhall School","PM2.5","Guilford",36.1090060008986,-79.802314
2025-01-04,4,"Frying Pan Mountain","PM2.5","Haywood",35.379167,-82.7925
2025-01-07,5,"Frying Pan Mountain","PM2.5","Haywood",35.379167,-82.7925
2025-01-10,1,"Frying Pan Mountain","PM2.5","Haywood",35.379167,-82.7925
2025-01-13,13,"Frying Pan Mountain","PM2.5","Haywood",35.379167,-82.7925
2025-01-16,7,"Frying Pan Mountain","PM2.5","Haywood",35.379167,-82.7925
2025-01-19,20,"Frying Pan Mountain","PM2.5","Haywood",35.379167,-82.7925
2025-01-25,6,"Frying Pan Mountain","PM2.5","Haywood",35.379167,-82.7925
2025-01-28,10,"Frying Pan Mountain","PM2.5","Haywood",35.379167,-82.7925
2025-01-31,20,"Frying Pan Mountain","PM2.5","Haywood",35.379167,-82.7925
2025-02-03,18,"Frying Pan Mountain","PM2.5","Haywood",35.379167,-82.7925
2025-02-06,23,"Frying Pan Mountain","PM2.5","Haywood",35.379167,-82.7925
2025-02-09,14,"Frying Pan Mountain","PM2.5","Haywood",35.379167,-82.7925
2025-02-12,2,"Frying Pan Mountain","PM2.5","Haywood",35.379167,-82.7925
2025-02-15,8,"Frying Pan Mountain","PM2.5","Haywood",35.379167,-82.7925
2025-02-18,10,"Frying Pan Mountain","PM2.5","Haywood",35.379167,-82.7925
2025-02-21,6,"Frying Pan Mountain","PM2.5","Haywood",35.379167,-82.7925
2025-02-24,15,"Frying Pan Mountain","PM2.5","Haywood",35.379167,-82.7925
2025-02-27,25,"Frying Pan Mountain","PM2.5","Haywood",35.379167,-82.7925
2025-03-02,16,"Frying Pan Mountain","PM2.5","Haywood",35.379167,-82.7925
2025-03-08,27,"Frying Pan Mountain","PM2.5","Haywood",35.379167,-82.7925
2025-03-11,20,"Frying Pan Mountain","PM2.5","Haywood",35.379167,-82.7925
2025-03-14,52,"Frying Pan Mountain","PM2.5","Haywood",35.379167,-82.7925
2025-03-17,8,"Frying Pan Mountain","PM2.5","Haywood",35.379167,-82.7925
2025-03-26,18,"Frying Pan Mountain","PM2.5","Haywood",35.379167,-82.7925
2025-03-29,41,"Frying Pan Mountain","PM2.5","Haywood",35.379167,-82.7925
2025-04-01,8,"Frying Pan Mountain","PM2.5","Haywood",35.379167,-82.7925
2025-04-04,31,"Frying Pan Mountain","PM2.5","Haywood",35.379167,-82.7925
2025-04-07,8,"Frying Pan Mountain","PM2.5","Haywood",35.379167,-82.7925
2025-04-25,19,"Frying Pan Mountain","PM2.5","Haywood",35.379167,-82.7925
2025-04-28,24,"Frying Pan Mountain","PM2.5","Haywood",35.379167,-82.7925
2025-05-01,34,"Frying Pan Mountain","PM2.5","Haywood",35.379167,-82.7925
2025-05-04,11,"Frying Pan Mountain","PM2.5","Haywood",35.379167,-82.7925
2025-05-07,11,"Frying Pan Mountain","PM2.5","Haywood",35.379167,-82.7925
2025-05-10,22,"Frying Pan Mountain","PM2.5","Haywood",35.379167,-82.7925
2025-05-13,9,"Frying Pan Mountain","PM2.5","Haywood",35.379167,-82.7925
2025-05-16,40,"Frying Pan Mountain","PM2.5","Haywood",35.379167,-82.7925
2025-05-19,24,"Frying Pan Mountain","PM2.5","Haywood",35.379167,-82.7925
2025-05-22,12,"Frying Pan Mountain","PM2.5","Haywood",35.379167,-82.7925
2025-05-25,12,"Frying Pan Mountain","PM2.5","Haywood",35.379167,-82.7925
2025-05-28,14,"Frying Pan Mountain","PM2.5","Haywood",35.379167,-82.7925
2025-05-31,53,"Frying Pan Mountain","PM2.5","Haywood",35.379167,-82.7925
2025-06-03,57,"Frying Pan Mountain","PM2.5","Haywood",35.379167,-82.7925
2025-06-06,43,"Frying Pan Mountain","PM2.5","Haywood",35.379167,-82.7925
2025-06-09,19,"Frying Pan Mountain","PM2.5","Haywood",35.379167,-82.7925
2025-06-12,31,"Frying Pan Mountain","PM2.5","Haywood",35.379167,-82.7925
2025-06-15,18,"Frying Pan Mountain","PM2.5","Haywood",35.379167,-82.7925
2025-06-18,27,"Frying Pan Mountain","PM2.5","Haywood",35.379167,-82.7925
2025-06-21,28,"Frying Pan Mountain","PM2.5","Haywood",35.379167,-82.7925
2025-06-24,49,"Frying Pan Mountain","PM2.5","Haywood",35.379167,-82.7925
2025-06-27,36,"Frying Pan Mountain","PM2.5","Haywood",35.379167,-82.7925
2025-06-30,31,"Frying Pan Mountain","PM2.5","Haywood",35.379167,-82.7925
2025-07-03,29,"Frying Pan Mountain","PM2.5","Haywood",35.379167,-82.7925
2025-07-06,45,"Frying Pan Mountain","PM2.5","Haywood",35.379167,-82.7925
2025-07-09,42,"Frying Pan Mountain","PM2.5","Haywood",35.379167,-82.7925
2025-07-12,19,"Frying Pan Mountain","PM2.5","Haywood",35.379167,-82.7925
2025-07-15,22,"Frying Pan Mountain","PM2.5","Haywood",35.379167,-82.7925
2025-07-18,19,"Frying Pan Mountain","PM2.5","Haywood",35.379167,-82.7925
2025-07-21,39,"Frying Pan Mountain","PM2.5","Haywood",35.379167,-82.7925
2025-07-24,39,"Frying Pan Mountain","PM2.5","Haywood",35.379167,-82.7925
2025-07-27,15,"Frying Pan Mountain","PM2.5","Haywood",35.379167,-82.7925
2025-07-30,22,"Frying Pan Mountain","PM2.5","Haywood",35.379167,-82.7925
2025-08-02,1,"Frying Pan Mountain","PM2.5","Haywood",35.379167,-82.7925
2025-08-05,2,"Frying Pan Mountain","PM2.5","Haywood",35.379167,-82.7925
2025-08-08,19,"Frying Pan Mountain","PM2.5","Haywood",35.379167,-82.7925
2025-08-11,2,"Frying Pan Mountain","PM2.5","Haywood",35.379167,-82.7925
2025-08-17,38,"Frying Pan Mountain","PM2.5","Haywood",35.379167,-82.7925
2025-08-20,29,"Frying Pan Mountain","PM2.5","Haywood",35.379167,-82.7925
2025-08-23,12,"Frying Pan Mountain","PM2.5","Haywood",35.379167,-82.7925
2025-08-26,17,"Frying Pan Mountain","PM2.5","Haywood",35.379167,-82.7925
2025-08-29,21,"Frying Pan Mountain","PM2.5","Haywood",35.379167,-82.7925
2025-09-01,22,"Frying Pan Mountain","PM2.5","Haywood",35.379167,-82.7925
2025-09-04,31,"Frying Pan Mountain","PM2.5","Haywood",35.379167,-82.7925
2025-09-07,14,"Frying Pan Mountain","PM2.5","Haywood",35.379167,-82.7925
2025-09-10,22,"Frying Pan Mountain","PM2.5","Haywood",35.379167,-82.7925
2025-09-13,30,"Frying Pan Mountain","PM2.5","Haywood",35.379167,-82.7925
2025-09-16,38,"Frying Pan Mountain","PM2.5","Haywood",35.379167,-82.7925
2025-09-19,32,"Frying Pan Mountain","PM2.5","Haywood",35.379167,-82.7925
2025-09-22,38,"Frying Pan Mountain","PM2.5","Haywood",35.379167,-82.7925
2025-09-25,11,"Frying Pan Mountain","PM2.5","Haywood",35.379167,-82.7925
2025-09-28,14,"Frying Pan Mountain","PM2.5","Haywood",35.379167,-82.7925
2025-01-01,10,"Swanquarter","PM2.5","Hyde",35.4510904272765,-76.2071654064174
2025-01-04,11,"Swanquarter","PM2.5","Hyde",35.4510904272765,-76.2071654064174
2025-01-07,13,"Swanquarter","PM2.5","Hyde",35.4510904272765,-76.2071654064174
2025-01-10,19,"Swanquarter","PM2.5","Hyde",35.4510904272765,-76.2071654064174
2025-01-13,29,"Swanquarter","PM2.5","Hyde",35.4510904272765,-76.2071654064174
2025-01-16,22,"Swanquarter","PM2.5","Hyde",35.4510904272765,-76.2071654064174
2025-01-19,20,"Swanquarter","PM2.5","Hyde",35.4510904272765,-76.2071654064174
2025-01-25,26,"Swanquarter","PM2.5","Hyde",35.4510904272765,-76.2071654064174
2025-01-31,36,"Swanquarter","PM2.5","Hyde",35.4510904272765,-76.2071654064174
2025-02-03,15,"Swanquarter","PM2.5","Hyde",35.4510904272765,-76.2071654064174
2025-02-06,21,"Swanquarter","PM2.5","Hyde",35.4510904272765,-76.2071654064174
2025-02-09,37,"Swanquarter","PM2.5","Hyde",35.4510904272765,-76.2071654064174
2025-02-12,8,"Swanquarter","PM2.5","Hyde",35.4510904272765,-76.2071654064174
2025-02-15,23,"Swanquarter","PM2.5","Hyde",35.4510904272765,-76.2071654064174
2025-02-18,14,"Swanquarter","PM2.5","Hyde",35.4510904272765,-76.2071654064174
2025-02-21,18,"Swanquarter","PM2.5","Hyde",35.4510904272765,-76.2071654064174
2025-02-24,24,"Swanquarter","PM2.5","Hyde",35.4510904272765,-76.2071654064174
2025-03-02,12,"Swanquarter","PM2.5","Hyde",35.4510904272765,-76.2071654064174
2025-03-05,52,"Swanquarter","PM2.5","Hyde",35.4510904272765,-76.2071654064174
2025-03-08,49,"Swanquarter","PM2.5","Hyde",35.4510904272765,-76.2071654064174
2025-03-11,18,"Swanquarter","PM2.5","Hyde",35.4510904272765,-76.2071654064174
2025-03-14,30,"Swanquarter","PM2.5","Hyde",35.4510904272765,-76.2071654064174
2025-03-17,29,"Swanquarter","PM2.5","Hyde",35.4510904272765,-76.2071654064174
2025-03-20,32,"Swanquarter","PM2.5","Hyde",35.4510904272765,-76.2071654064174
2025-03-23,27,"Swanquarter","PM2.5","Hyde",35.4510904272765,-76.2071654064174
2025-03-26,14,"Swanquarter","PM2.5","Hyde",35.4510904272765,-76.2071654064174
2025-03-29,20,"Swanquarter","PM2.5","Hyde",35.4510904272765,-76.2071654064174
2025-04-01,17,"Swanquarter","PM2.5","Hyde",35.4510904272765,-76.2071654064174
2025-04-04,39,"Swanquarter","PM2.5","Hyde",35.4510904272765,-76.2071654064174
2025-04-07,42,"Swanquarter","PM2.5","Hyde",35.4510904272765,-76.2071654064174
2025-04-10,16,"Swanquarter","PM2.5","Hyde",35.4510904272765,-76.2071654064174
2025-04-13,21,"Swanquarter","PM2.5","Hyde",35.4510904272765,-76.2071654064174
2025-04-16,16,"Swanquarter","PM2.5","Hyde",35.4510904272765,-76.2071654064174
2025-04-19,23,"Swanquarter","PM2.5","Hyde",35.4510904272765,-76.2071654064174
2025-04-22,29,"Swanquarter","PM2.5","Hyde",35.4510904272765,-76.2071654064174
2025-04-25,22,"Swanquarter","PM2.5","Hyde",35.4510904272765,-76.2071654064174
2025-04-28,13,"Swanquarter","PM2.5","Hyde",35.4510904272765,-76.2071654064174
2025-05-01,29,"Swanquarter","PM2.5","Hyde",35.4510904272765,-76.2071654064174
2025-05-04,26,"Swanquarter","PM2.5","Hyde",35.4510904272765,-76.2071654064174
2025-05-07,38,"Swanquarter","PM2.5","Hyde",35.4510904272765,-76.2071654064174
2025-05-10,14,"Swanquarter","PM2.5","Hyde",35.4510904272765,-76.2071654064174
2025-05-13,27,"Swanquarter","PM2.5","Hyde",35.4510904272765,-76.2071654064174
2025-05-16,55,"Swanquarter","PM2.5","Hyde",35.4510904272765,-76.2071654064174
2025-05-19,34,"Swanquarter","PM2.5","Hyde",35.4510904272765,-76.2071654064174
2025-05-22,23,"Swanquarter","PM2.5","Hyde",35.4510904272765,-76.2071654064174
2025-05-25,26,"Swanquarter","PM2.5","Hyde",35.4510904272765,-76.2071654064174
2025-05-28,22,"Swanquarter","PM2.5","Hyde",35.4510904272765,-76.2071654064174
2025-06-06,42,"Swanquarter","PM2.5","Hyde",35.4510904272765,-76.2071654064174
2025-06-09,46,"Swanquarter","PM2.5","Hyde",35.4510904272765,-76.2071654064174
2025-06-12,24,"Swanquarter","PM2.5","Hyde",35.4510904272765,-76.2071654064174
2025-06-15,30,"Swanquarter","PM2.5","Hyde",35.4510904272765,-76.2071654064174
2025-06-18,30,"Swanquarter","PM2.5","Hyde",35.4510904272765,-76.2071654064174
2025-06-21,26,"Swanquarter","PM2.5","Hyde",35.4510904272765,-76.2071654064174
2025-06-24,59,"Swanquarter","PM2.5","Hyde",35.4510904272765,-76.2071654064174
2025-06-27,47,"Swanquarter","PM2.5","Hyde",35.4510904272765,-76.2071654064174
2025-06-30,41,"Swanquarter","PM2.5","Hyde",35.4510904272765,-76.2071654064174
2025-07-03,32,"Swanquarter","PM2.5","Hyde",35.4510904272765,-76.2071654064174
2025-07-06,25,"Swanquarter","PM2.5","Hyde",35.4510904272765,-76.2071654064174
2025-07-09,31,"Swanquarter","PM2.5","Hyde",35.4510904272765,-76.2071654064174
2025-07-12,45,"Swanquarter","PM2.5","Hyde",35.4510904272765,-76.2071654064174
2025-07-15,28,"Swanquarter","PM2.5","Hyde",35.4510904272765,-76.2071654064174
2025-07-18,29,"Swanquarter","PM2.5","Hyde",35.4510904272765,-76.2071654064174
2025-07-21,47,"Swanquarter","PM2.5","Hyde",35.4510904272765,-76.2071654064174
2025-07-24,22,"Swanquarter","PM2.5","Hyde",35.4510904272765,-76.2071654064174
2025-07-27,43,"Swanquarter","PM2.5","Hyde",35.4510904272765,-76.2071654064174
2025-07-30,35,"Swanquarter","PM2.5","Hyde",35.4510904272765,-76.2071654064174
2025-08-02,24,"Swanquarter","PM2.5","Hyde",35.4510904272765,-76.2071654064174
2025-08-05,18,"Swanquarter","PM2.5","Hyde",35.4510904272765,-76.2071654064174
2025-08-08,49,"Swanquarter","PM2.5","Hyde",35.4510904272765,-76.2071654064174
2025-08-11,12,"Swanquarter","PM2.5","Hyde",35.4510904272765,-76.2071654064174
2025-08-14,24,"Swanquarter","PM2.5","Hyde",35.4510904272765,-76.2071654064174
2025-08-17,44,"Swanquarter","PM2.5","Hyde",35.4510904272765,-76.2071654064174
2025-08-20,22,"Swanquarter","PM2.5","Hyde",35.4510904272765,-76.2071654064174
2025-08-23,24,"Swanquarter","PM2.5","Hyde",35.4510904272765,-76.2071654064174
2025-08-26,29,"Swanquarter","PM2.5","Hyde",35.4510904272765,-76.2071654064174
2025-08-29,33,"Swanquarter","PM2.5","Hyde",35.4510904272765,-76.2071654064174
2025-09-01,15,"Swanquarter","PM2.5","Hyde",35.4510904272765,-76.2071654064174
2025-09-04,21,"Swanquarter","PM2.5","Hyde",35.4510904272765,-76.2071654064174
2025-09-07,31,"Swanquarter","PM2.5","Hyde",35.4510904272765,-76.2071654064174
2025-09-10,6,"Swanquarter","PM2.5","Hyde",35.4510904272765,-76.2071654064174
2025-09-13,24,"Swanquarter","PM2.5","Hyde",35.4510904272765,-76.2071654064174
2025-09-16,13,"Swanquarter","PM2.5","Hyde",35.4510904272765,-76.2071654064174
2025-09-19,22,"Swanquarter","PM2.5","Hyde",35.4510904272765,-76.2071654064174
2025-09-22,24,"Swanquarter","PM2.5","Hyde",35.4510904272765,-76.2071654064174
2025-09-25,16,"Swanquarter","PM2.5","Hyde",35.4510904272765,-76.2071654064174
2025-09-28,15,"Swanquarter","PM2.5","Hyde",35.4510904272765,-76.2071654064174
2025-01-01,0,"West Johnston Co.","PM2.5","Johnston",35.59095,-78.4622
2025-01-02,3,"West Johnston Co.","PM2.5","Johnston",35.59095,-78.4622
2025-01-03,21,"West Johnston Co.","PM2.5","Johnston",35.59095,-78.4622
2025-01-04,0,"West Johnston Co.","PM2.5","Johnston",35.59095,-78.4622
2025-01-05,9,"West Johnston Co.","PM2.5","Johnston",35.59095,-78.4622
2025-01-06,17,"West Johnston Co.","PM2.5","Johnston",35.59095,-78.4622
2025-01-07,4,"West Johnston Co.","PM2.5","Johnston",35.59095,-78.4622
2025-01-08,7,"West Johnston Co.","PM2.5","Johnston",35.59095,-78.4622
2025-01-09,8,"West Johnston Co.","PM2.5","Johnston",35.59095,-78.4622
2025-01-10,26,"West Johnston Co.","PM2.5","Johnston",35.59095,-78.4622
2025-01-11,24,"West Johnston Co.","PM2.5","Johnston",35.59095,-78.4622
2025-01-12,22,"West Johnston Co.","PM2.5","Johnston",35.59095,-78.4622
2025-01-13,50,"West Johnston Co.","PM2.5","Johnston",35.59095,-78.4622
2025-01-14,18,"West Johnston Co.","PM2.5","Johnston",35.59095,-78.4622
2025-01-15,7,"West Johnston Co.","PM2.5","Johnston",35.59095,-78.4622
2025-01-16,39,"West Johnston Co.","PM2.5","Johnston",35.59095,-78.4622
2025-01-17,23,"West Johnston Co.","PM2.5","Johnston",35.59095,-78.4622
2025-01-18,52,"West Johnston Co.","PM2.5","Johnston",35.59095,-78.4622
2025-01-19,35,"West Johnston Co.","PM2.5","Johnston",35.59095,-78.4622
2025-01-20,4,"West Johnston Co.","PM2.5","Johnston",35.59095,-78.4622
2025-01-21,2,"West Johnston Co.","PM2.5","Johnston",35.59095,-78.4622
2025-01-22,15,"West Johnston Co.","PM2.5","Johnston",35.59095,-78.4622
2025-01-23,37,"West Johnston Co.","PM2.5","Johnston",35.59095,-78.4622
2025-01-24,32,"West Johnston Co.","PM2.5","Johnston",35.59095,-78.4622
2025-01-25,43,"West Johnston Co.","PM2.5","Johnston",35.59095,-78.4622
2025-01-26,49,"West Johnston Co.","PM2.5","Johnston",35.59095,-78.4622
2025-01-27,50,"West Johnston Co.","PM2.5","Johnston",35.59095,-78.4622
2025-01-28,24,"West Johnston Co.","PM2.5","Johnston",35.59095,-78.4622
2025-01-29,43,"West Johnston Co.","PM2.5","Johnston",35.59095,-78.4622
2025-01-30,28,"West Johnston Co.","PM2.5","Johnston",35.59095,-78.4622
2025-01-31,52,"West Johnston Co.","PM2.5","Johnston",35.59095,-78.4622
2025-02-01,7,"West Johnston Co.","PM2.5","Johnston",35.59095,-78.4622
2025-02-02,17,"West Johnston Co.","PM2.5","Johnston",35.59095,-78.4622
2025-02-03,39,"West Johnston Co.","PM2.5","Johnston",35.59095,-78.4622
2025-02-04,51,"West Johnston Co.","PM2.5","Johnston",35.59095,-78.4622
2025-02-05,20,"West Johnston Co.","PM2.5","Johnston",35.59095,-78.4622
2025-02-06,57,"West Johnston Co.","PM2.5","Johnston",35.59095,-78.4622
2025-02-07,44,"West Johnston Co.","PM2.5","Johnston",35.59095,-78.4622
2025-02-08,34,"West Johnston Co.","PM2.5","Johnston",35.59095,-78.4622
2025-02-09,46,"West Johnston Co.","PM2.5","Johnston",35.59095,-78.4622
2025-02-10,27,"West Johnston Co.","PM2.5","Johnston",35.59095,-78.4622
2025-02-11,30,"West Johnston Co.","PM2.5","Johnston",35.59095,-78.4622
2025-02-12,16,"West Johnston Co.","PM2.5","Johnston",35.59095,-78.4622
2025-02-13,24,"West Johnston Co.","PM2.5","Johnston",35.59095,-78.4622
2025-02-14,28,"West Johnston Co.","PM2.5","Johnston",35.59095,-78.4622
2025-02-15,36,"West Johnston Co.","PM2.5","Johnston",35.59095,-78.4622
2025-02-16,24,"West Johnston Co.","PM2.5","Johnston",35.59095,-78.4622
2025-02-17,12,"West Johnston Co.","PM2.5","Johnston",35.59095,-78.4622
2025-02-18,24,"West Johnston Co.","PM2.5","Johnston",35.59095,-78.4622
2025-02-19,17,"West Johnston Co.","PM2.5","Johnston",35.59095,-78.4622
2025-02-20,19,"West Johnston Co.","PM2.5","Johnston",35.59095,-78.4622
2025-02-21,16,"West Johnston Co.","PM2.5","Johnston",35.59095,-78.4622
2025-02-22,27,"West Johnston Co.","PM2.5","Johnston",35.59095,-78.4622
2025-02-23,47,"West Johnston Co.","PM2.5","Johnston",35.59095,-78.4622
2025-02-24,53,"West Johnston Co.","PM2.5","Johnston",35.59095,-78.4622
2025-02-25,60,"West Johnston Co.","PM2.5","Johnston",35.59095,-78.4622
2025-02-26,57,"West Johnston Co.","PM2.5","Johnston",35.59095,-78.4622
2025-02-27,64,"West Johnston Co.","PM2.5","Johnston",35.59095,-78.4622
2025-02-28,16,"West Johnston Co.","PM2.5","Johnston",35.59095,-78.4622
2025-03-01,39,"West Johnston Co.","PM2.5","Johnston",35.59095,-78.4622
2025-03-02,9,"West Johnston Co.","PM2.5","Johnston",35.59095,-78.4622
2025-03-03,37,"West Johnston Co.","PM2.5","Johnston",35.59095,-78.4622
2025-03-04,42,"West Johnston Co.","PM2.5","Johnston",35.59095,-78.4622
2025-03-05,31,"West Johnston Co.","PM2.5","Johnston",35.59095,-78.4622
2025-03-06,0,"West Johnston Co.","PM2.5","Johnston",35.59095,-78.4622
2025-03-07,26,"West Johnston Co.","PM2.5","Johnston",35.59095,-78.4622
2025-03-12,54,"West Johnston Co.","PM2.5","Johnston",35.59095,-78.4622
2025-03-13,66,"West Johnston Co.","PM2.5","Johnston",35.59095,-78.4622
2025-03-14,56,"West Johnston Co.","PM2.5","Johnston",35.59095,-78.4622
2025-03-15,55,"West Johnston Co.","PM2.5","Johnston",35.59095,-78.4622
2025-03-16,23,"West Johnston Co.","PM2.5","Johnston",35.59095,-78.4622
2025-03-17,23,"West Johnston Co.","PM2.5","Johnston",35.59095,-78.4622
2025-03-18,21,"West Johnston Co.","PM2.5","Johnston",35.59095,-78.4622
2025-03-19,60,"West Johnston Co.","PM2.5","Johnston",35.59095,-78.4622
2025-03-20,54,"West Johnston Co.","PM2.5","Johnston",35.59095,-78.4622
2025-03-21,9,"West Johnston Co.","PM2.5","Johnston",35.59095,-78.4622
2025-03-22,48,"West Johnston Co.","PM2.5","Johnston",35.59095,-78.4622
2025-03-23,42,"West Johnston Co.","PM2.5","Johnston",35.59095,-78.4622
2025-03-24,53,"West Johnston Co.","PM2.5","Johnston",35.59095,-78.4622
2025-03-25,23,"West Johnston Co.","PM2.5","Johnston",35.59095,-78.4622
2025-03-26,17,"West Johnston Co.","PM2.5","Johnston",35.59095,-78.4622
2025-03-27,22,"West Johnston Co.","PM2.5","Johnston",35.59095,-78.4622
2025-03-28,47,"West Johnston Co.","PM2.5","Johnston",35.59095,-78.4622
2025-03-29,32,"West Johnston Co.","PM2.5","Johnston",35.59095,-78.4622
2025-03-30,27,"West Johnston Co.","PM2.5","Johnston",35.59095,-78.4622
2025-03-31,26,"West Johnston Co.","PM2.5","Johnston",35.59095,-78.4622
2025-04-01,10,"West Johnston Co.","PM2.5","Johnston",35.59095,-78.4622
2025-04-02,38,"West Johnston Co.","PM2.5","Johnston",35.59095,-78.4622
2025-04-03,39,"West Johnston Co.","PM2.5","Johnston",35.59095,-78.4622
2025-04-04,54,"West Johnston Co.","PM2.5","Johnston",35.59095,-78.4622
2025-04-05,46,"West Johnston Co.","PM2.5","Johnston",35.59095,-78.4622
2025-04-06,36,"West Johnston Co.","PM2.5","Johnston",35.59095,-78.4622
2025-04-07,38,"West Johnston Co.","PM2.5","Johnston",35.59095,-78.4622
2025-04-08,21,"West Johnston Co.","PM2.5","Johnston",35.59095,-78.4622
2025-04-09,26,"West Johnston Co.","PM2.5","Johnston",35.59095,-78.4622
2025-04-10,32,"West Johnston Co.","PM2.5","Johnston",35.59095,-78.4622
2025-04-11,24,"West Johnston Co.","PM2.5","Johnston",35.59095,-78.4622
2025-04-12,16,"West Johnston Co.","PM2.5","Johnston",35.59095,-78.4622
2025-04-13,31,"West Johnston Co.","PM2.5","Johnston",35.59095,-78.4622
2025-04-14,57,"West Johnston Co.","PM2.5","Johnston",35.59095,-78.4622
2025-04-15,43,"West Johnston Co.","PM2.5","Johnston",35.59095,-78.4622
2025-04-16,32,"West Johnston Co.","PM2.5","Johnston",35.59095,-78.4622
2025-04-17,46,"West Johnston Co.","PM2.5","Johnston",35.59095,-78.4622
2025-04-18,52,"West Johnston Co.","PM2.5","Johnston",35.59095,-78.4622
2025-04-19,43,"West Johnston Co.","PM2.5","Johnston",35.59095,-78.4622
2025-04-20,53,"West Johnston Co.","PM2.5","Johnston",35.59095,-78.4622
2025-04-21,42,"West Johnston Co.","PM2.5","Johnston",35.59095,-78.4622
2025-04-22,57,"West Johnston Co.","PM2.5","Johnston",35.59095,-78.4622
2025-04-23,57,"West Johnston Co.","PM2.5","Johnston",35.59095,-78.4622
2025-04-24,53,"West Johnston Co.","PM2.5","Johnston",35.59095,-78.4622
2025-04-25,55,"West Johnston Co.","PM2.5","Johnston",35.59095,-78.4622
2025-04-26,36,"West Johnston Co.","PM2.5","Johnston",35.59095,-78.4622
2025-04-27,18,"West Johnston Co.","PM2.5","Johnston",35.59095,-78.4622
2025-04-28,35,"West Johnston Co.","PM2.5","Johnston",35.59095,-78.4622
2025-04-29,36,"West Johnston Co.","PM2.5","Johnston",35.59095,-78.4622
2025-04-30,54,"West Johnston Co.","PM2.5","Johnston",35.59095,-78.4622
2025-05-01,52,"West Johnston Co.","PM2.5","Johnston",35.59095,-78.4622
2025-05-02,42,"West Johnston Co.","PM2.5","Johnston",35.59095,-78.4622
2025-05-03,31,"West Johnston Co.","PM2.5","Johnston",35.59095,-78.4622
2025-05-04,22,"West Johnston Co.","PM2.5","Johnston",35.59095,-78.4622
2025-05-05,32,"West Johnston Co.","PM2.5","Johnston",35.59095,-78.4622
2025-05-06,33,"West Johnston Co.","PM2.5","Johnston",35.59095,-78.4622
2025-05-07,39,"West Johnston Co.","PM2.5","Johnston",35.59095,-78.4622
2025-05-08,52,"West Johnston Co.","PM2.5","Johnston",35.59095,-78.4622
2025-05-09,21,"West Johnston Co.","PM2.5","Johnston",35.59095,-78.4622
2025-05-10,31,"West Johnston Co.","PM2.5","Johnston",35.59095,-78.4622
2025-05-11,48,"West Johnston Co.","PM2.5","Johnston",35.59095,-78.4622
2025-05-12,23,"West Johnston Co.","PM2.5","Johnston",35.59095,-78.4622
2025-05-13,19,"West Johnston Co.","PM2.5","Johnston",35.59095,-78.4622
2025-05-14,26,"West Johnston Co.","PM2.5","Johnston",35.59095,-78.4622
2025-05-15,50,"West Johnston Co.","PM2.5","Johnston",35.59095,-78.4622
2025-05-16,58,"West Johnston Co.","PM2.5","Johnston",35.59095,-78.4622
2025-05-17,48,"West Johnston Co.","PM2.5","Johnston",35.59095,-78.4622
2025-05-18,36,"West Johnston Co.","PM2.5","Johnston",35.59095,-78.4622
2025-05-19,39,"West Johnston Co.","PM2.5","Johnston",35.59095,-78.4622
2025-05-20,45,"West Johnston Co.","PM2.5","Johnston",35.59095,-78.4622
2025-05-21,37,"West Johnston Co.","PM2.5","Johnston",35.59095,-78.4622
2025-05-22,18,"West Johnston Co.","PM2.5","Johnston",35.59095,-78.4622
2025-05-23,13,"West Johnston Co.","PM2.5","Johnston",35.59095,-78.4622
2025-05-24,29,"West Johnston Co.","PM2.5","Johnston",35.59095,-78.4622
2025-05-25,39,"West Johnston Co.","PM2.5","Johnston",35.59095,-78.4622
2025-05-26,29,"West Johnston Co.","PM2.5","Johnston",35.59095,-78.4622
2025-05-27,16,"West Johnston Co.","PM2.5","Johnston",35.59095,-78.4622
2025-05-28,18,"West Johnston Co.","PM2.5","Johnston",35.59095,-78.4622
2025-05-29,37,"West Johnston Co.","PM2.5","Johnston",35.59095,-78.4622
2025-05-30,21,"West Johnston Co.","PM2.5","Johnston",35.59095,-78.4622
2025-05-31,43,"West Johnston Co.","PM2.5","Johnston",35.59095,-78.4622
2025-06-01,49,"West Johnston Co.","PM2.5","Johnston",35.59095,-78.4622
2025-06-02,35,"West Johnston Co.","PM2.5","Johnston",35.59095,-78.4622
2025-06-03,46,"West Johnston Co.","PM2.5","Johnston",35.59095,-78.4622
2025-06-04,51,"West Johnston Co.","PM2.5","Johnston",35.59095,-78.4622
2025-06-05,40,"West Johnston Co.","PM2.5","Johnston",35.59095,-78.4622
2025-06-06,63,"West Johnston Co.","PM2.5","Johnston",35.59095,-78.4622
2025-06-07,43,"West Johnston Co.","PM2.5","Johnston",35.59095,-78.4622
2025-06-08,50,"West Johnston Co.","PM2.5","Johnston",35.59095,-78.4622
2025-06-09,43,"West Johnston Co.","PM2.5","Johnston",35.59095,-78.4622
2025-06-10,30,"West Johnston Co.","PM2.5","Johnston",35.59095,-78.4622
2025-06-11,46,"West Johnston Co.","PM2.5","Johnston",35.59095,-78.4622
2025-06-12,44,"West Johnston Co.","PM2.5","Johnston",35.59095,-78.4622
2025-06-13,36,"West Johnston Co.","PM2.5","Johnston",35.59095,-78.4622
2025-06-14,34,"West Johnston Co.","PM2.5","Johnston",35.59095,-78.4622
2025-06-15,35,"West Johnston Co.","PM2.5","Johnston",35.59095,-78.4622
2025-06-16,37,"West Johnston Co.","PM2.5","Johnston",35.59095,-78.4622
2025-06-17,36,"West Johnston Co.","PM2.5","Johnston",35.59095,-78.4622
2025-06-18,45,"West Johnston Co.","PM2.5","Johnston",35.59095,-78.4622
2025-06-19,44,"West Johnston Co.","PM2.5","Johnston",35.59095,-78.4622
2025-06-20,55,"West Johnston Co.","PM2.5","Johnston",35.59095,-78.4622
2025-06-21,50,"West Johnston Co.","PM2.5","Johnston",35.59095,-78.4622
2025-06-22,56,"West Johnston Co.","PM2.5","Johnston",35.59095,-78.4622
2025-06-23,62,"West Johnston Co.","PM2.5","Johnston",35.59095,-78.4622
2025-06-24,68,"West Johnston Co.","PM2.5","Johnston",35.59095,-78.4622
2025-06-25,62,"West Johnston Co.","PM2.5","Johnston",35.59095,-78.4622
2025-06-26,61,"West Johnston Co.","PM2.5","Johnston",35.59095,-78.4622
2025-06-27,57,"West Johnston Co.","PM2.5","Johnston",35.59095,-78.4622
2025-06-28,52,"West Johnston Co.","PM2.5","Johnston",35.59095,-78.4622
2025-06-29,53,"West Johnston Co.","PM2.5","Johnston",35.59095,-78.4622
2025-06-30,53,"West Johnston Co.","PM2.5","Johnston",35.59095,-78.4622
2025-07-01,41,"West Johnston Co.","PM2.5","Johnston",35.59095,-78.4622
2025-07-02,39,"West Johnston Co.","PM2.5","Johnston",35.59095,-78.4622
2025-07-03,33,"West Johnston Co.","PM2.5","Johnston",35.59095,-78.4622
2025-07-04,60,"West Johnston Co.","PM2.5","Johnston",35.59095,-78.4622
2025-07-05,58,"West Johnston Co.","PM2.5","Johnston",35.59095,-78.4622
2025-07-06,18,"West Johnston Co.","PM2.5","Johnston",35.59095,-78.4622
2025-07-07,50,"West Johnston Co.","PM2.5","Johnston",35.59095,-78.4622
2025-07-08,55,"West Johnston Co.","PM2.5","Johnston",35.59095,-78.4622
2025-07-09,39,"West Johnston Co.","PM2.5","Johnston",35.59095,-78.4622
2025-07-10,41,"West Johnston Co.","PM2.5","Johnston",35.59095,-78.4622
2025-07-11,41,"West Johnston Co.","PM2.5","Johnston",35.59095,-78.4622
2025-07-12,55,"West Johnston Co.","PM2.5","Johnston",35.59095,-78.4622
2025-07-13,42,"West Johnston Co.","PM2.5","Johnston",35.59095,-78.4622
2025-07-14,38,"West Johnston Co.","PM2.5","Johnston",35.59095,-78.4622
2025-07-15,26,"West Johnston Co.","PM2.5","Johnston",35.59095,-78.4622
2025-07-16,28,"West Johnston Co.","PM2.5","Johnston",35.59095,-78.4622
2025-07-17,47,"West Johnston Co.","PM2.5","Johnston",35.59095,-78.4622
2025-07-18,39,"West Johnston Co.","PM2.5","Johnston",35.59095,-78.4622
2025-07-19,43,"West Johnston Co.","PM2.5","Johnston",35.59095,-78.4622
2025-07-20,43,"West Johnston Co.","PM2.5","Johnston",35.59095,-78.4622
2025-07-21,49,"West Johnston Co.","PM2.5","Johnston",35.59095,-78.4622
2025-07-22,44,"West Johnston Co.","PM2.5","Johnston",35.59095,-78.4622
2025-07-23,48,"West Johnston Co.","PM2.5","Johnston",35.59095,-78.4622
2025-07-24,56,"West Johnston Co.","PM2.5","Johnston",35.59095,-78.4622
2025-07-25,59,"West Johnston Co.","PM2.5","Johnston",35.59095,-78.4622
2025-07-26,57,"West Johnston Co.","PM2.5","Johnston",35.59095,-78.4622
2025-07-27,53,"West Johnston Co.","PM2.5","Johnston",35.59095,-78.4622
2025-07-28,34,"West Johnston Co.","PM2.5","Johnston",35.59095,-78.4622
2025-07-29,39,"West Johnston Co.","PM2.5","Johnston",35.59095,-78.4622
2025-07-30,38,"West Johnston Co.","PM2.5","Johnston",35.59095,-78.4622
2025-07-31,44,"West Johnston Co.","PM2.5","Johnston",35.59095,-78.4622
2025-08-01,44,"West Johnston Co.","PM2.5","Johnston",35.59095,-78.4622
2025-08-02,18,"West Johnston Co.","PM2.5","Johnston",35.59095,-78.4622
2025-08-03,34,"West Johnston Co.","PM2.5","Johnston",35.59095,-78.4622
2025-08-04,39,"West Johnston Co.","PM2.5","Johnston",35.59095,-78.4622
2025-08-05,36,"West Johnston Co.","PM2.5","Johnston",35.59095,-78.4622
2025-08-06,26,"West Johnston Co.","PM2.5","Johnston",35.59095,-78.4622
2025-08-07,62,"West Johnston Co.","PM2.5","Johnston",35.59095,-78.4622
2025-08-08,68,"West Johnston Co.","PM2.5","Johnston",35.59095,-78.4622
2025-08-09,39,"West Johnston Co.","PM2.5","Johnston",35.59095,-78.4622
2025-08-10,29,"West Johnston Co.","PM2.5","Johnston",35.59095,-78.4622
2025-08-11,24,"West Johnston Co.","PM2.5","Johnston",35.59095,-78.4622
2025-08-12,17,"West Johnston Co.","PM2.5","Johnston",35.59095,-78.4622
2025-08-13,21,"West Johnston Co.","PM2.5","Johnston",35.59095,-78.4622
2025-08-14,38,"West Johnston Co.","PM2.5","Johnston",35.59095,-78.4622
2025-08-15,39,"West Johnston Co.","PM2.5","Johnston",35.59095,-78.4622
2025-08-16,46,"West Johnston Co.","PM2.5","Johnston",35.59095,-78.4622
2025-08-17,55,"West Johnston Co.","PM2.5","Johnston",35.59095,-78.4622
2025-08-18,52,"West Johnston Co.","PM2.5","Johnston",35.59095,-78.4622
2025-08-19,26,"West Johnston Co.","PM2.5","Johnston",35.59095,-78.4622
2025-08-20,28,"West Johnston Co.","PM2.5","Johnston",35.59095,-78.4622
2025-08-21,31,"West Johnston Co.","PM2.5","Johnston",35.59095,-78.4622
2025-08-22,25,"West Johnston Co.","PM2.5","Johnston",35.59095,-78.4622
2025-08-23,38,"West Johnston Co.","PM2.5","Johnston",35.59095,-78.4622
2025-08-24,38,"West Johnston Co.","PM2.5","Johnston",35.59095,-78.4622
2025-08-25,41,"West Johnston Co.","PM2.5","Johnston",35.59095,-78.4622
2025-08-26,31,"West Johnston Co.","PM2.5","Johnston",35.59095,-78.4622
2025-08-27,39,"West Johnston Co.","PM2.5","Johnston",35.59095,-78.4622
2025-08-28,36,"West Johnston Co.","PM2.5","Johnston",35.59095,-78.4622
2025-08-29,48,"West Johnston Co.","PM2.5","Johnston",35.59095,-78.4622
2025-08-30,45,"West Johnston Co.","PM2.5","Johnston",35.59095,-78.4622
2025-08-31,23,"West Johnston Co.","PM2.5","Johnston",35.59095,-78.4622
2025-09-01,31,"West Johnston Co.","PM2.5","Johnston",35.59095,-78.4622
2025-09-02,21,"West Johnston Co.","PM2.5","Johnston",35.59095,-78.4622
2025-09-03,38,"West Johnston Co.","PM2.5","Johnston",35.59095,-78.4622
2025-09-04,52,"West Johnston Co.","PM2.5","Johnston",35.59095,-78.4622
2025-09-05,52,"West Johnston Co.","PM2.5","Johnston",35.59095,-78.4622
2025-09-06,51,"West Johnston Co.","PM2.5","Johnston",35.59095,-78.4622
2025-09-07,42,"West Johnston Co.","PM2.5","Johnston",35.59095,-78.4622
2025-09-08,24,"West Johnston Co.","PM2.5","Johnston",35.59095,-78.4622
2025-09-09,29,"West Johnston Co.","PM2.5","Johnston",35.59095,-78.4622
2025-09-10,14,"West Johnston Co.","PM2.5","Johnston",35.59095,-78.4622
2025-09-11,25,"West Johnston Co.","PM2.5","Johnston",35.59095,-78.4622
2025-09-12,33,"West Johnston Co.","PM2.5","Johnston",35.59095,-78.4622
2025-09-13,42,"West Johnston Co.","PM2.5","Johnston",35.59095,-78.4622
2025-09-14,49,"West Johnston Co.","PM2.5","Johnston",35.59095,-78.4622
2025-09-15,43,"West Johnston Co.","PM2.5","Johnston",35.59095,-78.4622
2025-09-16,29,"West Johnston Co.","PM2.5","Johnston",35.59095,-78.4622
2025-09-17,28,"West Johnston Co.","PM2.5","Johnston",35.59095,-78.4622
2025-09-18,23,"West Johnston Co.","PM2.5","Johnston",35.59095,-78.4622
2025-09-19,54,"West Johnston Co.","PM2.5","Johnston",35.59095,-78.4622
2025-09-20,52,"West Johnston Co.","PM2.5","Johnston",35.59095,-78.4622
2025-09-21,54,"West Johnston Co.","PM2.5","Johnston",35.59095,-78.4622
2025-09-22,34,"West Johnston Co.","PM2.5","Johnston",35.59095,-78.4622
2025-09-23,43,"West Johnston Co.","PM2.5","Johnston",35.59095,-78.4622
2025-09-24,43,"West Johnston Co.","PM2.5","Johnston",35.59095,-78.4622
2025-09-25,50,"West Johnston Co.","PM2.5","Johnston",35.59095,-78.4622
2025-09-26,51,"West Johnston Co.","PM2.5","Johnston",35.59095,-78.4622
2025-09-27,32,"West Johnston Co.","PM2.5","Johnston",35.59095,-78.4622
2025-09-28,27,"West Johnston Co.","PM2.5","Johnston",35.59095,-78.4622
2025-09-29,33,"West Johnston Co.","PM2.5","Johnston",35.59095,-78.4622
2025-09-30,52,"West Johnston Co.","PM2.5","Johnston",35.59095,-78.4622
2025-10-01,39,"West Johnston Co.","PM2.5","Johnston",35.59095,-78.4622
2025-10-02,23,"West Johnston Co.","PM2.5","Johnston",35.59095,-78.4622
2025-10-08,19,"West Johnston Co.","PM2.5","Johnston",35.59095,-78.4622
2025-10-09,22,"West Johnston Co.","PM2.5","Johnston",35.59095,-78.4622
2025-10-10,23,"West Johnston Co.","PM2.5","Johnston",35.59095,-78.4622
2025-10-11,22,"West Johnston Co.","PM2.5","Johnston",35.59095,-78.4622
2025-10-12,4,"West Johnston Co.","PM2.5","Johnston",35.59095,-78.4622
2025-10-17,13,"West Johnston Co.","PM2.5","Johnston",35.59095,-78.4622
2025-10-18,55,"West Johnston Co.","PM2.5","Johnston",35.59095,-78.4622
2025-10-19,28,"West Johnston Co.","PM2.5","Johnston",35.59095,-78.4622
2025-10-20,15,"West Johnston Co.","PM2.5","Johnston",35.59095,-78.4622
2025-10-21,41,"West Johnston Co.","PM2.5","Johnston",35.59095,-78.4622
2025-10-22,53,"West Johnston Co.","PM2.5","Johnston",35.59095,-78.4622
2025-10-23,29,"West Johnston Co.","PM2.5","Johnston",35.59095,-78.4622
2025-10-24,23,"West Johnston Co.","PM2.5","Johnston",35.59095,-78.4622
2025-10-25,22,"West Johnston Co.","PM2.5","Johnston",35.59095,-78.4622
2025-10-26,19,"West Johnston Co.","PM2.5","Johnston",35.59095,-78.4622
2025-10-27,18,"West Johnston Co.","PM2.5","Johnston",35.59095,-78.4622
2025-10-28,11,"West Johnston Co.","PM2.5","Johnston",35.59095,-78.4622
2025-10-29,15,"West Johnston Co.","PM2.5","Johnston",35.59095,-78.4622
2025-10-30,19,"West Johnston Co.","PM2.5","Johnston",35.59095,-78.4622
2025-10-31,19,"West Johnston Co.","PM2.5","Johnston",35.59095,-78.4622
2025-11-01,47,"West Johnston Co.","PM2.5","Johnston",35.59095,-78.4622
2025-11-02,63,"West Johnston Co.","PM2.5","Johnston",35.59095,-78.4622
2025-11-03,29,"West Johnston Co.","PM2.5","Johnston",35.59095,-78.4622
2025-11-04,32,"West Johnston Co.","PM2.5","Johnston",35.59095,-78.4622
2025-11-05,46,"West Johnston Co.","PM2.5","Johnston",35.59095,-78.4622
2025-11-06,47,"West Johnston Co.","PM2.5","Johnston",35.59095,-78.4622
2025-11-07,54,"West Johnston Co.","PM2.5","Johnston",35.59095,-78.4622
2025-11-08,56,"West Johnston Co.","PM2.5","Johnston",35.59095,-78.4622
2025-11-09,56,"West Johnston Co.","PM2.5","Johnston",35.59095,-78.4622
2025-11-10,1,"West Johnston Co.","PM2.5","Johnston",35.59095,-78.4622
2025-11-11,11,"West Johnston Co.","PM2.5","Johnston",35.59095,-78.4622
2025-11-12,49,"West Johnston Co.","PM2.5","Johnston",35.59095,-78.4622
2025-11-13,52,"West Johnston Co.","PM2.5","Johnston",35.59095,-78.4622
2025-11-14,49,"West Johnston Co.","PM2.5","Johnston",35.59095,-78.4622
2025-11-15,54,"West Johnston Co.","PM2.5","Johnston",35.59095,-78.4622
2025-11-16,46,"West Johnston Co.","PM2.5","Johnston",35.59095,-78.4622
2025-11-17,27,"West Johnston Co.","PM2.5","Johnston",35.59095,-78.4622
2025-11-18,46,"West Johnston Co.","PM2.5","Johnston",35.59095,-78.4622
2025-11-19,53,"West Johnston Co.","PM2.5","Johnston",35.59095,-78.4622
2025-11-20,52,"West Johnston Co.","PM2.5","Johnston",35.59095,-78.4622
2025-11-21,65,"West Johnston Co.","PM2.5","Johnston",35.59095,-78.4622
2025-11-22,56,"West Johnston Co.","PM2.5","Johnston",35.59095,-78.4622
2025-11-23,40,"West Johnston Co.","PM2.5","Johnston",35.59095,-78.4622
2025-11-24,41,"West Johnston Co.","PM2.5","Johnston",35.59095,-78.4622
2025-11-25,47,"West Johnston Co.","PM2.5","Johnston",35.59095,-78.4622
2025-11-26,33,"West Johnston Co.","PM2.5","Johnston",35.59095,-78.4622
2025-11-27,11,"West Johnston Co.","PM2.5","Johnston",35.59095,-78.4622
2025-11-28,23,"West Johnston Co.","PM2.5","Johnston",35.59095,-78.4622
2025-11-29,36,"West Johnston Co.","PM2.5","Johnston",35.59095,-78.4622
2025-11-30,41,"West Johnston Co.","PM2.5","Johnston",35.59095,-78.4622
2025-12-01,22,"West Johnston Co.","PM2.5","Johnston",35.59095,-78.4622
2025-12-02,31,"West Johnston Co.","PM2.5","Johnston",35.59095,-78.4622
2025-12-03,32,"West Johnston Co.","PM2.5","Johnston",35.59095,-78.4622
2025-12-04,58,"West Johnston Co.","PM2.5","Johnston",35.59095,-78.4622
2025-12-05,33,"West Johnston Co.","PM2.5","Johnston",35.59095,-78.4622
2025-12-06,44,"West Johnston Co.","PM2.5","Johnston",35.59095,-78.4622
2025-12-07,59,"West Johnston Co.","PM2.5","Johnston",35.59095,-78.4622
2025-12-08,44,"West Johnston Co.","PM2.5","Johnston",35.59095,-78.4622
2025-12-09,28,"West Johnston Co.","PM2.5","Johnston",35.59095,-78.4622
2025-12-10,43,"West Johnston Co.","PM2.5","Johnston",35.59095,-78.4622
2025-12-11,17,"West Johnston Co.","PM2.5","Johnston",35.59095,-78.4622
2025-12-12,34,"West Johnston Co.","PM2.5","Johnston",35.59095,-78.4622
2025-12-13,58,"West Johnston Co.","PM2.5","Johnston",35.59095,-78.4622
2025-12-14,31,"West Johnston Co.","PM2.5","Johnston",35.59095,-78.4622
2025-12-15,24,"West Johnston Co.","PM2.5","Johnston",35.59095,-78.4622
2025-12-16,34,"West Johnston Co.","PM2.5","Johnston",35.59095,-78.4622
2025-12-17,56,"West Johnston Co.","PM2.5","Johnston",35.59095,-78.4622
2025-12-18,55,"West Johnston Co.","PM2.5","Johnston",35.59095,-78.4622
2025-12-19,7,"West Johnston Co.","PM2.5","Johnston",35.59095,-78.4622
2025-12-20,26,"West Johnston Co.","PM2.5","Johnston",35.59095,-78.4622
2025-12-21,30,"West Johnston Co.","PM2.5","Johnston",35.59095,-78.4622
2025-12-22,21,"West Johnston Co.","PM2.5","Johnston",35.59095,-78.4622
2025-12-23,50,"West Johnston Co.","PM2.5","Johnston",35.59095,-78.4622
2025-12-24,41,"West Johnston Co.","PM2.5","Johnston",35.59095,-78.4622
2025-12-25,55,"West Johnston Co.","PM2.5","Johnston",35.59095,-78.4622
2025-12-26,34,"West Johnston Co.","PM2.5","Johnston",35.59095,-78.4622
2025-12-27,41,"West Johnston Co.","PM2.5","Johnston",35.59095,-78.4622
2025-12-28,34,"West Johnston Co.","PM2.5","Johnston",35.59095,-78.4622
2025-12-29,21,"West Johnston Co.","PM2.5","Johnston",35.59095,-78.4622
2025-12-30,21,"West Johnston Co.","PM2.5","Johnston",35.59095,-78.4622
2025-12-31,25,"West Johnston Co.","PM2.5","Johnston",35.59095,-78.4622
2025-01-01,11,"Garinger High School","PM2.5","Mecklenburg",35.2401000008895,-80.785683
2025-01-04,34,"Garinger High School","PM2.5","Mecklenburg",35.2401000008895,-80.785683
2025-01-07,16,"Garinger High School","PM2.5","Mecklenburg",35.2401000008895,-80.785683
2025-01-10,52,"Garinger High School","PM2.5","Mecklenburg",35.2401000008895,-80.785683
2025-01-13,56,"Garinger High School","PM2.5","Mecklenburg",35.2401000008895,-80.785683
2025-01-16,47,"Garinger High School","PM2.5","Mecklenburg",35.2401000008895,-80.785683
2025-01-19,38,"Garinger High School","PM2.5","Mecklenburg",35.2401000008895,-80.785683
2025-01-22,45,"Garinger High School","PM2.5","Mecklenburg",35.2401000008895,-80.785683
2025-01-25,67,"Garinger High School","PM2.5","Mecklenburg",35.2401000008895,-80.785683
2025-01-29,32,"Garinger High School","PM2.5","Mecklenburg",35.2401000008895,-80.785683
2025-01-31,52,"Garinger High School","PM2.5","Mecklenburg",35.2401000008895,-80.785683
2025-02-03,56,"Garinger High School","PM2.5","Mecklenburg",35.2401000008895,-80.785683
2025-02-06,55,"Garinger High School","PM2.5","Mecklenburg",35.2401000008895,-80.785683
2025-02-09,38,"Garinger High School","PM2.5","Mecklenburg",35.2401000008895,-80.785683
2025-02-12,9,"Garinger High School","PM2.5","Mecklenburg",35.2401000008895,-80.785683
2025-02-15,41,"Garinger High School","PM2.5","Mecklenburg",35.2401000008895,-80.785683
2025-02-18,46,"Garinger High School","PM2.5","Mecklenburg",35.2401000008895,-80.785683
2025-02-21,32,"Garinger High School","PM2.5","Mecklenburg",35.2401000008895,-80.785683
2025-02-24,65,"Garinger High School","PM2.5","Mecklenburg",35.2401000008895,-80.785683
2025-02-27,56,"Garinger High School","PM2.5","Mecklenburg",35.2401000008895,-80.785683
2025-03-02,26,"Garinger High School","PM2.5","Mecklenburg",35.2401000008895,-80.785683
2025-03-05,37,"Garinger High School","PM2.5","Mecklenburg",35.2401000008895,-80.785683
2025-03-08,52,"Garinger High School","PM2.5","Mecklenburg",35.2401000008895,-80.785683
2025-03-11,35,"Garinger High School","PM2.5","Mecklenburg",35.2401000008895,-80.785683
2025-03-14,73,"Garinger High School","PM2.5","Mecklenburg",35.2401000008895,-80.785683
2025-03-17,19,"Garinger High School","PM2.5","Mecklenburg",35.2401000008895,-80.785683
2025-03-20,53,"Garinger High School","PM2.5","Mecklenburg",35.2401000008895,-80.785683
2025-03-23,37,"Garinger High School","PM2.5","Mecklenburg",35.2401000008895,-80.785683
2025-03-26,21,"Garinger High School","PM2.5","Mecklenburg",35.2401000008895,-80.785683
2025-03-29,35,"Garinger High School","PM2.5","Mecklenburg",35.2401000008895,-80.785683
2025-04-01,17,"Garinger High School","PM2.5","Mecklenburg",35.2401000008895,-80.785683
2025-04-04,52,"Garinger High School","PM2.5","Mecklenburg",35.2401000008895,-80.785683
2025-04-07,36,"Garinger High School","PM2.5","Mecklenburg",35.2401000008895,-80.785683
2025-04-10,48,"Garinger High School","PM2.5","Mecklenburg",35.2401000008895,-80.785683
2025-04-13,43,"Garinger High School","PM2.5","Mecklenburg",35.2401000008895,-80.785683
2025-04-16,30,"Garinger High School","PM2.5","Mecklenburg",35.2401000008895,-80.785683
2025-04-19,53,"Garinger High School","PM2.5","Mecklenburg",35.2401000008895,-80.785683
2025-04-22,52,"Garinger High School","PM2.5","Mecklenburg",35.2401000008895,-80.785683
2025-04-25,52,"Garinger High School","PM2.5","Mecklenburg",35.2401000008895,-80.785683
2025-04-28,47,"Garinger High School","PM2.5","Mecklenburg",35.2401000008895,-80.785683
2025-05-01,49,"Garinger High School","PM2.5","Mecklenburg",35.2401000008895,-80.785683
2025-05-04,17,"Garinger High School","PM2.5","Mecklenburg",35.2401000008895,-80.785683
2025-05-07,41,"Garinger High School","PM2.5","Mecklenburg",35.2401000008895,-80.785683
2025-05-10,32,"Garinger High School","PM2.5","Mecklenburg",35.2401000008895,-80.785683
2025-05-13,24,"Garinger High School","PM2.5","Mecklenburg",35.2401000008895,-80.785683
2025-05-16,59,"Garinger High School","PM2.5","Mecklenburg",35.2401000008895,-80.785683
2025-05-19,48,"Garinger High School","PM2.5","Mecklenburg",35.2401000008895,-80.785683
2025-05-22,20,"Garinger High School","PM2.5","Mecklenburg",35.2401000008895,-80.785683
2025-05-25,53,"Garinger High School","PM2.5","Mecklenburg",35.2401000008895,-80.785683
2025-05-28,20,"Garinger High School","PM2.5","Mecklenburg",35.2401000008895,-80.785683
2025-05-31,50,"Garinger High School","PM2.5","Mecklenburg",35.2401000008895,-80.785683
2025-06-03,53,"Garinger High School","PM2.5","Mecklenburg",35.2401000008895,-80.785683
2025-06-06,52,"Garinger High School","PM2.5","Mecklenburg",35.2401000008895,-80.785683
2025-06-09,35,"Garinger High School","PM2.5","Mecklenburg",35.2401000008895,-80.785683
2025-06-12,51,"Garinger High School","PM2.5","Mecklenburg",35.2401000008895,-80.785683
2025-06-15,31,"Garinger High School","PM2.5","Mecklenburg",35.2401000008895,-80.785683
2025-06-18,30,"Garinger High School","PM2.5","Mecklenburg",35.2401000008895,-80.785683
2025-06-21,53,"Garinger High School","PM2.5","Mecklenburg",35.2401000008895,-80.785683
2025-06-24,61,"Garinger High School","PM2.5","Mecklenburg",35.2401000008895,-80.785683
2025-06-28,53,"Garinger High School","PM2.5","Mecklenburg",35.2401000008895,-80.785683
2025-06-30,53,"Garinger High School","PM2.5","Mecklenburg",35.2401000008895,-80.785683
2025-07-03,42,"Garinger High School","PM2.5","Mecklenburg",35.2401000008895,-80.785683
2025-07-06,38,"Garinger High School","PM2.5","Mecklenburg",35.2401000008895,-80.785683
2025-07-09,53,"Garinger High School","PM2.5","Mecklenburg",35.2401000008895,-80.785683
2025-07-12,28,"Garinger High School","PM2.5","Mecklenburg",35.2401000008895,-80.785683
2025-07-15,39,"Garinger High School","PM2.5","Mecklenburg",35.2401000008895,-80.785683
2025-07-18,47,"Garinger High School","PM2.5","Mecklenburg",35.2401000008895,-80.785683
2025-07-21,55,"Garinger High School","PM2.5","Mecklenburg",35.2401000008895,-80.785683
2025-07-24,52,"Garinger High School","PM2.5","Mecklenburg",35.2401000008895,-80.785683
2025-07-27,46,"Garinger High School","PM2.5","Mecklenburg",35.2401000008895,-80.785683
2025-07-30,44,"Garinger High School","PM2.5","Mecklenburg",35.2401000008895,-80.785683
2025-08-02,21,"Garinger High School","PM2.5","Mecklenburg",35.2401000008895,-80.785683
2025-08-05,27,"Garinger High School","PM2.5","Mecklenburg",35.2401000008895,-80.785683
2025-08-08,75,"Garinger High School","PM2.5","Mecklenburg",35.2401000008895,-80.785683
2025-08-11,13,"Garinger High School","PM2.5","Mecklenburg",35.2401000008895,-80.785683
2025-08-14,24,"Garinger High School","PM2.5","Mecklenburg",35.2401000008895,-80.785683
2025-08-17,52,"Garinger High School","PM2.5","Mecklenburg",35.2401000008895,-80.785683
2025-08-20,48,"Garinger High School","PM2.5","Mecklenburg",35.2401000008895,-80.785683
2025-08-23,38,"Garinger High School","PM2.5","Mecklenburg",35.2401000008895,-80.785683
2025-08-26,33,"Garinger High School","PM2.5","Mecklenburg",35.2401000008895,-80.785683
2025-08-29,48,"Garinger High School","PM2.5","Mecklenburg",35.2401000008895,-80.785683
2025-09-01,30,"Garinger High School","PM2.5","Mecklenburg",35.2401000008895,-80.785683
2025-09-04,53,"Garinger High School","PM2.5","Mecklenburg",35.2401000008895,-80.785683
2025-09-07,36,"Garinger High School","PM2.5","Mecklenburg",35.2401000008895,-80.785683
2025-09-10,38,"Garinger High School","PM2.5","Mecklenburg",35.2401000008895,-80.785683
2025-09-13,53,"Garinger High School","PM2.5","Mecklenburg",35.2401000008895,-80.785683
2025-09-16,40,"Garinger High School","PM2.5","Mecklenburg",35.2401000008895,-80.785683
2025-09-19,57,"Garinger High School","PM2.5","Mecklenburg",35.2401000008895,-80.785683
2025-09-22,55,"Garinger High School","PM2.5","Mecklenburg",35.2401000008895,-80.785683
2025-09-25,42,"Garinger High School","PM2.5","Mecklenburg",35.2401000008895,-80.785683
2025-09-28,33,"Garinger High School","PM2.5","Mecklenburg",35.2401000008895,-80.785683
2025-10-01,44,"Garinger High School","PM2.5","Mecklenburg",35.2401000008895,-80.785683
2025-10-04,45,"Garinger High School","PM2.5","Mecklenburg",35.2401000008895,-80.785683
2025-10-07,23,"Garinger High School","PM2.5","Mecklenburg",35.2401000008895,-80.785683
2025-10-10,28,"Garinger High School","PM2.5","Mecklenburg",35.2401000008895,-80.785683
2025-10-13,13,"Garinger High School","PM2.5","Mecklenburg",35.2401000008895,-80.785683
2025-10-16,27,"Garinger High School","PM2.5","Mecklenburg",35.2401000008895,-80.785683
2025-10-19,28,"Garinger High School","PM2.5","Mecklenburg",35.2401000008895,-80.785683
2025-10-22,32,"Garinger High School","PM2.5","Mecklenburg",35.2401000008895,-80.785683
2025-10-25,49,"Garinger High School","PM2.5","Mecklenburg",35.2401000008895,-80.785683
2025-10-28,17,"Garinger High School","PM2.5","Mecklenburg",35.2401000008895,-80.785683
2025-10-31,28,"Garinger High School","PM2.5","Mecklenburg",35.2401000008895,-80.785683
2025-11-03,41,"Garinger High School","PM2.5","Mecklenburg",35.2401000008895,-80.785683
2025-11-06,51,"Garinger High School","PM2.5","Mecklenburg",35.2401000008895,-80.785683
2025-11-09,51,"Garinger High School","PM2.5","Mecklenburg",35.2401000008895,-80.785683
2025-11-12,43,"Garinger High School","PM2.5","Mecklenburg",35.2401000008895,-80.785683
2025-11-15,55,"Garinger High School","PM2.5","Mecklenburg",35.2401000008895,-80.785683
2025-11-18,43,"Garinger High School","PM2.5","Mecklenburg",35.2401000008895,-80.785683
2025-11-21,82,"Garinger High School","PM2.5","Mecklenburg",35.2401000008895,-80.785683
2025-11-24,43,"Garinger High School","PM2.5","Mecklenburg",35.2401000008895,-80.785683
2025-11-27,14,"Garinger High School","PM2.5","Mecklenburg",35.2401000008895,-80.785683
2025-11-30,49,"Garinger High School","PM2.5","Mecklenburg",35.2401000008895,-80.785683
2025-12-03,35,"Garinger High School","PM2.5","Mecklenburg",35.2401000008895,-80.785683
2025-12-06,61,"Garinger High School","PM2.5","Mecklenburg",35.2401000008895,-80.785683
2025-12-09,43,"Garinger High School","PM2.5","Mecklenburg",35.2401000008895,-80.785683
2025-12-12,33,"Garinger High School","PM2.5","Mecklenburg",35.2401000008895,-80.785683
2025-12-15,27,"Garinger High School","PM2.5","Mecklenburg",35.2401000008895,-80.785683
2025-12-18,52,"Garinger High School","PM2.5","Mecklenburg",35.2401000008895,-80.785683
2025-12-21,34,"Garinger High School","PM2.5","Mecklenburg",35.2401000008895,-80.785683
2025-12-24,58,"Garinger High School","PM2.5","Mecklenburg",35.2401000008895,-80.785683
2025-12-27,57,"Garinger High School","PM2.5","Mecklenburg",35.2401000008895,-80.785683
2025-12-30,18,"Garinger High School","PM2.5","Mecklenburg",35.2401000008895,-80.785683
2025-01-01,15,"Garinger High School","PM2.5","Mecklenburg",35.2401000008895,-80.785683
2025-01-02,43,"Garinger High School","PM2.5","Mecklenburg",35.2401000008895,-80.785683
2025-01-03,40,"Garinger High School","PM2.5","Mecklenburg",35.2401000008895,-80.785683
2025-01-04,22,"Garinger High School","PM2.5","Mecklenburg",35.2401000008895,-80.785683
2025-01-05,53,"Garinger High School","PM2.5","Mecklenburg",35.2401000008895,-80.785683
2025-01-06,48,"Garinger High School","PM2.5","Mecklenburg",35.2401000008895,-80.785683
2025-01-07,22,"Garinger High School","PM2.5","Mecklenburg",35.2401000008895,-80.785683
2025-01-08,37,"Garinger High School","PM2.5","Mecklenburg",35.2401000008895,-80.785683
2025-01-09,34,"Garinger High School","PM2.5","Mecklenburg",35.2401000008895,-80.785683
2025-01-10,49,"Garinger High School","PM2.5","Mecklenburg",35.2401000008895,-80.785683
2025-01-11,31,"Garinger High School","PM2.5","Mecklenburg",35.2401000008895,-80.785683
2025-01-12,44,"Garinger High School","PM2.5","Mecklenburg",35.2401000008895,-80.785683
2025-01-13,55,"Garinger High School","PM2.5","Mecklenburg",35.2401000008895,-80.785683
2025-01-14,30,"Garinger High School","PM2.5","Mecklenburg",35.2401000008895,-80.785683
2025-01-15,39,"Garinger High School","PM2.5","Mecklenburg",35.2401000008895,-80.785683
2025-01-16,48,"Garinger High School","PM2.5","Mecklenburg",35.2401000008895,-80.785683
2025-01-17,37,"Garinger High School","PM2.5","Mecklenburg",35.2401000008895,-80.785683
2025-01-18,40,"Garinger High School","PM2.5","Mecklenburg",35.2401000008895,-80.785683
2025-01-19,40,"Garinger High School","PM2.5","Mecklenburg",35.2401000008895,-80.785683
2025-01-20,21,"Garinger High School","PM2.5","Mecklenburg",35.2401000008895,-80.785683
2025-01-21,25,"Garinger High School","PM2.5","Mecklenburg",35.2401000008895,-80.785683
2025-01-22,44,"Garinger High School","PM2.5","Mecklenburg",35.2401000008895,-80.785683
2025-01-23,57,"Garinger High School","PM2.5","Mecklenburg",35.2401000008895,-80.785683
2025-01-24,66,"Garinger High School","PM2.5","Mecklenburg",35.2401000008895,-80.785683
2025-01-25,68,"Garinger High School","PM2.5","Mecklenburg",35.2401000008895,-80.785683
2025-01-26,57,"Garinger High School","PM2.5","Mecklenburg",35.2401000008895,-80.785683
2025-01-27,48,"Garinger High School","PM2.5","Mecklenburg",35.2401000008895,-80.785683
2025-01-28,27,"Garinger High School","PM2.5","Mecklenburg",35.2401000008895,-80.785683
2025-01-29,35,"Garinger High School","PM2.5","Mecklenburg",35.2401000008895,-80.785683
2025-01-30,41,"Garinger High School","PM2.5","Mecklenburg",35.2401000008895,-80.785683
2025-01-31,46,"Garinger High School","PM2.5","Mecklenburg",35.2401000008895,-80.785683
2025-02-01,23,"Garinger High School","PM2.5","Mecklenburg",35.2401000008895,-80.785683
2025-02-02,43,"Garinger High School","PM2.5","Mecklenburg",35.2401000008895,-80.785683
2025-02-03,57,"Garinger High School","PM2.5","Mecklenburg",35.2401000008895,-80.785683
2025-02-04,56,"Garinger High School","PM2.5","Mecklenburg",35.2401000008895,-80.785683
2025-02-05,52,"Garinger High School","PM2.5","Mecklenburg",35.2401000008895,-80.785683
2025-02-06,57,"Garinger High School","PM2.5","Mecklenburg",35.2401000008895,-80.785683
2025-02-07,47,"Garinger High School","PM2.5","Mecklenburg",35.2401000008895,-80.785683
2025-02-08,53,"Garinger High School","PM2.5","Mecklenburg",35.2401000008895,-80.785683
2025-02-09,44,"Garinger High School","PM2.5","Mecklenburg",35.2401000008895,-80.785683
2025-02-10,28,"Garinger High School","PM2.5","Mecklenburg",35.2401000008895,-80.785683
2025-02-11,39,"Garinger High School","PM2.5","Mecklenburg",35.2401000008895,-80.785683
2025-02-12,7,"Garinger High School","PM2.5","Mecklenburg",35.2401000008895,-80.785683
2025-02-13,19,"Garinger High School","PM2.5","Mecklenburg",35.2401000008895,-80.785683
2025-02-14,38,"Garinger High School","PM2.5","Mecklenburg",35.2401000008895,-80.785683
2025-02-15,37,"Garinger High School","PM2.5","Mecklenburg",35.2401000008895,-80.785683
2025-02-16,24,"Garinger High School","PM2.5","Mecklenburg",35.2401000008895,-80.785683
2025-02-17,28,"Garinger High School","PM2.5","Mecklenburg",35.2401000008895,-80.785683
2025-02-18,48,"Garinger High School","PM2.5","Mecklenburg",35.2401000008895,-80.785683
2025-02-19,51,"Garinger High School","PM2.5","Mecklenburg",35.2401000008895,-80.785683
2025-02-20,39,"Garinger High School","PM2.5","Mecklenburg",35.2401000008895,-80.785683
2025-02-21,34,"Garinger High School","PM2.5","Mecklenburg",35.2401000008895,-80.785683
2025-02-22,42,"Garinger High School","PM2.5","Mecklenburg",35.2401000008895,-80.785683
2025-02-23,55,"Garinger High School","PM2.5","Mecklenburg",35.2401000008895,-80.785683
2025-02-24,67,"Garinger High School","PM2.5","Mecklenburg",35.2401000008895,-80.785683
2025-02-25,62,"Garinger High School","PM2.5","Mecklenburg",35.2401000008895,-80.785683
2025-02-26,59,"Garinger High School","PM2.5","Mecklenburg",35.2401000008895,-80.785683
2025-02-27,59,"Garinger High School","PM2.5","Mecklenburg",35.2401000008895,-80.785683
2025-02-28,19,"Garinger High School","PM2.5","Mecklenburg",35.2401000008895,-80.785683
2025-03-01,32,"Garinger High School","PM2.5","Mecklenburg",35.2401000008895,-80.785683
2025-03-02,25,"Garinger High School","PM2.5","Mecklenburg",35.2401000008895,-80.785683
2025-03-03,40,"Garinger High School","PM2.5","Mecklenburg",35.2401000008895,-80.785683
2025-03-04,29,"Garinger High School","PM2.5","Mecklenburg",35.2401000008895,-80.785683
2025-03-05,39,"Garinger High School","PM2.5","Mecklenburg",35.2401000008895,-80.785683
2025-03-06,7,"Garinger High School","PM2.5","Mecklenburg",35.2401000008895,-80.785683
2025-03-07,26,"Garinger High School","PM2.5","Mecklenburg",35.2401000008895,-80.785683
2025-03-08,52,"Garinger High School","PM2.5","Mecklenburg",35.2401000008895,-80.785683
2025-03-09,23,"Garinger High School","PM2.5","Mecklenburg",35.2401000008895,-80.785683
2025-03-10,46,"Garinger High School","PM2.5","Mecklenburg",35.2401000008895,-80.785683
2025-03-11,33,"Garinger High School","PM2.5","Mecklenburg",35.2401000008895,-80.785683
2025-03-12,53,"Garinger High School","PM2.5","Mecklenburg",35.2401000008895,-80.785683
2025-03-13,68,"Garinger High School","PM2.5","Mecklenburg",35.2401000008895,-80.785683
2025-03-14,77,"Garinger High School","PM2.5","Mecklenburg",35.2401000008895,-80.785683
2025-03-15,55,"Garinger High School","PM2.5","Mecklenburg",35.2401000008895,-80.785683
2025-03-16,42,"Garinger High School","PM2.5","Mecklenburg",35.2401000008895,-80.785683
2025-03-17,15,"Garinger High School","PM2.5","Mecklenburg",35.2401000008895,-80.785683
2025-03-18,14,"Garinger High School","PM2.5","Mecklenburg",35.2401000008895,-80.785683
2025-03-19,52,"Garinger High School","PM2.5","Mecklenburg",35.2401000008895,-80.785683
2025-03-20,52,"Garinger High School","PM2.5","Mecklenburg",35.2401000008895,-80.785683
2025-03-21,19,"Garinger High School","PM2.5","Mecklenburg",35.2401000008895,-80.785683
2025-03-22,42,"Garinger High School","PM2.5","Mecklenburg",35.2401000008895,-80.785683
2025-03-23,34,"Garinger High School","PM2.5","Mecklenburg",35.2401000008895,-80.785683
2025-03-24,54,"Garinger High School","PM2.5","Mecklenburg",35.2401000008895,-80.785683
2025-03-25,20,"Garinger High School","PM2.5","Mecklenburg",35.2401000008895,-80.785683
2025-03-26,21,"Garinger High School","PM2.5","Mecklenburg",35.2401000008895,-80.785683
2025-03-27,37,"Garinger High School","PM2.5","Mecklenburg",35.2401000008895,-80.785683
2025-03-28,48,"Garinger High School","PM2.5","Mecklenburg",35.2401000008895,-80.785683
2025-03-29,40,"Garinger High School","PM2.5","Mecklenburg",35.2401000008895,-80.785683
2025-03-30,33,"Garinger High School","PM2.5","Mecklenburg",35.2401000008895,-80.785683
2025-03-31,32,"Garinger High School","PM2.5","Mecklenburg",35.2401000008895,-80.785683
2025-04-01,12,"Garinger High School","PM2.5","Mecklenburg",35.2401000008895,-80.785683
2025-04-02,52,"Garinger High School","PM2.5","Mecklenburg",35.2401000008895,-80.785683
2025-04-03,40,"Garinger High School","PM2.5","Mecklenburg",35.2401000008895,-80.785683
2025-04-04,51,"Garinger High School","PM2.5","Mecklenburg",35.2401000008895,-80.785683
2025-04-05,46,"Garinger High School","PM2.5","Mecklenburg",35.2401000008895,-80.785683
2025-04-06,34,"Garinger High School","PM2.5","Mecklenburg",35.2401000008895,-80.785683
2025-04-07,27,"Garinger High School","PM2.5","Mecklenburg",35.2401000008895,-80.785683
2025-04-08,30,"Garinger High School","PM2.5","Mecklenburg",35.2401000008895,-80.785683
2025-04-09,36,"Garinger High School","PM2.5","Mecklenburg",35.2401000008895,-80.785683
2025-04-10,50,"Garinger High School","PM2.5","Mecklenburg",35.2401000008895,-80.785683
2025-04-11,29,"Garinger High School","PM2.5","Mecklenburg",35.2401000008895,-80.785683
2025-04-12,40,"Garinger High School","PM2.5","Mecklenburg",35.2401000008895,-80.785683
2025-04-13,43,"Garinger High School","PM2.5","Mecklenburg",35.2401000008895,-80.785683
2025-04-14,52,"Garinger High School","PM2.5","Mecklenburg",35.2401000008895,-80.785683
2025-04-15,46,"Garinger High School","PM2.5","Mecklenburg",35.2401000008895,-80.785683
2025-04-16,34,"Garinger High School","PM2.5","Mecklenburg",35.2401000008895,-80.785683
2025-04-17,46,"Garinger High School","PM2.5","Mecklenburg",35.2401000008895,-80.785683
2025-04-18,55,"Garinger High School","PM2.5","Mecklenburg",35.2401000008895,-80.785683
2025-04-19,54,"Garinger High School","PM2.5","Mecklenburg",35.2401000008895,-80.785683
2025-04-20,51,"Garinger High School","PM2.5","Mecklenburg",35.2401000008895,-80.785683
2025-04-21,50,"Garinger High School","PM2.5","Mecklenburg",35.2401000008895,-80.785683
2025-04-22,52,"Garinger High School","PM2.5","Mecklenburg",35.2401000008895,-80.785683
2025-04-23,46,"Garinger High School","PM2.5","Mecklenburg",35.2401000008895,-80.785683
2025-04-24,55,"Garinger High School","PM2.5","Mecklenburg",35.2401000008895,-80.785683
2025-04-25,48,"Garinger High School","PM2.5","Mecklenburg",35.2401000008895,-80.785683
2025-04-26,33,"Garinger High School","PM2.5","Mecklenburg",35.2401000008895,-80.785683
2025-04-27,28,"Garinger High School","PM2.5","Mecklenburg",35.2401000008895,-80.785683
2025-04-28,41,"Garinger High School","PM2.5","Mecklenburg",35.2401000008895,-80.785683
2025-04-29,42,"Garinger High School","PM2.5","Mecklenburg",35.2401000008895,-80.785683
2025-04-30,52,"Garinger High School","PM2.5","Mecklenburg",35.2401000008895,-80.785683
2025-05-01,51,"Garinger High School","PM2.5","Mecklenburg",35.2401000008895,-80.785683
2025-05-02,44,"Garinger High School","PM2.5","Mecklenburg",35.2401000008895,-80.785683
2025-05-03,42,"Garinger High School","PM2.5","Mecklenburg",35.2401000008895,-80.785683
2025-05-04,15,"Garinger High School","PM2.5","Mecklenburg",35.2401000008895,-80.785683
2025-05-05,24,"Garinger High School","PM2.5","Mecklenburg",35.2401000008895,-80.785683
2025-05-06,31,"Garinger High School","PM2.5","Mecklenburg",35.2401000008895,-80.785683
2025-05-07,42,"Garinger High School","PM2.5","Mecklenburg",35.2401000008895,-80.785683
2025-05-08,43,"Garinger High School","PM2.5","Mecklenburg",35.2401000008895,-80.785683
2025-05-09,22,"Garinger High School","PM2.5","Mecklenburg",35.2401000008895,-80.785683
2025-05-10,29,"Garinger High School","PM2.5","Mecklenburg",35.2401000008895,-80.785683
2025-05-11,47,"Garinger High School","PM2.5","Mecklenburg",35.2401000008895,-80.785683
2025-05-12,18,"Garinger High School","PM2.5","Mecklenburg",35.2401000008895,-80.785683
2025-05-13,12,"Garinger High School","PM2.5","Mecklenburg",35.2401000008895,-80.785683
2025-05-14,23,"Garinger High School","PM2.5","Mecklenburg",35.2401000008895,-80.785683
2025-05-15,47,"Garinger High School","PM2.5","Mecklenburg",35.2401000008895,-80.785683
2025-05-16,56,"Garinger High School","PM2.5","Mecklenburg",35.2401000008895,-80.785683
2025-05-17,33,"Garinger High School","PM2.5","Mecklenburg",35.2401000008895,-80.785683
2025-05-18,29,"Garinger High School","PM2.5","Mecklenburg",35.2401000008895,-80.785683
2025-05-19,43,"Garinger High School","PM2.5","Mecklenburg",35.2401000008895,-80.785683
2025-05-20,53,"Garinger High School","PM2.5","Mecklenburg",35.2401000008895,-80.785683
2025-05-21,40,"Garinger High School","PM2.5","Mecklenburg",35.2401000008895,-80.785683
2025-05-22,17,"Garinger High School","PM2.5","Mecklenburg",35.2401000008895,-80.785683
2025-05-23,14,"Garinger High School","PM2.5","Mecklenburg",35.2401000008895,-80.785683
2025-05-24,31,"Garinger High School","PM2.5","Mecklenburg",35.2401000008895,-80.785683
2025-05-25,54,"Garinger High School","PM2.5","Mecklenburg",35.2401000008895,-80.785683
2025-05-26,53,"Garinger High School","PM2.5","Mecklenburg",35.2401000008895,-80.785683
2025-05-27,5,"Garinger High School","PM2.5","Mecklenburg",35.2401000008895,-80.785683
2025-05-28,19,"Garinger High School","PM2.5","Mecklenburg",35.2401000008895,-80.785683
2025-05-29,34,"Garinger High School","PM2.5","Mecklenburg",35.2401000008895,-80.785683
2025-05-30,24,"Garinger High School","PM2.5","Mecklenburg",35.2401000008895,-80.785683
2025-05-31,48,"Garinger High School","PM2.5","Mecklenburg",35.2401000008895,-80.785683
2025-06-01,58,"Garinger High School","PM2.5","Mecklenburg",35.2401000008895,-80.785683
2025-06-02,50,"Garinger High School","PM2.5","Mecklenburg",35.2401000008895,-80.785683
2025-06-03,54,"Garinger High School","PM2.5","Mecklenburg",35.2401000008895,-80.785683
2025-06-04,61,"Garinger High School","PM2.5","Mecklenburg",35.2401000008895,-80.785683
2025-06-05,19,"Garinger High School","PM2.5","Mecklenburg",35.2401000008895,-80.785683
2025-06-06,52,"Garinger High School","PM2.5","Mecklenburg",35.2401000008895,-80.785683
2025-06-07,34,"Garinger High School","PM2.5","Mecklenburg",35.2401000008895,-80.785683
2025-06-08,41,"Garinger High School","PM2.5","Mecklenburg",35.2401000008895,-80.785683
2025-06-09,33,"Garinger High School","PM2.5","Mecklenburg",35.2401000008895,-80.785683
2025-06-10,28,"Garinger High School","PM2.5","Mecklenburg",35.2401000008895,-80.785683
2025-06-11,52,"Garinger High School","PM2.5","Mecklenburg",35.2401000008895,-80.785683
2025-06-12,51,"Garinger High School","PM2.5","Mecklenburg",35.2401000008895,-80.785683
2025-06-13,18,"Garinger High School","PM2.5","Mecklenburg",35.2401000008895,-80.785683
2025-06-14,23,"Garinger High School","PM2.5","Mecklenburg",35.2401000008895,-80.785683
2025-06-15,23,"Garinger High School","PM2.5","Mecklenburg",35.2401000008895,-80.785683
2025-06-16,37,"Garinger High School","PM2.5","Mecklenburg",35.2401000008895,-80.785683
2025-06-17,34,"Garinger High School","PM2.5","Mecklenburg",35.2401000008895,-80.785683
2025-06-18,29,"Garinger High School","PM2.5","Mecklenburg",35.2401000008895,-80.785683
2025-06-19,31,"Garinger High School","PM2.5","Mecklenburg",35.2401000008895,-80.785683
2025-06-20,33,"Garinger High School","PM2.5","Mecklenburg",35.2401000008895,-80.785683
2025-06-21,51,"Garinger High School","PM2.5","Mecklenburg",35.2401000008895,-80.785683
2025-06-22,56,"Garinger High School","PM2.5","Mecklenburg",35.2401000008895,-80.785683
2025-06-23,57,"Garinger High School","PM2.5","Mecklenburg",35.2401000008895,-80.785683
2025-06-24,61,"Garinger High School","PM2.5","Mecklenburg",35.2401000008895,-80.785683
2025-06-25,61,"Garinger High School","PM2.5","Mecklenburg",35.2401000008895,-80.785683
2025-06-26,52,"Garinger High School","PM2.5","Mecklenburg",35.2401000008895,-80.785683
2025-06-27,51,"Garinger High School","PM2.5","Mecklenburg",35.2401000008895,-80.785683
2025-06-28,51,"Garinger High School","PM2.5","Mecklenburg",35.2401000008895,-80.785683
2025-06-29,39,"Garinger High School","PM2.5","Mecklenburg",35.2401000008895,-80.785683
2025-06-30,45,"Garinger High School","PM2.5","Mecklenburg",35.2401000008895,-80.785683
2025-07-01,46,"Garinger High School","PM2.5","Mecklenburg",35.2401000008895,-80.785683
2025-07-02,26,"Garinger High School","PM2.5","Mecklenburg",35.2401000008895,-80.785683
2025-07-03,38,"Garinger High School","PM2.5","Mecklenburg",35.2401000008895,-80.785683
2025-07-04,68,"Garinger High School","PM2.5","Mecklenburg",35.2401000008895,-80.785683
2025-07-05,61,"Garinger High School","PM2.5","Mecklenburg",35.2401000008895,-80.785683
2025-07-06,34,"Garinger High School","PM2.5","Mecklenburg",35.2401000008895,-80.785683
2025-07-07,48,"Garinger High School","PM2.5","Mecklenburg",35.2401000008895,-80.785683
2025-07-08,58,"Garinger High School","PM2.5","Mecklenburg",35.2401000008895,-80.785683
2025-07-09,51,"Garinger High School","PM2.5","Mecklenburg",35.2401000008895,-80.785683
2025-07-10,40,"Garinger High School","PM2.5","Mecklenburg",35.2401000008895,-80.785683
2025-07-11,28,"Garinger High School","PM2.5","Mecklenburg",35.2401000008895,-80.785683
2025-07-12,25,"Garinger High School","PM2.5","Mecklenburg",35.2401000008895,-80.785683
2025-07-13,39,"Garinger High School","PM2.5","Mecklenburg",35.2401000008895,-80.785683
2025-07-14,37,"Garinger High School","PM2.5","Mecklenburg",35.2401000008895,-80.785683
2025-07-15,32,"Garinger High School","PM2.5","Mecklenburg",35.2401000008895,-80.785683
2025-07-16,24,"Garinger High School","PM2.5","Mecklenburg",35.2401000008895,-80.785683
2025-07-17,36,"Garinger High School","PM2.5","Mecklenburg",35.2401000008895,-80.785683
2025-07-18,35,"Garinger High School","PM2.5","Mecklenburg",35.2401000008895,-80.785683
2025-07-19,26,"Garinger High School","PM2.5","Mecklenburg",35.2401000008895,-80.785683
2025-07-20,36,"Garinger High School","PM2.5","Mecklenburg",35.2401000008895,-80.785683
2025-07-21,48,"Garinger High School","PM2.5","Mecklenburg",35.2401000008895,-80.785683
2025-07-22,39,"Garinger High School","PM2.5","Mecklenburg",35.2401000008895,-80.785683
2025-07-23,52,"Garinger High School","PM2.5","Mecklenburg",35.2401000008895,-80.785683
2025-07-24,51,"Garinger High School","PM2.5","Mecklenburg",35.2401000008895,-80.785683
2025-07-25,28,"Garinger High School","PM2.5","Mecklenburg",35.2401000008895,-80.785683
2025-07-26,39,"Garinger High School","PM2.5","Mecklenburg",35.2401000008895,-80.785683
2025-07-27,46,"Garinger High School","PM2.5","Mecklenburg",35.2401000008895,-80.785683
2025-07-28,26,"Garinger High School","PM2.5","Mecklenburg",35.2401000008895,-80.785683
2025-07-29,23,"Garinger High School","PM2.5","Mecklenburg",35.2401000008895,-80.785683
2025-07-30,39,"Garinger High School","PM2.5","Mecklenburg",35.2401000008895,-80.785683
2025-07-31,26,"Garinger High School","PM2.5","Mecklenburg",35.2401000008895,-80.785683
2025-08-01,31,"Garinger High School","PM2.5","Mecklenburg",35.2401000008895,-80.785683
2025-08-02,15,"Garinger High School","PM2.5","Mecklenburg",35.2401000008895,-80.785683
2025-08-03,38,"Garinger High School","PM2.5","Mecklenburg",35.2401000008895,-80.785683
2025-08-04,45,"Garinger High School","PM2.5","Mecklenburg",35.2401000008895,-80.785683
2025-08-05,25,"Garinger High School","PM2.5","Mecklenburg",35.2401000008895,-80.785683
2025-08-06,21,"Garinger High School","PM2.5","Mecklenburg",35.2401000008895,-80.785683
2025-08-07,44,"Garinger High School","PM2.5","Mecklenburg",35.2401000008895,-80.785683
2025-08-08,74,"Garinger High School","PM2.5","Mecklenburg",35.2401000008895,-80.785683
2025-08-09,57,"Garinger High School","PM2.5","Mecklenburg",35.2401000008895,-80.785683
2025-08-10,31,"Garinger High School","PM2.5","Mecklenburg",35.2401000008895,-80.785683
2025-08-11,4,"Garinger High School","PM2.5","Mecklenburg",35.2401000008895,-80.785683
2025-08-12,20,"Garinger High School","PM2.5","Mecklenburg",35.2401000008895,-80.785683
2025-08-13,27,"Garinger High School","PM2.5","Mecklenburg",35.2401000008895,-80.785683
2025-08-14,23,"Garinger High School","PM2.5","Mecklenburg",35.2401000008895,-80.785683
2025-08-15,36,"Garinger High School","PM2.5","Mecklenburg",35.2401000008895,-80.785683
2025-08-16,51,"Garinger High School","PM2.5","Mecklenburg",35.2401000008895,-80.785683
2025-08-17,51,"Garinger High School","PM2.5","Mecklenburg",35.2401000008895,-80.785683
2025-08-18,52,"Garinger High School","PM2.5","Mecklenburg",35.2401000008895,-80.785683
2025-08-19,42,"Garinger High School","PM2.5","Mecklenburg",35.2401000008895,-80.785683
2025-08-20,38,"Garinger High School","PM2.5","Mecklenburg",35.2401000008895,-80.785683
2025-08-21,42,"Garinger High School","PM2.5","Mecklenburg",35.2401000008895,-80.785683
2025-08-22,16,"Garinger High School","PM2.5","Mecklenburg",35.2401000008895,-80.785683
2025-08-23,31,"Garinger High School","PM2.5","Mecklenburg",35.2401000008895,-80.785683
2025-08-24,36,"Garinger High School","PM2.5","Mecklenburg",35.2401000008895,-80.785683
2025-08-25,32,"Garinger High School","PM2.5","Mecklenburg",35.2401000008895,-80.785683
2025-08-26,35,"Garinger High School","PM2.5","Mecklenburg",35.2401000008895,-80.785683
2025-08-27,29,"Garinger High School","PM2.5","Mecklenburg",35.2401000008895,-80.785683
2025-08-28,46,"Garinger High School","PM2.5","Mecklenburg",35.2401000008895,-80.785683
2025-08-29,49,"Garinger High School","PM2.5","Mecklenburg",35.2401000008895,-80.785683
2025-08-30,52,"Garinger High School","PM2.5","Mecklenburg",35.2401000008895,-80.785683
2025-08-31,40,"Garinger High School","PM2.5","Mecklenburg",35.2401000008895,-80.785683
2025-09-01,31,"Garinger High School","PM2.5","Mecklenburg",35.2401000008895,-80.785683
2025-09-02,34,"Garinger High School","PM2.5","Mecklenburg",35.2401000008895,-80.785683
2025-09-03,50,"Garinger High School","PM2.5","Mecklenburg",35.2401000008895,-80.785683
2025-09-04,47,"Garinger High School","PM2.5","Mecklenburg",35.2401000008895,-80.785683
2025-09-05,54,"Garinger High School","PM2.5","Mecklenburg",35.2401000008895,-80.785683
2025-09-06,54,"Garinger High School","PM2.5","Mecklenburg",35.2401000008895,-80.785683
2025-09-07,36,"Garinger High School","PM2.5","Mecklenburg",35.2401000008895,-80.785683
2025-09-08,28,"Garinger High School","PM2.5","Mecklenburg",35.2401000008895,-80.785683
2025-09-09,29,"Garinger High School","PM2.5","Mecklenburg",35.2401000008895,-80.785683
2025-09-10,33,"Garinger High School","PM2.5","Mecklenburg",35.2401000008895,-80.785683
2025-09-11,40,"Garinger High School","PM2.5","Mecklenburg",35.2401000008895,-80.785683
2025-09-12,50,"Garinger High School","PM2.5","Mecklenburg",35.2401000008895,-80.785683
2025-09-13,52,"Garinger High School","PM2.5","Mecklenburg",35.2401000008895,-80.785683
2025-09-14,53,"Garinger High School","PM2.5","Mecklenburg",35.2401000008895,-80.785683
2025-09-15,52,"Garinger High School","PM2.5","Mecklenburg",35.2401000008895,-80.785683
2025-09-16,40,"Garinger High School","PM2.5","Mecklenburg",35.2401000008895,-80.785683
2025-09-17,47,"Garinger High School","PM2.5","Mecklenburg",35.2401000008895,-80.785683
2025-09-18,52,"Garinger High School","PM2.5","Mecklenburg",35.2401000008895,-80.785683
2025-09-19,57,"Garinger High School","PM2.5","Mecklenburg",35.2401000008895,-80.785683
2025-09-20,59,"Garinger High School","PM2.5","Mecklenburg",35.2401000008895,-80.785683
2025-09-21,57,"Garinger High School","PM2.5","Mecklenburg",35.2401000008895,-80.785683
2025-09-22,55,"Garinger High School","PM2.5","Mecklenburg",35.2401000008895,-80.785683
2025-09-23,55,"Garinger High School","PM2.5","Mecklenburg",35.2401000008895,-80.785683
2025-09-24,56,"Garinger High School","PM2.5","Mecklenburg",35.2401000008895,-80.785683
2025-09-25,39,"Garinger High School","PM2.5","Mecklenburg",35.2401000008895,-80.785683
2025-09-26,26,"Garinger High School","PM2.5","Mecklenburg",35.2401000008895,-80.785683
2025-09-27,28,"Garinger High School","PM2.5","Mecklenburg",35.2401000008895,-80.785683
2025-09-28,24,"Garinger High School","PM2.5","Mecklenburg",35.2401000008895,-80.785683
2025-09-29,30,"Garinger High School","PM2.5","Mecklenburg",35.2401000008895,-80.785683
2025-09-30,39,"Garinger High School","PM2.5","Mecklenburg",35.2401000008895,-80.785683
2025-10-01,46,"Garinger High School","PM2.5","Mecklenburg",35.2401000008895,-80.785683
2025-10-02,37,"Garinger High School","PM2.5","Mecklenburg",35.2401000008895,-80.785683
2025-10-03,32,"Garinger High School","PM2.5","Mecklenburg",35.2401000008895,-80.785683
2025-10-04,52,"Garinger High School","PM2.5","Mecklenburg",35.2401000008895,-80.785683
2025-10-05,35,"Garinger High School","PM2.5","Mecklenburg",35.2401000008895,-80.785683
2025-10-06,34,"Garinger High School","PM2.5","Mecklenburg",35.2401000008895,-80.785683
2025-10-07,19,"Garinger High School","PM2.5","Mecklenburg",35.2401000008895,-80.785683
2025-10-08,19,"Garinger High School","PM2.5","Mecklenburg",35.2401000008895,-80.785683
2025-10-09,23,"Garinger High School","PM2.5","Mecklenburg",35.2401000008895,-80.785683
2025-10-10,25,"Garinger High School","PM2.5","Mecklenburg",35.2401000008895,-80.785683
2025-10-11,22,"Garinger High School","PM2.5","Mecklenburg",35.2401000008895,-80.785683
2025-10-12,9,"Garinger High School","PM2.5","Mecklenburg",35.2401000008895,-80.785683
2025-10-13,8,"Garinger High School","PM2.5","Mecklenburg",35.2401000008895,-80.785683
2025-10-14,14,"Garinger High School","PM2.5","Mecklenburg",35.2401000008895,-80.785683
2025-10-15,28,"Garinger High School","PM2.5","Mecklenburg",35.2401000008895,-80.785683
2025-10-16,26,"Garinger High School","PM2.5","Mecklenburg",35.2401000008895,-80.785683
2025-10-17,48,"Garinger High School","PM2.5","Mecklenburg",35.2401000008895,-80.785683
2025-10-18,52,"Garinger High School","PM2.5","Mecklenburg",35.2401000008895,-80.785683
2025-10-19,33,"Garinger High School","PM2.5","Mecklenburg",35.2401000008895,-80.785683
2025-10-20,25,"Garinger High School","PM2.5","Mecklenburg",35.2401000008895,-80.785683
2025-10-21,50,"Garinger High School","PM2.5","Mecklenburg",35.2401000008895,-80.785683
2025-10-22,26,"Garinger High School","PM2.5","Mecklenburg",35.2401000008895,-80.785683
2025-10-23,28,"Garinger High School","PM2.5","Mecklenburg",35.2401000008895,-80.785683
2025-10-28,17,"Garinger High School","PM2.5","Mecklenburg",35.2401000008895,-80.785683
2025-10-29,17,"Garinger High School","PM2.5","Mecklenburg",35.2401000008895,-80.785683
2025-10-30,7,"Garinger High School","PM2.5","Mecklenburg",35.2401000008895,-80.785683
2025-10-31,26,"Garinger High School","PM2.5","Mecklenburg",35.2401000008895,-80.785683
2025-11-01,66,"Garinger High School","PM2.5","Mecklenburg",35.2401000008895,-80.785683
2025-11-02,66,"Garinger High School","PM2.5","Mecklenburg",35.2401000008895,-80.785683
2025-11-03,49,"Garinger High School","PM2.5","Mecklenburg",35.2401000008895,-80.785683
2025-11-04,39,"Garinger High School","PM2.5","Mecklenburg",35.2401000008895,-80.785683
2025-11-05,54,"Garinger High School","PM2.5","Mecklenburg",35.2401000008895,-80.785683
2025-11-06,51,"Garinger High School","PM2.5","Mecklenburg",35.2401000008895,-80.785683
2025-11-07,56,"Garinger High School","PM2.5","Mecklenburg",35.2401000008895,-80.785683
2025-11-08,45,"Garinger High School","PM2.5","Mecklenburg",35.2401000008895,-80.785683
2025-11-09,49,"Garinger High School","PM2.5","Mecklenburg",35.2401000008895,-80.785683
2025-11-10,4,"Garinger High School","PM2.5","Mecklenburg",35.2401000008895,-80.785683
2025-11-11,16,"Garinger High School","PM2.5","Mecklenburg",35.2401000008895,-80.785683
2025-11-12,52,"Garinger High School","PM2.5","Mecklenburg",35.2401000008895,-80.785683
2025-11-13,55,"Garinger High School","PM2.5","Mecklenburg",35.2401000008895,-80.785683
2025-11-14,48,"Garinger High School","PM2.5","Mecklenburg",35.2401000008895,-80.785683
2025-11-15,54,"Garinger High School","PM2.5","Mecklenburg",35.2401000008895,-80.785683
2025-11-16,43,"Garinger High School","PM2.5","Mecklenburg",35.2401000008895,-80.785683
2025-11-17,29,"Garinger High School","PM2.5","Mecklenburg",35.2401000008895,-80.785683
2025-11-18,43,"Garinger High School","PM2.5","Mecklenburg",35.2401000008895,-80.785683
2025-11-19,55,"Garinger High School","PM2.5","Mecklenburg",35.2401000008895,-80.785683
2025-11-20,63,"Garinger High School","PM2.5","Mecklenburg",35.2401000008895,-80.785683
2025-11-21,80,"Garinger High School","PM2.5","Mecklenburg",35.2401000008895,-80.785683
2025-11-22,37,"Garinger High School","PM2.5","Mecklenburg",35.2401000008895,-80.785683
2025-11-23,46,"Garinger High School","PM2.5","Mecklenburg",35.2401000008895,-80.785683
2025-11-24,38,"Garinger High School","PM2.5","Mecklenburg",35.2401000008895,-80.785683
2025-11-25,33,"Garinger High School","PM2.5","Mecklenburg",35.2401000008895,-80.785683
2025-11-26,37,"Garinger High School","PM2.5","Mecklenburg",35.2401000008895,-80.785683
2025-11-27,13,"Garinger High School","PM2.5","Mecklenburg",35.2401000008895,-80.785683
2025-11-28,24,"Garinger High School","PM2.5","Mecklenburg",35.2401000008895,-80.785683
2025-11-29,38,"Garinger High School","PM2.5","Mecklenburg",35.2401000008895,-80.785683
2025-11-30,45,"Garinger High School","PM2.5","Mecklenburg",35.2401000008895,-80.785683
2025-12-01,36,"Garinger High School","PM2.5","Mecklenburg",35.2401000008895,-80.785683
2025-12-02,37,"Garinger High School","PM2.5","Mecklenburg",35.2401000008895,-80.785683
2025-12-03,40,"Garinger High School","PM2.5","Mecklenburg",35.2401000008895,-80.785683
2025-12-04,60,"Garinger High School","PM2.5","Mecklenburg",35.2401000008895,-80.785683
2025-12-05,43,"Garinger High School","PM2.5","Mecklenburg",35.2401000008895,-80.785683
2025-12-06,56,"Garinger High School","PM2.5","Mecklenburg",35.2401000008895,-80.785683
2025-12-07,51,"Garinger High School","PM2.5","Mecklenburg",35.2401000008895,-80.785683
2025-12-08,46,"Garinger High School","PM2.5","Mecklenburg",35.2401000008895,-80.785683
2025-12-09,39,"Garinger High School","PM2.5","Mecklenburg",35.2401000008895,-80.785683
2025-12-10,39,"Garinger High School","PM2.5","Mecklenburg",35.2401000008895,-80.785683
2025-12-11,15,"Garinger High School","PM2.5","Mecklenburg",35.2401000008895,-80.785683
2025-12-12,33,"Garinger High School","PM2.5","Mecklenburg",35.2401000008895,-80.785683
2025-12-13,59,"Garinger High School","PM2.5","Mecklenburg",35.2401000008895,-80.785683
2025-12-14,32,"Garinger High School","PM2.5","Mecklenburg",35.2401000008895,-80.785683
2025-12-15,32,"Garinger High School","PM2.5","Mecklenburg",35.2401000008895,-80.785683
2025-12-16,54,"Garinger High School","PM2.5","Mecklenburg",35.2401000008895,-80.785683
2025-12-17,59,"Garinger High School","PM2.5","Mecklenburg",35.2401000008895,-80.785683
2025-12-18,52,"Garinger High School","PM2.5","Mecklenburg",35.2401000008895,-80.785683
2025-12-19,14,"Garinger High School","PM2.5","Mecklenburg",35.2401000008895,-80.785683
2025-12-20,27,"Garinger High School","PM2.5","Mecklenburg",35.2401000008895,-80.785683
2025-12-21,39,"Garinger High School","PM2.5","Mecklenburg",35.2401000008895,-80.785683
2025-12-22,23,"Garinger High School","PM2.5","Mecklenburg",35.2401000008895,-80.785683
2025-12-23,33,"Garinger High School","PM2.5","Mecklenburg",35.2401000008895,-80.785683
2025-12-24,60,"Garinger High School","PM2.5","Mecklenburg",35.2401000008895,-80.785683
2025-12-25,54,"Garinger High School","PM2.5","Mecklenburg",35.2401000008895,-80.785683
2025-12-26,54,"Garinger High School","PM2.5","Mecklenburg",35.2401000008895,-80.785683
2025-12-27,58,"Garinger High School","PM2.5","Mecklenburg",35.2401000008895,-80.785683
2025-12-28,45,"Garinger High School","PM2.5","Mecklenburg",35.2401000008895,-80.785683
2025-12-29,24,"Garinger High School","PM2.5","Mecklenburg",35.2401000008895,-80.785683
2025-12-30,17,"Garinger High School","PM2.5","Mecklenburg",35.2401000008895,-80.785683
2025-12-31,31,"Garinger High School","PM2.5","Mecklenburg",35.2401000008895,-80.785683
2025-01-01,10,"Remount","PM2.5","Mecklenburg",35.213171,-80.874084
2025-01-13,54,"Remount","PM2.5","Mecklenburg",35.213171,-80.874084
2025-01-28,28,"Remount","PM2.5","Mecklenburg",35.213171,-80.874084
2025-02-06,62,"Remount","PM2.5","Mecklenburg",35.213171,-80.874084
2025-02-18,52,"Remount","PM2.5","Mecklenburg",35.213171,-80.874084
2025-03-02,21,"Remount","PM2.5","Mecklenburg",35.213171,-80.874084
2025-03-14,76,"Remount","PM2.5","Mecklenburg",35.213171,-80.874084
2025-03-26,33,"Remount","PM2.5","Mecklenburg",35.213171,-80.874084
2025-04-07,41,"Remount","PM2.5","Mecklenburg",35.213171,-80.874084
2025-04-19,54,"Remount","PM2.5","Mecklenburg",35.213171,-80.874084
2025-05-01,58,"Remount","PM2.5","Mecklenburg",35.213171,-80.874084
2025-05-13,32,"Remount","PM2.5","Mecklenburg",35.213171,-80.874084
2025-05-25,56,"Remount","PM2.5","Mecklenburg",35.213171,-80.874084
2025-06-06,58,"Remount","PM2.5","Mecklenburg",35.213171,-80.874084
2025-06-18,45,"Remount","PM2.5","Mecklenburg",35.213171,-80.874084
2025-06-30,55,"Remount","PM2.5","Mecklenburg",35.213171,-80.874084
2025-07-12,31,"Remount","PM2.5","Mecklenburg",35.213171,-80.874084
2025-07-26,56,"Remount","PM2.5","Mecklenburg",35.213171,-80.874084
2025-08-05,34,"Remount","PM2.5","Mecklenburg",35.213171,-80.874084
2025-08-17,54,"Remount","PM2.5","Mecklenburg",35.213171,-80.874084
2025-08-29,52,"Remount","PM2.5","Mecklenburg",35.213171,-80.874084
2025-09-10,38,"Remount","PM2.5","Mecklenburg",35.213171,-80.874084
2025-09-22,57,"Remount","PM2.5","Mecklenburg",35.213171,-80.874084
2025-09-25,44,"Remount","PM2.5","Mecklenburg",35.213171,-80.874084
2025-10-04,49,"Remount","PM2.5","Mecklenburg",35.213171,-80.874084
2025-10-16,34,"Remount","PM2.5","Mecklenburg",35.213171,-80.874084
2025-10-28,16,"Remount","PM2.5","Mecklenburg",35.213171,-80.874084
2025-11-09,53,"Remount","PM2.5","Mecklenburg",35.213171,-80.874084
2025-11-21,83,"Remount","PM2.5","Mecklenburg",35.213171,-80.874084
2025-12-03,36,"Remount","PM2.5","Mecklenburg",35.213171,-80.874084
2025-12-15,34,"Remount","PM2.5","Mecklenburg",35.213171,-80.874084
2025-12-27,56,"Remount","PM2.5","Mecklenburg",35.213171,-80.874084
2025-01-01,13,"Remount","PM2.5","Mecklenburg",35.213171,-80.874084
2025-01-02,32,"Remount","PM2.5","Mecklenburg",35.213171,-80.874084
2025-01-03,39,"Remount","PM2.5","Mecklenburg",35.213171,-80.874084
2025-01-04,26,"Remount","PM2.5","Mecklenburg",35.213171,-80.874084
2025-01-05,57,"Remount","PM2.5","Mecklenburg",35.213171,-80.874084
2025-01-06,51,"Remount","PM2.5","Mecklenburg",35.213171,-80.874084
2025-01-07,26,"Remount","PM2.5","Mecklenburg",35.213171,-80.874084
2025-01-08,42,"Remount","PM2.5","Mecklenburg",35.213171,-80.874084
2025-01-09,32,"Remount","PM2.5","Mecklenburg",35.213171,-80.874084
2025-01-10,54,"Remount","PM2.5","Mecklenburg",35.213171,-80.874084
2025-01-11,31,"Remount","PM2.5","Mecklenburg",35.213171,-80.874084
2025-01-12,45,"Remount","PM2.5","Mecklenburg",35.213171,-80.874084
2025-01-13,54,"Remount","PM2.5","Mecklenburg",35.213171,-80.874084
2025-01-14,38,"Remount","PM2.5","Mecklenburg",35.213171,-80.874084
2025-01-15,46,"Remount","PM2.5","Mecklenburg",35.213171,-80.874084
2025-01-16,54,"Remount","PM2.5","Mecklenburg",35.213171,-80.874084
2025-01-17,53,"Remount","PM2.5","Mecklenburg",35.213171,-80.874084
2025-01-18,52,"Remount","PM2.5","Mecklenburg",35.213171,-80.874084
2025-01-19,42,"Remount","PM2.5","Mecklenburg",35.213171,-80.874084
2025-01-20,22,"Remount","PM2.5","Mecklenburg",35.213171,-80.874084
2025-01-21,34,"Remount","PM2.5","Mecklenburg",35.213171,-80.874084
2025-01-22,39,"Remount","PM2.5","Mecklenburg",35.213171,-80.874084
2025-01-23,57,"Remount","PM2.5","Mecklenburg",35.213171,-80.874084
2025-01-24,62,"Remount","PM2.5","Mecklenburg",35.213171,-80.874084
2025-01-25,58,"Remount","PM2.5","Mecklenburg",35.213171,-80.874084
2025-01-26,59,"Remount","PM2.5","Mecklenburg",35.213171,-80.874084
2025-01-27,57,"Remount","PM2.5","Mecklenburg",35.213171,-80.874084
2025-01-28,31,"Remount","PM2.5","Mecklenburg",35.213171,-80.874084
2025-01-29,41,"Remount","PM2.5","Mecklenburg",35.213171,-80.874084
2025-01-30,51,"Remount","PM2.5","Mecklenburg",35.213171,-80.874084
2025-01-31,52,"Remount","PM2.5","Mecklenburg",35.213171,-80.874084
2025-02-01,26,"Remount","PM2.5","Mecklenburg",35.213171,-80.874084
2025-02-02,40,"Remount","PM2.5","Mecklenburg",35.213171,-80.874084
2025-02-03,59,"Remount","PM2.5","Mecklenburg",35.213171,-80.874084
2025-02-04,52,"Remount","PM2.5","Mecklenburg",35.213171,-80.874084
2025-02-05,55,"Remount","PM2.5","Mecklenburg",35.213171,-80.874084
2025-02-06,61,"Remount","PM2.5","Mecklenburg",35.213171,-80.874084
2025-02-07,47,"Remount","PM2.5","Mecklenburg",35.213171,-80.874084
2025-02-08,54,"Remount","PM2.5","Mecklenburg",35.213171,-80.874084
2025-02-09,36,"Remount","PM2.5","Mecklenburg",35.213171,-80.874084
2025-02-10,34,"Remount","PM2.5","Mecklenburg",35.213171,-80.874084
2025-02-11,43,"Remount","PM2.5","Mecklenburg",35.213171,-80.874084
2025-02-12,23,"Remount","PM2.5","Mecklenburg",35.213171,-80.874084
2025-02-13,21,"Remount","PM2.5","Mecklenburg",35.213171,-80.874084
2025-02-14,41,"Remount","PM2.5","Mecklenburg",35.213171,-80.874084
2025-02-15,54,"Remount","PM2.5","Mecklenburg",35.213171,-80.874084
2025-02-16,21,"Remount","PM2.5","Mecklenburg",35.213171,-80.874084
2025-02-17,32,"Remount","PM2.5","Mecklenburg",35.213171,-80.874084
2025-02-18,53,"Remount","PM2.5","Mecklenburg",35.213171,-80.874084
2025-02-19,55,"Remount","PM2.5","Mecklenburg",35.213171,-80.874084
2025-02-20,40,"Remount","PM2.5","Mecklenburg",35.213171,-80.874084
2025-02-21,36,"Remount","PM2.5","Mecklenburg",35.213171,-80.874084
2025-02-22,52,"Remount","PM2.5","Mecklenburg",35.213171,-80.874084
2025-02-23,51,"Remount","PM2.5","Mecklenburg",35.213171,-80.874084
2025-02-24,66,"Remount","PM2.5","Mecklenburg",35.213171,-80.874084
2025-02-25,69,"Remount","PM2.5","Mecklenburg",35.213171,-80.874084
2025-02-26,71,"Remount","PM2.5","Mecklenburg",35.213171,-80.874084
2025-02-27,58,"Remount","PM2.5","Mecklenburg",35.213171,-80.874084
2025-02-28,26,"Remount","PM2.5","Mecklenburg",35.213171,-80.874084
2025-03-01,35,"Remount","PM2.5","Mecklenburg",35.213171,-80.874084
2025-03-02,26,"Remount","PM2.5","Mecklenburg",35.213171,-80.874084
2025-03-03,51,"Remount","PM2.5","Mecklenburg",35.213171,-80.874084
2025-03-04,42,"Remount","PM2.5","Mecklenburg",35.213171,-80.874084
2025-03-05,46,"Remount","PM2.5","Mecklenburg",35.213171,-80.874084
2025-03-06,10,"Remount","PM2.5","Mecklenburg",35.213171,-80.874084
2025-03-07,43,"Remount","PM2.5","Mecklenburg",35.213171,-80.874084
2025-03-08,55,"Remount","PM2.5","Mecklenburg",35.213171,-80.874084
2025-03-09,32,"Remount","PM2.5","Mecklenburg",35.213171,-80.874084
2025-03-10,55,"Remount","PM2.5","Mecklenburg",35.213171,-80.874084
2025-03-11,48,"Remount","PM2.5","Mecklenburg",35.213171,-80.874084
2025-03-12,59,"Remount","PM2.5","Mecklenburg",35.213171,-80.874084
2025-03-13,72,"Remount","PM2.5","Mecklenburg",35.213171,-80.874084
2025-03-14,83,"Remount","PM2.5","Mecklenburg",35.213171,-80.874084
2025-03-15,60,"Remount","PM2.5","Mecklenburg",35.213171,-80.874084
2025-03-16,54,"Remount","PM2.5","Mecklenburg",35.213171,-80.874084
2025-03-17,27,"Remount","PM2.5","Mecklenburg",35.213171,-80.874084
2025-03-18,41,"Remount","PM2.5","Mecklenburg",35.213171,-80.874084
2025-03-19,59,"Remount","PM2.5","Mecklenburg",35.213171,-80.874084
2025-03-20,58,"Remount","PM2.5","Mecklenburg",35.213171,-80.874084
2025-03-21,34,"Remount","PM2.5","Mecklenburg",35.213171,-80.874084
2025-03-22,54,"Remount","PM2.5","Mecklenburg",35.213171,-80.874084
2025-03-23,53,"Remount","PM2.5","Mecklenburg",35.213171,-80.874084
2025-03-24,61,"Remount","PM2.5","Mecklenburg",35.213171,-80.874084
2025-03-25,32,"Remount","PM2.5","Mecklenburg",35.213171,-80.874084
2025-03-26,31,"Remount","PM2.5","Mecklenburg",35.213171,-80.874084
2025-03-27,53,"Remount","PM2.5","Mecklenburg",35.213171,-80.874084
2025-03-28,58,"Remount","PM2.5","Mecklenburg",35.213171,-80.874084
2025-03-29,46,"Remount","PM2.5","Mecklenburg",35.213171,-80.874084
2025-03-30,50,"Remount","PM2.5","Mecklenburg",35.213171,-80.874084
2025-03-31,43,"Remount","PM2.5","Mecklenburg",35.213171,-80.874084
2025-04-01,22,"Remount","PM2.5","Mecklenburg",35.213171,-80.874084
2025-04-02,61,"Remount","PM2.5","Mecklenburg",35.213171,-80.874084
2025-04-03,53,"Remount","PM2.5","Mecklenburg",35.213171,-80.874084
2025-04-04,56,"Remount","PM2.5","Mecklenburg",35.213171,-80.874084
2025-04-05,53,"Remount","PM2.5","Mecklenburg",35.213171,-80.874084
2025-04-06,44,"Remount","PM2.5","Mecklenburg",35.213171,-80.874084
2025-04-07,49,"Remount","PM2.5","Mecklenburg",35.213171,-80.874084
2025-04-08,32,"Remount","PM2.5","Mecklenburg",35.213171,-80.874084
2025-04-09,41,"Remount","PM2.5","Mecklenburg",35.213171,-80.874084
2025-04-10,58,"Remount","PM2.5","Mecklenburg",35.213171,-80.874084
2025-04-11,35,"Remount","PM2.5","Mecklenburg",35.213171,-80.874084
2025-04-12,43,"Remount","PM2.5","Mecklenburg",35.213171,-80.874084
2025-04-13,49,"Remount","PM2.5","Mecklenburg",35.213171,-80.874084
2025-04-14,56,"Remount","PM2.5","Mecklenburg",35.213171,-80.874084
2025-04-15,43,"Remount","PM2.5","Mecklenburg",35.213171,-80.874084
2025-04-16,39,"Remount","PM2.5","Mecklenburg",35.213171,-80.874084
2025-04-17,53,"Remount","PM2.5","Mecklenburg",35.213171,-80.874084
2025-04-18,59,"Remount","PM2.5","Mecklenburg",35.213171,-80.874084
2025-04-19,57,"Remount","PM2.5","Mecklenburg",35.213171,-80.874084
2025-04-20,53,"Remount","PM2.5","Mecklenburg",35.213171,-80.874084
2025-04-21,53,"Remount","PM2.5","Mecklenburg",35.213171,-80.874084
2025-04-22,56,"Remount","PM2.5","Mecklenburg",35.213171,-80.874084
2025-04-23,53,"Remount","PM2.5","Mecklenburg",35.213171,-80.874084
2025-04-24,61,"Remount","PM2.5","Mecklenburg",35.213171,-80.874084
2025-04-25,54,"Remount","PM2.5","Mecklenburg",35.213171,-80.874084
2025-04-26,40,"Remount","PM2.5","Mecklenburg",35.213171,-80.874084
2025-04-27,28,"Remount","PM2.5","Mecklenburg",35.213171,-80.874084
2025-04-28,42,"Remount","PM2.5","Mecklenburg",35.213171,-80.874084
2025-04-29,52,"Remount","PM2.5","Mecklenburg",35.213171,-80.874084
2025-04-30,54,"Remount","PM2.5","Mecklenburg",35.213171,-80.874084
2025-05-01,54,"Remount","PM2.5","Mecklenburg",35.213171,-80.874084
2025-05-02,50,"Remount","PM2.5","Mecklenburg",35.213171,-80.874084
2025-05-03,53,"Remount","PM2.5","Mecklenburg",35.213171,-80.874084
2025-05-04,23,"Remount","PM2.5","Mecklenburg",35.213171,-80.874084
2025-05-05,36,"Remount","PM2.5","Mecklenburg",35.213171,-80.874084
2025-05-06,35,"Remount","PM2.5","Mecklenburg",35.213171,-80.874084
2025-05-07,54,"Remount","PM2.5","Mecklenburg",35.213171,-80.874084
2025-05-08,52,"Remount","PM2.5","Mecklenburg",35.213171,-80.874084
2025-05-09,39,"Remount","PM2.5","Mecklenburg",35.213171,-80.874084
2025-05-10,39,"Remount","PM2.5","Mecklenburg",35.213171,-80.874084
2025-05-11,53,"Remount","PM2.5","Mecklenburg",35.213171,-80.874084
2025-05-12,32,"Remount","PM2.5","Mecklenburg",35.213171,-80.874084
2025-05-13,28,"Remount","PM2.5","Mecklenburg",35.213171,-80.874084
2025-05-14,32,"Remount","PM2.5","Mecklenburg",35.213171,-80.874084
2025-05-15,54,"Remount","PM2.5","Mecklenburg",35.213171,-80.874084
2025-05-16,60,"Remount","PM2.5","Mecklenburg",35.213171,-80.874084
2025-05-17,44,"Remount","PM2.5","Mecklenburg",35.213171,-80.874084
2025-05-18,36,"Remount","PM2.5","Mecklenburg",35.213171,-80.874084
2025-05-19,53,"Remount","PM2.5","Mecklenburg",35.213171,-80.874084
2025-05-20,56,"Remount","PM2.5","Mecklenburg",35.213171,-80.874084
2025-05-21,48,"Remount","PM2.5","Mecklenburg",35.213171,-80.874084
2025-05-22,18,"Remount","PM2.5","Mecklenburg",35.213171,-80.874084
2025-05-23,21,"Remount","PM2.5","Mecklenburg",35.213171,-80.874084
2025-05-24,35,"Remount","PM2.5","Mecklenburg",35.213171,-80.874084
2025-05-25,55,"Remount","PM2.5","Mecklenburg",35.213171,-80.874084
2025-05-26,55,"Remount","PM2.5","Mecklenburg",35.213171,-80.874084
2025-05-27,23,"Remount","PM2.5","Mecklenburg",35.213171,-80.874084
2025-05-28,22,"Remount","PM2.5","Mecklenburg",35.213171,-80.874084
2025-05-29,47,"Remount","PM2.5","Mecklenburg",35.213171,-80.874084
2025-05-30,24,"Remount","PM2.5","Mecklenburg",35.213171,-80.874084
2025-05-31,51,"Remount","PM2.5","Mecklenburg",35.213171,-80.874084
2025-06-01,58,"Remount","PM2.5","Mecklenburg",35.213171,-80.874084
2025-06-02,54,"Remount","PM2.5","Mecklenburg",35.213171,-80.874084
2025-06-03,55,"Remount","PM2.5","Mecklenburg",35.213171,-80.874084
2025-06-04,66,"Remount","PM2.5","Mecklenburg",35.213171,-80.874084
2025-06-05,33,"Remount","PM2.5","Mecklenburg",35.213171,-80.874084
2025-06-06,57,"Remount","PM2.5","Mecklenburg",35.213171,-80.874084
2025-06-07,40,"Remount","PM2.5","Mecklenburg",35.213171,-80.874084
2025-06-08,39,"Remount","PM2.5","Mecklenburg",35.213171,-80.874084
2025-06-09,44,"Remount","PM2.5","Mecklenburg",35.213171,-80.874084
2025-06-10,43,"Remount","PM2.5","Mecklenburg",35.213171,-80.874084
2025-06-11,52,"Remount","PM2.5","Mecklenburg",35.213171,-80.874084
2025-06-12,58,"Remount","PM2.5","Mecklenburg",35.213171,-80.874084
2025-06-13,35,"Remount","PM2.5","Mecklenburg",35.213171,-80.874084
2025-06-14,32,"Remount","PM2.5","Mecklenburg",35.213171,-80.874084
2025-06-15,29,"Remount","PM2.5","Mecklenburg",35.213171,-80.874084
2025-06-16,46,"Remount","PM2.5","Mecklenburg",35.213171,-80.874084
2025-06-17,40,"Remount","PM2.5","Mecklenburg",35.213171,-80.874084
2025-06-18,42,"Remount","PM2.5","Mecklenburg",35.213171,-80.874084
2025-06-19,37,"Remount","PM2.5","Mecklenburg",35.213171,-80.874084
2025-06-20,42,"Remount","PM2.5","Mecklenburg",35.213171,-80.874084
2025-06-21,54,"Remount","PM2.5","Mecklenburg",35.213171,-80.874084
2025-06-22,60,"Remount","PM2.5","Mecklenburg",35.213171,-80.874084
2025-06-23,62,"Remount","PM2.5","Mecklenburg",35.213171,-80.874084
2025-06-24,65,"Remount","PM2.5","Mecklenburg",35.213171,-80.874084
2025-06-25,66,"Remount","PM2.5","Mecklenburg",35.213171,-80.874084
2025-06-26,55,"Remount","PM2.5","Mecklenburg",35.213171,-80.874084
2025-06-27,57,"Remount","PM2.5","Mecklenburg",35.213171,-80.874084
2025-06-28,55,"Remount","PM2.5","Mecklenburg",35.213171,-80.874084
2025-06-29,51,"Remount","PM2.5","Mecklenburg",35.213171,-80.874084
2025-06-30,55,"Remount","PM2.5","Mecklenburg",35.213171,-80.874084
2025-07-01,54,"Remount","PM2.5","Mecklenburg",35.213171,-80.874084
2025-07-02,41,"Remount","PM2.5","Mecklenburg",35.213171,-80.874084
2025-07-03,54,"Remount","PM2.5","Mecklenburg",35.213171,-80.874084
2025-07-04,63,"Remount","PM2.5","Mecklenburg",35.213171,-80.874084
2025-07-05,65,"Remount","PM2.5","Mecklenburg",35.213171,-80.874084
2025-07-06,44,"Remount","PM2.5","Mecklenburg",35.213171,-80.874084
2025-07-07,56,"Remount","PM2.5","Mecklenburg",35.213171,-80.874084
2025-07-08,63,"Remount","PM2.5","Mecklenburg",35.213171,-80.874084
2025-07-09,58,"Remount","PM2.5","Mecklenburg",35.213171,-80.874084
2025-07-10,42,"Remount","PM2.5","Mecklenburg",35.213171,-80.874084
2025-07-11,46,"Remount","PM2.5","Mecklenburg",35.213171,-80.874084
2025-07-12,34,"Remount","PM2.5","Mecklenburg",35.213171,-80.874084
2025-07-13,53,"Remount","PM2.5","Mecklenburg",35.213171,-80.874084
2025-07-14,51,"Remount","PM2.5","Mecklenburg",35.213171,-80.874084
2025-07-15,53,"Remount","PM2.5","Mecklenburg",35.213171,-80.874084
2025-07-16,48,"Remount","PM2.5","Mecklenburg",35.213171,-80.874084
2025-07-17,53,"Remount","PM2.5","Mecklenburg",35.213171,-80.874084
2025-07-18,50,"Remount","PM2.5","Mecklenburg",35.213171,-80.874084
2025-07-19,36,"Remount","PM2.5","Mecklenburg",35.213171,-80.874084
2025-07-20,43,"Remount","PM2.5","Mecklenburg",35.213171,-80.874084
2025-07-21,54,"Remount","PM2.5","Mecklenburg",35.213171,-80.874084
2025-07-22,51,"Remount","PM2.5","Mecklenburg",35.213171,-80.874084
2025-07-23,57,"Remount","PM2.5","Mecklenburg",35.213171,-80.874084
2025-07-24,58,"Remount","PM2.5","Mecklenburg",35.213171,-80.874084
2025-07-25,44,"Remount","PM2.5","Mecklenburg",35.213171,-80.874084
2025-07-26,54,"Remount","PM2.5","Mecklenburg",35.213171,-80.874084
2025-07-27,51,"Remount","PM2.5","Mecklenburg",35.213171,-80.874084
2025-07-28,36,"Remount","PM2.5","Mecklenburg",35.213171,-80.874084
2025-07-29,48,"Remount","PM2.5","Mecklenburg",35.213171,-80.874084
2025-07-30,52,"Remount","PM2.5","Mecklenburg",35.213171,-80.874084
2025-07-31,39,"Remount","PM2.5","Mecklenburg",35.213171,-80.874084
2025-08-01,45,"Remount","PM2.5","Mecklenburg",35.213171,-80.874084
2025-08-02,23,"Remount","PM2.5","Mecklenburg",35.213171,-80.874084
2025-08-03,53,"Remount","PM2.5","Mecklenburg",35.213171,-80.874084
2025-08-04,52,"Remount","PM2.5","Mecklenburg",35.213171,-80.874084
2025-08-05,47,"Remount","PM2.5","Mecklenburg",35.213171,-80.874084
2025-08-06,33,"Remount","PM2.5","Mecklenburg",35.213171,-80.874084
2025-08-07,56,"Remount","PM2.5","Mecklenburg",35.213171,-80.874084
2025-08-08,82,"Remount","PM2.5","Mecklenburg",35.213171,-80.874084
2025-08-09,61,"Remount","PM2.5","Mecklenburg",35.213171,-80.874084
2025-08-10,43,"Remount","PM2.5","Mecklenburg",35.213171,-80.874084
2025-08-11,31,"Remount","PM2.5","Mecklenburg",35.213171,-80.874084
2025-08-12,34,"Remount","PM2.5","Mecklenburg",35.213171,-80.874084
2025-08-13,39,"Remount","PM2.5","Mecklenburg",35.213171,-80.874084
2025-08-14,33,"Remount","PM2.5","Mecklenburg",35.213171,-80.874084
2025-08-15,47,"Remount","PM2.5","Mecklenburg",35.213171,-80.874084
2025-08-16,55,"Remount","PM2.5","Mecklenburg",35.213171,-80.874084
2025-08-17,55,"Remount","PM2.5","Mecklenburg",35.213171,-80.874084
2025-08-18,57,"Remount","PM2.5","Mecklenburg",35.213171,-80.874084
2025-08-19,52,"Remount","PM2.5","Mecklenburg",35.213171,-80.874084
2025-08-20,53,"Remount","PM2.5","Mecklenburg",35.213171,-80.874084
2025-08-21,55,"Remount","PM2.5","Mecklenburg",35.213171,-80.874084
2025-08-22,36,"Remount","PM2.5","Mecklenburg",35.213171,-80.874084
2025-08-23,46,"Remount","PM2.5","Mecklenburg",35.213171,-80.874084
2025-08-24,48,"Remount","PM2.5","Mecklenburg",35.213171,-80.874084
2025-08-25,41,"Remount","PM2.5","Mecklenburg",35.213171,-80.874084
2025-08-26,36,"Remount","PM2.5","Mecklenburg",35.213171,-80.874084
2025-08-27,39,"Remount","PM2.5","Mecklenburg",35.213171,-80.874084
2025-08-28,53,"Remount","PM2.5","Mecklenburg",35.213171,-80.874084
2025-08-29,49,"Remount","PM2.5","Mecklenburg",35.213171,-80.874084
2025-08-30,52,"Remount","PM2.5","Mecklenburg",35.213171,-80.874084
2025-08-31,52,"Remount","PM2.5","Mecklenburg",35.213171,-80.874084
2025-09-01,35,"Remount","PM2.5","Mecklenburg",35.213171,-80.874084
2025-09-02,46,"Remount","PM2.5","Mecklenburg",35.213171,-80.874084
2025-09-03,59,"Remount","PM2.5","Mecklenburg",35.213171,-80.874084
2025-09-04,55,"Remount","PM2.5","Mecklenburg",35.213171,-80.874084
2025-09-05,60,"Remount","PM2.5","Mecklenburg",35.213171,-80.874084
2025-09-06,58,"Remount","PM2.5","Mecklenburg",35.213171,-80.874084
2025-09-07,42,"Remount","PM2.5","Mecklenburg",35.213171,-80.874084
2025-09-08,38,"Remount","PM2.5","Mecklenburg",35.213171,-80.874084
2025-09-09,41,"Remount","PM2.5","Mecklenburg",35.213171,-80.874084
2025-09-10,44,"Remount","PM2.5","Mecklenburg",35.213171,-80.874084
2025-09-11,53,"Remount","PM2.5","Mecklenburg",35.213171,-80.874084
2025-09-12,59,"Remount","PM2.5","Mecklenburg",35.213171,-80.874084
2025-09-13,53,"Remount","PM2.5","Mecklenburg",35.213171,-80.874084
2025-09-14,55,"Remount","PM2.5","Mecklenburg",35.213171,-80.874084
2025-09-15,54,"Remount","PM2.5","Mecklenburg",35.213171,-80.874084
2025-09-16,53,"Remount","PM2.5","Mecklenburg",35.213171,-80.874084
2025-09-17,47,"Remount","PM2.5","Mecklenburg",35.213171,-80.874084
2025-09-18,53,"Remount","PM2.5","Mecklenburg",35.213171,-80.874084
2025-09-19,59,"Remount","PM2.5","Mecklenburg",35.213171,-80.874084
2025-09-20,63,"Remount","PM2.5","Mecklenburg",35.213171,-80.874084
2025-09-21,59,"Remount","PM2.5","Mecklenburg",35.213171,-80.874084
2025-09-22,59,"Remount","PM2.5","Mecklenburg",35.213171,-80.874084
2025-09-23,57,"Remount","PM2.5","Mecklenburg",35.213171,-80.874084
2025-09-24,63,"Remount","PM2.5","Mecklenburg",35.213171,-80.874084
2025-09-25,51,"Remount","PM2.5","Mecklenburg",35.213171,-80.874084
2025-09-26,37,"Remount","PM2.5","Mecklenburg",35.213171,-80.874084
2025-09-27,46,"Remount","PM2.5","Mecklenburg",35.213171,-80.874084
2025-09-28,27,"Remount","PM2.5","Mecklenburg",35.213171,-80.874084
2025-09-29,46,"Remount","PM2.5","Mecklenburg",35.213171,-80.874084
2025-09-30,49,"Remount","PM2.5","Mecklenburg",35.213171,-80.874084
2025-10-01,54,"Remount","PM2.5","Mecklenburg",35.213171,-80.874084
2025-10-02,42,"Remount","PM2.5","Mecklenburg",35.213171,-80.874084
2025-10-08,29,"Remount","PM2.5","Mecklenburg",35.213171,-80.874084
2025-10-09,33,"Remount","PM2.5","Mecklenburg",35.213171,-80.874084
2025-10-18,53,"Remount","PM2.5","Mecklenburg",35.213171,-80.874084
2025-10-19,35,"Remount","PM2.5","Mecklenburg",35.213171,-80.874084
2025-10-20,30,"Remount","PM2.5","Mecklenburg",35.213171,-80.874084
2025-10-21,54,"Remount","PM2.5","Mecklenburg",35.213171,-80.874084
2025-10-22,36,"Remount","PM2.5","Mecklenburg",35.213171,-80.874084
2025-10-23,33,"Remount","PM2.5","Mecklenburg",35.213171,-80.874084
2025-10-24,47,"Remount","PM2.5","Mecklenburg",35.213171,-80.874084
2025-10-25,46,"Remount","PM2.5","Mecklenburg",35.213171,-80.874084
2025-10-26,51,"Remount","PM2.5","Mecklenburg",35.213171,-80.874084
2025-10-27,48,"Remount","PM2.5","Mecklenburg",35.213171,-80.874084
2025-10-28,21,"Remount","PM2.5","Mecklenburg",35.213171,-80.874084
2025-10-29,23,"Remount","PM2.5","Mecklenburg",35.213171,-80.874084
2025-10-30,12,"Remount","PM2.5","Mecklenburg",35.213171,-80.874084
2025-10-31,41,"Remount","PM2.5","Mecklenburg",35.213171,-80.874084
2025-11-01,58,"Remount","PM2.5","Mecklenburg",35.213171,-80.874084
2025-11-04,36,"Remount","PM2.5","Mecklenburg",35.213171,-80.874084
2025-11-05,56,"Remount","PM2.5","Mecklenburg",35.213171,-80.874084
2025-11-06,54,"Remount","PM2.5","Mecklenburg",35.213171,-80.874084
2025-11-07,58,"Remount","PM2.5","Mecklenburg",35.213171,-80.874084
2025-11-08,54,"Remount","PM2.5","Mecklenburg",35.213171,-80.874084
2025-11-09,54,"Remount","PM2.5","Mecklenburg",35.213171,-80.874084
2025-11-10,8,"Remount","PM2.5","Mecklenburg",35.213171,-80.874084
2025-11-11,20,"Remount","PM2.5","Mecklenburg",35.213171,-80.874084
2025-11-12,52,"Remount","PM2.5","Mecklenburg",35.213171,-80.874084
2025-11-13,58,"Remount","PM2.5","Mecklenburg",35.213171,-80.874084
2025-11-14,53,"Remount","PM2.5","Mecklenburg",35.213171,-80.874084
2025-11-15,57,"Remount","PM2.5","Mecklenburg",35.213171,-80.874084
2025-11-16,42,"Remount","PM2.5","Mecklenburg",35.213171,-80.874084
2025-11-17,36,"Remount","PM2.5","Mecklenburg",35.213171,-80.874084
2025-11-18,54,"Remount","PM2.5","Mecklenburg",35.213171,-80.874084
2025-11-19,59,"Remount","PM2.5","Mecklenburg",35.213171,-80.874084
2025-11-20,63,"Remount","PM2.5","Mecklenburg",35.213171,-80.874084
2025-11-21,88,"Remount","PM2.5","Mecklenburg",35.213171,-80.874084
2025-11-22,53,"Remount","PM2.5","Mecklenburg",35.213171,-80.874084
2025-11-23,39,"Remount","PM2.5","Mecklenburg",35.213171,-80.874084
2025-11-24,54,"Remount","PM2.5","Mecklenburg",35.213171,-80.874084
2025-11-25,43,"Remount","PM2.5","Mecklenburg",35.213171,-80.874084
2025-11-26,39,"Remount","PM2.5","Mecklenburg",35.213171,-80.874084
2025-11-27,16,"Remount","PM2.5","Mecklenburg",35.213171,-80.874084
2025-11-28,22,"Remount","PM2.5","Mecklenburg",35.213171,-80.874084
2025-11-29,39,"Remount","PM2.5","Mecklenburg",35.213171,-80.874084
2025-11-30,53,"Remount","PM2.5","Mecklenburg",35.213171,-80.874084
2025-12-01,51,"Remount","PM2.5","Mecklenburg",35.213171,-80.874084
2025-12-02,44,"Remount","PM2.5","Mecklenburg",35.213171,-80.874084
2025-12-03,38,"Remount","PM2.5","Mecklenburg",35.213171,-80.874084
2025-12-04,62,"Remount","PM2.5","Mecklenburg",35.213171,-80.874084
2025-12-05,52,"Remount","PM2.5","Mecklenburg",35.213171,-80.874084
2025-12-06,55,"Remount","PM2.5","Mecklenburg",35.213171,-80.874084
2025-12-07,58,"Remount","PM2.5","Mecklenburg",35.213171,-80.874084
2025-12-08,56,"Remount","PM2.5","Mecklenburg",35.213171,-80.874084
2025-12-09,43,"Remount","PM2.5","Mecklenburg",35.213171,-80.874084
2025-12-10,42,"Remount","PM2.5","Mecklenburg",35.213171,-80.874084
2025-12-11,19,"Remount","PM2.5","Mecklenburg",35.213171,-80.874084
2025-12-12,43,"Remount","PM2.5","Mecklenburg",35.213171,-80.874084
2025-12-13,59,"Remount","PM2.5","Mecklenburg",35.213171,-80.874084
2025-12-14,26,"Remount","PM2.5","Mecklenburg",35.213171,-80.874084
2025-12-15,28,"Remount","PM2.5","Mecklenburg",35.213171,-80.874084
2025-12-16,53,"Remount","PM2.5","Mecklenburg",35.213171,-80.874084
2025-12-17,60,"Remount","PM2.5","Mecklenburg",35.213171,-80.874084
2025-12-18,56,"Remount","PM2.5","Mecklenburg",35.213171,-80.874084
2025-12-19,16,"Remount","PM2.5","Mecklenburg",35.213171,-80.874084
2025-12-20,37,"Remount","PM2.5","Mecklenburg",35.213171,-80.874084
2025-12-21,47,"Remount","PM2.5","Mecklenburg",35.213171,-80.874084
2025-12-22,30,"Remount","PM2.5","Mecklenburg",35.213171,-80.874084
2025-12-23,43,"Remount","PM2.5","Mecklenburg",35.213171,-80.874084
2025-12-24,57,"Remount","PM2.5","Mecklenburg",35.213171,-80.874084
2025-12-25,64,"Remount","PM2.5","Mecklenburg",35.213171,-80.874084
2025-12-26,56,"Remount","PM2.5","Mecklenburg",35.213171,-80.874084
2025-12-27,55,"Remount","PM2.5","Mecklenburg",35.213171,-80.874084
2025-12-28,56,"Remount","PM2.5","Mecklenburg",35.213171,-80.874084
2025-12-29,29,"Remount","PM2.5","Mecklenburg",35.213171,-80.874084
2025-12-30,23,"Remount","PM2.5","Mecklenburg",35.213171,-80.874084
2025-12-31,23,"Remount","PM2.5","Mecklenburg",35.213171,-80.874084
2025-01-01,9,"Friendship Park","PM2.5","Mecklenburg",35.28179100089,-80.851473
2025-01-02,22,"Friendship Park","PM2.5","Mecklenburg",35.28179100089,-80.851473
2025-01-03,29,"Friendship Park","PM2.5","Mecklenburg",35.28179100089,-80.851473
2025-01-04,8,"Friendship Park","PM2.5","Mecklenburg",35.28179100089,-80.851473
2025-01-05,39,"Friendship Park","PM2.5","Mecklenburg",35.28179100089,-80.851473
2025-01-06,37,"Friendship Park","PM2.5","Mecklenburg",35.28179100089,-80.851473
2025-01-07,23,"Friendship Park","PM2.5","Mecklenburg",35.28179100089,-80.851473
2025-01-08,27,"Friendship Park","PM2.5","Mecklenburg",35.28179100089,-80.851473
2025-01-09,27,"Friendship Park","PM2.5","Mecklenburg",35.28179100089,-80.851473
2025-01-10,48,"Friendship Park","PM2.5","Mecklenburg",35.28179100089,-80.851473
2025-01-11,23,"Friendship Park","PM2.5","Mecklenburg",35.28179100089,-80.851473
2025-01-12,38,"Friendship Park","PM2.5","Mecklenburg",35.28179100089,-80.851473
2025-01-13,56,"Friendship Park","PM2.5","Mecklenburg",35.28179100089,-80.851473
2025-01-14,29,"Friendship Park","PM2.5","Mecklenburg",35.28179100089,-80.851473
2025-01-15,32,"Friendship Park","PM2.5","Mecklenburg",35.28179100089,-80.851473
2025-01-16,39,"Friendship Park","PM2.5","Mecklenburg",35.28179100089,-80.851473
2025-01-17,46,"Friendship Park","PM2.5","Mecklenburg",35.28179100089,-80.851473
2025-01-18,45,"Friendship Park","PM2.5","Mecklenburg",35.28179100089,-80.851473
2025-01-19,38,"Friendship Park","PM2.5","Mecklenburg",35.28179100089,-80.851473
2025-01-20,11,"Friendship Park","PM2.5","Mecklenburg",35.28179100089,-80.851473
2025-01-21,19,"Friendship Park","PM2.5","Mecklenburg",35.28179100089,-80.851473
2025-01-22,29,"Friendship Park","PM2.5","Mecklenburg",35.28179100089,-80.851473
2025-01-23,52,"Friendship Park","PM2.5","Mecklenburg",35.28179100089,-80.851473
2025-01-24,63,"Friendship Park","PM2.5","Mecklenburg",35.28179100089,-80.851473
2025-01-25,55,"Friendship Park","PM2.5","Mecklenburg",35.28179100089,-80.851473
2025-01-26,55,"Friendship Park","PM2.5","Mecklenburg",35.28179100089,-80.851473
2025-01-27,48,"Friendship Park","PM2.5","Mecklenburg",35.28179100089,-80.851473
2025-01-28,29,"Friendship Park","PM2.5","Mecklenburg",35.28179100089,-80.851473
2025-01-29,35,"Friendship Park","PM2.5","Mecklenburg",35.28179100089,-80.851473
2025-01-30,38,"Friendship Park","PM2.5","Mecklenburg",35.28179100089,-80.851473
2025-01-31,47,"Friendship Park","PM2.5","Mecklenburg",35.28179100089,-80.851473
2025-02-01,18,"Friendship Park","PM2.5","Mecklenburg",35.28179100089,-80.851473
2025-02-02,33,"Friendship Park","PM2.5","Mecklenburg",35.28179100089,-80.851473
2025-02-03,53,"Friendship Park","PM2.5","Mecklenburg",35.28179100089,-80.851473
2025-02-04,52,"Friendship Park","PM2.5","Mecklenburg",35.28179100089,-80.851473
2025-02-05,51,"Friendship Park","PM2.5","Mecklenburg",35.28179100089,-80.851473
2025-02-06,58,"Friendship Park","PM2.5","Mecklenburg",35.28179100089,-80.851473
2025-02-07,34,"Friendship Park","PM2.5","Mecklenburg",35.28179100089,-80.851473
2025-02-08,46,"Friendship Park","PM2.5","Mecklenburg",35.28179100089,-80.851473
2025-02-09,40,"Friendship Park","PM2.5","Mecklenburg",35.28179100089,-80.851473
2025-02-10,25,"Friendship Park","PM2.5","Mecklenburg",35.28179100089,-80.851473
2025-02-11,37,"Friendship Park","PM2.5","Mecklenburg",35.28179100089,-80.851473
2025-02-12,12,"Friendship Park","PM2.5","Mecklenburg",35.28179100089,-80.851473
2025-02-13,13,"Friendship Park","PM2.5","Mecklenburg",35.28179100089,-80.851473
2025-02-14,30,"Friendship Park","PM2.5","Mecklenburg",35.28179100089,-80.851473
2025-02-15,38,"Friendship Park","PM2.5","Mecklenburg",35.28179100089,-80.851473
2025-02-16,22,"Friendship Park","PM2.5","Mecklenburg",35.28179100089,-80.851473
2025-02-17,22,"Friendship Park","PM2.5","Mecklenburg",35.28179100089,-80.851473
2025-02-18,39,"Friendship Park","PM2.5","Mecklenburg",35.28179100089,-80.851473
2025-02-19,47,"Friendship Park","PM2.5","Mecklenburg",35.28179100089,-80.851473
2025-02-20,24,"Friendship Park","PM2.5","Mecklenburg",35.28179100089,-80.851473
2025-02-21,26,"Friendship Park","PM2.5","Mecklenburg",35.28179100089,-80.851473
2025-02-22,34,"Friendship Park","PM2.5","Mecklenburg",35.28179100089,-80.851473
2025-02-23,41,"Friendship Park","PM2.5","Mecklenburg",35.28179100089,-80.851473
2025-02-24,61,"Friendship Park","PM2.5","Mecklenburg",35.28179100089,-80.851473
2025-02-25,59,"Friendship Park","PM2.5","Mecklenburg",35.28179100089,-80.851473
2025-02-26,54,"Friendship Park","PM2.5","Mecklenburg",35.28179100089,-80.851473
2025-02-27,58,"Friendship Park","PM2.5","Mecklenburg",35.28179100089,-80.851473
2025-02-28,19,"Friendship Park","PM2.5","Mecklenburg",35.28179100089,-80.851473
2025-03-01,36,"Friendship Park","PM2.5","Mecklenburg",35.28179100089,-80.851473
2025-03-02,18,"Friendship Park","PM2.5","Mecklenburg",35.28179100089,-80.851473
2025-03-03,44,"Friendship Park","PM2.5","Mecklenburg",35.28179100089,-80.851473
2025-03-04,30,"Friendship Park","PM2.5","Mecklenburg",35.28179100089,-80.851473
2025-03-05,33,"Friendship Park","PM2.5","Mecklenburg",35.28179100089,-80.851473
2025-03-06,14,"Friendship Park","PM2.5","Mecklenburg",35.28179100089,-80.851473
2025-03-07,30,"Friendship Park","PM2.5","Mecklenburg",35.28179100089,-80.851473
2025-03-08,53,"Friendship Park","PM2.5","Mecklenburg",35.28179100089,-80.851473
2025-03-09,27,"Friendship Park","PM2.5","Mecklenburg",35.28179100089,-80.851473
2025-03-10,41,"Friendship Park","PM2.5","Mecklenburg",35.28179100089,-80.851473
2025-03-11,34,"Friendship Park","PM2.5","Mecklenburg",35.28179100089,-80.851473
2025-03-12,52,"Friendship Park","PM2.5","Mecklenburg",35.28179100089,-80.851473
2025-03-13,67,"Friendship Park","PM2.5","Mecklenburg",35.28179100089,-80.851473
2025-03-14,76,"Friendship Park","PM2.5","Mecklenburg",35.28179100089,-80.851473
2025-03-15,56,"Friendship Park","PM2.5","Mecklenburg",35.28179100089,-80.851473
2025-03-16,52,"Friendship Park","PM2.5","Mecklenburg",35.28179100089,-80.851473
2025-03-17,18,"Friendship Park","PM2.5","Mecklenburg",35.28179100089,-80.851473
2025-03-18,25,"Friendship Park","PM2.5","Mecklenburg",35.28179100089,-80.851473
2025-03-19,55,"Friendship Park","PM2.5","Mecklenburg",35.28179100089,-80.851473
2025-03-20,55,"Friendship Park","PM2.5","Mecklenburg",35.28179100089,-80.851473
2025-03-21,25,"Friendship Park","PM2.5","Mecklenburg",35.28179100089,-80.851473
2025-03-22,50,"Friendship Park","PM2.5","Mecklenburg",35.28179100089,-80.851473
2025-03-23,35,"Friendship Park","PM2.5","Mecklenburg",35.28179100089,-80.851473
2025-03-24,55,"Friendship Park","PM2.5","Mecklenburg",35.28179100089,-80.851473
2025-03-25,26,"Friendship Park","PM2.5","Mecklenburg",35.28179100089,-80.851473
2025-03-26,23,"Friendship Park","PM2.5","Mecklenburg",35.28179100089,-80.851473
2025-03-27,45,"Friendship Park","PM2.5","Mecklenburg",35.28179100089,-80.851473
2025-03-28,52,"Friendship Park","PM2.5","Mecklenburg",35.28179100089,-80.851473
2025-03-29,42,"Friendship Park","PM2.5","Mecklenburg",35.28179100089,-80.851473
2025-03-30,42,"Friendship Park","PM2.5","Mecklenburg",35.28179100089,-80.851473
2025-03-31,36,"Friendship Park","PM2.5","Mecklenburg",35.28179100089,-80.851473
2025-04-01,14,"Friendship Park","PM2.5","Mecklenburg",35.28179100089,-80.851473
2025-04-02,56,"Friendship Park","PM2.5","Mecklenburg",35.28179100089,-80.851473
2025-04-03,49,"Friendship Park","PM2.5","Mecklenburg",35.28179100089,-80.851473
2025-04-04,52,"Friendship Park","PM2.5","Mecklenburg",35.28179100089,-80.851473
2025-04-05,47,"Friendship Park","PM2.5","Mecklenburg",35.28179100089,-80.851473
2025-04-06,39,"Friendship Park","PM2.5","Mecklenburg",35.28179100089,-80.851473
2025-04-07,38,"Friendship Park","PM2.5","Mecklenburg",35.28179100089,-80.851473
2025-04-08,25,"Friendship Park","PM2.5","Mecklenburg",35.28179100089,-80.851473
2025-04-09,34,"Friendship Park","PM2.5","Mecklenburg",35.28179100089,-80.851473
2025-04-10,54,"Friendship Park","PM2.5","Mecklenburg",35.28179100089,-80.851473
2025-04-11,26,"Friendship Park","PM2.5","Mecklenburg",35.28179100089,-80.851473
2025-04-12,36,"Friendship Park","PM2.5","Mecklenburg",35.28179100089,-80.851473
2025-04-13,36,"Friendship Park","PM2.5","Mecklenburg",35.28179100089,-80.851473
2025-04-14,51,"Friendship Park","PM2.5","Mecklenburg",35.28179100089,-80.851473
2025-04-15,42,"Friendship Park","PM2.5","Mecklenburg",35.28179100089,-80.851473
2025-04-16,31,"Friendship Park","PM2.5","Mecklenburg",35.28179100089,-80.851473
2025-04-17,39,"Friendship Park","PM2.5","Mecklenburg",35.28179100089,-80.851473
2025-04-18,56,"Friendship Park","PM2.5","Mecklenburg",35.28179100089,-80.851473
2025-04-19,55,"Friendship Park","PM2.5","Mecklenburg",35.28179100089,-80.851473
2025-04-20,51,"Friendship Park","PM2.5","Mecklenburg",35.28179100089,-80.851473
2025-04-21,49,"Friendship Park","PM2.5","Mecklenburg",35.28179100089,-80.851473
2025-04-22,53,"Friendship Park","PM2.5","Mecklenburg",35.28179100089,-80.851473
2025-04-23,47,"Friendship Park","PM2.5","Mecklenburg",35.28179100089,-80.851473
2025-04-24,58,"Friendship Park","PM2.5","Mecklenburg",35.28179100089,-80.851473
2025-04-25,52,"Friendship Park","PM2.5","Mecklenburg",35.28179100089,-80.851473
2025-04-26,38,"Friendship Park","PM2.5","Mecklenburg",35.28179100089,-80.851473
2025-04-27,32,"Friendship Park","PM2.5","Mecklenburg",35.28179100089,-80.851473
2025-04-28,38,"Friendship Park","PM2.5","Mecklenburg",35.28179100089,-80.851473
2025-04-29,49,"Friendship Park","PM2.5","Mecklenburg",35.28179100089,-80.851473
2025-04-30,53,"Friendship Park","PM2.5","Mecklenburg",35.28179100089,-80.851473
2025-05-01,52,"Friendship Park","PM2.5","Mecklenburg",35.28179100089,-80.851473
2025-05-02,52,"Friendship Park","PM2.5","Mecklenburg",35.28179100089,-80.851473
2025-05-03,46,"Friendship Park","PM2.5","Mecklenburg",35.28179100089,-80.851473
2025-05-04,20,"Friendship Park","PM2.5","Mecklenburg",35.28179100089,-80.851473
2025-05-05,29,"Friendship Park","PM2.5","Mecklenburg",35.28179100089,-80.851473
2025-05-06,33,"Friendship Park","PM2.5","Mecklenburg",35.28179100089,-80.851473
2025-05-07,41,"Friendship Park","PM2.5","Mecklenburg",35.28179100089,-80.851473
2025-05-08,46,"Friendship Park","PM2.5","Mecklenburg",35.28179100089,-80.851473
2025-05-09,35,"Friendship Park","PM2.5","Mecklenburg",35.28179100089,-80.851473
2025-05-10,30,"Friendship Park","PM2.5","Mecklenburg",35.28179100089,-80.851473
2025-05-11,51,"Friendship Park","PM2.5","Mecklenburg",35.28179100089,-80.851473
2025-05-12,24,"Friendship Park","PM2.5","Mecklenburg",35.28179100089,-80.851473
2025-05-13,21,"Friendship Park","PM2.5","Mecklenburg",35.28179100089,-80.851473
2025-05-14,31,"Friendship Park","PM2.5","Mecklenburg",35.28179100089,-80.851473
2025-05-15,52,"Friendship Park","PM2.5","Mecklenburg",35.28179100089,-80.851473
2025-05-16,58,"Friendship Park","PM2.5","Mecklenburg",35.28179100089,-80.851473
2025-05-17,40,"Friendship Park","PM2.5","Mecklenburg",35.28179100089,-80.851473
2025-05-18,34,"Friendship Park","PM2.5","Mecklenburg",35.28179100089,-80.851473
2025-05-19,51,"Friendship Park","PM2.5","Mecklenburg",35.28179100089,-80.851473
2025-05-20,54,"Friendship Park","PM2.5","Mecklenburg",35.28179100089,-80.851473
2025-05-21,40,"Friendship Park","PM2.5","Mecklenburg",35.28179100089,-80.851473
2025-05-22,23,"Friendship Park","PM2.5","Mecklenburg",35.28179100089,-80.851473
2025-05-23,22,"Friendship Park","PM2.5","Mecklenburg",35.28179100089,-80.851473
2025-05-24,32,"Friendship Park","PM2.5","Mecklenburg",35.28179100089,-80.851473
2025-05-25,51,"Friendship Park","PM2.5","Mecklenburg",35.28179100089,-80.851473
2025-05-26,49,"Friendship Park","PM2.5","Mecklenburg",35.28179100089,-80.851473
2025-05-27,15,"Friendship Park","PM2.5","Mecklenburg",35.28179100089,-80.851473
2025-05-28,17,"Friendship Park","PM2.5","Mecklenburg",35.28179100089,-80.851473
2025-05-29,44,"Friendship Park","PM2.5","Mecklenburg",35.28179100089,-80.851473
2025-05-30,26,"Friendship Park","PM2.5","Mecklenburg",35.28179100089,-80.851473
2025-05-31,47,"Friendship Park","PM2.5","Mecklenburg",35.28179100089,-80.851473
2025-06-01,56,"Friendship Park","PM2.5","Mecklenburg",35.28179100089,-80.851473
2025-06-02,51,"Friendship Park","PM2.5","Mecklenburg",35.28179100089,-80.851473
2025-06-03,56,"Friendship Park","PM2.5","Mecklenburg",35.28179100089,-80.851473
2025-06-04,64,"Friendship Park","PM2.5","Mecklenburg",35.28179100089,-80.851473
2025-06-05,30,"Friendship Park","PM2.5","Mecklenburg",35.28179100089,-80.851473
2025-06-06,52,"Friendship Park","PM2.5","Mecklenburg",35.28179100089,-80.851473
2025-06-07,36,"Friendship Park","PM2.5","Mecklenburg",35.28179100089,-80.851473
2025-06-08,36,"Friendship Park","PM2.5","Mecklenburg",35.28179100089,-80.851473
2025-06-09,36,"Friendship Park","PM2.5","Mecklenburg",35.28179100089,-80.851473
2025-06-10,37,"Friendship Park","PM2.5","Mecklenburg",35.28179100089,-80.851473
2025-06-11,49,"Friendship Park","PM2.5","Mecklenburg",35.28179100089,-80.851473
2025-06-12,53,"Friendship Park","PM2.5","Mecklenburg",35.28179100089,-80.851473
2025-06-13,25,"Friendship Park","PM2.5","Mecklenburg",35.28179100089,-80.851473
2025-06-14,28,"Friendship Park","PM2.5","Mecklenburg",35.28179100089,-80.851473
2025-06-15,33,"Friendship Park","PM2.5","Mecklenburg",35.28179100089,-80.851473
2025-06-16,42,"Friendship Park","PM2.5","Mecklenburg",35.28179100089,-80.851473
2025-06-17,33,"Friendship Park","PM2.5","Mecklenburg",35.28179100089,-80.851473
2025-06-18,31,"Friendship Park","PM2.5","Mecklenburg",35.28179100089,-80.851473
2025-06-19,38,"Friendship Park","PM2.5","Mecklenburg",35.28179100089,-80.851473
2025-06-20,32,"Friendship Park","PM2.5","Mecklenburg",35.28179100089,-80.851473
2025-06-21,52,"Friendship Park","PM2.5","Mecklenburg",35.28179100089,-80.851473
2025-06-22,57,"Friendship Park","PM2.5","Mecklenburg",35.28179100089,-80.851473
2025-06-23,58,"Friendship Park","PM2.5","Mecklenburg",35.28179100089,-80.851473
2025-06-24,61,"Friendship Park","PM2.5","Mecklenburg",35.28179100089,-80.851473
2025-06-25,64,"Friendship Park","PM2.5","Mecklenburg",35.28179100089,-80.851473
2025-06-26,52,"Friendship Park","PM2.5","Mecklenburg",35.28179100089,-80.851473
2025-06-27,54,"Friendship Park","PM2.5","Mecklenburg",35.28179100089,-80.851473
2025-06-28,55,"Friendship Park","PM2.5","Mecklenburg",35.28179100089,-80.851473
2025-06-29,44,"Friendship Park","PM2.5","Mecklenburg",35.28179100089,-80.851473
2025-06-30,52,"Friendship Park","PM2.5","Mecklenburg",35.28179100089,-80.851473
2025-07-01,52,"Friendship Park","PM2.5","Mecklenburg",35.28179100089,-80.851473
2025-07-02,29,"Friendship Park","PM2.5","Mecklenburg",35.28179100089,-80.851473
2025-07-03,44,"Friendship Park","PM2.5","Mecklenburg",35.28179100089,-80.851473
2025-07-04,70,"Friendship Park","PM2.5","Mecklenburg",35.28179100089,-80.851473
2025-07-05,64,"Friendship Park","PM2.5","Mecklenburg",35.28179100089,-80.851473
2025-07-06,43,"Friendship Park","PM2.5","Mecklenburg",35.28179100089,-80.851473
2025-07-07,51,"Friendship Park","PM2.5","Mecklenburg",35.28179100089,-80.851473
2025-07-08,63,"Friendship Park","PM2.5","Mecklenburg",35.28179100089,-80.851473
2025-07-09,55,"Friendship Park","PM2.5","Mecklenburg",35.28179100089,-80.851473
2025-07-10,43,"Friendship Park","PM2.5","Mecklenburg",35.28179100089,-80.851473
2025-07-11,41,"Friendship Park","PM2.5","Mecklenburg",35.28179100089,-80.851473
2025-07-12,32,"Friendship Park","PM2.5","Mecklenburg",35.28179100089,-80.851473
2025-07-13,47,"Friendship Park","PM2.5","Mecklenburg",35.28179100089,-80.851473
2025-07-14,46,"Friendship Park","PM2.5","Mecklenburg",35.28179100089,-80.851473
2025-07-15,49,"Friendship Park","PM2.5","Mecklenburg",35.28179100089,-80.851473
2025-07-16,38,"Friendship Park","PM2.5","Mecklenburg",35.28179100089,-80.851473
2025-07-17,46,"Friendship Park","PM2.5","Mecklenburg",35.28179100089,-80.851473
2025-07-18,47,"Friendship Park","PM2.5","Mecklenburg",35.28179100089,-80.851473
2025-07-19,37,"Friendship Park","PM2.5","Mecklenburg",35.28179100089,-80.851473
2025-07-20,42,"Friendship Park","PM2.5","Mecklenburg",35.28179100089,-80.851473
2025-07-21,52,"Friendship Park","PM2.5","Mecklenburg",35.28179100089,-80.851473
2025-07-22,47,"Friendship Park","PM2.5","Mecklenburg",35.28179100089,-80.851473
2025-07-23,54,"Friendship Park","PM2.5","Mecklenburg",35.28179100089,-80.851473
2025-07-24,55,"Friendship Park","PM2.5","Mecklenburg",35.28179100089,-80.851473
2025-07-25,44,"Friendship Park","PM2.5","Mecklenburg",35.28179100089,-80.851473
2025-07-26,52,"Friendship Park","PM2.5","Mecklenburg",35.28179100089,-80.851473
2025-07-27,49,"Friendship Park","PM2.5","Mecklenburg",35.28179100089,-80.851473
2025-07-28,36,"Friendship Park","PM2.5","Mecklenburg",35.28179100089,-80.851473
2025-07-29,41,"Friendship Park","PM2.5","Mecklenburg",35.28179100089,-80.851473
2025-07-30,47,"Friendship Park","PM2.5","Mecklenburg",35.28179100089,-80.851473
2025-07-31,38,"Friendship Park","PM2.5","Mecklenburg",35.28179100089,-80.851473
2025-08-01,41,"Friendship Park","PM2.5","Mecklenburg",35.28179100089,-80.851473
2025-08-02,24,"Friendship Park","PM2.5","Mecklenburg",35.28179100089,-80.851473
2025-08-03,46,"Friendship Park","PM2.5","Mecklenburg",35.28179100089,-80.851473
2025-08-04,51,"Friendship Park","PM2.5","Mecklenburg",35.28179100089,-80.851473
2025-08-05,35,"Friendship Park","PM2.5","Mecklenburg",35.28179100089,-80.851473
2025-08-06,29,"Friendship Park","PM2.5","Mecklenburg",35.28179100089,-80.851473
2025-08-07,54,"Friendship Park","PM2.5","Mecklenburg",35.28179100089,-80.851473
2025-08-08,78,"Friendship Park","PM2.5","Mecklenburg",35.28179100089,-80.851473
2025-08-09,60,"Friendship Park","PM2.5","Mecklenburg",35.28179100089,-80.851473
2025-08-10,46,"Friendship Park","PM2.5","Mecklenburg",35.28179100089,-80.851473
2025-08-11,21,"Friendship Park","PM2.5","Mecklenburg",35.28179100089,-80.851473
2025-08-12,28,"Friendship Park","PM2.5","Mecklenburg",35.28179100089,-80.851473
2025-08-13,37,"Friendship Park","PM2.5","Mecklenburg",35.28179100089,-80.851473
2025-08-14,29,"Friendship Park","PM2.5","Mecklenburg",35.28179100089,-80.851473
2025-08-15,41,"Friendship Park","PM2.5","Mecklenburg",35.28179100089,-80.851473
2025-08-16,52,"Friendship Park","PM2.5","Mecklenburg",35.28179100089,-80.851473
2025-08-17,51,"Friendship Park","PM2.5","Mecklenburg",35.28179100089,-80.851473
2025-08-18,52,"Friendship Park","PM2.5","Mecklenburg",35.28179100089,-80.851473
2025-08-19,48,"Friendship Park","PM2.5","Mecklenburg",35.28179100089,-80.851473
2025-08-20,46,"Friendship Park","PM2.5","Mecklenburg",35.28179100089,-80.851473
2025-08-21,48,"Friendship Park","PM2.5","Mecklenburg",35.28179100089,-80.851473
2025-08-22,28,"Friendship Park","PM2.5","Mecklenburg",35.28179100089,-80.851473
2025-08-23,40,"Friendship Park","PM2.5","Mecklenburg",35.28179100089,-80.851473
2025-08-24,40,"Friendship Park","PM2.5","Mecklenburg",35.28179100089,-80.851473
2025-08-25,36,"Friendship Park","PM2.5","Mecklenburg",35.28179100089,-80.851473
2025-08-26,33,"Friendship Park","PM2.5","Mecklenburg",35.28179100089,-80.851473
2025-08-27,36,"Friendship Park","PM2.5","Mecklenburg",35.28179100089,-80.851473
2025-08-28,49,"Friendship Park","PM2.5","Mecklenburg",35.28179100089,-80.851473
2025-08-29,48,"Friendship Park","PM2.5","Mecklenburg",35.28179100089,-80.851473
2025-08-30,44,"Friendship Park","PM2.5","Mecklenburg",35.28179100089,-80.851473
2025-08-31,46,"Friendship Park","PM2.5","Mecklenburg",35.28179100089,-80.851473
2025-09-01,32,"Friendship Park","PM2.5","Mecklenburg",35.28179100089,-80.851473
2025-09-02,33,"Friendship Park","PM2.5","Mecklenburg",35.28179100089,-80.851473
2025-09-03,52,"Friendship Park","PM2.5","Mecklenburg",35.28179100089,-80.851473
2025-09-04,52,"Friendship Park","PM2.5","Mecklenburg",35.28179100089,-80.851473
2025-09-05,56,"Friendship Park","PM2.5","Mecklenburg",35.28179100089,-80.851473
2025-09-06,58,"Friendship Park","PM2.5","Mecklenburg",35.28179100089,-80.851473
2025-09-07,37,"Friendship Park","PM2.5","Mecklenburg",35.28179100089,-80.851473
2025-09-08,29,"Friendship Park","PM2.5","Mecklenburg",35.28179100089,-80.851473
2025-09-09,31,"Friendship Park","PM2.5","Mecklenburg",35.28179100089,-80.851473
2025-09-10,39,"Friendship Park","PM2.5","Mecklenburg",35.28179100089,-80.851473
2025-09-11,38,"Friendship Park","PM2.5","Mecklenburg",35.28179100089,-80.851473
2025-09-12,44,"Friendship Park","PM2.5","Mecklenburg",35.28179100089,-80.851473
2025-09-13,47,"Friendship Park","PM2.5","Mecklenburg",35.28179100089,-80.851473
2025-09-14,48,"Friendship Park","PM2.5","Mecklenburg",35.28179100089,-80.851473
2025-09-15,52,"Friendship Park","PM2.5","Mecklenburg",35.28179100089,-80.851473
2025-09-16,41,"Friendship Park","PM2.5","Mecklenburg",35.28179100089,-80.851473
2025-09-17,43,"Friendship Park","PM2.5","Mecklenburg",35.28179100089,-80.851473
2025-09-18,51,"Friendship Park","PM2.5","Mecklenburg",35.28179100089,-80.851473
2025-09-19,55,"Friendship Park","PM2.5","Mecklenburg",35.28179100089,-80.851473
2025-09-20,55,"Friendship Park","PM2.5","Mecklenburg",35.28179100089,-80.851473
2025-09-21,55,"Friendship Park","PM2.5","Mecklenburg",35.28179100089,-80.851473
2025-09-22,55,"Friendship Park","PM2.5","Mecklenburg",35.28179100089,-80.851473
2025-09-23,57,"Friendship Park","PM2.5","Mecklenburg",35.28179100089,-80.851473
2025-09-24,56,"Friendship Park","PM2.5","Mecklenburg",35.28179100089,-80.851473
2025-09-25,42,"Friendship Park","PM2.5","Mecklenburg",35.28179100089,-80.851473
2025-09-26,36,"Friendship Park","PM2.5","Mecklenburg",35.28179100089,-80.851473
2025-09-27,31,"Friendship Park","PM2.5","Mecklenburg",35.28179100089,-80.851473
2025-09-28,23,"Friendship Park","PM2.5","Mecklenburg",35.28179100089,-80.851473
2025-09-29,32,"Friendship Park","PM2.5","Mecklenburg",35.28179100089,-80.851473
2025-09-30,35,"Friendship Park","PM2.5","Mecklenburg",35.28179100089,-80.851473
2025-10-01,44,"Friendship Park","PM2.5","Mecklenburg",35.28179100089,-80.851473
2025-10-02,41,"Friendship Park","PM2.5","Mecklenburg",35.28179100089,-80.851473
2025-10-03,33,"Friendship Park","PM2.5","Mecklenburg",35.28179100089,-80.851473
2025-10-04,47,"Friendship Park","PM2.5","Mecklenburg",35.28179100089,-80.851473
2025-10-05,29,"Friendship Park","PM2.5","Mecklenburg",35.28179100089,-80.851473
2025-10-06,32,"Friendship Park","PM2.5","Mecklenburg",35.28179100089,-80.851473
2025-10-07,24,"Friendship Park","PM2.5","Mecklenburg",35.28179100089,-80.851473
2025-10-08,29,"Friendship Park","PM2.5","Mecklenburg",35.28179100089,-80.851473
2025-10-09,28,"Friendship Park","PM2.5","Mecklenburg",35.28179100089,-80.851473
2025-10-10,29,"Friendship Park","PM2.5","Mecklenburg",35.28179100089,-80.851473
2025-10-11,23,"Friendship Park","PM2.5","Mecklenburg",35.28179100089,-80.851473
2025-10-12,17,"Friendship Park","PM2.5","Mecklenburg",35.28179100089,-80.851473
2025-10-13,12,"Friendship Park","PM2.5","Mecklenburg",35.28179100089,-80.851473
2025-10-14,24,"Friendship Park","PM2.5","Mecklenburg",35.28179100089,-80.851473
2025-10-15,25,"Friendship Park","PM2.5","Mecklenburg",35.28179100089,-80.851473
2025-10-16,32,"Friendship Park","PM2.5","Mecklenburg",35.28179100089,-80.851473
2025-10-17,48,"Friendship Park","PM2.5","Mecklenburg",35.28179100089,-80.851473
2025-10-18,53,"Friendship Park","PM2.5","Mecklenburg",35.28179100089,-80.851473
2025-10-19,29,"Friendship Park","PM2.5","Mecklenburg",35.28179100089,-80.851473
2025-10-20,27,"Friendship Park","PM2.5","Mecklenburg",35.28179100089,-80.851473
2025-10-21,52,"Friendship Park","PM2.5","Mecklenburg",35.28179100089,-80.851473
2025-10-22,33,"Friendship Park","PM2.5","Mecklenburg",35.28179100089,-80.851473
2025-10-23,33,"Friendship Park","PM2.5","Mecklenburg",35.28179100089,-80.851473
2025-10-24,51,"Friendship Park","PM2.5","Mecklenburg",35.28179100089,-80.851473
2025-10-25,46,"Friendship Park","PM2.5","Mecklenburg",35.28179100089,-80.851473
2025-10-26,39,"Friendship Park","PM2.5","Mecklenburg",35.28179100089,-80.851473
2025-10-27,31,"Friendship Park","PM2.5","Mecklenburg",35.28179100089,-80.851473
2025-10-28,18,"Friendship Park","PM2.5","Mecklenburg",35.28179100089,-80.851473
2025-10-29,21,"Friendship Park","PM2.5","Mecklenburg",35.28179100089,-80.851473
2025-10-30,13,"Friendship Park","PM2.5","Mecklenburg",35.28179100089,-80.851473
2025-11-04,35,"Friendship Park","PM2.5","Mecklenburg",35.28179100089,-80.851473
2025-11-05,55,"Friendship Park","PM2.5","Mecklenburg",35.28179100089,-80.851473
2025-11-06,49,"Friendship Park","PM2.5","Mecklenburg",35.28179100089,-80.851473
2025-11-07,54,"Friendship Park","PM2.5","Mecklenburg",35.28179100089,-80.851473
2025-11-08,51,"Friendship Park","PM2.5","Mecklenburg",35.28179100089,-80.851473
2025-11-09,52,"Friendship Park","PM2.5","Mecklenburg",35.28179100089,-80.851473
2025-11-10,8,"Friendship Park","PM2.5","Mecklenburg",35.28179100089,-80.851473
2025-11-11,5,"Friendship Park","PM2.5","Mecklenburg",35.28179100089,-80.851473
2025-11-12,51,"Friendship Park","PM2.5","Mecklenburg",35.28179100089,-80.851473
2025-11-13,54,"Friendship Park","PM2.5","Mecklenburg",35.28179100089,-80.851473
2025-11-14,41,"Friendship Park","PM2.5","Mecklenburg",35.28179100089,-80.851473
2025-11-15,55,"Friendship Park","PM2.5","Mecklenburg",35.28179100089,-80.851473
2025-11-16,46,"Friendship Park","PM2.5","Mecklenburg",35.28179100089,-80.851473
2025-11-17,40,"Friendship Park","PM2.5","Mecklenburg",35.28179100089,-80.851473
2025-11-18,49,"Friendship Park","PM2.5","Mecklenburg",35.28179100089,-80.851473
2025-11-19,58,"Friendship Park","PM2.5","Mecklenburg",35.28179100089,-80.851473
2025-11-20,62,"Friendship Park","PM2.5","Mecklenburg",35.28179100089,-80.851473
2025-11-21,85,"Friendship Park","PM2.5","Mecklenburg",35.28179100089,-80.851473
2025-11-22,47,"Friendship Park","PM2.5","Mecklenburg",35.28179100089,-80.851473
2025-11-23,32,"Friendship Park","PM2.5","Mecklenburg",35.28179100089,-80.851473
2025-11-24,52,"Friendship Park","PM2.5","Mecklenburg",35.28179100089,-80.851473
2025-11-25,42,"Friendship Park","PM2.5","Mecklenburg",35.28179100089,-80.851473
2025-11-26,40,"Friendship Park","PM2.5","Mecklenburg",35.28179100089,-80.851473
2025-11-27,13,"Friendship Park","PM2.5","Mecklenburg",35.28179100089,-80.851473
2025-11-28,31,"Friendship Park","PM2.5","Mecklenburg",35.28179100089,-80.851473
2025-11-29,24,"Friendship Park","PM2.5","Mecklenburg",35.28179100089,-80.851473
2025-11-30,49,"Friendship Park","PM2.5","Mecklenburg",35.28179100089,-80.851473
2025-12-01,39,"Friendship Park","PM2.5","Mecklenburg",35.28179100089,-80.851473
2025-12-02,44,"Friendship Park","PM2.5","Mecklenburg",35.28179100089,-80.851473
2025-12-03,37,"Friendship Park","PM2.5","Mecklenburg",35.28179100089,-80.851473
2025-12-04,58,"Friendship Park","PM2.5","Mecklenburg",35.28179100089,-80.851473
2025-12-05,48,"Friendship Park","PM2.5","Mecklenburg",35.28179100089,-80.851473
2025-12-06,54,"Friendship Park","PM2.5","Mecklenburg",35.28179100089,-80.851473
2025-12-07,53,"Friendship Park","PM2.5","Mecklenburg",35.28179100089,-80.851473
2025-12-08,53,"Friendship Park","PM2.5","Mecklenburg",35.28179100089,-80.851473
2025-12-09,36,"Friendship Park","PM2.5","Mecklenburg",35.28179100089,-80.851473
2025-12-10,39,"Friendship Park","PM2.5","Mecklenburg",35.28179100089,-80.851473
2025-12-11,15,"Friendship Park","PM2.5","Mecklenburg",35.28179100089,-80.851473
2025-12-12,31,"Friendship Park","PM2.5","Mecklenburg",35.28179100089,-80.851473
2025-12-13,57,"Friendship Park","PM2.5","Mecklenburg",35.28179100089,-80.851473
2025-12-14,24,"Friendship Park","PM2.5","Mecklenburg",35.28179100089,-80.851473
2025-12-15,23,"Friendship Park","PM2.5","Mecklenburg",35.28179100089,-80.851473
2025-12-16,54,"Friendship Park","PM2.5","Mecklenburg",35.28179100089,-80.851473
2025-12-17,55,"Friendship Park","PM2.5","Mecklenburg",35.28179100089,-80.851473
2025-12-18,54,"Friendship Park","PM2.5","Mecklenburg",35.28179100089,-80.851473
2025-12-19,9,"Friendship Park","PM2.5","Mecklenburg",35.28179100089,-80.851473
2025-12-20,24,"Friendship Park","PM2.5","Mecklenburg",35.28179100089,-80.851473
2025-12-21,36,"Friendship Park","PM2.5","Mecklenburg",35.28179100089,-80.851473
2025-12-22,18,"Friendship Park","PM2.5","Mecklenburg",35.28179100089,-80.851473
2025-12-23,37,"Friendship Park","PM2.5","Mecklenburg",35.28179100089,-80.851473
2025-12-24,74,"Friendship Park","PM2.5","Mecklenburg",35.28179100089,-80.851473
2025-12-25,57,"Friendship Park","PM2.5","Mecklenburg",35.28179100089,-80.851473
2025-12-26,52,"Friendship Park","PM2.5","Mecklenburg",35.28179100089,-80.851473
2025-12-27,52,"Friendship Park","PM2.5","Mecklenburg",35.28179100089,-80.851473
2025-12-28,53,"Friendship Park","PM2.5","Mecklenburg",35.28179100089,-80.851473
2025-12-29,23,"Friendship Park","PM2.5","Mecklenburg",35.28179100089,-80.851473
2025-12-30,12,"Friendship Park","PM2.5","Mecklenburg",35.28179100089,-80.851473
2025-12-31,18,"Friendship Park","PM2.5","Mecklenburg",35.28179100089,-80.851473
2025-01-01,16,"Spruce Pine Hospital","PM2.5","Mitchell",35.9124870008966,-82.062082
2025-01-02,22,"Spruce Pine Hospital","PM2.5","Mitchell",35.9124870008966,-82.062082
2025-01-03,21,"Spruce Pine Hospital","PM2.5","Mitchell",35.9124870008966,-82.062082
2025-01-04,11,"Spruce Pine Hospital","PM2.5","Mitchell",35.9124870008966,-82.062082
2025-01-05,26,"Spruce Pine Hospital","PM2.5","Mitchell",35.9124870008966,-82.062082
2025-01-06,31,"Spruce Pine Hospital","PM2.5","Mitchell",35.9124870008966,-82.062082
2025-01-07,17,"Spruce Pine Hospital","PM2.5","Mitchell",35.9124870008966,-82.062082
2025-01-08,23,"Spruce Pine Hospital","PM2.5","Mitchell",35.9124870008966,-82.062082
2025-01-09,37,"Spruce Pine Hospital","PM2.5","Mitchell",35.9124870008966,-82.062082
2025-01-10,44,"Spruce Pine Hospital","PM2.5","Mitchell",35.9124870008966,-82.062082
2025-01-11,24,"Spruce Pine Hospital","PM2.5","Mitchell",35.9124870008966,-82.062082
2025-01-12,42,"Spruce Pine Hospital","PM2.5","Mitchell",35.9124870008966,-82.062082
2025-01-13,40,"Spruce Pine Hospital","PM2.5","Mitchell",35.9124870008966,-82.062082
2025-01-14,23,"Spruce Pine Hospital","PM2.5","Mitchell",35.9124870008966,-82.062082
2025-01-15,30,"Spruce Pine Hospital","PM2.5","Mitchell",35.9124870008966,-82.062082
2025-01-16,30,"Spruce Pine Hospital","PM2.5","Mitchell",35.9124870008966,-82.062082
2025-01-17,36,"Spruce Pine Hospital","PM2.5","Mitchell",35.9124870008966,-82.062082
2025-01-18,55,"Spruce Pine Hospital","PM2.5","Mitchell",35.9124870008966,-82.062082
2025-01-19,29,"Spruce Pine Hospital","PM2.5","Mitchell",35.9124870008966,-82.062082
2025-01-20,23,"Spruce Pine Hospital","PM2.5","Mitchell",35.9124870008966,-82.062082
2025-01-21,28,"Spruce Pine Hospital","PM2.5","Mitchell",35.9124870008966,-82.062082
2025-01-22,41,"Spruce Pine Hospital","PM2.5","Mitchell",35.9124870008966,-82.062082
2025-01-23,52,"Spruce Pine Hospital","PM2.5","Mitchell",35.9124870008966,-82.062082
2025-01-24,32,"Spruce Pine Hospital","PM2.5","Mitchell",35.9124870008966,-82.062082
2025-01-25,40,"Spruce Pine Hospital","PM2.5","Mitchell",35.9124870008966,-82.062082
2025-01-26,46,"Spruce Pine Hospital","PM2.5","Mitchell",35.9124870008966,-82.062082
2025-01-27,33,"Spruce Pine Hospital","PM2.5","Mitchell",35.9124870008966,-82.062082
2025-01-28,32,"Spruce Pine Hospital","PM2.5","Mitchell",35.9124870008966,-82.062082
2025-01-29,35,"Spruce Pine Hospital","PM2.5","Mitchell",35.9124870008966,-82.062082
2025-01-30,77,"Spruce Pine Hospital","PM2.5","Mitchell",35.9124870008966,-82.062082
2025-01-31,102,"Spruce Pine Hospital","PM2.5","Mitchell",35.9124870008966,-82.062082
2025-02-01,23,"Spruce Pine Hospital","PM2.5","Mitchell",35.9124870008966,-82.062082
2025-02-02,39,"Spruce Pine Hospital","PM2.5","Mitchell",35.9124870008966,-82.062082
2025-02-03,44,"Spruce Pine Hospital","PM2.5","Mitchell",35.9124870008966,-82.062082
2025-02-04,47,"Spruce Pine Hospital","PM2.5","Mitchell",35.9124870008966,-82.062082
2025-02-05,51,"Spruce Pine Hospital","PM2.5","Mitchell",35.9124870008966,-82.062082
2025-02-06,56,"Spruce Pine Hospital","PM2.5","Mitchell",35.9124870008966,-82.062082
2025-02-07,18,"Spruce Pine Hospital","PM2.5","Mitchell",35.9124870008966,-82.062082
2025-02-08,43,"Spruce Pine Hospital","PM2.5","Mitchell",35.9124870008966,-82.062082
2025-02-09,28,"Spruce Pine Hospital","PM2.5","Mitchell",35.9124870008966,-82.062082
2025-02-10,21,"Spruce Pine Hospital","PM2.5","Mitchell",35.9124870008966,-82.062082
2025-02-11,45,"Spruce Pine Hospital","PM2.5","Mitchell",35.9124870008966,-82.062082
2025-02-12,19,"Spruce Pine Hospital","PM2.5","Mitchell",35.9124870008966,-82.062082
2025-02-13,23,"Spruce Pine Hospital","PM2.5","Mitchell",35.9124870008966,-82.062082
2025-02-14,42,"Spruce Pine Hospital","PM2.5","Mitchell",35.9124870008966,-82.062082
2025-02-15,42,"Spruce Pine Hospital","PM2.5","Mitchell",35.9124870008966,-82.062082
2025-02-16,27,"Spruce Pine Hospital","PM2.5","Mitchell",35.9124870008966,-82.062082
2025-02-17,24,"Spruce Pine Hospital","PM2.5","Mitchell",35.9124870008966,-82.062082
2025-02-18,43,"Spruce Pine Hospital","PM2.5","Mitchell",35.9124870008966,-82.062082
2025-02-19,54,"Spruce Pine Hospital","PM2.5","Mitchell",35.9124870008966,-82.062082
2025-02-20,26,"Spruce Pine Hospital","PM2.5","Mitchell",35.9124870008966,-82.062082
2025-02-21,27,"Spruce Pine Hospital","PM2.5","Mitchell",35.9124870008966,-82.062082
2025-02-22,42,"Spruce Pine Hospital","PM2.5","Mitchell",35.9124870008966,-82.062082
2025-02-23,44,"Spruce Pine Hospital","PM2.5","Mitchell",35.9124870008966,-82.062082
2025-02-24,42,"Spruce Pine Hospital","PM2.5","Mitchell",35.9124870008966,-82.062082
2025-02-25,52,"Spruce Pine Hospital","PM2.5","Mitchell",35.9124870008966,-82.062082
2025-02-26,54,"Spruce Pine Hospital","PM2.5","Mitchell",35.9124870008966,-82.062082
2025-02-27,56,"Spruce Pine Hospital","PM2.5","Mitchell",35.9124870008966,-82.062082
2025-02-28,21,"Spruce Pine Hospital","PM2.5","Mitchell",35.9124870008966,-82.062082
2025-03-01,38,"Spruce Pine Hospital","PM2.5","Mitchell",35.9124870008966,-82.062082
2025-03-02,23,"Spruce Pine Hospital","PM2.5","Mitchell",35.9124870008966,-82.062082
2025-03-03,37,"Spruce Pine Hospital","PM2.5","Mitchell",35.9124870008966,-82.062082
2025-03-04,51,"Spruce Pine Hospital","PM2.5","Mitchell",35.9124870008966,-82.062082
2025-03-05,27,"Spruce Pine Hospital","PM2.5","Mitchell",35.9124870008966,-82.062082
2025-03-06,19,"Spruce Pine Hospital","PM2.5","Mitchell",35.9124870008966,-82.062082
2025-03-07,36,"Spruce Pine Hospital","PM2.5","Mitchell",35.9124870008966,-82.062082
2025-03-08,39,"Spruce Pine Hospital","PM2.5","Mitchell",35.9124870008966,-82.062082
2025-03-09,32,"Spruce Pine Hospital","PM2.5","Mitchell",35.9124870008966,-82.062082
2025-03-10,32,"Spruce Pine Hospital","PM2.5","Mitchell",35.9124870008966,-82.062082
2025-03-11,34,"Spruce Pine Hospital","PM2.5","Mitchell",35.9124870008966,-82.062082
2025-03-12,53,"Spruce Pine Hospital","PM2.5","Mitchell",35.9124870008966,-82.062082
2025-03-13,59,"Spruce Pine Hospital","PM2.5","Mitchell",35.9124870008966,-82.062082
2025-03-14,63,"Spruce Pine Hospital","PM2.5","Mitchell",35.9124870008966,-82.062082
2025-03-15,60,"Spruce Pine Hospital","PM2.5","Mitchell",35.9124870008966,-82.062082
2025-03-16,46,"Spruce Pine Hospital","PM2.5","Mitchell",35.9124870008966,-82.062082
2025-03-17,26,"Spruce Pine Hospital","PM2.5","Mitchell",35.9124870008966,-82.062082
2025-03-18,28,"Spruce Pine Hospital","PM2.5","Mitchell",35.9124870008966,-82.062082
2025-03-19,47,"Spruce Pine Hospital","PM2.5","Mitchell",35.9124870008966,-82.062082
2025-03-20,57,"Spruce Pine Hospital","PM2.5","Mitchell",35.9124870008966,-82.062082
2025-03-21,26,"Spruce Pine Hospital","PM2.5","Mitchell",35.9124870008966,-82.062082
2025-03-22,32,"Spruce Pine Hospital","PM2.5","Mitchell",35.9124870008966,-82.062082
2025-03-23,58,"Spruce Pine Hospital","PM2.5","Mitchell",35.9124870008966,-82.062082
2025-03-24,42,"Spruce Pine Hospital","PM2.5","Mitchell",35.9124870008966,-82.062082
2025-03-25,23,"Spruce Pine Hospital","PM2.5","Mitchell",35.9124870008966,-82.062082
2025-03-26,29,"Spruce Pine Hospital","PM2.5","Mitchell",35.9124870008966,-82.062082
2025-03-27,52,"Spruce Pine Hospital","PM2.5","Mitchell",35.9124870008966,-82.062082
2025-03-28,73,"Spruce Pine Hospital","PM2.5","Mitchell",35.9124870008966,-82.062082
2025-03-29,62,"Spruce Pine Hospital","PM2.5","Mitchell",35.9124870008966,-82.062082
2025-03-30,36,"Spruce Pine Hospital","PM2.5","Mitchell",35.9124870008966,-82.062082
2025-03-31,24,"Spruce Pine Hospital","PM2.5","Mitchell",35.9124870008966,-82.062082
2025-04-01,17,"Spruce Pine Hospital","PM2.5","Mitchell",35.9124870008966,-82.062082
2025-04-02,25,"Spruce Pine Hospital","PM2.5","Mitchell",35.9124870008966,-82.062082
2025-04-03,48,"Spruce Pine Hospital","PM2.5","Mitchell",35.9124870008966,-82.062082
2025-04-04,53,"Spruce Pine Hospital","PM2.5","Mitchell",35.9124870008966,-82.062082
2025-04-05,51,"Spruce Pine Hospital","PM2.5","Mitchell",35.9124870008966,-82.062082
2025-04-06,23,"Spruce Pine Hospital","PM2.5","Mitchell",35.9124870008966,-82.062082
2025-04-07,16,"Spruce Pine Hospital","PM2.5","Mitchell",35.9124870008966,-82.062082
2025-04-08,32,"Spruce Pine Hospital","PM2.5","Mitchell",35.9124870008966,-82.062082
2025-04-09,36,"Spruce Pine Hospital","PM2.5","Mitchell",35.9124870008966,-82.062082
2025-04-10,56,"Spruce Pine Hospital","PM2.5","Mitchell",35.9124870008966,-82.062082
2025-04-11,35,"Spruce Pine Hospital","PM2.5","Mitchell",35.9124870008966,-82.062082
2025-04-12,35,"Spruce Pine Hospital","PM2.5","Mitchell",35.9124870008966,-82.062082
2025-04-13,34,"Spruce Pine Hospital","PM2.5","Mitchell",35.9124870008966,-82.062082
2025-04-14,55,"Spruce Pine Hospital","PM2.5","Mitchell",35.9124870008966,-82.062082
2025-04-15,34,"Spruce Pine Hospital","PM2.5","Mitchell",35.9124870008966,-82.062082
2025-04-16,28,"Spruce Pine Hospital","PM2.5","Mitchell",35.9124870008966,-82.062082
2025-04-17,59,"Spruce Pine Hospital","PM2.5","Mitchell",35.9124870008966,-82.062082
2025-04-18,61,"Spruce Pine Hospital","PM2.5","Mitchell",35.9124870008966,-82.062082
2025-04-19,64,"Spruce Pine Hospital","PM2.5","Mitchell",35.9124870008966,-82.062082
2025-04-20,58,"Spruce Pine Hospital","PM2.5","Mitchell",35.9124870008966,-82.062082
2025-04-21,52,"Spruce Pine Hospital","PM2.5","Mitchell",35.9124870008966,-82.062082
2025-04-22,29,"Spruce Pine Hospital","PM2.5","Mitchell",35.9124870008966,-82.062082
2025-04-23,37,"Spruce Pine Hospital","PM2.5","Mitchell",35.9124870008966,-82.062082
2025-04-24,50,"Spruce Pine Hospital","PM2.5","Mitchell",35.9124870008966,-82.062082
2025-04-25,47,"Spruce Pine Hospital","PM2.5","Mitchell",35.9124870008966,-82.062082
2025-04-26,35,"Spruce Pine Hospital","PM2.5","Mitchell",35.9124870008966,-82.062082
2025-04-27,29,"Spruce Pine Hospital","PM2.5","Mitchell",35.9124870008966,-82.062082
2025-04-28,43,"Spruce Pine Hospital","PM2.5","Mitchell",35.9124870008966,-82.062082
2025-04-29,51,"Spruce Pine Hospital","PM2.5","Mitchell",35.9124870008966,-82.062082
2025-04-30,52,"Spruce Pine Hospital","PM2.5","Mitchell",35.9124870008966,-82.062082
2025-05-01,52,"Spruce Pine Hospital","PM2.5","Mitchell",35.9124870008966,-82.062082
2025-05-02,41,"Spruce Pine Hospital","PM2.5","Mitchell",35.9124870008966,-82.062082
2025-05-03,25,"Spruce Pine Hospital","PM2.5","Mitchell",35.9124870008966,-82.062082
2025-05-04,22,"Spruce Pine Hospital","PM2.5","Mitchell",35.9124870008966,-82.062082
2025-05-05,21,"Spruce Pine Hospital","PM2.5","Mitchell",35.9124870008966,-82.062082
2025-05-06,20,"Spruce Pine Hospital","PM2.5","Mitchell",35.9124870008966,-82.062082
2025-05-07,36,"Spruce Pine Hospital","PM2.5","Mitchell",35.9124870008966,-82.062082
2025-05-08,40,"Spruce Pine Hospital","PM2.5","Mitchell",35.9124870008966,-82.062082
2025-05-09,26,"Spruce Pine Hospital","PM2.5","Mitchell",35.9124870008966,-82.062082
2025-05-10,32,"Spruce Pine Hospital","PM2.5","Mitchell",35.9124870008966,-82.062082
2025-05-11,31,"Spruce Pine Hospital","PM2.5","Mitchell",35.9124870008966,-82.062082
2025-05-12,19,"Spruce Pine Hospital","PM2.5","Mitchell",35.9124870008966,-82.062082
2025-05-13,25,"Spruce Pine Hospital","PM2.5","Mitchell",35.9124870008966,-82.062082
2025-05-14,28,"Spruce Pine Hospital","PM2.5","Mitchell",35.9124870008966,-82.062082
2025-05-15,53,"Spruce Pine Hospital","PM2.5","Mitchell",35.9124870008966,-82.062082
2025-05-16,55,"Spruce Pine Hospital","PM2.5","Mitchell",35.9124870008966,-82.062082
2025-05-17,28,"Spruce Pine Hospital","PM2.5","Mitchell",35.9124870008966,-82.062082
2025-05-18,28,"Spruce Pine Hospital","PM2.5","Mitchell",35.9124870008966,-82.062082
2025-05-19,36,"Spruce Pine Hospital","PM2.5","Mitchell",35.9124870008966,-82.062082
2025-05-20,43,"Spruce Pine Hospital","PM2.5","Mitchell",35.9124870008966,-82.062082
2025-05-21,36,"Spruce Pine Hospital","PM2.5","Mitchell",35.9124870008966,-82.062082
2025-05-22,17,"Spruce Pine Hospital","PM2.5","Mitchell",35.9124870008966,-82.062082
2025-05-23,19,"Spruce Pine Hospital","PM2.5","Mitchell",35.9124870008966,-82.062082
2025-05-24,24,"Spruce Pine Hospital","PM2.5","Mitchell",35.9124870008966,-82.062082
2025-05-25,38,"Spruce Pine Hospital","PM2.5","Mitchell",35.9124870008966,-82.062082
2025-05-26,28,"Spruce Pine Hospital","PM2.5","Mitchell",35.9124870008966,-82.062082
2025-05-27,8,"Spruce Pine Hospital","PM2.5","Mitchell",35.9124870008966,-82.062082
2025-05-28,25,"Spruce Pine Hospital","PM2.5","Mitchell",35.9124870008966,-82.062082
2025-05-29,24,"Spruce Pine Hospital","PM2.5","Mitchell",35.9124870008966,-82.062082
2025-05-30,14,"Spruce Pine Hospital","PM2.5","Mitchell",35.9124870008966,-82.062082
2025-05-31,53,"Spruce Pine Hospital","PM2.5","Mitchell",35.9124870008966,-82.062082
2025-06-01,53,"Spruce Pine Hospital","PM2.5","Mitchell",35.9124870008966,-82.062082
2025-06-02,54,"Spruce Pine Hospital","PM2.5","Mitchell",35.9124870008966,-82.062082
2025-06-03,63,"Spruce Pine Hospital","PM2.5","Mitchell",35.9124870008966,-82.062082
2025-06-04,70,"Spruce Pine Hospital","PM2.5","Mitchell",35.9124870008966,-82.062082
2025-06-05,56,"Spruce Pine Hospital","PM2.5","Mitchell",35.9124870008966,-82.062082
2025-06-06,51,"Spruce Pine Hospital","PM2.5","Mitchell",35.9124870008966,-82.062082
2025-06-07,27,"Spruce Pine Hospital","PM2.5","Mitchell",35.9124870008966,-82.062082
2025-06-08,28,"Spruce Pine Hospital","PM2.5","Mitchell",35.9124870008966,-82.062082
2025-06-09,33,"Spruce Pine Hospital","PM2.5","Mitchell",35.9124870008966,-82.062082
2025-06-10,31,"Spruce Pine Hospital","PM2.5","Mitchell",35.9124870008966,-82.062082
2025-06-11,57,"Spruce Pine Hospital","PM2.5","Mitchell",35.9124870008966,-82.062082
2025-06-12,54,"Spruce Pine Hospital","PM2.5","Mitchell",35.9124870008966,-82.062082
2025-06-13,28,"Spruce Pine Hospital","PM2.5","Mitchell",35.9124870008966,-82.062082
2025-06-14,26,"Spruce Pine Hospital","PM2.5","Mitchell",35.9124870008966,-82.062082
2025-06-15,27,"Spruce Pine Hospital","PM2.5","Mitchell",35.9124870008966,-82.062082
2025-06-16,36,"Spruce Pine Hospital","PM2.5","Mitchell",35.9124870008966,-82.062082
2025-06-17,26,"Spruce Pine Hospital","PM2.5","Mitchell",35.9124870008966,-82.062082
2025-06-18,28,"Spruce Pine Hospital","PM2.5","Mitchell",35.9124870008966,-82.062082
2025-06-19,31,"Spruce Pine Hospital","PM2.5","Mitchell",35.9124870008966,-82.062082
2025-06-20,27,"Spruce Pine Hospital","PM2.5","Mitchell",35.9124870008966,-82.062082
2025-06-21,44,"Spruce Pine Hospital","PM2.5","Mitchell",35.9124870008966,-82.062082
2025-06-22,52,"Spruce Pine Hospital","PM2.5","Mitchell",35.9124870008966,-82.062082
2025-06-23,54,"Spruce Pine Hospital","PM2.5","Mitchell",35.9124870008966,-82.062082
2025-06-24,58,"Spruce Pine Hospital","PM2.5","Mitchell",35.9124870008966,-82.062082
2025-06-25,56,"Spruce Pine Hospital","PM2.5","Mitchell",35.9124870008966,-82.062082
2025-06-26,54,"Spruce Pine Hospital","PM2.5","Mitchell",35.9124870008966,-82.062082
2025-06-27,52,"Spruce Pine Hospital","PM2.5","Mitchell",35.9124870008966,-82.062082
2025-06-28,44,"Spruce Pine Hospital","PM2.5","Mitchell",35.9124870008966,-82.062082
2025-06-29,41,"Spruce Pine Hospital","PM2.5","Mitchell",35.9124870008966,-82.062082
2025-06-30,48,"Spruce Pine Hospital","PM2.5","Mitchell",35.9124870008966,-82.062082
2025-07-01,32,"Spruce Pine Hospital","PM2.5","Mitchell",35.9124870008966,-82.062082
2025-07-02,30,"Spruce Pine Hospital","PM2.5","Mitchell",35.9124870008966,-82.062082
2025-07-03,40,"Spruce Pine Hospital","PM2.5","Mitchell",35.9124870008966,-82.062082
2025-07-04,53,"Spruce Pine Hospital","PM2.5","Mitchell",35.9124870008966,-82.062082
2025-07-05,58,"Spruce Pine Hospital","PM2.5","Mitchell",35.9124870008966,-82.062082
2025-07-06,51,"Spruce Pine Hospital","PM2.5","Mitchell",35.9124870008966,-82.062082
2025-07-07,53,"Spruce Pine Hospital","PM2.5","Mitchell",35.9124870008966,-82.062082
2025-07-08,53,"Spruce Pine Hospital","PM2.5","Mitchell",35.9124870008966,-82.062082
2025-07-09,52,"Spruce Pine Hospital","PM2.5","Mitchell",35.9124870008966,-82.062082
2025-07-10,25,"Spruce Pine Hospital","PM2.5","Mitchell",35.9124870008966,-82.062082
2025-07-11,29,"Spruce Pine Hospital","PM2.5","Mitchell",35.9124870008966,-82.062082
2025-07-12,25,"Spruce Pine Hospital","PM2.5","Mitchell",35.9124870008966,-82.062082
2025-07-13,39,"Spruce Pine Hospital","PM2.5","Mitchell",35.9124870008966,-82.062082
2025-07-14,34,"Spruce Pine Hospital","PM2.5","Mitchell",35.9124870008966,-82.062082
2025-07-15,40,"Spruce Pine Hospital","PM2.5","Mitchell",35.9124870008966,-82.062082
2025-07-18,27,"Spruce Pine Hospital","PM2.5","Mitchell",35.9124870008966,-82.062082
2025-07-19,22,"Spruce Pine Hospital","PM2.5","Mitchell",35.9124870008966,-82.062082
2025-07-20,40,"Spruce Pine Hospital","PM2.5","Mitchell",35.9124870008966,-82.062082
2025-07-21,54,"Spruce Pine Hospital","PM2.5","Mitchell",35.9124870008966,-82.062082
2025-07-22,44,"Spruce Pine Hospital","PM2.5","Mitchell",35.9124870008966,-82.062082
2025-07-23,53,"Spruce Pine Hospital","PM2.5","Mitchell",35.9124870008966,-82.062082
2025-07-24,55,"Spruce Pine Hospital","PM2.5","Mitchell",35.9124870008966,-82.062082
2025-07-25,52,"Spruce Pine Hospital","PM2.5","Mitchell",35.9124870008966,-82.062082
2025-07-26,41,"Spruce Pine Hospital","PM2.5","Mitchell",35.9124870008966,-82.062082
2025-07-27,33,"Spruce Pine Hospital","PM2.5","Mitchell",35.9124870008966,-82.062082
2025-07-28,27,"Spruce Pine Hospital","PM2.5","Mitchell",35.9124870008966,-82.062082
2025-07-29,33,"Spruce Pine Hospital","PM2.5","Mitchell",35.9124870008966,-82.062082
2025-07-30,33,"Spruce Pine Hospital","PM2.5","Mitchell",35.9124870008966,-82.062082
2025-07-31,25,"Spruce Pine Hospital","PM2.5","Mitchell",35.9124870008966,-82.062082
2025-08-01,41,"Spruce Pine Hospital","PM2.5","Mitchell",35.9124870008966,-82.062082
2025-08-02,7,"Spruce Pine Hospital","PM2.5","Mitchell",35.9124870008966,-82.062082
2025-08-03,39,"Spruce Pine Hospital","PM2.5","Mitchell",35.9124870008966,-82.062082
2025-08-04,44,"Spruce Pine Hospital","PM2.5","Mitchell",35.9124870008966,-82.062082
2025-08-05,30,"Spruce Pine Hospital","PM2.5","Mitchell",35.9124870008966,-82.062082
2025-08-06,29,"Spruce Pine Hospital","PM2.5","Mitchell",35.9124870008966,-82.062082
2025-08-07,26,"Spruce Pine Hospital","PM2.5","Mitchell",35.9124870008966,-82.062082
2025-08-08,66,"Spruce Pine Hospital","PM2.5","Mitchell",35.9124870008966,-82.062082
2025-08-09,63,"Spruce Pine Hospital","PM2.5","Mitchell",35.9124870008966,-82.062082
2025-08-10,53,"Spruce Pine Hospital","PM2.5","Mitchell",35.9124870008966,-82.062082
2025-08-11,17,"Spruce Pine Hospital","PM2.5","Mitchell",35.9124870008966,-82.062082
2025-08-12,22,"Spruce Pine Hospital","PM2.5","Mitchell",35.9124870008966,-82.062082
2025-08-13,22,"Spruce Pine Hospital","PM2.5","Mitchell",35.9124870008966,-82.062082
2025-08-14,28,"Spruce Pine Hospital","PM2.5","Mitchell",35.9124870008966,-82.062082
2025-08-15,37,"Spruce Pine Hospital","PM2.5","Mitchell",35.9124870008966,-82.062082
2025-08-16,39,"Spruce Pine Hospital","PM2.5","Mitchell",35.9124870008966,-82.062082
2025-08-17,53,"Spruce Pine Hospital","PM2.5","Mitchell",35.9124870008966,-82.062082
2025-08-18,41,"Spruce Pine Hospital","PM2.5","Mitchell",35.9124870008966,-82.062082
2025-08-19,43,"Spruce Pine Hospital","PM2.5","Mitchell",35.9124870008966,-82.062082
2025-08-20,43,"Spruce Pine Hospital","PM2.5","Mitchell",35.9124870008966,-82.062082
2025-08-21,35,"Spruce Pine Hospital","PM2.5","Mitchell",35.9124870008966,-82.062082
2025-08-22,17,"Spruce Pine Hospital","PM2.5","Mitchell",35.9124870008966,-82.062082
2025-08-23,34,"Spruce Pine Hospital","PM2.5","Mitchell",35.9124870008966,-82.062082
2025-08-24,29,"Spruce Pine Hospital","PM2.5","Mitchell",35.9124870008966,-82.062082
2025-08-26,18,"Spruce Pine Hospital","PM2.5","Mitchell",35.9124870008966,-82.062082
2025-08-27,19,"Spruce Pine Hospital","PM2.5","Mitchell",35.9124870008966,-82.062082
2025-08-28,29,"Spruce Pine Hospital","PM2.5","Mitchell",35.9124870008966,-82.062082
2025-08-29,28,"Spruce Pine Hospital","PM2.5","Mitchell",35.9124870008966,-82.062082
2025-08-30,28,"Spruce Pine Hospital","PM2.5","Mitchell",35.9124870008966,-82.062082
2025-08-31,37,"Spruce Pine Hospital","PM2.5","Mitchell",35.9124870008966,-82.062082
2025-09-01,21,"Spruce Pine Hospital","PM2.5","Mitchell",35.9124870008966,-82.062082
2025-09-02,19,"Spruce Pine Hospital","PM2.5","Mitchell",35.9124870008966,-82.062082
2025-09-03,18,"Spruce Pine Hospital","PM2.5","Mitchell",35.9124870008966,-82.062082
2025-09-04,18,"Spruce Pine Hospital","PM2.5","Mitchell",35.9124870008966,-82.062082
2025-09-05,38,"Spruce Pine Hospital","PM2.5","Mitchell",35.9124870008966,-82.062082
2025-09-06,35,"Spruce Pine Hospital","PM2.5","Mitchell",35.9124870008966,-82.062082
2025-09-07,12,"Spruce Pine Hospital","PM2.5","Mitchell",35.9124870008966,-82.062082
2025-09-08,18,"Spruce Pine Hospital","PM2.5","Mitchell",35.9124870008966,-82.062082
2025-09-09,23,"Spruce Pine Hospital","PM2.5","Mitchell",35.9124870008966,-82.062082
2025-09-10,24,"Spruce Pine Hospital","PM2.5","Mitchell",35.9124870008966,-82.062082
2025-09-11,31,"Spruce Pine Hospital","PM2.5","Mitchell",35.9124870008966,-82.062082
2025-09-12,34,"Spruce Pine Hospital","PM2.5","Mitchell",35.9124870008966,-82.062082
2025-09-13,35,"Spruce Pine Hospital","PM2.5","Mitchell",35.9124870008966,-82.062082
2025-09-14,35,"Spruce Pine Hospital","PM2.5","Mitchell",35.9124870008966,-82.062082
2025-09-15,45,"Spruce Pine Hospital","PM2.5","Mitchell",35.9124870008966,-82.062082
2025-09-16,35,"Spruce Pine Hospital","PM2.5","Mitchell",35.9124870008966,-82.062082
2025-09-17,32,"Spruce Pine Hospital","PM2.5","Mitchell",35.9124870008966,-82.062082
2025-09-18,37,"Spruce Pine Hospital","PM2.5","Mitchell",35.9124870008966,-82.062082
2025-09-19,35,"Spruce Pine Hospital","PM2.5","Mitchell",35.9124870008966,-82.062082
2025-09-20,28,"Spruce Pine Hospital","PM2.5","Mitchell",35.9124870008966,-82.062082
2025-09-21,49,"Spruce Pine Hospital","PM2.5","Mitchell",35.9124870008966,-82.062082
2025-09-22,49,"Spruce Pine Hospital","PM2.5","Mitchell",35.9124870008966,-82.062082
2025-09-23,43,"Spruce Pine Hospital","PM2.5","Mitchell",35.9124870008966,-82.062082
2025-09-24,31,"Spruce Pine Hospital","PM2.5","Mitchell",35.9124870008966,-82.062082
2025-09-25,19,"Spruce Pine Hospital","PM2.5","Mitchell",35.9124870008966,-82.062082
2025-09-26,13,"Spruce Pine Hospital","PM2.5","Mitchell",35.9124870008966,-82.062082
2025-09-27,17,"Spruce Pine Hospital","PM2.5","Mitchell",35.9124870008966,-82.062082
2025-09-28,18,"Spruce Pine Hospital","PM2.5","Mitchell",35.9124870008966,-82.062082
2025-09-29,22,"Spruce Pine Hospital","PM2.5","Mitchell",35.9124870008966,-82.062082
2025-09-30,16,"Spruce Pine Hospital","PM2.5","Mitchell",35.9124870008966,-82.062082
2025-10-01,28,"Spruce Pine Hospital","PM2.5","Mitchell",35.9124870008966,-82.062082
2025-10-02,28,"Spruce Pine Hospital","PM2.5","Mitchell",35.9124870008966,-82.062082
2025-10-03,23,"Spruce Pine Hospital","PM2.5","Mitchell",35.9124870008966,-82.062082
2025-10-04,17,"Spruce Pine Hospital","PM2.5","Mitchell",35.9124870008966,-82.062082
2025-10-05,22,"Spruce Pine Hospital","PM2.5","Mitchell",35.9124870008966,-82.062082
2025-10-06,14,"Spruce Pine Hospital","PM2.5","Mitchell",35.9124870008966,-82.062082
2025-10-07,21,"Spruce Pine Hospital","PM2.5","Mitchell",35.9124870008966,-82.062082
2025-10-08,12,"Spruce Pine Hospital","PM2.5","Mitchell",35.9124870008966,-82.062082
2025-10-09,11,"Spruce Pine Hospital","PM2.5","Mitchell",35.9124870008966,-82.062082
2025-10-10,22,"Spruce Pine Hospital","PM2.5","Mitchell",35.9124870008966,-82.062082
2025-10-11,16,"Spruce Pine Hospital","PM2.5","Mitchell",35.9124870008966,-82.062082
2025-10-12,13,"Spruce Pine Hospital","PM2.5","Mitchell",35.9124870008966,-82.062082
2025-10-13,7,"Spruce Pine Hospital","PM2.5","Mitchell",35.9124870008966,-82.062082
2025-10-14,11,"Spruce Pine Hospital","PM2.5","Mitchell",35.9124870008966,-82.062082
2025-10-15,16,"Spruce Pine Hospital","PM2.5","Mitchell",35.9124870008966,-82.062082
2025-10-16,12,"Spruce Pine Hospital","PM2.5","Mitchell",35.9124870008966,-82.062082
2025-10-17,29,"Spruce Pine Hospital","PM2.5","Mitchell",35.9124870008966,-82.062082
2025-10-18,43,"Spruce Pine Hospital","PM2.5","Mitchell",35.9124870008966,-82.062082
2025-10-19,27,"Spruce Pine Hospital","PM2.5","Mitchell",35.9124870008966,-82.062082
2025-10-20,13,"Spruce Pine Hospital","PM2.5","Mitchell",35.9124870008966,-82.062082
2025-10-21,28,"Spruce Pine Hospital","PM2.5","Mitchell",35.9124870008966,-82.062082
2025-10-22,7,"Spruce Pine Hospital","PM2.5","Mitchell",35.9124870008966,-82.062082
2025-10-23,12,"Spruce Pine Hospital","PM2.5","Mitchell",35.9124870008966,-82.062082
2025-10-24,10,"Spruce Pine Hospital","PM2.5","Mitchell",35.9124870008966,-82.062082
2025-10-25,21,"Spruce Pine Hospital","PM2.5","Mitchell",35.9124870008966,-82.062082
2025-10-26,20,"Spruce Pine Hospital","PM2.5","Mitchell",35.9124870008966,-82.062082
2025-10-27,12,"Spruce Pine Hospital","PM2.5","Mitchell",35.9124870008966,-82.062082
2025-10-28,12,"Spruce Pine Hospital","PM2.5","Mitchell",35.9124870008966,-82.062082
2025-10-29,4,"Spruce Pine Hospital","PM2.5","Mitchell",35.9124870008966,-82.062082
2025-10-30,0,"Spruce Pine Hospital","PM2.5","Mitchell",35.9124870008966,-82.062082
2025-10-31,19,"Spruce Pine Hospital","PM2.5","Mitchell",35.9124870008966,-82.062082
2025-11-01,19,"Spruce Pine Hospital","PM2.5","Mitchell",35.9124870008966,-82.062082
2025-11-02,26,"Spruce Pine Hospital","PM2.5","Mitchell",35.9124870008966,-82.062082
2025-11-03,26,"Spruce Pine Hospital","PM2.5","Mitchell",35.9124870008966,-82.062082
2025-11-04,16,"Spruce Pine Hospital","PM2.5","Mitchell",35.9124870008966,-82.062082
2025-11-07,54,"Spruce Pine Hospital","PM2.5","Mitchell",35.9124870008966,-82.062082
2025-11-08,34,"Spruce Pine Hospital","PM2.5","Mitchell",35.9124870008966,-82.062082
2025-11-09,23,"Spruce Pine Hospital","PM2.5","Mitchell",35.9124870008966,-82.062082
2025-11-10,4,"Spruce Pine Hospital","PM2.5","Mitchell",35.9124870008966,-82.062082
2025-11-11,26,"Spruce Pine Hospital","PM2.5","Mitchell",35.9124870008966,-82.062082
2025-11-12,24,"Spruce Pine Hospital","PM2.5","Mitchell",35.9124870008966,-82.062082
2025-11-13,20,"Spruce Pine Hospital","PM2.5","Mitchell",35.9124870008966,-82.062082
2025-11-14,43,"Spruce Pine Hospital","PM2.5","Mitchell",35.9124870008966,-82.062082
2025-11-15,38,"Spruce Pine Hospital","PM2.5","Mitchell",35.9124870008966,-82.062082
2025-11-16,16,"Spruce Pine Hospital","PM2.5","Mitchell",35.9124870008966,-82.062082
2025-11-17,15,"Spruce Pine Hospital","PM2.5","Mitchell",35.9124870008966,-82.062082
2025-11-18,29,"Spruce Pine Hospital","PM2.5","Mitchell",35.9124870008966,-82.062082
2025-11-19,49,"Spruce Pine Hospital","PM2.5","Mitchell",35.9124870008966,-82.062082
2025-11-20,55,"Spruce Pine Hospital","PM2.5","Mitchell",35.9124870008966,-82.062082
2025-11-21,41,"Spruce Pine Hospital","PM2.5","Mitchell",35.9124870008966,-82.062082
2025-11-22,15,"Spruce Pine Hospital","PM2.5","Mitchell",35.9124870008966,-82.062082
2025-11-23,4,"Spruce Pine Hospital","PM2.5","Mitchell",35.9124870008966,-82.062082
2025-11-24,22,"Spruce Pine Hospital","PM2.5","Mitchell",35.9124870008966,-82.062082
2025-11-25,41,"Spruce Pine Hospital","PM2.5","Mitchell",35.9124870008966,-82.062082
2025-11-26,8,"Spruce Pine Hospital","PM2.5","Mitchell",35.9124870008966,-82.062082
2025-11-27,13,"Spruce Pine Hospital","PM2.5","Mitchell",35.9124870008966,-82.062082
2025-11-28,17,"Spruce Pine Hospital","PM2.5","Mitchell",35.9124870008966,-82.062082
2025-11-29,30,"Spruce Pine Hospital","PM2.5","Mitchell",35.9124870008966,-82.062082
2025-11-30,22,"Spruce Pine Hospital","PM2.5","Mitchell",35.9124870008966,-82.062082
2025-12-01,20,"Spruce Pine Hospital","PM2.5","Mitchell",35.9124870008966,-82.062082
2025-12-02,18,"Spruce Pine Hospital","PM2.5","Mitchell",35.9124870008966,-82.062082
2025-12-03,16,"Spruce Pine Hospital","PM2.5","Mitchell",35.9124870008966,-82.062082
2025-12-04,28,"Spruce Pine Hospital","PM2.5","Mitchell",35.9124870008966,-82.062082
2025-12-05,21,"Spruce Pine Hospital","PM2.5","Mitchell",35.9124870008966,-82.062082
2025-12-06,15,"Spruce Pine Hospital","PM2.5","Mitchell",35.9124870008966,-82.062082
2025-12-07,45,"Spruce Pine Hospital","PM2.5","Mitchell",35.9124870008966,-82.062082
2025-12-08,52,"Spruce Pine Hospital","PM2.5","Mitchell",35.9124870008966,-82.062082
2025-12-09,33,"Spruce Pine Hospital","PM2.5","Mitchell",35.9124870008966,-82.062082
2025-12-10,24,"Spruce Pine Hospital","PM2.5","Mitchell",35.9124870008966,-82.062082
2025-12-11,12,"Spruce Pine Hospital","PM2.5","Mitchell",35.9124870008966,-82.062082
2025-12-12,26,"Spruce Pine Hospital","PM2.5","Mitchell",35.9124870008966,-82.062082
2025-12-13,53,"Spruce Pine Hospital","PM2.5","Mitchell",35.9124870008966,-82.062082
2025-12-14,10,"Spruce Pine Hospital","PM2.5","Mitchell",35.9124870008966,-82.062082
2025-12-15,22,"Spruce Pine Hospital","PM2.5","Mitchell",35.9124870008966,-82.062082
2025-12-16,19,"Spruce Pine Hospital","PM2.5","Mitchell",35.9124870008966,-82.062082
2025-12-17,41,"Spruce Pine Hospital","PM2.5","Mitchell",35.9124870008966,-82.062082
2025-12-18,47,"Spruce Pine Hospital","PM2.5","Mitchell",35.9124870008966,-82.062082
2025-12-19,12,"Spruce Pine Hospital","PM2.5","Mitchell",35.9124870008966,-82.062082
2025-12-20,26,"Spruce Pine Hospital","PM2.5","Mitchell",35.9124870008966,-82.062082
2025-12-21,24,"Spruce Pine Hospital","PM2.5","Mitchell",35.9124870008966,-82.062082
2025-12-22,29,"Spruce Pine Hospital","PM2.5","Mitchell",35.9124870008966,-82.062082
2025-12-23,33,"Spruce Pine Hospital","PM2.5","Mitchell",35.9124870008966,-82.062082
2025-12-24,33,"Spruce Pine Hospital","PM2.5","Mitchell",35.9124870008966,-82.062082
2025-12-25,34,"Spruce Pine Hospital","PM2.5","Mitchell",35.9124870008966,-82.062082
2025-12-26,28,"Spruce Pine Hospital","PM2.5","Mitchell",35.9124870008966,-82.062082
2025-12-27,26,"Spruce Pine Hospital","PM2.5","Mitchell",35.9124870008966,-82.062082
2025-12-28,38,"Spruce Pine Hospital","PM2.5","Mitchell",35.9124870008966,-82.062082
2025-12-29,8,"Spruce Pine Hospital","PM2.5","Mitchell",35.9124870008966,-82.062082
2025-12-31,13,"Spruce Pine Hospital","PM2.5","Mitchell",35.9124870008966,-82.062082
2025-01-01,4,"Candor: EPA CASTNet Site","PM2.5","Montgomery",35.2631650008898,-79.836636
2025-01-02,9,"Candor: EPA CASTNet Site","PM2.5","Montgomery",35.2631650008898,-79.836636
2025-01-03,27,"Candor: EPA CASTNet Site","PM2.5","Montgomery",35.2631650008898,-79.836636
2025-01-04,11,"Candor: EPA CASTNet Site","PM2.5","Montgomery",35.2631650008898,-79.836636
2025-01-05,32,"Candor: EPA CASTNet Site","PM2.5","Montgomery",35.2631650008898,-79.836636
2025-01-06,20,"Candor: EPA CASTNet Site","PM2.5","Montgomery",35.2631650008898,-79.836636
2025-01-07,7,"Candor: EPA CASTNet Site","PM2.5","Montgomery",35.2631650008898,-79.836636
2025-01-08,19,"Candor: EPA CASTNet Site","PM2.5","Montgomery",35.2631650008898,-79.836636
2025-01-09,17,"Candor: EPA CASTNet Site","PM2.5","Montgomery",35.2631650008898,-79.836636
2025-01-10,25,"Candor: EPA CASTNet Site","PM2.5","Montgomery",35.2631650008898,-79.836636
2025-01-11,21,"Candor: EPA CASTNet Site","PM2.5","Montgomery",35.2631650008898,-79.836636
2025-01-12,16,"Candor: EPA CASTNet Site","PM2.5","Montgomery",35.2631650008898,-79.836636
2025-01-13,37,"Candor: EPA CASTNet Site","PM2.5","Montgomery",35.2631650008898,-79.836636
2025-01-14,24,"Candor: EPA CASTNet Site","PM2.5","Montgomery",35.2631650008898,-79.836636
2025-01-15,32,"Candor: EPA CASTNet Site","PM2.5","Montgomery",35.2631650008898,-79.836636
2025-01-16,27,"Candor: EPA CASTNet Site","PM2.5","Montgomery",35.2631650008898,-79.836636
2025-01-17,22,"Candor: EPA CASTNet Site","PM2.5","Montgomery",35.2631650008898,-79.836636
2025-01-18,37,"Candor: EPA CASTNet Site","PM2.5","Montgomery",35.2631650008898,-79.836636
2025-01-19,27,"Candor: EPA CASTNet Site","PM2.5","Montgomery",35.2631650008898,-79.836636
2025-01-20,10,"Candor: EPA CASTNet Site","PM2.5","Montgomery",35.2631650008898,-79.836636
2025-01-21,21,"Candor: EPA CASTNet Site","PM2.5","Montgomery",35.2631650008898,-79.836636
2025-01-22,21,"Candor: EPA CASTNet Site","PM2.5","Montgomery",35.2631650008898,-79.836636
2025-01-23,52,"Candor: EPA CASTNet Site","PM2.5","Montgomery",35.2631650008898,-79.836636
2025-01-24,42,"Candor: EPA CASTNet Site","PM2.5","Montgomery",35.2631650008898,-79.836636
2025-01-25,24,"Candor: EPA CASTNet Site","PM2.5","Montgomery",35.2631650008898,-79.836636
2025-01-26,32,"Candor: EPA CASTNet Site","PM2.5","Montgomery",35.2631650008898,-79.836636
2025-01-27,34,"Candor: EPA CASTNet Site","PM2.5","Montgomery",35.2631650008898,-79.836636
2025-01-28,30,"Candor: EPA CASTNet Site","PM2.5","Montgomery",35.2631650008898,-79.836636
2025-01-29,29,"Candor: EPA CASTNet Site","PM2.5","Montgomery",35.2631650008898,-79.836636
2025-01-30,42,"Candor: EPA CASTNet Site","PM2.5","Montgomery",35.2631650008898,-79.836636
2025-01-31,52,"Candor: EPA CASTNet Site","PM2.5","Montgomery",35.2631650008898,-79.836636
2025-02-01,23,"Candor: EPA CASTNet Site","PM2.5","Montgomery",35.2631650008898,-79.836636
2025-02-02,22,"Candor: EPA CASTNet Site","PM2.5","Montgomery",35.2631650008898,-79.836636
2025-02-03,33,"Candor: EPA CASTNet Site","PM2.5","Montgomery",35.2631650008898,-79.836636
2025-02-04,52,"Candor: EPA CASTNet Site","PM2.5","Montgomery",35.2631650008898,-79.836636
2025-02-05,38,"Candor: EPA CASTNet Site","PM2.5","Montgomery",35.2631650008898,-79.836636
2025-02-06,53,"Candor: EPA CASTNet Site","PM2.5","Montgomery",35.2631650008898,-79.836636
2025-02-07,26,"Candor: EPA CASTNet Site","PM2.5","Montgomery",35.2631650008898,-79.836636
2025-02-08,50,"Candor: EPA CASTNet Site","PM2.5","Montgomery",35.2631650008898,-79.836636
2025-02-09,38,"Candor: EPA CASTNet Site","PM2.5","Montgomery",35.2631650008898,-79.836636
2025-02-10,14,"Candor: EPA CASTNet Site","PM2.5","Montgomery",35.2631650008898,-79.836636
2025-02-11,17,"Candor: EPA CASTNet Site","PM2.5","Montgomery",35.2631650008898,-79.836636
2025-02-12,5,"Candor: EPA CASTNet Site","PM2.5","Montgomery",35.2631650008898,-79.836636
2025-02-13,9,"Candor: EPA CASTNet Site","PM2.5","Montgomery",35.2631650008898,-79.836636
2025-02-14,19,"Candor: EPA CASTNet Site","PM2.5","Montgomery",35.2631650008898,-79.836636
2025-02-15,35,"Candor: EPA CASTNet Site","PM2.5","Montgomery",35.2631650008898,-79.836636
2025-02-17,8,"Candor: EPA CASTNet Site","PM2.5","Montgomery",35.2631650008898,-79.836636
2025-02-18,22,"Candor: EPA CASTNet Site","PM2.5","Montgomery",35.2631650008898,-79.836636
2025-02-19,29,"Candor: EPA CASTNet Site","PM2.5","Montgomery",35.2631650008898,-79.836636
2025-02-20,21,"Candor: EPA CASTNet Site","PM2.5","Montgomery",35.2631650008898,-79.836636
2025-02-21,11,"Candor: EPA CASTNet Site","PM2.5","Montgomery",35.2631650008898,-79.836636
2025-02-22,26,"Candor: EPA CASTNet Site","PM2.5","Montgomery",35.2631650008898,-79.836636
2025-02-23,37,"Candor: EPA CASTNet Site","PM2.5","Montgomery",35.2631650008898,-79.836636
2025-02-24,29,"Candor: EPA CASTNet Site","PM2.5","Montgomery",35.2631650008898,-79.836636
2025-02-25,64,"Candor: EPA CASTNet Site","PM2.5","Montgomery",35.2631650008898,-79.836636
2025-02-26,52,"Candor: EPA CASTNet Site","PM2.5","Montgomery",35.2631650008898,-79.836636
2025-02-27,61,"Candor: EPA CASTNet Site","PM2.5","Montgomery",35.2631650008898,-79.836636
2025-02-28,16,"Candor: EPA CASTNet Site","PM2.5","Montgomery",35.2631650008898,-79.836636
2025-03-01,34,"Candor: EPA CASTNet Site","PM2.5","Montgomery",35.2631650008898,-79.836636
2025-03-02,49,"Candor: EPA CASTNet Site","PM2.5","Montgomery",35.2631650008898,-79.836636
2025-03-03,52,"Candor: EPA CASTNet Site","PM2.5","Montgomery",35.2631650008898,-79.836636
2025-03-04,25,"Candor: EPA CASTNet Site","PM2.5","Montgomery",35.2631650008898,-79.836636
2025-03-05,22,"Candor: EPA CASTNet Site","PM2.5","Montgomery",35.2631650008898,-79.836636
2025-03-06,6,"Candor: EPA CASTNet Site","PM2.5","Montgomery",35.2631650008898,-79.836636
2025-03-07,52,"Candor: EPA CASTNet Site","PM2.5","Montgomery",35.2631650008898,-79.836636
2025-03-08,55,"Candor: EPA CASTNet Site","PM2.5","Montgomery",35.2631650008898,-79.836636
2025-03-09,26,"Candor: EPA CASTNet Site","PM2.5","Montgomery",35.2631650008898,-79.836636
2025-03-10,32,"Candor: EPA CASTNet Site","PM2.5","Montgomery",35.2631650008898,-79.836636
2025-03-11,37,"Candor: EPA CASTNet Site","PM2.5","Montgomery",35.2631650008898,-79.836636
2025-03-12,52,"Candor: EPA CASTNet Site","PM2.5","Montgomery",35.2631650008898,-79.836636
2025-03-13,68,"Candor: EPA CASTNet Site","PM2.5","Montgomery",35.2631650008898,-79.836636
2025-03-14,85,"Candor: EPA CASTNet Site","PM2.5","Montgomery",35.2631650008898,-79.836636
2025-03-15,56,"Candor: EPA CASTNet Site","PM2.5","Montgomery",35.2631650008898,-79.836636
2025-03-16,25,"Candor: EPA CASTNet Site","PM2.5","Montgomery",35.2631650008898,-79.836636
2025-03-17,20,"Candor: EPA CASTNet Site","PM2.5","Montgomery",35.2631650008898,-79.836636
2025-03-18,11,"Candor: EPA CASTNet Site","PM2.5","Montgomery",35.2631650008898,-79.836636
2025-03-19,57,"Candor: EPA CASTNet Site","PM2.5","Montgomery",35.2631650008898,-79.836636
2025-03-20,55,"Candor: EPA CASTNet Site","PM2.5","Montgomery",35.2631650008898,-79.836636
2025-03-21,12,"Candor: EPA CASTNet Site","PM2.5","Montgomery",35.2631650008898,-79.836636
2025-03-22,37,"Candor: EPA CASTNet Site","PM2.5","Montgomery",35.2631650008898,-79.836636
2025-03-23,27,"Candor: EPA CASTNet Site","PM2.5","Montgomery",35.2631650008898,-79.836636
2025-03-24,52,"Candor: EPA CASTNet Site","PM2.5","Montgomery",35.2631650008898,-79.836636
2025-03-25,16,"Candor: EPA CASTNet Site","PM2.5","Montgomery",35.2631650008898,-79.836636
2025-03-26,12,"Candor: EPA CASTNet Site","PM2.5","Montgomery",35.2631650008898,-79.836636
2025-03-27,18,"Candor: EPA CASTNet Site","PM2.5","Montgomery",35.2631650008898,-79.836636
2025-03-28,48,"Candor: EPA CASTNet Site","PM2.5","Montgomery",35.2631650008898,-79.836636
2025-03-29,31,"Candor: EPA CASTNet Site","PM2.5","Montgomery",35.2631650008898,-79.836636
2025-03-30,32,"Candor: EPA CASTNet Site","PM2.5","Montgomery",35.2631650008898,-79.836636
2025-03-31,35,"Candor: EPA CASTNet Site","PM2.5","Montgomery",35.2631650008898,-79.836636
2025-04-01,16,"Candor: EPA CASTNet Site","PM2.5","Montgomery",35.2631650008898,-79.836636
2025-04-02,42,"Candor: EPA CASTNet Site","PM2.5","Montgomery",35.2631650008898,-79.836636
2025-04-03,36,"Candor: EPA CASTNet Site","PM2.5","Montgomery",35.2631650008898,-79.836636
2025-04-04,51,"Candor: EPA CASTNet Site","PM2.5","Montgomery",35.2631650008898,-79.836636
2025-04-05,45,"Candor: EPA CASTNet Site","PM2.5","Montgomery",35.2631650008898,-79.836636
2025-04-06,39,"Candor: EPA CASTNet Site","PM2.5","Montgomery",35.2631650008898,-79.836636
2025-04-07,36,"Candor: EPA CASTNet Site","PM2.5","Montgomery",35.2631650008898,-79.836636
2025-04-08,19,"Candor: EPA CASTNet Site","PM2.5","Montgomery",35.2631650008898,-79.836636
2025-04-09,29,"Candor: EPA CASTNet Site","PM2.5","Montgomery",35.2631650008898,-79.836636
2025-04-10,41,"Candor: EPA CASTNet Site","PM2.5","Montgomery",35.2631650008898,-79.836636
2025-04-11,25,"Candor: EPA CASTNet Site","PM2.5","Montgomery",35.2631650008898,-79.836636
2025-04-12,32,"Candor: EPA CASTNet Site","PM2.5","Montgomery",35.2631650008898,-79.836636
2025-04-13,21,"Candor: EPA CASTNet Site","PM2.5","Montgomery",35.2631650008898,-79.836636
2025-04-14,49,"Candor: EPA CASTNet Site","PM2.5","Montgomery",35.2631650008898,-79.836636
2025-04-15,41,"Candor: EPA CASTNet Site","PM2.5","Montgomery",35.2631650008898,-79.836636
2025-04-16,25,"Candor: EPA CASTNet Site","PM2.5","Montgomery",35.2631650008898,-79.836636
2025-04-17,33,"Candor: EPA CASTNet Site","PM2.5","Montgomery",35.2631650008898,-79.836636
2025-04-18,52,"Candor: EPA CASTNet Site","PM2.5","Montgomery",35.2631650008898,-79.836636
2025-04-19,43,"Candor: EPA CASTNet Site","PM2.5","Montgomery",35.2631650008898,-79.836636
2025-04-20,47,"Candor: EPA CASTNet Site","PM2.5","Montgomery",35.2631650008898,-79.836636
2025-04-21,41,"Candor: EPA CASTNet Site","PM2.5","Montgomery",35.2631650008898,-79.836636
2025-04-22,47,"Candor: EPA CASTNet Site","PM2.5","Montgomery",35.2631650008898,-79.836636
2025-04-23,53,"Candor: EPA CASTNet Site","PM2.5","Montgomery",35.2631650008898,-79.836636
2025-04-24,53,"Candor: EPA CASTNet Site","PM2.5","Montgomery",35.2631650008898,-79.836636
2025-04-25,42,"Candor: EPA CASTNet Site","PM2.5","Montgomery",35.2631650008898,-79.836636
2025-04-26,32,"Candor: EPA CASTNet Site","PM2.5","Montgomery",35.2631650008898,-79.836636
2025-04-27,22,"Candor: EPA CASTNet Site","PM2.5","Montgomery",35.2631650008898,-79.836636
2025-04-28,34,"Candor: EPA CASTNet Site","PM2.5","Montgomery",35.2631650008898,-79.836636
2025-04-29,44,"Candor: EPA CASTNet Site","PM2.5","Montgomery",35.2631650008898,-79.836636
2025-04-30,52,"Candor: EPA CASTNet Site","PM2.5","Montgomery",35.2631650008898,-79.836636
2025-05-01,51,"Candor: EPA CASTNet Site","PM2.5","Montgomery",35.2631650008898,-79.836636
2025-05-02,37,"Candor: EPA CASTNet Site","PM2.5","Montgomery",35.2631650008898,-79.836636
2025-05-03,32,"Candor: EPA CASTNet Site","PM2.5","Montgomery",35.2631650008898,-79.836636
2025-05-04,14,"Candor: EPA CASTNet Site","PM2.5","Montgomery",35.2631650008898,-79.836636
2025-05-05,22,"Candor: EPA CASTNet Site","PM2.5","Montgomery",35.2631650008898,-79.836636
2025-05-06,26,"Candor: EPA CASTNet Site","PM2.5","Montgomery",35.2631650008898,-79.836636
2025-05-07,34,"Candor: EPA CASTNet Site","PM2.5","Montgomery",35.2631650008898,-79.836636
2025-05-08,46,"Candor: EPA CASTNet Site","PM2.5","Montgomery",35.2631650008898,-79.836636
2025-05-09,32,"Candor: EPA CASTNet Site","PM2.5","Montgomery",35.2631650008898,-79.836636
2025-05-10,28,"Candor: EPA CASTNet Site","PM2.5","Montgomery",35.2631650008898,-79.836636
2025-05-11,37,"Candor: EPA CASTNet Site","PM2.5","Montgomery",35.2631650008898,-79.836636
2025-05-12,24,"Candor: EPA CASTNet Site","PM2.5","Montgomery",35.2631650008898,-79.836636
2025-05-13,17,"Candor: EPA CASTNet Site","PM2.5","Montgomery",35.2631650008898,-79.836636
2025-05-14,37,"Candor: EPA CASTNet Site","PM2.5","Montgomery",35.2631650008898,-79.836636
2025-05-15,48,"Candor: EPA CASTNet Site","PM2.5","Montgomery",35.2631650008898,-79.836636
2025-05-16,58,"Candor: EPA CASTNet Site","PM2.5","Montgomery",35.2631650008898,-79.836636
2025-05-17,38,"Candor: EPA CASTNet Site","PM2.5","Montgomery",35.2631650008898,-79.836636
2025-05-18,36,"Candor: EPA CASTNet Site","PM2.5","Montgomery",35.2631650008898,-79.836636
2025-05-19,36,"Candor: EPA CASTNet Site","PM2.5","Montgomery",35.2631650008898,-79.836636
2025-05-20,60,"Candor: EPA CASTNet Site","PM2.5","Montgomery",35.2631650008898,-79.836636
2025-05-21,43,"Candor: EPA CASTNet Site","PM2.5","Montgomery",35.2631650008898,-79.836636
2025-05-22,16,"Candor: EPA CASTNet Site","PM2.5","Montgomery",35.2631650008898,-79.836636
2025-05-23,21,"Candor: EPA CASTNet Site","PM2.5","Montgomery",35.2631650008898,-79.836636
2025-05-24,18,"Candor: EPA CASTNet Site","PM2.5","Montgomery",35.2631650008898,-79.836636
2025-05-25,37,"Candor: EPA CASTNet Site","PM2.5","Montgomery",35.2631650008898,-79.836636
2025-05-26,41,"Candor: EPA CASTNet Site","PM2.5","Montgomery",35.2631650008898,-79.836636
2025-05-27,20,"Candor: EPA CASTNet Site","PM2.5","Montgomery",35.2631650008898,-79.836636
2025-05-28,16,"Candor: EPA CASTNet Site","PM2.5","Montgomery",35.2631650008898,-79.836636
2025-05-29,36,"Candor: EPA CASTNet Site","PM2.5","Montgomery",35.2631650008898,-79.836636
2025-05-30,18,"Candor: EPA CASTNet Site","PM2.5","Montgomery",35.2631650008898,-79.836636
2025-05-31,43,"Candor: EPA CASTNet Site","PM2.5","Montgomery",35.2631650008898,-79.836636
2025-06-01,55,"Candor: EPA CASTNet Site","PM2.5","Montgomery",35.2631650008898,-79.836636
2025-06-02,33,"Candor: EPA CASTNet Site","PM2.5","Montgomery",35.2631650008898,-79.836636
2025-06-03,52,"Candor: EPA CASTNet Site","PM2.5","Montgomery",35.2631650008898,-79.836636
2025-06-04,58,"Candor: EPA CASTNet Site","PM2.5","Montgomery",35.2631650008898,-79.836636
2025-06-05,24,"Candor: EPA CASTNet Site","PM2.5","Montgomery",35.2631650008898,-79.836636
2025-06-06,44,"Candor: EPA CASTNet Site","PM2.5","Montgomery",35.2631650008898,-79.836636
2025-06-07,41,"Candor: EPA CASTNet Site","PM2.5","Montgomery",35.2631650008898,-79.836636
2025-06-08,34,"Candor: EPA CASTNet Site","PM2.5","Montgomery",35.2631650008898,-79.836636
2025-06-09,36,"Candor: EPA CASTNet Site","PM2.5","Montgomery",35.2631650008898,-79.836636
2025-06-10,34,"Candor: EPA CASTNet Site","PM2.5","Montgomery",35.2631650008898,-79.836636
2025-06-11,42,"Candor: EPA CASTNet Site","PM2.5","Montgomery",35.2631650008898,-79.836636
2025-06-12,41,"Candor: EPA CASTNet Site","PM2.5","Montgomery",35.2631650008898,-79.836636
2025-06-13,28,"Candor: EPA CASTNet Site","PM2.5","Montgomery",35.2631650008898,-79.836636
2025-06-18,32,"Candor: EPA CASTNet Site","PM2.5","Montgomery",35.2631650008898,-79.836636
2025-06-19,27,"Candor: EPA CASTNet Site","PM2.5","Montgomery",35.2631650008898,-79.836636
2025-06-20,31,"Candor: EPA CASTNet Site","PM2.5","Montgomery",35.2631650008898,-79.836636
2025-06-21,52,"Candor: EPA CASTNet Site","PM2.5","Montgomery",35.2631650008898,-79.836636
2025-06-22,57,"Candor: EPA CASTNet Site","PM2.5","Montgomery",35.2631650008898,-79.836636
2025-06-23,61,"Candor: EPA CASTNet Site","PM2.5","Montgomery",35.2631650008898,-79.836636
2025-06-24,66,"Candor: EPA CASTNet Site","PM2.5","Montgomery",35.2631650008898,-79.836636
2025-06-25,63,"Candor: EPA CASTNet Site","PM2.5","Montgomery",35.2631650008898,-79.836636
2025-06-26,55,"Candor: EPA CASTNet Site","PM2.5","Montgomery",35.2631650008898,-79.836636
2025-06-28,52,"Candor: EPA CASTNet Site","PM2.5","Montgomery",35.2631650008898,-79.836636
2025-06-29,53,"Candor: EPA CASTNet Site","PM2.5","Montgomery",35.2631650008898,-79.836636
2025-06-30,52,"Candor: EPA CASTNet Site","PM2.5","Montgomery",35.2631650008898,-79.836636
2025-07-01,53,"Candor: EPA CASTNet Site","PM2.5","Montgomery",35.2631650008898,-79.836636
2025-07-02,23,"Candor: EPA CASTNet Site","PM2.5","Montgomery",35.2631650008898,-79.836636
2025-07-03,33,"Candor: EPA CASTNet Site","PM2.5","Montgomery",35.2631650008898,-79.836636
2025-07-04,55,"Candor: EPA CASTNet Site","PM2.5","Montgomery",35.2631650008898,-79.836636
2025-07-05,57,"Candor: EPA CASTNet Site","PM2.5","Montgomery",35.2631650008898,-79.836636
2025-07-06,23,"Candor: EPA CASTNet Site","PM2.5","Montgomery",35.2631650008898,-79.836636
2025-07-07,53,"Candor: EPA CASTNet Site","PM2.5","Montgomery",35.2631650008898,-79.836636
2025-07-08,57,"Candor: EPA CASTNet Site","PM2.5","Montgomery",35.2631650008898,-79.836636
2025-07-09,52,"Candor: EPA CASTNet Site","PM2.5","Montgomery",35.2631650008898,-79.836636
2025-07-10,44,"Candor: EPA CASTNet Site","PM2.5","Montgomery",35.2631650008898,-79.836636
2025-07-12,39,"Candor: EPA CASTNet Site","PM2.5","Montgomery",35.2631650008898,-79.836636
2025-07-13,36,"Candor: EPA CASTNet Site","PM2.5","Montgomery",35.2631650008898,-79.836636
2025-07-14,46,"Candor: EPA CASTNet Site","PM2.5","Montgomery",35.2631650008898,-79.836636
2025-07-15,34,"Candor: EPA CASTNet Site","PM2.5","Montgomery",35.2631650008898,-79.836636
2025-07-16,28,"Candor: EPA CASTNet Site","PM2.5","Montgomery",35.2631650008898,-79.836636
2025-07-17,42,"Candor: EPA CASTNet Site","PM2.5","Montgomery",35.2631650008898,-79.836636
2025-07-18,40,"Candor: EPA CASTNet Site","PM2.5","Montgomery",35.2631650008898,-79.836636
2025-07-19,31,"Candor: EPA CASTNet Site","PM2.5","Montgomery",35.2631650008898,-79.836636
2025-07-20,37,"Candor: EPA CASTNet Site","PM2.5","Montgomery",35.2631650008898,-79.836636
2025-07-21,47,"Candor: EPA CASTNet Site","PM2.5","Montgomery",35.2631650008898,-79.836636
2025-07-22,41,"Candor: EPA CASTNet Site","PM2.5","Montgomery",35.2631650008898,-79.836636
2025-07-23,53,"Candor: EPA CASTNet Site","PM2.5","Montgomery",35.2631650008898,-79.836636
2025-07-24,45,"Candor: EPA CASTNet Site","PM2.5","Montgomery",35.2631650008898,-79.836636
2025-07-25,42,"Candor: EPA CASTNet Site","PM2.5","Montgomery",35.2631650008898,-79.836636
2025-07-26,44,"Candor: EPA CASTNet Site","PM2.5","Montgomery",35.2631650008898,-79.836636
2025-07-27,51,"Candor: EPA CASTNet Site","PM2.5","Montgomery",35.2631650008898,-79.836636
2025-07-28,36,"Candor: EPA CASTNet Site","PM2.5","Montgomery",35.2631650008898,-79.836636
2025-07-29,40,"Candor: EPA CASTNet Site","PM2.5","Montgomery",35.2631650008898,-79.836636
2025-07-30,34,"Candor: EPA CASTNet Site","PM2.5","Montgomery",35.2631650008898,-79.836636
2025-07-31,33,"Candor: EPA CASTNet Site","PM2.5","Montgomery",35.2631650008898,-79.836636
2025-08-01,39,"Candor: EPA CASTNet Site","PM2.5","Montgomery",35.2631650008898,-79.836636
2025-08-02,18,"Candor: EPA CASTNet Site","PM2.5","Montgomery",35.2631650008898,-79.836636
2025-08-03,36,"Candor: EPA CASTNet Site","PM2.5","Montgomery",35.2631650008898,-79.836636
2025-08-04,44,"Candor: EPA CASTNet Site","PM2.5","Montgomery",35.2631650008898,-79.836636
2025-08-05,41,"Candor: EPA CASTNet Site","PM2.5","Montgomery",35.2631650008898,-79.836636
2025-08-06,14,"Candor: EPA CASTNet Site","PM2.5","Montgomery",35.2631650008898,-79.836636
2025-08-07,36,"Candor: EPA CASTNet Site","PM2.5","Montgomery",35.2631650008898,-79.836636
2025-08-08,74,"Candor: EPA CASTNet Site","PM2.5","Montgomery",35.2631650008898,-79.836636
2025-08-09,53,"Candor: EPA CASTNet Site","PM2.5","Montgomery",35.2631650008898,-79.836636
2025-08-10,34,"Candor: EPA CASTNet Site","PM2.5","Montgomery",35.2631650008898,-79.836636
2025-08-11,12,"Candor: EPA CASTNet Site","PM2.5","Montgomery",35.2631650008898,-79.836636
2025-08-12,16,"Candor: EPA CASTNet Site","PM2.5","Montgomery",35.2631650008898,-79.836636
2025-08-13,23,"Candor: EPA CASTNet Site","PM2.5","Montgomery",35.2631650008898,-79.836636
2025-08-14,22,"Candor: EPA CASTNet Site","PM2.5","Montgomery",35.2631650008898,-79.836636
2025-08-15,37,"Candor: EPA CASTNet Site","PM2.5","Montgomery",35.2631650008898,-79.836636
2025-08-16,44,"Candor: EPA CASTNet Site","PM2.5","Montgomery",35.2631650008898,-79.836636
2025-08-17,36,"Candor: EPA CASTNet Site","PM2.5","Montgomery",35.2631650008898,-79.836636
2025-08-18,43,"Candor: EPA CASTNet Site","PM2.5","Montgomery",35.2631650008898,-79.836636
2025-08-19,37,"Candor: EPA CASTNet Site","PM2.5","Montgomery",35.2631650008898,-79.836636
2025-08-20,27,"Candor: EPA CASTNet Site","PM2.5","Montgomery",35.2631650008898,-79.836636
2025-08-21,35,"Candor: EPA CASTNet Site","PM2.5","Montgomery",35.2631650008898,-79.836636
2025-08-22,24,"Candor: EPA CASTNet Site","PM2.5","Montgomery",35.2631650008898,-79.836636
2025-08-23,33,"Candor: EPA CASTNet Site","PM2.5","Montgomery",35.2631650008898,-79.836636
2025-08-24,31,"Candor: EPA CASTNet Site","PM2.5","Montgomery",35.2631650008898,-79.836636
2025-08-25,43,"Candor: EPA CASTNet Site","PM2.5","Montgomery",35.2631650008898,-79.836636
2025-08-26,27,"Candor: EPA CASTNet Site","PM2.5","Montgomery",35.2631650008898,-79.836636
2025-08-27,45,"Candor: EPA CASTNet Site","PM2.5","Montgomery",35.2631650008898,-79.836636
2025-08-28,38,"Candor: EPA CASTNet Site","PM2.5","Montgomery",35.2631650008898,-79.836636
2025-08-29,45,"Candor: EPA CASTNet Site","PM2.5","Montgomery",35.2631650008898,-79.836636
2025-08-30,43,"Candor: EPA CASTNet Site","PM2.5","Montgomery",35.2631650008898,-79.836636
2025-08-31,32,"Candor: EPA CASTNet Site","PM2.5","Montgomery",35.2631650008898,-79.836636
2025-09-01,26,"Candor: EPA CASTNet Site","PM2.5","Montgomery",35.2631650008898,-79.836636
2025-09-02,22,"Candor: EPA CASTNet Site","PM2.5","Montgomery",35.2631650008898,-79.836636
2025-09-03,55,"Candor: EPA CASTNet Site","PM2.5","Montgomery",35.2631650008898,-79.836636
2025-09-04,54,"Candor: EPA CASTNet Site","PM2.5","Montgomery",35.2631650008898,-79.836636
2025-09-05,55,"Candor: EPA CASTNet Site","PM2.5","Montgomery",35.2631650008898,-79.836636
2025-09-06,53,"Candor: EPA CASTNet Site","PM2.5","Montgomery",35.2631650008898,-79.836636
2025-09-07,37,"Candor: EPA CASTNet Site","PM2.5","Montgomery",35.2631650008898,-79.836636
2025-09-08,31,"Candor: EPA CASTNet Site","PM2.5","Montgomery",35.2631650008898,-79.836636
2025-09-09,19,"Candor: EPA CASTNet Site","PM2.5","Montgomery",35.2631650008898,-79.836636
2025-09-10,28,"Candor: EPA CASTNet Site","PM2.5","Montgomery",35.2631650008898,-79.836636
2025-09-11,25,"Candor: EPA CASTNet Site","PM2.5","Montgomery",35.2631650008898,-79.836636
2025-09-12,35,"Candor: EPA CASTNet Site","PM2.5","Montgomery",35.2631650008898,-79.836636
2025-09-13,53,"Candor: EPA CASTNet Site","PM2.5","Montgomery",35.2631650008898,-79.836636
2025-09-14,47,"Candor: EPA CASTNet Site","PM2.5","Montgomery",35.2631650008898,-79.836636
2025-09-15,44,"Candor: EPA CASTNet Site","PM2.5","Montgomery",35.2631650008898,-79.836636
2025-09-16,36,"Candor: EPA CASTNet Site","PM2.5","Montgomery",35.2631650008898,-79.836636
2025-09-17,42,"Candor: EPA CASTNet Site","PM2.5","Montgomery",35.2631650008898,-79.836636
2025-09-18,26,"Candor: EPA CASTNet Site","PM2.5","Montgomery",35.2631650008898,-79.836636
2025-09-19,53,"Candor: EPA CASTNet Site","PM2.5","Montgomery",35.2631650008898,-79.836636
2025-09-20,56,"Candor: EPA CASTNet Site","PM2.5","Montgomery",35.2631650008898,-79.836636
2025-09-21,55,"Candor: EPA CASTNet Site","PM2.5","Montgomery",35.2631650008898,-79.836636
2025-09-22,49,"Candor: EPA CASTNet Site","PM2.5","Montgomery",35.2631650008898,-79.836636
2025-09-23,49,"Candor: EPA CASTNet Site","PM2.5","Montgomery",35.2631650008898,-79.836636
2025-09-24,52,"Candor: EPA CASTNet Site","PM2.5","Montgomery",35.2631650008898,-79.836636
2025-09-25,42,"Candor: EPA CASTNet Site","PM2.5","Montgomery",35.2631650008898,-79.836636
2025-09-26,47,"Candor: EPA CASTNet Site","PM2.5","Montgomery",35.2631650008898,-79.836636
2025-09-27,20,"Candor: EPA CASTNet Site","PM2.5","Montgomery",35.2631650008898,-79.836636
2025-09-28,24,"Candor: EPA CASTNet Site","PM2.5","Montgomery",35.2631650008898,-79.836636
2025-09-29,25,"Candor: EPA CASTNet Site","PM2.5","Montgomery",35.2631650008898,-79.836636
2025-09-30,44,"Candor: EPA CASTNet Site","PM2.5","Montgomery",35.2631650008898,-79.836636
2025-10-01,40,"Candor: EPA CASTNet Site","PM2.5","Montgomery",35.2631650008898,-79.836636
2025-10-02,29,"Candor: EPA CASTNet Site","PM2.5","Montgomery",35.2631650008898,-79.836636
2025-10-07,12,"Candor: EPA CASTNet Site","PM2.5","Montgomery",35.2631650008898,-79.836636
2025-10-08,18,"Candor: EPA CASTNet Site","PM2.5","Montgomery",35.2631650008898,-79.836636
2025-10-09,21,"Candor: EPA CASTNet Site","PM2.5","Montgomery",35.2631650008898,-79.836636
2025-10-10,25,"Candor: EPA CASTNet Site","PM2.5","Montgomery",35.2631650008898,-79.836636
2025-10-11,16,"Candor: EPA CASTNet Site","PM2.5","Montgomery",35.2631650008898,-79.836636
2025-10-12,9,"Candor: EPA CASTNet Site","PM2.5","Montgomery",35.2631650008898,-79.836636
2025-10-13,4,"Candor: EPA CASTNet Site","PM2.5","Montgomery",35.2631650008898,-79.836636
2025-10-14,15,"Candor: EPA CASTNet Site","PM2.5","Montgomery",35.2631650008898,-79.836636
2025-10-15,18,"Candor: EPA CASTNet Site","PM2.5","Montgomery",35.2631650008898,-79.836636
2025-10-16,19,"Candor: EPA CASTNet Site","PM2.5","Montgomery",35.2631650008898,-79.836636
2025-10-17,27,"Candor: EPA CASTNet Site","PM2.5","Montgomery",35.2631650008898,-79.836636
2025-10-18,40,"Candor: EPA CASTNet Site","PM2.5","Montgomery",35.2631650008898,-79.836636
2025-10-19,25,"Candor: EPA CASTNet Site","PM2.5","Montgomery",35.2631650008898,-79.836636
2025-10-20,9,"Candor: EPA CASTNet Site","PM2.5","Montgomery",35.2631650008898,-79.836636
2025-10-21,42,"Candor: EPA CASTNet Site","PM2.5","Montgomery",35.2631650008898,-79.836636
2025-10-22,29,"Candor: EPA CASTNet Site","PM2.5","Montgomery",35.2631650008898,-79.836636
2025-10-23,23,"Candor: EPA CASTNet Site","PM2.5","Montgomery",35.2631650008898,-79.836636
2025-10-24,31,"Candor: EPA CASTNet Site","PM2.5","Montgomery",35.2631650008898,-79.836636
2025-10-25,28,"Candor: EPA CASTNet Site","PM2.5","Montgomery",35.2631650008898,-79.836636
2025-10-26,29,"Candor: EPA CASTNet Site","PM2.5","Montgomery",35.2631650008898,-79.836636
2025-10-27,22,"Candor: EPA CASTNet Site","PM2.5","Montgomery",35.2631650008898,-79.836636
2025-10-28,4,"Candor: EPA CASTNet Site","PM2.5","Montgomery",35.2631650008898,-79.836636
2025-10-29,8,"Candor: EPA CASTNet Site","PM2.5","Montgomery",35.2631650008898,-79.836636
2025-10-30,7,"Candor: EPA CASTNet Site","PM2.5","Montgomery",35.2631650008898,-79.836636
2025-10-31,9,"Candor: EPA CASTNet Site","PM2.5","Montgomery",35.2631650008898,-79.836636
2025-11-01,21,"Candor: EPA CASTNet Site","PM2.5","Montgomery",35.2631650008898,-79.836636
2025-11-02,30,"Candor: EPA CASTNet Site","PM2.5","Montgomery",35.2631650008898,-79.836636
2025-11-03,33,"Candor: EPA CASTNet Site","PM2.5","Montgomery",35.2631650008898,-79.836636
2025-11-04,17,"Candor: EPA CASTNet Site","PM2.5","Montgomery",35.2631650008898,-79.836636
2025-11-05,45,"Candor: EPA CASTNet Site","PM2.5","Montgomery",35.2631650008898,-79.836636
2025-11-06,45,"Candor: EPA CASTNet Site","PM2.5","Montgomery",35.2631650008898,-79.836636
2025-11-07,41,"Candor: EPA CASTNet Site","PM2.5","Montgomery",35.2631650008898,-79.836636
2025-11-08,53,"Candor: EPA CASTNet Site","PM2.5","Montgomery",35.2631650008898,-79.836636
2025-11-09,50,"Candor: EPA CASTNet Site","PM2.5","Montgomery",35.2631650008898,-79.836636
2025-11-10,1,"Candor: EPA CASTNet Site","PM2.5","Montgomery",35.2631650008898,-79.836636
2025-11-11,6,"Candor: EPA CASTNet Site","PM2.5","Montgomery",35.2631650008898,-79.836636
2025-11-12,37,"Candor: EPA CASTNet Site","PM2.5","Montgomery",35.2631650008898,-79.836636
2025-11-13,52,"Candor: EPA CASTNet Site","PM2.5","Montgomery",35.2631650008898,-79.836636
2025-11-14,35,"Candor: EPA CASTNet Site","PM2.5","Montgomery",35.2631650008898,-79.836636
2025-11-15,49,"Candor: EPA CASTNet Site","PM2.5","Montgomery",35.2631650008898,-79.836636
2025-11-16,46,"Candor: EPA CASTNet Site","PM2.5","Montgomery",35.2631650008898,-79.836636
2025-11-17,8,"Candor: EPA CASTNet Site","PM2.5","Montgomery",35.2631650008898,-79.836636
2025-11-18,37,"Candor: EPA CASTNet Site","PM2.5","Montgomery",35.2631650008898,-79.836636
2025-11-19,52,"Candor: EPA CASTNet Site","PM2.5","Montgomery",35.2631650008898,-79.836636
2025-11-20,46,"Candor: EPA CASTNet Site","PM2.5","Montgomery",35.2631650008898,-79.836636
2025-11-21,71,"Candor: EPA CASTNet Site","PM2.5","Montgomery",35.2631650008898,-79.836636
2025-11-22,51,"Candor: EPA CASTNet Site","PM2.5","Montgomery",35.2631650008898,-79.836636
2025-11-23,22,"Candor: EPA CASTNet Site","PM2.5","Montgomery",35.2631650008898,-79.836636
2025-11-24,20,"Candor: EPA CASTNet Site","PM2.5","Montgomery",35.2631650008898,-79.836636
2025-11-25,30,"Candor: EPA CASTNet Site","PM2.5","Montgomery",35.2631650008898,-79.836636
2025-11-26,32,"Candor: EPA CASTNet Site","PM2.5","Montgomery",35.2631650008898,-79.836636
2025-11-27,5,"Candor: EPA CASTNet Site","PM2.5","Montgomery",35.2631650008898,-79.836636
2025-11-28,8,"Candor: EPA CASTNet Site","PM2.5","Montgomery",35.2631650008898,-79.836636
2025-11-29,16,"Candor: EPA CASTNet Site","PM2.5","Montgomery",35.2631650008898,-79.836636
2025-11-30,36,"Candor: EPA CASTNet Site","PM2.5","Montgomery",35.2631650008898,-79.836636
2025-12-01,23,"Candor: EPA CASTNet Site","PM2.5","Montgomery",35.2631650008898,-79.836636
2025-12-02,25,"Candor: EPA CASTNet Site","PM2.5","Montgomery",35.2631650008898,-79.836636
2025-12-03,27,"Candor: EPA CASTNet Site","PM2.5","Montgomery",35.2631650008898,-79.836636
2025-12-04,58,"Candor: EPA CASTNet Site","PM2.5","Montgomery",35.2631650008898,-79.836636
2025-12-05,40,"Candor: EPA CASTNet Site","PM2.5","Montgomery",35.2631650008898,-79.836636
2025-12-06,38,"Candor: EPA CASTNet Site","PM2.5","Montgomery",35.2631650008898,-79.836636
2025-12-07,24,"Candor: EPA CASTNet Site","PM2.5","Montgomery",35.2631650008898,-79.836636
2025-12-08,36,"Candor: EPA CASTNet Site","PM2.5","Montgomery",35.2631650008898,-79.836636
2025-12-09,26,"Candor: EPA CASTNet Site","PM2.5","Montgomery",35.2631650008898,-79.836636
2025-12-10,22,"Candor: EPA CASTNet Site","PM2.5","Montgomery",35.2631650008898,-79.836636
2025-12-11,3,"Candor: EPA CASTNet Site","PM2.5","Montgomery",35.2631650008898,-79.836636
2025-12-12,18,"Candor: EPA CASTNet Site","PM2.5","Montgomery",35.2631650008898,-79.836636
2025-12-13,52,"Candor: EPA CASTNet Site","PM2.5","Montgomery",35.2631650008898,-79.836636
2025-12-14,24,"Candor: EPA CASTNet Site","PM2.5","Montgomery",35.2631650008898,-79.836636
2025-12-15,3,"Candor: EPA CASTNet Site","PM2.5","Montgomery",35.2631650008898,-79.836636
2025-12-16,24,"Candor: EPA CASTNet Site","PM2.5","Montgomery",35.2631650008898,-79.836636
2025-12-17,54,"Candor: EPA CASTNet Site","PM2.5","Montgomery",35.2631650008898,-79.836636
2025-12-18,46,"Candor: EPA CASTNet Site","PM2.5","Montgomery",35.2631650008898,-79.836636
2025-12-19,3,"Candor: EPA CASTNet Site","PM2.5","Montgomery",35.2631650008898,-79.836636
2025-12-20,6,"Candor: EPA CASTNet Site","PM2.5","Montgomery",35.2631650008898,-79.836636
2025-12-21,18,"Candor: EPA CASTNet Site","PM2.5","Montgomery",35.2631650008898,-79.836636
2025-12-22,29,"Candor: EPA CASTNet Site","PM2.5","Montgomery",35.2631650008898,-79.836636
2025-12-23,35,"Candor: EPA CASTNet Site","PM2.5","Montgomery",35.2631650008898,-79.836636
2025-12-24,38,"Candor: EPA CASTNet Site","PM2.5","Montgomery",35.2631650008898,-79.836636
2025-12-25,46,"Candor: EPA CASTNet Site","PM2.5","Montgomery",35.2631650008898,-79.836636
2025-12-26,32,"Candor: EPA CASTNet Site","PM2.5","Montgomery",35.2631650008898,-79.836636
2025-12-27,44,"Candor: EPA CASTNet Site","PM2.5","Montgomery",35.2631650008898,-79.836636
2025-12-28,27,"Candor: EPA CASTNet Site","PM2.5","Montgomery",35.2631650008898,-79.836636
2025-12-29,18,"Candor: EPA CASTNet Site","PM2.5","Montgomery",35.2631650008898,-79.836636
2025-12-30,1,"Candor: EPA CASTNet Site","PM2.5","Montgomery",35.2631650008898,-79.836636
2025-12-31,7,"Candor: EPA CASTNet Site","PM2.5","Montgomery",35.2631650008898,-79.836636
2025-01-01,29,"Castle Hayne","PM2.5","New Hanover",34.364167,-77.838611
2025-01-02,34,"Castle Hayne","PM2.5","New Hanover",34.364167,-77.838611
2025-01-03,42,"Castle Hayne","PM2.5","New Hanover",34.364167,-77.838611
2025-01-04,37,"Castle Hayne","PM2.5","New Hanover",34.364167,-77.838611
2025-01-05,46,"Castle Hayne","PM2.5","New Hanover",34.364167,-77.838611
2025-01-06,35,"Castle Hayne","PM2.5","New Hanover",34.364167,-77.838611
2025-01-07,37,"Castle Hayne","PM2.5","New Hanover",34.364167,-77.838611
2025-01-08,47,"Castle Hayne","PM2.5","New Hanover",34.364167,-77.838611
2025-01-09,50,"Castle Hayne","PM2.5","New Hanover",34.364167,-77.838611
2025-01-10,62,"Castle Hayne","PM2.5","New Hanover",34.364167,-77.838611
2025-01-11,34,"Castle Hayne","PM2.5","New Hanover",34.364167,-77.838611
2025-01-12,46,"Castle Hayne","PM2.5","New Hanover",34.364167,-77.838611
2025-01-13,53,"Castle Hayne","PM2.5","New Hanover",34.364167,-77.838611
2025-01-14,55,"Castle Hayne","PM2.5","New Hanover",34.364167,-77.838611
2025-01-15,52,"Castle Hayne","PM2.5","New Hanover",34.364167,-77.838611
2025-01-16,57,"Castle Hayne","PM2.5","New Hanover",34.364167,-77.838611
2025-01-17,51,"Castle Hayne","PM2.5","New Hanover",34.364167,-77.838611
2025-01-18,43,"Castle Hayne","PM2.5","New Hanover",34.364167,-77.838611
2025-01-19,39,"Castle Hayne","PM2.5","New Hanover",34.364167,-77.838611
2025-01-20,36,"Castle Hayne","PM2.5","New Hanover",34.364167,-77.838611
2025-01-21,46,"Castle Hayne","PM2.5","New Hanover",34.364167,-77.838611
2025-01-22,52,"Castle Hayne","PM2.5","New Hanover",34.364167,-77.838611
2025-01-23,56,"Castle Hayne","PM2.5","New Hanover",34.364167,-77.838611
2025-01-24,56,"Castle Hayne","PM2.5","New Hanover",34.364167,-77.838611
2025-01-25,54,"Castle Hayne","PM2.5","New Hanover",34.364167,-77.838611
2025-01-26,49,"Castle Hayne","PM2.5","New Hanover",34.364167,-77.838611
2025-01-27,51,"Castle Hayne","PM2.5","New Hanover",34.364167,-77.838611
2025-01-28,38,"Castle Hayne","PM2.5","New Hanover",34.364167,-77.838611
2025-01-29,41,"Castle Hayne","PM2.5","New Hanover",34.364167,-77.838611
2025-01-30,46,"Castle Hayne","PM2.5","New Hanover",34.364167,-77.838611
2025-01-31,31,"Castle Hayne","PM2.5","New Hanover",34.364167,-77.838611
2025-02-01,32,"Castle Hayne","PM2.5","New Hanover",34.364167,-77.838611
2025-02-02,28,"Castle Hayne","PM2.5","New Hanover",34.364167,-77.838611
2025-02-03,34,"Castle Hayne","PM2.5","New Hanover",34.364167,-77.838611
2025-02-04,49,"Castle Hayne","PM2.5","New Hanover",34.364167,-77.838611
2025-02-05,46,"Castle Hayne","PM2.5","New Hanover",34.364167,-77.838611
2025-02-06,57,"Castle Hayne","PM2.5","New Hanover",34.364167,-77.838611
2025-02-07,56,"Castle Hayne","PM2.5","New Hanover",34.364167,-77.838611
2025-02-08,52,"Castle Hayne","PM2.5","New Hanover",34.364167,-77.838611
2025-02-09,54,"Castle Hayne","PM2.5","New Hanover",34.364167,-77.838611
2025-02-10,28,"Castle Hayne","PM2.5","New Hanover",34.364167,-77.838611
2025-02-11,37,"Castle Hayne","PM2.5","New Hanover",34.364167,-77.838611
2025-02-12,21,"Castle Hayne","PM2.5","New Hanover",34.364167,-77.838611
2025-02-13,31,"Castle Hayne","PM2.5","New Hanover",34.364167,-77.838611
2025-02-14,36,"Castle Hayne","PM2.5","New Hanover",34.364167,-77.838611
2025-02-15,27,"Castle Hayne","PM2.5","New Hanover",34.364167,-77.838611
2025-02-16,23,"Castle Hayne","PM2.5","New Hanover",34.364167,-77.838611
2025-02-17,23,"Castle Hayne","PM2.5","New Hanover",34.364167,-77.838611
2025-02-18,37,"Castle Hayne","PM2.5","New Hanover",34.364167,-77.838611
2025-02-19,31,"Castle Hayne","PM2.5","New Hanover",34.364167,-77.838611
2025-02-20,52,"Castle Hayne","PM2.5","New Hanover",34.364167,-77.838611
2025-02-21,46,"Castle Hayne","PM2.5","New Hanover",34.364167,-77.838611
2025-02-22,58,"Castle Hayne","PM2.5","New Hanover",34.364167,-77.838611
2025-02-23,53,"Castle Hayne","PM2.5","New Hanover",34.364167,-77.838611
2025-02-24,63,"Castle Hayne","PM2.5","New Hanover",34.364167,-77.838611
2025-02-25,69,"Castle Hayne","PM2.5","New Hanover",34.364167,-77.838611
2025-02-26,77,"Castle Hayne","PM2.5","New Hanover",34.364167,-77.838611
2025-02-27,68,"Castle Hayne","PM2.5","New Hanover",34.364167,-77.838611
2025-02-28,33,"Castle Hayne","PM2.5","New Hanover",34.364167,-77.838611
2025-03-01,58,"Castle Hayne","PM2.5","New Hanover",34.364167,-77.838611
2025-03-02,28,"Castle Hayne","PM2.5","New Hanover",34.364167,-77.838611
2025-03-03,36,"Castle Hayne","PM2.5","New Hanover",34.364167,-77.838611
2025-03-04,28,"Castle Hayne","PM2.5","New Hanover",34.364167,-77.838611
2025-03-05,52,"Castle Hayne","PM2.5","New Hanover",34.364167,-77.838611
2025-03-06,33,"Castle Hayne","PM2.5","New Hanover",34.364167,-77.838611
2025-03-07,29,"Castle Hayne","PM2.5","New Hanover",34.364167,-77.838611
2025-03-08,56,"Castle Hayne","PM2.5","New Hanover",34.364167,-77.838611
2025-03-09,43,"Castle Hayne","PM2.5","New Hanover",34.364167,-77.838611
2025-03-10,40,"Castle Hayne","PM2.5","New Hanover",34.364167,-77.838611
2025-03-11,32,"Castle Hayne","PM2.5","New Hanover",34.364167,-77.838611
2025-03-12,53,"Castle Hayne","PM2.5","New Hanover",34.364167,-77.838611
2025-03-13,66,"Castle Hayne","PM2.5","New Hanover",34.364167,-77.838611
2025-03-14,59,"Castle Hayne","PM2.5","New Hanover",34.364167,-77.838611
2025-03-15,33,"Castle Hayne","PM2.5","New Hanover",34.364167,-77.838611
2025-03-16,39,"Castle Hayne","PM2.5","New Hanover",34.364167,-77.838611
2025-03-17,44,"Castle Hayne","PM2.5","New Hanover",34.364167,-77.838611
2025-03-18,27,"Castle Hayne","PM2.5","New Hanover",34.364167,-77.838611
2025-03-19,58,"Castle Hayne","PM2.5","New Hanover",34.364167,-77.838611
2025-03-20,54,"Castle Hayne","PM2.5","New Hanover",34.364167,-77.838611
2025-03-21,24,"Castle Hayne","PM2.5","New Hanover",34.364167,-77.838611
2025-03-22,57,"Castle Hayne","PM2.5","New Hanover",34.364167,-77.838611
2025-03-23,48,"Castle Hayne","PM2.5","New Hanover",34.364167,-77.838611
2025-03-24,54,"Castle Hayne","PM2.5","New Hanover",34.364167,-77.838611
2025-03-25,121,"Castle Hayne","PM2.5","New Hanover",34.364167,-77.838611
2025-03-26,117,"Castle Hayne","PM2.5","New Hanover",34.364167,-77.838611
2025-03-27,78,"Castle Hayne","PM2.5","New Hanover",34.364167,-77.838611
2025-03-28,31,"Castle Hayne","PM2.5","New Hanover",34.364167,-77.838611
2025-03-29,30,"Castle Hayne","PM2.5","New Hanover",34.364167,-77.838611
2025-03-30,20,"Castle Hayne","PM2.5","New Hanover",34.364167,-77.838611
2025-03-31,19,"Castle Hayne","PM2.5","New Hanover",34.364167,-77.838611
2025-04-01,34,"Castle Hayne","PM2.5","New Hanover",34.364167,-77.838611
2025-04-02,36,"Castle Hayne","PM2.5","New Hanover",34.364167,-77.838611
2025-04-03,33,"Castle Hayne","PM2.5","New Hanover",34.364167,-77.838611
2025-04-04,32,"Castle Hayne","PM2.5","New Hanover",34.364167,-77.838611
2025-04-05,15,"Castle Hayne","PM2.5","New Hanover",34.364167,-77.838611
2025-04-06,34,"Castle Hayne","PM2.5","New Hanover",34.364167,-77.838611
2025-04-07,32,"Castle Hayne","PM2.5","New Hanover",34.364167,-77.838611
2025-04-08,37,"Castle Hayne","PM2.5","New Hanover",34.364167,-77.838611
2025-04-09,54,"Castle Hayne","PM2.5","New Hanover",34.364167,-77.838611
2025-04-10,52,"Castle Hayne","PM2.5","New Hanover",34.364167,-77.838611
2025-04-11,30,"Castle Hayne","PM2.5","New Hanover",34.364167,-77.838611
2025-04-12,25,"Castle Hayne","PM2.5","New Hanover",34.364167,-77.838611
2025-04-13,42,"Castle Hayne","PM2.5","New Hanover",34.364167,-77.838611
2025-04-14,53,"Castle Hayne","PM2.5","New Hanover",34.364167,-77.838611
2025-04-15,60,"Castle Hayne","PM2.5","New Hanover",34.364167,-77.838611
2025-04-16,37,"Castle Hayne","PM2.5","New Hanover",34.364167,-77.838611
2025-04-17,53,"Castle Hayne","PM2.5","New Hanover",34.364167,-77.838611
2025-04-18,43,"Castle Hayne","PM2.5","New Hanover",34.364167,-77.838611
2025-04-19,24,"Castle Hayne","PM2.5","New Hanover",34.364167,-77.838611
2025-04-20,36,"Castle Hayne","PM2.5","New Hanover",34.364167,-77.838611
2025-04-21,44,"Castle Hayne","PM2.5","New Hanover",34.364167,-77.838611
2025-04-22,41,"Castle Hayne","PM2.5","New Hanover",34.364167,-77.838611
2025-04-23,49,"Castle Hayne","PM2.5","New Hanover",34.364167,-77.838611
2025-04-24,50,"Castle Hayne","PM2.5","New Hanover",34.364167,-77.838611
2025-04-25,37,"Castle Hayne","PM2.5","New Hanover",34.364167,-77.838611
2025-04-26,28,"Castle Hayne","PM2.5","New Hanover",34.364167,-77.838611
2025-04-27,33,"Castle Hayne","PM2.5","New Hanover",34.364167,-77.838611
2025-04-28,34,"Castle Hayne","PM2.5","New Hanover",34.364167,-77.838611
2025-04-29,56,"Castle Hayne","PM2.5","New Hanover",34.364167,-77.838611
2025-04-30,38,"Castle Hayne","PM2.5","New Hanover",34.364167,-77.838611
2025-05-01,28,"Castle Hayne","PM2.5","New Hanover",34.364167,-77.838611
2025-05-02,32,"Castle Hayne","PM2.5","New Hanover",34.364167,-77.838611
2025-05-03,33,"Castle Hayne","PM2.5","New Hanover",34.364167,-77.838611
2025-05-04,24,"Castle Hayne","PM2.5","New Hanover",34.364167,-77.838611
2025-05-05,24,"Castle Hayne","PM2.5","New Hanover",34.364167,-77.838611
2025-05-06,30,"Castle Hayne","PM2.5","New Hanover",34.364167,-77.838611
2025-05-07,42,"Castle Hayne","PM2.5","New Hanover",34.364167,-77.838611
2025-05-08,52,"Castle Hayne","PM2.5","New Hanover",34.364167,-77.838611
2025-05-09,33,"Castle Hayne","PM2.5","New Hanover",34.364167,-77.838611
2025-05-10,38,"Castle Hayne","PM2.5","New Hanover",34.364167,-77.838611
2025-05-11,21,"Castle Hayne","PM2.5","New Hanover",34.364167,-77.838611
2025-05-12,17,"Castle Hayne","PM2.5","New Hanover",34.364167,-77.838611
2025-05-13,19,"Castle Hayne","PM2.5","New Hanover",34.364167,-77.838611
2025-05-14,41,"Castle Hayne","PM2.5","New Hanover",34.364167,-77.838611
2025-05-15,41,"Castle Hayne","PM2.5","New Hanover",34.364167,-77.838611
2025-05-16,57,"Castle Hayne","PM2.5","New Hanover",34.364167,-77.838611
2025-05-17,55,"Castle Hayne","PM2.5","New Hanover",34.364167,-77.838611
2025-05-18,46,"Castle Hayne","PM2.5","New Hanover",34.364167,-77.838611
2025-05-19,51,"Castle Hayne","PM2.5","New Hanover",34.364167,-77.838611
2025-05-20,46,"Castle Hayne","PM2.5","New Hanover",34.364167,-77.838611
2025-05-21,52,"Castle Hayne","PM2.5","New Hanover",34.364167,-77.838611
2025-05-22,38,"Castle Hayne","PM2.5","New Hanover",34.364167,-77.838611
2025-05-23,43,"Castle Hayne","PM2.5","New Hanover",34.364167,-77.838611
2025-05-24,28,"Castle Hayne","PM2.5","New Hanover",34.364167,-77.838611
2025-05-25,40,"Castle Hayne","PM2.5","New Hanover",34.364167,-77.838611
2025-05-26,34,"Castle Hayne","PM2.5","New Hanover",34.364167,-77.838611
2025-05-27,19,"Castle Hayne","PM2.5","New Hanover",34.364167,-77.838611
2025-05-28,24,"Castle Hayne","PM2.5","New Hanover",34.364167,-77.838611
2025-05-29,43,"Castle Hayne","PM2.5","New Hanover",34.364167,-77.838611
2025-05-30,22,"Castle Hayne","PM2.5","New Hanover",34.364167,-77.838611
2025-05-31,44,"Castle Hayne","PM2.5","New Hanover",34.364167,-77.838611
2025-06-01,52,"Castle Hayne","PM2.5","New Hanover",34.364167,-77.838611
2025-06-02,54,"Castle Hayne","PM2.5","New Hanover",34.364167,-77.838611
2025-06-03,52,"Castle Hayne","PM2.5","New Hanover",34.364167,-77.838611
2025-06-04,31,"Castle Hayne","PM2.5","New Hanover",34.364167,-77.838611
2025-06-05,26,"Castle Hayne","PM2.5","New Hanover",34.364167,-77.838611
2025-06-06,35,"Castle Hayne","PM2.5","New Hanover",34.364167,-77.838611
2025-06-07,54,"Castle Hayne","PM2.5","New Hanover",34.364167,-77.838611
2025-06-08,35,"Castle Hayne","PM2.5","New Hanover",34.364167,-77.838611
2025-06-09,41,"Castle Hayne","PM2.5","New Hanover",34.364167,-77.838611
2025-06-10,28,"Castle Hayne","PM2.5","New Hanover",34.364167,-77.838611
2025-06-11,22,"Castle Hayne","PM2.5","New Hanover",34.364167,-77.838611
2025-06-12,18,"Castle Hayne","PM2.5","New Hanover",34.364167,-77.838611
2025-06-13,31,"Castle Hayne","PM2.5","New Hanover",34.364167,-77.838611
2025-06-14,24,"Castle Hayne","PM2.5","New Hanover",34.364167,-77.838611
2025-06-15,24,"Castle Hayne","PM2.5","New Hanover",34.364167,-77.838611
2025-06-16,31,"Castle Hayne","PM2.5","New Hanover",34.364167,-77.838611
2025-06-17,31,"Castle Hayne","PM2.5","New Hanover",34.364167,-77.838611
2025-06-18,31,"Castle Hayne","PM2.5","New Hanover",34.364167,-77.838611
2025-06-19,29,"Castle Hayne","PM2.5","New Hanover",34.364167,-77.838611
2025-06-20,34,"Castle Hayne","PM2.5","New Hanover",34.364167,-77.838611
2025-06-21,25,"Castle Hayne","PM2.5","New Hanover",34.364167,-77.838611
2025-06-22,17,"Castle Hayne","PM2.5","New Hanover",34.364167,-77.838611
2025-06-23,37,"Castle Hayne","PM2.5","New Hanover",34.364167,-77.838611
2025-06-24,58,"Castle Hayne","PM2.5","New Hanover",34.364167,-77.838611
2025-06-25,62,"Castle Hayne","PM2.5","New Hanover",34.364167,-77.838611
2025-06-26,52,"Castle Hayne","PM2.5","New Hanover",34.364167,-77.838611
2025-06-27,33,"Castle Hayne","PM2.5","New Hanover",34.364167,-77.838611
2025-06-28,17,"Castle Hayne","PM2.5","New Hanover",34.364167,-77.838611
2025-06-29,31,"Castle Hayne","PM2.5","New Hanover",34.364167,-77.838611
2025-06-30,36,"Castle Hayne","PM2.5","New Hanover",34.364167,-77.838611
2025-07-01,36,"Castle Hayne","PM2.5","New Hanover",34.364167,-77.838611
2025-07-02,36,"Castle Hayne","PM2.5","New Hanover",34.364167,-77.838611
2025-07-03,39,"Castle Hayne","PM2.5","New Hanover",34.364167,-77.838611
2025-07-04,44,"Castle Hayne","PM2.5","New Hanover",34.364167,-77.838611
2025-07-05,35,"Castle Hayne","PM2.5","New Hanover",34.364167,-77.838611
2025-07-06,21,"Castle Hayne","PM2.5","New Hanover",34.364167,-77.838611
2025-07-07,26,"Castle Hayne","PM2.5","New Hanover",34.364167,-77.838611
2025-07-08,24,"Castle Hayne","PM2.5","New Hanover",34.364167,-77.838611
2025-07-09,21,"Castle Hayne","PM2.5","New Hanover",34.364167,-77.838611
2025-07-10,26,"Castle Hayne","PM2.5","New Hanover",34.364167,-77.838611
2025-07-11,21,"Castle Hayne","PM2.5","New Hanover",34.364167,-77.838611
2025-07-12,37,"Castle Hayne","PM2.5","New Hanover",34.364167,-77.838611
2025-07-13,33,"Castle Hayne","PM2.5","New Hanover",34.364167,-77.838611
2025-07-14,15,"Castle Hayne","PM2.5","New Hanover",34.364167,-77.838611
2025-07-15,17,"Castle Hayne","PM2.5","New Hanover",34.364167,-77.838611
2025-07-16,24,"Castle Hayne","PM2.5","New Hanover",34.364167,-77.838611
2025-07-17,12,"Castle Hayne","PM2.5","New Hanover",34.364167,-77.838611
2025-07-18,17,"Castle Hayne","PM2.5","New Hanover",34.364167,-77.838611
2025-07-19,25,"Castle Hayne","PM2.5","New Hanover",34.364167,-77.838611
2025-07-20,34,"Castle Hayne","PM2.5","New Hanover",34.364167,-77.838611
2025-07-21,44,"Castle Hayne","PM2.5","New Hanover",34.364167,-77.838611
2025-07-22,41,"Castle Hayne","PM2.5","New Hanover",34.364167,-77.838611
2025-07-23,27,"Castle Hayne","PM2.5","New Hanover",34.364167,-77.838611
2025-07-24,14,"Castle Hayne","PM2.5","New Hanover",34.364167,-77.838611
2025-07-29,18,"Castle Hayne","PM2.5","New Hanover",34.364167,-77.838611
2025-07-30,25,"Castle Hayne","PM2.5","New Hanover",34.364167,-77.838611
2025-07-31,30,"Castle Hayne","PM2.5","New Hanover",34.364167,-77.838611
2025-08-01,23,"Castle Hayne","PM2.5","New Hanover",34.364167,-77.838611
2025-08-02,28,"Castle Hayne","PM2.5","New Hanover",34.364167,-77.838611
2025-08-03,48,"Castle Hayne","PM2.5","New Hanover",34.364167,-77.838611
2025-08-04,39,"Castle Hayne","PM2.5","New Hanover",34.364167,-77.838611
2025-08-05,28,"Castle Hayne","PM2.5","New Hanover",34.364167,-77.838611
2025-08-06,6,"Castle Hayne","PM2.5","New Hanover",34.364167,-77.838611
2025-08-07,44,"Castle Hayne","PM2.5","New Hanover",34.364167,-77.838611
2025-08-08,60,"Castle Hayne","PM2.5","New Hanover",34.364167,-77.838611
2025-08-09,24,"Castle Hayne","PM2.5","New Hanover",34.364167,-77.838611
2025-08-10,6,"Castle Hayne","PM2.5","New Hanover",34.364167,-77.838611
2025-08-11,0,"Castle Hayne","PM2.5","New Hanover",34.364167,-77.838611
2025-08-12,1,"Castle Hayne","PM2.5","New Hanover",34.364167,-77.838611
2025-08-13,10,"Castle Hayne","PM2.5","New Hanover",34.364167,-77.838611
2025-08-14,11,"Castle Hayne","PM2.5","New Hanover",34.364167,-77.838611
2025-08-15,23,"Castle Hayne","PM2.5","New Hanover",34.364167,-77.838611
2025-08-16,25,"Castle Hayne","PM2.5","New Hanover",34.364167,-77.838611
2025-08-17,35,"Castle Hayne","PM2.5","New Hanover",34.364167,-77.838611
2025-08-18,44,"Castle Hayne","PM2.5","New Hanover",34.364167,-77.838611
2025-08-19,47,"Castle Hayne","PM2.5","New Hanover",34.364167,-77.838611
2025-08-20,18,"Castle Hayne","PM2.5","New Hanover",34.364167,-77.838611
2025-08-21,23,"Castle Hayne","PM2.5","New Hanover",34.364167,-77.838611
2025-08-22,14,"Castle Hayne","PM2.5","New Hanover",34.364167,-77.838611
2025-08-23,16,"Castle Hayne","PM2.5","New Hanover",34.364167,-77.838611
2025-08-24,17,"Castle Hayne","PM2.5","New Hanover",34.364167,-77.838611
2025-08-25,30,"Castle Hayne","PM2.5","New Hanover",34.364167,-77.838611
2025-08-26,42,"Castle Hayne","PM2.5","New Hanover",34.364167,-77.838611
2025-08-27,38,"Castle Hayne","PM2.5","New Hanover",34.364167,-77.838611
2025-08-28,40,"Castle Hayne","PM2.5","New Hanover",34.364167,-77.838611
2025-08-29,47,"Castle Hayne","PM2.5","New Hanover",34.364167,-77.838611
2025-08-30,44,"Castle Hayne","PM2.5","New Hanover",34.364167,-77.838611
2025-08-31,27,"Castle Hayne","PM2.5","New Hanover",34.364167,-77.838611
2025-09-01,19,"Castle Hayne","PM2.5","New Hanover",34.364167,-77.838611
2025-09-02,21,"Castle Hayne","PM2.5","New Hanover",34.364167,-77.838611
2025-09-03,29,"Castle Hayne","PM2.5","New Hanover",34.364167,-77.838611
2025-09-04,33,"Castle Hayne","PM2.5","New Hanover",34.364167,-77.838611
2025-09-05,20,"Castle Hayne","PM2.5","New Hanover",34.364167,-77.838611
2025-09-06,5,"Castle Hayne","PM2.5","New Hanover",34.364167,-77.838611
2025-09-07,32,"Castle Hayne","PM2.5","New Hanover",34.364167,-77.838611
2025-09-08,35,"Castle Hayne","PM2.5","New Hanover",34.364167,-77.838611
2025-09-09,27,"Castle Hayne","PM2.5","New Hanover",34.364167,-77.838611
2025-09-10,16,"Castle Hayne","PM2.5","New Hanover",34.364167,-77.838611
2025-09-11,21,"Castle Hayne","PM2.5","New Hanover",34.364167,-77.838611
2025-09-12,35,"Castle Hayne","PM2.5","New Hanover",34.364167,-77.838611
2025-09-13,36,"Castle Hayne","PM2.5","New Hanover",34.364167,-77.838611
2025-09-14,34,"Castle Hayne","PM2.5","New Hanover",34.364167,-77.838611
2025-09-15,45,"Castle Hayne","PM2.5","New Hanover",34.364167,-77.838611
2025-09-16,41,"Castle Hayne","PM2.5","New Hanover",34.364167,-77.838611
2025-09-17,40,"Castle Hayne","PM2.5","New Hanover",34.364167,-77.838611
2025-09-18,21,"Castle Hayne","PM2.5","New Hanover",34.364167,-77.838611
2025-09-19,29,"Castle Hayne","PM2.5","New Hanover",34.364167,-77.838611
2025-09-20,24,"Castle Hayne","PM2.5","New Hanover",34.364167,-77.838611
2025-09-21,42,"Castle Hayne","PM2.5","New Hanover",34.364167,-77.838611
2025-09-22,26,"Castle Hayne","PM2.5","New Hanover",34.364167,-77.838611
2025-09-23,10,"Castle Hayne","PM2.5","New Hanover",34.364167,-77.838611
2025-09-24,2,"Castle Hayne","PM2.5","New Hanover",34.364167,-77.838611
2025-09-25,8,"Castle Hayne","PM2.5","New Hanover",34.364167,-77.838611
2025-09-26,19,"Castle Hayne","PM2.5","New Hanover",34.364167,-77.838611
2025-09-27,14,"Castle Hayne","PM2.5","New Hanover",34.364167,-77.838611
2025-09-28,25,"Castle Hayne","PM2.5","New Hanover",34.364167,-77.838611
2025-09-29,9,"Castle Hayne","PM2.5","New Hanover",34.364167,-77.838611
2025-09-30,24,"Castle Hayne","PM2.5","New Hanover",34.364167,-77.838611
2025-10-01,51,"Castle Hayne","PM2.5","New Hanover",34.364167,-77.838611
2025-10-02,30,"Castle Hayne","PM2.5","New Hanover",34.364167,-77.838611
2025-10-03,27,"Castle Hayne","PM2.5","New Hanover",34.364167,-77.838611
2025-10-04,17,"Castle Hayne","PM2.5","New Hanover",34.364167,-77.838611
2025-10-05,9,"Castle Hayne","PM2.5","New Hanover",34.364167,-77.838611
2025-10-06,9,"Castle Hayne","PM2.5","New Hanover",34.364167,-77.838611
2025-10-07,4,"Castle Hayne","PM2.5","New Hanover",34.364167,-77.838611
2025-10-08,17,"Castle Hayne","PM2.5","New Hanover",34.364167,-77.838611
2025-10-09,29,"Castle Hayne","PM2.5","New Hanover",34.364167,-77.838611
2025-10-10,28,"Castle Hayne","PM2.5","New Hanover",34.364167,-77.838611
2025-10-11,9,"Castle Hayne","PM2.5","New Hanover",34.364167,-77.838611
2025-10-12,1,"Castle Hayne","PM2.5","New Hanover",34.364167,-77.838611
2025-10-13,17,"Castle Hayne","PM2.5","New Hanover",34.364167,-77.838611
2025-10-14,24,"Castle Hayne","PM2.5","New Hanover",34.364167,-77.838611
2025-10-15,26,"Castle Hayne","PM2.5","New Hanover",34.364167,-77.838611
2025-10-17,33,"Castle Hayne","PM2.5","New Hanover",34.364167,-77.838611
2025-10-18,44,"Castle Hayne","PM2.5","New Hanover",34.364167,-77.838611
2025-10-19,25,"Castle Hayne","PM2.5","New Hanover",34.364167,-77.838611
2025-10-20,26,"Castle Hayne","PM2.5","New Hanover",34.364167,-77.838611
2025-10-21,37,"Castle Hayne","PM2.5","New Hanover",34.364167,-77.838611
2025-10-22,44,"Castle Hayne","PM2.5","New Hanover",34.364167,-77.838611
2025-10-23,41,"Castle Hayne","PM2.5","New Hanover",34.364167,-77.838611
2025-10-24,37,"Castle Hayne","PM2.5","New Hanover",34.364167,-77.838611
2025-10-25,36,"Castle Hayne","PM2.5","New Hanover",34.364167,-77.838611
2025-10-26,32,"Castle Hayne","PM2.5","New Hanover",34.364167,-77.838611
2025-10-27,20,"Castle Hayne","PM2.5","New Hanover",34.364167,-77.838611
2025-10-28,13,"Castle Hayne","PM2.5","New Hanover",34.364167,-77.838611
2025-10-29,10,"Castle Hayne","PM2.5","New Hanover",34.364167,-77.838611
2025-10-30,22,"Castle Hayne","PM2.5","New Hanover",34.364167,-77.838611
2025-10-31,31,"Castle Hayne","PM2.5","New Hanover",34.364167,-77.838611
2025-11-01,41,"Castle Hayne","PM2.5","New Hanover",34.364167,-77.838611
2025-11-02,34,"Castle Hayne","PM2.5","New Hanover",34.364167,-77.838611
2025-11-03,27,"Castle Hayne","PM2.5","New Hanover",34.364167,-77.838611
2025-11-04,43,"Castle Hayne","PM2.5","New Hanover",34.364167,-77.838611
2025-11-05,42,"Castle Hayne","PM2.5","New Hanover",34.364167,-77.838611
2025-11-06,52,"Castle Hayne","PM2.5","New Hanover",34.364167,-77.838611
2025-11-07,29,"Castle Hayne","PM2.5","New Hanover",34.364167,-77.838611
2025-11-08,50,"Castle Hayne","PM2.5","New Hanover",34.364167,-77.838611
2025-11-09,38,"Castle Hayne","PM2.5","New Hanover",34.364167,-77.838611
2025-11-10,34,"Castle Hayne","PM2.5","New Hanover",34.364167,-77.838611
2025-11-11,35,"Castle Hayne","PM2.5","New Hanover",34.364167,-77.838611
2025-11-12,52,"Castle Hayne","PM2.5","New Hanover",34.364167,-77.838611
2025-11-13,54,"Castle Hayne","PM2.5","New Hanover",34.364167,-77.838611
2025-11-14,48,"Castle Hayne","PM2.5","New Hanover",34.364167,-77.838611
2025-11-15,55,"Castle Hayne","PM2.5","New Hanover",34.364167,-77.838611
2025-11-16,56,"Castle Hayne","PM2.5","New Hanover",34.364167,-77.838611
2025-11-17,33,"Castle Hayne","PM2.5","New Hanover",34.364167,-77.838611
2025-11-18,42,"Castle Hayne","PM2.5","New Hanover",34.364167,-77.838611
2025-11-19,44,"Castle Hayne","PM2.5","New Hanover",34.364167,-77.838611
2025-11-20,51,"Castle Hayne","PM2.5","New Hanover",34.364167,-77.838611
2025-11-21,53,"Castle Hayne","PM2.5","New Hanover",34.364167,-77.838611
2025-11-22,56,"Castle Hayne","PM2.5","New Hanover",34.364167,-77.838611
2025-11-23,52,"Castle Hayne","PM2.5","New Hanover",34.364167,-77.838611
2025-11-24,55,"Castle Hayne","PM2.5","New Hanover",34.364167,-77.838611
2025-11-25,23,"Castle Hayne","PM2.5","New Hanover",34.364167,-77.838611
2025-11-26,31,"Castle Hayne","PM2.5","New Hanover",34.364167,-77.838611
2025-11-27,31,"Castle Hayne","PM2.5","New Hanover",34.364167,-77.838611
2025-11-28,33,"Castle Hayne","PM2.5","New Hanover",34.364167,-77.838611
2025-11-29,39,"Castle Hayne","PM2.5","New Hanover",34.364167,-77.838611
2025-11-30,21,"Castle Hayne","PM2.5","New Hanover",34.364167,-77.838611
2025-12-01,40,"Castle Hayne","PM2.5","New Hanover",34.364167,-77.838611
2025-12-02,27,"Castle Hayne","PM2.5","New Hanover",34.364167,-77.838611
2025-12-03,48,"Castle Hayne","PM2.5","New Hanover",34.364167,-77.838611
2025-12-04,56,"Castle Hayne","PM2.5","New Hanover",34.364167,-77.838611
2025-12-05,41,"Castle Hayne","PM2.5","New Hanover",34.364167,-77.838611
2025-12-06,34,"Castle Hayne","PM2.5","New Hanover",34.364167,-77.838611
2025-12-07,60,"Castle Hayne","PM2.5","New Hanover",34.364167,-77.838611
2025-12-08,52,"Castle Hayne","PM2.5","New Hanover",34.364167,-77.838611
2025-12-09,32,"Castle Hayne","PM2.5","New Hanover",34.364167,-77.838611
2025-12-10,43,"Castle Hayne","PM2.5","New Hanover",34.364167,-77.838611
2025-12-11,34,"Castle Hayne","PM2.5","New Hanover",34.364167,-77.838611
2025-12-12,36,"Castle Hayne","PM2.5","New Hanover",34.364167,-77.838611
2025-12-13,44,"Castle Hayne","PM2.5","New Hanover",34.364167,-77.838611
2025-12-14,41,"Castle Hayne","PM2.5","New Hanover",34.364167,-77.838611
2025-12-15,36,"Castle Hayne","PM2.5","New Hanover",34.364167,-77.838611
2025-12-16,51,"Castle Hayne","PM2.5","New Hanover",34.364167,-77.838611
2025-12-17,55,"Castle Hayne","PM2.5","New Hanover",34.364167,-77.838611
2025-12-18,31,"Castle Hayne","PM2.5","New Hanover",34.364167,-77.838611
2025-12-19,21,"Castle Hayne","PM2.5","New Hanover",34.364167,-77.838611
2025-12-20,34,"Castle Hayne","PM2.5","New Hanover",34.364167,-77.838611
2025-12-21,42,"Castle Hayne","PM2.5","New Hanover",34.364167,-77.838611
2025-12-22,28,"Castle Hayne","PM2.5","New Hanover",34.364167,-77.838611
2025-12-23,39,"Castle Hayne","PM2.5","New Hanover",34.364167,-77.838611
2025-12-24,53,"Castle Hayne","PM2.5","New Hanover",34.364167,-77.838611
2025-12-25,38,"Castle Hayne","PM2.5","New Hanover",34.364167,-77.838611
2025-12-26,40,"Castle Hayne","PM2.5","New Hanover",34.364167,-77.838611
2025-12-27,52,"Castle Hayne","PM2.5","New Hanover",34.364167,-77.838611
2025-12-28,26,"Castle Hayne","PM2.5","New Hanover",34.364167,-77.838611
2025-12-29,27,"Castle Hayne","PM2.5","New Hanover",34.364167,-77.838611
2025-12-30,36,"Castle Hayne","PM2.5","New Hanover",34.364167,-77.838611
2025-12-31,41,"Castle Hayne","PM2.5","New Hanover",34.364167,-77.838611
2025-01-01,17,"Castle Hayne","PM2.5","New Hanover",34.364167,-77.838611
2025-01-02,20,"Castle Hayne","PM2.5","New Hanover",34.364167,-77.838611
2025-01-03,29,"Castle Hayne","PM2.5","New Hanover",34.364167,-77.838611
2025-01-04,21,"Castle Hayne","PM2.5","New Hanover",34.364167,-77.838611
2025-01-05,27,"Castle Hayne","PM2.5","New Hanover",34.364167,-77.838611
2025-01-06,28,"Castle Hayne","PM2.5","New Hanover",34.364167,-77.838611
2025-01-07,22,"Castle Hayne","PM2.5","New Hanover",34.364167,-77.838611
2025-01-08,29,"Castle Hayne","PM2.5","New Hanover",34.364167,-77.838611
2025-01-09,36,"Castle Hayne","PM2.5","New Hanover",34.364167,-77.838611
2025-01-10,55,"Castle Hayne","PM2.5","New Hanover",34.364167,-77.838611
2025-01-11,27,"Castle Hayne","PM2.5","New Hanover",34.364167,-77.838611
2025-01-12,32,"Castle Hayne","PM2.5","New Hanover",34.364167,-77.838611
2025-01-13,38,"Castle Hayne","PM2.5","New Hanover",34.364167,-77.838611
2025-01-14,41,"Castle Hayne","PM2.5","New Hanover",34.364167,-77.838611
2025-01-15,32,"Castle Hayne","PM2.5","New Hanover",34.364167,-77.838611
2025-01-16,53,"Castle Hayne","PM2.5","New Hanover",34.364167,-77.838611
2025-01-17,33,"Castle Hayne","PM2.5","New Hanover",34.364167,-77.838611
2025-01-18,32,"Castle Hayne","PM2.5","New Hanover",34.364167,-77.838611
2025-01-19,31,"Castle Hayne","PM2.5","New Hanover",34.364167,-77.838611
2025-01-20,21,"Castle Hayne","PM2.5","New Hanover",34.364167,-77.838611
2025-01-21,27,"Castle Hayne","PM2.5","New Hanover",34.364167,-77.838611
2025-01-22,31,"Castle Hayne","PM2.5","New Hanover",34.364167,-77.838611
2025-01-23,44,"Castle Hayne","PM2.5","New Hanover",34.364167,-77.838611
2025-01-24,50,"Castle Hayne","PM2.5","New Hanover",34.364167,-77.838611
2025-01-25,38,"Castle Hayne","PM2.5","New Hanover",34.364167,-77.838611
2025-01-26,29,"Castle Hayne","PM2.5","New Hanover",34.364167,-77.838611
2025-01-27,36,"Castle Hayne","PM2.5","New Hanover",34.364167,-77.838611
2025-01-28,29,"Castle Hayne","PM2.5","New Hanover",34.364167,-77.838611
2025-01-29,33,"Castle Hayne","PM2.5","New Hanover",34.364167,-77.838611
2025-01-30,26,"Castle Hayne","PM2.5","New Hanover",34.364167,-77.838611
2025-01-31,35,"Castle Hayne","PM2.5","New Hanover",34.364167,-77.838611
2025-02-01,26,"Castle Hayne","PM2.5","New Hanover",34.364167,-77.838611
2025-02-02,22,"Castle Hayne","PM2.5","New Hanover",34.364167,-77.838611
2025-02-08,46,"Castle Hayne","PM2.5","New Hanover",34.364167,-77.838611
2025-02-09,53,"Castle Hayne","PM2.5","New Hanover",34.364167,-77.838611
2025-02-10,23,"Castle Hayne","PM2.5","New Hanover",34.364167,-77.838611
2025-02-11,29,"Castle Hayne","PM2.5","New Hanover",34.364167,-77.838611
2025-02-12,16,"Castle Hayne","PM2.5","New Hanover",34.364167,-77.838611
2025-02-13,34,"Castle Hayne","PM2.5","New Hanover",34.364167,-77.838611
2025-02-14,24,"Castle Hayne","PM2.5","New Hanover",34.364167,-77.838611
2025-02-15,31,"Castle Hayne","PM2.5","New Hanover",34.364167,-77.838611
2025-02-16,31,"Castle Hayne","PM2.5","New Hanover",34.364167,-77.838611
2025-02-17,18,"Castle Hayne","PM2.5","New Hanover",34.364167,-77.838611
2025-02-18,24,"Castle Hayne","PM2.5","New Hanover",34.364167,-77.838611
2025-02-19,20,"Castle Hayne","PM2.5","New Hanover",34.364167,-77.838611
2025-02-20,42,"Castle Hayne","PM2.5","New Hanover",34.364167,-77.838611
2025-02-21,31,"Castle Hayne","PM2.5","New Hanover",34.364167,-77.838611
2025-02-22,54,"Castle Hayne","PM2.5","New Hanover",34.364167,-77.838611
2025-02-23,40,"Castle Hayne","PM2.5","New Hanover",34.364167,-77.838611
2025-02-24,60,"Castle Hayne","PM2.5","New Hanover",34.364167,-77.838611
2025-02-25,69,"Castle Hayne","PM2.5","New Hanover",34.364167,-77.838611
2025-02-26,79,"Castle Hayne","PM2.5","New Hanover",34.364167,-77.838611
2025-02-27,70,"Castle Hayne","PM2.5","New Hanover",34.364167,-77.838611
2025-02-28,19,"Castle Hayne","PM2.5","New Hanover",34.364167,-77.838611
2025-03-01,57,"Castle Hayne","PM2.5","New Hanover",34.364167,-77.838611
2025-03-02,17,"Castle Hayne","PM2.5","New Hanover",34.364167,-77.838611
2025-03-03,21,"Castle Hayne","PM2.5","New Hanover",34.364167,-77.838611
2025-03-04,22,"Castle Hayne","PM2.5","New Hanover",34.364167,-77.838611
2025-03-05,53,"Castle Hayne","PM2.5","New Hanover",34.364167,-77.838611
2025-03-06,17,"Castle Hayne","PM2.5","New Hanover",34.364167,-77.838611
2025-03-07,21,"Castle Hayne","PM2.5","New Hanover",34.364167,-77.838611
2025-03-08,54,"Castle Hayne","PM2.5","New Hanover",34.364167,-77.838611
2025-03-09,32,"Castle Hayne","PM2.5","New Hanover",34.364167,-77.838611
2025-03-10,34,"Castle Hayne","PM2.5","New Hanover",34.364167,-77.838611
2025-03-11,21,"Castle Hayne","PM2.5","New Hanover",34.364167,-77.838611
2025-03-12,49,"Castle Hayne","PM2.5","New Hanover",34.364167,-77.838611
2025-03-13,65,"Castle Hayne","PM2.5","New Hanover",34.364167,-77.838611
2025-03-14,56,"Castle Hayne","PM2.5","New Hanover",34.364167,-77.838611
2025-03-15,33,"Castle Hayne","PM2.5","New Hanover",34.364167,-77.838611
2025-03-16,52,"Castle Hayne","PM2.5","New Hanover",34.364167,-77.838611
2025-03-17,38,"Castle Hayne","PM2.5","New Hanover",34.364167,-77.838611
2025-03-18,16,"Castle Hayne","PM2.5","New Hanover",34.364167,-77.838611
2025-03-19,55,"Castle Hayne","PM2.5","New Hanover",34.364167,-77.838611
2025-03-20,53,"Castle Hayne","PM2.5","New Hanover",34.364167,-77.838611
2025-03-21,14,"Castle Hayne","PM2.5","New Hanover",34.364167,-77.838611
2025-03-22,53,"Castle Hayne","PM2.5","New Hanover",34.364167,-77.838611
2025-03-23,44,"Castle Hayne","PM2.5","New Hanover",34.364167,-77.838611
2025-03-24,54,"Castle Hayne","PM2.5","New Hanover",34.364167,-77.838611
2025-03-25,104,"Castle Hayne","PM2.5","New Hanover",34.364167,-77.838611
2025-03-26,84,"Castle Hayne","PM2.5","New Hanover",34.364167,-77.838611
2025-03-27,59,"Castle Hayne","PM2.5","New Hanover",34.364167,-77.838611
2025-03-28,23,"Castle Hayne","PM2.5","New Hanover",34.364167,-77.838611
2025-03-29,23,"Castle Hayne","PM2.5","New Hanover",34.364167,-77.838611
2025-03-30,26,"Castle Hayne","PM2.5","New Hanover",34.364167,-77.838611
2025-03-31,23,"Castle Hayne","PM2.5","New Hanover",34.364167,-77.838611
2025-04-01,30,"Castle Hayne","PM2.5","New Hanover",34.364167,-77.838611
2025-04-02,39,"Castle Hayne","PM2.5","New Hanover",34.364167,-77.838611
2025-04-03,45,"Castle Hayne","PM2.5","New Hanover",34.364167,-77.838611
2025-04-04,45,"Castle Hayne","PM2.5","New Hanover",34.364167,-77.838611
2025-04-05,32,"Castle Hayne","PM2.5","New Hanover",34.364167,-77.838611
2025-04-06,38,"Castle Hayne","PM2.5","New Hanover",34.364167,-77.838611
2025-04-07,41,"Castle Hayne","PM2.5","New Hanover",34.364167,-77.838611
2025-04-08,26,"Castle Hayne","PM2.5","New Hanover",34.364167,-77.838611
2025-04-09,55,"Castle Hayne","PM2.5","New Hanover",34.364167,-77.838611
2025-04-10,54,"Castle Hayne","PM2.5","New Hanover",34.364167,-77.838611
2025-04-11,29,"Castle Hayne","PM2.5","New Hanover",34.364167,-77.838611
2025-04-12,17,"Castle Hayne","PM2.5","New Hanover",34.364167,-77.838611
2025-04-13,30,"Castle Hayne","PM2.5","New Hanover",34.364167,-77.838611
2025-04-14,51,"Castle Hayne","PM2.5","New Hanover",34.364167,-77.838611
2025-04-15,60,"Castle Hayne","PM2.5","New Hanover",34.364167,-77.838611
2025-04-16,28,"Castle Hayne","PM2.5","New Hanover",34.364167,-77.838611
2025-04-17,51,"Castle Hayne","PM2.5","New Hanover",34.364167,-77.838611
2025-04-18,41,"Castle Hayne","PM2.5","New Hanover",34.364167,-77.838611
2025-04-19,23,"Castle Hayne","PM2.5","New Hanover",34.364167,-77.838611
2025-04-20,39,"Castle Hayne","PM2.5","New Hanover",34.364167,-77.838611
2025-04-21,48,"Castle Hayne","PM2.5","New Hanover",34.364167,-77.838611
2025-04-22,49,"Castle Hayne","PM2.5","New Hanover",34.364167,-77.838611
2025-04-23,52,"Castle Hayne","PM2.5","New Hanover",34.364167,-77.838611
2025-04-24,51,"Castle Hayne","PM2.5","New Hanover",34.364167,-77.838611
2025-04-25,42,"Castle Hayne","PM2.5","New Hanover",34.364167,-77.838611
2025-04-26,38,"Castle Hayne","PM2.5","New Hanover",34.364167,-77.838611
2025-04-27,32,"Castle Hayne","PM2.5","New Hanover",34.364167,-77.838611
2025-04-28,31,"Castle Hayne","PM2.5","New Hanover",34.364167,-77.838611
2025-04-29,53,"Castle Hayne","PM2.5","New Hanover",34.364167,-77.838611
2025-04-30,40,"Castle Hayne","PM2.5","New Hanover",34.364167,-77.838611
2025-05-01,28,"Castle Hayne","PM2.5","New Hanover",34.364167,-77.838611
2025-05-02,38,"Castle Hayne","PM2.5","New Hanover",34.364167,-77.838611
2025-05-03,36,"Castle Hayne","PM2.5","New Hanover",34.364167,-77.838611
2025-05-04,32,"Castle Hayne","PM2.5","New Hanover",34.364167,-77.838611
2025-05-05,26,"Castle Hayne","PM2.5","New Hanover",34.364167,-77.838611
2025-05-06,33,"Castle Hayne","PM2.5","New Hanover",34.364167,-77.838611
2025-05-07,44,"Castle Hayne","PM2.5","New Hanover",34.364167,-77.838611
2025-05-08,52,"Castle Hayne","PM2.5","New Hanover",34.364167,-77.838611
2025-05-09,27,"Castle Hayne","PM2.5","New Hanover",34.364167,-77.838611
2025-05-10,27,"Castle Hayne","PM2.5","New Hanover",34.364167,-77.838611
2025-05-11,22,"Castle Hayne","PM2.5","New Hanover",34.364167,-77.838611
2025-05-12,31,"Castle Hayne","PM2.5","New Hanover",34.364167,-77.838611
2025-05-13,28,"Castle Hayne","PM2.5","New Hanover",34.364167,-77.838611
2025-05-14,39,"Castle Hayne","PM2.5","New Hanover",34.364167,-77.838611
2025-05-15,43,"Castle Hayne","PM2.5","New Hanover",34.364167,-77.838611
2025-05-16,55,"Castle Hayne","PM2.5","New Hanover",34.364167,-77.838611
2025-05-17,54,"Castle Hayne","PM2.5","New Hanover",34.364167,-77.838611
2025-05-18,41,"Castle Hayne","PM2.5","New Hanover",34.364167,-77.838611
2025-05-19,41,"Castle Hayne","PM2.5","New Hanover",34.364167,-77.838611
2025-05-20,35,"Castle Hayne","PM2.5","New Hanover",34.364167,-77.838611
2025-05-21,49,"Castle Hayne","PM2.5","New Hanover",34.364167,-77.838611
2025-05-22,28,"Castle Hayne","PM2.5","New Hanover",34.364167,-77.838611
2025-05-23,23,"Castle Hayne","PM2.5","New Hanover",34.364167,-77.838611
2025-05-24,20,"Castle Hayne","PM2.5","New Hanover",34.364167,-77.838611
2025-05-25,31,"Castle Hayne","PM2.5","New Hanover",34.364167,-77.838611
2025-05-26,24,"Castle Hayne","PM2.5","New Hanover",34.364167,-77.838611
2025-05-27,25,"Castle Hayne","PM2.5","New Hanover",34.364167,-77.838611
2025-05-28,33,"Castle Hayne","PM2.5","New Hanover",34.364167,-77.838611
2025-05-29,37,"Castle Hayne","PM2.5","New Hanover",34.364167,-77.838611
2025-05-30,25,"Castle Hayne","PM2.5","New Hanover",34.364167,-77.838611
2025-05-31,43,"Castle Hayne","PM2.5","New Hanover",34.364167,-77.838611
2025-06-02,53,"Castle Hayne","PM2.5","New Hanover",34.364167,-77.838611
2025-06-03,45,"Castle Hayne","PM2.5","New Hanover",34.364167,-77.838611
2025-06-04,29,"Castle Hayne","PM2.5","New Hanover",34.364167,-77.838611
2025-06-05,34,"Castle Hayne","PM2.5","New Hanover",34.364167,-77.838611
2025-06-06,41,"Castle Hayne","PM2.5","New Hanover",34.364167,-77.838611
2025-06-07,53,"Castle Hayne","PM2.5","New Hanover",34.364167,-77.838611
2025-06-08,39,"Castle Hayne","PM2.5","New Hanover",34.364167,-77.838611
2025-06-09,40,"Castle Hayne","PM2.5","New Hanover",34.364167,-77.838611
2025-06-10,28,"Castle Hayne","PM2.5","New Hanover",34.364167,-77.838611
2025-06-11,32,"Castle Hayne","PM2.5","New Hanover",34.364167,-77.838611
2025-06-12,29,"Castle Hayne","PM2.5","New Hanover",34.364167,-77.838611
2025-06-13,47,"Castle Hayne","PM2.5","New Hanover",34.364167,-77.838611
2025-06-14,37,"Castle Hayne","PM2.5","New Hanover",34.364167,-77.838611
2025-06-15,31,"Castle Hayne","PM2.5","New Hanover",34.364167,-77.838611
2025-06-16,33,"Castle Hayne","PM2.5","New Hanover",34.364167,-77.838611
2025-06-17,33,"Castle Hayne","PM2.5","New Hanover",34.364167,-77.838611
2025-06-18,37,"Castle Hayne","PM2.5","New Hanover",34.364167,-77.838611
2025-06-19,36,"Castle Hayne","PM2.5","New Hanover",34.364167,-77.838611
2025-06-20,42,"Castle Hayne","PM2.5","New Hanover",34.364167,-77.838611
2025-06-21,31,"Castle Hayne","PM2.5","New Hanover",34.364167,-77.838611
2025-06-22,28,"Castle Hayne","PM2.5","New Hanover",34.364167,-77.838611
2025-06-23,41,"Castle Hayne","PM2.5","New Hanover",34.364167,-77.838611
2025-06-24,61,"Castle Hayne","PM2.5","New Hanover",34.364167,-77.838611
2025-06-25,64,"Castle Hayne","PM2.5","New Hanover",34.364167,-77.838611
2025-06-26,52,"Castle Hayne","PM2.5","New Hanover",34.364167,-77.838611
2025-06-27,36,"Castle Hayne","PM2.5","New Hanover",34.364167,-77.838611
2025-06-28,22,"Castle Hayne","PM2.5","New Hanover",34.364167,-77.838611
2025-06-29,36,"Castle Hayne","PM2.5","New Hanover",34.364167,-77.838611
2025-06-30,44,"Castle Hayne","PM2.5","New Hanover",34.364167,-77.838611
2025-07-01,42,"Castle Hayne","PM2.5","New Hanover",34.364167,-77.838611
2025-07-02,42,"Castle Hayne","PM2.5","New Hanover",34.364167,-77.838611
2025-07-03,46,"Castle Hayne","PM2.5","New Hanover",34.364167,-77.838611
2025-07-04,44,"Castle Hayne","PM2.5","New Hanover",34.364167,-77.838611
2025-07-05,45,"Castle Hayne","PM2.5","New Hanover",34.364167,-77.838611
2025-07-06,36,"Castle Hayne","PM2.5","New Hanover",34.364167,-77.838611
2025-07-07,34,"Castle Hayne","PM2.5","New Hanover",34.364167,-77.838611
2025-07-08,36,"Castle Hayne","PM2.5","New Hanover",34.364167,-77.838611
2025-07-09,34,"Castle Hayne","PM2.5","New Hanover",34.364167,-77.838611
2025-07-10,39,"Castle Hayne","PM2.5","New Hanover",34.364167,-77.838611
2025-07-11,33,"Castle Hayne","PM2.5","New Hanover",34.364167,-77.838611
2025-07-12,40,"Castle Hayne","PM2.5","New Hanover",34.364167,-77.838611
2025-07-13,39,"Castle Hayne","PM2.5","New Hanover",34.364167,-77.838611
2025-07-14,26,"Castle Hayne","PM2.5","New Hanover",34.364167,-77.838611
2025-07-15,29,"Castle Hayne","PM2.5","New Hanover",34.364167,-77.838611
2025-07-16,43,"Castle Hayne","PM2.5","New Hanover",34.364167,-77.838611
2025-07-17,37,"Castle Hayne","PM2.5","New Hanover",34.364167,-77.838611
2025-07-18,36,"Castle Hayne","PM2.5","New Hanover",34.364167,-77.838611
2025-07-19,36,"Castle Hayne","PM2.5","New Hanover",34.364167,-77.838611
2025-07-20,42,"Castle Hayne","PM2.5","New Hanover",34.364167,-77.838611
2025-07-21,51,"Castle Hayne","PM2.5","New Hanover",34.364167,-77.838611
2025-07-22,51,"Castle Hayne","PM2.5","New Hanover",34.364167,-77.838611
2025-07-23,43,"Castle Hayne","PM2.5","New Hanover",34.364167,-77.838611
2025-07-24,31,"Castle Hayne","PM2.5","New Hanover",34.364167,-77.838611
2025-07-25,36,"Castle Hayne","PM2.5","New Hanover",34.364167,-77.838611
2025-07-26,52,"Castle Hayne","PM2.5","New Hanover",34.364167,-77.838611
2025-07-27,51,"Castle Hayne","PM2.5","New Hanover",34.364167,-77.838611
2025-07-28,38,"Castle Hayne","PM2.5","New Hanover",34.364167,-77.838611
2025-07-29,32,"Castle Hayne","PM2.5","New Hanover",34.364167,-77.838611
2025-07-30,34,"Castle Hayne","PM2.5","New Hanover",34.364167,-77.838611
2025-07-31,40,"Castle Hayne","PM2.5","New Hanover",34.364167,-77.838611
2025-08-01,32,"Castle Hayne","PM2.5","New Hanover",34.364167,-77.838611
2025-08-02,33,"Castle Hayne","PM2.5","New Hanover",34.364167,-77.838611
2025-08-03,34,"Castle Hayne","PM2.5","New Hanover",34.364167,-77.838611
2025-08-04,32,"Castle Hayne","PM2.5","New Hanover",34.364167,-77.838611
2025-08-05,26,"Castle Hayne","PM2.5","New Hanover",34.364167,-77.838611
2025-08-06,22,"Castle Hayne","PM2.5","New Hanover",34.364167,-77.838611
2025-08-07,54,"Castle Hayne","PM2.5","New Hanover",34.364167,-77.838611
2025-08-08,65,"Castle Hayne","PM2.5","New Hanover",34.364167,-77.838611
2025-08-09,34,"Castle Hayne","PM2.5","New Hanover",34.364167,-77.838611
2025-08-10,21,"Castle Hayne","PM2.5","New Hanover",34.364167,-77.838611
2025-08-11,19,"Castle Hayne","PM2.5","New Hanover",34.364167,-77.838611
2025-08-12,21,"Castle Hayne","PM2.5","New Hanover",34.364167,-77.838611
2025-08-13,26,"Castle Hayne","PM2.5","New Hanover",34.364167,-77.838611
2025-08-14,23,"Castle Hayne","PM2.5","New Hanover",34.364167,-77.838611
2025-08-15,27,"Castle Hayne","PM2.5","New Hanover",34.364167,-77.838611
2025-08-16,32,"Castle Hayne","PM2.5","New Hanover",34.364167,-77.838611
2025-08-17,46,"Castle Hayne","PM2.5","New Hanover",34.364167,-77.838611
2025-08-18,46,"Castle Hayne","PM2.5","New Hanover",34.364167,-77.838611
2025-08-19,45,"Castle Hayne","PM2.5","New Hanover",34.364167,-77.838611
2025-08-20,29,"Castle Hayne","PM2.5","New Hanover",34.364167,-77.838611
2025-08-21,29,"Castle Hayne","PM2.5","New Hanover",34.364167,-77.838611
2025-08-22,21,"Castle Hayne","PM2.5","New Hanover",34.364167,-77.838611
2025-08-23,21,"Castle Hayne","PM2.5","New Hanover",34.364167,-77.838611
2025-08-24,23,"Castle Hayne","PM2.5","New Hanover",34.364167,-77.838611
2025-08-25,27,"Castle Hayne","PM2.5","New Hanover",34.364167,-77.838611
2025-08-26,34,"Castle Hayne","PM2.5","New Hanover",34.364167,-77.838611
2025-08-27,28,"Castle Hayne","PM2.5","New Hanover",34.364167,-77.838611
2025-08-28,26,"Castle Hayne","PM2.5","New Hanover",34.364167,-77.838611
2025-08-29,37,"Castle Hayne","PM2.5","New Hanover",34.364167,-77.838611
2025-08-30,39,"Castle Hayne","PM2.5","New Hanover",34.364167,-77.838611
2025-08-31,20,"Castle Hayne","PM2.5","New Hanover",34.364167,-77.838611
2025-09-01,20,"Castle Hayne","PM2.5","New Hanover",34.364167,-77.838611
2025-09-02,19,"Castle Hayne","PM2.5","New Hanover",34.364167,-77.838611
2025-09-03,26,"Castle Hayne","PM2.5","New Hanover",34.364167,-77.838611
2025-09-04,24,"Castle Hayne","PM2.5","New Hanover",34.364167,-77.838611
2025-09-05,20,"Castle Hayne","PM2.5","New Hanover",34.364167,-77.838611
2025-09-06,16,"Castle Hayne","PM2.5","New Hanover",34.364167,-77.838611
2025-09-07,28,"Castle Hayne","PM2.5","New Hanover",34.364167,-77.838611
2025-09-08,29,"Castle Hayne","PM2.5","New Hanover",34.364167,-77.838611
2025-09-19,46,"Castle Hayne","PM2.5","New Hanover",34.364167,-77.838611
2025-09-20,41,"Castle Hayne","PM2.5","New Hanover",34.364167,-77.838611
2025-09-21,51,"Castle Hayne","PM2.5","New Hanover",34.364167,-77.838611
2025-09-22,39,"Castle Hayne","PM2.5","New Hanover",34.364167,-77.838611
2025-09-23,25,"Castle Hayne","PM2.5","New Hanover",34.364167,-77.838611
2025-09-24,19,"Castle Hayne","PM2.5","New Hanover",34.364167,-77.838611
2025-09-25,24,"Castle Hayne","PM2.5","New Hanover",34.364167,-77.838611
2025-09-26,26,"Castle Hayne","PM2.5","New Hanover",34.364167,-77.838611
2025-09-27,31,"Castle Hayne","PM2.5","New Hanover",34.364167,-77.838611
2025-09-28,40,"Castle Hayne","PM2.5","New Hanover",34.364167,-77.838611
2025-09-29,28,"Castle Hayne","PM2.5","New Hanover",34.364167,-77.838611
2025-09-30,39,"Castle Hayne","PM2.5","New Hanover",34.364167,-77.838611
2025-10-01,52,"Castle Hayne","PM2.5","New Hanover",34.364167,-77.838611
2025-10-02,28,"Castle Hayne","PM2.5","New Hanover",34.364167,-77.838611
2025-10-03,28,"Castle Hayne","PM2.5","New Hanover",34.364167,-77.838611
2025-10-04,21,"Castle Hayne","PM2.5","New Hanover",34.364167,-77.838611
2025-10-05,21,"Castle Hayne","PM2.5","New Hanover",34.364167,-77.838611
2025-10-06,19,"Castle Hayne","PM2.5","New Hanover",34.364167,-77.838611
2025-10-07,20,"Castle Hayne","PM2.5","New Hanover",34.364167,-77.838611
2025-10-08,28,"Castle Hayne","PM2.5","New Hanover",34.364167,-77.838611
2025-10-09,26,"Castle Hayne","PM2.5","New Hanover",34.364167,-77.838611
2025-10-10,28,"Castle Hayne","PM2.5","New Hanover",34.364167,-77.838611
2025-10-11,22,"Castle Hayne","PM2.5","New Hanover",34.364167,-77.838611
2025-10-12,11,"Castle Hayne","PM2.5","New Hanover",34.364167,-77.838611
2025-10-13,27,"Castle Hayne","PM2.5","New Hanover",34.364167,-77.838611
2025-10-14,26,"Castle Hayne","PM2.5","New Hanover",34.364167,-77.838611
2025-10-15,32,"Castle Hayne","PM2.5","New Hanover",34.364167,-77.838611
2025-10-16,29,"Castle Hayne","PM2.5","New Hanover",34.364167,-77.838611
2025-10-17,21,"Castle Hayne","PM2.5","New Hanover",34.364167,-77.838611
2025-10-18,38,"Castle Hayne","PM2.5","New Hanover",34.364167,-77.838611
2025-10-19,29,"Castle Hayne","PM2.5","New Hanover",34.364167,-77.838611
2025-10-20,21,"Castle Hayne","PM2.5","New Hanover",34.364167,-77.838611
2025-10-21,34,"Castle Hayne","PM2.5","New Hanover",34.364167,-77.838611
2025-10-22,45,"Castle Hayne","PM2.5","New Hanover",34.364167,-77.838611
2025-10-23,32,"Castle Hayne","PM2.5","New Hanover",34.364167,-77.838611
2025-10-24,28,"Castle Hayne","PM2.5","New Hanover",34.364167,-77.838611
2025-10-25,26,"Castle Hayne","PM2.5","New Hanover",34.364167,-77.838611
2025-10-26,24,"Castle Hayne","PM2.5","New Hanover",34.364167,-77.838611
2025-10-27,17,"Castle Hayne","PM2.5","New Hanover",34.364167,-77.838611
2025-10-28,9,"Castle Hayne","PM2.5","New Hanover",34.364167,-77.838611
2025-10-29,17,"Castle Hayne","PM2.5","New Hanover",34.364167,-77.838611
2025-10-30,23,"Castle Hayne","PM2.5","New Hanover",34.364167,-77.838611
2025-10-31,24,"Castle Hayne","PM2.5","New Hanover",34.364167,-77.838611
2025-11-01,37,"Castle Hayne","PM2.5","New Hanover",34.364167,-77.838611
2025-11-02,36,"Castle Hayne","PM2.5","New Hanover",34.364167,-77.838611
2025-11-03,31,"Castle Hayne","PM2.5","New Hanover",34.364167,-77.838611
2025-11-04,39,"Castle Hayne","PM2.5","New Hanover",34.364167,-77.838611
2025-11-05,37,"Castle Hayne","PM2.5","New Hanover",34.364167,-77.838611
2025-11-06,55,"Castle Hayne","PM2.5","New Hanover",34.364167,-77.838611
2025-11-07,37,"Castle Hayne","PM2.5","New Hanover",34.364167,-77.838611
2025-11-08,57,"Castle Hayne","PM2.5","New Hanover",34.364167,-77.838611
2025-11-09,52,"Castle Hayne","PM2.5","New Hanover",34.364167,-77.838611
2025-11-10,26,"Castle Hayne","PM2.5","New Hanover",34.364167,-77.838611
2025-11-11,18,"Castle Hayne","PM2.5","New Hanover",34.364167,-77.838611
2025-11-12,39,"Castle Hayne","PM2.5","New Hanover",34.364167,-77.838611
2025-11-13,50,"Castle Hayne","PM2.5","New Hanover",34.364167,-77.838611
2025-11-14,37,"Castle Hayne","PM2.5","New Hanover",34.364167,-77.838611
2025-11-15,55,"Castle Hayne","PM2.5","New Hanover",34.364167,-77.838611
2025-11-16,61,"Castle Hayne","PM2.5","New Hanover",34.364167,-77.838611
2025-11-17,23,"Castle Hayne","PM2.5","New Hanover",34.364167,-77.838611
2025-11-18,30,"Castle Hayne","PM2.5","New Hanover",34.364167,-77.838611
2025-11-19,49,"Castle Hayne","PM2.5","New Hanover",34.364167,-77.838611
2025-11-20,55,"Castle Hayne","PM2.5","New Hanover",34.364167,-77.838611
2025-11-21,61,"Castle Hayne","PM2.5","New Hanover",34.364167,-77.838611
2025-11-22,62,"Castle Hayne","PM2.5","New Hanover",34.364167,-77.838611
2025-11-23,55,"Castle Hayne","PM2.5","New Hanover",34.364167,-77.838611
2025-11-24,54,"Castle Hayne","PM2.5","New Hanover",34.364167,-77.838611
2025-11-25,25,"Castle Hayne","PM2.5","New Hanover",34.364167,-77.838611
2025-11-26,41,"Castle Hayne","PM2.5","New Hanover",34.364167,-77.838611
2025-11-27,28,"Castle Hayne","PM2.5","New Hanover",34.364167,-77.838611
2025-11-28,24,"Castle Hayne","PM2.5","New Hanover",34.364167,-77.838611
2025-11-29,25,"Castle Hayne","PM2.5","New Hanover",34.364167,-77.838611
2025-11-30,18,"Castle Hayne","PM2.5","New Hanover",34.364167,-77.838611
2025-12-01,37,"Castle Hayne","PM2.5","New Hanover",34.364167,-77.838611
2025-12-02,30,"Castle Hayne","PM2.5","New Hanover",34.364167,-77.838611
2025-12-03,47,"Castle Hayne","PM2.5","New Hanover",34.364167,-77.838611
2025-12-04,57,"Castle Hayne","PM2.5","New Hanover",34.364167,-77.838611
2025-12-05,43,"Castle Hayne","PM2.5","New Hanover",34.364167,-77.838611
2025-12-06,39,"Castle Hayne","PM2.5","New Hanover",34.364167,-77.838611
2025-12-07,66,"Castle Hayne","PM2.5","New Hanover",34.364167,-77.838611
2025-12-08,53,"Castle Hayne","PM2.5","New Hanover",34.364167,-77.838611
2025-12-09,28,"Castle Hayne","PM2.5","New Hanover",34.364167,-77.838611
2025-12-10,42,"Castle Hayne","PM2.5","New Hanover",34.364167,-77.838611
2025-12-11,28,"Castle Hayne","PM2.5","New Hanover",34.364167,-77.838611
2025-12-12,27,"Castle Hayne","PM2.5","New Hanover",34.364167,-77.838611
2025-12-13,44,"Castle Hayne","PM2.5","New Hanover",34.364167,-77.838611
2025-12-14,27,"Castle Hayne","PM2.5","New Hanover",34.364167,-77.838611
2025-12-15,21,"Castle Hayne","PM2.5","New Hanover",34.364167,-77.838611
2025-12-16,38,"Castle Hayne","PM2.5","New Hanover",34.364167,-77.838611
2025-12-17,54,"Castle Hayne","PM2.5","New Hanover",34.364167,-77.838611
2025-12-18,37,"Castle Hayne","PM2.5","New Hanover",34.364167,-77.838611
2025-12-19,19,"Castle Hayne","PM2.5","New Hanover",34.364167,-77.838611
2025-12-20,24,"Castle Hayne","PM2.5","New Hanover",34.364167,-77.838611
2025-12-21,31,"Castle Hayne","PM2.5","New Hanover",34.364167,-77.838611
2025-12-22,18,"Castle Hayne","PM2.5","New Hanover",34.364167,-77.838611
2025-12-23,33,"Castle Hayne","PM2.5","New Hanover",34.364167,-77.838611
2025-12-24,53,"Castle Hayne","PM2.5","New Hanover",34.364167,-77.838611
2025-12-25,43,"Castle Hayne","PM2.5","New Hanover",34.364167,-77.838611
2025-12-26,43,"Castle Hayne","PM2.5","New Hanover",34.364167,-77.838611
2025-12-27,53,"Castle Hayne","PM2.5","New Hanover",34.364167,-77.838611
2025-12-28,29,"Castle Hayne","PM2.5","New Hanover",34.364167,-77.838611
2025-12-29,37,"Castle Hayne","PM2.5","New Hanover",34.364167,-77.838611
2025-12-30,24,"Castle Hayne","PM2.5","New Hanover",34.364167,-77.838611
2025-12-31,29,"Castle Hayne","PM2.5","New Hanover",34.364167,-77.838611
2025-01-01,1,"Northampton County","PM2.5","Northampton",36.5117080009026,-77.655389
2025-01-02,9,"Northampton County","PM2.5","Northampton",36.5117080009026,-77.655389
2025-01-03,9,"Northampton County","PM2.5","Northampton",36.5117080009026,-77.655389
2025-01-04,9,"Northampton County","PM2.5","Northampton",36.5117080009026,-77.655389
2025-01-05,0,"Northampton County","PM2.5","Northampton",36.5117080009026,-77.655389
2025-01-06,11,"Northampton County","PM2.5","Northampton",36.5117080009026,-77.655389
2025-01-07,11,"Northampton County","PM2.5","Northampton",36.5117080009026,-77.655389
2025-01-08,21,"Northampton County","PM2.5","Northampton",36.5117080009026,-77.655389
2025-01-09,18,"Northampton County","PM2.5","Northampton",36.5117080009026,-77.655389
2025-01-10,18,"Northampton County","PM2.5","Northampton",36.5117080009026,-77.655389
2025-01-11,29,"Northampton County","PM2.5","Northampton",36.5117080009026,-77.655389
2025-01-12,24,"Northampton County","PM2.5","Northampton",36.5117080009026,-77.655389
2025-01-13,49,"Northampton County","PM2.5","Northampton",36.5117080009026,-77.655389
2025-01-14,18,"Northampton County","PM2.5","Northampton",36.5117080009026,-77.655389
2025-01-15,23,"Northampton County","PM2.5","Northampton",36.5117080009026,-77.655389
2025-01-16,39,"Northampton County","PM2.5","Northampton",36.5117080009026,-77.655389
2025-01-17,27,"Northampton County","PM2.5","Northampton",36.5117080009026,-77.655389
2025-01-18,47,"Northampton County","PM2.5","Northampton",36.5117080009026,-77.655389
2025-01-19,53,"Northampton County","PM2.5","Northampton",36.5117080009026,-77.655389
2025-01-20,16,"Northampton County","PM2.5","Northampton",36.5117080009026,-77.655389
2025-01-21,22,"Northampton County","PM2.5","Northampton",36.5117080009026,-77.655389
2025-01-22,29,"Northampton County","PM2.5","Northampton",36.5117080009026,-77.655389
2025-01-23,44,"Northampton County","PM2.5","Northampton",36.5117080009026,-77.655389
2025-01-24,37,"Northampton County","PM2.5","Northampton",36.5117080009026,-77.655389
2025-01-25,25,"Northampton County","PM2.5","Northampton",36.5117080009026,-77.655389
2025-01-26,48,"Northampton County","PM2.5","Northampton",36.5117080009026,-77.655389
2025-01-27,43,"Northampton County","PM2.5","Northampton",36.5117080009026,-77.655389
2025-01-28,32,"Northampton County","PM2.5","Northampton",36.5117080009026,-77.655389
2025-01-29,21,"Northampton County","PM2.5","Northampton",36.5117080009026,-77.655389
2025-01-30,18,"Northampton County","PM2.5","Northampton",36.5117080009026,-77.655389
2025-01-31,51,"Northampton County","PM2.5","Northampton",36.5117080009026,-77.655389
2025-02-01,23,"Northampton County","PM2.5","Northampton",36.5117080009026,-77.655389
2025-02-02,14,"Northampton County","PM2.5","Northampton",36.5117080009026,-77.655389
2025-02-03,37,"Northampton County","PM2.5","Northampton",36.5117080009026,-77.655389
2025-02-04,51,"Northampton County","PM2.5","Northampton",36.5117080009026,-77.655389
2025-02-05,12,"Northampton County","PM2.5","Northampton",36.5117080009026,-77.655389
2025-02-06,43,"Northampton County","PM2.5","Northampton",36.5117080009026,-77.655389
2025-02-07,38,"Northampton County","PM2.5","Northampton",36.5117080009026,-77.655389
2025-02-08,27,"Northampton County","PM2.5","Northampton",36.5117080009026,-77.655389
2025-02-09,36,"Northampton County","PM2.5","Northampton",36.5117080009026,-77.655389
2025-02-10,28,"Northampton County","PM2.5","Northampton",36.5117080009026,-77.655389
2025-02-11,33,"Northampton County","PM2.5","Northampton",36.5117080009026,-77.655389
2025-02-12,14,"Northampton County","PM2.5","Northampton",36.5117080009026,-77.655389
2025-02-13,11,"Northampton County","PM2.5","Northampton",36.5117080009026,-77.655389
2025-02-14,18,"Northampton County","PM2.5","Northampton",36.5117080009026,-77.655389
2025-02-15,21,"Northampton County","PM2.5","Northampton",36.5117080009026,-77.655389
2025-02-16,8,"Northampton County","PM2.5","Northampton",36.5117080009026,-77.655389
2025-02-17,9,"Northampton County","PM2.5","Northampton",36.5117080009026,-77.655389
2025-02-18,13,"Northampton County","PM2.5","Northampton",36.5117080009026,-77.655389
2025-02-19,24,"Northampton County","PM2.5","Northampton",36.5117080009026,-77.655389
2025-02-20,28,"Northampton County","PM2.5","Northampton",36.5117080009026,-77.655389
2025-02-21,16,"Northampton County","PM2.5","Northampton",36.5117080009026,-77.655389
2025-02-22,27,"Northampton County","PM2.5","Northampton",36.5117080009026,-77.655389
2025-02-23,18,"Northampton County","PM2.5","Northampton",36.5117080009026,-77.655389
2025-02-24,55,"Northampton County","PM2.5","Northampton",36.5117080009026,-77.655389
2025-02-25,66,"Northampton County","PM2.5","Northampton",36.5117080009026,-77.655389
2025-02-26,59,"Northampton County","PM2.5","Northampton",36.5117080009026,-77.655389
2025-02-27,64,"Northampton County","PM2.5","Northampton",36.5117080009026,-77.655389
2025-02-28,18,"Northampton County","PM2.5","Northampton",36.5117080009026,-77.655389
2025-03-01,29,"Northampton County","PM2.5","Northampton",36.5117080009026,-77.655389
2025-03-02,11,"Northampton County","PM2.5","Northampton",36.5117080009026,-77.655389
2025-03-03,32,"Northampton County","PM2.5","Northampton",36.5117080009026,-77.655389
2025-03-04,38,"Northampton County","PM2.5","Northampton",36.5117080009026,-77.655389
2025-03-05,31,"Northampton County","PM2.5","Northampton",36.5117080009026,-77.655389
2025-03-06,8,"Northampton County","PM2.5","Northampton",36.5117080009026,-77.655389
2025-03-07,22,"Northampton County","PM2.5","Northampton",36.5117080009026,-77.655389
2025-03-08,36,"Northampton County","PM2.5","Northampton",36.5117080009026,-77.655389
2025-03-09,23,"Northampton County","PM2.5","Northampton",36.5117080009026,-77.655389
2025-03-10,41,"Northampton County","PM2.5","Northampton",36.5117080009026,-77.655389
2025-03-11,23,"Northampton County","PM2.5","Northampton",36.5117080009026,-77.655389
2025-03-12,53,"Northampton County","PM2.5","Northampton",36.5117080009026,-77.655389
2025-03-13,51,"Northampton County","PM2.5","Northampton",36.5117080009026,-77.655389
2025-03-14,45,"Northampton County","PM2.5","Northampton",36.5117080009026,-77.655389
2025-03-15,59,"Northampton County","PM2.5","Northampton",36.5117080009026,-77.655389
2025-03-16,32,"Northampton County","PM2.5","Northampton",36.5117080009026,-77.655389
2025-03-17,26,"Northampton County","PM2.5","Northampton",36.5117080009026,-77.655389
2025-03-18,13,"Northampton County","PM2.5","Northampton",36.5117080009026,-77.655389
2025-03-19,57,"Northampton County","PM2.5","Northampton",36.5117080009026,-77.655389
2025-03-20,56,"Northampton County","PM2.5","Northampton",36.5117080009026,-77.655389
2025-03-21,4,"Northampton County","PM2.5","Northampton",36.5117080009026,-77.655389
2025-03-22,32,"Northampton County","PM2.5","Northampton",36.5117080009026,-77.655389
2025-03-23,33,"Northampton County","PM2.5","Northampton",36.5117080009026,-77.655389
2025-03-24,53,"Northampton County","PM2.5","Northampton",36.5117080009026,-77.655389
2025-03-25,21,"Northampton County","PM2.5","Northampton",36.5117080009026,-77.655389
2025-03-26,14,"Northampton County","PM2.5","Northampton",36.5117080009026,-77.655389
2025-03-27,33,"Northampton County","PM2.5","Northampton",36.5117080009026,-77.655389
2025-03-28,53,"Northampton County","PM2.5","Northampton",36.5117080009026,-77.655389
2025-03-29,42,"Northampton County","PM2.5","Northampton",36.5117080009026,-77.655389
2025-03-30,26,"Northampton County","PM2.5","Northampton",36.5117080009026,-77.655389
2025-03-31,29,"Northampton County","PM2.5","Northampton",36.5117080009026,-77.655389
2025-04-01,12,"Northampton County","PM2.5","Northampton",36.5117080009026,-77.655389
2025-04-02,26,"Northampton County","PM2.5","Northampton",36.5117080009026,-77.655389
2025-04-03,51,"Northampton County","PM2.5","Northampton",36.5117080009026,-77.655389
2025-04-04,54,"Northampton County","PM2.5","Northampton",36.5117080009026,-77.655389
2025-04-05,54,"Northampton County","PM2.5","Northampton",36.5117080009026,-77.655389
2025-04-06,44,"Northampton County","PM2.5","Northampton",36.5117080009026,-77.655389
2025-04-07,23,"Northampton County","PM2.5","Northampton",36.5117080009026,-77.655389
2025-04-08,18,"Northampton County","PM2.5","Northampton",36.5117080009026,-77.655389
2025-04-09,19,"Northampton County","PM2.5","Northampton",36.5117080009026,-77.655389
2025-04-10,33,"Northampton County","PM2.5","Northampton",36.5117080009026,-77.655389
2025-04-11,21,"Northampton County","PM2.5","Northampton",36.5117080009026,-77.655389
2025-04-12,16,"Northampton County","PM2.5","Northampton",36.5117080009026,-77.655389
2025-04-13,26,"Northampton County","PM2.5","Northampton",36.5117080009026,-77.655389
2025-04-14,58,"Northampton County","PM2.5","Northampton",36.5117080009026,-77.655389
2025-04-15,34,"Northampton County","PM2.5","Northampton",36.5117080009026,-77.655389
2025-04-16,16,"Northampton County","PM2.5","Northampton",36.5117080009026,-77.655389
2025-04-17,27,"Northampton County","PM2.5","Northampton",36.5117080009026,-77.655389
2025-04-18,49,"Northampton County","PM2.5","Northampton",36.5117080009026,-77.655389
2025-04-19,48,"Northampton County","PM2.5","Northampton",36.5117080009026,-77.655389
2025-04-20,57,"Northampton County","PM2.5","Northampton",36.5117080009026,-77.655389
2025-04-21,54,"Northampton County","PM2.5","Northampton",36.5117080009026,-77.655389
2025-04-22,53,"Northampton County","PM2.5","Northampton",36.5117080009026,-77.655389
2025-04-23,51,"Northampton County","PM2.5","Northampton",36.5117080009026,-77.655389
2025-04-24,43,"Northampton County","PM2.5","Northampton",36.5117080009026,-77.655389
2025-04-25,50,"Northampton County","PM2.5","Northampton",36.5117080009026,-77.655389
2025-04-26,41,"Northampton County","PM2.5","Northampton",36.5117080009026,-77.655389
2025-04-27,12,"Northampton County","PM2.5","Northampton",36.5117080009026,-77.655389
2025-04-28,22,"Northampton County","PM2.5","Northampton",36.5117080009026,-77.655389
2025-04-29,54,"Northampton County","PM2.5","Northampton",36.5117080009026,-77.655389
2025-04-30,53,"Northampton County","PM2.5","Northampton",36.5117080009026,-77.655389
2025-05-01,57,"Northampton County","PM2.5","Northampton",36.5117080009026,-77.655389
2025-05-02,47,"Northampton County","PM2.5","Northampton",36.5117080009026,-77.655389
2025-05-03,47,"Northampton County","PM2.5","Northampton",36.5117080009026,-77.655389
2025-05-04,28,"Northampton County","PM2.5","Northampton",36.5117080009026,-77.655389
2025-05-05,32,"Northampton County","PM2.5","Northampton",36.5117080009026,-77.655389
2025-05-06,29,"Northampton County","PM2.5","Northampton",36.5117080009026,-77.655389
2025-05-07,34,"Northampton County","PM2.5","Northampton",36.5117080009026,-77.655389
2025-05-08,54,"Northampton County","PM2.5","Northampton",36.5117080009026,-77.655389
2025-05-09,39,"Northampton County","PM2.5","Northampton",36.5117080009026,-77.655389
2025-05-10,19,"Northampton County","PM2.5","Northampton",36.5117080009026,-77.655389
2025-05-11,31,"Northampton County","PM2.5","Northampton",36.5117080009026,-77.655389
2025-05-12,33,"Northampton County","PM2.5","Northampton",36.5117080009026,-77.655389
2025-05-13,21,"Northampton County","PM2.5","Northampton",36.5117080009026,-77.655389
2025-05-14,37,"Northampton County","PM2.5","Northampton",36.5117080009026,-77.655389
2025-05-15,52,"Northampton County","PM2.5","Northampton",36.5117080009026,-77.655389
2025-05-16,62,"Northampton County","PM2.5","Northampton",36.5117080009026,-77.655389
2025-05-17,34,"Northampton County","PM2.5","Northampton",36.5117080009026,-77.655389
2025-05-18,27,"Northampton County","PM2.5","Northampton",36.5117080009026,-77.655389
2025-05-19,22,"Northampton County","PM2.5","Northampton",36.5117080009026,-77.655389
2025-05-20,37,"Northampton County","PM2.5","Northampton",36.5117080009026,-77.655389
2025-05-21,24,"Northampton County","PM2.5","Northampton",36.5117080009026,-77.655389
2025-05-22,23,"Northampton County","PM2.5","Northampton",36.5117080009026,-77.655389
2025-05-23,12,"Northampton County","PM2.5","Northampton",36.5117080009026,-77.655389
2025-05-24,27,"Northampton County","PM2.5","Northampton",36.5117080009026,-77.655389
2025-05-25,26,"Northampton County","PM2.5","Northampton",36.5117080009026,-77.655389
2025-05-26,29,"Northampton County","PM2.5","Northampton",36.5117080009026,-77.655389
2025-05-27,24,"Northampton County","PM2.5","Northampton",36.5117080009026,-77.655389
2025-05-28,13,"Northampton County","PM2.5","Northampton",36.5117080009026,-77.655389
2025-05-29,36,"Northampton County","PM2.5","Northampton",36.5117080009026,-77.655389
2025-05-30,24,"Northampton County","PM2.5","Northampton",36.5117080009026,-77.655389
2025-05-31,46,"Northampton County","PM2.5","Northampton",36.5117080009026,-77.655389
2025-06-01,46,"Northampton County","PM2.5","Northampton",36.5117080009026,-77.655389
2025-06-02,32,"Northampton County","PM2.5","Northampton",36.5117080009026,-77.655389
2025-06-03,50,"Northampton County","PM2.5","Northampton",36.5117080009026,-77.655389
2025-06-04,52,"Northampton County","PM2.5","Northampton",36.5117080009026,-77.655389
2025-06-05,55,"Northampton County","PM2.5","Northampton",36.5117080009026,-77.655389
2025-06-06,48,"Northampton County","PM2.5","Northampton",36.5117080009026,-77.655389
2025-06-07,43,"Northampton County","PM2.5","Northampton",36.5117080009026,-77.655389
2025-06-08,53,"Northampton County","PM2.5","Northampton",36.5117080009026,-77.655389
2025-06-09,46,"Northampton County","PM2.5","Northampton",36.5117080009026,-77.655389
2025-06-10,39,"Northampton County","PM2.5","Northampton",36.5117080009026,-77.655389
2025-06-11,50,"Northampton County","PM2.5","Northampton",36.5117080009026,-77.655389
2025-06-12,57,"Northampton County","PM2.5","Northampton",36.5117080009026,-77.655389
2025-06-13,44,"Northampton County","PM2.5","Northampton",36.5117080009026,-77.655389
2025-06-14,32,"Northampton County","PM2.5","Northampton",36.5117080009026,-77.655389
2025-06-15,40,"Northampton County","PM2.5","Northampton",36.5117080009026,-77.655389
2025-06-16,31,"Northampton County","PM2.5","Northampton",36.5117080009026,-77.655389
2025-06-17,52,"Northampton County","PM2.5","Northampton",36.5117080009026,-77.655389
2025-06-18,41,"Northampton County","PM2.5","Northampton",36.5117080009026,-77.655389
2025-06-19,39,"Northampton County","PM2.5","Northampton",36.5117080009026,-77.655389
2025-06-20,39,"Northampton County","PM2.5","Northampton",36.5117080009026,-77.655389
2025-06-21,53,"Northampton County","PM2.5","Northampton",36.5117080009026,-77.655389
2025-06-22,59,"Northampton County","PM2.5","Northampton",36.5117080009026,-77.655389
2025-06-23,63,"Northampton County","PM2.5","Northampton",36.5117080009026,-77.655389
2025-06-24,71,"Northampton County","PM2.5","Northampton",36.5117080009026,-77.655389
2025-06-25,69,"Northampton County","PM2.5","Northampton",36.5117080009026,-77.655389
2025-06-26,62,"Northampton County","PM2.5","Northampton",36.5117080009026,-77.655389
2025-06-27,69,"Northampton County","PM2.5","Northampton",36.5117080009026,-77.655389
2025-06-28,60,"Northampton County","PM2.5","Northampton",36.5117080009026,-77.655389
2025-06-29,55,"Northampton County","PM2.5","Northampton",36.5117080009026,-77.655389
2025-06-30,55,"Northampton County","PM2.5","Northampton",36.5117080009026,-77.655389
2025-07-01,46,"Northampton County","PM2.5","Northampton",36.5117080009026,-77.655389
2025-07-02,29,"Northampton County","PM2.5","Northampton",36.5117080009026,-77.655389
2025-07-03,39,"Northampton County","PM2.5","Northampton",36.5117080009026,-77.655389
2025-07-04,56,"Northampton County","PM2.5","Northampton",36.5117080009026,-77.655389
2025-07-05,58,"Northampton County","PM2.5","Northampton",36.5117080009026,-77.655389
2025-07-06,40,"Northampton County","PM2.5","Northampton",36.5117080009026,-77.655389
2025-07-07,39,"Northampton County","PM2.5","Northampton",36.5117080009026,-77.655389
2025-07-08,59,"Northampton County","PM2.5","Northampton",36.5117080009026,-77.655389
2025-07-09,44,"Northampton County","PM2.5","Northampton",36.5117080009026,-77.655389
2025-07-10,29,"Northampton County","PM2.5","Northampton",36.5117080009026,-77.655389
2025-07-11,38,"Northampton County","PM2.5","Northampton",36.5117080009026,-77.655389
2025-07-12,52,"Northampton County","PM2.5","Northampton",36.5117080009026,-77.655389
2025-07-13,54,"Northampton County","PM2.5","Northampton",36.5117080009026,-77.655389
2025-07-14,54,"Northampton County","PM2.5","Northampton",36.5117080009026,-77.655389
2025-07-15,28,"Northampton County","PM2.5","Northampton",36.5117080009026,-77.655389
2025-07-16,42,"Northampton County","PM2.5","Northampton",36.5117080009026,-77.655389
2025-07-17,50,"Northampton County","PM2.5","Northampton",36.5117080009026,-77.655389
2025-07-18,47,"Northampton County","PM2.5","Northampton",36.5117080009026,-77.655389
2025-07-19,52,"Northampton County","PM2.5","Northampton",36.5117080009026,-77.655389
2025-07-20,45,"Northampton County","PM2.5","Northampton",36.5117080009026,-77.655389
2025-07-21,53,"Northampton County","PM2.5","Northampton",36.5117080009026,-77.655389
2025-07-22,53,"Northampton County","PM2.5","Northampton",36.5117080009026,-77.655389
2025-07-23,55,"Northampton County","PM2.5","Northampton",36.5117080009026,-77.655389
2025-07-24,50,"Northampton County","PM2.5","Northampton",36.5117080009026,-77.655389
2025-07-25,56,"Northampton County","PM2.5","Northampton",36.5117080009026,-77.655389
2025-07-26,59,"Northampton County","PM2.5","Northampton",36.5117080009026,-77.655389
2025-07-27,56,"Northampton County","PM2.5","Northampton",36.5117080009026,-77.655389
2025-07-28,37,"Northampton County","PM2.5","Northampton",36.5117080009026,-77.655389
2025-07-29,53,"Northampton County","PM2.5","Northampton",36.5117080009026,-77.655389
2025-07-30,52,"Northampton County","PM2.5","Northampton",36.5117080009026,-77.655389
2025-07-31,42,"Northampton County","PM2.5","Northampton",36.5117080009026,-77.655389
2025-08-01,44,"Northampton County","PM2.5","Northampton",36.5117080009026,-77.655389
2025-08-02,30,"Northampton County","PM2.5","Northampton",36.5117080009026,-77.655389
2025-08-03,33,"Northampton County","PM2.5","Northampton",36.5117080009026,-77.655389
2025-08-04,38,"Northampton County","PM2.5","Northampton",36.5117080009026,-77.655389
2025-08-05,50,"Northampton County","PM2.5","Northampton",36.5117080009026,-77.655389
2025-08-06,45,"Northampton County","PM2.5","Northampton",36.5117080009026,-77.655389
2025-08-07,79,"Northampton County","PM2.5","Northampton",36.5117080009026,-77.655389
2025-08-08,61,"Northampton County","PM2.5","Northampton",36.5117080009026,-77.655389
2025-08-09,29,"Northampton County","PM2.5","Northampton",36.5117080009026,-77.655389
2025-08-10,32,"Northampton County","PM2.5","Northampton",36.5117080009026,-77.655389
2025-08-11,28,"Northampton County","PM2.5","Northampton",36.5117080009026,-77.655389
2025-08-12,28,"Northampton County","PM2.5","Northampton",36.5117080009026,-77.655389
2025-08-13,39,"Northampton County","PM2.5","Northampton",36.5117080009026,-77.655389
2025-08-14,33,"Northampton County","PM2.5","Northampton",36.5117080009026,-77.655389
2025-08-15,42,"Northampton County","PM2.5","Northampton",36.5117080009026,-77.655389
2025-08-16,41,"Northampton County","PM2.5","Northampton",36.5117080009026,-77.655389
2025-08-17,49,"Northampton County","PM2.5","Northampton",36.5117080009026,-77.655389
2025-08-18,52,"Northampton County","PM2.5","Northampton",36.5117080009026,-77.655389
2025-08-19,19,"Northampton County","PM2.5","Northampton",36.5117080009026,-77.655389
2025-08-20,26,"Northampton County","PM2.5","Northampton",36.5117080009026,-77.655389
2025-08-21,29,"Northampton County","PM2.5","Northampton",36.5117080009026,-77.655389
2025-08-22,23,"Northampton County","PM2.5","Northampton",36.5117080009026,-77.655389
2025-08-23,30,"Northampton County","PM2.5","Northampton",36.5117080009026,-77.655389
2025-08-24,35,"Northampton County","PM2.5","Northampton",36.5117080009026,-77.655389
2025-08-25,40,"Northampton County","PM2.5","Northampton",36.5117080009026,-77.655389
2025-08-26,29,"Northampton County","PM2.5","Northampton",36.5117080009026,-77.655389
2025-08-27,23,"Northampton County","PM2.5","Northampton",36.5117080009026,-77.655389
2025-08-28,39,"Northampton County","PM2.5","Northampton",36.5117080009026,-77.655389
2025-08-29,46,"Northampton County","PM2.5","Northampton",36.5117080009026,-77.655389
2025-08-30,31,"Northampton County","PM2.5","Northampton",36.5117080009026,-77.655389
2025-08-31,33,"Northampton County","PM2.5","Northampton",36.5117080009026,-77.655389
2025-09-01,19,"Northampton County","PM2.5","Northampton",36.5117080009026,-77.655389
2025-09-02,21,"Northampton County","PM2.5","Northampton",36.5117080009026,-77.655389
2025-09-03,26,"Northampton County","PM2.5","Northampton",36.5117080009026,-77.655389
2025-09-04,52,"Northampton County","PM2.5","Northampton",36.5117080009026,-77.655389
2025-09-05,52,"Northampton County","PM2.5","Northampton",36.5117080009026,-77.655389
2025-09-06,58,"Northampton County","PM2.5","Northampton",36.5117080009026,-77.655389
2025-09-07,47,"Northampton County","PM2.5","Northampton",36.5117080009026,-77.655389
2025-09-08,30,"Northampton County","PM2.5","Northampton",36.5117080009026,-77.655389
2025-09-09,31,"Northampton County","PM2.5","Northampton",36.5117080009026,-77.655389
2025-09-10,18,"Northampton County","PM2.5","Northampton",36.5117080009026,-77.655389
2025-09-11,20,"Northampton County","PM2.5","Northampton",36.5117080009026,-77.655389
2025-09-12,32,"Northampton County","PM2.5","Northampton",36.5117080009026,-77.655389
2025-09-13,32,"Northampton County","PM2.5","Northampton",36.5117080009026,-77.655389
2025-09-14,43,"Northampton County","PM2.5","Northampton",36.5117080009026,-77.655389
2025-09-15,43,"Northampton County","PM2.5","Northampton",36.5117080009026,-77.655389
2025-09-16,28,"Northampton County","PM2.5","Northampton",36.5117080009026,-77.655389
2025-09-17,17,"Northampton County","PM2.5","Northampton",36.5117080009026,-77.655389
2025-09-18,23,"Northampton County","PM2.5","Northampton",36.5117080009026,-77.655389
2025-09-19,43,"Northampton County","PM2.5","Northampton",36.5117080009026,-77.655389
2025-09-20,57,"Northampton County","PM2.5","Northampton",36.5117080009026,-77.655389
2025-09-21,52,"Northampton County","PM2.5","Northampton",36.5117080009026,-77.655389
2025-09-22,29,"Northampton County","PM2.5","Northampton",36.5117080009026,-77.655389
2025-09-23,53,"Northampton County","PM2.5","Northampton",36.5117080009026,-77.655389
2025-09-24,46,"Northampton County","PM2.5","Northampton",36.5117080009026,-77.655389
2025-09-25,43,"Northampton County","PM2.5","Northampton",36.5117080009026,-77.655389
2025-09-26,53,"Northampton County","PM2.5","Northampton",36.5117080009026,-77.655389
2025-09-27,38,"Northampton County","PM2.5","Northampton",36.5117080009026,-77.655389
2025-09-28,26,"Northampton County","PM2.5","Northampton",36.5117080009026,-77.655389
2025-09-29,41,"Northampton County","PM2.5","Northampton",36.5117080009026,-77.655389
2025-09-30,52,"Northampton County","PM2.5","Northampton",36.5117080009026,-77.655389
2025-10-01,43,"Northampton County","PM2.5","Northampton",36.5117080009026,-77.655389
2025-10-02,20,"Northampton County","PM2.5","Northampton",36.5117080009026,-77.655389
2025-10-03,19,"Northampton County","PM2.5","Northampton",36.5117080009026,-77.655389
2025-10-04,29,"Northampton County","PM2.5","Northampton",36.5117080009026,-77.655389
2025-10-05,28,"Northampton County","PM2.5","Northampton",36.5117080009026,-77.655389
2025-10-06,26,"Northampton County","PM2.5","Northampton",36.5117080009026,-77.655389
2025-10-07,39,"Northampton County","PM2.5","Northampton",36.5117080009026,-77.655389
2025-10-08,20,"Northampton County","PM2.5","Northampton",36.5117080009026,-77.655389
2025-10-19,5,"Northampton County","PM2.5","Northampton",36.5117080009026,-77.655389
2025-10-22,22,"Northampton County","PM2.5","Northampton",36.5117080009026,-77.655389
2025-10-23,11,"Northampton County","PM2.5","Northampton",36.5117080009026,-77.655389
2025-10-24,18,"Northampton County","PM2.5","Northampton",36.5117080009026,-77.655389
2025-10-25,11,"Northampton County","PM2.5","Northampton",36.5117080009026,-77.655389
2025-10-26,14,"Northampton County","PM2.5","Northampton",36.5117080009026,-77.655389
2025-10-27,19,"Northampton County","PM2.5","Northampton",36.5117080009026,-77.655389
2025-10-28,12,"Northampton County","PM2.5","Northampton",36.5117080009026,-77.655389
2025-10-29,4,"Northampton County","PM2.5","Northampton",36.5117080009026,-77.655389
2025-10-30,12,"Northampton County","PM2.5","Northampton",36.5117080009026,-77.655389
2025-10-31,11,"Northampton County","PM2.5","Northampton",36.5117080009026,-77.655389
2025-11-01,29,"Northampton County","PM2.5","Northampton",36.5117080009026,-77.655389
2025-11-02,41,"Northampton County","PM2.5","Northampton",36.5117080009026,-77.655389
2025-11-03,28,"Northampton County","PM2.5","Northampton",36.5117080009026,-77.655389
2025-11-04,19,"Northampton County","PM2.5","Northampton",36.5117080009026,-77.655389
2025-11-05,48,"Northampton County","PM2.5","Northampton",36.5117080009026,-77.655389
2025-11-06,42,"Northampton County","PM2.5","Northampton",36.5117080009026,-77.655389
2025-11-07,51,"Northampton County","PM2.5","Northampton",36.5117080009026,-77.655389
2025-11-08,51,"Northampton County","PM2.5","Northampton",36.5117080009026,-77.655389
2025-11-09,57,"Northampton County","PM2.5","Northampton",36.5117080009026,-77.655389
2025-11-10,3,"Northampton County","PM2.5","Northampton",36.5117080009026,-77.655389
2025-11-11,6,"Northampton County","PM2.5","Northampton",36.5117080009026,-77.655389
2025-11-12,33,"Northampton County","PM2.5","Northampton",36.5117080009026,-77.655389
2025-11-13,24,"Northampton County","PM2.5","Northampton",36.5117080009026,-77.655389
2025-11-14,22,"Northampton County","PM2.5","Northampton",36.5117080009026,-77.655389
2025-11-15,50,"Northampton County","PM2.5","Northampton",36.5117080009026,-77.655389
2025-11-16,32,"Northampton County","PM2.5","Northampton",36.5117080009026,-77.655389
2025-11-17,7,"Northampton County","PM2.5","Northampton",36.5117080009026,-77.655389
2025-11-18,39,"Northampton County","PM2.5","Northampton",36.5117080009026,-77.655389
2025-11-19,51,"Northampton County","PM2.5","Northampton",36.5117080009026,-77.655389
2025-11-20,46,"Northampton County","PM2.5","Northampton",36.5117080009026,-77.655389
2025-11-21,63,"Northampton County","PM2.5","Northampton",36.5117080009026,-77.655389
2025-11-22,61,"Northampton County","PM2.5","Northampton",36.5117080009026,-77.655389
2025-11-23,24,"Northampton County","PM2.5","Northampton",36.5117080009026,-77.655389
2025-11-24,28,"Northampton County","PM2.5","Northampton",36.5117080009026,-77.655389
2025-11-25,38,"Northampton County","PM2.5","Northampton",36.5117080009026,-77.655389
2025-11-26,28,"Northampton County","PM2.5","Northampton",36.5117080009026,-77.655389
2025-11-27,6,"Northampton County","PM2.5","Northampton",36.5117080009026,-77.655389
2025-11-28,9,"Northampton County","PM2.5","Northampton",36.5117080009026,-77.655389
2025-11-29,12,"Northampton County","PM2.5","Northampton",36.5117080009026,-77.655389
2025-11-30,29,"Northampton County","PM2.5","Northampton",36.5117080009026,-77.655389
2025-12-01,19,"Northampton County","PM2.5","Northampton",36.5117080009026,-77.655389
2025-12-02,14,"Northampton County","PM2.5","Northampton",36.5117080009026,-77.655389
2025-12-03,23,"Northampton County","PM2.5","Northampton",36.5117080009026,-77.655389
2025-12-04,43,"Northampton County","PM2.5","Northampton",36.5117080009026,-77.655389
2025-12-05,18,"Northampton County","PM2.5","Northampton",36.5117080009026,-77.655389
2025-12-06,26,"Northampton County","PM2.5","Northampton",36.5117080009026,-77.655389
2025-12-07,49,"Northampton County","PM2.5","Northampton",36.5117080009026,-77.655389
2025-12-08,36,"Northampton County","PM2.5","Northampton",36.5117080009026,-77.655389
2025-12-09,15,"Northampton County","PM2.5","Northampton",36.5117080009026,-77.655389
2025-12-10,32,"Northampton County","PM2.5","Northampton",36.5117080009026,-77.655389
2025-12-11,6,"Northampton County","PM2.5","Northampton",36.5117080009026,-77.655389
2025-12-12,24,"Northampton County","PM2.5","Northampton",36.5117080009026,-77.655389
2025-12-13,41,"Northampton County","PM2.5","Northampton",36.5117080009026,-77.655389
2025-12-14,47,"Northampton County","PM2.5","Northampton",36.5117080009026,-77.655389
2025-12-15,8,"Northampton County","PM2.5","Northampton",36.5117080009026,-77.655389
2025-12-16,33,"Northampton County","PM2.5","Northampton",36.5117080009026,-77.655389
2025-12-17,57,"Northampton County","PM2.5","Northampton",36.5117080009026,-77.655389
2025-12-18,57,"Northampton County","PM2.5","Northampton",36.5117080009026,-77.655389
2025-12-19,0,"Northampton County","PM2.5","Northampton",36.5117080009026,-77.655389
2025-12-20,19,"Northampton County","PM2.5","Northampton",36.5117080009026,-77.655389
2025-12-21,19,"Northampton County","PM2.5","Northampton",36.5117080009026,-77.655389
2025-12-22,17,"Northampton County","PM2.5","Northampton",36.5117080009026,-77.655389
2025-12-23,32,"Northampton County","PM2.5","Northampton",36.5117080009026,-77.655389
2025-12-24,22,"Northampton County","PM2.5","Northampton",36.5117080009026,-77.655389
2025-12-25,41,"Northampton County","PM2.5","Northampton",36.5117080009026,-77.655389
2025-12-26,21,"Northampton County","PM2.5","Northampton",36.5117080009026,-77.655389
2025-12-27,23,"Northampton County","PM2.5","Northampton",36.5117080009026,-77.655389
2025-12-28,19,"Northampton County","PM2.5","Northampton",36.5117080009026,-77.655389
2025-12-29,19,"Northampton County","PM2.5","Northampton",36.5117080009026,-77.655389
2025-12-30,3,"Northampton County","PM2.5","Northampton",36.5117080009026,-77.655389
2025-12-31,1,"Northampton County","PM2.5","Northampton",36.5117080009026,-77.655389
2025-01-01,0,"Pitt Agri. Center","PM2.5","Pitt",35.6412760008938,-77.360126
2025-01-02,9,"Pitt Agri. Center","PM2.5","Pitt",35.6412760008938,-77.360126
2025-01-03,15,"Pitt Agri. Center","PM2.5","Pitt",35.6412760008938,-77.360126
2025-01-04,8,"Pitt Agri. Center","PM2.5","Pitt",35.6412760008938,-77.360126
2025-01-05,9,"Pitt Agri. Center","PM2.5","Pitt",35.6412760008938,-77.360126
2025-01-06,10,"Pitt Agri. Center","PM2.5","Pitt",35.6412760008938,-77.360126
2025-01-07,14,"Pitt Agri. Center","PM2.5","Pitt",35.6412760008938,-77.360126
2025-01-08,22,"Pitt Agri. Center","PM2.5","Pitt",35.6412760008938,-77.360126
2025-01-09,26,"Pitt Agri. Center","PM2.5","Pitt",35.6412760008938,-77.360126
2025-01-10,31,"Pitt Agri. Center","PM2.5","Pitt",35.6412760008938,-77.360126
2025-01-11,18,"Pitt Agri. Center","PM2.5","Pitt",35.6412760008938,-77.360126
2025-01-12,28,"Pitt Agri. Center","PM2.5","Pitt",35.6412760008938,-77.360126
2025-01-13,43,"Pitt Agri. Center","PM2.5","Pitt",35.6412760008938,-77.360126
2025-01-14,25,"Pitt Agri. Center","PM2.5","Pitt",35.6412760008938,-77.360126
2025-01-15,17,"Pitt Agri. Center","PM2.5","Pitt",35.6412760008938,-77.360126
2025-01-16,44,"Pitt Agri. Center","PM2.5","Pitt",35.6412760008938,-77.360126
2025-01-17,22,"Pitt Agri. Center","PM2.5","Pitt",35.6412760008938,-77.360126
2025-01-18,35,"Pitt Agri. Center","PM2.5","Pitt",35.6412760008938,-77.360126
2025-01-19,21,"Pitt Agri. Center","PM2.5","Pitt",35.6412760008938,-77.360126
2025-01-20,13,"Pitt Agri. Center","PM2.5","Pitt",35.6412760008938,-77.360126
2025-01-21,21,"Pitt Agri. Center","PM2.5","Pitt",35.6412760008938,-77.360126
2025-01-22,26,"Pitt Agri. Center","PM2.5","Pitt",35.6412760008938,-77.360126
2025-01-23,48,"Pitt Agri. Center","PM2.5","Pitt",35.6412760008938,-77.360126
2025-01-24,53,"Pitt Agri. Center","PM2.5","Pitt",35.6412760008938,-77.360126
2025-01-25,41,"Pitt Agri. Center","PM2.5","Pitt",35.6412760008938,-77.360126
2025-01-26,47,"Pitt Agri. Center","PM2.5","Pitt",35.6412760008938,-77.360126
2025-01-27,42,"Pitt Agri. Center","PM2.5","Pitt",35.6412760008938,-77.360126
2025-01-28,21,"Pitt Agri. Center","PM2.5","Pitt",35.6412760008938,-77.360126
2025-01-29,26,"Pitt Agri. Center","PM2.5","Pitt",35.6412760008938,-77.360126
2025-01-30,21,"Pitt Agri. Center","PM2.5","Pitt",35.6412760008938,-77.360126
2025-01-31,36,"Pitt Agri. Center","PM2.5","Pitt",35.6412760008938,-77.360126
2025-02-01,10,"Pitt Agri. Center","PM2.5","Pitt",35.6412760008938,-77.360126
2025-02-02,12,"Pitt Agri. Center","PM2.5","Pitt",35.6412760008938,-77.360126
2025-02-03,29,"Pitt Agri. Center","PM2.5","Pitt",35.6412760008938,-77.360126
2025-02-04,46,"Pitt Agri. Center","PM2.5","Pitt",35.6412760008938,-77.360126
2025-02-05,12,"Pitt Agri. Center","PM2.5","Pitt",35.6412760008938,-77.360126
2025-02-06,47,"Pitt Agri. Center","PM2.5","Pitt",35.6412760008938,-77.360126
2025-02-07,36,"Pitt Agri. Center","PM2.5","Pitt",35.6412760008938,-77.360126
2025-02-08,21,"Pitt Agri. Center","PM2.5","Pitt",35.6412760008938,-77.360126
2025-02-09,43,"Pitt Agri. Center","PM2.5","Pitt",35.6412760008938,-77.360126
2025-02-10,16,"Pitt Agri. Center","PM2.5","Pitt",35.6412760008938,-77.360126
2025-02-11,27,"Pitt Agri. Center","PM2.5","Pitt",35.6412760008938,-77.360126
2025-02-12,6,"Pitt Agri. Center","PM2.5","Pitt",35.6412760008938,-77.360126
2025-02-13,14,"Pitt Agri. Center","PM2.5","Pitt",35.6412760008938,-77.360126
2025-02-14,18,"Pitt Agri. Center","PM2.5","Pitt",35.6412760008938,-77.360126
2025-02-15,17,"Pitt Agri. Center","PM2.5","Pitt",35.6412760008938,-77.360126
2025-02-16,9,"Pitt Agri. Center","PM2.5","Pitt",35.6412760008938,-77.360126
2025-02-17,11,"Pitt Agri. Center","PM2.5","Pitt",35.6412760008938,-77.360126
2025-02-18,16,"Pitt Agri. Center","PM2.5","Pitt",35.6412760008938,-77.360126
2025-02-19,18,"Pitt Agri. Center","PM2.5","Pitt",35.6412760008938,-77.360126
2025-02-20,22,"Pitt Agri. Center","PM2.5","Pitt",35.6412760008938,-77.360126
2025-02-21,19,"Pitt Agri. Center","PM2.5","Pitt",35.6412760008938,-77.360126
2025-02-22,32,"Pitt Agri. Center","PM2.5","Pitt",35.6412760008938,-77.360126
2025-02-23,42,"Pitt Agri. Center","PM2.5","Pitt",35.6412760008938,-77.360126
2025-02-24,38,"Pitt Agri. Center","PM2.5","Pitt",35.6412760008938,-77.360126
2025-02-25,58,"Pitt Agri. Center","PM2.5","Pitt",35.6412760008938,-77.360126
2025-02-26,51,"Pitt Agri. Center","PM2.5","Pitt",35.6412760008938,-77.360126
2025-02-27,61,"Pitt Agri. Center","PM2.5","Pitt",35.6412760008938,-77.360126
2025-02-28,17,"Pitt Agri. Center","PM2.5","Pitt",35.6412760008938,-77.360126
2025-03-01,35,"Pitt Agri. Center","PM2.5","Pitt",35.6412760008938,-77.360126
2025-03-02,12,"Pitt Agri. Center","PM2.5","Pitt",35.6412760008938,-77.360126
2025-03-03,17,"Pitt Agri. Center","PM2.5","Pitt",35.6412760008938,-77.360126
2025-03-04,17,"Pitt Agri. Center","PM2.5","Pitt",35.6412760008938,-77.360126
2025-03-05,30,"Pitt Agri. Center","PM2.5","Pitt",35.6412760008938,-77.360126
2025-03-06,3,"Pitt Agri. Center","PM2.5","Pitt",35.6412760008938,-77.360126
2025-03-07,12,"Pitt Agri. Center","PM2.5","Pitt",35.6412760008938,-77.360126
2025-03-08,51,"Pitt Agri. Center","PM2.5","Pitt",35.6412760008938,-77.360126
2025-03-09,23,"Pitt Agri. Center","PM2.5","Pitt",35.6412760008938,-77.360126
2025-03-10,31,"Pitt Agri. Center","PM2.5","Pitt",35.6412760008938,-77.360126
2025-03-11,25,"Pitt Agri. Center","PM2.5","Pitt",35.6412760008938,-77.360126
2025-03-12,53,"Pitt Agri. Center","PM2.5","Pitt",35.6412760008938,-77.360126
2025-03-13,60,"Pitt Agri. Center","PM2.5","Pitt",35.6412760008938,-77.360126
2025-03-14,52,"Pitt Agri. Center","PM2.5","Pitt",35.6412760008938,-77.360126
2025-03-15,43,"Pitt Agri. Center","PM2.5","Pitt",35.6412760008938,-77.360126
2025-03-16,29,"Pitt Agri. Center","PM2.5","Pitt",35.6412760008938,-77.360126
2025-03-17,25,"Pitt Agri. Center","PM2.5","Pitt",35.6412760008938,-77.360126
2025-03-18,14,"Pitt Agri. Center","PM2.5","Pitt",35.6412760008938,-77.360126
2025-03-19,32,"Pitt Agri. Center","PM2.5","Pitt",35.6412760008938,-77.360126
2025-03-20,37,"Pitt Agri. Center","PM2.5","Pitt",35.6412760008938,-77.360126
2025-03-21,1,"Pitt Agri. Center","PM2.5","Pitt",35.6412760008938,-77.360126
2025-03-22,39,"Pitt Agri. Center","PM2.5","Pitt",35.6412760008938,-77.360126
2025-03-23,31,"Pitt Agri. Center","PM2.5","Pitt",35.6412760008938,-77.360126
2025-03-24,46,"Pitt Agri. Center","PM2.5","Pitt",35.6412760008938,-77.360126
2025-03-25,11,"Pitt Agri. Center","PM2.5","Pitt",35.6412760008938,-77.360126
2025-03-26,12,"Pitt Agri. Center","PM2.5","Pitt",35.6412760008938,-77.360126
2025-03-27,26,"Pitt Agri. Center","PM2.5","Pitt",35.6412760008938,-77.360126
2025-03-28,27,"Pitt Agri. Center","PM2.5","Pitt",35.6412760008938,-77.360126
2025-03-29,28,"Pitt Agri. Center","PM2.5","Pitt",35.6412760008938,-77.360126
2025-03-30,26,"Pitt Agri. Center","PM2.5","Pitt",35.6412760008938,-77.360126
2025-03-31,25,"Pitt Agri. Center","PM2.5","Pitt",35.6412760008938,-77.360126
2025-04-01,9,"Pitt Agri. Center","PM2.5","Pitt",35.6412760008938,-77.360126
2025-04-02,23,"Pitt Agri. Center","PM2.5","Pitt",35.6412760008938,-77.360126
2025-04-03,41,"Pitt Agri. Center","PM2.5","Pitt",35.6412760008938,-77.360126
2025-04-04,44,"Pitt Agri. Center","PM2.5","Pitt",35.6412760008938,-77.360126
2025-04-05,29,"Pitt Agri. Center","PM2.5","Pitt",35.6412760008938,-77.360126
2025-04-06,32,"Pitt Agri. Center","PM2.5","Pitt",35.6412760008938,-77.360126
2025-04-07,29,"Pitt Agri. Center","PM2.5","Pitt",35.6412760008938,-77.360126
2025-04-08,13,"Pitt Agri. Center","PM2.5","Pitt",35.6412760008938,-77.360126
2025-04-09,23,"Pitt Agri. Center","PM2.5","Pitt",35.6412760008938,-77.360126
2025-04-10,25,"Pitt Agri. Center","PM2.5","Pitt",35.6412760008938,-77.360126
2025-04-11,15,"Pitt Agri. Center","PM2.5","Pitt",35.6412760008938,-77.360126
2025-04-12,7,"Pitt Agri. Center","PM2.5","Pitt",35.6412760008938,-77.360126
2025-04-13,23,"Pitt Agri. Center","PM2.5","Pitt",35.6412760008938,-77.360126
2025-04-14,52,"Pitt Agri. Center","PM2.5","Pitt",35.6412760008938,-77.360126
2025-04-15,51,"Pitt Agri. Center","PM2.5","Pitt",35.6412760008938,-77.360126
2025-04-16,19,"Pitt Agri. Center","PM2.5","Pitt",35.6412760008938,-77.360126
2025-04-17,32,"Pitt Agri. Center","PM2.5","Pitt",35.6412760008938,-77.360126
2025-04-18,33,"Pitt Agri. Center","PM2.5","Pitt",35.6412760008938,-77.360126
2025-04-19,33,"Pitt Agri. Center","PM2.5","Pitt",35.6412760008938,-77.360126
2025-04-20,57,"Pitt Agri. Center","PM2.5","Pitt",35.6412760008938,-77.360126
2025-04-21,42,"Pitt Agri. Center","PM2.5","Pitt",35.6412760008938,-77.360126
2025-04-22,53,"Pitt Agri. Center","PM2.5","Pitt",35.6412760008938,-77.360126
2025-04-23,56,"Pitt Agri. Center","PM2.5","Pitt",35.6412760008938,-77.360126
2025-04-24,51,"Pitt Agri. Center","PM2.5","Pitt",35.6412760008938,-77.360126
2025-04-25,30,"Pitt Agri. Center","PM2.5","Pitt",35.6412760008938,-77.360126
2025-04-26,34,"Pitt Agri. Center","PM2.5","Pitt",35.6412760008938,-77.360126
2025-04-27,16,"Pitt Agri. Center","PM2.5","Pitt",35.6412760008938,-77.360126
2025-04-28,21,"Pitt Agri. Center","PM2.5","Pitt",35.6412760008938,-77.360126
2025-04-29,32,"Pitt Agri. Center","PM2.5","Pitt",35.6412760008938,-77.360126
2025-04-30,44,"Pitt Agri. Center","PM2.5","Pitt",35.6412760008938,-77.360126
2025-05-01,39,"Pitt Agri. Center","PM2.5","Pitt",35.6412760008938,-77.360126
2025-05-02,47,"Pitt Agri. Center","PM2.5","Pitt",35.6412760008938,-77.360126
2025-05-03,40,"Pitt Agri. Center","PM2.5","Pitt",35.6412760008938,-77.360126
2025-05-04,21,"Pitt Agri. Center","PM2.5","Pitt",35.6412760008938,-77.360126
2025-05-05,28,"Pitt Agri. Center","PM2.5","Pitt",35.6412760008938,-77.360126
2025-05-06,37,"Pitt Agri. Center","PM2.5","Pitt",35.6412760008938,-77.360126
2025-05-07,38,"Pitt Agri. Center","PM2.5","Pitt",35.6412760008938,-77.360126
2025-05-08,47,"Pitt Agri. Center","PM2.5","Pitt",35.6412760008938,-77.360126
2025-05-09,23,"Pitt Agri. Center","PM2.5","Pitt",35.6412760008938,-77.360126
2025-05-10,23,"Pitt Agri. Center","PM2.5","Pitt",35.6412760008938,-77.360126
2025-05-11,33,"Pitt Agri. Center","PM2.5","Pitt",35.6412760008938,-77.360126
2025-05-12,24,"Pitt Agri. Center","PM2.5","Pitt",35.6412760008938,-77.360126
2025-05-13,9,"Pitt Agri. Center","PM2.5","Pitt",35.6412760008938,-77.360126
2025-05-14,29,"Pitt Agri. Center","PM2.5","Pitt",35.6412760008938,-77.360126
2025-05-15,51,"Pitt Agri. Center","PM2.5","Pitt",35.6412760008938,-77.360126
2025-05-16,58,"Pitt Agri. Center","PM2.5","Pitt",35.6412760008938,-77.360126
2025-05-17,47,"Pitt Agri. Center","PM2.5","Pitt",35.6412760008938,-77.360126
2025-05-18,26,"Pitt Agri. Center","PM2.5","Pitt",35.6412760008938,-77.360126
2025-05-19,32,"Pitt Agri. Center","PM2.5","Pitt",35.6412760008938,-77.360126
2025-05-20,30,"Pitt Agri. Center","PM2.5","Pitt",35.6412760008938,-77.360126
2025-05-21,30,"Pitt Agri. Center","PM2.5","Pitt",35.6412760008938,-77.360126
2025-05-22,21,"Pitt Agri. Center","PM2.5","Pitt",35.6412760008938,-77.360126
2025-05-23,10,"Pitt Agri. Center","PM2.5","Pitt",35.6412760008938,-77.360126
2025-05-24,22,"Pitt Agri. Center","PM2.5","Pitt",35.6412760008938,-77.360126
2025-05-25,34,"Pitt Agri. Center","PM2.5","Pitt",35.6412760008938,-77.360126
2025-05-26,17,"Pitt Agri. Center","PM2.5","Pitt",35.6412760008938,-77.360126
2025-05-27,14,"Pitt Agri. Center","PM2.5","Pitt",35.6412760008938,-77.360126
2025-05-28,17,"Pitt Agri. Center","PM2.5","Pitt",35.6412760008938,-77.360126
2025-05-29,28,"Pitt Agri. Center","PM2.5","Pitt",35.6412760008938,-77.360126
2025-05-30,23,"Pitt Agri. Center","PM2.5","Pitt",35.6412760008938,-77.360126
2025-05-31,34,"Pitt Agri. Center","PM2.5","Pitt",35.6412760008938,-77.360126
2025-06-01,44,"Pitt Agri. Center","PM2.5","Pitt",35.6412760008938,-77.360126
2025-06-02,36,"Pitt Agri. Center","PM2.5","Pitt",35.6412760008938,-77.360126
2025-06-03,34,"Pitt Agri. Center","PM2.5","Pitt",35.6412760008938,-77.360126
2025-06-04,40,"Pitt Agri. Center","PM2.5","Pitt",35.6412760008938,-77.360126
2025-06-05,31,"Pitt Agri. Center","PM2.5","Pitt",35.6412760008938,-77.360126
2025-06-06,42,"Pitt Agri. Center","PM2.5","Pitt",35.6412760008938,-77.360126
2025-06-07,54,"Pitt Agri. Center","PM2.5","Pitt",35.6412760008938,-77.360126
2025-06-08,31,"Pitt Agri. Center","PM2.5","Pitt",35.6412760008938,-77.360126
2025-06-09,48,"Pitt Agri. Center","PM2.5","Pitt",35.6412760008938,-77.360126
2025-06-10,25,"Pitt Agri. Center","PM2.5","Pitt",35.6412760008938,-77.360126
2025-06-11,39,"Pitt Agri. Center","PM2.5","Pitt",35.6412760008938,-77.360126
2025-06-12,37,"Pitt Agri. Center","PM2.5","Pitt",35.6412760008938,-77.360126
2025-06-13,29,"Pitt Agri. Center","PM2.5","Pitt",35.6412760008938,-77.360126
2025-06-14,43,"Pitt Agri. Center","PM2.5","Pitt",35.6412760008938,-77.360126
2025-06-15,35,"Pitt Agri. Center","PM2.5","Pitt",35.6412760008938,-77.360126
2025-06-16,32,"Pitt Agri. Center","PM2.5","Pitt",35.6412760008938,-77.360126
2025-06-17,39,"Pitt Agri. Center","PM2.5","Pitt",35.6412760008938,-77.360126
2025-06-18,38,"Pitt Agri. Center","PM2.5","Pitt",35.6412760008938,-77.360126
2025-06-19,42,"Pitt Agri. Center","PM2.5","Pitt",35.6412760008938,-77.360126
2025-06-20,24,"Pitt Agri. Center","PM2.5","Pitt",35.6412760008938,-77.360126
2025-06-21,43,"Pitt Agri. Center","PM2.5","Pitt",35.6412760008938,-77.360126
2025-06-22,46,"Pitt Agri. Center","PM2.5","Pitt",35.6412760008938,-77.360126
2025-06-23,54,"Pitt Agri. Center","PM2.5","Pitt",35.6412760008938,-77.360126
2025-06-24,67,"Pitt Agri. Center","PM2.5","Pitt",35.6412760008938,-77.360126
2025-06-25,70,"Pitt Agri. Center","PM2.5","Pitt",35.6412760008938,-77.360126
2025-06-26,58,"Pitt Agri. Center","PM2.5","Pitt",35.6412760008938,-77.360126
2025-06-27,56,"Pitt Agri. Center","PM2.5","Pitt",35.6412760008938,-77.360126
2025-06-28,42,"Pitt Agri. Center","PM2.5","Pitt",35.6412760008938,-77.360126
2025-06-29,49,"Pitt Agri. Center","PM2.5","Pitt",35.6412760008938,-77.360126
2025-06-30,48,"Pitt Agri. Center","PM2.5","Pitt",35.6412760008938,-77.360126
2025-07-01,43,"Pitt Agri. Center","PM2.5","Pitt",35.6412760008938,-77.360126
2025-07-02,42,"Pitt Agri. Center","PM2.5","Pitt",35.6412760008938,-77.360126
2025-07-03,39,"Pitt Agri. Center","PM2.5","Pitt",35.6412760008938,-77.360126
2025-07-04,56,"Pitt Agri. Center","PM2.5","Pitt",35.6412760008938,-77.360126
2025-07-05,47,"Pitt Agri. Center","PM2.5","Pitt",35.6412760008938,-77.360126
2025-07-06,20,"Pitt Agri. Center","PM2.5","Pitt",35.6412760008938,-77.360126
2025-07-07,40,"Pitt Agri. Center","PM2.5","Pitt",35.6412760008938,-77.360126
2025-07-08,45,"Pitt Agri. Center","PM2.5","Pitt",35.6412760008938,-77.360126
2025-07-09,29,"Pitt Agri. Center","PM2.5","Pitt",35.6412760008938,-77.360126
2025-07-10,32,"Pitt Agri. Center","PM2.5","Pitt",35.6412760008938,-77.360126
2025-07-11,36,"Pitt Agri. Center","PM2.5","Pitt",35.6412760008938,-77.360126
2025-07-12,52,"Pitt Agri. Center","PM2.5","Pitt",35.6412760008938,-77.360126
2025-07-13,43,"Pitt Agri. Center","PM2.5","Pitt",35.6412760008938,-77.360126
2025-07-14,30,"Pitt Agri. Center","PM2.5","Pitt",35.6412760008938,-77.360126
2025-07-15,24,"Pitt Agri. Center","PM2.5","Pitt",35.6412760008938,-77.360126
2025-07-16,37,"Pitt Agri. Center","PM2.5","Pitt",35.6412760008938,-77.360126
2025-07-17,36,"Pitt Agri. Center","PM2.5","Pitt",35.6412760008938,-77.360126
2025-07-18,36,"Pitt Agri. Center","PM2.5","Pitt",35.6412760008938,-77.360126
2025-07-19,47,"Pitt Agri. Center","PM2.5","Pitt",35.6412760008938,-77.360126
2025-07-20,37,"Pitt Agri. Center","PM2.5","Pitt",35.6412760008938,-77.360126
2025-07-21,48,"Pitt Agri. Center","PM2.5","Pitt",35.6412760008938,-77.360126
2025-07-22,33,"Pitt Agri. Center","PM2.5","Pitt",35.6412760008938,-77.360126
2025-07-23,55,"Pitt Agri. Center","PM2.5","Pitt",35.6412760008938,-77.360126
2025-07-24,36,"Pitt Agri. Center","PM2.5","Pitt",35.6412760008938,-77.360126
2025-07-25,50,"Pitt Agri. Center","PM2.5","Pitt",35.6412760008938,-77.360126
2025-07-26,59,"Pitt Agri. Center","PM2.5","Pitt",35.6412760008938,-77.360126
2025-07-27,54,"Pitt Agri. Center","PM2.5","Pitt",35.6412760008938,-77.360126
2025-07-28,31,"Pitt Agri. Center","PM2.5","Pitt",35.6412760008938,-77.360126
2025-07-29,39,"Pitt Agri. Center","PM2.5","Pitt",35.6412760008938,-77.360126
2025-07-30,38,"Pitt Agri. Center","PM2.5","Pitt",35.6412760008938,-77.360126
2025-07-31,40,"Pitt Agri. Center","PM2.5","Pitt",35.6412760008938,-77.360126
2025-08-01,44,"Pitt Agri. Center","PM2.5","Pitt",35.6412760008938,-77.360126
2025-08-02,19,"Pitt Agri. Center","PM2.5","Pitt",35.6412760008938,-77.360126
2025-08-03,29,"Pitt Agri. Center","PM2.5","Pitt",35.6412760008938,-77.360126
2025-08-04,22,"Pitt Agri. Center","PM2.5","Pitt",35.6412760008938,-77.360126
2025-08-05,26,"Pitt Agri. Center","PM2.5","Pitt",35.6412760008938,-77.360126
2025-08-06,33,"Pitt Agri. Center","PM2.5","Pitt",35.6412760008938,-77.360126
2025-08-07,68,"Pitt Agri. Center","PM2.5","Pitt",35.6412760008938,-77.360126
2025-08-08,61,"Pitt Agri. Center","PM2.5","Pitt",35.6412760008938,-77.360126
2025-08-09,27,"Pitt Agri. Center","PM2.5","Pitt",35.6412760008938,-77.360126
2025-08-10,15,"Pitt Agri. Center","PM2.5","Pitt",35.6412760008938,-77.360126
2025-08-11,11,"Pitt Agri. Center","PM2.5","Pitt",35.6412760008938,-77.360126
2025-08-12,8,"Pitt Agri. Center","PM2.5","Pitt",35.6412760008938,-77.360126
2025-08-13,23,"Pitt Agri. Center","PM2.5","Pitt",35.6412760008938,-77.360126
2025-08-14,31,"Pitt Agri. Center","PM2.5","Pitt",35.6412760008938,-77.360126
2025-08-15,24,"Pitt Agri. Center","PM2.5","Pitt",35.6412760008938,-77.360126
2025-08-16,32,"Pitt Agri. Center","PM2.5","Pitt",35.6412760008938,-77.360126
2025-08-17,46,"Pitt Agri. Center","PM2.5","Pitt",35.6412760008938,-77.360126
2025-08-18,53,"Pitt Agri. Center","PM2.5","Pitt",35.6412760008938,-77.360126
2025-08-19,22,"Pitt Agri. Center","PM2.5","Pitt",35.6412760008938,-77.360126
2025-08-20,22,"Pitt Agri. Center","PM2.5","Pitt",35.6412760008938,-77.360126
2025-08-21,23,"Pitt Agri. Center","PM2.5","Pitt",35.6412760008938,-77.360126
2025-08-22,16,"Pitt Agri. Center","PM2.5","Pitt",35.6412760008938,-77.360126
2025-08-23,29,"Pitt Agri. Center","PM2.5","Pitt",35.6412760008938,-77.360126
2025-08-24,27,"Pitt Agri. Center","PM2.5","Pitt",35.6412760008938,-77.360126
2025-08-25,41,"Pitt Agri. Center","PM2.5","Pitt",35.6412760008938,-77.360126
2025-08-26,32,"Pitt Agri. Center","PM2.5","Pitt",35.6412760008938,-77.360126
2025-08-27,33,"Pitt Agri. Center","PM2.5","Pitt",35.6412760008938,-77.360126
2025-08-28,39,"Pitt Agri. Center","PM2.5","Pitt",35.6412760008938,-77.360126
2025-08-29,41,"Pitt Agri. Center","PM2.5","Pitt",35.6412760008938,-77.360126
2025-08-30,43,"Pitt Agri. Center","PM2.5","Pitt",35.6412760008938,-77.360126
2025-08-31,16,"Pitt Agri. Center","PM2.5","Pitt",35.6412760008938,-77.360126
2025-09-01,18,"Pitt Agri. Center","PM2.5","Pitt",35.6412760008938,-77.360126
2025-09-02,14,"Pitt Agri. Center","PM2.5","Pitt",35.6412760008938,-77.360126
2025-09-03,23,"Pitt Agri. Center","PM2.5","Pitt",35.6412760008938,-77.360126
2025-09-04,31,"Pitt Agri. Center","PM2.5","Pitt",35.6412760008938,-77.360126
2025-09-05,39,"Pitt Agri. Center","PM2.5","Pitt",35.6412760008938,-77.360126
2025-09-06,35,"Pitt Agri. Center","PM2.5","Pitt",35.6412760008938,-77.360126
2025-09-07,46,"Pitt Agri. Center","PM2.5","Pitt",35.6412760008938,-77.360126
2025-09-08,37,"Pitt Agri. Center","PM2.5","Pitt",35.6412760008938,-77.360126
2025-09-09,25,"Pitt Agri. Center","PM2.5","Pitt",35.6412760008938,-77.360126
2025-09-10,18,"Pitt Agri. Center","PM2.5","Pitt",35.6412760008938,-77.360126
2025-09-11,17,"Pitt Agri. Center","PM2.5","Pitt",35.6412760008938,-77.360126
2025-09-12,32,"Pitt Agri. Center","PM2.5","Pitt",35.6412760008938,-77.360126
2025-09-13,31,"Pitt Agri. Center","PM2.5","Pitt",35.6412760008938,-77.360126
2025-09-14,39,"Pitt Agri. Center","PM2.5","Pitt",35.6412760008938,-77.360126
2025-09-15,31,"Pitt Agri. Center","PM2.5","Pitt",35.6412760008938,-77.360126
2025-09-16,18,"Pitt Agri. Center","PM2.5","Pitt",35.6412760008938,-77.360126
2025-09-17,17,"Pitt Agri. Center","PM2.5","Pitt",35.6412760008938,-77.360126
2025-09-18,19,"Pitt Agri. Center","PM2.5","Pitt",35.6412760008938,-77.360126
2025-09-19,16,"Pitt Agri. Center","PM2.5","Pitt",35.6412760008938,-77.360126
2025-09-20,7,"Pitt Agri. Center","PM2.5","Pitt",35.6412760008938,-77.360126
2025-09-21,6,"Pitt Agri. Center","PM2.5","Pitt",35.6412760008938,-77.360126
2025-09-22,6,"Pitt Agri. Center","PM2.5","Pitt",35.6412760008938,-77.360126
2025-09-23,8,"Pitt Agri. Center","PM2.5","Pitt",35.6412760008938,-77.360126
2025-09-24,19,"Pitt Agri. Center","PM2.5","Pitt",35.6412760008938,-77.360126
2025-09-25,36,"Pitt Agri. Center","PM2.5","Pitt",35.6412760008938,-77.360126
2025-09-26,35,"Pitt Agri. Center","PM2.5","Pitt",35.6412760008938,-77.360126
2025-09-27,33,"Pitt Agri. Center","PM2.5","Pitt",35.6412760008938,-77.360126
2025-09-28,24,"Pitt Agri. Center","PM2.5","Pitt",35.6412760008938,-77.360126
2025-09-29,27,"Pitt Agri. Center","PM2.5","Pitt",35.6412760008938,-77.360126
2025-09-30,33,"Pitt Agri. Center","PM2.5","Pitt",35.6412760008938,-77.360126
2025-10-01,40,"Pitt Agri. Center","PM2.5","Pitt",35.6412760008938,-77.360126
2025-10-02,26,"Pitt Agri. Center","PM2.5","Pitt",35.6412760008938,-77.360126
2025-10-03,23,"Pitt Agri. Center","PM2.5","Pitt",35.6412760008938,-77.360126
2025-10-04,25,"Pitt Agri. Center","PM2.5","Pitt",35.6412760008938,-77.360126
2025-10-05,22,"Pitt Agri. Center","PM2.5","Pitt",35.6412760008938,-77.360126
2025-10-06,14,"Pitt Agri. Center","PM2.5","Pitt",35.6412760008938,-77.360126
2025-10-07,18,"Pitt Agri. Center","PM2.5","Pitt",35.6412760008938,-77.360126
2025-10-08,25,"Pitt Agri. Center","PM2.5","Pitt",35.6412760008938,-77.360126
2025-10-09,21,"Pitt Agri. Center","PM2.5","Pitt",35.6412760008938,-77.360126
2025-10-10,21,"Pitt Agri. Center","PM2.5","Pitt",35.6412760008938,-77.360126
2025-10-11,27,"Pitt Agri. Center","PM2.5","Pitt",35.6412760008938,-77.360126
2025-10-12,8,"Pitt Agri. Center","PM2.5","Pitt",35.6412760008938,-77.360126
2025-10-13,8,"Pitt Agri. Center","PM2.5","Pitt",35.6412760008938,-77.360126
2025-10-14,9,"Pitt Agri. Center","PM2.5","Pitt",35.6412760008938,-77.360126
2025-10-15,19,"Pitt Agri. Center","PM2.5","Pitt",35.6412760008938,-77.360126
2025-10-16,21,"Pitt Agri. Center","PM2.5","Pitt",35.6412760008938,-77.360126
2025-10-17,21,"Pitt Agri. Center","PM2.5","Pitt",35.6412760008938,-77.360126
2025-10-21,37,"Pitt Agri. Center","PM2.5","Pitt",35.6412760008938,-77.360126
2025-10-22,34,"Pitt Agri. Center","PM2.5","Pitt",35.6412760008938,-77.360126
2025-10-23,28,"Pitt Agri. Center","PM2.5","Pitt",35.6412760008938,-77.360126
2025-10-24,22,"Pitt Agri. Center","PM2.5","Pitt",35.6412760008938,-77.360126
2025-10-25,22,"Pitt Agri. Center","PM2.5","Pitt",35.6412760008938,-77.360126
2025-10-26,17,"Pitt Agri. Center","PM2.5","Pitt",35.6412760008938,-77.360126
2025-10-27,14,"Pitt Agri. Center","PM2.5","Pitt",35.6412760008938,-77.360126
2025-10-28,9,"Pitt Agri. Center","PM2.5","Pitt",35.6412760008938,-77.360126
2025-10-29,11,"Pitt Agri. Center","PM2.5","Pitt",35.6412760008938,-77.360126
2025-10-30,12,"Pitt Agri. Center","PM2.5","Pitt",35.6412760008938,-77.360126
2025-10-31,19,"Pitt Agri. Center","PM2.5","Pitt",35.6412760008938,-77.360126
2025-11-01,37,"Pitt Agri. Center","PM2.5","Pitt",35.6412760008938,-77.360126
2025-11-02,43,"Pitt Agri. Center","PM2.5","Pitt",35.6412760008938,-77.360126
2025-11-03,21,"Pitt Agri. Center","PM2.5","Pitt",35.6412760008938,-77.360126
2025-11-04,26,"Pitt Agri. Center","PM2.5","Pitt",35.6412760008938,-77.360126
2025-11-05,43,"Pitt Agri. Center","PM2.5","Pitt",35.6412760008938,-77.360126
2025-11-06,34,"Pitt Agri. Center","PM2.5","Pitt",35.6412760008938,-77.360126
2025-11-07,34,"Pitt Agri. Center","PM2.5","Pitt",35.6412760008938,-77.360126
2025-11-08,54,"Pitt Agri. Center","PM2.5","Pitt",35.6412760008938,-77.360126
2025-11-09,53,"Pitt Agri. Center","PM2.5","Pitt",35.6412760008938,-77.360126
2025-11-10,8,"Pitt Agri. Center","PM2.5","Pitt",35.6412760008938,-77.360126
2025-11-11,16,"Pitt Agri. Center","PM2.5","Pitt",35.6412760008938,-77.360126
2025-11-12,42,"Pitt Agri. Center","PM2.5","Pitt",35.6412760008938,-77.360126
2025-11-13,35,"Pitt Agri. Center","PM2.5","Pitt",35.6412760008938,-77.360126
2025-11-14,40,"Pitt Agri. Center","PM2.5","Pitt",35.6412760008938,-77.360126
2025-11-15,53,"Pitt Agri. Center","PM2.5","Pitt",35.6412760008938,-77.360126
2025-11-16,44,"Pitt Agri. Center","PM2.5","Pitt",35.6412760008938,-77.360126
2025-11-17,21,"Pitt Agri. Center","PM2.5","Pitt",35.6412760008938,-77.360126
2025-11-18,52,"Pitt Agri. Center","PM2.5","Pitt",35.6412760008938,-77.360126
2025-11-19,47,"Pitt Agri. Center","PM2.5","Pitt",35.6412760008938,-77.360126
2025-11-20,53,"Pitt Agri. Center","PM2.5","Pitt",35.6412760008938,-77.360126
2025-11-21,62,"Pitt Agri. Center","PM2.5","Pitt",35.6412760008938,-77.360126
2025-11-22,55,"Pitt Agri. Center","PM2.5","Pitt",35.6412760008938,-77.360126
2025-11-23,25,"Pitt Agri. Center","PM2.5","Pitt",35.6412760008938,-77.360126
2025-11-24,41,"Pitt Agri. Center","PM2.5","Pitt",35.6412760008938,-77.360126
2025-11-25,28,"Pitt Agri. Center","PM2.5","Pitt",35.6412760008938,-77.360126
2025-11-26,24,"Pitt Agri. Center","PM2.5","Pitt",35.6412760008938,-77.360126
2025-11-27,10,"Pitt Agri. Center","PM2.5","Pitt",35.6412760008938,-77.360126
2025-11-28,19,"Pitt Agri. Center","PM2.5","Pitt",35.6412760008938,-77.360126
2025-11-29,24,"Pitt Agri. Center","PM2.5","Pitt",35.6412760008938,-77.360126
2025-11-30,36,"Pitt Agri. Center","PM2.5","Pitt",35.6412760008938,-77.360126
2025-12-01,27,"Pitt Agri. Center","PM2.5","Pitt",35.6412760008938,-77.360126
2025-12-02,23,"Pitt Agri. Center","PM2.5","Pitt",35.6412760008938,-77.360126
2025-12-03,34,"Pitt Agri. Center","PM2.5","Pitt",35.6412760008938,-77.360126
2025-12-04,56,"Pitt Agri. Center","PM2.5","Pitt",35.6412760008938,-77.360126
2025-12-05,26,"Pitt Agri. Center","PM2.5","Pitt",35.6412760008938,-77.360126
2025-12-06,33,"Pitt Agri. Center","PM2.5","Pitt",35.6412760008938,-77.360126
2025-12-07,53,"Pitt Agri. Center","PM2.5","Pitt",35.6412760008938,-77.360126
2025-12-08,37,"Pitt Agri. Center","PM2.5","Pitt",35.6412760008938,-77.360126
2025-12-09,24,"Pitt Agri. Center","PM2.5","Pitt",35.6412760008938,-77.360126
2025-12-10,46,"Pitt Agri. Center","PM2.5","Pitt",35.6412760008938,-77.360126
2025-12-11,20,"Pitt Agri. Center","PM2.5","Pitt",35.6412760008938,-77.360126
2025-12-12,26,"Pitt Agri. Center","PM2.5","Pitt",35.6412760008938,-77.360126
2025-12-13,56,"Pitt Agri. Center","PM2.5","Pitt",35.6412760008938,-77.360126
2025-12-14,33,"Pitt Agri. Center","PM2.5","Pitt",35.6412760008938,-77.360126
2025-12-15,19,"Pitt Agri. Center","PM2.5","Pitt",35.6412760008938,-77.360126
2025-12-16,48,"Pitt Agri. Center","PM2.5","Pitt",35.6412760008938,-77.360126
2025-12-17,53,"Pitt Agri. Center","PM2.5","Pitt",35.6412760008938,-77.360126
2025-12-18,53,"Pitt Agri. Center","PM2.5","Pitt",35.6412760008938,-77.360126
2025-12-19,11,"Pitt Agri. Center","PM2.5","Pitt",35.6412760008938,-77.360126
2025-12-20,21,"Pitt Agri. Center","PM2.5","Pitt",35.6412760008938,-77.360126
2025-12-21,26,"Pitt Agri. Center","PM2.5","Pitt",35.6412760008938,-77.360126
2025-12-22,18,"Pitt Agri. Center","PM2.5","Pitt",35.6412760008938,-77.360126
2025-12-23,31,"Pitt Agri. Center","PM2.5","Pitt",35.6412760008938,-77.360126
2025-12-24,36,"Pitt Agri. Center","PM2.5","Pitt",35.6412760008938,-77.360126
2025-12-25,52,"Pitt Agri. Center","PM2.5","Pitt",35.6412760008938,-77.360126
2025-12-26,25,"Pitt Agri. Center","PM2.5","Pitt",35.6412760008938,-77.360126
2025-12-27,30,"Pitt Agri. Center","PM2.5","Pitt",35.6412760008938,-77.360126
2025-12-28,31,"Pitt Agri. Center","PM2.5","Pitt",35.6412760008938,-77.360126
2025-12-29,69,"Pitt Agri. Center","PM2.5","Pitt",35.6412760008938,-77.360126
2025-12-30,11,"Pitt Agri. Center","PM2.5","Pitt",35.6412760008938,-77.360126
2025-12-31,23,"Pitt Agri. Center","PM2.5","Pitt",35.6412760008938,-77.360126
2025-01-01,4,"Rockwell","PM2.5","Rowan",35.551868,-80.395039
2025-01-02,21,"Rockwell","PM2.5","Rowan",35.551868,-80.395039
2025-01-03,25,"Rockwell","PM2.5","Rowan",35.551868,-80.395039
2025-01-04,48,"Rockwell","PM2.5","Rowan",35.551868,-80.395039
2025-01-05,52,"Rockwell","PM2.5","Rowan",35.551868,-80.395039
2025-01-06,33,"Rockwell","PM2.5","Rowan",35.551868,-80.395039
2025-01-07,12,"Rockwell","PM2.5","Rowan",35.551868,-80.395039
2025-01-08,24,"Rockwell","PM2.5","Rowan",35.551868,-80.395039
2025-01-09,19,"Rockwell","PM2.5","Rowan",35.551868,-80.395039
2025-01-10,42,"Rockwell","PM2.5","Rowan",35.551868,-80.395039
2025-01-11,29,"Rockwell","PM2.5","Rowan",35.551868,-80.395039
2025-01-12,34,"Rockwell","PM2.5","Rowan",35.551868,-80.395039
2025-01-13,55,"Rockwell","PM2.5","Rowan",35.551868,-80.395039
2025-01-14,23,"Rockwell","PM2.5","Rowan",35.551868,-80.395039
2025-01-15,28,"Rockwell","PM2.5","Rowan",35.551868,-80.395039
2025-01-16,52,"Rockwell","PM2.5","Rowan",35.551868,-80.395039
2025-01-17,42,"Rockwell","PM2.5","Rowan",35.551868,-80.395039
2025-01-18,45,"Rockwell","PM2.5","Rowan",35.551868,-80.395039
2025-01-19,37,"Rockwell","PM2.5","Rowan",35.551868,-80.395039
2025-01-20,12,"Rockwell","PM2.5","Rowan",35.551868,-80.395039
2025-01-21,22,"Rockwell","PM2.5","Rowan",35.551868,-80.395039
2025-01-22,35,"Rockwell","PM2.5","Rowan",35.551868,-80.395039
2025-01-23,59,"Rockwell","PM2.5","Rowan",35.551868,-80.395039
2025-01-24,63,"Rockwell","PM2.5","Rowan",35.551868,-80.395039
2025-01-25,64,"Rockwell","PM2.5","Rowan",35.551868,-80.395039
2025-01-26,56,"Rockwell","PM2.5","Rowan",35.551868,-80.395039
2025-01-27,65,"Rockwell","PM2.5","Rowan",35.551868,-80.395039
2025-01-28,28,"Rockwell","PM2.5","Rowan",35.551868,-80.395039
2025-01-29,23,"Rockwell","PM2.5","Rowan",35.551868,-80.395039
2025-01-30,43,"Rockwell","PM2.5","Rowan",35.551868,-80.395039
2025-01-31,48,"Rockwell","PM2.5","Rowan",35.551868,-80.395039
2025-02-01,17,"Rockwell","PM2.5","Rowan",35.551868,-80.395039
2025-02-02,26,"Rockwell","PM2.5","Rowan",35.551868,-80.395039
2025-02-03,55,"Rockwell","PM2.5","Rowan",35.551868,-80.395039
2025-02-04,52,"Rockwell","PM2.5","Rowan",35.551868,-80.395039
2025-02-05,38,"Rockwell","PM2.5","Rowan",35.551868,-80.395039
2025-02-06,57,"Rockwell","PM2.5","Rowan",35.551868,-80.395039
2025-02-07,31,"Rockwell","PM2.5","Rowan",35.551868,-80.395039
2025-02-08,43,"Rockwell","PM2.5","Rowan",35.551868,-80.395039
2025-02-09,37,"Rockwell","PM2.5","Rowan",35.551868,-80.395039
2025-02-10,27,"Rockwell","PM2.5","Rowan",35.551868,-80.395039
2025-02-11,36,"Rockwell","PM2.5","Rowan",35.551868,-80.395039
2025-02-12,3,"Rockwell","PM2.5","Rowan",35.551868,-80.395039
2025-02-13,20,"Rockwell","PM2.5","Rowan",35.551868,-80.395039
2025-02-14,28,"Rockwell","PM2.5","Rowan",35.551868,-80.395039
2025-02-15,42,"Rockwell","PM2.5","Rowan",35.551868,-80.395039
2025-02-16,13,"Rockwell","PM2.5","Rowan",35.551868,-80.395039
2025-02-17,17,"Rockwell","PM2.5","Rowan",35.551868,-80.395039
2025-02-18,54,"Rockwell","PM2.5","Rowan",35.551868,-80.395039
2025-02-19,46,"Rockwell","PM2.5","Rowan",35.551868,-80.395039
2025-02-20,27,"Rockwell","PM2.5","Rowan",35.551868,-80.395039
2025-02-21,17,"Rockwell","PM2.5","Rowan",35.551868,-80.395039
2025-02-22,51,"Rockwell","PM2.5","Rowan",35.551868,-80.395039
2025-02-23,49,"Rockwell","PM2.5","Rowan",35.551868,-80.395039
2025-02-24,60,"Rockwell","PM2.5","Rowan",35.551868,-80.395039
2025-02-25,55,"Rockwell","PM2.5","Rowan",35.551868,-80.395039
2025-02-26,54,"Rockwell","PM2.5","Rowan",35.551868,-80.395039
2025-02-27,55,"Rockwell","PM2.5","Rowan",35.551868,-80.395039
2025-02-28,18,"Rockwell","PM2.5","Rowan",35.551868,-80.395039
2025-03-01,33,"Rockwell","PM2.5","Rowan",35.551868,-80.395039
2025-03-02,26,"Rockwell","PM2.5","Rowan",35.551868,-80.395039
2025-03-03,44,"Rockwell","PM2.5","Rowan",35.551868,-80.395039
2025-03-04,28,"Rockwell","PM2.5","Rowan",35.551868,-80.395039
2025-03-05,30,"Rockwell","PM2.5","Rowan",35.551868,-80.395039
2025-03-06,4,"Rockwell","PM2.5","Rowan",35.551868,-80.395039
2025-03-07,23,"Rockwell","PM2.5","Rowan",35.551868,-80.395039
2025-03-08,51,"Rockwell","PM2.5","Rowan",35.551868,-80.395039
2025-03-09,24,"Rockwell","PM2.5","Rowan",35.551868,-80.395039
2025-03-10,40,"Rockwell","PM2.5","Rowan",35.551868,-80.395039
2025-03-11,29,"Rockwell","PM2.5","Rowan",35.551868,-80.395039
2025-03-12,52,"Rockwell","PM2.5","Rowan",35.551868,-80.395039
2025-03-13,65,"Rockwell","PM2.5","Rowan",35.551868,-80.395039
2025-03-14,79,"Rockwell","PM2.5","Rowan",35.551868,-80.395039
2025-03-15,59,"Rockwell","PM2.5","Rowan",35.551868,-80.395039
2025-03-16,31,"Rockwell","PM2.5","Rowan",35.551868,-80.395039
2025-03-17,12,"Rockwell","PM2.5","Rowan",35.551868,-80.395039
2025-03-18,11,"Rockwell","PM2.5","Rowan",35.551868,-80.395039
2025-03-19,53,"Rockwell","PM2.5","Rowan",35.551868,-80.395039
2025-03-20,55,"Rockwell","PM2.5","Rowan",35.551868,-80.395039
2025-03-21,17,"Rockwell","PM2.5","Rowan",35.551868,-80.395039
2025-03-22,36,"Rockwell","PM2.5","Rowan",35.551868,-80.395039
2025-03-23,21,"Rockwell","PM2.5","Rowan",35.551868,-80.395039
2025-03-24,55,"Rockwell","PM2.5","Rowan",35.551868,-80.395039
2025-03-25,16,"Rockwell","PM2.5","Rowan",35.551868,-80.395039
2025-03-26,18,"Rockwell","PM2.5","Rowan",35.551868,-80.395039
2025-03-27,27,"Rockwell","PM2.5","Rowan",35.551868,-80.395039
2025-03-28,50,"Rockwell","PM2.5","Rowan",35.551868,-80.395039
2025-03-29,36,"Rockwell","PM2.5","Rowan",35.551868,-80.395039
2025-03-30,38,"Rockwell","PM2.5","Rowan",35.551868,-80.395039
2025-03-31,33,"Rockwell","PM2.5","Rowan",35.551868,-80.395039
2025-04-01,7,"Rockwell","PM2.5","Rowan",35.551868,-80.395039
2025-04-02,51,"Rockwell","PM2.5","Rowan",35.551868,-80.395039
2025-04-03,44,"Rockwell","PM2.5","Rowan",35.551868,-80.395039
2025-04-04,47,"Rockwell","PM2.5","Rowan",35.551868,-80.395039
2025-04-05,51,"Rockwell","PM2.5","Rowan",35.551868,-80.395039
2025-04-06,38,"Rockwell","PM2.5","Rowan",35.551868,-80.395039
2025-04-07,33,"Rockwell","PM2.5","Rowan",35.551868,-80.395039
2025-04-08,23,"Rockwell","PM2.5","Rowan",35.551868,-80.395039
2025-04-09,31,"Rockwell","PM2.5","Rowan",35.551868,-80.395039
2025-04-10,47,"Rockwell","PM2.5","Rowan",35.551868,-80.395039
2025-04-11,21,"Rockwell","PM2.5","Rowan",35.551868,-80.395039
2025-04-12,29,"Rockwell","PM2.5","Rowan",35.551868,-80.395039
2025-04-13,37,"Rockwell","PM2.5","Rowan",35.551868,-80.395039
2025-04-14,54,"Rockwell","PM2.5","Rowan",35.551868,-80.395039
2025-04-15,42,"Rockwell","PM2.5","Rowan",35.551868,-80.395039
2025-04-16,24,"Rockwell","PM2.5","Rowan",35.551868,-80.395039
2025-04-17,46,"Rockwell","PM2.5","Rowan",35.551868,-80.395039
2025-04-18,55,"Rockwell","PM2.5","Rowan",35.551868,-80.395039
2025-04-19,57,"Rockwell","PM2.5","Rowan",35.551868,-80.395039
2025-04-20,51,"Rockwell","PM2.5","Rowan",35.551868,-80.395039
2025-04-21,49,"Rockwell","PM2.5","Rowan",35.551868,-80.395039
2025-04-22,53,"Rockwell","PM2.5","Rowan",35.551868,-80.395039
2025-04-23,42,"Rockwell","PM2.5","Rowan",35.551868,-80.395039
2025-04-24,54,"Rockwell","PM2.5","Rowan",35.551868,-80.395039
2025-05-01,51,"Rockwell","PM2.5","Rowan",35.551868,-80.395039
2025-05-02,47,"Rockwell","PM2.5","Rowan",35.551868,-80.395039
2025-05-03,33,"Rockwell","PM2.5","Rowan",35.551868,-80.395039
2025-05-04,16,"Rockwell","PM2.5","Rowan",35.551868,-80.395039
2025-05-05,26,"Rockwell","PM2.5","Rowan",35.551868,-80.395039
2025-05-06,28,"Rockwell","PM2.5","Rowan",35.551868,-80.395039
2025-05-07,41,"Rockwell","PM2.5","Rowan",35.551868,-80.395039
2025-05-08,48,"Rockwell","PM2.5","Rowan",35.551868,-80.395039
2025-05-09,30,"Rockwell","PM2.5","Rowan",35.551868,-80.395039
2025-05-10,27,"Rockwell","PM2.5","Rowan",35.551868,-80.395039
2025-05-11,43,"Rockwell","PM2.5","Rowan",35.551868,-80.395039
2025-05-12,17,"Rockwell","PM2.5","Rowan",35.551868,-80.395039
2025-05-13,15,"Rockwell","PM2.5","Rowan",35.551868,-80.395039
2025-05-14,22,"Rockwell","PM2.5","Rowan",35.551868,-80.395039
2025-05-15,52,"Rockwell","PM2.5","Rowan",35.551868,-80.395039
2025-05-16,57,"Rockwell","PM2.5","Rowan",35.551868,-80.395039
2025-05-17,28,"Rockwell","PM2.5","Rowan",35.551868,-80.395039
2025-05-18,32,"Rockwell","PM2.5","Rowan",35.551868,-80.395039
2025-05-19,37,"Rockwell","PM2.5","Rowan",35.551868,-80.395039
2025-05-20,54,"Rockwell","PM2.5","Rowan",35.551868,-80.395039
2025-05-21,46,"Rockwell","PM2.5","Rowan",35.551868,-80.395039
2025-05-22,16,"Rockwell","PM2.5","Rowan",35.551868,-80.395039
2025-05-23,8,"Rockwell","PM2.5","Rowan",35.551868,-80.395039
2025-05-24,29,"Rockwell","PM2.5","Rowan",35.551868,-80.395039
2025-05-25,46,"Rockwell","PM2.5","Rowan",35.551868,-80.395039
2025-05-26,49,"Rockwell","PM2.5","Rowan",35.551868,-80.395039
2025-05-27,10,"Rockwell","PM2.5","Rowan",35.551868,-80.395039
2025-05-28,13,"Rockwell","PM2.5","Rowan",35.551868,-80.395039
2025-05-29,34,"Rockwell","PM2.5","Rowan",35.551868,-80.395039
2025-05-30,21,"Rockwell","PM2.5","Rowan",35.551868,-80.395039
2025-05-31,39,"Rockwell","PM2.5","Rowan",35.551868,-80.395039
2025-06-01,56,"Rockwell","PM2.5","Rowan",35.551868,-80.395039
2025-06-02,39,"Rockwell","PM2.5","Rowan",35.551868,-80.395039
2025-06-03,59,"Rockwell","PM2.5","Rowan",35.551868,-80.395039
2025-06-04,62,"Rockwell","PM2.5","Rowan",35.551868,-80.395039
2025-06-05,32,"Rockwell","PM2.5","Rowan",35.551868,-80.395039
2025-06-06,51,"Rockwell","PM2.5","Rowan",35.551868,-80.395039
2025-06-07,32,"Rockwell","PM2.5","Rowan",35.551868,-80.395039
2025-06-08,31,"Rockwell","PM2.5","Rowan",35.551868,-80.395039
2025-06-09,26,"Rockwell","PM2.5","Rowan",35.551868,-80.395039
2025-06-10,29,"Rockwell","PM2.5","Rowan",35.551868,-80.395039
2025-06-11,42,"Rockwell","PM2.5","Rowan",35.551868,-80.395039
2025-06-12,52,"Rockwell","PM2.5","Rowan",35.551868,-80.395039
2025-06-13,25,"Rockwell","PM2.5","Rowan",35.551868,-80.395039
2025-06-14,22,"Rockwell","PM2.5","Rowan",35.551868,-80.395039
2025-06-15,28,"Rockwell","PM2.5","Rowan",35.551868,-80.395039
2025-06-16,41,"Rockwell","PM2.5","Rowan",35.551868,-80.395039
2025-06-17,34,"Rockwell","PM2.5","Rowan",35.551868,-80.395039
2025-06-18,30,"Rockwell","PM2.5","Rowan",35.551868,-80.395039
2025-06-19,31,"Rockwell","PM2.5","Rowan",35.551868,-80.395039
2025-06-20,27,"Rockwell","PM2.5","Rowan",35.551868,-80.395039
2025-06-21,55,"Rockwell","PM2.5","Rowan",35.551868,-80.395039
2025-06-22,54,"Rockwell","PM2.5","Rowan",35.551868,-80.395039
2025-06-23,55,"Rockwell","PM2.5","Rowan",35.551868,-80.395039
2025-06-24,61,"Rockwell","PM2.5","Rowan",35.551868,-80.395039
2025-06-25,60,"Rockwell","PM2.5","Rowan",35.551868,-80.395039
2025-06-26,52,"Rockwell","PM2.5","Rowan",35.551868,-80.395039
2025-06-27,54,"Rockwell","PM2.5","Rowan",35.551868,-80.395039
2025-06-28,52,"Rockwell","PM2.5","Rowan",35.551868,-80.395039
2025-06-29,44,"Rockwell","PM2.5","Rowan",35.551868,-80.395039
2025-06-30,52,"Rockwell","PM2.5","Rowan",35.551868,-80.395039
2025-07-01,49,"Rockwell","PM2.5","Rowan",35.551868,-80.395039
2025-07-02,29,"Rockwell","PM2.5","Rowan",35.551868,-80.395039
2025-07-03,33,"Rockwell","PM2.5","Rowan",35.551868,-80.395039
2025-07-04,58,"Rockwell","PM2.5","Rowan",35.551868,-80.395039
2025-07-05,60,"Rockwell","PM2.5","Rowan",35.551868,-80.395039
2025-07-06,41,"Rockwell","PM2.5","Rowan",35.551868,-80.395039
2025-07-07,40,"Rockwell","PM2.5","Rowan",35.551868,-80.395039
2025-07-08,57,"Rockwell","PM2.5","Rowan",35.551868,-80.395039
2025-07-09,51,"Rockwell","PM2.5","Rowan",35.551868,-80.395039
2025-07-10,37,"Rockwell","PM2.5","Rowan",35.551868,-80.395039
2025-07-11,42,"Rockwell","PM2.5","Rowan",35.551868,-80.395039
2025-07-12,37,"Rockwell","PM2.5","Rowan",35.551868,-80.395039
2025-07-13,36,"Rockwell","PM2.5","Rowan",35.551868,-80.395039
2025-07-14,34,"Rockwell","PM2.5","Rowan",35.551868,-80.395039
2025-07-15,41,"Rockwell","PM2.5","Rowan",35.551868,-80.395039
2025-07-16,35,"Rockwell","PM2.5","Rowan",35.551868,-80.395039
2025-07-17,35,"Rockwell","PM2.5","Rowan",35.551868,-80.395039
2025-07-18,45,"Rockwell","PM2.5","Rowan",35.551868,-80.395039
2025-07-19,36,"Rockwell","PM2.5","Rowan",35.551868,-80.395039
2025-07-20,36,"Rockwell","PM2.5","Rowan",35.551868,-80.395039
2025-07-21,53,"Rockwell","PM2.5","Rowan",35.551868,-80.395039
2025-07-22,37,"Rockwell","PM2.5","Rowan",35.551868,-80.395039
2025-07-23,53,"Rockwell","PM2.5","Rowan",35.551868,-80.395039
2025-07-24,53,"Rockwell","PM2.5","Rowan",35.551868,-80.395039
2025-07-25,40,"Rockwell","PM2.5","Rowan",35.551868,-80.395039
2025-07-26,38,"Rockwell","PM2.5","Rowan",35.551868,-80.395039
2025-07-27,33,"Rockwell","PM2.5","Rowan",35.551868,-80.395039
2025-07-28,22,"Rockwell","PM2.5","Rowan",35.551868,-80.395039
2025-07-29,38,"Rockwell","PM2.5","Rowan",35.551868,-80.395039
2025-07-30,44,"Rockwell","PM2.5","Rowan",35.551868,-80.395039
2025-07-31,28,"Rockwell","PM2.5","Rowan",35.551868,-80.395039
2025-08-01,23,"Rockwell","PM2.5","Rowan",35.551868,-80.395039
2025-08-02,26,"Rockwell","PM2.5","Rowan",35.551868,-80.395039
2025-08-03,39,"Rockwell","PM2.5","Rowan",35.551868,-80.395039
2025-08-04,45,"Rockwell","PM2.5","Rowan",35.551868,-80.395039
2025-08-05,23,"Rockwell","PM2.5","Rowan",35.551868,-80.395039
2025-08-06,16,"Rockwell","PM2.5","Rowan",35.551868,-80.395039
2025-08-07,52,"Rockwell","PM2.5","Rowan",35.551868,-80.395039
2025-08-08,81,"Rockwell","PM2.5","Rowan",35.551868,-80.395039
2025-08-09,57,"Rockwell","PM2.5","Rowan",35.551868,-80.395039
2025-08-10,47,"Rockwell","PM2.5","Rowan",35.551868,-80.395039
2025-08-11,13,"Rockwell","PM2.5","Rowan",35.551868,-80.395039
2025-08-12,23,"Rockwell","PM2.5","Rowan",35.551868,-80.395039
2025-08-13,29,"Rockwell","PM2.5","Rowan",35.551868,-80.395039
2025-08-14,30,"Rockwell","PM2.5","Rowan",35.551868,-80.395039
2025-08-15,37,"Rockwell","PM2.5","Rowan",35.551868,-80.395039
2025-08-16,51,"Rockwell","PM2.5","Rowan",35.551868,-80.395039
2025-08-17,44,"Rockwell","PM2.5","Rowan",35.551868,-80.395039
2025-08-18,49,"Rockwell","PM2.5","Rowan",35.551868,-80.395039
2025-08-19,39,"Rockwell","PM2.5","Rowan",35.551868,-80.395039
2025-08-20,35,"Rockwell","PM2.5","Rowan",35.551868,-80.395039
2025-08-21,36,"Rockwell","PM2.5","Rowan",35.551868,-80.395039
2025-08-22,26,"Rockwell","PM2.5","Rowan",35.551868,-80.395039
2025-08-23,32,"Rockwell","PM2.5","Rowan",35.551868,-80.395039
2025-08-24,35,"Rockwell","PM2.5","Rowan",35.551868,-80.395039
2025-08-25,26,"Rockwell","PM2.5","Rowan",35.551868,-80.395039
2025-08-26,25,"Rockwell","PM2.5","Rowan",35.551868,-80.395039
2025-08-27,24,"Rockwell","PM2.5","Rowan",35.551868,-80.395039
2025-08-28,46,"Rockwell","PM2.5","Rowan",35.551868,-80.395039
2025-08-29,40,"Rockwell","PM2.5","Rowan",35.551868,-80.395039
2025-08-30,42,"Rockwell","PM2.5","Rowan",35.551868,-80.395039
2025-08-31,28,"Rockwell","PM2.5","Rowan",35.551868,-80.395039
2025-09-01,24,"Rockwell","PM2.5","Rowan",35.551868,-80.395039
2025-09-02,27,"Rockwell","PM2.5","Rowan",35.551868,-80.395039
2025-09-03,51,"Rockwell","PM2.5","Rowan",35.551868,-80.395039
2025-09-04,51,"Rockwell","PM2.5","Rowan",35.551868,-80.395039
2025-09-05,52,"Rockwell","PM2.5","Rowan",35.551868,-80.395039
2025-09-06,57,"Rockwell","PM2.5","Rowan",35.551868,-80.395039
2025-09-07,32,"Rockwell","PM2.5","Rowan",35.551868,-80.395039
2025-09-08,26,"Rockwell","PM2.5","Rowan",35.551868,-80.395039
2025-09-09,24,"Rockwell","PM2.5","Rowan",35.551868,-80.395039
2025-09-10,25,"Rockwell","PM2.5","Rowan",35.551868,-80.395039
2025-09-11,26,"Rockwell","PM2.5","Rowan",35.551868,-80.395039
2025-09-12,41,"Rockwell","PM2.5","Rowan",35.551868,-80.395039
2025-09-13,43,"Rockwell","PM2.5","Rowan",35.551868,-80.395039
2025-09-14,44,"Rockwell","PM2.5","Rowan",35.551868,-80.395039
2025-09-15,49,"Rockwell","PM2.5","Rowan",35.551868,-80.395039
2025-09-16,34,"Rockwell","PM2.5","Rowan",35.551868,-80.395039
2025-09-17,47,"Rockwell","PM2.5","Rowan",35.551868,-80.395039
2025-09-18,39,"Rockwell","PM2.5","Rowan",35.551868,-80.395039
2025-09-19,53,"Rockwell","PM2.5","Rowan",35.551868,-80.395039
2025-09-20,56,"Rockwell","PM2.5","Rowan",35.551868,-80.395039
2025-09-21,54,"Rockwell","PM2.5","Rowan",35.551868,-80.395039
2025-09-22,52,"Rockwell","PM2.5","Rowan",35.551868,-80.395039
2025-09-23,55,"Rockwell","PM2.5","Rowan",35.551868,-80.395039
2025-09-24,57,"Rockwell","PM2.5","Rowan",35.551868,-80.395039
2025-09-25,47,"Rockwell","PM2.5","Rowan",35.551868,-80.395039
2025-09-26,28,"Rockwell","PM2.5","Rowan",35.551868,-80.395039
2025-09-27,37,"Rockwell","PM2.5","Rowan",35.551868,-80.395039
2025-09-28,21,"Rockwell","PM2.5","Rowan",35.551868,-80.395039
2025-09-29,32,"Rockwell","PM2.5","Rowan",35.551868,-80.395039
2025-09-30,39,"Rockwell","PM2.5","Rowan",35.551868,-80.395039
2025-10-08,18,"Rockwell","PM2.5","Rowan",35.551868,-80.395039
2025-10-09,15,"Rockwell","PM2.5","Rowan",35.551868,-80.395039
2025-10-10,17,"Rockwell","PM2.5","Rowan",35.551868,-80.395039
2025-10-11,24,"Rockwell","PM2.5","Rowan",35.551868,-80.395039
2025-10-12,14,"Rockwell","PM2.5","Rowan",35.551868,-80.395039
2025-10-13,9,"Rockwell","PM2.5","Rowan",35.551868,-80.395039
2025-10-14,16,"Rockwell","PM2.5","Rowan",35.551868,-80.395039
2025-10-15,14,"Rockwell","PM2.5","Rowan",35.551868,-80.395039
2025-10-16,19,"Rockwell","PM2.5","Rowan",35.551868,-80.395039
2025-10-17,40,"Rockwell","PM2.5","Rowan",35.551868,-80.395039
2025-10-18,52,"Rockwell","PM2.5","Rowan",35.551868,-80.395039
2025-10-19,25,"Rockwell","PM2.5","Rowan",35.551868,-80.395039
2025-10-20,19,"Rockwell","PM2.5","Rowan",35.551868,-80.395039
2025-10-21,43,"Rockwell","PM2.5","Rowan",35.551868,-80.395039
2025-10-22,19,"Rockwell","PM2.5","Rowan",35.551868,-80.395039
2025-10-23,18,"Rockwell","PM2.5","Rowan",35.551868,-80.395039
2025-10-24,22,"Rockwell","PM2.5","Rowan",35.551868,-80.395039
2025-10-25,21,"Rockwell","PM2.5","Rowan",35.551868,-80.395039
2025-10-26,37,"Rockwell","PM2.5","Rowan",35.551868,-80.395039
2025-10-27,26,"Rockwell","PM2.5","Rowan",35.551868,-80.395039
2025-10-28,11,"Rockwell","PM2.5","Rowan",35.551868,-80.395039
2025-10-29,17,"Rockwell","PM2.5","Rowan",35.551868,-80.395039
2025-10-30,5,"Rockwell","PM2.5","Rowan",35.551868,-80.395039
2025-10-31,19,"Rockwell","PM2.5","Rowan",35.551868,-80.395039
2025-11-01,51,"Rockwell","PM2.5","Rowan",35.551868,-80.395039
2025-11-02,55,"Rockwell","PM2.5","Rowan",35.551868,-80.395039
2025-11-03,32,"Rockwell","PM2.5","Rowan",35.551868,-80.395039
2025-11-04,27,"Rockwell","PM2.5","Rowan",35.551868,-80.395039
2025-11-05,52,"Rockwell","PM2.5","Rowan",35.551868,-80.395039
2025-11-06,38,"Rockwell","PM2.5","Rowan",35.551868,-80.395039
2025-11-07,54,"Rockwell","PM2.5","Rowan",35.551868,-80.395039
2025-11-08,58,"Rockwell","PM2.5","Rowan",35.551868,-80.395039
2025-11-09,50,"Rockwell","PM2.5","Rowan",35.551868,-80.395039
2025-11-10,0,"Rockwell","PM2.5","Rowan",35.551868,-80.395039
2025-11-11,9,"Rockwell","PM2.5","Rowan",35.551868,-80.395039
2025-11-12,47,"Rockwell","PM2.5","Rowan",35.551868,-80.395039
2025-11-13,52,"Rockwell","PM2.5","Rowan",35.551868,-80.395039
2025-11-14,47,"Rockwell","PM2.5","Rowan",35.551868,-80.395039
2025-11-15,53,"Rockwell","PM2.5","Rowan",35.551868,-80.395039
2025-11-16,38,"Rockwell","PM2.5","Rowan",35.551868,-80.395039
2025-11-17,11,"Rockwell","PM2.5","Rowan",35.551868,-80.395039
2025-11-18,38,"Rockwell","PM2.5","Rowan",35.551868,-80.395039
2025-11-19,53,"Rockwell","PM2.5","Rowan",35.551868,-80.395039
2025-11-20,58,"Rockwell","PM2.5","Rowan",35.551868,-80.395039
2025-11-21,88,"Rockwell","PM2.5","Rowan",35.551868,-80.395039
2025-11-22,44,"Rockwell","PM2.5","Rowan",35.551868,-80.395039
2025-11-23,37,"Rockwell","PM2.5","Rowan",35.551868,-80.395039
2025-11-24,45,"Rockwell","PM2.5","Rowan",35.551868,-80.395039
2025-11-25,49,"Rockwell","PM2.5","Rowan",35.551868,-80.395039
2025-11-26,33,"Rockwell","PM2.5","Rowan",35.551868,-80.395039
2025-11-27,7,"Rockwell","PM2.5","Rowan",35.551868,-80.395039
2025-11-28,17,"Rockwell","PM2.5","Rowan",35.551868,-80.395039
2025-11-29,27,"Rockwell","PM2.5","Rowan",35.551868,-80.395039
2025-11-30,51,"Rockwell","PM2.5","Rowan",35.551868,-80.395039
2025-12-01,31,"Rockwell","PM2.5","Rowan",35.551868,-80.395039
2025-12-02,29,"Rockwell","PM2.5","Rowan",35.551868,-80.395039
2025-12-03,31,"Rockwell","PM2.5","Rowan",35.551868,-80.395039
2025-12-04,60,"Rockwell","PM2.5","Rowan",35.551868,-80.395039
2025-12-05,47,"Rockwell","PM2.5","Rowan",35.551868,-80.395039
2025-12-06,51,"Rockwell","PM2.5","Rowan",35.551868,-80.395039
2025-12-07,56,"Rockwell","PM2.5","Rowan",35.551868,-80.395039
2025-12-08,47,"Rockwell","PM2.5","Rowan",35.551868,-80.395039
2025-12-09,37,"Rockwell","PM2.5","Rowan",35.551868,-80.395039
2025-12-10,41,"Rockwell","PM2.5","Rowan",35.551868,-80.395039
2025-12-11,12,"Rockwell","PM2.5","Rowan",35.551868,-80.395039
2025-12-12,63,"Rockwell","PM2.5","Rowan",35.551868,-80.395039
2025-12-13,62,"Rockwell","PM2.5","Rowan",35.551868,-80.395039
2025-12-14,44,"Rockwell","PM2.5","Rowan",35.551868,-80.395039
2025-12-15,16,"Rockwell","PM2.5","Rowan",35.551868,-80.395039
2025-12-16,56,"Rockwell","PM2.5","Rowan",35.551868,-80.395039
2025-12-17,61,"Rockwell","PM2.5","Rowan",35.551868,-80.395039
2025-12-18,59,"Rockwell","PM2.5","Rowan",35.551868,-80.395039
2025-12-19,8,"Rockwell","PM2.5","Rowan",35.551868,-80.395039
2025-12-20,32,"Rockwell","PM2.5","Rowan",35.551868,-80.395039
2025-12-21,47,"Rockwell","PM2.5","Rowan",35.551868,-80.395039
2025-12-22,28,"Rockwell","PM2.5","Rowan",35.551868,-80.395039
2025-12-23,49,"Rockwell","PM2.5","Rowan",35.551868,-80.395039
2025-12-24,53,"Rockwell","PM2.5","Rowan",35.551868,-80.395039
2025-12-25,52,"Rockwell","PM2.5","Rowan",35.551868,-80.395039
2025-12-26,41,"Rockwell","PM2.5","Rowan",35.551868,-80.395039
2025-12-27,51,"Rockwell","PM2.5","Rowan",35.551868,-80.395039
2025-12-28,39,"Rockwell","PM2.5","Rowan",35.551868,-80.395039
2025-12-29,22,"Rockwell","PM2.5","Rowan",35.551868,-80.395039
2025-12-30,9,"Rockwell","PM2.5","Rowan",35.551868,-80.395039
2025-12-31,21,"Rockwell","PM2.5","Rowan",35.551868,-80.395039
2025-01-01,7,"Bryson City","PM2.5","Swain",35.434767,-83.442133
2025-01-02,11,"Bryson City","PM2.5","Swain",35.434767,-83.442133
2025-01-03,25,"Bryson City","PM2.5","Swain",35.434767,-83.442133
2025-01-04,3,"Bryson City","PM2.5","Swain",35.434767,-83.442133
2025-01-05,28,"Bryson City","PM2.5","Swain",35.434767,-83.442133
2025-01-06,13,"Bryson City","PM2.5","Swain",35.434767,-83.442133
2025-01-07,11,"Bryson City","PM2.5","Swain",35.434767,-83.442133
2025-01-08,9,"Bryson City","PM2.5","Swain",35.434767,-83.442133
2025-01-09,17,"Bryson City","PM2.5","Swain",35.434767,-83.442133
2025-01-10,38,"Bryson City","PM2.5","Swain",35.434767,-83.442133
2025-01-11,19,"Bryson City","PM2.5","Swain",35.434767,-83.442133
2025-01-12,32,"Bryson City","PM2.5","Swain",35.434767,-83.442133
2025-01-13,38,"Bryson City","PM2.5","Swain",35.434767,-83.442133
2025-01-14,13,"Bryson City","PM2.5","Swain",35.434767,-83.442133
2025-01-15,17,"Bryson City","PM2.5","Swain",35.434767,-83.442133
2025-01-16,24,"Bryson City","PM2.5","Swain",35.434767,-83.442133
2025-01-17,27,"Bryson City","PM2.5","Swain",35.434767,-83.442133
2025-01-18,47,"Bryson City","PM2.5","Swain",35.434767,-83.442133
2025-01-19,11,"Bryson City","PM2.5","Swain",35.434767,-83.442133
2025-01-20,9,"Bryson City","PM2.5","Swain",35.434767,-83.442133
2025-01-21,7,"Bryson City","PM2.5","Swain",35.434767,-83.442133
2025-01-22,27,"Bryson City","PM2.5","Swain",35.434767,-83.442133
2025-01-23,42,"Bryson City","PM2.5","Swain",35.434767,-83.442133
2025-01-24,39,"Bryson City","PM2.5","Swain",35.434767,-83.442133
2025-01-25,49,"Bryson City","PM2.5","Swain",35.434767,-83.442133
2025-01-26,54,"Bryson City","PM2.5","Swain",35.434767,-83.442133
2025-01-27,43,"Bryson City","PM2.5","Swain",35.434767,-83.442133
2025-01-28,19,"Bryson City","PM2.5","Swain",35.434767,-83.442133
2025-01-29,21,"Bryson City","PM2.5","Swain",35.434767,-83.442133
2025-01-30,54,"Bryson City","PM2.5","Swain",35.434767,-83.442133
2025-01-31,47,"Bryson City","PM2.5","Swain",35.434767,-83.442133
2025-02-01,32,"Bryson City","PM2.5","Swain",35.434767,-83.442133
2025-02-02,49,"Bryson City","PM2.5","Swain",35.434767,-83.442133
2025-02-03,46,"Bryson City","PM2.5","Swain",35.434767,-83.442133
2025-02-04,52,"Bryson City","PM2.5","Swain",35.434767,-83.442133
2025-02-05,49,"Bryson City","PM2.5","Swain",35.434767,-83.442133
2025-02-06,46,"Bryson City","PM2.5","Swain",35.434767,-83.442133
2025-02-07,19,"Bryson City","PM2.5","Swain",35.434767,-83.442133
2025-02-08,32,"Bryson City","PM2.5","Swain",35.434767,-83.442133
2025-02-09,21,"Bryson City","PM2.5","Swain",35.434767,-83.442133
2025-02-10,18,"Bryson City","PM2.5","Swain",35.434767,-83.442133
2025-02-11,21,"Bryson City","PM2.5","Swain",35.434767,-83.442133
2025-02-12,23,"Bryson City","PM2.5","Swain",35.434767,-83.442133
2025-02-13,15,"Bryson City","PM2.5","Swain",35.434767,-83.442133
2025-02-14,34,"Bryson City","PM2.5","Swain",35.434767,-83.442133
2025-02-15,46,"Bryson City","PM2.5","Swain",35.434767,-83.442133
2025-02-16,19,"Bryson City","PM2.5","Swain",35.434767,-83.442133
2025-02-17,19,"Bryson City","PM2.5","Swain",35.434767,-83.442133
2025-02-18,34,"Bryson City","PM2.5","Swain",35.434767,-83.442133
2025-02-19,42,"Bryson City","PM2.5","Swain",35.434767,-83.442133
2025-02-20,22,"Bryson City","PM2.5","Swain",35.434767,-83.442133
2025-02-21,16,"Bryson City","PM2.5","Swain",35.434767,-83.442133
2025-02-22,51,"Bryson City","PM2.5","Swain",35.434767,-83.442133
2025-02-23,51,"Bryson City","PM2.5","Swain",35.434767,-83.442133
2025-02-24,35,"Bryson City","PM2.5","Swain",35.434767,-83.442133
2025-02-25,41,"Bryson City","PM2.5","Swain",35.434767,-83.442133
2025-02-26,29,"Bryson City","PM2.5","Swain",35.434767,-83.442133
2025-02-27,34,"Bryson City","PM2.5","Swain",35.434767,-83.442133
2025-02-28,19,"Bryson City","PM2.5","Swain",35.434767,-83.442133
2025-03-01,17,"Bryson City","PM2.5","Swain",35.434767,-83.442133
2025-03-02,12,"Bryson City","PM2.5","Swain",35.434767,-83.442133
2025-03-03,27,"Bryson City","PM2.5","Swain",35.434767,-83.442133
2025-03-04,48,"Bryson City","PM2.5","Swain",35.434767,-83.442133
2025-03-05,25,"Bryson City","PM2.5","Swain",35.434767,-83.442133
2025-03-06,13,"Bryson City","PM2.5","Swain",35.434767,-83.442133
2025-03-07,20,"Bryson City","PM2.5","Swain",35.434767,-83.442133
2025-03-08,41,"Bryson City","PM2.5","Swain",35.434767,-83.442133
2025-03-09,25,"Bryson City","PM2.5","Swain",35.434767,-83.442133
2025-03-10,29,"Bryson City","PM2.5","Swain",35.434767,-83.442133
2025-03-11,30,"Bryson City","PM2.5","Swain",35.434767,-83.442133
2025-03-12,44,"Bryson City","PM2.5","Swain",35.434767,-83.442133
2025-03-13,53,"Bryson City","PM2.5","Swain",35.434767,-83.442133
2025-03-14,52,"Bryson City","PM2.5","Swain",35.434767,-83.442133
2025-03-15,51,"Bryson City","PM2.5","Swain",35.434767,-83.442133
2025-03-16,50,"Bryson City","PM2.5","Swain",35.434767,-83.442133
2025-03-17,23,"Bryson City","PM2.5","Swain",35.434767,-83.442133
2025-03-18,28,"Bryson City","PM2.5","Swain",35.434767,-83.442133
2025-03-19,38,"Bryson City","PM2.5","Swain",35.434767,-83.442133
2025-03-20,25,"Bryson City","PM2.5","Swain",35.434767,-83.442133
2025-03-21,16,"Bryson City","PM2.5","Swain",35.434767,-83.442133
2025-03-22,19,"Bryson City","PM2.5","Swain",35.434767,-83.442133
2025-03-23,20,"Bryson City","PM2.5","Swain",35.434767,-83.442133
2025-03-24,28,"Bryson City","PM2.5","Swain",35.434767,-83.442133
2025-03-25,19,"Bryson City","PM2.5","Swain",35.434767,-83.442133
2025-03-26,24,"Bryson City","PM2.5","Swain",35.434767,-83.442133
2025-03-27,37,"Bryson City","PM2.5","Swain",35.434767,-83.442133
2025-03-28,56,"Bryson City","PM2.5","Swain",35.434767,-83.442133
2025-03-29,66,"Bryson City","PM2.5","Swain",35.434767,-83.442133
2025-03-30,34,"Bryson City","PM2.5","Swain",35.434767,-83.442133
2025-03-31,14,"Bryson City","PM2.5","Swain",35.434767,-83.442133
2025-04-01,12,"Bryson City","PM2.5","Swain",35.434767,-83.442133
2025-04-02,33,"Bryson City","PM2.5","Swain",35.434767,-83.442133
2025-04-03,41,"Bryson City","PM2.5","Swain",35.434767,-83.442133
2025-04-04,35,"Bryson City","PM2.5","Swain",35.434767,-83.442133
2025-04-05,38,"Bryson City","PM2.5","Swain",35.434767,-83.442133
2025-04-06,16,"Bryson City","PM2.5","Swain",35.434767,-83.442133
2025-04-07,8,"Bryson City","PM2.5","Swain",35.434767,-83.442133
2025-04-08,25,"Bryson City","PM2.5","Swain",35.434767,-83.442133
2025-04-09,27,"Bryson City","PM2.5","Swain",35.434767,-83.442133
2025-04-10,51,"Bryson City","PM2.5","Swain",35.434767,-83.442133
2025-04-11,23,"Bryson City","PM2.5","Swain",35.434767,-83.442133
2025-04-12,27,"Bryson City","PM2.5","Swain",35.434767,-83.442133
2025-04-13,26,"Bryson City","PM2.5","Swain",35.434767,-83.442133
2025-04-14,49,"Bryson City","PM2.5","Swain",35.434767,-83.442133
2025-04-15,32,"Bryson City","PM2.5","Swain",35.434767,-83.442133
2025-04-16,22,"Bryson City","PM2.5","Swain",35.434767,-83.442133
2025-04-17,30,"Bryson City","PM2.5","Swain",35.434767,-83.442133
2025-04-18,62,"Bryson City","PM2.5","Swain",35.434767,-83.442133
2025-04-19,80,"Bryson City","PM2.5","Swain",35.434767,-83.442133
2025-04-20,76,"Bryson City","PM2.5","Swain",35.434767,-83.442133
2025-04-21,44,"Bryson City","PM2.5","Swain",35.434767,-83.442133
2025-04-22,34,"Bryson City","PM2.5","Swain",35.434767,-83.442133
2025-04-23,16,"Bryson City","PM2.5","Swain",35.434767,-83.442133
2025-04-24,27,"Bryson City","PM2.5","Swain",35.434767,-83.442133
2025-04-25,47,"Bryson City","PM2.5","Swain",35.434767,-83.442133
2025-04-26,33,"Bryson City","PM2.5","Swain",35.434767,-83.442133
2025-04-27,31,"Bryson City","PM2.5","Swain",35.434767,-83.442133
2025-04-28,36,"Bryson City","PM2.5","Swain",35.434767,-83.442133
2025-04-29,47,"Bryson City","PM2.5","Swain",35.434767,-83.442133
2025-04-30,51,"Bryson City","PM2.5","Swain",35.434767,-83.442133
2025-05-01,46,"Bryson City","PM2.5","Swain",35.434767,-83.442133
2025-05-02,31,"Bryson City","PM2.5","Swain",35.434767,-83.442133
2025-05-03,12,"Bryson City","PM2.5","Swain",35.434767,-83.442133
2025-05-04,16,"Bryson City","PM2.5","Swain",35.434767,-83.442133
2025-05-05,21,"Bryson City","PM2.5","Swain",35.434767,-83.442133
2025-05-06,26,"Bryson City","PM2.5","Swain",35.434767,-83.442133
2025-05-07,29,"Bryson City","PM2.5","Swain",35.434767,-83.442133
2025-05-08,31,"Bryson City","PM2.5","Swain",35.434767,-83.442133
2025-05-09,23,"Bryson City","PM2.5","Swain",35.434767,-83.442133
2025-05-10,33,"Bryson City","PM2.5","Swain",35.434767,-83.442133
2025-05-11,22,"Bryson City","PM2.5","Swain",35.434767,-83.442133
2025-05-12,20,"Bryson City","PM2.5","Swain",35.434767,-83.442133
2025-05-13,16,"Bryson City","PM2.5","Swain",35.434767,-83.442133
2025-05-14,27,"Bryson City","PM2.5","Swain",35.434767,-83.442133
2025-05-15,45,"Bryson City","PM2.5","Swain",35.434767,-83.442133
2025-05-16,51,"Bryson City","PM2.5","Swain",35.434767,-83.442133
2025-05-17,26,"Bryson City","PM2.5","Swain",35.434767,-83.442133
2025-05-18,37,"Bryson City","PM2.5","Swain",35.434767,-83.442133
2025-05-19,33,"Bryson City","PM2.5","Swain",35.434767,-83.442133
2025-05-20,39,"Bryson City","PM2.5","Swain",35.434767,-83.442133
2025-05-21,18,"Bryson City","PM2.5","Swain",35.434767,-83.442133
2025-05-22,14,"Bryson City","PM2.5","Swain",35.434767,-83.442133
2025-05-23,23,"Bryson City","PM2.5","Swain",35.434767,-83.442133
2025-05-24,31,"Bryson City","PM2.5","Swain",35.434767,-83.442133
2025-05-25,36,"Bryson City","PM2.5","Swain",35.434767,-83.442133
2025-05-26,23,"Bryson City","PM2.5","Swain",35.434767,-83.442133
2025-05-27,18,"Bryson City","PM2.5","Swain",35.434767,-83.442133
2025-05-28,39,"Bryson City","PM2.5","Swain",35.434767,-83.442133
2025-05-29,32,"Bryson City","PM2.5","Swain",35.434767,-83.442133
2025-05-30,14,"Bryson City","PM2.5","Swain",35.434767,-83.442133
2025-05-31,48,"Bryson City","PM2.5","Swain",35.434767,-83.442133
2025-06-01,54,"Bryson City","PM2.5","Swain",35.434767,-83.442133
2025-06-02,62,"Bryson City","PM2.5","Swain",35.434767,-83.442133
2025-06-03,68,"Bryson City","PM2.5","Swain",35.434767,-83.442133
2025-06-04,68,"Bryson City","PM2.5","Swain",35.434767,-83.442133
2025-06-05,60,"Bryson City","PM2.5","Swain",35.434767,-83.442133
2025-06-06,54,"Bryson City","PM2.5","Swain",35.434767,-83.442133
2025-06-07,12,"Bryson City","PM2.5","Swain",35.434767,-83.442133
2025-06-08,26,"Bryson City","PM2.5","Swain",35.434767,-83.442133
2025-06-09,24,"Bryson City","PM2.5","Swain",35.434767,-83.442133
2025-06-10,23,"Bryson City","PM2.5","Swain",35.434767,-83.442133
2025-06-11,57,"Bryson City","PM2.5","Swain",35.434767,-83.442133
2025-06-12,53,"Bryson City","PM2.5","Swain",35.434767,-83.442133
2025-06-13,23,"Bryson City","PM2.5","Swain",35.434767,-83.442133
2025-06-14,26,"Bryson City","PM2.5","Swain",35.434767,-83.442133
2025-06-15,28,"Bryson City","PM2.5","Swain",35.434767,-83.442133
2025-06-16,29,"Bryson City","PM2.5","Swain",35.434767,-83.442133
2025-06-17,21,"Bryson City","PM2.5","Swain",35.434767,-83.442133
2025-06-18,26,"Bryson City","PM2.5","Swain",35.434767,-83.442133
2025-06-19,24,"Bryson City","PM2.5","Swain",35.434767,-83.442133
2025-06-20,27,"Bryson City","PM2.5","Swain",35.434767,-83.442133
2025-06-21,42,"Bryson City","PM2.5","Swain",35.434767,-83.442133
2025-06-22,45,"Bryson City","PM2.5","Swain",35.434767,-83.442133
2025-06-23,45,"Bryson City","PM2.5","Swain",35.434767,-83.442133
2025-06-24,47,"Bryson City","PM2.5","Swain",35.434767,-83.442133
2025-06-25,51,"Bryson City","PM2.5","Swain",35.434767,-83.442133
2025-06-26,44,"Bryson City","PM2.5","Swain",35.434767,-83.442133
2025-06-27,44,"Bryson City","PM2.5","Swain",35.434767,-83.442133
2025-06-28,29,"Bryson City","PM2.5","Swain",35.434767,-83.442133
2025-06-29,27,"Bryson City","PM2.5","Swain",35.434767,-83.442133
2025-06-30,31,"Bryson City","PM2.5","Swain",35.434767,-83.442133
2025-07-01,30,"Bryson City","PM2.5","Swain",35.434767,-83.442133
2025-07-02,29,"Bryson City","PM2.5","Swain",35.434767,-83.442133
2025-07-03,53,"Bryson City","PM2.5","Swain",35.434767,-83.442133
2025-07-04,58,"Bryson City","PM2.5","Swain",35.434767,-83.442133
2025-07-05,57,"Bryson City","PM2.5","Swain",35.434767,-83.442133
2025-07-06,54,"Bryson City","PM2.5","Swain",35.434767,-83.442133
2025-07-07,53,"Bryson City","PM2.5","Swain",35.434767,-83.442133
2025-07-08,52,"Bryson City","PM2.5","Swain",35.434767,-83.442133
2025-07-09,44,"Bryson City","PM2.5","Swain",35.434767,-83.442133
2025-07-10,27,"Bryson City","PM2.5","Swain",35.434767,-83.442133
2025-07-11,22,"Bryson City","PM2.5","Swain",35.434767,-83.442133
2025-07-12,29,"Bryson City","PM2.5","Swain",35.434767,-83.442133
2025-07-13,33,"Bryson City","PM2.5","Swain",35.434767,-83.442133
2025-07-14,21,"Bryson City","PM2.5","Swain",35.434767,-83.442133
2025-07-15,28,"Bryson City","PM2.5","Swain",35.434767,-83.442133
2025-07-16,25,"Bryson City","PM2.5","Swain",35.434767,-83.442133
2025-07-17,32,"Bryson City","PM2.5","Swain",35.434767,-83.442133
2025-07-18,27,"Bryson City","PM2.5","Swain",35.434767,-83.442133
2025-07-19,20,"Bryson City","PM2.5","Swain",35.434767,-83.442133
2025-07-20,34,"Bryson City","PM2.5","Swain",35.434767,-83.442133
2025-07-21,41,"Bryson City","PM2.5","Swain",35.434767,-83.442133
2025-07-22,37,"Bryson City","PM2.5","Swain",35.434767,-83.442133
2025-07-23,41,"Bryson City","PM2.5","Swain",35.434767,-83.442133
2025-07-24,53,"Bryson City","PM2.5","Swain",35.434767,-83.442133
2025-07-25,34,"Bryson City","PM2.5","Swain",35.434767,-83.442133
2025-07-26,24,"Bryson City","PM2.5","Swain",35.434767,-83.442133
2025-07-27,25,"Bryson City","PM2.5","Swain",35.434767,-83.442133
2025-07-28,16,"Bryson City","PM2.5","Swain",35.434767,-83.442133
2025-07-29,20,"Bryson City","PM2.5","Swain",35.434767,-83.442133
2025-07-30,18,"Bryson City","PM2.5","Swain",35.434767,-83.442133
2025-08-02,16,"Bryson City","PM2.5","Swain",35.434767,-83.442133
2025-08-03,22,"Bryson City","PM2.5","Swain",35.434767,-83.442133
2025-08-04,25,"Bryson City","PM2.5","Swain",35.434767,-83.442133
2025-08-05,13,"Bryson City","PM2.5","Swain",35.434767,-83.442133
2025-08-06,21,"Bryson City","PM2.5","Swain",35.434767,-83.442133
2025-08-07,24,"Bryson City","PM2.5","Swain",35.434767,-83.442133
2025-08-08,36,"Bryson City","PM2.5","Swain",35.434767,-83.442133
2025-08-09,58,"Bryson City","PM2.5","Swain",35.434767,-83.442133
2025-08-10,45,"Bryson City","PM2.5","Swain",35.434767,-83.442133
2025-08-11,24,"Bryson City","PM2.5","Swain",35.434767,-83.442133
2025-08-12,16,"Bryson City","PM2.5","Swain",35.434767,-83.442133
2025-08-13,13,"Bryson City","PM2.5","Swain",35.434767,-83.442133
2025-08-14,17,"Bryson City","PM2.5","Swain",35.434767,-83.442133
2025-08-15,29,"Bryson City","PM2.5","Swain",35.434767,-83.442133
2025-08-16,38,"Bryson City","PM2.5","Swain",35.434767,-83.442133
2025-08-17,45,"Bryson City","PM2.5","Swain",35.434767,-83.442133
2025-08-18,47,"Bryson City","PM2.5","Swain",35.434767,-83.442133
2025-08-19,37,"Bryson City","PM2.5","Swain",35.434767,-83.442133
2025-08-20,27,"Bryson City","PM2.5","Swain",35.434767,-83.442133
2025-08-21,29,"Bryson City","PM2.5","Swain",35.434767,-83.442133
2025-08-22,32,"Bryson City","PM2.5","Swain",35.434767,-83.442133
2025-08-23,30,"Bryson City","PM2.5","Swain",35.434767,-83.442133
2025-08-24,31,"Bryson City","PM2.5","Swain",35.434767,-83.442133
2025-08-25,18,"Bryson City","PM2.5","Swain",35.434767,-83.442133
2025-08-26,22,"Bryson City","PM2.5","Swain",35.434767,-83.442133
2025-08-27,20,"Bryson City","PM2.5","Swain",35.434767,-83.442133
2025-08-28,23,"Bryson City","PM2.5","Swain",35.434767,-83.442133
2025-08-29,32,"Bryson City","PM2.5","Swain",35.434767,-83.442133
2025-08-30,41,"Bryson City","PM2.5","Swain",35.434767,-83.442133
2025-08-31,36,"Bryson City","PM2.5","Swain",35.434767,-83.442133
2025-09-01,38,"Bryson City","PM2.5","Swain",35.434767,-83.442133
2025-09-02,31,"Bryson City","PM2.5","Swain",35.434767,-83.442133
2025-09-03,30,"Bryson City","PM2.5","Swain",35.434767,-83.442133
2025-09-04,30,"Bryson City","PM2.5","Swain",35.434767,-83.442133
2025-09-05,50,"Bryson City","PM2.5","Swain",35.434767,-83.442133
2025-09-06,27,"Bryson City","PM2.5","Swain",35.434767,-83.442133
2025-09-07,18,"Bryson City","PM2.5","Swain",35.434767,-83.442133
2025-09-08,21,"Bryson City","PM2.5","Swain",35.434767,-83.442133
2025-09-09,28,"Bryson City","PM2.5","Swain",35.434767,-83.442133
2025-09-10,28,"Bryson City","PM2.5","Swain",35.434767,-83.442133
2025-09-11,34,"Bryson City","PM2.5","Swain",35.434767,-83.442133
2025-09-12,39,"Bryson City","PM2.5","Swain",35.434767,-83.442133
2025-09-13,34,"Bryson City","PM2.5","Swain",35.434767,-83.442133
2025-09-14,42,"Bryson City","PM2.5","Swain",35.434767,-83.442133
2025-09-15,40,"Bryson City","PM2.5","Swain",35.434767,-83.442133
2025-09-16,48,"Bryson City","PM2.5","Swain",35.434767,-83.442133
2025-09-17,39,"Bryson City","PM2.5","Swain",35.434767,-83.442133
2025-09-18,38,"Bryson City","PM2.5","Swain",35.434767,-83.442133
2025-09-19,32,"Bryson City","PM2.5","Swain",35.434767,-83.442133
2025-09-20,32,"Bryson City","PM2.5","Swain",35.434767,-83.442133
2025-09-21,43,"Bryson City","PM2.5","Swain",35.434767,-83.442133
2025-09-22,52,"Bryson City","PM2.5","Swain",35.434767,-83.442133
2025-09-23,52,"Bryson City","PM2.5","Swain",35.434767,-83.442133
2025-09-24,51,"Bryson City","PM2.5","Swain",35.434767,-83.442133
2025-09-25,14,"Bryson City","PM2.5","Swain",35.434767,-83.442133
2025-09-26,16,"Bryson City","PM2.5","Swain",35.434767,-83.442133
2025-09-27,13,"Bryson City","PM2.5","Swain",35.434767,-83.442133
2025-09-28,22,"Bryson City","PM2.5","Swain",35.434767,-83.442133
2025-09-29,22,"Bryson City","PM2.5","Swain",35.434767,-83.442133
2025-09-30,8,"Bryson City","PM2.5","Swain",35.434767,-83.442133
2025-10-01,13,"Bryson City","PM2.5","Swain",35.434767,-83.442133
2025-10-02,32,"Bryson City","PM2.5","Swain",35.434767,-83.442133
2025-10-03,32,"Bryson City","PM2.5","Swain",35.434767,-83.442133
2025-10-04,39,"Bryson City","PM2.5","Swain",35.434767,-83.442133
2025-10-05,22,"Bryson City","PM2.5","Swain",35.434767,-83.442133
2025-10-06,13,"Bryson City","PM2.5","Swain",35.434767,-83.442133
2025-10-07,18,"Bryson City","PM2.5","Swain",35.434767,-83.442133
2025-10-08,22,"Bryson City","PM2.5","Swain",35.434767,-83.442133
2025-10-09,27,"Bryson City","PM2.5","Swain",35.434767,-83.442133
2025-10-10,28,"Bryson City","PM2.5","Swain",35.434767,-83.442133
2025-10-11,35,"Bryson City","PM2.5","Swain",35.434767,-83.442133
2025-10-12,32,"Bryson City","PM2.5","Swain",35.434767,-83.442133
2025-10-13,29,"Bryson City","PM2.5","Swain",35.434767,-83.442133
2025-10-14,15,"Bryson City","PM2.5","Swain",35.434767,-83.442133
2025-10-15,34,"Bryson City","PM2.5","Swain",35.434767,-83.442133
2025-10-16,27,"Bryson City","PM2.5","Swain",35.434767,-83.442133
2025-10-17,37,"Bryson City","PM2.5","Swain",35.434767,-83.442133
2025-10-18,60,"Bryson City","PM2.5","Swain",35.434767,-83.442133
2025-10-19,29,"Bryson City","PM2.5","Swain",35.434767,-83.442133
2025-10-20,15,"Bryson City","PM2.5","Swain",35.434767,-83.442133
2025-10-21,28,"Bryson City","PM2.5","Swain",35.434767,-83.442133
2025-10-22,16,"Bryson City","PM2.5","Swain",35.434767,-83.442133
2025-10-23,32,"Bryson City","PM2.5","Swain",35.434767,-83.442133
2025-10-24,23,"Bryson City","PM2.5","Swain",35.434767,-83.442133
2025-10-25,42,"Bryson City","PM2.5","Swain",35.434767,-83.442133
2025-10-26,39,"Bryson City","PM2.5","Swain",35.434767,-83.442133
2025-10-27,12,"Bryson City","PM2.5","Swain",35.434767,-83.442133
2025-10-28,12,"Bryson City","PM2.5","Swain",35.434767,-83.442133
2025-10-29,9,"Bryson City","PM2.5","Swain",35.434767,-83.442133
2025-10-30,9,"Bryson City","PM2.5","Swain",35.434767,-83.442133
2025-10-31,28,"Bryson City","PM2.5","Swain",35.434767,-83.442133
2025-11-01,33,"Bryson City","PM2.5","Swain",35.434767,-83.442133
2025-11-02,31,"Bryson City","PM2.5","Swain",35.434767,-83.442133
2025-11-03,15,"Bryson City","PM2.5","Swain",35.434767,-83.442133
2025-11-04,31,"Bryson City","PM2.5","Swain",35.434767,-83.442133
2025-11-05,31,"Bryson City","PM2.5","Swain",35.434767,-83.442133
2025-11-06,41,"Bryson City","PM2.5","Swain",35.434767,-83.442133
2025-11-07,55,"Bryson City","PM2.5","Swain",35.434767,-83.442133
2025-11-08,38,"Bryson City","PM2.5","Swain",35.434767,-83.442133
2025-11-09,32,"Bryson City","PM2.5","Swain",35.434767,-83.442133
2025-11-10,9,"Bryson City","PM2.5","Swain",35.434767,-83.442133
2025-11-11,25,"Bryson City","PM2.5","Swain",35.434767,-83.442133
2025-11-12,36,"Bryson City","PM2.5","Swain",35.434767,-83.442133
2025-11-13,34,"Bryson City","PM2.5","Swain",35.434767,-83.442133
2025-11-14,54,"Bryson City","PM2.5","Swain",35.434767,-83.442133
2025-11-15,57,"Bryson City","PM2.5","Swain",35.434767,-83.442133
2025-11-16,29,"Bryson City","PM2.5","Swain",35.434767,-83.442133
2025-11-17,13,"Bryson City","PM2.5","Swain",35.434767,-83.442133
2025-11-18,36,"Bryson City","PM2.5","Swain",35.434767,-83.442133
2025-11-19,47,"Bryson City","PM2.5","Swain",35.434767,-83.442133
2025-11-20,51,"Bryson City","PM2.5","Swain",35.434767,-83.442133
2025-11-21,54,"Bryson City","PM2.5","Swain",35.434767,-83.442133
2025-11-22,46,"Bryson City","PM2.5","Swain",35.434767,-83.442133
2025-11-23,34,"Bryson City","PM2.5","Swain",35.434767,-83.442133
2025-11-24,55,"Bryson City","PM2.5","Swain",35.434767,-83.442133
2025-11-25,54,"Bryson City","PM2.5","Swain",35.434767,-83.442133
2025-11-26,18,"Bryson City","PM2.5","Swain",35.434767,-83.442133
2025-11-27,11,"Bryson City","PM2.5","Swain",35.434767,-83.442133
2025-11-28,28,"Bryson City","PM2.5","Swain",35.434767,-83.442133
2025-11-29,41,"Bryson City","PM2.5","Swain",35.434767,-83.442133
2025-11-30,33,"Bryson City","PM2.5","Swain",35.434767,-83.442133
2025-12-01,28,"Bryson City","PM2.5","Swain",35.434767,-83.442133
2025-12-02,19,"Bryson City","PM2.5","Swain",35.434767,-83.442133
2025-12-03,25,"Bryson City","PM2.5","Swain",35.434767,-83.442133
2025-12-04,53,"Bryson City","PM2.5","Swain",35.434767,-83.442133
2025-12-05,21,"Bryson City","PM2.5","Swain",35.434767,-83.442133
2025-12-06,56,"Bryson City","PM2.5","Swain",35.434767,-83.442133
2025-12-07,42,"Bryson City","PM2.5","Swain",35.434767,-83.442133
2025-12-08,52,"Bryson City","PM2.5","Swain",35.434767,-83.442133
2025-12-09,32,"Bryson City","PM2.5","Swain",35.434767,-83.442133
2025-12-10,37,"Bryson City","PM2.5","Swain",35.434767,-83.442133
2025-12-11,18,"Bryson City","PM2.5","Swain",35.434767,-83.442133
2025-12-12,51,"Bryson City","PM2.5","Swain",35.434767,-83.442133
2025-12-13,66,"Bryson City","PM2.5","Swain",35.434767,-83.442133
2025-12-14,29,"Bryson City","PM2.5","Swain",35.434767,-83.442133
2025-12-15,45,"Bryson City","PM2.5","Swain",35.434767,-83.442133
2025-12-16,55,"Bryson City","PM2.5","Swain",35.434767,-83.442133
2025-12-17,65,"Bryson City","PM2.5","Swain",35.434767,-83.442133
2025-12-18,57,"Bryson City","PM2.5","Swain",35.434767,-83.442133
2025-12-19,10,"Bryson City","PM2.5","Swain",35.434767,-83.442133
2025-12-20,60,"Bryson City","PM2.5","Swain",35.434767,-83.442133
2025-12-21,64,"Bryson City","PM2.5","Swain",35.434767,-83.442133
2025-12-22,76,"Bryson City","PM2.5","Swain",35.434767,-83.442133
2025-12-23,71,"Bryson City","PM2.5","Swain",35.434767,-83.442133
2025-12-24,68,"Bryson City","PM2.5","Swain",35.434767,-83.442133
2025-12-25,52,"Bryson City","PM2.5","Swain",35.434767,-83.442133
2025-12-26,41,"Bryson City","PM2.5","Swain",35.434767,-83.442133
2025-12-27,39,"Bryson City","PM2.5","Swain",35.434767,-83.442133
2025-12-28,56,"Bryson City","PM2.5","Swain",35.434767,-83.442133
2025-12-29,12,"Bryson City","PM2.5","Swain",35.434767,-83.442133
2025-12-30,12,"Bryson City","PM2.5","Swain",35.434767,-83.442133
2025-12-31,22,"Bryson City","PM2.5","Swain",35.434767,-83.442133
2025-01-19,13,"Old High School","PM2.5","Swain",35.498711,-83.310242
2025-01-25,19,"Old High School","PM2.5","Swain",35.498711,-83.310242
2025-01-31,32,"Old High School","PM2.5","Swain",35.498711,-83.310242
2025-02-06,51,"Old High School","PM2.5","Swain",35.498711,-83.310242
2025-02-12,20,"Old High School","PM2.5","Swain",35.498711,-83.310242
2025-02-18,13,"Old High School","PM2.5","Swain",35.498711,-83.310242
2025-02-24,16,"Old High School","PM2.5","Swain",35.498711,-83.310242
2025-03-02,13,"Old High School","PM2.5","Swain",35.498711,-83.310242
2025-03-08,28,"Old High School","PM2.5","Swain",35.498711,-83.310242
2025-03-14,44,"Old High School","PM2.5","Swain",35.498711,-83.310242
2025-03-20,29,"Old High School","PM2.5","Swain",35.498711,-83.310242
2025-03-26,23,"Old High School","PM2.5","Swain",35.498711,-83.310242
2025-04-01,14,"Old High School","PM2.5","Swain",35.498711,-83.310242
2025-04-07,12,"Old High School","PM2.5","Swain",35.498711,-83.310242
2025-04-13,21,"Old High School","PM2.5","Swain",35.498711,-83.310242
2025-04-25,34,"Old High School","PM2.5","Swain",35.498711,-83.310242
2025-04-26,42,"Old High School","PM2.5","Swain",35.498711,-83.310242
2025-06-18,26,"Old High School","PM2.5","Swain",35.498711,-83.310242
2025-07-18,22,"Old High School","PM2.5","Swain",35.498711,-83.310242
2025-07-24,58,"Old High School","PM2.5","Swain",35.498711,-83.310242
2025-07-30,31,"Old High School","PM2.5","Swain",35.498711,-83.310242
2025-08-06,28,"Old High School","PM2.5","Swain",35.498711,-83.310242
2025-08-12,49,"Old High School","PM2.5","Swain",35.498711,-83.310242
2025-08-23,24,"Old High School","PM2.5","Swain",35.498711,-83.310242
2025-08-24,29,"Old High School","PM2.5","Swain",35.498711,-83.310242
2025-08-29,28,"Old High School","PM2.5","Swain",35.498711,-83.310242
2025-09-04,34,"Old High School","PM2.5","Swain",35.498711,-83.310242
2025-09-10,30,"Old High School","PM2.5","Swain",35.498711,-83.310242
2025-09-22,51,"Old High School","PM2.5","Swain",35.498711,-83.310242
2025-09-23,52,"Old High School","PM2.5","Swain",35.498711,-83.310242
2025-09-28,31,"Old High School","PM2.5","Swain",35.498711,-83.310242
2025-10-04,26,"Old High School","PM2.5","Swain",35.498711,-83.310242
2025-10-10,26,"Old High School","PM2.5","Swain",35.498711,-83.310242
2025-10-16,21,"Old High School","PM2.5","Swain",35.498711,-83.310242
2025-10-22,15,"Old High School","PM2.5","Swain",35.498711,-83.310242
2025-10-28,13,"Old High School","PM2.5","Swain",35.498711,-83.310242
2025-11-03,26,"Old High School","PM2.5","Swain",35.498711,-83.310242
2025-11-09,28,"Old High School","PM2.5","Swain",35.498711,-83.310242
2025-11-15,34,"Old High School","PM2.5","Swain",35.498711,-83.310242
2025-11-21,50,"Old High School","PM2.5","Swain",35.498711,-83.310242
2025-11-27,9,"Old High School","PM2.5","Swain",35.498711,-83.310242
2025-12-03,14,"Old High School","PM2.5","Swain",35.498711,-83.310242
2025-12-09,16,"Old High School","PM2.5","Swain",35.498711,-83.310242
2025-12-15,9,"Old High School","PM2.5","Swain",35.498711,-83.310242
2025-12-21,16,"Old High School","PM2.5","Swain",35.498711,-83.310242
2025-12-24,48,"Old High School","PM2.5","Swain",35.498711,-83.310242
2025-12-27,34,"Old High School","PM2.5","Swain",35.498711,-83.310242
2025-04-19,69,"Old High School","PM2.5","Swain",35.498711,-83.310242
2025-04-20,64,"Old High School","PM2.5","Swain",35.498711,-83.310242
2025-04-21,52,"Old High School","PM2.5","Swain",35.498711,-83.310242
2025-04-22,37,"Old High School","PM2.5","Swain",35.498711,-83.310242
2025-04-23,29,"Old High School","PM2.5","Swain",35.498711,-83.310242
2025-04-24,37,"Old High School","PM2.5","Swain",35.498711,-83.310242
2025-04-25,55,"Old High School","PM2.5","Swain",35.498711,-83.310242
2025-04-26,40,"Old High School","PM2.5","Swain",35.498711,-83.310242
2025-04-27,37,"Old High School","PM2.5","Swain",35.498711,-83.310242
2025-04-28,41,"Old High School","PM2.5","Swain",35.498711,-83.310242
2025-04-29,47,"Old High School","PM2.5","Swain",35.498711,-83.310242
2025-04-30,53,"Old High School","PM2.5","Swain",35.498711,-83.310242
2025-05-01,53,"Old High School","PM2.5","Swain",35.498711,-83.310242
2025-05-02,32,"Old High School","PM2.5","Swain",35.498711,-83.310242
2025-05-03,20,"Old High School","PM2.5","Swain",35.498711,-83.310242
2025-05-04,21,"Old High School","PM2.5","Swain",35.498711,-83.310242
2025-06-11,62,"Old High School","PM2.5","Swain",35.498711,-83.310242
2025-06-12,54,"Old High School","PM2.5","Swain",35.498711,-83.310242
2025-06-13,34,"Old High School","PM2.5","Swain",35.498711,-83.310242
2025-06-14,33,"Old High School","PM2.5","Swain",35.498711,-83.310242
2025-06-15,34,"Old High School","PM2.5","Swain",35.498711,-83.310242
2025-06-16,41,"Old High School","PM2.5","Swain",35.498711,-83.310242
2025-06-17,29,"Old High School","PM2.5","Swain",35.498711,-83.310242
2025-06-18,35,"Old High School","PM2.5","Swain",35.498711,-83.310242
2025-06-19,32,"Old High School","PM2.5","Swain",35.498711,-83.310242
2025-06-20,34,"Old High School","PM2.5","Swain",35.498711,-83.310242
2025-06-21,41,"Old High School","PM2.5","Swain",35.498711,-83.310242
2025-06-22,46,"Old High School","PM2.5","Swain",35.498711,-83.310242
2025-06-23,52,"Old High School","PM2.5","Swain",35.498711,-83.310242
2025-06-24,54,"Old High School","PM2.5","Swain",35.498711,-83.310242
2025-06-25,53,"Old High School","PM2.5","Swain",35.498711,-83.310242
2025-06-26,55,"Old High School","PM2.5","Swain",35.498711,-83.310242
2025-06-27,52,"Old High School","PM2.5","Swain",35.498711,-83.310242
2025-06-28,34,"Old High School","PM2.5","Swain",35.498711,-83.310242
2025-06-29,35,"Old High School","PM2.5","Swain",35.498711,-83.310242
2025-06-30,36,"Old High School","PM2.5","Swain",35.498711,-83.310242
2025-07-01,31,"Old High School","PM2.5","Swain",35.498711,-83.310242
2025-07-02,25,"Old High School","PM2.5","Swain",35.498711,-83.310242
2025-07-03,43,"Old High School","PM2.5","Swain",35.498711,-83.310242
2025-07-04,47,"Old High School","PM2.5","Swain",35.498711,-83.310242
2025-07-05,54,"Old High School","PM2.5","Swain",35.498711,-83.310242
2025-07-06,54,"Old High School","PM2.5","Swain",35.498711,-83.310242
2025-07-07,55,"Old High School","PM2.5","Swain",35.498711,-83.310242
2025-07-08,55,"Old High School","PM2.5","Swain",35.498711,-83.310242
2025-07-09,50,"Old High School","PM2.5","Swain",35.498711,-83.310242
2025-07-10,28,"Old High School","PM2.5","Swain",35.498711,-83.310242
2025-07-11,29,"Old High School","PM2.5","Swain",35.498711,-83.310242
2025-07-12,28,"Old High School","PM2.5","Swain",35.498711,-83.310242
2025-07-13,39,"Old High School","PM2.5","Swain",35.498711,-83.310242
2025-07-14,29,"Old High School","PM2.5","Swain",35.498711,-83.310242
2025-07-15,33,"Old High School","PM2.5","Swain",35.498711,-83.310242
2025-07-16,28,"Old High School","PM2.5","Swain",35.498711,-83.310242
2025-07-17,33,"Old High School","PM2.5","Swain",35.498711,-83.310242
2025-07-18,28,"Old High School","PM2.5","Swain",35.498711,-83.310242
2025-07-19,24,"Old High School","PM2.5","Swain",35.498711,-83.310242
2025-07-20,38,"Old High School","PM2.5","Swain",35.498711,-83.310242
2025-07-21,45,"Old High School","PM2.5","Swain",35.498711,-83.310242
2025-07-22,41,"Old High School","PM2.5","Swain",35.498711,-83.310242
2025-07-23,49,"Old High School","PM2.5","Swain",35.498711,-83.310242
2025-07-24,54,"Old High School","PM2.5","Swain",35.498711,-83.310242
2025-07-25,41,"Old High School","PM2.5","Swain",35.498711,-83.310242
2025-07-26,28,"Old High School","PM2.5","Swain",35.498711,-83.310242
2025-07-27,27,"Old High School","PM2.5","Swain",35.498711,-83.310242
2025-07-28,22,"Old High School","PM2.5","Swain",35.498711,-83.310242
2025-07-29,29,"Old High School","PM2.5","Swain",35.498711,-83.310242
2025-07-30,35,"Old High School","PM2.5","Swain",35.498711,-83.310242
2025-07-31,31,"Old High School","PM2.5","Swain",35.498711,-83.310242
2025-08-01,33,"Old High School","PM2.5","Swain",35.498711,-83.310242
2025-08-02,21,"Old High School","PM2.5","Swain",35.498711,-83.310242
2025-08-03,25,"Old High School","PM2.5","Swain",35.498711,-83.310242
2025-08-04,26,"Old High School","PM2.5","Swain",35.498711,-83.310242
2025-08-05,17,"Old High School","PM2.5","Swain",35.498711,-83.310242
2025-08-06,23,"Old High School","PM2.5","Swain",35.498711,-83.310242
2025-08-07,28,"Old High School","PM2.5","Swain",35.498711,-83.310242
2025-08-08,37,"Old High School","PM2.5","Swain",35.498711,-83.310242
2025-08-09,54,"Old High School","PM2.5","Swain",35.498711,-83.310242
2025-08-10,40,"Old High School","PM2.5","Swain",35.498711,-83.310242
2025-08-11,21,"Old High School","PM2.5","Swain",35.498711,-83.310242
2025-08-12,24,"Old High School","PM2.5","Swain",35.498711,-83.310242
2025-08-13,18,"Old High School","PM2.5","Swain",35.498711,-83.310242
2025-08-14,23,"Old High School","PM2.5","Swain",35.498711,-83.310242
2025-08-15,36,"Old High School","PM2.5","Swain",35.498711,-83.310242
2025-08-16,41,"Old High School","PM2.5","Swain",35.498711,-83.310242
2025-08-17,46,"Old High School","PM2.5","Swain",35.498711,-83.310242
2025-08-18,43,"Old High School","PM2.5","Swain",35.498711,-83.310242
2025-08-19,38,"Old High School","PM2.5","Swain",35.498711,-83.310242
2025-08-20,30,"Old High School","PM2.5","Swain",35.498711,-83.310242
2025-08-21,33,"Old High School","PM2.5","Swain",35.498711,-83.310242
2025-08-22,34,"Old High School","PM2.5","Swain",35.498711,-83.310242
2025-08-23,27,"Old High School","PM2.5","Swain",35.498711,-83.310242
2025-08-24,27,"Old High School","PM2.5","Swain",35.498711,-83.310242
2025-08-25,26,"Old High School","PM2.5","Swain",35.498711,-83.310242
2025-08-26,17,"Old High School","PM2.5","Swain",35.498711,-83.310242
2025-08-27,15,"Old High School","PM2.5","Swain",35.498711,-83.310242
2025-08-28,18,"Old High School","PM2.5","Swain",35.498711,-83.310242
2025-08-29,19,"Old High School","PM2.5","Swain",35.498711,-83.310242
2025-08-30,23,"Old High School","PM2.5","Swain",35.498711,-83.310242
2025-08-31,27,"Old High School","PM2.5","Swain",35.498711,-83.310242
2025-09-01,26,"Old High School","PM2.5","Swain",35.498711,-83.310242
2025-09-02,23,"Old High School","PM2.5","Swain",35.498711,-83.310242
2025-09-03,22,"Old High School","PM2.5","Swain",35.498711,-83.310242
2025-09-04,28,"Old High School","PM2.5","Swain",35.498711,-83.310242
2025-09-05,43,"Old High School","PM2.5","Swain",35.498711,-83.310242
2025-09-06,34,"Old High School","PM2.5","Swain",35.498711,-83.310242
2025-09-07,21,"Old High School","PM2.5","Swain",35.498711,-83.310242
2025-09-08,20,"Old High School","PM2.5","Swain",35.498711,-83.310242
2025-09-09,22,"Old High School","PM2.5","Swain",35.498711,-83.310242
2025-09-10,23,"Old High School","PM2.5","Swain",35.498711,-83.310242
2025-09-11,28,"Old High School","PM2.5","Swain",35.498711,-83.310242
2025-09-12,32,"Old High School","PM2.5","Swain",35.498711,-83.310242
2025-09-13,28,"Old High School","PM2.5","Swain",35.498711,-83.310242
2025-09-14,31,"Old High School","PM2.5","Swain",35.498711,-83.310242
2025-09-15,39,"Old High School","PM2.5","Swain",35.498711,-83.310242
2025-09-16,41,"Old High School","PM2.5","Swain",35.498711,-83.310242
2025-09-17,38,"Old High School","PM2.5","Swain",35.498711,-83.310242
2025-09-18,33,"Old High School","PM2.5","Swain",35.498711,-83.310242
2025-09-19,33,"Old High School","PM2.5","Swain",35.498711,-83.310242
2025-09-20,31,"Old High School","PM2.5","Swain",35.498711,-83.310242
2025-09-21,36,"Old High School","PM2.5","Swain",35.498711,-83.310242
2025-09-22,43,"Old High School","PM2.5","Swain",35.498711,-83.310242
2025-09-23,47,"Old High School","PM2.5","Swain",35.498711,-83.310242
2025-09-24,44,"Old High School","PM2.5","Swain",35.498711,-83.310242
2025-09-25,19,"Old High School","PM2.5","Swain",35.498711,-83.310242
2025-09-26,25,"Old High School","PM2.5","Swain",35.498711,-83.310242
2025-09-27,26,"Old High School","PM2.5","Swain",35.498711,-83.310242
2025-09-28,26,"Old High School","PM2.5","Swain",35.498711,-83.310242
2025-09-29,22,"Old High School","PM2.5","Swain",35.498711,-83.310242
2025-09-30,17,"Old High School","PM2.5","Swain",35.498711,-83.310242
2025-10-01,21,"Old High School","PM2.5","Swain",35.498711,-83.310242
2025-10-02,31,"Old High School","PM2.5","Swain",35.498711,-83.310242
2025-10-03,24,"Old High School","PM2.5","Swain",35.498711,-83.310242
2025-10-04,21,"Old High School","PM2.5","Swain",35.498711,-83.310242
2025-10-05,14,"Old High School","PM2.5","Swain",35.498711,-83.310242
2025-10-06,13,"Old High School","PM2.5","Swain",35.498711,-83.310242
2025-10-07,17,"Old High School","PM2.5","Swain",35.498711,-83.310242
2025-10-08,23,"Old High School","PM2.5","Swain",35.498711,-83.310242
2025-10-09,18,"Old High School","PM2.5","Swain",35.498711,-83.310242
2025-10-10,20,"Old High School","PM2.5","Swain",35.498711,-83.310242
2025-10-11,35,"Old High School","PM2.5","Swain",35.498711,-83.310242
2025-10-12,18,"Old High School","PM2.5","Swain",35.498711,-83.310242
2025-10-13,11,"Old High School","PM2.5","Swain",35.498711,-83.310242
2025-10-14,12,"Old High School","PM2.5","Swain",35.498711,-83.310242
2025-10-15,13,"Old High School","PM2.5","Swain",35.498711,-83.310242
2025-10-16,17,"Old High School","PM2.5","Swain",35.498711,-83.310242
2025-10-17,17,"Old High School","PM2.5","Swain",35.498711,-83.310242
2025-10-18,47,"Old High School","PM2.5","Swain",35.498711,-83.310242
2025-10-19,21,"Old High School","PM2.5","Swain",35.498711,-83.310242
2025-10-20,12,"Old High School","PM2.5","Swain",35.498711,-83.310242
2025-10-21,21,"Old High School","PM2.5","Swain",35.498711,-83.310242
2025-10-22,14,"Old High School","PM2.5","Swain",35.498711,-83.310242
2025-10-23,15,"Old High School","PM2.5","Swain",35.498711,-83.310242
2025-10-24,13,"Old High School","PM2.5","Swain",35.498711,-83.310242
2025-10-25,16,"Old High School","PM2.5","Swain",35.498711,-83.310242
2025-10-26,23,"Old High School","PM2.5","Swain",35.498711,-83.310242
2025-10-27,13,"Old High School","PM2.5","Swain",35.498711,-83.310242
2025-10-28,13,"Old High School","PM2.5","Swain",35.498711,-83.310242
2025-10-29,9,"Old High School","PM2.5","Swain",35.498711,-83.310242
2025-10-30,9,"Old High School","PM2.5","Swain",35.498711,-83.310242
2025-10-31,18,"Old High School","PM2.5","Swain",35.498711,-83.310242
2025-11-01,17,"Old High School","PM2.5","Swain",35.498711,-83.310242
2025-11-02,19,"Old High School","PM2.5","Swain",35.498711,-83.310242
2025-11-03,25,"Old High School","PM2.5","Swain",35.498711,-83.310242
2025-11-04,17,"Old High School","PM2.5","Swain",35.498711,-83.310242
2025-11-05,23,"Old High School","PM2.5","Swain",35.498711,-83.310242
2025-11-06,29,"Old High School","PM2.5","Swain",35.498711,-83.310242
2025-11-07,47,"Old High School","PM2.5","Swain",35.498711,-83.310242
2025-11-08,28,"Old High School","PM2.5","Swain",35.498711,-83.310242
2025-11-09,28,"Old High School","PM2.5","Swain",35.498711,-83.310242
2025-11-10,9,"Old High School","PM2.5","Swain",35.498711,-83.310242
2025-11-11,10,"Old High School","PM2.5","Swain",35.498711,-83.310242
2025-11-12,17,"Old High School","PM2.5","Swain",35.498711,-83.310242
2025-11-13,22,"Old High School","PM2.5","Swain",35.498711,-83.310242
2025-11-14,21,"Old High School","PM2.5","Swain",35.498711,-83.310242
2025-11-15,31,"Old High School","PM2.5","Swain",35.498711,-83.310242
2025-11-16,25,"Old High School","PM2.5","Swain",35.498711,-83.310242
2025-11-17,11,"Old High School","PM2.5","Swain",35.498711,-83.310242
2025-11-18,15,"Old High School","PM2.5","Swain",35.498711,-83.310242
2025-11-19,28,"Old High School","PM2.5","Swain",35.498711,-83.310242
2025-11-20,37,"Old High School","PM2.5","Swain",35.498711,-83.310242
2025-11-21,43,"Old High School","PM2.5","Swain",35.498711,-83.310242
2025-11-22,25,"Old High School","PM2.5","Swain",35.498711,-83.310242
2025-11-23,12,"Old High School","PM2.5","Swain",35.498711,-83.310242
2025-11-24,18,"Old High School","PM2.5","Swain",35.498711,-83.310242
2025-11-25,28,"Old High School","PM2.5","Swain",35.498711,-83.310242
2025-11-26,16,"Old High School","PM2.5","Swain",35.498711,-83.310242
2025-11-27,11,"Old High School","PM2.5","Swain",35.498711,-83.310242
2025-11-28,15,"Old High School","PM2.5","Swain",35.498711,-83.310242
2025-11-29,17,"Old High School","PM2.5","Swain",35.498711,-83.310242
2025-11-30,22,"Old High School","PM2.5","Swain",35.498711,-83.310242
2025-12-01,19,"Old High School","PM2.5","Swain",35.498711,-83.310242
2025-12-02,7,"Old High School","PM2.5","Swain",35.498711,-83.310242
2025-12-03,12,"Old High School","PM2.5","Swain",35.498711,-83.310242
2025-12-04,23,"Old High School","PM2.5","Swain",35.498711,-83.310242
2025-12-05,11,"Old High School","PM2.5","Swain",35.498711,-83.310242
2025-12-06,15,"Old High School","PM2.5","Swain",35.498711,-83.310242
2025-12-07,14,"Old High School","PM2.5","Swain",35.498711,-83.310242
2025-12-08,17,"Old High School","PM2.5","Swain",35.498711,-83.310242
2025-12-09,16,"Old High School","PM2.5","Swain",35.498711,-83.310242
2025-12-10,22,"Old High School","PM2.5","Swain",35.498711,-83.310242
2025-12-11,13,"Old High School","PM2.5","Swain",35.498711,-83.310242
2025-12-12,22,"Old High School","PM2.5","Swain",35.498711,-83.310242
2025-12-13,27,"Old High School","PM2.5","Swain",35.498711,-83.310242
2025-12-14,11,"Old High School","PM2.5","Swain",35.498711,-83.310242
2025-12-15,12,"Old High School","PM2.5","Swain",35.498711,-83.310242
2025-01-01,16,"Millbrook School","PM2.5","Wake",35.856111,-78.574167
2025-01-04,19,"Millbrook School","PM2.5","Wake",35.856111,-78.574167
2025-01-07,18,"Millbrook School","PM2.5","Wake",35.856111,-78.574167
2025-01-10,49,"Millbrook School","PM2.5","Wake",35.856111,-78.574167
2025-01-13,51,"Millbrook School","PM2.5","Wake",35.856111,-78.574167
2025-01-16,53,"Millbrook School","PM2.5","Wake",35.856111,-78.574167
2025-01-19,52,"Millbrook School","PM2.5","Wake",35.856111,-78.574167
2025-01-22,46,"Millbrook School","PM2.5","Wake",35.856111,-78.574167
2025-01-25,57,"Millbrook School","PM2.5","Wake",35.856111,-78.574167
2025-01-28,37,"Millbrook School","PM2.5","Wake",35.856111,-78.574167
2025-01-31,54,"Millbrook School","PM2.5","Wake",35.856111,-78.574167
2025-02-03,50,"Millbrook School","PM2.5","Wake",35.856111,-78.574167
2025-02-06,57,"Millbrook School","PM2.5","Wake",35.856111,-78.574167
2025-02-09,46,"Millbrook School","PM2.5","Wake",35.856111,-78.574167
2025-02-12,11,"Millbrook School","PM2.5","Wake",35.856111,-78.574167
2025-02-15,28,"Millbrook School","PM2.5","Wake",35.856111,-78.574167
2025-02-18,23,"Millbrook School","PM2.5","Wake",35.856111,-78.574167
2025-02-21,23,"Millbrook School","PM2.5","Wake",35.856111,-78.574167
2025-02-24,52,"Millbrook School","PM2.5","Wake",35.856111,-78.574167
2025-02-27,62,"Millbrook School","PM2.5","Wake",35.856111,-78.574167
2025-03-02,18,"Millbrook School","PM2.5","Wake",35.856111,-78.574167
2025-03-05,31,"Millbrook School","PM2.5","Wake",35.856111,-78.574167
2025-03-08,48,"Millbrook School","PM2.5","Wake",35.856111,-78.574167
2025-03-11,34,"Millbrook School","PM2.5","Wake",35.856111,-78.574167
2025-03-14,57,"Millbrook School","PM2.5","Wake",35.856111,-78.574167
2025-03-17,27,"Millbrook School","PM2.5","Wake",35.856111,-78.574167
2025-03-20,56,"Millbrook School","PM2.5","Wake",35.856111,-78.574167
2025-03-23,41,"Millbrook School","PM2.5","Wake",35.856111,-78.574167
2025-03-26,23,"Millbrook School","PM2.5","Wake",35.856111,-78.574167
2025-03-29,40,"Millbrook School","PM2.5","Wake",35.856111,-78.574167
2025-04-01,16,"Millbrook School","PM2.5","Wake",35.856111,-78.574167
2025-04-04,57,"Millbrook School","PM2.5","Wake",35.856111,-78.574167
2025-04-07,41,"Millbrook School","PM2.5","Wake",35.856111,-78.574167
2025-04-10,32,"Millbrook School","PM2.5","Wake",35.856111,-78.574167
2025-04-13,29,"Millbrook School","PM2.5","Wake",35.856111,-78.574167
2025-04-16,27,"Millbrook School","PM2.5","Wake",35.856111,-78.574167
2025-04-19,46,"Millbrook School","PM2.5","Wake",35.856111,-78.574167
2025-04-22,56,"Millbrook School","PM2.5","Wake",35.856111,-78.574167
2025-04-25,54,"Millbrook School","PM2.5","Wake",35.856111,-78.574167
2025-04-28,33,"Millbrook School","PM2.5","Wake",35.856111,-78.574167
2025-05-01,54,"Millbrook School","PM2.5","Wake",35.856111,-78.574167
2025-05-04,44,"Millbrook School","PM2.5","Wake",35.856111,-78.574167
2025-05-07,37,"Millbrook School","PM2.5","Wake",35.856111,-78.574167
2025-05-10,29,"Millbrook School","PM2.5","Wake",35.856111,-78.574167
2025-05-13,19,"Millbrook School","PM2.5","Wake",35.856111,-78.574167
2025-05-16,57,"Millbrook School","PM2.5","Wake",35.856111,-78.574167
2025-05-19,41,"Millbrook School","PM2.5","Wake",35.856111,-78.574167
2025-05-22,24,"Millbrook School","PM2.5","Wake",35.856111,-78.574167
2025-05-25,36,"Millbrook School","PM2.5","Wake",35.856111,-78.574167
2025-05-28,15,"Millbrook School","PM2.5","Wake",35.856111,-78.574167
2025-05-31,43,"Millbrook School","PM2.5","Wake",35.856111,-78.574167
2025-06-03,49,"Millbrook School","PM2.5","Wake",35.856111,-78.574167
2025-06-06,48,"Millbrook School","PM2.5","Wake",35.856111,-78.574167
2025-06-09,37,"Millbrook School","PM2.5","Wake",35.856111,-78.574167
2025-06-12,45,"Millbrook School","PM2.5","Wake",35.856111,-78.574167
2025-06-15,40,"Millbrook School","PM2.5","Wake",35.856111,-78.574167
2025-06-18,37,"Millbrook School","PM2.5","Wake",35.856111,-78.574167
2025-06-21,52,"Millbrook School","PM2.5","Wake",35.856111,-78.574167
2025-06-24,65,"Millbrook School","PM2.5","Wake",35.856111,-78.574167
2025-06-27,56,"Millbrook School","PM2.5","Wake",35.856111,-78.574167
2025-06-30,52,"Millbrook School","PM2.5","Wake",35.856111,-78.574167
2025-07-03,41,"Millbrook School","PM2.5","Wake",35.856111,-78.574167
2025-07-06,25,"Millbrook School","PM2.5","Wake",35.856111,-78.574167
2025-07-09,43,"Millbrook School","PM2.5","Wake",35.856111,-78.574167
2025-07-12,54,"Millbrook School","PM2.5","Wake",35.856111,-78.574167
2025-07-15,39,"Millbrook School","PM2.5","Wake",35.856111,-78.574167
2025-07-18,43,"Millbrook School","PM2.5","Wake",35.856111,-78.574167
2025-07-21,48,"Millbrook School","PM2.5","Wake",35.856111,-78.574167
2025-07-24,48,"Millbrook School","PM2.5","Wake",35.856111,-78.574167
2025-07-27,54,"Millbrook School","PM2.5","Wake",35.856111,-78.574167
2025-07-30,38,"Millbrook School","PM2.5","Wake",35.856111,-78.574167
2025-08-02,27,"Millbrook School","PM2.5","Wake",35.856111,-78.574167
2025-08-05,38,"Millbrook School","PM2.5","Wake",35.856111,-78.574167
2025-08-08,67,"Millbrook School","PM2.5","Wake",35.856111,-78.574167
2025-08-11,20,"Millbrook School","PM2.5","Wake",35.856111,-78.574167
2025-08-14,36,"Millbrook School","PM2.5","Wake",35.856111,-78.574167
2025-08-17,49,"Millbrook School","PM2.5","Wake",35.856111,-78.574167
2025-08-20,29,"Millbrook School","PM2.5","Wake",35.856111,-78.574167
2025-08-23,39,"Millbrook School","PM2.5","Wake",35.856111,-78.574167
2025-08-26,32,"Millbrook School","PM2.5","Wake",35.856111,-78.574167
2025-08-29,44,"Millbrook School","PM2.5","Wake",35.856111,-78.574167
2025-09-01,24,"Millbrook School","PM2.5","Wake",35.856111,-78.574167
2025-09-04,48,"Millbrook School","PM2.5","Wake",35.856111,-78.574167
2025-09-07,39,"Millbrook School","PM2.5","Wake",35.856111,-78.574167
2025-09-10,17,"Millbrook School","PM2.5","Wake",35.856111,-78.574167
2025-09-13,39,"Millbrook School","PM2.5","Wake",35.856111,-78.574167
2025-09-16,35,"Millbrook School","PM2.5","Wake",35.856111,-78.574167
2025-09-19,48,"Millbrook School","PM2.5","Wake",35.856111,-78.574167
2025-09-22,37,"Millbrook School","PM2.5","Wake",35.856111,-78.574167
2025-09-25,43,"Millbrook School","PM2.5","Wake",35.856111,-78.574167
2025-09-28,34,"Millbrook School","PM2.5","Wake",35.856111,-78.574167
2025-10-01,45,"Millbrook School","PM2.5","Wake",35.856111,-78.574167
2025-10-04,38,"Millbrook School","PM2.5","Wake",35.856111,-78.574167
2025-10-07,30,"Millbrook School","PM2.5","Wake",35.856111,-78.574167
2025-10-10,28,"Millbrook School","PM2.5","Wake",35.856111,-78.574167
2025-10-13,11,"Millbrook School","PM2.5","Wake",35.856111,-78.574167
2025-10-16,33,"Millbrook School","PM2.5","Wake",35.856111,-78.574167
2025-10-19,34,"Millbrook School","PM2.5","Wake",35.856111,-78.574167
2025-10-22,36,"Millbrook School","PM2.5","Wake",35.856111,-78.574167
2025-10-25,28,"Millbrook School","PM2.5","Wake",35.856111,-78.574167
2025-10-28,16,"Millbrook School","PM2.5","Wake",35.856111,-78.574167
2025-10-31,20,"Millbrook School","PM2.5","Wake",35.856111,-78.574167
2025-11-03,29,"Millbrook School","PM2.5","Wake",35.856111,-78.574167
2025-11-06,53,"Millbrook School","PM2.5","Wake",35.856111,-78.574167
2025-11-09,56,"Millbrook School","PM2.5","Wake",35.856111,-78.574167
2025-11-12,42,"Millbrook School","PM2.5","Wake",35.856111,-78.574167
2025-11-17,22,"Millbrook School","PM2.5","Wake",35.856111,-78.574167
2025-11-18,46,"Millbrook School","PM2.5","Wake",35.856111,-78.574167
2025-11-21,68,"Millbrook School","PM2.5","Wake",35.856111,-78.574167
2025-11-24,46,"Millbrook School","PM2.5","Wake",35.856111,-78.574167
2025-11-27,13,"Millbrook School","PM2.5","Wake",35.856111,-78.574167
2025-11-30,37,"Millbrook School","PM2.5","Wake",35.856111,-78.574167
2025-12-03,40,"Millbrook School","PM2.5","Wake",35.856111,-78.574167
2025-12-11,16,"Millbrook School","PM2.5","Wake",35.856111,-78.574167
2025-12-12,39,"Millbrook School","PM2.5","Wake",35.856111,-78.574167
2025-12-13,64,"Millbrook School","PM2.5","Wake",35.856111,-78.574167
2025-12-16,52,"Millbrook School","PM2.5","Wake",35.856111,-78.574167
2025-12-18,58,"Millbrook School","PM2.5","Wake",35.856111,-78.574167
2025-12-24,46,"Millbrook School","PM2.5","Wake",35.856111,-78.574167
2025-12-27,51,"Millbrook School","PM2.5","Wake",35.856111,-78.574167
2025-12-30,16,"Millbrook School","PM2.5","Wake",35.856111,-78.574167
2025-01-01,7,"Millbrook School","PM2.5","Wake",35.856111,-78.574167
2025-01-02,23,"Millbrook School","PM2.5","Wake",35.856111,-78.574167
2025-01-03,27,"Millbrook School","PM2.5","Wake",35.856111,-78.574167
2025-01-04,20,"Millbrook School","PM2.5","Wake",35.856111,-78.574167
2025-01-05,19,"Millbrook School","PM2.5","Wake",35.856111,-78.574167
2025-01-06,22,"Millbrook School","PM2.5","Wake",35.856111,-78.574167
2025-01-07,17,"Millbrook School","PM2.5","Wake",35.856111,-78.574167
2025-01-08,25,"Millbrook School","PM2.5","Wake",35.856111,-78.574167
2025-01-09,26,"Millbrook School","PM2.5","Wake",35.856111,-78.574167
2025-01-10,42,"Millbrook School","PM2.5","Wake",35.856111,-78.574167
2025-01-11,34,"Millbrook School","PM2.5","Wake",35.856111,-78.574167
2025-01-12,51,"Millbrook School","PM2.5","Wake",35.856111,-78.574167
2025-01-13,54,"Millbrook School","PM2.5","Wake",35.856111,-78.574167
2025-01-14,24,"Millbrook School","PM2.5","Wake",35.856111,-78.574167
2025-01-15,34,"Millbrook School","PM2.5","Wake",35.856111,-78.574167
2025-01-16,53,"Millbrook School","PM2.5","Wake",35.856111,-78.574167
2025-01-17,37,"Millbrook School","PM2.5","Wake",35.856111,-78.574167
2025-01-18,58,"Millbrook School","PM2.5","Wake",35.856111,-78.574167
2025-01-19,55,"Millbrook School","PM2.5","Wake",35.856111,-78.574167
2025-01-20,19,"Millbrook School","PM2.5","Wake",35.856111,-78.574167
2025-01-21,23,"Millbrook School","PM2.5","Wake",35.856111,-78.574167
2025-01-22,39,"Millbrook School","PM2.5","Wake",35.856111,-78.574167
2025-01-23,55,"Millbrook School","PM2.5","Wake",35.856111,-78.574167
2025-01-24,57,"Millbrook School","PM2.5","Wake",35.856111,-78.574167
2025-01-25,58,"Millbrook School","PM2.5","Wake",35.856111,-78.574167
2025-01-26,55,"Millbrook School","PM2.5","Wake",35.856111,-78.574167
2025-01-27,52,"Millbrook School","PM2.5","Wake",35.856111,-78.574167
2025-01-28,47,"Millbrook School","PM2.5","Wake",35.856111,-78.574167
2025-01-29,29,"Millbrook School","PM2.5","Wake",35.856111,-78.574167
2025-01-30,27,"Millbrook School","PM2.5","Wake",35.856111,-78.574167
2025-01-31,52,"Millbrook School","PM2.5","Wake",35.856111,-78.574167
2025-02-01,22,"Millbrook School","PM2.5","Wake",35.856111,-78.574167
2025-02-02,23,"Millbrook School","PM2.5","Wake",35.856111,-78.574167
2025-02-03,43,"Millbrook School","PM2.5","Wake",35.856111,-78.574167
2025-02-04,53,"Millbrook School","PM2.5","Wake",35.856111,-78.574167
2025-02-05,29,"Millbrook School","PM2.5","Wake",35.856111,-78.574167
2025-02-06,59,"Millbrook School","PM2.5","Wake",35.856111,-78.574167
2025-02-07,44,"Millbrook School","PM2.5","Wake",35.856111,-78.574167
2025-02-08,37,"Millbrook School","PM2.5","Wake",35.856111,-78.574167
2025-02-09,46,"Millbrook School","PM2.5","Wake",35.856111,-78.574167
2025-02-10,32,"Millbrook School","PM2.5","Wake",35.856111,-78.574167
2025-02-11,39,"Millbrook School","PM2.5","Wake",35.856111,-78.574167
2025-02-12,10,"Millbrook School","PM2.5","Wake",35.856111,-78.574167
2025-02-13,21,"Millbrook School","PM2.5","Wake",35.856111,-78.574167
2025-02-14,38,"Millbrook School","PM2.5","Wake",35.856111,-78.574167
2025-02-15,28,"Millbrook School","PM2.5","Wake",35.856111,-78.574167
2025-02-16,17,"Millbrook School","PM2.5","Wake",35.856111,-78.574167
2025-02-17,18,"Millbrook School","PM2.5","Wake",35.856111,-78.574167
2025-02-18,22,"Millbrook School","PM2.5","Wake",35.856111,-78.574167
2025-02-19,28,"Millbrook School","PM2.5","Wake",35.856111,-78.574167
2025-02-20,23,"Millbrook School","PM2.5","Wake",35.856111,-78.574167
2025-02-21,21,"Millbrook School","PM2.5","Wake",35.856111,-78.574167
2025-02-22,31,"Millbrook School","PM2.5","Wake",35.856111,-78.574167
2025-02-23,43,"Millbrook School","PM2.5","Wake",35.856111,-78.574167
2025-02-24,52,"Millbrook School","PM2.5","Wake",35.856111,-78.574167
2025-02-25,61,"Millbrook School","PM2.5","Wake",35.856111,-78.574167
2025-02-26,53,"Millbrook School","PM2.5","Wake",35.856111,-78.574167
2025-02-27,68,"Millbrook School","PM2.5","Wake",35.856111,-78.574167
2025-02-28,24,"Millbrook School","PM2.5","Wake",35.856111,-78.574167
2025-03-01,37,"Millbrook School","PM2.5","Wake",35.856111,-78.574167
2025-03-02,18,"Millbrook School","PM2.5","Wake",35.856111,-78.574167
2025-03-03,39,"Millbrook School","PM2.5","Wake",35.856111,-78.574167
2025-03-04,34,"Millbrook School","PM2.5","Wake",35.856111,-78.574167
2025-03-05,31,"Millbrook School","PM2.5","Wake",35.856111,-78.574167
2025-03-06,11,"Millbrook School","PM2.5","Wake",35.856111,-78.574167
2025-03-07,47,"Millbrook School","PM2.5","Wake",35.856111,-78.574167
2025-03-08,52,"Millbrook School","PM2.5","Wake",35.856111,-78.574167
2025-03-09,26,"Millbrook School","PM2.5","Wake",35.856111,-78.574167
2025-03-10,44,"Millbrook School","PM2.5","Wake",35.856111,-78.574167
2025-03-11,31,"Millbrook School","PM2.5","Wake",35.856111,-78.574167
2025-03-12,53,"Millbrook School","PM2.5","Wake",35.856111,-78.574167
2025-03-13,69,"Millbrook School","PM2.5","Wake",35.856111,-78.574167
2025-03-14,66,"Millbrook School","PM2.5","Wake",35.856111,-78.574167
2025-03-15,58,"Millbrook School","PM2.5","Wake",35.856111,-78.574167
2025-03-16,27,"Millbrook School","PM2.5","Wake",35.856111,-78.574167
2025-03-17,28,"Millbrook School","PM2.5","Wake",35.856111,-78.574167
2025-03-18,18,"Millbrook School","PM2.5","Wake",35.856111,-78.574167
2025-03-19,57,"Millbrook School","PM2.5","Wake",35.856111,-78.574167
2025-03-20,57,"Millbrook School","PM2.5","Wake",35.856111,-78.574167
2025-03-21,15,"Millbrook School","PM2.5","Wake",35.856111,-78.574167
2025-03-22,46,"Millbrook School","PM2.5","Wake",35.856111,-78.574167
2025-03-23,35,"Millbrook School","PM2.5","Wake",35.856111,-78.574167
2025-03-24,53,"Millbrook School","PM2.5","Wake",35.856111,-78.574167
2025-03-25,23,"Millbrook School","PM2.5","Wake",35.856111,-78.574167
2025-03-26,20,"Millbrook School","PM2.5","Wake",35.856111,-78.574167
2025-03-27,24,"Millbrook School","PM2.5","Wake",35.856111,-78.574167
2025-03-28,51,"Millbrook School","PM2.5","Wake",35.856111,-78.574167
2025-03-29,40,"Millbrook School","PM2.5","Wake",35.856111,-78.574167
2025-03-30,29,"Millbrook School","PM2.5","Wake",35.856111,-78.574167
2025-03-31,39,"Millbrook School","PM2.5","Wake",35.856111,-78.574167
2025-04-01,14,"Millbrook School","PM2.5","Wake",35.856111,-78.574167
2025-04-02,34,"Millbrook School","PM2.5","Wake",35.856111,-78.574167
2025-04-03,53,"Millbrook School","PM2.5","Wake",35.856111,-78.574167
2025-04-04,58,"Millbrook School","PM2.5","Wake",35.856111,-78.574167
2025-04-05,55,"Millbrook School","PM2.5","Wake",35.856111,-78.574167
2025-04-06,42,"Millbrook School","PM2.5","Wake",35.856111,-78.574167
2025-04-07,38,"Millbrook School","PM2.5","Wake",35.856111,-78.574167
2025-04-08,21,"Millbrook School","PM2.5","Wake",35.856111,-78.574167
2025-04-09,23,"Millbrook School","PM2.5","Wake",35.856111,-78.574167
2025-04-10,30,"Millbrook School","PM2.5","Wake",35.856111,-78.574167
2025-04-11,24,"Millbrook School","PM2.5","Wake",35.856111,-78.574167
2025-04-12,18,"Millbrook School","PM2.5","Wake",35.856111,-78.574167
2025-04-13,25,"Millbrook School","PM2.5","Wake",35.856111,-78.574167
2025-04-14,54,"Millbrook School","PM2.5","Wake",35.856111,-78.574167
2025-04-15,43,"Millbrook School","PM2.5","Wake",35.856111,-78.574167
2025-04-16,26,"Millbrook School","PM2.5","Wake",35.856111,-78.574167
2025-04-17,33,"Millbrook School","PM2.5","Wake",35.856111,-78.574167
2025-04-18,53,"Millbrook School","PM2.5","Wake",35.856111,-78.574167
2025-04-19,47,"Millbrook School","PM2.5","Wake",35.856111,-78.574167
2025-04-20,54,"Millbrook School","PM2.5","Wake",35.856111,-78.574167
2025-04-21,57,"Millbrook School","PM2.5","Wake",35.856111,-78.574167
2025-04-22,55,"Millbrook School","PM2.5","Wake",35.856111,-78.574167
2025-04-23,52,"Millbrook School","PM2.5","Wake",35.856111,-78.574167
2025-04-24,58,"Millbrook School","PM2.5","Wake",35.856111,-78.574167
2025-04-25,55,"Millbrook School","PM2.5","Wake",35.856111,-78.574167
2025-04-26,41,"Millbrook School","PM2.5","Wake",35.856111,-78.574167
2025-04-27,24,"Millbrook School","PM2.5","Wake",35.856111,-78.574167
2025-04-28,29,"Millbrook School","PM2.5","Wake",35.856111,-78.574167
2025-04-29,43,"Millbrook School","PM2.5","Wake",35.856111,-78.574167
2025-04-30,54,"Millbrook School","PM2.5","Wake",35.856111,-78.574167
2025-05-01,57,"Millbrook School","PM2.5","Wake",35.856111,-78.574167
2025-05-02,48,"Millbrook School","PM2.5","Wake",35.856111,-78.574167
2025-05-03,37,"Millbrook School","PM2.5","Wake",35.856111,-78.574167
2025-05-04,23,"Millbrook School","PM2.5","Wake",35.856111,-78.574167
2025-05-05,34,"Millbrook School","PM2.5","Wake",35.856111,-78.574167
2025-05-06,30,"Millbrook School","PM2.5","Wake",35.856111,-78.574167
2025-05-07,35,"Millbrook School","PM2.5","Wake",35.856111,-78.574167
2025-05-08,50,"Millbrook School","PM2.5","Wake",35.856111,-78.574167
2025-05-09,30,"Millbrook School","PM2.5","Wake",35.856111,-78.574167
2025-05-10,27,"Millbrook School","PM2.5","Wake",35.856111,-78.574167
2025-05-11,41,"Millbrook School","PM2.5","Wake",35.856111,-78.574167
2025-05-12,27,"Millbrook School","PM2.5","Wake",35.856111,-78.574167
2025-05-13,19,"Millbrook School","PM2.5","Wake",35.856111,-78.574167
2025-05-14,31,"Millbrook School","PM2.5","Wake",35.856111,-78.574167
2025-05-15,54,"Millbrook School","PM2.5","Wake",35.856111,-78.574167
2025-05-16,60,"Millbrook School","PM2.5","Wake",35.856111,-78.574167
2025-05-17,39,"Millbrook School","PM2.5","Wake",35.856111,-78.574167
2025-05-18,26,"Millbrook School","PM2.5","Wake",35.856111,-78.574167
2025-05-19,23,"Millbrook School","PM2.5","Wake",35.856111,-78.574167
2025-05-20,37,"Millbrook School","PM2.5","Wake",35.856111,-78.574167
2025-05-21,39,"Millbrook School","PM2.5","Wake",35.856111,-78.574167
2025-05-22,22,"Millbrook School","PM2.5","Wake",35.856111,-78.574167
2025-05-23,14,"Millbrook School","PM2.5","Wake",35.856111,-78.574167
2025-05-24,22,"Millbrook School","PM2.5","Wake",35.856111,-78.574167
2025-05-25,29,"Millbrook School","PM2.5","Wake",35.856111,-78.574167
2025-05-26,31,"Millbrook School","PM2.5","Wake",35.856111,-78.574167
2025-05-27,17,"Millbrook School","PM2.5","Wake",35.856111,-78.574167
2025-05-28,17,"Millbrook School","PM2.5","Wake",35.856111,-78.574167
2025-05-29,37,"Millbrook School","PM2.5","Wake",35.856111,-78.574167
2025-05-30,26,"Millbrook School","PM2.5","Wake",35.856111,-78.574167
2025-05-31,48,"Millbrook School","PM2.5","Wake",35.856111,-78.574167
2025-06-01,53,"Millbrook School","PM2.5","Wake",35.856111,-78.574167
2025-06-02,41,"Millbrook School","PM2.5","Wake",35.856111,-78.574167
2025-06-03,44,"Millbrook School","PM2.5","Wake",35.856111,-78.574167
2025-06-04,51,"Millbrook School","PM2.5","Wake",35.856111,-78.574167
2025-06-05,39,"Millbrook School","PM2.5","Wake",35.856111,-78.574167
2025-06-06,53,"Millbrook School","PM2.5","Wake",35.856111,-78.574167
2025-06-07,38,"Millbrook School","PM2.5","Wake",35.856111,-78.574167
2025-06-08,39,"Millbrook School","PM2.5","Wake",35.856111,-78.574167
2025-06-09,35,"Millbrook School","PM2.5","Wake",35.856111,-78.574167
2025-06-10,34,"Millbrook School","PM2.5","Wake",35.856111,-78.574167
2025-06-11,48,"Millbrook School","PM2.5","Wake",35.856111,-78.574167
2025-06-12,47,"Millbrook School","PM2.5","Wake",35.856111,-78.574167
2025-06-13,36,"Millbrook School","PM2.5","Wake",35.856111,-78.574167
2025-06-14,34,"Millbrook School","PM2.5","Wake",35.856111,-78.574167
2025-06-15,39,"Millbrook School","PM2.5","Wake",35.856111,-78.574167
2025-06-16,39,"Millbrook School","PM2.5","Wake",35.856111,-78.574167
2025-06-17,39,"Millbrook School","PM2.5","Wake",35.856111,-78.574167
2025-06-18,35,"Millbrook School","PM2.5","Wake",35.856111,-78.574167
2025-06-19,33,"Millbrook School","PM2.5","Wake",35.856111,-78.574167
2025-06-20,33,"Millbrook School","PM2.5","Wake",35.856111,-78.574167
2025-06-21,53,"Millbrook School","PM2.5","Wake",35.856111,-78.574167
2025-06-22,57,"Millbrook School","PM2.5","Wake",35.856111,-78.574167
2025-06-23,64,"Millbrook School","PM2.5","Wake",35.856111,-78.574167
2025-06-24,69,"Millbrook School","PM2.5","Wake",35.856111,-78.574167
2025-06-25,67,"Millbrook School","PM2.5","Wake",35.856111,-78.574167
2025-06-26,62,"Millbrook School","PM2.5","Wake",35.856111,-78.574167
2025-06-27,58,"Millbrook School","PM2.5","Wake",35.856111,-78.574167
2025-06-28,54,"Millbrook School","PM2.5","Wake",35.856111,-78.574167
2025-06-29,54,"Millbrook School","PM2.5","Wake",35.856111,-78.574167
2025-06-30,53,"Millbrook School","PM2.5","Wake",35.856111,-78.574167
2025-07-01,47,"Millbrook School","PM2.5","Wake",35.856111,-78.574167
2025-07-02,32,"Millbrook School","PM2.5","Wake",35.856111,-78.574167
2025-07-03,44,"Millbrook School","PM2.5","Wake",35.856111,-78.574167
2025-07-04,64,"Millbrook School","PM2.5","Wake",35.856111,-78.574167
2025-07-05,58,"Millbrook School","PM2.5","Wake",35.856111,-78.574167
2025-07-06,24,"Millbrook School","PM2.5","Wake",35.856111,-78.574167
2025-07-07,48,"Millbrook School","PM2.5","Wake",35.856111,-78.574167
2025-07-08,57,"Millbrook School","PM2.5","Wake",35.856111,-78.574167
2025-07-09,47,"Millbrook School","PM2.5","Wake",35.856111,-78.574167
2025-07-10,33,"Millbrook School","PM2.5","Wake",35.856111,-78.574167
2025-07-11,47,"Millbrook School","PM2.5","Wake",35.856111,-78.574167
2025-07-12,53,"Millbrook School","PM2.5","Wake",35.856111,-78.574167
2025-07-13,51,"Millbrook School","PM2.5","Wake",35.856111,-78.574167
2025-07-14,49,"Millbrook School","PM2.5","Wake",35.856111,-78.574167
2025-07-15,29,"Millbrook School","PM2.5","Wake",35.856111,-78.574167
2025-07-16,38,"Millbrook School","PM2.5","Wake",35.856111,-78.574167
2025-07-17,43,"Millbrook School","PM2.5","Wake",35.856111,-78.574167
2025-07-18,42,"Millbrook School","PM2.5","Wake",35.856111,-78.574167
2025-07-19,42,"Millbrook School","PM2.5","Wake",35.856111,-78.574167
2025-07-20,39,"Millbrook School","PM2.5","Wake",35.856111,-78.574167
2025-07-21,43,"Millbrook School","PM2.5","Wake",35.856111,-78.574167
2025-07-22,52,"Millbrook School","PM2.5","Wake",35.856111,-78.574167
2025-07-23,55,"Millbrook School","PM2.5","Wake",35.856111,-78.574167
2025-07-24,52,"Millbrook School","PM2.5","Wake",35.856111,-78.574167
2025-07-25,52,"Millbrook School","PM2.5","Wake",35.856111,-78.574167
2025-07-26,58,"Millbrook School","PM2.5","Wake",35.856111,-78.574167
2025-07-27,55,"Millbrook School","PM2.5","Wake",35.856111,-78.574167
2025-07-28,42,"Millbrook School","PM2.5","Wake",35.856111,-78.574167
2025-07-29,43,"Millbrook School","PM2.5","Wake",35.856111,-78.574167
2025-07-30,39,"Millbrook School","PM2.5","Wake",35.856111,-78.574167
2025-07-31,52,"Millbrook School","PM2.5","Wake",35.856111,-78.574167
2025-08-01,42,"Millbrook School","PM2.5","Wake",35.856111,-78.574167
2025-08-02,31,"Millbrook School","PM2.5","Wake",35.856111,-78.574167
2025-08-03,34,"Millbrook School","PM2.5","Wake",35.856111,-78.574167
2025-08-04,38,"Millbrook School","PM2.5","Wake",35.856111,-78.574167
2025-08-05,38,"Millbrook School","PM2.5","Wake",35.856111,-78.574167
2025-08-06,28,"Millbrook School","PM2.5","Wake",35.856111,-78.574167
2025-08-07,67,"Millbrook School","PM2.5","Wake",35.856111,-78.574167
2025-08-08,73,"Millbrook School","PM2.5","Wake",35.856111,-78.574167
2025-08-09,44,"Millbrook School","PM2.5","Wake",35.856111,-78.574167
2025-08-10,35,"Millbrook School","PM2.5","Wake",35.856111,-78.574167
2025-08-11,24,"Millbrook School","PM2.5","Wake",35.856111,-78.574167
2025-08-12,22,"Millbrook School","PM2.5","Wake",35.856111,-78.574167
2025-08-13,28,"Millbrook School","PM2.5","Wake",35.856111,-78.574167
2025-08-14,34,"Millbrook School","PM2.5","Wake",35.856111,-78.574167
2025-08-15,43,"Millbrook School","PM2.5","Wake",35.856111,-78.574167
2025-08-16,51,"Millbrook School","PM2.5","Wake",35.856111,-78.574167
2025-08-17,54,"Millbrook School","PM2.5","Wake",35.856111,-78.574167
2025-08-18,53,"Millbrook School","PM2.5","Wake",35.856111,-78.574167
2025-08-19,28,"Millbrook School","PM2.5","Wake",35.856111,-78.574167
2025-08-20,32,"Millbrook School","PM2.5","Wake",35.856111,-78.574167
2025-08-21,31,"Millbrook School","PM2.5","Wake",35.856111,-78.574167
2025-08-22,30,"Millbrook School","PM2.5","Wake",35.856111,-78.574167
2025-08-23,38,"Millbrook School","PM2.5","Wake",35.856111,-78.574167
2025-08-24,41,"Millbrook School","PM2.5","Wake",35.856111,-78.574167
2025-08-25,43,"Millbrook School","PM2.5","Wake",35.856111,-78.574167
2025-08-26,31,"Millbrook School","PM2.5","Wake",35.856111,-78.574167
2025-08-27,26,"Millbrook School","PM2.5","Wake",35.856111,-78.574167
2025-08-28,42,"Millbrook School","PM2.5","Wake",35.856111,-78.574167
2025-08-29,44,"Millbrook School","PM2.5","Wake",35.856111,-78.574167
2025-08-30,43,"Millbrook School","PM2.5","Wake",35.856111,-78.574167
2025-08-31,28,"Millbrook School","PM2.5","Wake",35.856111,-78.574167
2025-09-01,23,"Millbrook School","PM2.5","Wake",35.856111,-78.574167
2025-09-02,23,"Millbrook School","PM2.5","Wake",35.856111,-78.574167
2025-09-03,34,"Millbrook School","PM2.5","Wake",35.856111,-78.574167
2025-09-04,52,"Millbrook School","PM2.5","Wake",35.856111,-78.574167
2025-09-05,54,"Millbrook School","PM2.5","Wake",35.856111,-78.574167
2025-09-06,55,"Millbrook School","PM2.5","Wake",35.856111,-78.574167
2025-09-07,46,"Millbrook School","PM2.5","Wake",35.856111,-78.574167
2025-09-08,27,"Millbrook School","PM2.5","Wake",35.856111,-78.574167
2025-09-09,33,"Millbrook School","PM2.5","Wake",35.856111,-78.574167
2025-09-10,20,"Millbrook School","PM2.5","Wake",35.856111,-78.574167
2025-09-11,31,"Millbrook School","PM2.5","Wake",35.856111,-78.574167
2025-09-12,33,"Millbrook School","PM2.5","Wake",35.856111,-78.574167
2025-09-13,39,"Millbrook School","PM2.5","Wake",35.856111,-78.574167
2025-09-14,49,"Millbrook School","PM2.5","Wake",35.856111,-78.574167
2025-09-15,51,"Millbrook School","PM2.5","Wake",35.856111,-78.574167
2025-09-16,38,"Millbrook School","PM2.5","Wake",35.856111,-78.574167
2025-09-17,25,"Millbrook School","PM2.5","Wake",35.856111,-78.574167
2025-09-18,22,"Millbrook School","PM2.5","Wake",35.856111,-78.574167
2025-09-19,49,"Millbrook School","PM2.5","Wake",35.856111,-78.574167
2025-09-20,54,"Millbrook School","PM2.5","Wake",35.856111,-78.574167
2025-09-21,54,"Millbrook School","PM2.5","Wake",35.856111,-78.574167
2025-09-22,39,"Millbrook School","PM2.5","Wake",35.856111,-78.574167
2025-09-23,46,"Millbrook School","PM2.5","Wake",35.856111,-78.574167
2025-09-24,44,"Millbrook School","PM2.5","Wake",35.856111,-78.574167
2025-09-25,37,"Millbrook School","PM2.5","Wake",35.856111,-78.574167
2025-09-26,41,"Millbrook School","PM2.5","Wake",35.856111,-78.574167
2025-09-27,27,"Millbrook School","PM2.5","Wake",35.856111,-78.574167
2025-09-28,33,"Millbrook School","PM2.5","Wake",35.856111,-78.574167
2025-09-29,41,"Millbrook School","PM2.5","Wake",35.856111,-78.574167
2025-09-30,55,"Millbrook School","PM2.5","Wake",35.856111,-78.574167
2025-10-01,48,"Millbrook School","PM2.5","Wake",35.856111,-78.574167
2025-10-02,31,"Millbrook School","PM2.5","Wake",35.856111,-78.574167
2025-10-03,31,"Millbrook School","PM2.5","Wake",35.856111,-78.574167
2025-10-04,36,"Millbrook School","PM2.5","Wake",35.856111,-78.574167
2025-10-05,30,"Millbrook School","PM2.5","Wake",35.856111,-78.574167
2025-10-06,27,"Millbrook School","PM2.5","Wake",35.856111,-78.574167
2025-10-07,25,"Millbrook School","PM2.5","Wake",35.856111,-78.574167
2025-10-08,23,"Millbrook School","PM2.5","Wake",35.856111,-78.574167
2025-10-09,19,"Millbrook School","PM2.5","Wake",35.856111,-78.574167
2025-10-10,24,"Millbrook School","PM2.5","Wake",35.856111,-78.574167
2025-10-11,30,"Millbrook School","PM2.5","Wake",35.856111,-78.574167
2025-10-12,11,"Millbrook School","PM2.5","Wake",35.856111,-78.574167
2025-10-13,12,"Millbrook School","PM2.5","Wake",35.856111,-78.574167
2025-10-14,16,"Millbrook School","PM2.5","Wake",35.856111,-78.574167
2025-10-15,26,"Millbrook School","PM2.5","Wake",35.856111,-78.574167
2025-10-16,26,"Millbrook School","PM2.5","Wake",35.856111,-78.574167
2025-10-17,31,"Millbrook School","PM2.5","Wake",35.856111,-78.574167
2025-10-18,51,"Millbrook School","PM2.5","Wake",35.856111,-78.574167
2025-10-19,31,"Millbrook School","PM2.5","Wake",35.856111,-78.574167
2025-10-20,21,"Millbrook School","PM2.5","Wake",35.856111,-78.574167
2025-10-21,43,"Millbrook School","PM2.5","Wake",35.856111,-78.574167
2025-10-22,32,"Millbrook School","PM2.5","Wake",35.856111,-78.574167
2025-10-23,22,"Millbrook School","PM2.5","Wake",35.856111,-78.574167
2025-10-24,27,"Millbrook School","PM2.5","Wake",35.856111,-78.574167
2025-10-25,23,"Millbrook School","PM2.5","Wake",35.856111,-78.574167
2025-10-26,24,"Millbrook School","PM2.5","Wake",35.856111,-78.574167
2025-10-27,23,"Millbrook School","PM2.5","Wake",35.856111,-78.574167
2025-10-28,17,"Millbrook School","PM2.5","Wake",35.856111,-78.574167
2025-10-29,20,"Millbrook School","PM2.5","Wake",35.856111,-78.574167
2025-10-30,22,"Millbrook School","PM2.5","Wake",35.856111,-78.574167
2025-10-31,20,"Millbrook School","PM2.5","Wake",35.856111,-78.574167
2025-11-01,46,"Millbrook School","PM2.5","Wake",35.856111,-78.574167
2025-11-02,57,"Millbrook School","PM2.5","Wake",35.856111,-78.574167
2025-11-03,36,"Millbrook School","PM2.5","Wake",35.856111,-78.574167
2025-11-04,33,"Millbrook School","PM2.5","Wake",35.856111,-78.574167
2025-11-05,53,"Millbrook School","PM2.5","Wake",35.856111,-78.574167
2025-11-06,55,"Millbrook School","PM2.5","Wake",35.856111,-78.574167
2025-11-07,44,"Millbrook School","PM2.5","Wake",35.856111,-78.574167
2025-11-08,65,"Millbrook School","PM2.5","Wake",35.856111,-78.574167
2025-11-09,60,"Millbrook School","PM2.5","Wake",35.856111,-78.574167
2025-11-10,9,"Millbrook School","PM2.5","Wake",35.856111,-78.574167
2025-11-11,14,"Millbrook School","PM2.5","Wake",35.856111,-78.574167
2025-11-12,31,"Millbrook School","PM2.5","Wake",35.856111,-78.574167
2025-11-13,37,"Millbrook School","PM2.5","Wake",35.856111,-78.574167
2025-11-14,29,"Millbrook School","PM2.5","Wake",35.856111,-78.574167
2025-11-15,53,"Millbrook School","PM2.5","Wake",35.856111,-78.574167
2025-11-16,50,"Millbrook School","PM2.5","Wake",35.856111,-78.574167
2025-11-17,19,"Millbrook School","PM2.5","Wake",35.856111,-78.574167
2025-11-18,38,"Millbrook School","PM2.5","Wake",35.856111,-78.574167
2025-11-19,46,"Millbrook School","PM2.5","Wake",35.856111,-78.574167
2025-11-20,54,"Millbrook School","PM2.5","Wake",35.856111,-78.574167
2025-11-21,76,"Millbrook School","PM2.5","Wake",35.856111,-78.574167
2025-11-22,65,"Millbrook School","PM2.5","Wake",35.856111,-78.574167
2025-11-23,43,"Millbrook School","PM2.5","Wake",35.856111,-78.574167
2025-11-24,46,"Millbrook School","PM2.5","Wake",35.856111,-78.574167
2025-11-25,39,"Millbrook School","PM2.5","Wake",35.856111,-78.574167
2025-11-26,36,"Millbrook School","PM2.5","Wake",35.856111,-78.574167
2025-11-27,17,"Millbrook School","PM2.5","Wake",35.856111,-78.574167
2025-11-28,19,"Millbrook School","PM2.5","Wake",35.856111,-78.574167
2025-11-29,37,"Millbrook School","PM2.5","Wake",35.856111,-78.574167
2025-11-30,41,"Millbrook School","PM2.5","Wake",35.856111,-78.574167
2025-12-01,37,"Millbrook School","PM2.5","Wake",35.856111,-78.574167
2025-12-02,29,"Millbrook School","PM2.5","Wake",35.856111,-78.574167
2025-12-03,42,"Millbrook School","PM2.5","Wake",35.856111,-78.574167
2025-12-04,54,"Millbrook School","PM2.5","Wake",35.856111,-78.574167
2025-12-05,35,"Millbrook School","PM2.5","Wake",35.856111,-78.574167
2025-12-06,53,"Millbrook School","PM2.5","Wake",35.856111,-78.574167
2025-12-07,61,"Millbrook School","PM2.5","Wake",35.856111,-78.574167
2025-12-08,54,"Millbrook School","PM2.5","Wake",35.856111,-78.574167
2025-12-09,36,"Millbrook School","PM2.5","Wake",35.856111,-78.574167
2025-12-10,52,"Millbrook School","PM2.5","Wake",35.856111,-78.574167
2025-12-11,17,"Millbrook School","PM2.5","Wake",35.856111,-78.574167
2025-12-12,41,"Millbrook School","PM2.5","Wake",35.856111,-78.574167
2025-12-13,65,"Millbrook School","PM2.5","Wake",35.856111,-78.574167
2025-12-14,51,"Millbrook School","PM2.5","Wake",35.856111,-78.574167
2025-12-15,32,"Millbrook School","PM2.5","Wake",35.856111,-78.574167
2025-12-16,49,"Millbrook School","PM2.5","Wake",35.856111,-78.574167
2025-12-17,67,"Millbrook School","PM2.5","Wake",35.856111,-78.574167
2025-12-18,64,"Millbrook School","PM2.5","Wake",35.856111,-78.574167
2025-12-19,14,"Millbrook School","PM2.5","Wake",35.856111,-78.574167
2025-12-20,30,"Millbrook School","PM2.5","Wake",35.856111,-78.574167
2025-12-21,31,"Millbrook School","PM2.5","Wake",35.856111,-78.574167
2025-12-22,21,"Millbrook School","PM2.5","Wake",35.856111,-78.574167
2025-12-23,36,"Millbrook School","PM2.5","Wake",35.856111,-78.574167
2025-12-24,47,"Millbrook School","PM2.5","Wake",35.856111,-78.574167
2025-12-25,58,"Millbrook School","PM2.5","Wake",35.856111,-78.574167
2025-12-26,38,"Millbrook School","PM2.5","Wake",35.856111,-78.574167
2025-12-27,52,"Millbrook School","PM2.5","Wake",35.856111,-78.574167
2025-12-28,34,"Millbrook School","PM2.5","Wake",35.856111,-78.574167
2025-12-29,32,"Millbrook School","PM2.5","Wake",35.856111,-78.574167
2025-12-30,19,"Millbrook School","PM2.5","Wake",35.856111,-78.574167
2025-12-31,24,"Millbrook School","PM2.5","Wake",35.856111,-78.574167
2025-01-01,1,"Triple Oak","PM2.5","Wake",35.8652,-78.8197
2025-01-02,21,"Triple Oak","PM2.5","Wake",35.8652,-78.8197
2025-01-03,31,"Triple Oak","PM2.5","Wake",35.8652,-78.8197
2025-01-04,19,"Triple Oak","PM2.5","Wake",35.8652,-78.8197
2025-01-05,27,"Triple Oak","PM2.5","Wake",35.8652,-78.8197
2025-01-06,25,"Triple Oak","PM2.5","Wake",35.8652,-78.8197
2025-01-07,21,"Triple Oak","PM2.5","Wake",35.8652,-78.8197
2025-01-08,25,"Triple Oak","PM2.5","Wake",35.8652,-78.8197
2025-01-09,31,"Triple Oak","PM2.5","Wake",35.8652,-78.8197
2025-01-10,54,"Triple Oak","PM2.5","Wake",35.8652,-78.8197
2025-01-11,38,"Triple Oak","PM2.5","Wake",35.8652,-78.8197
2025-01-12,39,"Triple Oak","PM2.5","Wake",35.8652,-78.8197
2025-01-13,53,"Triple Oak","PM2.5","Wake",35.8652,-78.8197
2025-01-14,25,"Triple Oak","PM2.5","Wake",35.8652,-78.8197
2025-01-15,31,"Triple Oak","PM2.5","Wake",35.8652,-78.8197
2025-01-16,51,"Triple Oak","PM2.5","Wake",35.8652,-78.8197
2025-01-17,42,"Triple Oak","PM2.5","Wake",35.8652,-78.8197
2025-01-18,49,"Triple Oak","PM2.5","Wake",35.8652,-78.8197
2025-01-19,44,"Triple Oak","PM2.5","Wake",35.8652,-78.8197
2025-01-20,17,"Triple Oak","PM2.5","Wake",35.8652,-78.8197
2025-01-21,22,"Triple Oak","PM2.5","Wake",35.8652,-78.8197
2025-01-22,31,"Triple Oak","PM2.5","Wake",35.8652,-78.8197
2025-01-23,56,"Triple Oak","PM2.5","Wake",35.8652,-78.8197
2025-01-24,53,"Triple Oak","PM2.5","Wake",35.8652,-78.8197
2025-01-25,54,"Triple Oak","PM2.5","Wake",35.8652,-78.8197
2025-01-26,52,"Triple Oak","PM2.5","Wake",35.8652,-78.8197
2025-01-27,53,"Triple Oak","PM2.5","Wake",35.8652,-78.8197
2025-01-28,41,"Triple Oak","PM2.5","Wake",35.8652,-78.8197
2025-01-29,27,"Triple Oak","PM2.5","Wake",35.8652,-78.8197
2025-01-30,34,"Triple Oak","PM2.5","Wake",35.8652,-78.8197
2025-01-31,53,"Triple Oak","PM2.5","Wake",35.8652,-78.8197
2025-02-01,17,"Triple Oak","PM2.5","Wake",35.8652,-78.8197
2025-02-02,19,"Triple Oak","PM2.5","Wake",35.8652,-78.8197
2025-02-03,55,"Triple Oak","PM2.5","Wake",35.8652,-78.8197
2025-02-04,55,"Triple Oak","PM2.5","Wake",35.8652,-78.8197
2025-02-05,25,"Triple Oak","PM2.5","Wake",35.8652,-78.8197
2025-02-06,57,"Triple Oak","PM2.5","Wake",35.8652,-78.8197
2025-02-07,42,"Triple Oak","PM2.5","Wake",35.8652,-78.8197
2025-02-08,33,"Triple Oak","PM2.5","Wake",35.8652,-78.8197
2025-02-09,40,"Triple Oak","PM2.5","Wake",35.8652,-78.8197
2025-02-10,22,"Triple Oak","PM2.5","Wake",35.8652,-78.8197
2025-02-11,31,"Triple Oak","PM2.5","Wake",35.8652,-78.8197
2025-02-12,10,"Triple Oak","PM2.5","Wake",35.8652,-78.8197
2025-02-13,11,"Triple Oak","PM2.5","Wake",35.8652,-78.8197
2025-02-14,24,"Triple Oak","PM2.5","Wake",35.8652,-78.8197
2025-02-15,26,"Triple Oak","PM2.5","Wake",35.8652,-78.8197
2025-02-16,14,"Triple Oak","PM2.5","Wake",35.8652,-78.8197
2025-02-17,15,"Triple Oak","PM2.5","Wake",35.8652,-78.8197
2025-02-18,32,"Triple Oak","PM2.5","Wake",35.8652,-78.8197
2025-02-19,35,"Triple Oak","PM2.5","Wake",35.8652,-78.8197
2025-02-20,27,"Triple Oak","PM2.5","Wake",35.8652,-78.8197
2025-02-21,30,"Triple Oak","PM2.5","Wake",35.8652,-78.8197
2025-02-22,32,"Triple Oak","PM2.5","Wake",35.8652,-78.8197
2025-02-23,42,"Triple Oak","PM2.5","Wake",35.8652,-78.8197
2025-02-24,51,"Triple Oak","PM2.5","Wake",35.8652,-78.8197
2025-02-25,56,"Triple Oak","PM2.5","Wake",35.8652,-78.8197
2025-02-26,48,"Triple Oak","PM2.5","Wake",35.8652,-78.8197
2025-02-27,68,"Triple Oak","PM2.5","Wake",35.8652,-78.8197
2025-02-28,20,"Triple Oak","PM2.5","Wake",35.8652,-78.8197
2025-03-01,37,"Triple Oak","PM2.5","Wake",35.8652,-78.8197
2025-03-02,18,"Triple Oak","PM2.5","Wake",35.8652,-78.8197
2025-03-03,35,"Triple Oak","PM2.5","Wake",35.8652,-78.8197
2025-03-04,29,"Triple Oak","PM2.5","Wake",35.8652,-78.8197
2025-03-05,32,"Triple Oak","PM2.5","Wake",35.8652,-78.8197
2025-03-06,11,"Triple Oak","PM2.5","Wake",35.8652,-78.8197
2025-03-07,52,"Triple Oak","PM2.5","Wake",35.8652,-78.8197
2025-03-08,48,"Triple Oak","PM2.5","Wake",35.8652,-78.8197
2025-03-09,21,"Triple Oak","PM2.5","Wake",35.8652,-78.8197
2025-03-10,39,"Triple Oak","PM2.5","Wake",35.8652,-78.8197
2025-03-11,32,"Triple Oak","PM2.5","Wake",35.8652,-78.8197
2025-03-12,56,"Triple Oak","PM2.5","Wake",35.8652,-78.8197
2025-03-13,63,"Triple Oak","PM2.5","Wake",35.8652,-78.8197
2025-03-14,58,"Triple Oak","PM2.5","Wake",35.8652,-78.8197
2025-03-15,52,"Triple Oak","PM2.5","Wake",35.8652,-78.8197
2025-03-16,29,"Triple Oak","PM2.5","Wake",35.8652,-78.8197
2025-03-17,21,"Triple Oak","PM2.5","Wake",35.8652,-78.8197
2025-03-18,16,"Triple Oak","PM2.5","Wake",35.8652,-78.8197
2025-03-19,58,"Triple Oak","PM2.5","Wake",35.8652,-78.8197
2025-03-20,59,"Triple Oak","PM2.5","Wake",35.8652,-78.8197
2025-03-21,11,"Triple Oak","PM2.5","Wake",35.8652,-78.8197
2025-03-22,46,"Triple Oak","PM2.5","Wake",35.8652,-78.8197
2025-03-23,36,"Triple Oak","PM2.5","Wake",35.8652,-78.8197
2025-03-24,55,"Triple Oak","PM2.5","Wake",35.8652,-78.8197
2025-03-25,21,"Triple Oak","PM2.5","Wake",35.8652,-78.8197
2025-03-28,53,"Triple Oak","PM2.5","Wake",35.8652,-78.8197
2025-03-29,49,"Triple Oak","PM2.5","Wake",35.8652,-78.8197
2025-03-30,29,"Triple Oak","PM2.5","Wake",35.8652,-78.8197
2025-03-31,34,"Triple Oak","PM2.5","Wake",35.8652,-78.8197
2025-04-01,7,"Triple Oak","PM2.5","Wake",35.8652,-78.8197
2025-04-02,34,"Triple Oak","PM2.5","Wake",35.8652,-78.8197
2025-04-03,53,"Triple Oak","PM2.5","Wake",35.8652,-78.8197
2025-04-04,57,"Triple Oak","PM2.5","Wake",35.8652,-78.8197
2025-04-05,54,"Triple Oak","PM2.5","Wake",35.8652,-78.8197
2025-04-06,32,"Triple Oak","PM2.5","Wake",35.8652,-78.8197
2025-04-07,37,"Triple Oak","PM2.5","Wake",35.8652,-78.8197
2025-04-08,18,"Triple Oak","PM2.5","Wake",35.8652,-78.8197
2025-04-09,24,"Triple Oak","PM2.5","Wake",35.8652,-78.8197
2025-04-10,32,"Triple Oak","PM2.5","Wake",35.8652,-78.8197
2025-04-11,17,"Triple Oak","PM2.5","Wake",35.8652,-78.8197
2025-04-12,12,"Triple Oak","PM2.5","Wake",35.8652,-78.8197
2025-04-13,20,"Triple Oak","PM2.5","Wake",35.8652,-78.8197
2025-04-14,53,"Triple Oak","PM2.5","Wake",35.8652,-78.8197
2025-04-15,38,"Triple Oak","PM2.5","Wake",35.8652,-78.8197
2025-04-16,28,"Triple Oak","PM2.5","Wake",35.8652,-78.8197
2025-04-17,37,"Triple Oak","PM2.5","Wake",35.8652,-78.8197
2025-04-18,53,"Triple Oak","PM2.5","Wake",35.8652,-78.8197
2025-04-19,49,"Triple Oak","PM2.5","Wake",35.8652,-78.8197
2025-04-20,52,"Triple Oak","PM2.5","Wake",35.8652,-78.8197
2025-04-21,58,"Triple Oak","PM2.5","Wake",35.8652,-78.8197
2025-04-22,55,"Triple Oak","PM2.5","Wake",35.8652,-78.8197
2025-04-23,55,"Triple Oak","PM2.5","Wake",35.8652,-78.8197
2025-04-24,53,"Triple Oak","PM2.5","Wake",35.8652,-78.8197
2025-04-25,57,"Triple Oak","PM2.5","Wake",35.8652,-78.8197
2025-04-26,41,"Triple Oak","PM2.5","Wake",35.8652,-78.8197
2025-04-27,17,"Triple Oak","PM2.5","Wake",35.8652,-78.8197
2025-04-28,33,"Triple Oak","PM2.5","Wake",35.8652,-78.8197
2025-04-29,51,"Triple Oak","PM2.5","Wake",35.8652,-78.8197
2025-04-30,58,"Triple Oak","PM2.5","Wake",35.8652,-78.8197
2025-05-01,61,"Triple Oak","PM2.5","Wake",35.8652,-78.8197
2025-05-02,52,"Triple Oak","PM2.5","Wake",35.8652,-78.8197
2025-05-03,31,"Triple Oak","PM2.5","Wake",35.8652,-78.8197
2025-05-04,21,"Triple Oak","PM2.5","Wake",35.8652,-78.8197
2025-05-05,37,"Triple Oak","PM2.5","Wake",35.8652,-78.8197
2025-05-06,31,"Triple Oak","PM2.5","Wake",35.8652,-78.8197
2025-05-07,37,"Triple Oak","PM2.5","Wake",35.8652,-78.8197
2025-05-08,47,"Triple Oak","PM2.5","Wake",35.8652,-78.8197
2025-05-09,30,"Triple Oak","PM2.5","Wake",35.8652,-78.8197
2025-05-10,24,"Triple Oak","PM2.5","Wake",35.8652,-78.8197
2025-05-11,43,"Triple Oak","PM2.5","Wake",35.8652,-78.8197
2025-05-12,27,"Triple Oak","PM2.5","Wake",35.8652,-78.8197
2025-05-13,18,"Triple Oak","PM2.5","Wake",35.8652,-78.8197
2025-05-14,32,"Triple Oak","PM2.5","Wake",35.8652,-78.8197
2025-05-15,52,"Triple Oak","PM2.5","Wake",35.8652,-78.8197
2025-05-16,60,"Triple Oak","PM2.5","Wake",35.8652,-78.8197
2025-05-17,36,"Triple Oak","PM2.5","Wake",35.8652,-78.8197
2025-05-18,33,"Triple Oak","PM2.5","Wake",35.8652,-78.8197
2025-05-19,34,"Triple Oak","PM2.5","Wake",35.8652,-78.8197
2025-05-20,43,"Triple Oak","PM2.5","Wake",35.8652,-78.8197
2025-05-21,37,"Triple Oak","PM2.5","Wake",35.8652,-78.8197
2025-05-22,27,"Triple Oak","PM2.5","Wake",35.8652,-78.8197
2025-05-23,14,"Triple Oak","PM2.5","Wake",35.8652,-78.8197
2025-05-24,24,"Triple Oak","PM2.5","Wake",35.8652,-78.8197
2025-05-25,29,"Triple Oak","PM2.5","Wake",35.8652,-78.8197
2025-05-26,40,"Triple Oak","PM2.5","Wake",35.8652,-78.8197
2025-05-27,18,"Triple Oak","PM2.5","Wake",35.8652,-78.8197
2025-05-28,16,"Triple Oak","PM2.5","Wake",35.8652,-78.8197
2025-05-29,23,"Triple Oak","PM2.5","Wake",35.8652,-78.8197
2025-05-30,24,"Triple Oak","PM2.5","Wake",35.8652,-78.8197
2025-05-31,41,"Triple Oak","PM2.5","Wake",35.8652,-78.8197
2025-06-01,54,"Triple Oak","PM2.5","Wake",35.8652,-78.8197
2025-06-02,33,"Triple Oak","PM2.5","Wake",35.8652,-78.8197
2025-06-03,39,"Triple Oak","PM2.5","Wake",35.8652,-78.8197
2025-06-04,52,"Triple Oak","PM2.5","Wake",35.8652,-78.8197
2025-06-05,33,"Triple Oak","PM2.5","Wake",35.8652,-78.8197
2025-06-06,50,"Triple Oak","PM2.5","Wake",35.8652,-78.8197
2025-06-07,36,"Triple Oak","PM2.5","Wake",35.8652,-78.8197
2025-06-08,42,"Triple Oak","PM2.5","Wake",35.8652,-78.8197
2025-06-09,39,"Triple Oak","PM2.5","Wake",35.8652,-78.8197
2025-06-10,33,"Triple Oak","PM2.5","Wake",35.8652,-78.8197
2025-06-11,52,"Triple Oak","PM2.5","Wake",35.8652,-78.8197
2025-06-12,52,"Triple Oak","PM2.5","Wake",35.8652,-78.8197
2025-06-13,44,"Triple Oak","PM2.5","Wake",35.8652,-78.8197
2025-06-14,36,"Triple Oak","PM2.5","Wake",35.8652,-78.8197
2025-06-15,38,"Triple Oak","PM2.5","Wake",35.8652,-78.8197
2025-06-16,36,"Triple Oak","PM2.5","Wake",35.8652,-78.8197
2025-06-17,46,"Triple Oak","PM2.5","Wake",35.8652,-78.8197
2025-06-18,38,"Triple Oak","PM2.5","Wake",35.8652,-78.8197
2025-06-19,33,"Triple Oak","PM2.5","Wake",35.8652,-78.8197
2025-06-20,26,"Triple Oak","PM2.5","Wake",35.8652,-78.8197
2025-06-21,47,"Triple Oak","PM2.5","Wake",35.8652,-78.8197
2025-06-22,55,"Triple Oak","PM2.5","Wake",35.8652,-78.8197
2025-06-23,62,"Triple Oak","PM2.5","Wake",35.8652,-78.8197
2025-06-24,67,"Triple Oak","PM2.5","Wake",35.8652,-78.8197
2025-06-25,62,"Triple Oak","PM2.5","Wake",35.8652,-78.8197
2025-06-26,58,"Triple Oak","PM2.5","Wake",35.8652,-78.8197
2025-06-27,55,"Triple Oak","PM2.5","Wake",35.8652,-78.8197
2025-06-28,52,"Triple Oak","PM2.5","Wake",35.8652,-78.8197
2025-06-29,56,"Triple Oak","PM2.5","Wake",35.8652,-78.8197
2025-06-30,53,"Triple Oak","PM2.5","Wake",35.8652,-78.8197
2025-07-01,50,"Triple Oak","PM2.5","Wake",35.8652,-78.8197
2025-07-02,28,"Triple Oak","PM2.5","Wake",35.8652,-78.8197
2025-07-03,39,"Triple Oak","PM2.5","Wake",35.8652,-78.8197
2025-07-04,58,"Triple Oak","PM2.5","Wake",35.8652,-78.8197
2025-07-05,57,"Triple Oak","PM2.5","Wake",35.8652,-78.8197
2025-07-06,20,"Triple Oak","PM2.5","Wake",35.8652,-78.8197
2025-07-07,47,"Triple Oak","PM2.5","Wake",35.8652,-78.8197
2025-07-08,58,"Triple Oak","PM2.5","Wake",35.8652,-78.8197
2025-07-09,53,"Triple Oak","PM2.5","Wake",35.8652,-78.8197
2025-07-10,33,"Triple Oak","PM2.5","Wake",35.8652,-78.8197
2025-07-11,46,"Triple Oak","PM2.5","Wake",35.8652,-78.8197
2025-07-12,46,"Triple Oak","PM2.5","Wake",35.8652,-78.8197
2025-07-13,48,"Triple Oak","PM2.5","Wake",35.8652,-78.8197
2025-07-16,41,"Triple Oak","PM2.5","Wake",35.8652,-78.8197
2025-07-17,46,"Triple Oak","PM2.5","Wake",35.8652,-78.8197
2025-07-18,46,"Triple Oak","PM2.5","Wake",35.8652,-78.8197
2025-07-19,41,"Triple Oak","PM2.5","Wake",35.8652,-78.8197
2025-07-20,36,"Triple Oak","PM2.5","Wake",35.8652,-78.8197
2025-07-21,46,"Triple Oak","PM2.5","Wake",35.8652,-78.8197
2025-07-22,52,"Triple Oak","PM2.5","Wake",35.8652,-78.8197
2025-07-23,52,"Triple Oak","PM2.5","Wake",35.8652,-78.8197
2025-07-24,48,"Triple Oak","PM2.5","Wake",35.8652,-78.8197
2025-07-25,52,"Triple Oak","PM2.5","Wake",35.8652,-78.8197
2025-07-26,53,"Triple Oak","PM2.5","Wake",35.8652,-78.8197
2025-07-27,52,"Triple Oak","PM2.5","Wake",35.8652,-78.8197
2025-07-28,36,"Triple Oak","PM2.5","Wake",35.8652,-78.8197
2025-07-29,48,"Triple Oak","PM2.5","Wake",35.8652,-78.8197
2025-07-30,53,"Triple Oak","PM2.5","Wake",35.8652,-78.8197
2025-07-31,52,"Triple Oak","PM2.5","Wake",35.8652,-78.8197
2025-08-01,33,"Triple Oak","PM2.5","Wake",35.8652,-78.8197
2025-08-02,19,"Triple Oak","PM2.5","Wake",35.8652,-78.8197
2025-08-03,26,"Triple Oak","PM2.5","Wake",35.8652,-78.8197
2025-08-04,38,"Triple Oak","PM2.5","Wake",35.8652,-78.8197
2025-08-05,36,"Triple Oak","PM2.5","Wake",35.8652,-78.8197
2025-08-06,26,"Triple Oak","PM2.5","Wake",35.8652,-78.8197
2025-08-07,58,"Triple Oak","PM2.5","Wake",35.8652,-78.8197
2025-08-08,69,"Triple Oak","PM2.5","Wake",35.8652,-78.8197
2025-08-09,43,"Triple Oak","PM2.5","Wake",35.8652,-78.8197
2025-08-10,33,"Triple Oak","PM2.5","Wake",35.8652,-78.8197
2025-08-11,21,"Triple Oak","PM2.5","Wake",35.8652,-78.8197
2025-08-12,20,"Triple Oak","PM2.5","Wake",35.8652,-78.8197
2025-08-13,36,"Triple Oak","PM2.5","Wake",35.8652,-78.8197
2025-08-14,43,"Triple Oak","PM2.5","Wake",35.8652,-78.8197
2025-08-15,36,"Triple Oak","PM2.5","Wake",35.8652,-78.8197
2025-08-16,44,"Triple Oak","PM2.5","Wake",35.8652,-78.8197
2025-08-17,49,"Triple Oak","PM2.5","Wake",35.8652,-78.8197
2025-08-18,51,"Triple Oak","PM2.5","Wake",35.8652,-78.8197
2025-08-19,18,"Triple Oak","PM2.5","Wake",35.8652,-78.8197
2025-08-20,22,"Triple Oak","PM2.5","Wake",35.8652,-78.8197
2025-08-21,22,"Triple Oak","PM2.5","Wake",35.8652,-78.8197
2025-08-22,18,"Triple Oak","PM2.5","Wake",35.8652,-78.8197
2025-08-23,28,"Triple Oak","PM2.5","Wake",35.8652,-78.8197
2025-08-24,31,"Triple Oak","PM2.5","Wake",35.8652,-78.8197
2025-08-25,35,"Triple Oak","PM2.5","Wake",35.8652,-78.8197
2025-08-26,31,"Triple Oak","PM2.5","Wake",35.8652,-78.8197
2025-08-27,28,"Triple Oak","PM2.5","Wake",35.8652,-78.8197
2025-08-28,39,"Triple Oak","PM2.5","Wake",35.8652,-78.8197
2025-08-29,32,"Triple Oak","PM2.5","Wake",35.8652,-78.8197
2025-08-30,28,"Triple Oak","PM2.5","Wake",35.8652,-78.8197
2025-08-31,24,"Triple Oak","PM2.5","Wake",35.8652,-78.8197
2025-09-01,18,"Triple Oak","PM2.5","Wake",35.8652,-78.8197
2025-09-02,14,"Triple Oak","PM2.5","Wake",35.8652,-78.8197
2025-09-03,31,"Triple Oak","PM2.5","Wake",35.8652,-78.8197
2025-09-04,47,"Triple Oak","PM2.5","Wake",35.8652,-78.8197
2025-09-05,54,"Triple Oak","PM2.5","Wake",35.8652,-78.8197
2025-09-06,55,"Triple Oak","PM2.5","Wake",35.8652,-78.8197
2025-09-07,37,"Triple Oak","PM2.5","Wake",35.8652,-78.8197
2025-09-08,22,"Triple Oak","PM2.5","Wake",35.8652,-78.8197
2025-09-09,22,"Triple Oak","PM2.5","Wake",35.8652,-78.8197
2025-09-10,21,"Triple Oak","PM2.5","Wake",35.8652,-78.8197
2025-09-11,26,"Triple Oak","PM2.5","Wake",35.8652,-78.8197
2025-09-12,29,"Triple Oak","PM2.5","Wake",35.8652,-78.8197
2025-09-13,36,"Triple Oak","PM2.5","Wake",35.8652,-78.8197
2025-09-14,38,"Triple Oak","PM2.5","Wake",35.8652,-78.8197
2025-09-15,36,"Triple Oak","PM2.5","Wake",35.8652,-78.8197
2025-09-16,34,"Triple Oak","PM2.5","Wake",35.8652,-78.8197
2025-09-17,23,"Triple Oak","PM2.5","Wake",35.8652,-78.8197
2025-09-18,22,"Triple Oak","PM2.5","Wake",35.8652,-78.8197
2025-09-19,44,"Triple Oak","PM2.5","Wake",35.8652,-78.8197
2025-09-20,53,"Triple Oak","PM2.5","Wake",35.8652,-78.8197
2025-09-21,54,"Triple Oak","PM2.5","Wake",35.8652,-78.8197
2025-09-22,39,"Triple Oak","PM2.5","Wake",35.8652,-78.8197
2025-09-23,48,"Triple Oak","PM2.5","Wake",35.8652,-78.8197
2025-09-24,55,"Triple Oak","PM2.5","Wake",35.8652,-78.8197
2025-09-25,52,"Triple Oak","PM2.5","Wake",35.8652,-78.8197
2025-09-26,51,"Triple Oak","PM2.5","Wake",35.8652,-78.8197
2025-09-27,23,"Triple Oak","PM2.5","Wake",35.8652,-78.8197
2025-09-28,25,"Triple Oak","PM2.5","Wake",35.8652,-78.8197
2025-09-29,43,"Triple Oak","PM2.5","Wake",35.8652,-78.8197
2025-09-30,53,"Triple Oak","PM2.5","Wake",35.8652,-78.8197
2025-10-01,44,"Triple Oak","PM2.5","Wake",35.8652,-78.8197
2025-10-02,26,"Triple Oak","PM2.5","Wake",35.8652,-78.8197
2025-10-03,18,"Triple Oak","PM2.5","Wake",35.8652,-78.8197
2025-10-04,29,"Triple Oak","PM2.5","Wake",35.8652,-78.8197
2025-10-05,26,"Triple Oak","PM2.5","Wake",35.8652,-78.8197
2025-10-06,23,"Triple Oak","PM2.5","Wake",35.8652,-78.8197
2025-10-07,26,"Triple Oak","PM2.5","Wake",35.8652,-78.8197
2025-10-08,25,"Triple Oak","PM2.5","Wake",35.8652,-78.8197
2025-10-09,11,"Triple Oak","PM2.5","Wake",35.8652,-78.8197
2025-10-10,15,"Triple Oak","PM2.5","Wake",35.8652,-78.8197
2025-10-11,25,"Triple Oak","PM2.5","Wake",35.8652,-78.8197
2025-10-12,8,"Triple Oak","PM2.5","Wake",35.8652,-78.8197
2025-10-13,5,"Triple Oak","PM2.5","Wake",35.8652,-78.8197
2025-10-14,1,"Triple Oak","PM2.5","Wake",35.8652,-78.8197
2025-10-15,17,"Triple Oak","PM2.5","Wake",35.8652,-78.8197
2025-10-19,4,"Triple Oak","PM2.5","Wake",35.8652,-78.8197
2025-10-24,27,"Triple Oak","PM2.5","Wake",35.8652,-78.8197
2025-10-25,25,"Triple Oak","PM2.5","Wake",35.8652,-78.8197
2025-10-26,22,"Triple Oak","PM2.5","Wake",35.8652,-78.8197
2025-10-27,27,"Triple Oak","PM2.5","Wake",35.8652,-78.8197
2025-10-28,15,"Triple Oak","PM2.5","Wake",35.8652,-78.8197
2025-10-29,17,"Triple Oak","PM2.5","Wake",35.8652,-78.8197
2025-10-30,18,"Triple Oak","PM2.5","Wake",35.8652,-78.8197
2025-10-31,37,"Triple Oak","PM2.5","Wake",35.8652,-78.8197
2025-11-01,43,"Triple Oak","PM2.5","Wake",35.8652,-78.8197
2025-11-02,48,"Triple Oak","PM2.5","Wake",35.8652,-78.8197
2025-11-03,33,"Triple Oak","PM2.5","Wake",35.8652,-78.8197
2025-11-04,26,"Triple Oak","PM2.5","Wake",35.8652,-78.8197
2025-11-05,53,"Triple Oak","PM2.5","Wake",35.8652,-78.8197
2025-11-06,51,"Triple Oak","PM2.5","Wake",35.8652,-78.8197
2025-11-07,42,"Triple Oak","PM2.5","Wake",35.8652,-78.8197
2025-11-08,57,"Triple Oak","PM2.5","Wake",35.8652,-78.8197
2025-11-09,55,"Triple Oak","PM2.5","Wake",35.8652,-78.8197
2025-11-10,3,"Triple Oak","PM2.5","Wake",35.8652,-78.8197
2025-11-11,22,"Triple Oak","PM2.5","Wake",35.8652,-78.8197
2025-11-12,49,"Triple Oak","PM2.5","Wake",35.8652,-78.8197
2025-11-13,45,"Triple Oak","PM2.5","Wake",35.8652,-78.8197
2025-11-14,40,"Triple Oak","PM2.5","Wake",35.8652,-78.8197
2025-11-15,54,"Triple Oak","PM2.5","Wake",35.8652,-78.8197
2025-11-16,36,"Triple Oak","PM2.5","Wake",35.8652,-78.8197
2025-11-17,24,"Triple Oak","PM2.5","Wake",35.8652,-78.8197
2025-11-18,39,"Triple Oak","PM2.5","Wake",35.8652,-78.8197
2025-11-19,51,"Triple Oak","PM2.5","Wake",35.8652,-78.8197
2025-11-20,44,"Triple Oak","PM2.5","Wake",35.8652,-78.8197
2025-11-21,69,"Triple Oak","PM2.5","Wake",35.8652,-78.8197
2025-11-22,57,"Triple Oak","PM2.5","Wake",35.8652,-78.8197
2025-11-23,40,"Triple Oak","PM2.5","Wake",35.8652,-78.8197
2025-11-24,43,"Triple Oak","PM2.5","Wake",35.8652,-78.8197
2025-11-25,48,"Triple Oak","PM2.5","Wake",35.8652,-78.8197
2025-11-26,37,"Triple Oak","PM2.5","Wake",35.8652,-78.8197
2025-11-27,18,"Triple Oak","PM2.5","Wake",35.8652,-78.8197
2025-11-28,22,"Triple Oak","PM2.5","Wake",35.8652,-78.8197
2025-11-29,25,"Triple Oak","PM2.5","Wake",35.8652,-78.8197
2025-11-30,46,"Triple Oak","PM2.5","Wake",35.8652,-78.8197
2025-12-01,29,"Triple Oak","PM2.5","Wake",35.8652,-78.8197
2025-12-02,26,"Triple Oak","PM2.5","Wake",35.8652,-78.8197
2025-12-03,36,"Triple Oak","PM2.5","Wake",35.8652,-78.8197
2025-12-04,51,"Triple Oak","PM2.5","Wake",35.8652,-78.8197
2025-12-05,34,"Triple Oak","PM2.5","Wake",35.8652,-78.8197
2025-12-06,51,"Triple Oak","PM2.5","Wake",35.8652,-78.8197
2025-12-07,57,"Triple Oak","PM2.5","Wake",35.8652,-78.8197
2025-12-08,51,"Triple Oak","PM2.5","Wake",35.8652,-78.8197
2025-12-09,35,"Triple Oak","PM2.5","Wake",35.8652,-78.8197
2025-12-10,48,"Triple Oak","PM2.5","Wake",35.8652,-78.8197
2025-12-11,17,"Triple Oak","PM2.5","Wake",35.8652,-78.8197
2025-12-12,37,"Triple Oak","PM2.5","Wake",35.8652,-78.8197
2025-12-13,56,"Triple Oak","PM2.5","Wake",35.8652,-78.8197
2025-12-14,43,"Triple Oak","PM2.5","Wake",35.8652,-78.8197
2025-12-15,26,"Triple Oak","PM2.5","Wake",35.8652,-78.8197
2025-12-16,52,"Triple Oak","PM2.5","Wake",35.8652,-78.8197
2025-12-17,58,"Triple Oak","PM2.5","Wake",35.8652,-78.8197
2025-12-18,58,"Triple Oak","PM2.5","Wake",35.8652,-78.8197
2025-12-19,9,"Triple Oak","PM2.5","Wake",35.8652,-78.8197
2025-12-20,29,"Triple Oak","PM2.5","Wake",35.8652,-78.8197
2025-12-21,29,"Triple Oak","PM2.5","Wake",35.8652,-78.8197
2025-12-22,24,"Triple Oak","PM2.5","Wake",35.8652,-78.8197
2025-12-23,47,"Triple Oak","PM2.5","Wake",35.8652,-78.8197
2025-12-24,50,"Triple Oak","PM2.5","Wake",35.8652,-78.8197
2025-12-25,52,"Triple Oak","PM2.5","Wake",35.8652,-78.8197
2025-12-26,33,"Triple Oak","PM2.5","Wake",35.8652,-78.8197
2025-12-27,49,"Triple Oak","PM2.5","Wake",35.8652,-78.8197
2025-12-28,26,"Triple Oak","PM2.5","Wake",35.8652,-78.8197
2025-12-29,29,"Triple Oak","PM2.5","Wake",35.8652,-78.8197
2025-12-30,23,"Triple Oak","PM2.5","Wake",35.8652,-78.8197
2025-12-31,24,"Triple Oak","PM2.5","Wake",35.8652,-78.8197
