"Date","Daily.AQI.Value","Local.Site.Name","AQS.Parameter.Description","County","Site.Latitude","Site.Longitude"
2024-01-01,14,"Linville Falls","PM2.5","Avery",35.972347,-81.933072
2024-01-04,13,"Linville Falls","PM2.5","Avery",35.972347,-81.933072
2024-01-07,5,"Linville Falls","PM2.5","Avery",35.972347,-81.933072
2024-01-10,6,"Linville Falls","PM2.5","Avery",35.972347,-81.933072
2024-01-13,11,"Linville Falls","PM2.5","Avery",35.972347,-81.933072
2024-01-16,17,"Linville Falls","PM2.5","Avery",35.972347,-81.933072
2024-01-19,23,"Linville Falls","PM2.5","Avery",35.972347,-81.933072
2024-01-22,16,"Linville Falls","PM2.5","Avery",35.972347,-81.933072
2024-01-25,5,"Linville Falls","PM2.5","Avery",35.972347,-81.933072
2024-01-28,2,"Linville Falls","PM2.5","Avery",35.972347,-81.933072
2024-01-31,12,"Linville Falls","PM2.5","Avery",35.972347,-81.933072
2024-02-03,26,"Linville Falls","PM2.5","Avery",35.972347,-81.933072
2024-02-06,22,"Linville Falls","PM2.5","Avery",35.972347,-81.933072
2024-02-09,50,"Linville Falls","PM2.5","Avery",35.972347,-81.933072
2024-02-12,4,"Linville Falls","PM2.5","Avery",35.972347,-81.933072
2024-02-15,23,"Linville Falls","PM2.5","Avery",35.972347,-81.933072
2024-02-18,9,"Linville Falls","PM2.5","Avery",35.972347,-81.933072
2024-02-21,52,"Linville Falls","PM2.5","Avery",35.972347,-81.933072
2024-02-24,11,"Linville Falls","PM2.5","Avery",35.972347,-81.933072
2024-02-27,58,"Linville Falls","PM2.5","Avery",35.972347,-81.933072
2024-03-01,21,"Linville Falls","PM2.5","Avery",35.972347,-81.933072
2024-03-04,58,"Linville Falls","PM2.5","Avery",35.972347,-81.933072
2024-03-07,10,"Linville Falls","PM2.5","Avery",35.972347,-81.933072
2024-03-10,7,"Linville Falls","PM2.5","Avery",35.972347,-81.933072
2024-03-13,55,"Linville Falls","PM2.5","Avery",35.972347,-81.933072
2024-03-16,11,"Linville Falls","PM2.5","Avery",35.972347,-81.933072
2024-03-19,18,"Linville Falls","PM2.5","Avery",35.972347,-81.933072
2024-03-22,65,"Linville Falls","PM2.5","Avery",35.972347,-81.933072
2024-03-25,18,"Linville Falls","PM2.5","Avery",35.972347,-81.933072
2024-03-28,14,"Linville Falls","PM2.5","Avery",35.972347,-81.933072
2024-03-31,30,"Linville Falls","PM2.5","Avery",35.972347,-81.933072
2024-04-03,13,"Linville Falls","PM2.5","Avery",35.972347,-81.933072
2024-04-06,7,"Linville Falls","PM2.5","Avery",35.972347,-81.933072
2024-04-09,41,"Linville Falls","PM2.5","Avery",35.972347,-81.933072
2024-04-12,12,"Linville Falls","PM2.5","Avery",35.972347,-81.933072
2024-04-15,32,"Linville Falls","PM2.5","Avery",35.972347,-81.933072
2024-04-18,27,"Linville Falls","PM2.5","Avery",35.972347,-81.933072
2024-04-21,17,"Linville Falls","PM2.5","Avery",35.972347,-81.933072
2024-04-24,27,"Linville Falls","PM2.5","Avery",35.972347,-81.933072
2024-04-27,41,"Linville Falls","PM2.5","Avery",35.972347,-81.933072
2024-04-30,26,"Linville Falls","PM2.5","Avery",35.972347,-81.933072
2024-05-03,41,"Linville Falls","PM2.5","Avery",35.972347,-81.933072
2024-05-06,22,"Linville Falls","PM2.5","Avery",35.972347,-81.933072
2024-05-15,13,"Linville Falls","PM2.5","Avery",35.972347,-81.933072
2024-05-18,18,"Linville Falls","PM2.5","Avery",35.972347,-81.933072
2024-05-21,34,"Linville Falls","PM2.5","Avery",35.972347,-81.933072
2024-05-24,24,"Linville Falls","PM2.5","Avery",35.972347,-81.933072
2024-05-27,25,"Linville Falls","PM2.5","Avery",35.972347,-81.933072
2024-05-30,13,"Linville Falls","PM2.5","Avery",35.972347,-81.933072
2024-06-02,28,"Linville Falls","PM2.5","Avery",35.972347,-81.933072
2024-06-05,24,"Linville Falls","PM2.5","Avery",35.972347,-81.933072
2024-06-08,25,"Linville Falls","PM2.5","Avery",35.972347,-81.933072
2024-06-11,24,"Linville Falls","PM2.5","Avery",35.972347,-81.933072
2024-06-14,50,"Linville Falls","PM2.5","Avery",35.972347,-81.933072
2024-06-17,56,"Linville Falls","PM2.5","Avery",35.972347,-81.933072
2024-06-20,31,"Linville Falls","PM2.5","Avery",35.972347,-81.933072
2024-06-23,44,"Linville Falls","PM2.5","Avery",35.972347,-81.933072
2024-06-26,29,"Linville Falls","PM2.5","Avery",35.972347,-81.933072
2024-06-29,33,"Linville Falls","PM2.5","Avery",35.972347,-81.933072
2024-07-02,21,"Linville Falls","PM2.5","Avery",35.972347,-81.933072
2024-07-05,33,"Linville Falls","PM2.5","Avery",35.972347,-81.933072
2024-07-08,25,"Linville Falls","PM2.5","Avery",35.972347,-81.933072
2024-07-11,20,"Linville Falls","PM2.5","Avery",35.972347,-81.933072
2024-07-14,40,"Linville Falls","PM2.5","Avery",35.972347,-81.933072
2024-07-17,39,"Linville Falls","PM2.5","Avery",35.972347,-81.933072
2024-07-20,21,"Linville Falls","PM2.5","Avery",35.972347,-81.933072
2024-07-23,24,"Linville Falls","PM2.5","Avery",35.972347,-81.933072
2024-07-26,56,"Linville Falls","PM2.5","Avery",35.972347,-81.933072
2024-07-29,24,"Linville Falls","PM2.5","Avery",35.972347,-81.933072
2024-08-01,31,"Linville Falls","PM2.5","Avery",35.972347,-81.933072
2024-08-04,29,"Linville Falls","PM2.5","Avery",35.972347,-81.933072
2024-08-07,12,"Linville Falls","PM2.5","Avery",35.972347,-81.933072
2024-08-10,43,"Linville Falls","PM2.5","Avery",35.972347,-81.933072
2024-08-13,36,"Linville Falls","PM2.5","Avery",35.972347,-81.933072
2024-08-16,41,"Linville Falls","PM2.5","Avery",35.972347,-81.933072
2024-08-19,18,"Linville Falls","PM2.5","Avery",35.972347,-81.933072
2024-08-22,38,"Linville Falls","PM2.5","Avery",35.972347,-81.933072
2024-08-25,48,"Linville Falls","PM2.5","Avery",35.972347,-81.933072
2024-08-28,54,"Linville Falls","PM2.5","Avery",35.972347,-81.933072
2024-08-31,45,"Linville Falls","PM2.5","Avery",35.972347,-81.933072
2024-09-03,17,"Linville Falls","PM2.5","Avery",35.972347,-81.933072
2024-09-06,26,"Linville Falls","PM2.5","Avery",35.972347,-81.933072
2024-09-09,18,"Linville Falls","PM2.5","Avery",35.972347,-81.933072
2024-09-12,38,"Linville Falls","PM2.5","Avery",35.972347,-81.933072
2024-09-15,19,"Linville Falls","PM2.5","Avery",35.972347,-81.933072
2024-09-18,26,"Linville Falls","PM2.5","Avery",35.972347,-81.933072
2024-09-21,33,"Linville Falls","PM2.5","Avery",35.972347,-81.933072
2024-09-24,38,"Linville Falls","PM2.5","Avery",35.972347,-81.933072
2024-11-08,27,"Linville Falls","PM2.5","Avery",35.972347,-81.933072
2024-11-11,13,"Linville Falls","PM2.5","Avery",35.972347,-81.933072
2024-11-14,12,"Linville Falls","PM2.5","Avery",35.972347,-81.933072
2024-11-17,19,"Linville Falls","PM2.5","Avery",35.972347,-81.933072
2024-11-29,20,"Linville Falls","PM2.5","Avery",35.972347,-81.933072
2024-12-02,11,"Linville Falls","PM2.5","Avery",35.972347,-81.933072
2024-12-05,16,"Linville Falls","PM2.5","Avery",35.972347,-81.933072
2024-12-08,6,"Linville Falls","PM2.5","Avery",35.972347,-81.933072
2024-12-11,6,"Linville Falls","PM2.5","Avery",35.972347,-81.933072
2024-12-14,26,"Linville Falls","PM2.5","Avery",35.972347,-81.933072
2024-12-17,13,"Linville Falls","PM2.5","Avery",35.972347,-81.933072
2024-12-20,13,"Linville Falls","PM2.5","Avery",35.972347,-81.933072
2024-12-23,23,"Linville Falls","PM2.5","Avery",35.972347,-81.933072
2024-12-26,38,"Linville Falls","PM2.5","Avery",35.972347,-81.933072
2024-12-29,4,"Linville Falls","PM2.5","Avery",35.972347,-81.933072
2024-01-01,52,"Board Of Ed. Bldg.","PM2.5","Buncombe",35.6062000008935,-82.5844
2024-01-07,11,"Board Of Ed. Bldg.","PM2.5","Buncombe",35.6062000008935,-82.5844
2024-01-13,22,"Board Of Ed. Bldg.","PM2.5","Buncombe",35.6062000008935,-82.5844
2024-01-19,31,"Board Of Ed. Bldg.","PM2.5","Buncombe",35.6062000008935,-82.5844
2024-01-25,12,"Board Of Ed. Bldg.","PM2.5","Buncombe",35.6062000008935,-82.5844
2024-02-06,45,"Board Of Ed. Bldg.","PM2.5","Buncombe",35.6062000008935,-82.5844
2024-02-12,11,"Board Of Ed. Bldg.","PM2.5","Buncombe",35.6062000008935,-82.5844
2024-02-18,18,"Board Of Ed. Bldg.","PM2.5","Buncombe",35.6062000008935,-82.5844
2024-02-24,13,"Board Of Ed. Bldg.","PM2.5","Buncombe",35.6062000008935,-82.5844
2024-03-01,23,"Board Of Ed. Bldg.","PM2.5","Buncombe",35.6062000008935,-82.5844
2024-03-07,10,"Board Of Ed. Bldg.","PM2.5","Buncombe",35.6062000008935,-82.5844
2024-03-19,32,"Board Of Ed. Bldg.","PM2.5","Buncombe",35.6062000008935,-82.5844
2024-03-25,23,"Board Of Ed. Bldg.","PM2.5","Buncombe",35.6062000008935,-82.5844
2024-04-12,16,"Board Of Ed. Bldg.","PM2.5","Buncombe",35.6062000008935,-82.5844
2024-04-24,38,"Board Of Ed. Bldg.","PM2.5","Buncombe",35.6062000008935,-82.5844
2024-04-30,41,"Board Of Ed. Bldg.","PM2.5","Buncombe",35.6062000008935,-82.5844
2024-05-06,23,"Board Of Ed. Bldg.","PM2.5","Buncombe",35.6062000008935,-82.5844
2024-05-12,33,"Board Of Ed. Bldg.","PM2.5","Buncombe",35.6062000008935,-82.5844
2024-05-18,33,"Board Of Ed. Bldg.","PM2.5","Buncombe",35.6062000008935,-82.5844
2024-05-24,28,"Board Of Ed. Bldg.","PM2.5","Buncombe",35.6062000008935,-82.5844
2024-05-30,18,"Board Of Ed. Bldg.","PM2.5","Buncombe",35.6062000008935,-82.5844
2024-06-14,55,"Board Of Ed. Bldg.","PM2.5","Buncombe",35.6062000008935,-82.5844
2024-06-17,58,"Board Of Ed. Bldg.","PM2.5","Buncombe",35.6062000008935,-82.5844
2024-06-23,53,"Board Of Ed. Bldg.","PM2.5","Buncombe",35.6062000008935,-82.5844
2024-07-05,64,"Board Of Ed. Bldg.","PM2.5","Buncombe",35.6062000008935,-82.5844
2024-07-11,24,"Board Of Ed. Bldg.","PM2.5","Buncombe",35.6062000008935,-82.5844
2024-07-17,34,"Board Of Ed. Bldg.","PM2.5","Buncombe",35.6062000008935,-82.5844
2024-07-23,26,"Board Of Ed. Bldg.","PM2.5","Buncombe",35.6062000008935,-82.5844
2024-07-29,32,"Board Of Ed. Bldg.","PM2.5","Buncombe",35.6062000008935,-82.5844
2024-08-04,41,"Board Of Ed. Bldg.","PM2.5","Buncombe",35.6062000008935,-82.5844
2024-08-10,48,"Board Of Ed. Bldg.","PM2.5","Buncombe",35.6062000008935,-82.5844
2024-08-16,46,"Board Of Ed. Bldg.","PM2.5","Buncombe",35.6062000008935,-82.5844
2024-08-22,46,"Board Of Ed. Bldg.","PM2.5","Buncombe",35.6062000008935,-82.5844
2024-09-03,27,"Board Of Ed. Bldg.","PM2.5","Buncombe",35.6062000008935,-82.5844
2024-09-09,36,"Board Of Ed. Bldg.","PM2.5","Buncombe",35.6062000008935,-82.5844
2024-09-15,26,"Board Of Ed. Bldg.","PM2.5","Buncombe",35.6062000008935,-82.5844
2024-09-21,46,"Board Of Ed. Bldg.","PM2.5","Buncombe",35.6062000008935,-82.5844
2024-10-06,58,"Board Of Ed. Bldg.","PM2.5","Buncombe",35.6062000008935,-82.5844
2024-10-09,32,"Board Of Ed. Bldg.","PM2.5","Buncombe",35.6062000008935,-82.5844
2024-10-15,32,"Board Of Ed. Bldg.","PM2.5","Buncombe",35.6062000008935,-82.5844
2024-10-21,56,"Board Of Ed. Bldg.","PM2.5","Buncombe",35.6062000008935,-82.5844
2024-10-27,46,"Board Of Ed. Bldg.","PM2.5","Buncombe",35.6062000008935,-82.5844
2024-11-02,35,"Board Of Ed. Bldg.","PM2.5","Buncombe",35.6062000008935,-82.5844
2024-11-08,37,"Board Of Ed. Bldg.","PM2.5","Buncombe",35.6062000008935,-82.5844
2024-11-14,24,"Board Of Ed. Bldg.","PM2.5","Buncombe",35.6062000008935,-82.5844
2024-11-20,47,"Board Of Ed. Bldg.","PM2.5","Buncombe",35.6062000008935,-82.5844
2024-11-26,40,"Board Of Ed. Bldg.","PM2.5","Buncombe",35.6062000008935,-82.5844
2024-12-02,18,"Board Of Ed. Bldg.","PM2.5","Buncombe",35.6062000008935,-82.5844
2024-12-08,52,"Board Of Ed. Bldg.","PM2.5","Buncombe",35.6062000008935,-82.5844
2024-12-14,52,"Board Of Ed. Bldg.","PM2.5","Buncombe",35.6062000008935,-82.5844
2024-12-20,25,"Board Of Ed. Bldg.","PM2.5","Buncombe",35.6062000008935,-82.5844
2024-12-26,53,"Board Of Ed. Bldg.","PM2.5","Buncombe",35.6062000008935,-82.5844
2024-01-01,50,"Board Of Ed. Bldg.","PM2.5","Buncombe",35.6062000008935,-82.5844
2024-01-02,17,"Board Of Ed. Bldg.","PM2.5","Buncombe",35.6062000008935,-82.5844
2024-01-03,43,"Board Of Ed. Bldg.","PM2.5","Buncombe",35.6062000008935,-82.5844
2024-01-04,32,"Board Of Ed. Bldg.","PM2.5","Buncombe",35.6062000008935,-82.5844
2024-01-05,39,"Board Of Ed. Bldg.","PM2.5","Buncombe",35.6062000008935,-82.5844
2024-01-06,19,"Board Of Ed. Bldg.","PM2.5","Buncombe",35.6062000008935,-82.5844
2024-01-07,3,"Board Of Ed. Bldg.","PM2.5","Buncombe",35.6062000008935,-82.5844
2024-01-08,18,"Board Of Ed. Bldg.","PM2.5","Buncombe",35.6062000008935,-82.5844
2024-01-09,6,"Board Of Ed. Bldg.","PM2.5","Buncombe",35.6062000008935,-82.5844
2024-01-10,11,"Board Of Ed. Bldg.","PM2.5","Buncombe",35.6062000008935,-82.5844
2024-01-11,46,"Board Of Ed. Bldg.","PM2.5","Buncombe",35.6062000008935,-82.5844
2024-01-12,40,"Board Of Ed. Bldg.","PM2.5","Buncombe",35.6062000008935,-82.5844
2024-01-13,21,"Board Of Ed. Bldg.","PM2.5","Buncombe",35.6062000008935,-82.5844
2024-01-14,41,"Board Of Ed. Bldg.","PM2.5","Buncombe",35.6062000008935,-82.5844
2024-01-15,36,"Board Of Ed. Bldg.","PM2.5","Buncombe",35.6062000008935,-82.5844
2024-01-16,26,"Board Of Ed. Bldg.","PM2.5","Buncombe",35.6062000008935,-82.5844
2024-01-17,14,"Board Of Ed. Bldg.","PM2.5","Buncombe",35.6062000008935,-82.5844
2024-01-18,44,"Board Of Ed. Bldg.","PM2.5","Buncombe",35.6062000008935,-82.5844
2024-01-19,23,"Board Of Ed. Bldg.","PM2.5","Buncombe",35.6062000008935,-82.5844
2024-01-20,13,"Board Of Ed. Bldg.","PM2.5","Buncombe",35.6062000008935,-82.5844
2024-01-21,20,"Board Of Ed. Bldg.","PM2.5","Buncombe",35.6062000008935,-82.5844
2024-01-22,28,"Board Of Ed. Bldg.","PM2.5","Buncombe",35.6062000008935,-82.5844
2024-01-23,31,"Board Of Ed. Bldg.","PM2.5","Buncombe",35.6062000008935,-82.5844
2024-01-24,14,"Board Of Ed. Bldg.","PM2.5","Buncombe",35.6062000008935,-82.5844
2024-01-25,8,"Board Of Ed. Bldg.","PM2.5","Buncombe",35.6062000008935,-82.5844
2024-01-26,8,"Board Of Ed. Bldg.","PM2.5","Buncombe",35.6062000008935,-82.5844
2024-01-27,13,"Board Of Ed. Bldg.","PM2.5","Buncombe",35.6062000008935,-82.5844
2024-01-28,0,"Board Of Ed. Bldg.","PM2.5","Buncombe",35.6062000008935,-82.5844
2024-01-29,1,"Board Of Ed. Bldg.","PM2.5","Buncombe",35.6062000008935,-82.5844
2024-01-30,21,"Board Of Ed. Bldg.","PM2.5","Buncombe",35.6062000008935,-82.5844
2024-01-31,11,"Board Of Ed. Bldg.","PM2.5","Buncombe",35.6062000008935,-82.5844
2024-02-01,19,"Board Of Ed. Bldg.","PM2.5","Buncombe",35.6062000008935,-82.5844
2024-02-02,33,"Board Of Ed. Bldg.","PM2.5","Buncombe",35.6062000008935,-82.5844
2024-02-03,38,"Board Of Ed. Bldg.","PM2.5","Buncombe",35.6062000008935,-82.5844
2024-02-04,25,"Board Of Ed. Bldg.","PM2.5","Buncombe",35.6062000008935,-82.5844
2024-02-05,12,"Board Of Ed. Bldg.","PM2.5","Buncombe",35.6062000008935,-82.5844
2024-02-06,34,"Board Of Ed. Bldg.","PM2.5","Buncombe",35.6062000008935,-82.5844
2024-02-07,42,"Board Of Ed. Bldg.","PM2.5","Buncombe",35.6062000008935,-82.5844
2024-02-08,48,"Board Of Ed. Bldg.","PM2.5","Buncombe",35.6062000008935,-82.5844
2024-02-09,62,"Board Of Ed. Bldg.","PM2.5","Buncombe",35.6062000008935,-82.5844
2024-02-10,47,"Board Of Ed. Bldg.","PM2.5","Buncombe",35.6062000008935,-82.5844
2024-02-11,10,"Board Of Ed. Bldg.","PM2.5","Buncombe",35.6062000008935,-82.5844
2024-02-12,6,"Board Of Ed. Bldg.","PM2.5","Buncombe",35.6062000008935,-82.5844
2024-02-13,11,"Board Of Ed. Bldg.","PM2.5","Buncombe",35.6062000008935,-82.5844
2024-02-14,23,"Board Of Ed. Bldg.","PM2.5","Buncombe",35.6062000008935,-82.5844
2024-02-15,27,"Board Of Ed. Bldg.","PM2.5","Buncombe",35.6062000008935,-82.5844
2024-02-16,36,"Board Of Ed. Bldg.","PM2.5","Buncombe",35.6062000008935,-82.5844
2024-02-17,20,"Board Of Ed. Bldg.","PM2.5","Buncombe",35.6062000008935,-82.5844
2024-02-18,15,"Board Of Ed. Bldg.","PM2.5","Buncombe",35.6062000008935,-82.5844
2024-02-19,19,"Board Of Ed. Bldg.","PM2.5","Buncombe",35.6062000008935,-82.5844
2024-02-20,52,"Board Of Ed. Bldg.","PM2.5","Buncombe",35.6062000008935,-82.5844
2024-02-21,58,"Board Of Ed. Bldg.","PM2.5","Buncombe",35.6062000008935,-82.5844
2024-02-22,68,"Board Of Ed. Bldg.","PM2.5","Buncombe",35.6062000008935,-82.5844
2024-02-23,49,"Board Of Ed. Bldg.","PM2.5","Buncombe",35.6062000008935,-82.5844
2024-02-24,12,"Board Of Ed. Bldg.","PM2.5","Buncombe",35.6062000008935,-82.5844
2024-02-25,39,"Board Of Ed. Bldg.","PM2.5","Buncombe",35.6062000008935,-82.5844
2024-02-26,58,"Board Of Ed. Bldg.","PM2.5","Buncombe",35.6062000008935,-82.5844
2024-02-27,63,"Board Of Ed. Bldg.","PM2.5","Buncombe",35.6062000008935,-82.5844
2024-02-28,37,"Board Of Ed. Bldg.","PM2.5","Buncombe",35.6062000008935,-82.5844
2024-02-29,8,"Board Of Ed. Bldg.","PM2.5","Buncombe",35.6062000008935,-82.5844
2024-03-01,24,"Board Of Ed. Bldg.","PM2.5","Buncombe",35.6062000008935,-82.5844
2024-03-02,9,"Board Of Ed. Bldg.","PM2.5","Buncombe",35.6062000008935,-82.5844
2024-03-03,27,"Board Of Ed. Bldg.","PM2.5","Buncombe",35.6062000008935,-82.5844
2024-03-04,39,"Board Of Ed. Bldg.","PM2.5","Buncombe",35.6062000008935,-82.5844
2024-03-05,36,"Board Of Ed. Bldg.","PM2.5","Buncombe",35.6062000008935,-82.5844
2024-03-06,20,"Board Of Ed. Bldg.","PM2.5","Buncombe",35.6062000008935,-82.5844
2024-03-07,8,"Board Of Ed. Bldg.","PM2.5","Buncombe",35.6062000008935,-82.5844
2024-03-08,25,"Board Of Ed. Bldg.","PM2.5","Buncombe",35.6062000008935,-82.5844
2024-03-09,4,"Board Of Ed. Bldg.","PM2.5","Buncombe",35.6062000008935,-82.5844
2024-03-10,8,"Board Of Ed. Bldg.","PM2.5","Buncombe",35.6062000008935,-82.5844
2024-03-11,8,"Board Of Ed. Bldg.","PM2.5","Buncombe",35.6062000008935,-82.5844
2024-03-12,22,"Board Of Ed. Bldg.","PM2.5","Buncombe",35.6062000008935,-82.5844
2024-03-13,48,"Board Of Ed. Bldg.","PM2.5","Buncombe",35.6062000008935,-82.5844
2024-03-14,71,"Board Of Ed. Bldg.","PM2.5","Buncombe",35.6062000008935,-82.5844
2024-03-15,56,"Board Of Ed. Bldg.","PM2.5","Buncombe",35.6062000008935,-82.5844
2024-03-16,7,"Board Of Ed. Bldg.","PM2.5","Buncombe",35.6062000008935,-82.5844
2024-03-17,19,"Board Of Ed. Bldg.","PM2.5","Buncombe",35.6062000008935,-82.5844
2024-03-18,11,"Board Of Ed. Bldg.","PM2.5","Buncombe",35.6062000008935,-82.5844
2024-03-19,22,"Board Of Ed. Bldg.","PM2.5","Buncombe",35.6062000008935,-82.5844
2024-03-20,56,"Board Of Ed. Bldg.","PM2.5","Buncombe",35.6062000008935,-82.5844
2024-03-21,43,"Board Of Ed. Bldg.","PM2.5","Buncombe",35.6062000008935,-82.5844
2024-03-22,54,"Board Of Ed. Bldg.","PM2.5","Buncombe",35.6062000008935,-82.5844
2024-03-23,22,"Board Of Ed. Bldg.","PM2.5","Buncombe",35.6062000008935,-82.5844
2024-03-24,23,"Board Of Ed. Bldg.","PM2.5","Buncombe",35.6062000008935,-82.5844
2024-03-25,21,"Board Of Ed. Bldg.","PM2.5","Buncombe",35.6062000008935,-82.5844
2024-03-26,47,"Board Of Ed. Bldg.","PM2.5","Buncombe",35.6062000008935,-82.5844
2024-03-27,23,"Board Of Ed. Bldg.","PM2.5","Buncombe",35.6062000008935,-82.5844
2024-03-28,17,"Board Of Ed. Bldg.","PM2.5","Buncombe",35.6062000008935,-82.5844
2024-03-29,29,"Board Of Ed. Bldg.","PM2.5","Buncombe",35.6062000008935,-82.5844
2024-03-30,50,"Board Of Ed. Bldg.","PM2.5","Buncombe",35.6062000008935,-82.5844
2024-03-31,39,"Board Of Ed. Bldg.","PM2.5","Buncombe",35.6062000008935,-82.5844
2024-04-01,51,"Board Of Ed. Bldg.","PM2.5","Buncombe",35.6062000008935,-82.5844
2024-04-02,56,"Board Of Ed. Bldg.","PM2.5","Buncombe",35.6062000008935,-82.5844
2024-04-03,15,"Board Of Ed. Bldg.","PM2.5","Buncombe",35.6062000008935,-82.5844
2024-04-04,12,"Board Of Ed. Bldg.","PM2.5","Buncombe",35.6062000008935,-82.5844
2024-04-05,7,"Board Of Ed. Bldg.","PM2.5","Buncombe",35.6062000008935,-82.5844
2024-04-06,6,"Board Of Ed. Bldg.","PM2.5","Buncombe",35.6062000008935,-82.5844
2024-04-07,29,"Board Of Ed. Bldg.","PM2.5","Buncombe",35.6062000008935,-82.5844
2024-04-08,51,"Board Of Ed. Bldg.","PM2.5","Buncombe",35.6062000008935,-82.5844
2024-04-09,56,"Board Of Ed. Bldg.","PM2.5","Buncombe",35.6062000008935,-82.5844
2024-04-10,37,"Board Of Ed. Bldg.","PM2.5","Buncombe",35.6062000008935,-82.5844
2024-04-11,10,"Board Of Ed. Bldg.","PM2.5","Buncombe",35.6062000008935,-82.5844
2024-04-18,44,"Board Of Ed. Bldg.","PM2.5","Buncombe",35.6062000008935,-82.5844
2024-04-19,45,"Board Of Ed. Bldg.","PM2.5","Buncombe",35.6062000008935,-82.5844
2024-04-20,18,"Board Of Ed. Bldg.","PM2.5","Buncombe",35.6062000008935,-82.5844
2024-04-21,18,"Board Of Ed. Bldg.","PM2.5","Buncombe",35.6062000008935,-82.5844
2024-04-22,17,"Board Of Ed. Bldg.","PM2.5","Buncombe",35.6062000008935,-82.5844
2024-04-23,37,"Board Of Ed. Bldg.","PM2.5","Buncombe",35.6062000008935,-82.5844
2024-04-24,40,"Board Of Ed. Bldg.","PM2.5","Buncombe",35.6062000008935,-82.5844
2024-04-25,35,"Board Of Ed. Bldg.","PM2.5","Buncombe",35.6062000008935,-82.5844
2024-04-26,52,"Board Of Ed. Bldg.","PM2.5","Buncombe",35.6062000008935,-82.5844
2024-04-27,42,"Board Of Ed. Bldg.","PM2.5","Buncombe",35.6062000008935,-82.5844
2024-04-28,33,"Board Of Ed. Bldg.","PM2.5","Buncombe",35.6062000008935,-82.5844
2024-04-29,33,"Board Of Ed. Bldg.","PM2.5","Buncombe",35.6062000008935,-82.5844
2024-04-30,34,"Board Of Ed. Bldg.","PM2.5","Buncombe",35.6062000008935,-82.5844
2024-05-01,16,"Board Of Ed. Bldg.","PM2.5","Buncombe",35.6062000008935,-82.5844
2024-05-02,40,"Board Of Ed. Bldg.","PM2.5","Buncombe",35.6062000008935,-82.5844
2024-05-03,52,"Board Of Ed. Bldg.","PM2.5","Buncombe",35.6062000008935,-82.5844
2024-05-04,51,"Board Of Ed. Bldg.","PM2.5","Buncombe",35.6062000008935,-82.5844
2024-05-05,26,"Board Of Ed. Bldg.","PM2.5","Buncombe",35.6062000008935,-82.5844
2024-05-06,28,"Board Of Ed. Bldg.","PM2.5","Buncombe",35.6062000008935,-82.5844
2024-05-07,32,"Board Of Ed. Bldg.","PM2.5","Buncombe",35.6062000008935,-82.5844
2024-05-08,36,"Board Of Ed. Bldg.","PM2.5","Buncombe",35.6062000008935,-82.5844
2024-05-09,12,"Board Of Ed. Bldg.","PM2.5","Buncombe",35.6062000008935,-82.5844
2024-05-10,18,"Board Of Ed. Bldg.","PM2.5","Buncombe",35.6062000008935,-82.5844
2024-05-11,16,"Board Of Ed. Bldg.","PM2.5","Buncombe",35.6062000008935,-82.5844
2024-05-12,37,"Board Of Ed. Bldg.","PM2.5","Buncombe",35.6062000008935,-82.5844
2024-05-13,43,"Board Of Ed. Bldg.","PM2.5","Buncombe",35.6062000008935,-82.5844
2024-05-14,16,"Board Of Ed. Bldg.","PM2.5","Buncombe",35.6062000008935,-82.5844
2024-05-15,13,"Board Of Ed. Bldg.","PM2.5","Buncombe",35.6062000008935,-82.5844
2024-05-16,18,"Board Of Ed. Bldg.","PM2.5","Buncombe",35.6062000008935,-82.5844
2024-05-17,33,"Board Of Ed. Bldg.","PM2.5","Buncombe",35.6062000008935,-82.5844
2024-05-18,31,"Board Of Ed. Bldg.","PM2.5","Buncombe",35.6062000008935,-82.5844
2024-05-19,18,"Board Of Ed. Bldg.","PM2.5","Buncombe",35.6062000008935,-82.5844
2024-05-20,14,"Board Of Ed. Bldg.","PM2.5","Buncombe",35.6062000008935,-82.5844
2024-05-21,40,"Board Of Ed. Bldg.","PM2.5","Buncombe",35.6062000008935,-82.5844
2024-05-22,50,"Board Of Ed. Bldg.","PM2.5","Buncombe",35.6062000008935,-82.5844
2024-05-23,36,"Board Of Ed. Bldg.","PM2.5","Buncombe",35.6062000008935,-82.5844
2024-05-24,30,"Board Of Ed. Bldg.","PM2.5","Buncombe",35.6062000008935,-82.5844
2024-05-25,34,"Board Of Ed. Bldg.","PM2.5","Buncombe",35.6062000008935,-82.5844
2024-05-26,32,"Board Of Ed. Bldg.","PM2.5","Buncombe",35.6062000008935,-82.5844
2024-05-27,25,"Board Of Ed. Bldg.","PM2.5","Buncombe",35.6062000008935,-82.5844
2024-05-28,23,"Board Of Ed. Bldg.","PM2.5","Buncombe",35.6062000008935,-82.5844
2024-05-29,21,"Board Of Ed. Bldg.","PM2.5","Buncombe",35.6062000008935,-82.5844
2024-05-30,18,"Board Of Ed. Bldg.","PM2.5","Buncombe",35.6062000008935,-82.5844
2024-05-31,37,"Board Of Ed. Bldg.","PM2.5","Buncombe",35.6062000008935,-82.5844
2024-06-01,38,"Board Of Ed. Bldg.","PM2.5","Buncombe",35.6062000008935,-82.5844
2024-06-02,36,"Board Of Ed. Bldg.","PM2.5","Buncombe",35.6062000008935,-82.5844
2024-06-03,28,"Board Of Ed. Bldg.","PM2.5","Buncombe",35.6062000008935,-82.5844
2024-06-04,26,"Board Of Ed. Bldg.","PM2.5","Buncombe",35.6062000008935,-82.5844
2024-06-05,26,"Board Of Ed. Bldg.","PM2.5","Buncombe",35.6062000008935,-82.5844
2024-06-06,30,"Board Of Ed. Bldg.","PM2.5","Buncombe",35.6062000008935,-82.5844
2024-06-07,28,"Board Of Ed. Bldg.","PM2.5","Buncombe",35.6062000008935,-82.5844
2024-06-08,33,"Board Of Ed. Bldg.","PM2.5","Buncombe",35.6062000008935,-82.5844
2024-06-09,36,"Board Of Ed. Bldg.","PM2.5","Buncombe",35.6062000008935,-82.5844
2024-06-10,19,"Board Of Ed. Bldg.","PM2.5","Buncombe",35.6062000008935,-82.5844
2024-06-11,27,"Board Of Ed. Bldg.","PM2.5","Buncombe",35.6062000008935,-82.5844
2024-06-12,52,"Board Of Ed. Bldg.","PM2.5","Buncombe",35.6062000008935,-82.5844
2024-06-13,55,"Board Of Ed. Bldg.","PM2.5","Buncombe",35.6062000008935,-82.5844
2024-06-14,55,"Board Of Ed. Bldg.","PM2.5","Buncombe",35.6062000008935,-82.5844
2024-06-15,54,"Board Of Ed. Bldg.","PM2.5","Buncombe",35.6062000008935,-82.5844
2024-06-16,56,"Board Of Ed. Bldg.","PM2.5","Buncombe",35.6062000008935,-82.5844
2024-06-17,61,"Board Of Ed. Bldg.","PM2.5","Buncombe",35.6062000008935,-82.5844
2024-06-18,57,"Board Of Ed. Bldg.","PM2.5","Buncombe",35.6062000008935,-82.5844
2024-06-19,43,"Board Of Ed. Bldg.","PM2.5","Buncombe",35.6062000008935,-82.5844
2024-06-20,42,"Board Of Ed. Bldg.","PM2.5","Buncombe",35.6062000008935,-82.5844
2024-06-21,44,"Board Of Ed. Bldg.","PM2.5","Buncombe",35.6062000008935,-82.5844
2024-06-22,43,"Board Of Ed. Bldg.","PM2.5","Buncombe",35.6062000008935,-82.5844
2024-06-23,52,"Board Of Ed. Bldg.","PM2.5","Buncombe",35.6062000008935,-82.5844
2024-06-24,36,"Board Of Ed. Bldg.","PM2.5","Buncombe",35.6062000008935,-82.5844
2024-06-25,21,"Board Of Ed. Bldg.","PM2.5","Buncombe",35.6062000008935,-82.5844
2024-06-26,36,"Board Of Ed. Bldg.","PM2.5","Buncombe",35.6062000008935,-82.5844
2024-06-27,39,"Board Of Ed. Bldg.","PM2.5","Buncombe",35.6062000008935,-82.5844
2024-06-28,57,"Board Of Ed. Bldg.","PM2.5","Buncombe",35.6062000008935,-82.5844
2024-06-29,40,"Board Of Ed. Bldg.","PM2.5","Buncombe",35.6062000008935,-82.5844
2024-06-30,37,"Board Of Ed. Bldg.","PM2.5","Buncombe",35.6062000008935,-82.5844
2024-07-01,19,"Board Of Ed. Bldg.","PM2.5","Buncombe",35.6062000008935,-82.5844
2024-07-02,30,"Board Of Ed. Bldg.","PM2.5","Buncombe",35.6062000008935,-82.5844
2024-07-03,39,"Board Of Ed. Bldg.","PM2.5","Buncombe",35.6062000008935,-82.5844
2024-07-04,55,"Board Of Ed. Bldg.","PM2.5","Buncombe",35.6062000008935,-82.5844
2024-07-05,63,"Board Of Ed. Bldg.","PM2.5","Buncombe",35.6062000008935,-82.5844
2024-07-06,28,"Board Of Ed. Bldg.","PM2.5","Buncombe",35.6062000008935,-82.5844
2024-07-07,34,"Board Of Ed. Bldg.","PM2.5","Buncombe",35.6062000008935,-82.5844
2024-07-08,26,"Board Of Ed. Bldg.","PM2.5","Buncombe",35.6062000008935,-82.5844
2024-07-09,36,"Board Of Ed. Bldg.","PM2.5","Buncombe",35.6062000008935,-82.5844
2024-07-10,17,"Board Of Ed. Bldg.","PM2.5","Buncombe",35.6062000008935,-82.5844
2024-07-11,24,"Board Of Ed. Bldg.","PM2.5","Buncombe",35.6062000008935,-82.5844
2024-07-12,29,"Board Of Ed. Bldg.","PM2.5","Buncombe",35.6062000008935,-82.5844
2024-07-13,39,"Board Of Ed. Bldg.","PM2.5","Buncombe",35.6062000008935,-82.5844
2024-07-14,54,"Board Of Ed. Bldg.","PM2.5","Buncombe",35.6062000008935,-82.5844
2024-07-15,54,"Board Of Ed. Bldg.","PM2.5","Buncombe",35.6062000008935,-82.5844
2024-07-16,52,"Board Of Ed. Bldg.","PM2.5","Buncombe",35.6062000008935,-82.5844
2024-07-17,30,"Board Of Ed. Bldg.","PM2.5","Buncombe",35.6062000008935,-82.5844
2024-07-18,26,"Board Of Ed. Bldg.","PM2.5","Buncombe",35.6062000008935,-82.5844
2024-07-19,27,"Board Of Ed. Bldg.","PM2.5","Buncombe",35.6062000008935,-82.5844
2024-07-20,16,"Board Of Ed. Bldg.","PM2.5","Buncombe",35.6062000008935,-82.5844
2024-07-21,9,"Board Of Ed. Bldg.","PM2.5","Buncombe",35.6062000008935,-82.5844
2024-07-22,16,"Board Of Ed. Bldg.","PM2.5","Buncombe",35.6062000008935,-82.5844
2024-07-23,26,"Board Of Ed. Bldg.","PM2.5","Buncombe",35.6062000008935,-82.5844
2024-07-24,32,"Board Of Ed. Bldg.","PM2.5","Buncombe",35.6062000008935,-82.5844
2024-07-25,16,"Board Of Ed. Bldg.","PM2.5","Buncombe",35.6062000008935,-82.5844
2024-07-26,53,"Board Of Ed. Bldg.","PM2.5","Buncombe",35.6062000008935,-82.5844
2024-07-27,55,"Board Of Ed. Bldg.","PM2.5","Buncombe",35.6062000008935,-82.5844
2024-07-28,55,"Board Of Ed. Bldg.","PM2.5","Buncombe",35.6062000008935,-82.5844
2024-07-29,31,"Board Of Ed. Bldg.","PM2.5","Buncombe",35.6062000008935,-82.5844
2024-07-30,17,"Board Of Ed. Bldg.","PM2.5","Buncombe",35.6062000008935,-82.5844
2024-07-31,16,"Board Of Ed. Bldg.","PM2.5","Buncombe",35.6062000008935,-82.5844
2024-08-01,31,"Board Of Ed. Bldg.","PM2.5","Buncombe",35.6062000008935,-82.5844
2024-08-02,52,"Board Of Ed. Bldg.","PM2.5","Buncombe",35.6062000008935,-82.5844
2024-08-03,36,"Board Of Ed. Bldg.","PM2.5","Buncombe",35.6062000008935,-82.5844
2024-08-04,32,"Board Of Ed. Bldg.","PM2.5","Buncombe",35.6062000008935,-82.5844
2024-08-05,41,"Board Of Ed. Bldg.","PM2.5","Buncombe",35.6062000008935,-82.5844
2024-08-06,31,"Board Of Ed. Bldg.","PM2.5","Buncombe",35.6062000008935,-82.5844
2024-08-07,19,"Board Of Ed. Bldg.","PM2.5","Buncombe",35.6062000008935,-82.5844
2024-08-08,13,"Board Of Ed. Bldg.","PM2.5","Buncombe",35.6062000008935,-82.5844
2024-08-09,32,"Board Of Ed. Bldg.","PM2.5","Buncombe",35.6062000008935,-82.5844
2024-08-10,47,"Board Of Ed. Bldg.","PM2.5","Buncombe",35.6062000008935,-82.5844
2024-08-11,33,"Board Of Ed. Bldg.","PM2.5","Buncombe",35.6062000008935,-82.5844
2024-08-12,31,"Board Of Ed. Bldg.","PM2.5","Buncombe",35.6062000008935,-82.5844
2024-08-13,41,"Board Of Ed. Bldg.","PM2.5","Buncombe",35.6062000008935,-82.5844
2024-08-14,46,"Board Of Ed. Bldg.","PM2.5","Buncombe",35.6062000008935,-82.5844
2024-08-15,47,"Board Of Ed. Bldg.","PM2.5","Buncombe",35.6062000008935,-82.5844
2024-08-16,52,"Board Of Ed. Bldg.","PM2.5","Buncombe",35.6062000008935,-82.5844
2024-08-17,27,"Board Of Ed. Bldg.","PM2.5","Buncombe",35.6062000008935,-82.5844
2024-08-18,29,"Board Of Ed. Bldg.","PM2.5","Buncombe",35.6062000008935,-82.5844
2024-08-19,15,"Board Of Ed. Bldg.","PM2.5","Buncombe",35.6062000008935,-82.5844
2024-08-20,31,"Board Of Ed. Bldg.","PM2.5","Buncombe",35.6062000008935,-82.5844
2024-08-21,41,"Board Of Ed. Bldg.","PM2.5","Buncombe",35.6062000008935,-82.5844
2024-08-22,42,"Board Of Ed. Bldg.","PM2.5","Buncombe",35.6062000008935,-82.5844
2024-08-23,51,"Board Of Ed. Bldg.","PM2.5","Buncombe",35.6062000008935,-82.5844
2024-08-24,53,"Board Of Ed. Bldg.","PM2.5","Buncombe",35.6062000008935,-82.5844
2024-08-25,52,"Board Of Ed. Bldg.","PM2.5","Buncombe",35.6062000008935,-82.5844
2024-08-26,56,"Board Of Ed. Bldg.","PM2.5","Buncombe",35.6062000008935,-82.5844
2024-08-27,58,"Board Of Ed. Bldg.","PM2.5","Buncombe",35.6062000008935,-82.5844
2024-08-28,59,"Board Of Ed. Bldg.","PM2.5","Buncombe",35.6062000008935,-82.5844
2024-08-29,54,"Board Of Ed. Bldg.","PM2.5","Buncombe",35.6062000008935,-82.5844
2024-08-30,52,"Board Of Ed. Bldg.","PM2.5","Buncombe",35.6062000008935,-82.5844
2024-08-31,44,"Board Of Ed. Bldg.","PM2.5","Buncombe",35.6062000008935,-82.5844
2024-09-01,29,"Board Of Ed. Bldg.","PM2.5","Buncombe",35.6062000008935,-82.5844
2024-09-02,24,"Board Of Ed. Bldg.","PM2.5","Buncombe",35.6062000008935,-82.5844
2024-09-03,24,"Board Of Ed. Bldg.","PM2.5","Buncombe",35.6062000008935,-82.5844
2024-09-04,17,"Board Of Ed. Bldg.","PM2.5","Buncombe",35.6062000008935,-82.5844
2024-09-05,23,"Board Of Ed. Bldg.","PM2.5","Buncombe",35.6062000008935,-82.5844
2024-09-06,32,"Board Of Ed. Bldg.","PM2.5","Buncombe",35.6062000008935,-82.5844
2024-09-07,22,"Board Of Ed. Bldg.","PM2.5","Buncombe",35.6062000008935,-82.5844
2024-09-08,13,"Board Of Ed. Bldg.","PM2.5","Buncombe",35.6062000008935,-82.5844
2024-09-09,21,"Board Of Ed. Bldg.","PM2.5","Buncombe",35.6062000008935,-82.5844
2024-09-10,23,"Board Of Ed. Bldg.","PM2.5","Buncombe",35.6062000008935,-82.5844
2024-09-11,42,"Board Of Ed. Bldg.","PM2.5","Buncombe",35.6062000008935,-82.5844
2024-09-12,51,"Board Of Ed. Bldg.","PM2.5","Buncombe",35.6062000008935,-82.5844
2024-09-13,27,"Board Of Ed. Bldg.","PM2.5","Buncombe",35.6062000008935,-82.5844
2024-09-14,18,"Board Of Ed. Bldg.","PM2.5","Buncombe",35.6062000008935,-82.5844
2024-09-15,24,"Board Of Ed. Bldg.","PM2.5","Buncombe",35.6062000008935,-82.5844
2024-09-16,30,"Board Of Ed. Bldg.","PM2.5","Buncombe",35.6062000008935,-82.5844
2024-09-17,7,"Board Of Ed. Bldg.","PM2.5","Buncombe",35.6062000008935,-82.5844
2024-09-18,11,"Board Of Ed. Bldg.","PM2.5","Buncombe",35.6062000008935,-82.5844
2024-09-19,17,"Board Of Ed. Bldg.","PM2.5","Buncombe",35.6062000008935,-82.5844
2024-09-20,22,"Board Of Ed. Bldg.","PM2.5","Buncombe",35.6062000008935,-82.5844
2024-09-21,35,"Board Of Ed. Bldg.","PM2.5","Buncombe",35.6062000008935,-82.5844
2024-09-22,44,"Board Of Ed. Bldg.","PM2.5","Buncombe",35.6062000008935,-82.5844
2024-09-23,44,"Board Of Ed. Bldg.","PM2.5","Buncombe",35.6062000008935,-82.5844
2024-09-24,51,"Board Of Ed. Bldg.","PM2.5","Buncombe",35.6062000008935,-82.5844
2024-09-25,27,"Board Of Ed. Bldg.","PM2.5","Buncombe",35.6062000008935,-82.5844
2024-09-26,1,"Board Of Ed. Bldg.","PM2.5","Buncombe",35.6062000008935,-82.5844
2024-10-04,53,"Board Of Ed. Bldg.","PM2.5","Buncombe",35.6062000008935,-82.5844
2024-10-05,42,"Board Of Ed. Bldg.","PM2.5","Buncombe",35.6062000008935,-82.5844
2024-10-06,58,"Board Of Ed. Bldg.","PM2.5","Buncombe",35.6062000008935,-82.5844
2024-10-07,47,"Board Of Ed. Bldg.","PM2.5","Buncombe",35.6062000008935,-82.5844
2024-10-08,41,"Board Of Ed. Bldg.","PM2.5","Buncombe",35.6062000008935,-82.5844
2024-10-09,27,"Board Of Ed. Bldg.","PM2.5","Buncombe",35.6062000008935,-82.5844
2024-10-10,18,"Board Of Ed. Bldg.","PM2.5","Buncombe",35.6062000008935,-82.5844
2024-10-11,43,"Board Of Ed. Bldg.","PM2.5","Buncombe",35.6062000008935,-82.5844
2024-10-12,44,"Board Of Ed. Bldg.","PM2.5","Buncombe",35.6062000008935,-82.5844
2024-10-13,55,"Board Of Ed. Bldg.","PM2.5","Buncombe",35.6062000008935,-82.5844
2024-10-14,35,"Board Of Ed. Bldg.","PM2.5","Buncombe",35.6062000008935,-82.5844
2024-10-15,22,"Board Of Ed. Bldg.","PM2.5","Buncombe",35.6062000008935,-82.5844
2024-10-16,15,"Board Of Ed. Bldg.","PM2.5","Buncombe",35.6062000008935,-82.5844
2024-10-17,19,"Board Of Ed. Bldg.","PM2.5","Buncombe",35.6062000008935,-82.5844
2024-10-18,42,"Board Of Ed. Bldg.","PM2.5","Buncombe",35.6062000008935,-82.5844
2024-10-19,54,"Board Of Ed. Bldg.","PM2.5","Buncombe",35.6062000008935,-82.5844
2024-10-20,54,"Board Of Ed. Bldg.","PM2.5","Buncombe",35.6062000008935,-82.5844
2024-10-21,51,"Board Of Ed. Bldg.","PM2.5","Buncombe",35.6062000008935,-82.5844
2024-10-22,44,"Board Of Ed. Bldg.","PM2.5","Buncombe",35.6062000008935,-82.5844
2024-10-23,52,"Board Of Ed. Bldg.","PM2.5","Buncombe",35.6062000008935,-82.5844
2024-10-24,43,"Board Of Ed. Bldg.","PM2.5","Buncombe",35.6062000008935,-82.5844
2024-10-25,55,"Board Of Ed. Bldg.","PM2.5","Buncombe",35.6062000008935,-82.5844
2024-10-26,60,"Board Of Ed. Bldg.","PM2.5","Buncombe",35.6062000008935,-82.5844
2024-10-27,33,"Board Of Ed. Bldg.","PM2.5","Buncombe",35.6062000008935,-82.5844
2024-10-28,48,"Board Of Ed. Bldg.","PM2.5","Buncombe",35.6062000008935,-82.5844
2024-10-29,47,"Board Of Ed. Bldg.","PM2.5","Buncombe",35.6062000008935,-82.5844
2024-10-30,36,"Board Of Ed. Bldg.","PM2.5","Buncombe",35.6062000008935,-82.5844
2024-10-31,23,"Board Of Ed. Bldg.","PM2.5","Buncombe",35.6062000008935,-82.5844
2024-11-01,43,"Board Of Ed. Bldg.","PM2.5","Buncombe",35.6062000008935,-82.5844
2024-11-02,31,"Board Of Ed. Bldg.","PM2.5","Buncombe",35.6062000008935,-82.5844
2024-11-03,43,"Board Of Ed. Bldg.","PM2.5","Buncombe",35.6062000008935,-82.5844
2024-11-04,41,"Board Of Ed. Bldg.","PM2.5","Buncombe",35.6062000008935,-82.5844
2024-11-05,21,"Board Of Ed. Bldg.","PM2.5","Buncombe",35.6062000008935,-82.5844
2024-11-06,30,"Board Of Ed. Bldg.","PM2.5","Buncombe",35.6062000008935,-82.5844
2024-11-07,28,"Board Of Ed. Bldg.","PM2.5","Buncombe",35.6062000008935,-82.5844
2024-11-08,38,"Board Of Ed. Bldg.","PM2.5","Buncombe",35.6062000008935,-82.5844
2024-11-09,33,"Board Of Ed. Bldg.","PM2.5","Buncombe",35.6062000008935,-82.5844
2024-11-10,35,"Board Of Ed. Bldg.","PM2.5","Buncombe",35.6062000008935,-82.5844
2024-11-11,22,"Board Of Ed. Bldg.","PM2.5","Buncombe",35.6062000008935,-82.5844
2024-11-12,24,"Board Of Ed. Bldg.","PM2.5","Buncombe",35.6062000008935,-82.5844
2024-11-13,19,"Board Of Ed. Bldg.","PM2.5","Buncombe",35.6062000008935,-82.5844
2024-11-15,9,"Board Of Ed. Bldg.","PM2.5","Buncombe",35.6062000008935,-82.5844
2024-11-16,22,"Board Of Ed. Bldg.","PM2.5","Buncombe",35.6062000008935,-82.5844
2024-11-17,55,"Board Of Ed. Bldg.","PM2.5","Buncombe",35.6062000008935,-82.5844
2024-11-18,48,"Board Of Ed. Bldg.","PM2.5","Buncombe",35.6062000008935,-82.5844
2024-11-19,49,"Board Of Ed. Bldg.","PM2.5","Buncombe",35.6062000008935,-82.5844
2024-11-20,22,"Board Of Ed. Bldg.","PM2.5","Buncombe",35.6062000008935,-82.5844
2024-11-21,6,"Board Of Ed. Bldg.","PM2.5","Buncombe",35.6062000008935,-82.5844
2024-11-22,6,"Board Of Ed. Bldg.","PM2.5","Buncombe",35.6062000008935,-82.5844
2024-11-23,6,"Board Of Ed. Bldg.","PM2.5","Buncombe",35.6062000008935,-82.5844
2024-11-24,29,"Board Of Ed. Bldg.","PM2.5","Buncombe",35.6062000008935,-82.5844
2024-11-25,52,"Board Of Ed. Bldg.","PM2.5","Buncombe",35.6062000008935,-82.5844
2024-11-26,31,"Board Of Ed. Bldg.","PM2.5","Buncombe",35.6062000008935,-82.5844
2024-11-27,40,"Board Of Ed. Bldg.","PM2.5","Buncombe",35.6062000008935,-82.5844
2024-11-28,19,"Board Of Ed. Bldg.","PM2.5","Buncombe",35.6062000008935,-82.5844
2024-11-29,30,"Board Of Ed. Bldg.","PM2.5","Buncombe",35.6062000008935,-82.5844
2024-11-30,12,"Board Of Ed. Bldg.","PM2.5","Buncombe",35.6062000008935,-82.5844
2024-12-01,43,"Board Of Ed. Bldg.","PM2.5","Buncombe",35.6062000008935,-82.5844
2024-12-02,18,"Board Of Ed. Bldg.","PM2.5","Buncombe",35.6062000008935,-82.5844
2024-12-03,19,"Board Of Ed. Bldg.","PM2.5","Buncombe",35.6062000008935,-82.5844
2024-12-04,54,"Board Of Ed. Bldg.","PM2.5","Buncombe",35.6062000008935,-82.5844
2024-12-05,22,"Board Of Ed. Bldg.","PM2.5","Buncombe",35.6062000008935,-82.5844
2024-12-06,14,"Board Of Ed. Bldg.","PM2.5","Buncombe",35.6062000008935,-82.5844
2024-12-07,33,"Board Of Ed. Bldg.","PM2.5","Buncombe",35.6062000008935,-82.5844
2024-12-08,51,"Board Of Ed. Bldg.","PM2.5","Buncombe",35.6062000008935,-82.5844
2024-12-09,28,"Board Of Ed. Bldg.","PM2.5","Buncombe",35.6062000008935,-82.5844
2024-12-10,32,"Board Of Ed. Bldg.","PM2.5","Buncombe",35.6062000008935,-82.5844
2024-12-11,4,"Board Of Ed. Bldg.","PM2.5","Buncombe",35.6062000008935,-82.5844
2024-12-12,21,"Board Of Ed. Bldg.","PM2.5","Buncombe",35.6062000008935,-82.5844
2024-12-13,53,"Board Of Ed. Bldg.","PM2.5","Buncombe",35.6062000008935,-82.5844
2024-12-14,54,"Board Of Ed. Bldg.","PM2.5","Buncombe",35.6062000008935,-82.5844
2024-12-15,22,"Board Of Ed. Bldg.","PM2.5","Buncombe",35.6062000008935,-82.5844
2024-12-16,22,"Board Of Ed. Bldg.","PM2.5","Buncombe",35.6062000008935,-82.5844
2024-12-17,33,"Board Of Ed. Bldg.","PM2.5","Buncombe",35.6062000008935,-82.5844
2024-12-18,28,"Board Of Ed. Bldg.","PM2.5","Buncombe",35.6062000008935,-82.5844
2024-12-19,14,"Board Of Ed. Bldg.","PM2.5","Buncombe",35.6062000008935,-82.5844
2024-12-20,26,"Board Of Ed. Bldg.","PM2.5","Buncombe",35.6062000008935,-82.5844
2024-12-21,22,"Board Of Ed. Bldg.","PM2.5","Buncombe",35.6062000008935,-82.5844
2024-12-22,23,"Board Of Ed. Bldg.","PM2.5","Buncombe",35.6062000008935,-82.5844
2024-12-23,51,"Board Of Ed. Bldg.","PM2.5","Buncombe",35.6062000008935,-82.5844
2024-12-24,57,"Board Of Ed. Bldg.","PM2.5","Buncombe",35.6062000008935,-82.5844
2024-12-25,56,"Board Of Ed. Bldg.","PM2.5","Buncombe",35.6062000008935,-82.5844
2024-12-26,53,"Board Of Ed. Bldg.","PM2.5","Buncombe",35.6062000008935,-82.5844
2024-12-27,53,"Board Of Ed. Bldg.","PM2.5","Buncombe",35.6062000008935,-82.5844
2024-12-28,20,"Board Of Ed. Bldg.","PM2.5","Buncombe",35.6062000008935,-82.5844
2024-12-29,11,"Board Of Ed. Bldg.","PM2.5","Buncombe",35.6062000008935,-82.5844
2024-12-30,21,"Board Of Ed. Bldg.","PM2.5","Buncombe",35.6062000008935,-82.5844
2024-12-31,24,"Board Of Ed. Bldg.","PM2.5","Buncombe",35.6062000008935,-82.5844
2024-01-01,51,"Board Of Ed. Bldg.","PM2.5","Buncombe",35.6062000008935,-82.5844
2024-01-02,28,"Board Of Ed. Bldg.","PM2.5","Buncombe",35.6062000008935,-82.5844
2024-01-03,52,"Board Of Ed. Bldg.","PM2.5","Buncombe",35.6062000008935,-82.5844
2024-01-04,42,"Board Of Ed. Bldg.","PM2.5","Buncombe",35.6062000008935,-82.5844
2024-01-05,49,"Board Of Ed. Bldg.","PM2.5","Buncombe",35.6062000008935,-82.5844
2024-01-06,24,"Board Of Ed. Bldg.","PM2.5","Buncombe",35.6062000008935,-82.5844
2024-01-07,13,"Board Of Ed. Bldg.","PM2.5","Buncombe",35.6062000008935,-82.5844
2024-01-08,24,"Board Of Ed. Bldg.","PM2.5","Buncombe",35.6062000008935,-82.5844
2024-01-09,11,"Board Of Ed. Bldg.","PM2.5","Buncombe",35.6062000008935,-82.5844
2024-01-10,21,"Board Of Ed. Bldg.","PM2.5","Buncombe",35.6062000008935,-82.5844
2024-01-11,54,"Board Of Ed. Bldg.","PM2.5","Buncombe",35.6062000008935,-82.5844
2024-01-12,41,"Board Of Ed. Bldg.","PM2.5","Buncombe",35.6062000008935,-82.5844
2024-01-13,27,"Board Of Ed. Bldg.","PM2.5","Buncombe",35.6062000008935,-82.5844
2024-01-14,48,"Board Of Ed. Bldg.","PM2.5","Buncombe",35.6062000008935,-82.5844
2024-01-15,49,"Board Of Ed. Bldg.","PM2.5","Buncombe",35.6062000008935,-82.5844
2024-01-16,34,"Board Of Ed. Bldg.","PM2.5","Buncombe",35.6062000008935,-82.5844
2024-01-17,24,"Board Of Ed. Bldg.","PM2.5","Buncombe",35.6062000008935,-82.5844
2024-01-18,52,"Board Of Ed. Bldg.","PM2.5","Buncombe",35.6062000008935,-82.5844
2024-01-19,33,"Board Of Ed. Bldg.","PM2.5","Buncombe",35.6062000008935,-82.5844
2024-01-20,27,"Board Of Ed. Bldg.","PM2.5","Buncombe",35.6062000008935,-82.5844
2024-01-21,24,"Board Of Ed. Bldg.","PM2.5","Buncombe",35.6062000008935,-82.5844
2024-01-22,38,"Board Of Ed. Bldg.","PM2.5","Buncombe",35.6062000008935,-82.5844
2024-01-23,36,"Board Of Ed. Bldg.","PM2.5","Buncombe",35.6062000008935,-82.5844
2024-01-24,15,"Board Of Ed. Bldg.","PM2.5","Buncombe",35.6062000008935,-82.5844
2024-01-25,14,"Board Of Ed. Bldg.","PM2.5","Buncombe",35.6062000008935,-82.5844
2024-01-26,20,"Board Of Ed. Bldg.","PM2.5","Buncombe",35.6062000008935,-82.5844
2024-01-27,21,"Board Of Ed. Bldg.","PM2.5","Buncombe",35.6062000008935,-82.5844
2024-01-28,3,"Board Of Ed. Bldg.","PM2.5","Buncombe",35.6062000008935,-82.5844
2024-01-29,7,"Board Of Ed. Bldg.","PM2.5","Buncombe",35.6062000008935,-82.5844
2024-01-30,28,"Board Of Ed. Bldg.","PM2.5","Buncombe",35.6062000008935,-82.5844
2024-01-31,26,"Board Of Ed. Bldg.","PM2.5","Buncombe",35.6062000008935,-82.5844
2024-02-01,37,"Board Of Ed. Bldg.","PM2.5","Buncombe",35.6062000008935,-82.5844
2024-02-02,39,"Board Of Ed. Bldg.","PM2.5","Buncombe",35.6062000008935,-82.5844
2024-02-03,43,"Board Of Ed. Bldg.","PM2.5","Buncombe",35.6062000008935,-82.5844
2024-02-04,31,"Board Of Ed. Bldg.","PM2.5","Buncombe",35.6062000008935,-82.5844
2024-02-05,19,"Board Of Ed. Bldg.","PM2.5","Buncombe",35.6062000008935,-82.5844
2024-02-06,38,"Board Of Ed. Bldg.","PM2.5","Buncombe",35.6062000008935,-82.5844
2024-02-07,47,"Board Of Ed. Bldg.","PM2.5","Buncombe",35.6062000008935,-82.5844
2024-02-08,54,"Board Of Ed. Bldg.","PM2.5","Buncombe",35.6062000008935,-82.5844
2024-02-09,70,"Board Of Ed. Bldg.","PM2.5","Buncombe",35.6062000008935,-82.5844
2024-02-10,53,"Board Of Ed. Bldg.","PM2.5","Buncombe",35.6062000008935,-82.5844
2024-02-11,13,"Board Of Ed. Bldg.","PM2.5","Buncombe",35.6062000008935,-82.5844
2024-02-12,11,"Board Of Ed. Bldg.","PM2.5","Buncombe",35.6062000008935,-82.5844
2024-02-13,21,"Board Of Ed. Bldg.","PM2.5","Buncombe",35.6062000008935,-82.5844
2024-02-14,26,"Board Of Ed. Bldg.","PM2.5","Buncombe",35.6062000008935,-82.5844
2024-02-15,37,"Board Of Ed. Bldg.","PM2.5","Buncombe",35.6062000008935,-82.5844
2024-02-16,44,"Board Of Ed. Bldg.","PM2.5","Buncombe",35.6062000008935,-82.5844
2024-02-17,26,"Board Of Ed. Bldg.","PM2.5","Buncombe",35.6062000008935,-82.5844
2024-02-18,25,"Board Of Ed. Bldg.","PM2.5","Buncombe",35.6062000008935,-82.5844
2024-02-19,26,"Board Of Ed. Bldg.","PM2.5","Buncombe",35.6062000008935,-82.5844
2024-02-20,54,"Board Of Ed. Bldg.","PM2.5","Buncombe",35.6062000008935,-82.5844
2024-02-21,64,"Board Of Ed. Bldg.","PM2.5","Buncombe",35.6062000008935,-82.5844
2024-02-22,80,"Board Of Ed. Bldg.","PM2.5","Buncombe",35.6062000008935,-82.5844
2024-02-23,55,"Board Of Ed. Bldg.","PM2.5","Buncombe",35.6062000008935,-82.5844
2024-02-24,18,"Board Of Ed. Bldg.","PM2.5","Buncombe",35.6062000008935,-82.5844
2024-02-25,52,"Board Of Ed. Bldg.","PM2.5","Buncombe",35.6062000008935,-82.5844
2024-02-26,65,"Board Of Ed. Bldg.","PM2.5","Buncombe",35.6062000008935,-82.5844
2024-02-27,70,"Board Of Ed. Bldg.","PM2.5","Buncombe",35.6062000008935,-82.5844
2024-02-28,48,"Board Of Ed. Bldg.","PM2.5","Buncombe",35.6062000008935,-82.5844
2024-02-29,16,"Board Of Ed. Bldg.","PM2.5","Buncombe",35.6062000008935,-82.5844
2024-03-01,21,"Board Of Ed. Bldg.","PM2.5","Buncombe",35.6062000008935,-82.5844
2024-03-02,19,"Board Of Ed. Bldg.","PM2.5","Buncombe",35.6062000008935,-82.5844
2024-03-03,33,"Board Of Ed. Bldg.","PM2.5","Buncombe",35.6062000008935,-82.5844
2024-03-04,43,"Board Of Ed. Bldg.","PM2.5","Buncombe",35.6062000008935,-82.5844
2024-03-05,43,"Board Of Ed. Bldg.","PM2.5","Buncombe",35.6062000008935,-82.5844
2024-03-06,21,"Board Of Ed. Bldg.","PM2.5","Buncombe",35.6062000008935,-82.5844
2024-03-07,13,"Board Of Ed. Bldg.","PM2.5","Buncombe",35.6062000008935,-82.5844
2024-03-08,28,"Board Of Ed. Bldg.","PM2.5","Buncombe",35.6062000008935,-82.5844
2024-03-09,8,"Board Of Ed. Bldg.","PM2.5","Buncombe",35.6062000008935,-82.5844
2024-03-10,13,"Board Of Ed. Bldg.","PM2.5","Buncombe",35.6062000008935,-82.5844
2024-03-11,11,"Board Of Ed. Bldg.","PM2.5","Buncombe",35.6062000008935,-82.5844
2024-03-12,26,"Board Of Ed. Bldg.","PM2.5","Buncombe",35.6062000008935,-82.5844
2024-03-13,52,"Board Of Ed. Bldg.","PM2.5","Buncombe",35.6062000008935,-82.5844
2024-03-14,81,"Board Of Ed. Bldg.","PM2.5","Buncombe",35.6062000008935,-82.5844
2024-03-15,61,"Board Of Ed. Bldg.","PM2.5","Buncombe",35.6062000008935,-82.5844
2024-03-16,16,"Board Of Ed. Bldg.","PM2.5","Buncombe",35.6062000008935,-82.5844
2024-03-17,23,"Board Of Ed. Bldg.","PM2.5","Buncombe",35.6062000008935,-82.5844
2024-03-18,17,"Board Of Ed. Bldg.","PM2.5","Buncombe",35.6062000008935,-82.5844
2024-03-19,51,"Board Of Ed. Bldg.","PM2.5","Buncombe",35.6062000008935,-82.5844
2024-03-20,61,"Board Of Ed. Bldg.","PM2.5","Buncombe",35.6062000008935,-82.5844
2024-03-21,52,"Board Of Ed. Bldg.","PM2.5","Buncombe",35.6062000008935,-82.5844
2024-03-22,57,"Board Of Ed. Bldg.","PM2.5","Buncombe",35.6062000008935,-82.5844
2024-03-23,31,"Board Of Ed. Bldg.","PM2.5","Buncombe",35.6062000008935,-82.5844
2024-03-24,27,"Board Of Ed. Bldg.","PM2.5","Buncombe",35.6062000008935,-82.5844
2024-03-25,23,"Board Of Ed. Bldg.","PM2.5","Buncombe",35.6062000008935,-82.5844
2024-03-26,52,"Board Of Ed. Bldg.","PM2.5","Buncombe",35.6062000008935,-82.5844
2024-03-27,30,"Board Of Ed. Bldg.","PM2.5","Buncombe",35.6062000008935,-82.5844
2024-03-28,24,"Board Of Ed. Bldg.","PM2.5","Buncombe",35.6062000008935,-82.5844
2024-03-29,36,"Board Of Ed. Bldg.","PM2.5","Buncombe",35.6062000008935,-82.5844
2024-03-30,53,"Board Of Ed. Bldg.","PM2.5","Buncombe",35.6062000008935,-82.5844
2024-03-31,48,"Board Of Ed. Bldg.","PM2.5","Buncombe",35.6062000008935,-82.5844
2024-04-01,56,"Board Of Ed. Bldg.","PM2.5","Buncombe",35.6062000008935,-82.5844
2024-04-02,62,"Board Of Ed. Bldg.","PM2.5","Buncombe",35.6062000008935,-82.5844
2024-04-03,20,"Board Of Ed. Bldg.","PM2.5","Buncombe",35.6062000008935,-82.5844
2024-04-04,16,"Board Of Ed. Bldg.","PM2.5","Buncombe",35.6062000008935,-82.5844
2024-04-05,12,"Board Of Ed. Bldg.","PM2.5","Buncombe",35.6062000008935,-82.5844
2024-04-06,16,"Board Of Ed. Bldg.","PM2.5","Buncombe",35.6062000008935,-82.5844
2024-04-07,29,"Board Of Ed. Bldg.","PM2.5","Buncombe",35.6062000008935,-82.5844
2024-04-08,53,"Board Of Ed. Bldg.","PM2.5","Buncombe",35.6062000008935,-82.5844
2024-04-09,59,"Board Of Ed. Bldg.","PM2.5","Buncombe",35.6062000008935,-82.5844
2024-04-10,38,"Board Of Ed. Bldg.","PM2.5","Buncombe",35.6062000008935,-82.5844
2024-04-11,18,"Board Of Ed. Bldg.","PM2.5","Buncombe",35.6062000008935,-82.5844
2024-04-12,17,"Board Of Ed. Bldg.","PM2.5","Buncombe",35.6062000008935,-82.5844
2024-04-13,21,"Board Of Ed. Bldg.","PM2.5","Buncombe",35.6062000008935,-82.5844
2024-04-14,35,"Board Of Ed. Bldg.","PM2.5","Buncombe",35.6062000008935,-82.5844
2024-04-15,43,"Board Of Ed. Bldg.","PM2.5","Buncombe",35.6062000008935,-82.5844
2024-04-16,63,"Board Of Ed. Bldg.","PM2.5","Buncombe",35.6062000008935,-82.5844
2024-04-17,55,"Board Of Ed. Bldg.","PM2.5","Buncombe",35.6062000008935,-82.5844
2024-04-18,47,"Board Of Ed. Bldg.","PM2.5","Buncombe",35.6062000008935,-82.5844
2024-04-19,47,"Board Of Ed. Bldg.","PM2.5","Buncombe",35.6062000008935,-82.5844
2024-04-20,21,"Board Of Ed. Bldg.","PM2.5","Buncombe",35.6062000008935,-82.5844
2024-04-21,21,"Board Of Ed. Bldg.","PM2.5","Buncombe",35.6062000008935,-82.5844
2024-04-22,22,"Board Of Ed. Bldg.","PM2.5","Buncombe",35.6062000008935,-82.5844
2024-04-23,38,"Board Of Ed. Bldg.","PM2.5","Buncombe",35.6062000008935,-82.5844
2024-04-24,41,"Board Of Ed. Bldg.","PM2.5","Buncombe",35.6062000008935,-82.5844
2024-04-25,38,"Board Of Ed. Bldg.","PM2.5","Buncombe",35.6062000008935,-82.5844
2024-04-26,54,"Board Of Ed. Bldg.","PM2.5","Buncombe",35.6062000008935,-82.5844
2024-04-27,52,"Board Of Ed. Bldg.","PM2.5","Buncombe",35.6062000008935,-82.5844
2024-04-28,36,"Board Of Ed. Bldg.","PM2.5","Buncombe",35.6062000008935,-82.5844
2024-04-29,39,"Board Of Ed. Bldg.","PM2.5","Buncombe",35.6062000008935,-82.5844
2024-04-30,38,"Board Of Ed. Bldg.","PM2.5","Buncombe",35.6062000008935,-82.5844
2024-05-01,22,"Board Of Ed. Bldg.","PM2.5","Buncombe",35.6062000008935,-82.5844
2024-05-02,39,"Board Of Ed. Bldg.","PM2.5","Buncombe",35.6062000008935,-82.5844
2024-05-03,53,"Board Of Ed. Bldg.","PM2.5","Buncombe",35.6062000008935,-82.5844
2024-05-04,49,"Board Of Ed. Bldg.","PM2.5","Buncombe",35.6062000008935,-82.5844
2024-05-05,29,"Board Of Ed. Bldg.","PM2.5","Buncombe",35.6062000008935,-82.5844
2024-05-06,29,"Board Of Ed. Bldg.","PM2.5","Buncombe",35.6062000008935,-82.5844
2024-05-07,39,"Board Of Ed. Bldg.","PM2.5","Buncombe",35.6062000008935,-82.5844
2024-05-08,42,"Board Of Ed. Bldg.","PM2.5","Buncombe",35.6062000008935,-82.5844
2024-05-09,20,"Board Of Ed. Bldg.","PM2.5","Buncombe",35.6062000008935,-82.5844
2024-05-10,21,"Board Of Ed. Bldg.","PM2.5","Buncombe",35.6062000008935,-82.5844
2024-05-11,21,"Board Of Ed. Bldg.","PM2.5","Buncombe",35.6062000008935,-82.5844
2024-05-12,34,"Board Of Ed. Bldg.","PM2.5","Buncombe",35.6062000008935,-82.5844
2024-05-13,47,"Board Of Ed. Bldg.","PM2.5","Buncombe",35.6062000008935,-82.5844
2024-05-14,18,"Board Of Ed. Bldg.","PM2.5","Buncombe",35.6062000008935,-82.5844
2024-05-15,21,"Board Of Ed. Bldg.","PM2.5","Buncombe",35.6062000008935,-82.5844
2024-05-16,23,"Board Of Ed. Bldg.","PM2.5","Buncombe",35.6062000008935,-82.5844
2024-05-17,36,"Board Of Ed. Bldg.","PM2.5","Buncombe",35.6062000008935,-82.5844
2024-05-18,31,"Board Of Ed. Bldg.","PM2.5","Buncombe",35.6062000008935,-82.5844
2024-05-19,23,"Board Of Ed. Bldg.","PM2.5","Buncombe",35.6062000008935,-82.5844
2024-05-20,29,"Board Of Ed. Bldg.","PM2.5","Buncombe",35.6062000008935,-82.5844
2024-05-21,47,"Board Of Ed. Bldg.","PM2.5","Buncombe",35.6062000008935,-82.5844
2024-05-22,52,"Board Of Ed. Bldg.","PM2.5","Buncombe",35.6062000008935,-82.5844
2024-05-23,44,"Board Of Ed. Bldg.","PM2.5","Buncombe",35.6062000008935,-82.5844
2024-05-24,34,"Board Of Ed. Bldg.","PM2.5","Buncombe",35.6062000008935,-82.5844
2024-05-25,36,"Board Of Ed. Bldg.","PM2.5","Buncombe",35.6062000008935,-82.5844
2024-05-26,40,"Board Of Ed. Bldg.","PM2.5","Buncombe",35.6062000008935,-82.5844
2024-05-27,30,"Board Of Ed. Bldg.","PM2.5","Buncombe",35.6062000008935,-82.5844
2024-05-28,23,"Board Of Ed. Bldg.","PM2.5","Buncombe",35.6062000008935,-82.5844
2024-05-29,22,"Board Of Ed. Bldg.","PM2.5","Buncombe",35.6062000008935,-82.5844
2024-05-30,19,"Board Of Ed. Bldg.","PM2.5","Buncombe",35.6062000008935,-82.5844
2024-05-31,33,"Board Of Ed. Bldg.","PM2.5","Buncombe",35.6062000008935,-82.5844
2024-06-01,40,"Board Of Ed. Bldg.","PM2.5","Buncombe",35.6062000008935,-82.5844
2024-06-02,34,"Board Of Ed. Bldg.","PM2.5","Buncombe",35.6062000008935,-82.5844
2024-06-03,38,"Board Of Ed. Bldg.","PM2.5","Buncombe",35.6062000008935,-82.5844
2024-06-04,36,"Board Of Ed. Bldg.","PM2.5","Buncombe",35.6062000008935,-82.5844
2024-06-05,33,"Board Of Ed. Bldg.","PM2.5","Buncombe",35.6062000008935,-82.5844
2024-06-06,39,"Board Of Ed. Bldg.","PM2.5","Buncombe",35.6062000008935,-82.5844
2024-06-07,27,"Board Of Ed. Bldg.","PM2.5","Buncombe",35.6062000008935,-82.5844
2024-06-08,27,"Board Of Ed. Bldg.","PM2.5","Buncombe",35.6062000008935,-82.5844
2024-06-09,33,"Board Of Ed. Bldg.","PM2.5","Buncombe",35.6062000008935,-82.5844
2024-06-10,23,"Board Of Ed. Bldg.","PM2.5","Buncombe",35.6062000008935,-82.5844
2024-06-11,33,"Board Of Ed. Bldg.","PM2.5","Buncombe",35.6062000008935,-82.5844
2024-06-12,56,"Board Of Ed. Bldg.","PM2.5","Buncombe",35.6062000008935,-82.5844
2024-06-13,61,"Board Of Ed. Bldg.","PM2.5","Buncombe",35.6062000008935,-82.5844
2024-06-14,63,"Board Of Ed. Bldg.","PM2.5","Buncombe",35.6062000008935,-82.5844
2024-06-15,60,"Board Of Ed. Bldg.","PM2.5","Buncombe",35.6062000008935,-82.5844
2024-06-16,60,"Board Of Ed. Bldg.","PM2.5","Buncombe",35.6062000008935,-82.5844
2024-06-17,66,"Board Of Ed. Bldg.","PM2.5","Buncombe",35.6062000008935,-82.5844
2024-06-18,61,"Board Of Ed. Bldg.","PM2.5","Buncombe",35.6062000008935,-82.5844
2024-06-19,52,"Board Of Ed. Bldg.","PM2.5","Buncombe",35.6062000008935,-82.5844
2024-06-20,51,"Board Of Ed. Bldg.","PM2.5","Buncombe",35.6062000008935,-82.5844
2024-06-21,52,"Board Of Ed. Bldg.","PM2.5","Buncombe",35.6062000008935,-82.5844
2024-06-22,48,"Board Of Ed. Bldg.","PM2.5","Buncombe",35.6062000008935,-82.5844
2024-06-23,55,"Board Of Ed. Bldg.","PM2.5","Buncombe",35.6062000008935,-82.5844
2024-06-24,40,"Board Of Ed. Bldg.","PM2.5","Buncombe",35.6062000008935,-82.5844
2024-06-25,32,"Board Of Ed. Bldg.","PM2.5","Buncombe",35.6062000008935,-82.5844
2024-06-26,46,"Board Of Ed. Bldg.","PM2.5","Buncombe",35.6062000008935,-82.5844
2024-06-27,41,"Board Of Ed. Bldg.","PM2.5","Buncombe",35.6062000008935,-82.5844
2024-06-28,60,"Board Of Ed. Bldg.","PM2.5","Buncombe",35.6062000008935,-82.5844
2024-06-29,36,"Board Of Ed. Bldg.","PM2.5","Buncombe",35.6062000008935,-82.5844
2024-06-30,38,"Board Of Ed. Bldg.","PM2.5","Buncombe",35.6062000008935,-82.5844
2024-07-01,29,"Board Of Ed. Bldg.","PM2.5","Buncombe",35.6062000008935,-82.5844
2024-07-02,28,"Board Of Ed. Bldg.","PM2.5","Buncombe",35.6062000008935,-82.5844
2024-07-03,39,"Board Of Ed. Bldg.","PM2.5","Buncombe",35.6062000008935,-82.5844
2024-07-04,56,"Board Of Ed. Bldg.","PM2.5","Buncombe",35.6062000008935,-82.5844
2024-07-05,58,"Board Of Ed. Bldg.","PM2.5","Buncombe",35.6062000008935,-82.5844
2024-07-06,31,"Board Of Ed. Bldg.","PM2.5","Buncombe",35.6062000008935,-82.5844
2024-07-07,39,"Board Of Ed. Bldg.","PM2.5","Buncombe",35.6062000008935,-82.5844
2024-07-08,35,"Board Of Ed. Bldg.","PM2.5","Buncombe",35.6062000008935,-82.5844
2024-07-09,42,"Board Of Ed. Bldg.","PM2.5","Buncombe",35.6062000008935,-82.5844
2024-07-10,22,"Board Of Ed. Bldg.","PM2.5","Buncombe",35.6062000008935,-82.5844
2024-07-11,28,"Board Of Ed. Bldg.","PM2.5","Buncombe",35.6062000008935,-82.5844
2024-07-12,38,"Board Of Ed. Bldg.","PM2.5","Buncombe",35.6062000008935,-82.5844
2024-07-13,49,"Board Of Ed. Bldg.","PM2.5","Buncombe",35.6062000008935,-82.5844
2024-07-14,56,"Board Of Ed. Bldg.","PM2.5","Buncombe",35.6062000008935,-82.5844
2024-07-15,60,"Board Of Ed. Bldg.","PM2.5","Buncombe",35.6062000008935,-82.5844
2024-07-16,56,"Board Of Ed. Bldg.","PM2.5","Buncombe",35.6062000008935,-82.5844
2024-07-17,46,"Board Of Ed. Bldg.","PM2.5","Buncombe",35.6062000008935,-82.5844
2024-07-18,39,"Board Of Ed. Bldg.","PM2.5","Buncombe",35.6062000008935,-82.5844
2024-07-19,38,"Board Of Ed. Bldg.","PM2.5","Buncombe",35.6062000008935,-82.5844
2024-07-20,31,"Board Of Ed. Bldg.","PM2.5","Buncombe",35.6062000008935,-82.5844
2024-07-21,21,"Board Of Ed. Bldg.","PM2.5","Buncombe",35.6062000008935,-82.5844
2024-07-22,26,"Board Of Ed. Bldg.","PM2.5","Buncombe",35.6062000008935,-82.5844
2024-07-23,34,"Board Of Ed. Bldg.","PM2.5","Buncombe",35.6062000008935,-82.5844
2024-07-24,43,"Board Of Ed. Bldg.","PM2.5","Buncombe",35.6062000008935,-82.5844
2024-07-25,25,"Board Of Ed. Bldg.","PM2.5","Buncombe",35.6062000008935,-82.5844
2024-07-26,61,"Board Of Ed. Bldg.","PM2.5","Buncombe",35.6062000008935,-82.5844
2024-07-27,62,"Board Of Ed. Bldg.","PM2.5","Buncombe",35.6062000008935,-82.5844
2024-07-28,60,"Board Of Ed. Bldg.","PM2.5","Buncombe",35.6062000008935,-82.5844
2024-07-29,43,"Board Of Ed. Bldg.","PM2.5","Buncombe",35.6062000008935,-82.5844
2024-07-30,24,"Board Of Ed. Bldg.","PM2.5","Buncombe",35.6062000008935,-82.5844
2024-07-31,35,"Board Of Ed. Bldg.","PM2.5","Buncombe",35.6062000008935,-82.5844
2024-08-01,41,"Board Of Ed. Bldg.","PM2.5","Buncombe",35.6062000008935,-82.5844
2024-08-02,55,"Board Of Ed. Bldg.","PM2.5","Buncombe",35.6062000008935,-82.5844
2024-08-03,48,"Board Of Ed. Bldg.","PM2.5","Buncombe",35.6062000008935,-82.5844
2024-08-04,52,"Board Of Ed. Bldg.","PM2.5","Buncombe",35.6062000008935,-82.5844
2024-08-05,53,"Board Of Ed. Bldg.","PM2.5","Buncombe",35.6062000008935,-82.5844
2024-08-06,41,"Board Of Ed. Bldg.","PM2.5","Buncombe",35.6062000008935,-82.5844
2024-08-07,30,"Board Of Ed. Bldg.","PM2.5","Buncombe",35.6062000008935,-82.5844
2024-08-08,21,"Board Of Ed. Bldg.","PM2.5","Buncombe",35.6062000008935,-82.5844
2024-08-09,47,"Board Of Ed. Bldg.","PM2.5","Buncombe",35.6062000008935,-82.5844
2024-08-10,55,"Board Of Ed. Bldg.","PM2.5","Buncombe",35.6062000008935,-82.5844
2024-08-11,51,"Board Of Ed. Bldg.","PM2.5","Buncombe",35.6062000008935,-82.5844
2024-08-12,44,"Board Of Ed. Bldg.","PM2.5","Buncombe",35.6062000008935,-82.5844
2024-08-13,53,"Board Of Ed. Bldg.","PM2.5","Buncombe",35.6062000008935,-82.5844
2024-08-14,55,"Board Of Ed. Bldg.","PM2.5","Buncombe",35.6062000008935,-82.5844
2024-08-15,57,"Board Of Ed. Bldg.","PM2.5","Buncombe",35.6062000008935,-82.5844
2024-08-16,57,"Board Of Ed. Bldg.","PM2.5","Buncombe",35.6062000008935,-82.5844
2024-08-17,42,"Board Of Ed. Bldg.","PM2.5","Buncombe",35.6062000008935,-82.5844
2024-08-18,37,"Board Of Ed. Bldg.","PM2.5","Buncombe",35.6062000008935,-82.5844
2024-08-19,28,"Board Of Ed. Bldg.","PM2.5","Buncombe",35.6062000008935,-82.5844
2024-08-20,50,"Board Of Ed. Bldg.","PM2.5","Buncombe",35.6062000008935,-82.5844
2024-08-21,53,"Board Of Ed. Bldg.","PM2.5","Buncombe",35.6062000008935,-82.5844
2024-08-22,55,"Board Of Ed. Bldg.","PM2.5","Buncombe",35.6062000008935,-82.5844
2024-08-23,55,"Board Of Ed. Bldg.","PM2.5","Buncombe",35.6062000008935,-82.5844
2024-08-24,57,"Board Of Ed. Bldg.","PM2.5","Buncombe",35.6062000008935,-82.5844
2024-08-25,59,"Board Of Ed. Bldg.","PM2.5","Buncombe",35.6062000008935,-82.5844
2024-08-26,65,"Board Of Ed. Bldg.","PM2.5","Buncombe",35.6062000008935,-82.5844
2024-08-27,66,"Board Of Ed. Bldg.","PM2.5","Buncombe",35.6062000008935,-82.5844
2024-08-28,69,"Board Of Ed. Bldg.","PM2.5","Buncombe",35.6062000008935,-82.5844
2024-08-29,65,"Board Of Ed. Bldg.","PM2.5","Buncombe",35.6062000008935,-82.5844
2024-08-30,60,"Board Of Ed. Bldg.","PM2.5","Buncombe",35.6062000008935,-82.5844
2024-08-31,55,"Board Of Ed. Bldg.","PM2.5","Buncombe",35.6062000008935,-82.5844
2024-09-01,44,"Board Of Ed. Bldg.","PM2.5","Buncombe",35.6062000008935,-82.5844
2024-09-02,37,"Board Of Ed. Bldg.","PM2.5","Buncombe",35.6062000008935,-82.5844
2024-09-03,29,"Board Of Ed. Bldg.","PM2.5","Buncombe",35.6062000008935,-82.5844
2024-09-04,22,"Board Of Ed. Bldg.","PM2.5","Buncombe",35.6062000008935,-82.5844
2024-09-05,35,"Board Of Ed. Bldg.","PM2.5","Buncombe",35.6062000008935,-82.5844
2024-09-06,39,"Board Of Ed. Bldg.","PM2.5","Buncombe",35.6062000008935,-82.5844
2024-09-07,33,"Board Of Ed. Bldg.","PM2.5","Buncombe",35.6062000008935,-82.5844
2024-09-08,22,"Board Of Ed. Bldg.","PM2.5","Buncombe",35.6062000008935,-82.5844
2024-09-09,31,"Board Of Ed. Bldg.","PM2.5","Buncombe",35.6062000008935,-82.5844
2024-09-10,33,"Board Of Ed. Bldg.","PM2.5","Buncombe",35.6062000008935,-82.5844
2024-09-11,52,"Board Of Ed. Bldg.","PM2.5","Buncombe",35.6062000008935,-82.5844
2024-09-12,54,"Board Of Ed. Bldg.","PM2.5","Buncombe",35.6062000008935,-82.5844
2024-09-13,34,"Board Of Ed. Bldg.","PM2.5","Buncombe",35.6062000008935,-82.5844
2024-09-14,27,"Board Of Ed. Bldg.","PM2.5","Buncombe",35.6062000008935,-82.5844
2024-09-15,33,"Board Of Ed. Bldg.","PM2.5","Buncombe",35.6062000008935,-82.5844
2024-09-16,41,"Board Of Ed. Bldg.","PM2.5","Buncombe",35.6062000008935,-82.5844
2024-09-17,14,"Board Of Ed. Bldg.","PM2.5","Buncombe",35.6062000008935,-82.5844
2024-09-18,23,"Board Of Ed. Bldg.","PM2.5","Buncombe",35.6062000008935,-82.5844
2024-09-19,29,"Board Of Ed. Bldg.","PM2.5","Buncombe",35.6062000008935,-82.5844
2024-09-20,35,"Board Of Ed. Bldg.","PM2.5","Buncombe",35.6062000008935,-82.5844
2024-09-21,51,"Board Of Ed. Bldg.","PM2.5","Buncombe",35.6062000008935,-82.5844
2024-09-22,55,"Board Of Ed. Bldg.","PM2.5","Buncombe",35.6062000008935,-82.5844
2024-09-23,55,"Board Of Ed. Bldg.","PM2.5","Buncombe",35.6062000008935,-82.5844
2024-09-24,60,"Board Of Ed. Bldg.","PM2.5","Buncombe",35.6062000008935,-82.5844
2024-09-25,38,"Board Of Ed. Bldg.","PM2.5","Buncombe",35.6062000008935,-82.5844
2024-09-26,8,"Board Of Ed. Bldg.","PM2.5","Buncombe",35.6062000008935,-82.5844
2024-10-04,58,"Board Of Ed. Bldg.","PM2.5","Buncombe",35.6062000008935,-82.5844
2024-10-05,54,"Board Of Ed. Bldg.","PM2.5","Buncombe",35.6062000008935,-82.5844
2024-10-06,64,"Board Of Ed. Bldg.","PM2.5","Buncombe",35.6062000008935,-82.5844
2024-10-07,56,"Board Of Ed. Bldg.","PM2.5","Buncombe",35.6062000008935,-82.5844
2024-10-08,54,"Board Of Ed. Bldg.","PM2.5","Buncombe",35.6062000008935,-82.5844
2024-10-09,36,"Board Of Ed. Bldg.","PM2.5","Buncombe",35.6062000008935,-82.5844
2024-10-10,27,"Board Of Ed. Bldg.","PM2.5","Buncombe",35.6062000008935,-82.5844
2024-10-11,47,"Board Of Ed. Bldg.","PM2.5","Buncombe",35.6062000008935,-82.5844
2024-10-12,51,"Board Of Ed. Bldg.","PM2.5","Buncombe",35.6062000008935,-82.5844
2024-10-13,61,"Board Of Ed. Bldg.","PM2.5","Buncombe",35.6062000008935,-82.5844
2024-10-14,43,"Board Of Ed. Bldg.","PM2.5","Buncombe",35.6062000008935,-82.5844
2024-10-15,23,"Board Of Ed. Bldg.","PM2.5","Buncombe",35.6062000008935,-82.5844
2024-10-16,17,"Board Of Ed. Bldg.","PM2.5","Buncombe",35.6062000008935,-82.5844
2024-10-17,24,"Board Of Ed. Bldg.","PM2.5","Buncombe",35.6062000008935,-82.5844
2024-10-20,56,"Board Of Ed. Bldg.","PM2.5","Buncombe",35.6062000008935,-82.5844
2024-10-21,54,"Board Of Ed. Bldg.","PM2.5","Buncombe",35.6062000008935,-82.5844
2024-10-22,53,"Board Of Ed. Bldg.","PM2.5","Buncombe",35.6062000008935,-82.5844
2024-10-23,58,"Board Of Ed. Bldg.","PM2.5","Buncombe",35.6062000008935,-82.5844
2024-10-24,54,"Board Of Ed. Bldg.","PM2.5","Buncombe",35.6062000008935,-82.5844
2024-10-25,61,"Board Of Ed. Bldg.","PM2.5","Buncombe",35.6062000008935,-82.5844
2024-10-26,65,"Board Of Ed. Bldg.","PM2.5","Buncombe",35.6062000008935,-82.5844
2024-10-27,52,"Board Of Ed. Bldg.","PM2.5","Buncombe",35.6062000008935,-82.5844
2024-10-28,54,"Board Of Ed. Bldg.","PM2.5","Buncombe",35.6062000008935,-82.5844
2024-10-29,55,"Board Of Ed. Bldg.","PM2.5","Buncombe",35.6062000008935,-82.5844
2024-10-30,46,"Board Of Ed. Bldg.","PM2.5","Buncombe",35.6062000008935,-82.5844
2024-10-31,38,"Board Of Ed. Bldg.","PM2.5","Buncombe",35.6062000008935,-82.5844
2024-11-01,49,"Board Of Ed. Bldg.","PM2.5","Buncombe",35.6062000008935,-82.5844
2024-11-02,40,"Board Of Ed. Bldg.","PM2.5","Buncombe",35.6062000008935,-82.5844
2024-11-03,49,"Board Of Ed. Bldg.","PM2.5","Buncombe",35.6062000008935,-82.5844
2024-11-04,49,"Board Of Ed. Bldg.","PM2.5","Buncombe",35.6062000008935,-82.5844
2024-11-05,22,"Board Of Ed. Bldg.","PM2.5","Buncombe",35.6062000008935,-82.5844
2024-11-06,34,"Board Of Ed. Bldg.","PM2.5","Buncombe",35.6062000008935,-82.5844
2024-11-07,32,"Board Of Ed. Bldg.","PM2.5","Buncombe",35.6062000008935,-82.5844
2024-11-08,42,"Board Of Ed. Bldg.","PM2.5","Buncombe",35.6062000008935,-82.5844
2024-11-09,42,"Board Of Ed. Bldg.","PM2.5","Buncombe",35.6062000008935,-82.5844
2024-11-10,44,"Board Of Ed. Bldg.","PM2.5","Buncombe",35.6062000008935,-82.5844
2024-11-11,31,"Board Of Ed. Bldg.","PM2.5","Buncombe",35.6062000008935,-82.5844
2024-11-12,27,"Board Of Ed. Bldg.","PM2.5","Buncombe",35.6062000008935,-82.5844
2024-11-13,24,"Board Of Ed. Bldg.","PM2.5","Buncombe",35.6062000008935,-82.5844
2024-11-14,28,"Board Of Ed. Bldg.","PM2.5","Buncombe",35.6062000008935,-82.5844
2024-11-15,19,"Board Of Ed. Bldg.","PM2.5","Buncombe",35.6062000008935,-82.5844
2024-11-16,33,"Board Of Ed. Bldg.","PM2.5","Buncombe",35.6062000008935,-82.5844
2024-11-17,61,"Board Of Ed. Bldg.","PM2.5","Buncombe",35.6062000008935,-82.5844
2024-11-18,55,"Board Of Ed. Bldg.","PM2.5","Buncombe",35.6062000008935,-82.5844
2024-11-19,56,"Board Of Ed. Bldg.","PM2.5","Buncombe",35.6062000008935,-82.5844
2024-11-20,32,"Board Of Ed. Bldg.","PM2.5","Buncombe",35.6062000008935,-82.5844
2024-11-21,13,"Board Of Ed. Bldg.","PM2.5","Buncombe",35.6062000008935,-82.5844
2024-11-22,14,"Board Of Ed. Bldg.","PM2.5","Buncombe",35.6062000008935,-82.5844
2024-11-23,16,"Board Of Ed. Bldg.","PM2.5","Buncombe",35.6062000008935,-82.5844
2024-11-24,47,"Board Of Ed. Bldg.","PM2.5","Buncombe",35.6062000008935,-82.5844
2024-11-25,55,"Board Of Ed. Bldg.","PM2.5","Buncombe",35.6062000008935,-82.5844
2024-11-26,47,"Board Of Ed. Bldg.","PM2.5","Buncombe",35.6062000008935,-82.5844
2024-11-27,56,"Board Of Ed. Bldg.","PM2.5","Buncombe",35.6062000008935,-82.5844
2024-11-28,34,"Board Of Ed. Bldg.","PM2.5","Buncombe",35.6062000008935,-82.5844
2024-11-29,41,"Board Of Ed. Bldg.","PM2.5","Buncombe",35.6062000008935,-82.5844
2024-11-30,27,"Board Of Ed. Bldg.","PM2.5","Buncombe",35.6062000008935,-82.5844
2024-12-01,54,"Board Of Ed. Bldg.","PM2.5","Buncombe",35.6062000008935,-82.5844
2024-12-02,26,"Board Of Ed. Bldg.","PM2.5","Buncombe",35.6062000008935,-82.5844
2024-12-03,39,"Board Of Ed. Bldg.","PM2.5","Buncombe",35.6062000008935,-82.5844
2024-12-04,62,"Board Of Ed. Bldg.","PM2.5","Buncombe",35.6062000008935,-82.5844
2024-12-05,36,"Board Of Ed. Bldg.","PM2.5","Buncombe",35.6062000008935,-82.5844
2024-12-06,27,"Board Of Ed. Bldg.","PM2.5","Buncombe",35.6062000008935,-82.5844
2024-12-07,49,"Board Of Ed. Bldg.","PM2.5","Buncombe",35.6062000008935,-82.5844
2024-12-08,56,"Board Of Ed. Bldg.","PM2.5","Buncombe",35.6062000008935,-82.5844
2024-12-09,37,"Board Of Ed. Bldg.","PM2.5","Buncombe",35.6062000008935,-82.5844
2024-12-10,43,"Board Of Ed. Bldg.","PM2.5","Buncombe",35.6062000008935,-82.5844
2024-12-11,16,"Board Of Ed. Bldg.","PM2.5","Buncombe",35.6062000008935,-82.5844
2024-12-12,34,"Board Of Ed. Bldg.","PM2.5","Buncombe",35.6062000008935,-82.5844
2024-12-13,61,"Board Of Ed. Bldg.","PM2.5","Buncombe",35.6062000008935,-82.5844
2024-12-14,58,"Board Of Ed. Bldg.","PM2.5","Buncombe",35.6062000008935,-82.5844
2024-12-15,26,"Board Of Ed. Bldg.","PM2.5","Buncombe",35.6062000008935,-82.5844
2024-12-16,32,"Board Of Ed. Bldg.","PM2.5","Buncombe",35.6062000008935,-82.5844
2024-12-17,42,"Board Of Ed. Bldg.","PM2.5","Buncombe",35.6062000008935,-82.5844
2024-12-18,30,"Board Of Ed. Bldg.","PM2.5","Buncombe",35.6062000008935,-82.5844
2024-12-19,18,"Board Of Ed. Bldg.","PM2.5","Buncombe",35.6062000008935,-82.5844
2024-12-20,37,"Board Of Ed. Bldg.","PM2.5","Buncombe",35.6062000008935,-82.5844
2024-12-21,34,"Board Of Ed. Bldg.","PM2.5","Buncombe",35.6062000008935,-82.5844
2024-12-22,38,"Board Of Ed. Bldg.","PM2.5","Buncombe",35.6062000008935,-82.5844
2024-12-23,55,"Board Of Ed. Bldg.","PM2.5","Buncombe",35.6062000008935,-82.5844
2024-12-24,62,"Board Of Ed. Bldg.","PM2.5","Buncombe",35.6062000008935,-82.5844
2024-12-25,62,"Board Of Ed. Bldg.","PM2.5","Buncombe",35.6062000008935,-82.5844
2024-12-26,60,"Board Of Ed. Bldg.","PM2.5","Buncombe",35.6062000008935,-82.5844
2024-12-27,56,"Board Of Ed. Bldg.","PM2.5","Buncombe",35.6062000008935,-82.5844
2024-12-28,22,"Board Of Ed. Bldg.","PM2.5","Buncombe",35.6062000008935,-82.5844
2024-12-29,11,"Board Of Ed. Bldg.","PM2.5","Buncombe",35.6062000008935,-82.5844
2024-12-30,29,"Board Of Ed. Bldg.","PM2.5","Buncombe",35.6062000008935,-82.5844
2024-12-31,26,"Board Of Ed. Bldg.","PM2.5","Buncombe",35.6062000008935,-82.5844
2024-01-01,41,"Hickory Water Tower","PM2.5","Catawba",35.728889,-81.365556
2024-01-02,16,"Hickory Water Tower","PM2.5","Catawba",35.728889,-81.365556
2024-01-03,55,"Hickory Water Tower","PM2.5","Catawba",35.728889,-81.365556
2024-01-04,33,"Hickory Water Tower","PM2.5","Catawba",35.728889,-81.365556
2024-01-05,45,"Hickory Water Tower","PM2.5","Catawba",35.728889,-81.365556
2024-01-06,44,"Hickory Water Tower","PM2.5","Catawba",35.728889,-81.365556
2024-01-07,9,"Hickory Water Tower","PM2.5","Catawba",35.728889,-81.365556
2024-01-08,18,"Hickory Water Tower","PM2.5","Catawba",35.728889,-81.365556
2024-01-09,17,"Hickory Water Tower","PM2.5","Catawba",35.728889,-81.365556
2024-01-10,10,"Hickory Water Tower","PM2.5","Catawba",35.728889,-81.365556
2024-01-11,45,"Hickory Water Tower","PM2.5","Catawba",35.728889,-81.365556
2024-01-12,56,"Hickory Water Tower","PM2.5","Catawba",35.728889,-81.365556
2024-01-13,13,"Hickory Water Tower","PM2.5","Catawba",35.728889,-81.365556
2024-01-14,21,"Hickory Water Tower","PM2.5","Catawba",35.728889,-81.365556
2024-01-15,41,"Hickory Water Tower","PM2.5","Catawba",35.728889,-81.365556
2024-01-16,39,"Hickory Water Tower","PM2.5","Catawba",35.728889,-81.365556
2024-01-17,19,"Hickory Water Tower","PM2.5","Catawba",35.728889,-81.365556
2024-01-18,47,"Hickory Water Tower","PM2.5","Catawba",35.728889,-81.365556
2024-01-19,32,"Hickory Water Tower","PM2.5","Catawba",35.728889,-81.365556
2024-01-20,18,"Hickory Water Tower","PM2.5","Catawba",35.728889,-81.365556
2024-01-21,18,"Hickory Water Tower","PM2.5","Catawba",35.728889,-81.365556
2024-01-22,54,"Hickory Water Tower","PM2.5","Catawba",35.728889,-81.365556
2024-01-23,58,"Hickory Water Tower","PM2.5","Catawba",35.728889,-81.365556
2024-01-24,53,"Hickory Water Tower","PM2.5","Catawba",35.728889,-81.365556
2024-01-25,24,"Hickory Water Tower","PM2.5","Catawba",35.728889,-81.365556
2024-01-26,24,"Hickory Water Tower","PM2.5","Catawba",35.728889,-81.365556
2024-01-27,23,"Hickory Water Tower","PM2.5","Catawba",35.728889,-81.365556
2024-01-28,1,"Hickory Water Tower","PM2.5","Catawba",35.728889,-81.365556
2024-01-29,1,"Hickory Water Tower","PM2.5","Catawba",35.728889,-81.365556
2024-01-30,30,"Hickory Water Tower","PM2.5","Catawba",35.728889,-81.365556
2024-01-31,22,"Hickory Water Tower","PM2.5","Catawba",35.728889,-81.365556
2024-02-01,47,"Hickory Water Tower","PM2.5","Catawba",35.728889,-81.365556
2024-02-02,31,"Hickory Water Tower","PM2.5","Catawba",35.728889,-81.365556
2024-02-03,26,"Hickory Water Tower","PM2.5","Catawba",35.728889,-81.365556
2024-02-04,53,"Hickory Water Tower","PM2.5","Catawba",35.728889,-81.365556
2024-02-05,32,"Hickory Water Tower","PM2.5","Catawba",35.728889,-81.365556
2024-02-06,46,"Hickory Water Tower","PM2.5","Catawba",35.728889,-81.365556
2024-02-07,41,"Hickory Water Tower","PM2.5","Catawba",35.728889,-81.365556
2024-02-08,63,"Hickory Water Tower","PM2.5","Catawba",35.728889,-81.365556
2024-02-09,72,"Hickory Water Tower","PM2.5","Catawba",35.728889,-81.365556
2024-02-10,67,"Hickory Water Tower","PM2.5","Catawba",35.728889,-81.365556
2024-02-11,17,"Hickory Water Tower","PM2.5","Catawba",35.728889,-81.365556
2024-02-12,21,"Hickory Water Tower","PM2.5","Catawba",35.728889,-81.365556
2024-02-13,3,"Hickory Water Tower","PM2.5","Catawba",35.728889,-81.365556
2024-02-14,21,"Hickory Water Tower","PM2.5","Catawba",35.728889,-81.365556
2024-02-15,33,"Hickory Water Tower","PM2.5","Catawba",35.728889,-81.365556
2024-02-16,42,"Hickory Water Tower","PM2.5","Catawba",35.728889,-81.365556
2024-02-17,18,"Hickory Water Tower","PM2.5","Catawba",35.728889,-81.365556
2024-02-18,24,"Hickory Water Tower","PM2.5","Catawba",35.728889,-81.365556
2024-02-19,37,"Hickory Water Tower","PM2.5","Catawba",35.728889,-81.365556
2024-02-20,58,"Hickory Water Tower","PM2.5","Catawba",35.728889,-81.365556
2024-02-21,62,"Hickory Water Tower","PM2.5","Catawba",35.728889,-81.365556
2024-02-22,72,"Hickory Water Tower","PM2.5","Catawba",35.728889,-81.365556
2024-02-23,60,"Hickory Water Tower","PM2.5","Catawba",35.728889,-81.365556
2024-02-24,16,"Hickory Water Tower","PM2.5","Catawba",35.728889,-81.365556
2024-02-25,46,"Hickory Water Tower","PM2.5","Catawba",35.728889,-81.365556
2024-02-26,53,"Hickory Water Tower","PM2.5","Catawba",35.728889,-81.365556
2024-02-27,66,"Hickory Water Tower","PM2.5","Catawba",35.728889,-81.365556
2024-02-28,50,"Hickory Water Tower","PM2.5","Catawba",35.728889,-81.365556
2024-02-29,8,"Hickory Water Tower","PM2.5","Catawba",35.728889,-81.365556
2024-03-01,44,"Hickory Water Tower","PM2.5","Catawba",35.728889,-81.365556
2024-03-02,23,"Hickory Water Tower","PM2.5","Catawba",35.728889,-81.365556
2024-03-03,39,"Hickory Water Tower","PM2.5","Catawba",35.728889,-81.365556
2024-03-04,43,"Hickory Water Tower","PM2.5","Catawba",35.728889,-81.365556
2024-03-05,56,"Hickory Water Tower","PM2.5","Catawba",35.728889,-81.365556
2024-03-06,43,"Hickory Water Tower","PM2.5","Catawba",35.728889,-81.365556
2024-03-07,14,"Hickory Water Tower","PM2.5","Catawba",35.728889,-81.365556
2024-03-08,46,"Hickory Water Tower","PM2.5","Catawba",35.728889,-81.365556
2024-03-09,12,"Hickory Water Tower","PM2.5","Catawba",35.728889,-81.365556
2024-03-10,0,"Hickory Water Tower","PM2.5","Catawba",35.728889,-81.365556
2024-03-11,12,"Hickory Water Tower","PM2.5","Catawba",35.728889,-81.365556
2024-03-12,37,"Hickory Water Tower","PM2.5","Catawba",35.728889,-81.365556
2024-03-13,58,"Hickory Water Tower","PM2.5","Catawba",35.728889,-81.365556
2024-03-14,72,"Hickory Water Tower","PM2.5","Catawba",35.728889,-81.365556
2024-03-15,90,"Hickory Water Tower","PM2.5","Catawba",35.728889,-81.365556
2024-03-16,23,"Hickory Water Tower","PM2.5","Catawba",35.728889,-81.365556
2024-03-17,22,"Hickory Water Tower","PM2.5","Catawba",35.728889,-81.365556
2024-03-18,9,"Hickory Water Tower","PM2.5","Catawba",35.728889,-81.365556
2024-03-19,22,"Hickory Water Tower","PM2.5","Catawba",35.728889,-81.365556
2024-03-20,40,"Hickory Water Tower","PM2.5","Catawba",35.728889,-81.365556
2024-03-21,38,"Hickory Water Tower","PM2.5","Catawba",35.728889,-81.365556
2024-03-22,60,"Hickory Water Tower","PM2.5","Catawba",35.728889,-81.365556
2024-03-23,22,"Hickory Water Tower","PM2.5","Catawba",35.728889,-81.365556
2024-03-24,27,"Hickory Water Tower","PM2.5","Catawba",35.728889,-81.365556
2024-03-25,36,"Hickory Water Tower","PM2.5","Catawba",35.728889,-81.365556
2024-03-26,52,"Hickory Water Tower","PM2.5","Catawba",35.728889,-81.365556
2024-03-27,23,"Hickory Water Tower","PM2.5","Catawba",35.728889,-81.365556
2024-03-28,14,"Hickory Water Tower","PM2.5","Catawba",35.728889,-81.365556
2024-03-29,23,"Hickory Water Tower","PM2.5","Catawba",35.728889,-81.365556
2024-03-30,44,"Hickory Water Tower","PM2.5","Catawba",35.728889,-81.365556
2024-03-31,47,"Hickory Water Tower","PM2.5","Catawba",35.728889,-81.365556
2024-04-01,56,"Hickory Water Tower","PM2.5","Catawba",35.728889,-81.365556
2024-04-02,60,"Hickory Water Tower","PM2.5","Catawba",35.728889,-81.365556
2024-04-03,23,"Hickory Water Tower","PM2.5","Catawba",35.728889,-81.365556
2024-04-04,4,"Hickory Water Tower","PM2.5","Catawba",35.728889,-81.365556
2024-04-05,3,"Hickory Water Tower","PM2.5","Catawba",35.728889,-81.365556
2024-04-06,8,"Hickory Water Tower","PM2.5","Catawba",35.728889,-81.365556
2024-04-07,26,"Hickory Water Tower","PM2.5","Catawba",35.728889,-81.365556
2024-04-08,47,"Hickory Water Tower","PM2.5","Catawba",35.728889,-81.365556
2024-04-09,51,"Hickory Water Tower","PM2.5","Catawba",35.728889,-81.365556
2024-04-10,53,"Hickory Water Tower","PM2.5","Catawba",35.728889,-81.365556
2024-04-11,23,"Hickory Water Tower","PM2.5","Catawba",35.728889,-81.365556
2024-04-12,8,"Hickory Water Tower","PM2.5","Catawba",35.728889,-81.365556
2024-04-13,15,"Hickory Water Tower","PM2.5","Catawba",35.728889,-81.365556
2024-04-14,42,"Hickory Water Tower","PM2.5","Catawba",35.728889,-81.365556
2024-04-15,53,"Hickory Water Tower","PM2.5","Catawba",35.728889,-81.365556
2024-04-16,56,"Hickory Water Tower","PM2.5","Catawba",35.728889,-81.365556
2024-04-17,61,"Hickory Water Tower","PM2.5","Catawba",35.728889,-81.365556
2024-04-18,41,"Hickory Water Tower","PM2.5","Catawba",35.728889,-81.365556
2024-04-19,55,"Hickory Water Tower","PM2.5","Catawba",35.728889,-81.365556
2024-04-20,42,"Hickory Water Tower","PM2.5","Catawba",35.728889,-81.365556
2024-04-21,24,"Hickory Water Tower","PM2.5","Catawba",35.728889,-81.365556
2024-04-22,26,"Hickory Water Tower","PM2.5","Catawba",35.728889,-81.365556
2024-04-23,33,"Hickory Water Tower","PM2.5","Catawba",35.728889,-81.365556
2024-04-24,42,"Hickory Water Tower","PM2.5","Catawba",35.728889,-81.365556
2024-04-25,45,"Hickory Water Tower","PM2.5","Catawba",35.728889,-81.365556
2024-04-26,54,"Hickory Water Tower","PM2.5","Catawba",35.728889,-81.365556
2024-04-27,52,"Hickory Water Tower","PM2.5","Catawba",35.728889,-81.365556
2024-04-28,38,"Hickory Water Tower","PM2.5","Catawba",35.728889,-81.365556
2024-04-29,38,"Hickory Water Tower","PM2.5","Catawba",35.728889,-81.365556
2024-04-30,38,"Hickory Water Tower","PM2.5","Catawba",35.728889,-81.365556
2024-05-01,31,"Hickory Water Tower","PM2.5","Catawba",35.728889,-81.365556
2024-05-02,39,"Hickory Water Tower","PM2.5","Catawba",35.728889,-81.365556
2024-05-03,56,"Hickory Water Tower","PM2.5","Catawba",35.728889,-81.365556
2024-05-04,53,"Hickory Water Tower","PM2.5","Catawba",35.728889,-81.365556
2024-05-05,17,"Hickory Water Tower","PM2.5","Catawba",35.728889,-81.365556
2024-05-06,38,"Hickory Water Tower","PM2.5","Catawba",35.728889,-81.365556
2024-05-07,38,"Hickory Water Tower","PM2.5","Catawba",35.728889,-81.365556
2024-05-08,46,"Hickory Water Tower","PM2.5","Catawba",35.728889,-81.365556
2024-05-09,11,"Hickory Water Tower","PM2.5","Catawba",35.728889,-81.365556
2024-05-10,21,"Hickory Water Tower","PM2.5","Catawba",35.728889,-81.365556
2024-05-11,21,"Hickory Water Tower","PM2.5","Catawba",35.728889,-81.365556
2024-05-12,36,"Hickory Water Tower","PM2.5","Catawba",35.728889,-81.365556
2024-05-13,50,"Hickory Water Tower","PM2.5","Catawba",35.728889,-81.365556
2024-05-14,32,"Hickory Water Tower","PM2.5","Catawba",35.728889,-81.365556
2024-05-15,13,"Hickory Water Tower","PM2.5","Catawba",35.728889,-81.365556
2024-05-29,24,"Hickory Water Tower","PM2.5","Catawba",35.728889,-81.365556
2024-05-30,23,"Hickory Water Tower","PM2.5","Catawba",35.728889,-81.365556
2024-05-31,30,"Hickory Water Tower","PM2.5","Catawba",35.728889,-81.365556
2024-06-01,49,"Hickory Water Tower","PM2.5","Catawba",35.728889,-81.365556
2024-06-02,47,"Hickory Water Tower","PM2.5","Catawba",35.728889,-81.365556
2024-06-03,44,"Hickory Water Tower","PM2.5","Catawba",35.728889,-81.365556
2024-06-04,33,"Hickory Water Tower","PM2.5","Catawba",35.728889,-81.365556
2024-06-05,34,"Hickory Water Tower","PM2.5","Catawba",35.728889,-81.365556
2024-06-06,41,"Hickory Water Tower","PM2.5","Catawba",35.728889,-81.365556
2024-06-07,23,"Hickory Water Tower","PM2.5","Catawba",35.728889,-81.365556
2024-06-08,32,"Hickory Water Tower","PM2.5","Catawba",35.728889,-81.365556
2024-06-09,40,"Hickory Water Tower","PM2.5","Catawba",35.728889,-81.365556
2024-06-10,20,"Hickory Water Tower","PM2.5","Catawba",35.728889,-81.365556
2024-06-11,36,"Hickory Water Tower","PM2.5","Catawba",35.728889,-81.365556
2024-06-12,52,"Hickory Water Tower","PM2.5","Catawba",35.728889,-81.365556
2024-06-13,57,"Hickory Water Tower","PM2.5","Catawba",35.728889,-81.365556
2024-06-14,57,"Hickory Water Tower","PM2.5","Catawba",35.728889,-81.365556
2024-06-15,56,"Hickory Water Tower","PM2.5","Catawba",35.728889,-81.365556
2024-06-16,62,"Hickory Water Tower","PM2.5","Catawba",35.728889,-81.365556
2024-06-17,63,"Hickory Water Tower","PM2.5","Catawba",35.728889,-81.365556
2024-06-18,56,"Hickory Water Tower","PM2.5","Catawba",35.728889,-81.365556
2024-06-19,40,"Hickory Water Tower","PM2.5","Catawba",35.728889,-81.365556
2024-06-20,48,"Hickory Water Tower","PM2.5","Catawba",35.728889,-81.365556
2024-06-21,54,"Hickory Water Tower","PM2.5","Catawba",35.728889,-81.365556
2024-06-22,44,"Hickory Water Tower","PM2.5","Catawba",35.728889,-81.365556
2024-06-23,44,"Hickory Water Tower","PM2.5","Catawba",35.728889,-81.365556
2024-06-24,36,"Hickory Water Tower","PM2.5","Catawba",35.728889,-81.365556
2024-06-25,37,"Hickory Water Tower","PM2.5","Catawba",35.728889,-81.365556
2024-06-26,54,"Hickory Water Tower","PM2.5","Catawba",35.728889,-81.365556
2024-06-27,52,"Hickory Water Tower","PM2.5","Catawba",35.728889,-81.365556
2024-06-28,60,"Hickory Water Tower","PM2.5","Catawba",35.728889,-81.365556
2024-06-29,47,"Hickory Water Tower","PM2.5","Catawba",35.728889,-81.365556
2024-06-30,46,"Hickory Water Tower","PM2.5","Catawba",35.728889,-81.365556
2024-07-01,30,"Hickory Water Tower","PM2.5","Catawba",35.728889,-81.365556
2024-07-02,35,"Hickory Water Tower","PM2.5","Catawba",35.728889,-81.365556
2024-07-03,55,"Hickory Water Tower","PM2.5","Catawba",35.728889,-81.365556
2024-07-04,59,"Hickory Water Tower","PM2.5","Catawba",35.728889,-81.365556
2024-07-05,52,"Hickory Water Tower","PM2.5","Catawba",35.728889,-81.365556
2024-07-06,28,"Hickory Water Tower","PM2.5","Catawba",35.728889,-81.365556
2024-07-07,46,"Hickory Water Tower","PM2.5","Catawba",35.728889,-81.365556
2024-07-08,38,"Hickory Water Tower","PM2.5","Catawba",35.728889,-81.365556
2024-07-09,52,"Hickory Water Tower","PM2.5","Catawba",35.728889,-81.365556
2024-07-10,30,"Hickory Water Tower","PM2.5","Catawba",35.728889,-81.365556
2024-07-11,21,"Hickory Water Tower","PM2.5","Catawba",35.728889,-81.365556
2024-07-12,39,"Hickory Water Tower","PM2.5","Catawba",35.728889,-81.365556
2024-07-13,40,"Hickory Water Tower","PM2.5","Catawba",35.728889,-81.365556
2024-07-14,52,"Hickory Water Tower","PM2.5","Catawba",35.728889,-81.365556
2024-07-15,52,"Hickory Water Tower","PM2.5","Catawba",35.728889,-81.365556
2024-07-16,51,"Hickory Water Tower","PM2.5","Catawba",35.728889,-81.365556
2024-07-17,41,"Hickory Water Tower","PM2.5","Catawba",35.728889,-81.365556
2024-07-18,37,"Hickory Water Tower","PM2.5","Catawba",35.728889,-81.365556
2024-07-19,34,"Hickory Water Tower","PM2.5","Catawba",35.728889,-81.365556
2024-07-20,21,"Hickory Water Tower","PM2.5","Catawba",35.728889,-81.365556
2024-07-21,17,"Hickory Water Tower","PM2.5","Catawba",35.728889,-81.365556
2024-07-22,24,"Hickory Water Tower","PM2.5","Catawba",35.728889,-81.365556
2024-07-23,29,"Hickory Water Tower","PM2.5","Catawba",35.728889,-81.365556
2024-07-24,31,"Hickory Water Tower","PM2.5","Catawba",35.728889,-81.365556
2024-07-25,14,"Hickory Water Tower","PM2.5","Catawba",35.728889,-81.365556
2024-07-26,48,"Hickory Water Tower","PM2.5","Catawba",35.728889,-81.365556
2024-07-27,56,"Hickory Water Tower","PM2.5","Catawba",35.728889,-81.365556
2024-07-28,60,"Hickory Water Tower","PM2.5","Catawba",35.728889,-81.365556
2024-07-29,50,"Hickory Water Tower","PM2.5","Catawba",35.728889,-81.365556
2024-07-30,19,"Hickory Water Tower","PM2.5","Catawba",35.728889,-81.365556
2024-07-31,27,"Hickory Water Tower","PM2.5","Catawba",35.728889,-81.365556
2024-08-01,34,"Hickory Water Tower","PM2.5","Catawba",35.728889,-81.365556
2024-08-02,53,"Hickory Water Tower","PM2.5","Catawba",35.728889,-81.365556
2024-08-03,55,"Hickory Water Tower","PM2.5","Catawba",35.728889,-81.365556
2024-08-04,28,"Hickory Water Tower","PM2.5","Catawba",35.728889,-81.365556
2024-08-05,46,"Hickory Water Tower","PM2.5","Catawba",35.728889,-81.365556
2024-08-06,18,"Hickory Water Tower","PM2.5","Catawba",35.728889,-81.365556
2024-08-07,23,"Hickory Water Tower","PM2.5","Catawba",35.728889,-81.365556
2024-08-08,4,"Hickory Water Tower","PM2.5","Catawba",35.728889,-81.365556
2024-08-09,23,"Hickory Water Tower","PM2.5","Catawba",35.728889,-81.365556
2024-08-10,52,"Hickory Water Tower","PM2.5","Catawba",35.728889,-81.365556
2024-08-11,52,"Hickory Water Tower","PM2.5","Catawba",35.728889,-81.365556
2024-08-12,46,"Hickory Water Tower","PM2.5","Catawba",35.728889,-81.365556
2024-08-13,49,"Hickory Water Tower","PM2.5","Catawba",35.728889,-81.365556
2024-08-14,42,"Hickory Water Tower","PM2.5","Catawba",35.728889,-81.365556
2024-08-15,52,"Hickory Water Tower","PM2.5","Catawba",35.728889,-81.365556
2024-08-16,51,"Hickory Water Tower","PM2.5","Catawba",35.728889,-81.365556
2024-08-17,30,"Hickory Water Tower","PM2.5","Catawba",35.728889,-81.365556
2024-08-18,26,"Hickory Water Tower","PM2.5","Catawba",35.728889,-81.365556
2024-08-19,20,"Hickory Water Tower","PM2.5","Catawba",35.728889,-81.365556
2024-08-20,36,"Hickory Water Tower","PM2.5","Catawba",35.728889,-81.365556
2024-08-21,37,"Hickory Water Tower","PM2.5","Catawba",35.728889,-81.365556
2024-08-22,49,"Hickory Water Tower","PM2.5","Catawba",35.728889,-81.365556
2024-08-23,54,"Hickory Water Tower","PM2.5","Catawba",35.728889,-81.365556
2024-08-24,54,"Hickory Water Tower","PM2.5","Catawba",35.728889,-81.365556
2024-08-25,55,"Hickory Water Tower","PM2.5","Catawba",35.728889,-81.365556
2024-08-26,59,"Hickory Water Tower","PM2.5","Catawba",35.728889,-81.365556
2024-08-27,65,"Hickory Water Tower","PM2.5","Catawba",35.728889,-81.365556
2024-08-28,62,"Hickory Water Tower","PM2.5","Catawba",35.728889,-81.365556
2024-08-29,62,"Hickory Water Tower","PM2.5","Catawba",35.728889,-81.365556
2024-08-30,56,"Hickory Water Tower","PM2.5","Catawba",35.728889,-81.365556
2024-08-31,52,"Hickory Water Tower","PM2.5","Catawba",35.728889,-81.365556
2024-09-01,39,"Hickory Water Tower","PM2.5","Catawba",35.728889,-81.365556
2024-09-02,23,"Hickory Water Tower","PM2.5","Catawba",35.728889,-81.365556
2024-09-03,19,"Hickory Water Tower","PM2.5","Catawba",35.728889,-81.365556
2024-09-04,22,"Hickory Water Tower","PM2.5","Catawba",35.728889,-81.365556
2024-09-05,31,"Hickory Water Tower","PM2.5","Catawba",35.728889,-81.365556
2024-09-06,37,"Hickory Water Tower","PM2.5","Catawba",35.728889,-81.365556
2024-09-07,24,"Hickory Water Tower","PM2.5","Catawba",35.728889,-81.365556
2024-09-08,12,"Hickory Water Tower","PM2.5","Catawba",35.728889,-81.365556
2024-09-09,26,"Hickory Water Tower","PM2.5","Catawba",35.728889,-81.365556
2024-09-10,24,"Hickory Water Tower","PM2.5","Catawba",35.728889,-81.365556
2024-09-11,47,"Hickory Water Tower","PM2.5","Catawba",35.728889,-81.365556
2024-09-12,44,"Hickory Water Tower","PM2.5","Catawba",35.728889,-81.365556
2024-09-13,32,"Hickory Water Tower","PM2.5","Catawba",35.728889,-81.365556
2024-09-14,31,"Hickory Water Tower","PM2.5","Catawba",35.728889,-81.365556
2024-09-15,24,"Hickory Water Tower","PM2.5","Catawba",35.728889,-81.365556
2024-09-16,28,"Hickory Water Tower","PM2.5","Catawba",35.728889,-81.365556
2024-09-17,9,"Hickory Water Tower","PM2.5","Catawba",35.728889,-81.365556
2024-09-18,52,"Hickory Water Tower","PM2.5","Catawba",35.728889,-81.365556
2024-09-19,21,"Hickory Water Tower","PM2.5","Catawba",35.728889,-81.365556
2024-09-20,24,"Hickory Water Tower","PM2.5","Catawba",35.728889,-81.365556
2024-09-21,46,"Hickory Water Tower","PM2.5","Catawba",35.728889,-81.365556
2024-09-22,45,"Hickory Water Tower","PM2.5","Catawba",35.728889,-81.365556
2024-09-23,56,"Hickory Water Tower","PM2.5","Catawba",35.728889,-81.365556
2024-09-24,54,"Hickory Water Tower","PM2.5","Catawba",35.728889,-81.365556
2024-09-25,35,"Hickory Water Tower","PM2.5","Catawba",35.728889,-81.365556
2024-09-26,16,"Hickory Water Tower","PM2.5","Catawba",35.728889,-81.365556
2024-09-27,17,"Hickory Water Tower","PM2.5","Catawba",35.728889,-81.365556
2024-09-28,58,"Hickory Water Tower","PM2.5","Catawba",35.728889,-81.365556
2024-09-29,52,"Hickory Water Tower","PM2.5","Catawba",35.728889,-81.365556
2024-09-30,45,"Hickory Water Tower","PM2.5","Catawba",35.728889,-81.365556
2024-10-01,21,"Hickory Water Tower","PM2.5","Catawba",35.728889,-81.365556
2024-10-02,20,"Hickory Water Tower","PM2.5","Catawba",35.728889,-81.365556
2024-10-03,44,"Hickory Water Tower","PM2.5","Catawba",35.728889,-81.365556
2024-10-04,47,"Hickory Water Tower","PM2.5","Catawba",35.728889,-81.365556
2024-10-05,45,"Hickory Water Tower","PM2.5","Catawba",35.728889,-81.365556
2024-10-06,57,"Hickory Water Tower","PM2.5","Catawba",35.728889,-81.365556
2024-10-07,52,"Hickory Water Tower","PM2.5","Catawba",35.728889,-81.365556
2024-10-08,50,"Hickory Water Tower","PM2.5","Catawba",35.728889,-81.365556
2024-10-09,25,"Hickory Water Tower","PM2.5","Catawba",35.728889,-81.365556
2024-10-10,26,"Hickory Water Tower","PM2.5","Catawba",35.728889,-81.365556
2024-10-11,22,"Hickory Water Tower","PM2.5","Catawba",35.728889,-81.365556
2024-10-12,24,"Hickory Water Tower","PM2.5","Catawba",35.728889,-81.365556
2024-10-13,46,"Hickory Water Tower","PM2.5","Catawba",35.728889,-81.365556
2024-10-14,27,"Hickory Water Tower","PM2.5","Catawba",35.728889,-81.365556
2024-10-23,47,"Hickory Water Tower","PM2.5","Catawba",35.728889,-81.365556
2024-10-24,49,"Hickory Water Tower","PM2.5","Catawba",35.728889,-81.365556
2024-10-25,55,"Hickory Water Tower","PM2.5","Catawba",35.728889,-81.365556
2024-10-26,55,"Hickory Water Tower","PM2.5","Catawba",35.728889,-81.365556
2024-10-27,32,"Hickory Water Tower","PM2.5","Catawba",35.728889,-81.365556
2024-10-28,52,"Hickory Water Tower","PM2.5","Catawba",35.728889,-81.365556
2024-10-29,59,"Hickory Water Tower","PM2.5","Catawba",35.728889,-81.365556
2024-10-30,51,"Hickory Water Tower","PM2.5","Catawba",35.728889,-81.365556
2024-10-31,41,"Hickory Water Tower","PM2.5","Catawba",35.728889,-81.365556
2024-11-01,54,"Hickory Water Tower","PM2.5","Catawba",35.728889,-81.365556
2024-11-02,44,"Hickory Water Tower","PM2.5","Catawba",35.728889,-81.365556
2024-11-03,40,"Hickory Water Tower","PM2.5","Catawba",35.728889,-81.365556
2024-11-04,42,"Hickory Water Tower","PM2.5","Catawba",35.728889,-81.365556
2024-11-05,31,"Hickory Water Tower","PM2.5","Catawba",35.728889,-81.365556
2024-11-06,53,"Hickory Water Tower","PM2.5","Catawba",35.728889,-81.365556
2024-11-07,35,"Hickory Water Tower","PM2.5","Catawba",35.728889,-81.365556
2024-11-08,38,"Hickory Water Tower","PM2.5","Catawba",35.728889,-81.365556
2024-11-09,34,"Hickory Water Tower","PM2.5","Catawba",35.728889,-81.365556
2024-11-10,52,"Hickory Water Tower","PM2.5","Catawba",35.728889,-81.365556
2024-11-11,32,"Hickory Water Tower","PM2.5","Catawba",35.728889,-81.365556
2024-11-12,30,"Hickory Water Tower","PM2.5","Catawba",35.728889,-81.365556
2024-11-13,33,"Hickory Water Tower","PM2.5","Catawba",35.728889,-81.365556
2024-11-14,28,"Hickory Water Tower","PM2.5","Catawba",35.728889,-81.365556
2024-11-15,21,"Hickory Water Tower","PM2.5","Catawba",35.728889,-81.365556
2024-11-16,34,"Hickory Water Tower","PM2.5","Catawba",35.728889,-81.365556
2024-11-17,57,"Hickory Water Tower","PM2.5","Catawba",35.728889,-81.365556
2024-11-18,56,"Hickory Water Tower","PM2.5","Catawba",35.728889,-81.365556
2024-11-19,60,"Hickory Water Tower","PM2.5","Catawba",35.728889,-81.365556
2024-11-20,27,"Hickory Water Tower","PM2.5","Catawba",35.728889,-81.365556
2024-11-21,7,"Hickory Water Tower","PM2.5","Catawba",35.728889,-81.365556
2024-11-22,7,"Hickory Water Tower","PM2.5","Catawba",35.728889,-81.365556
2024-11-23,15,"Hickory Water Tower","PM2.5","Catawba",35.728889,-81.365556
2024-11-24,34,"Hickory Water Tower","PM2.5","Catawba",35.728889,-81.365556
2024-11-25,55,"Hickory Water Tower","PM2.5","Catawba",35.728889,-81.365556
2024-11-26,40,"Hickory Water Tower","PM2.5","Catawba",35.728889,-81.365556
2024-11-27,42,"Hickory Water Tower","PM2.5","Catawba",35.728889,-81.365556
2024-11-28,44,"Hickory Water Tower","PM2.5","Catawba",35.728889,-81.365556
2024-11-29,27,"Hickory Water Tower","PM2.5","Catawba",35.728889,-81.365556
2024-11-30,18,"Hickory Water Tower","PM2.5","Catawba",35.728889,-81.365556
2024-12-01,25,"Hickory Water Tower","PM2.5","Catawba",35.728889,-81.365556
2024-12-02,25,"Hickory Water Tower","PM2.5","Catawba",35.728889,-81.365556
2024-12-03,31,"Hickory Water Tower","PM2.5","Catawba",35.728889,-81.365556
2024-12-04,58,"Hickory Water Tower","PM2.5","Catawba",35.728889,-81.365556
2024-12-05,32,"Hickory Water Tower","PM2.5","Catawba",35.728889,-81.365556
2024-12-06,24,"Hickory Water Tower","PM2.5","Catawba",35.728889,-81.365556
2024-12-07,54,"Hickory Water Tower","PM2.5","Catawba",35.728889,-81.365556
2024-12-08,52,"Hickory Water Tower","PM2.5","Catawba",35.728889,-81.365556
2024-12-09,54,"Hickory Water Tower","PM2.5","Catawba",35.728889,-81.365556
2024-12-10,54,"Hickory Water Tower","PM2.5","Catawba",35.728889,-81.365556
2024-12-11,11,"Hickory Water Tower","PM2.5","Catawba",35.728889,-81.365556
2024-12-12,30,"Hickory Water Tower","PM2.5","Catawba",35.728889,-81.365556
2024-12-13,57,"Hickory Water Tower","PM2.5","Catawba",35.728889,-81.365556
2024-12-14,54,"Hickory Water Tower","PM2.5","Catawba",35.728889,-81.365556
2024-12-15,36,"Hickory Water Tower","PM2.5","Catawba",35.728889,-81.365556
2024-12-16,32,"Hickory Water Tower","PM2.5","Catawba",35.728889,-81.365556
2024-12-17,51,"Hickory Water Tower","PM2.5","Catawba",35.728889,-81.365556
2024-12-18,44,"Hickory Water Tower","PM2.5","Catawba",35.728889,-81.365556
2024-12-19,18,"Hickory Water Tower","PM2.5","Catawba",35.728889,-81.365556
2024-12-20,22,"Hickory Water Tower","PM2.5","Catawba",35.728889,-81.365556
2024-12-21,11,"Hickory Water Tower","PM2.5","Catawba",35.728889,-81.365556
2024-12-22,39,"Hickory Water Tower","PM2.5","Catawba",35.728889,-81.365556
2024-12-23,63,"Hickory Water Tower","PM2.5","Catawba",35.728889,-81.365556
2024-12-24,61,"Hickory Water Tower","PM2.5","Catawba",35.728889,-81.365556
2024-12-25,62,"Hickory Water Tower","PM2.5","Catawba",35.728889,-81.365556
2024-12-26,61,"Hickory Water Tower","PM2.5","Catawba",35.728889,-81.365556
2024-12-27,58,"Hickory Water Tower","PM2.5","Catawba",35.728889,-81.365556
2024-12-28,22,"Hickory Water Tower","PM2.5","Catawba",35.728889,-81.365556
2024-12-29,13,"Hickory Water Tower","PM2.5","Catawba",35.728889,-81.365556
2024-12-30,24,"Hickory Water Tower","PM2.5","Catawba",35.728889,-81.365556
2024-12-31,50,"Hickory Water Tower","PM2.5","Catawba",35.728889,-81.365556
2024-01-01,46,"Hickory Water Tower","PM2.5","Catawba",35.728889,-81.365556
2024-01-02,26,"Hickory Water Tower","PM2.5","Catawba",35.728889,-81.365556
2024-01-03,57,"Hickory Water Tower","PM2.5","Catawba",35.728889,-81.365556
2024-01-04,40,"Hickory Water Tower","PM2.5","Catawba",35.728889,-81.365556
2024-01-05,48,"Hickory Water Tower","PM2.5","Catawba",35.728889,-81.365556
2024-01-06,42,"Hickory Water Tower","PM2.5","Catawba",35.728889,-81.365556
2024-01-07,12,"Hickory Water Tower","PM2.5","Catawba",35.728889,-81.365556
2024-01-08,19,"Hickory Water Tower","PM2.5","Catawba",35.728889,-81.365556
2024-01-09,24,"Hickory Water Tower","PM2.5","Catawba",35.728889,-81.365556
2024-01-10,10,"Hickory Water Tower","PM2.5","Catawba",35.728889,-81.365556
2024-01-11,52,"Hickory Water Tower","PM2.5","Catawba",35.728889,-81.365556
2024-01-12,55,"Hickory Water Tower","PM2.5","Catawba",35.728889,-81.365556
2024-01-13,21,"Hickory Water Tower","PM2.5","Catawba",35.728889,-81.365556
2024-01-14,18,"Hickory Water Tower","PM2.5","Catawba",35.728889,-81.365556
2024-01-15,46,"Hickory Water Tower","PM2.5","Catawba",35.728889,-81.365556
2024-01-16,43,"Hickory Water Tower","PM2.5","Catawba",35.728889,-81.365556
2024-01-17,24,"Hickory Water Tower","PM2.5","Catawba",35.728889,-81.365556
2024-01-18,51,"Hickory Water Tower","PM2.5","Catawba",35.728889,-81.365556
2024-01-19,38,"Hickory Water Tower","PM2.5","Catawba",35.728889,-81.365556
2024-01-20,17,"Hickory Water Tower","PM2.5","Catawba",35.728889,-81.365556
2024-01-21,18,"Hickory Water Tower","PM2.5","Catawba",35.728889,-81.365556
2024-01-22,56,"Hickory Water Tower","PM2.5","Catawba",35.728889,-81.365556
2024-01-23,58,"Hickory Water Tower","PM2.5","Catawba",35.728889,-81.365556
2024-01-24,53,"Hickory Water Tower","PM2.5","Catawba",35.728889,-81.365556
2024-01-25,23,"Hickory Water Tower","PM2.5","Catawba",35.728889,-81.365556
2024-01-26,26,"Hickory Water Tower","PM2.5","Catawba",35.728889,-81.365556
2024-01-27,22,"Hickory Water Tower","PM2.5","Catawba",35.728889,-81.365556
2024-01-28,2,"Hickory Water Tower","PM2.5","Catawba",35.728889,-81.365556
2024-01-29,4,"Hickory Water Tower","PM2.5","Catawba",35.728889,-81.365556
2024-01-30,34,"Hickory Water Tower","PM2.5","Catawba",35.728889,-81.365556
2024-01-31,34,"Hickory Water Tower","PM2.5","Catawba",35.728889,-81.365556
2024-02-01,49,"Hickory Water Tower","PM2.5","Catawba",35.728889,-81.365556
2024-02-02,36,"Hickory Water Tower","PM2.5","Catawba",35.728889,-81.365556
2024-02-03,40,"Hickory Water Tower","PM2.5","Catawba",35.728889,-81.365556
2024-02-04,56,"Hickory Water Tower","PM2.5","Catawba",35.728889,-81.365556
2024-02-05,41,"Hickory Water Tower","PM2.5","Catawba",35.728889,-81.365556
2024-02-06,52,"Hickory Water Tower","PM2.5","Catawba",35.728889,-81.365556
2024-02-07,53,"Hickory Water Tower","PM2.5","Catawba",35.728889,-81.365556
2024-02-08,63,"Hickory Water Tower","PM2.5","Catawba",35.728889,-81.365556
2024-02-09,73,"Hickory Water Tower","PM2.5","Catawba",35.728889,-81.365556
2024-02-10,68,"Hickory Water Tower","PM2.5","Catawba",35.728889,-81.365556
2024-02-11,23,"Hickory Water Tower","PM2.5","Catawba",35.728889,-81.365556
2024-02-12,19,"Hickory Water Tower","PM2.5","Catawba",35.728889,-81.365556
2024-02-13,10,"Hickory Water Tower","PM2.5","Catawba",35.728889,-81.365556
2024-02-14,29,"Hickory Water Tower","PM2.5","Catawba",35.728889,-81.365556
2024-02-15,46,"Hickory Water Tower","PM2.5","Catawba",35.728889,-81.365556
2024-02-16,52,"Hickory Water Tower","PM2.5","Catawba",35.728889,-81.365556
2024-02-17,23,"Hickory Water Tower","PM2.5","Catawba",35.728889,-81.365556
2024-02-18,26,"Hickory Water Tower","PM2.5","Catawba",35.728889,-81.365556
2024-02-19,42,"Hickory Water Tower","PM2.5","Catawba",35.728889,-81.365556
2024-02-20,60,"Hickory Water Tower","PM2.5","Catawba",35.728889,-81.365556
2024-02-21,63,"Hickory Water Tower","PM2.5","Catawba",35.728889,-81.365556
2024-02-22,76,"Hickory Water Tower","PM2.5","Catawba",35.728889,-81.365556
2024-02-23,63,"Hickory Water Tower","PM2.5","Catawba",35.728889,-81.365556
2024-02-24,17,"Hickory Water Tower","PM2.5","Catawba",35.728889,-81.365556
2024-02-25,44,"Hickory Water Tower","PM2.5","Catawba",35.728889,-81.365556
2024-02-26,54,"Hickory Water Tower","PM2.5","Catawba",35.728889,-81.365556
2024-02-27,67,"Hickory Water Tower","PM2.5","Catawba",35.728889,-81.365556
2024-02-28,53,"Hickory Water Tower","PM2.5","Catawba",35.728889,-81.365556
2024-02-29,14,"Hickory Water Tower","PM2.5","Catawba",35.728889,-81.365556
2024-03-01,51,"Hickory Water Tower","PM2.5","Catawba",35.728889,-81.365556
2024-03-02,26,"Hickory Water Tower","PM2.5","Catawba",35.728889,-81.365556
2024-03-03,44,"Hickory Water Tower","PM2.5","Catawba",35.728889,-81.365556
2024-03-04,47,"Hickory Water Tower","PM2.5","Catawba",35.728889,-81.365556
2024-03-05,55,"Hickory Water Tower","PM2.5","Catawba",35.728889,-81.365556
2024-03-06,43,"Hickory Water Tower","PM2.5","Catawba",35.728889,-81.365556
2024-03-07,12,"Hickory Water Tower","PM2.5","Catawba",35.728889,-81.365556
2024-03-08,48,"Hickory Water Tower","PM2.5","Catawba",35.728889,-81.365556
2024-03-09,18,"Hickory Water Tower","PM2.5","Catawba",35.728889,-81.365556
2024-03-10,1,"Hickory Water Tower","PM2.5","Catawba",35.728889,-81.365556
2024-03-11,20,"Hickory Water Tower","PM2.5","Catawba",35.728889,-81.365556
2024-03-12,49,"Hickory Water Tower","PM2.5","Catawba",35.728889,-81.365556
2024-03-13,60,"Hickory Water Tower","PM2.5","Catawba",35.728889,-81.365556
2024-03-14,74,"Hickory Water Tower","PM2.5","Catawba",35.728889,-81.365556
2024-03-15,93,"Hickory Water Tower","PM2.5","Catawba",35.728889,-81.365556
2024-03-16,26,"Hickory Water Tower","PM2.5","Catawba",35.728889,-81.365556
2024-03-17,23,"Hickory Water Tower","PM2.5","Catawba",35.728889,-81.365556
2024-03-18,19,"Hickory Water Tower","PM2.5","Catawba",35.728889,-81.365556
2024-03-19,22,"Hickory Water Tower","PM2.5","Catawba",35.728889,-81.365556
2024-03-20,47,"Hickory Water Tower","PM2.5","Catawba",35.728889,-81.365556
2024-03-21,36,"Hickory Water Tower","PM2.5","Catawba",35.728889,-81.365556
2024-03-22,60,"Hickory Water Tower","PM2.5","Catawba",35.728889,-81.365556
2024-03-23,24,"Hickory Water Tower","PM2.5","Catawba",35.728889,-81.365556
2024-03-24,30,"Hickory Water Tower","PM2.5","Catawba",35.728889,-81.365556
2024-03-25,48,"Hickory Water Tower","PM2.5","Catawba",35.728889,-81.365556
2024-03-26,52,"Hickory Water Tower","PM2.5","Catawba",35.728889,-81.365556
2024-03-27,24,"Hickory Water Tower","PM2.5","Catawba",35.728889,-81.365556
2024-03-28,18,"Hickory Water Tower","PM2.5","Catawba",35.728889,-81.365556
2024-03-29,28,"Hickory Water Tower","PM2.5","Catawba",35.728889,-81.365556
2024-03-30,42,"Hickory Water Tower","PM2.5","Catawba",35.728889,-81.365556
2024-03-31,52,"Hickory Water Tower","PM2.5","Catawba",35.728889,-81.365556
2024-04-01,57,"Hickory Water Tower","PM2.5","Catawba",35.728889,-81.365556
2024-04-02,61,"Hickory Water Tower","PM2.5","Catawba",35.728889,-81.365556
2024-04-03,27,"Hickory Water Tower","PM2.5","Catawba",35.728889,-81.365556
2024-04-04,7,"Hickory Water Tower","PM2.5","Catawba",35.728889,-81.365556
2024-04-05,12,"Hickory Water Tower","PM2.5","Catawba",35.728889,-81.365556
2024-04-06,9,"Hickory Water Tower","PM2.5","Catawba",35.728889,-81.365556
2024-04-07,29,"Hickory Water Tower","PM2.5","Catawba",35.728889,-81.365556
2024-04-08,51,"Hickory Water Tower","PM2.5","Catawba",35.728889,-81.365556
2024-04-09,55,"Hickory Water Tower","PM2.5","Catawba",35.728889,-81.365556
2024-04-10,55,"Hickory Water Tower","PM2.5","Catawba",35.728889,-81.365556
2024-04-11,31,"Hickory Water Tower","PM2.5","Catawba",35.728889,-81.365556
2024-04-12,16,"Hickory Water Tower","PM2.5","Catawba",35.728889,-81.365556
2024-04-13,16,"Hickory Water Tower","PM2.5","Catawba",35.728889,-81.365556
2024-04-14,44,"Hickory Water Tower","PM2.5","Catawba",35.728889,-81.365556
2024-04-15,55,"Hickory Water Tower","PM2.5","Catawba",35.728889,-81.365556
2024-04-16,56,"Hickory Water Tower","PM2.5","Catawba",35.728889,-81.365556
2024-04-17,63,"Hickory Water Tower","PM2.5","Catawba",35.728889,-81.365556
2024-04-18,46,"Hickory Water Tower","PM2.5","Catawba",35.728889,-81.365556
2024-04-19,55,"Hickory Water Tower","PM2.5","Catawba",35.728889,-81.365556
2024-04-20,41,"Hickory Water Tower","PM2.5","Catawba",35.728889,-81.365556
2024-04-21,33,"Hickory Water Tower","PM2.5","Catawba",35.728889,-81.365556
2024-04-22,27,"Hickory Water Tower","PM2.5","Catawba",35.728889,-81.365556
2024-04-23,35,"Hickory Water Tower","PM2.5","Catawba",35.728889,-81.365556
2024-04-26,55,"Hickory Water Tower","PM2.5","Catawba",35.728889,-81.365556
2024-04-27,52,"Hickory Water Tower","PM2.5","Catawba",35.728889,-81.365556
2024-04-28,43,"Hickory Water Tower","PM2.5","Catawba",35.728889,-81.365556
2024-04-29,37,"Hickory Water Tower","PM2.5","Catawba",35.728889,-81.365556
2024-04-30,36,"Hickory Water Tower","PM2.5","Catawba",35.728889,-81.365556
2024-05-01,34,"Hickory Water Tower","PM2.5","Catawba",35.728889,-81.365556
2024-05-02,44,"Hickory Water Tower","PM2.5","Catawba",35.728889,-81.365556
2024-05-03,57,"Hickory Water Tower","PM2.5","Catawba",35.728889,-81.365556
2024-05-04,55,"Hickory Water Tower","PM2.5","Catawba",35.728889,-81.365556
2024-05-05,18,"Hickory Water Tower","PM2.5","Catawba",35.728889,-81.365556
2024-05-06,38,"Hickory Water Tower","PM2.5","Catawba",35.728889,-81.365556
2024-05-07,43,"Hickory Water Tower","PM2.5","Catawba",35.728889,-81.365556
2024-05-08,54,"Hickory Water Tower","PM2.5","Catawba",35.728889,-81.365556
2024-05-09,18,"Hickory Water Tower","PM2.5","Catawba",35.728889,-81.365556
2024-05-10,28,"Hickory Water Tower","PM2.5","Catawba",35.728889,-81.365556
2024-05-11,24,"Hickory Water Tower","PM2.5","Catawba",35.728889,-81.365556
2024-05-12,40,"Hickory Water Tower","PM2.5","Catawba",35.728889,-81.365556
2024-05-13,56,"Hickory Water Tower","PM2.5","Catawba",35.728889,-81.365556
2024-05-14,36,"Hickory Water Tower","PM2.5","Catawba",35.728889,-81.365556
2024-05-15,14,"Hickory Water Tower","PM2.5","Catawba",35.728889,-81.365556
2024-05-24,25,"Hickory Water Tower","PM2.5","Catawba",35.728889,-81.365556
2024-05-25,37,"Hickory Water Tower","PM2.5","Catawba",35.728889,-81.365556
2024-05-26,38,"Hickory Water Tower","PM2.5","Catawba",35.728889,-81.365556
2024-05-27,25,"Hickory Water Tower","PM2.5","Catawba",35.728889,-81.365556
2024-05-28,23,"Hickory Water Tower","PM2.5","Catawba",35.728889,-81.365556
2024-05-29,7,"Hickory Water Tower","PM2.5","Catawba",35.728889,-81.365556
2024-05-30,8,"Hickory Water Tower","PM2.5","Catawba",35.728889,-81.365556
2024-05-31,27,"Hickory Water Tower","PM2.5","Catawba",35.728889,-81.365556
2024-06-01,42,"Hickory Water Tower","PM2.5","Catawba",35.728889,-81.365556
2024-06-02,42,"Hickory Water Tower","PM2.5","Catawba",35.728889,-81.365556
2024-06-03,40,"Hickory Water Tower","PM2.5","Catawba",35.728889,-81.365556
2024-06-04,34,"Hickory Water Tower","PM2.5","Catawba",35.728889,-81.365556
2024-06-05,34,"Hickory Water Tower","PM2.5","Catawba",35.728889,-81.365556
2024-06-06,42,"Hickory Water Tower","PM2.5","Catawba",35.728889,-81.365556
2024-06-07,29,"Hickory Water Tower","PM2.5","Catawba",35.728889,-81.365556
2024-06-08,38,"Hickory Water Tower","PM2.5","Catawba",35.728889,-81.365556
2024-06-09,44,"Hickory Water Tower","PM2.5","Catawba",35.728889,-81.365556
2024-06-10,22,"Hickory Water Tower","PM2.5","Catawba",35.728889,-81.365556
2024-06-11,33,"Hickory Water Tower","PM2.5","Catawba",35.728889,-81.365556
2024-06-12,53,"Hickory Water Tower","PM2.5","Catawba",35.728889,-81.365556
2024-06-13,58,"Hickory Water Tower","PM2.5","Catawba",35.728889,-81.365556
2024-06-14,57,"Hickory Water Tower","PM2.5","Catawba",35.728889,-81.365556
2024-06-15,58,"Hickory Water Tower","PM2.5","Catawba",35.728889,-81.365556
2024-06-16,63,"Hickory Water Tower","PM2.5","Catawba",35.728889,-81.365556
2024-06-17,65,"Hickory Water Tower","PM2.5","Catawba",35.728889,-81.365556
2024-06-18,58,"Hickory Water Tower","PM2.5","Catawba",35.728889,-81.365556
2024-06-19,42,"Hickory Water Tower","PM2.5","Catawba",35.728889,-81.365556
2024-06-20,49,"Hickory Water Tower","PM2.5","Catawba",35.728889,-81.365556
2024-06-21,55,"Hickory Water Tower","PM2.5","Catawba",35.728889,-81.365556
2024-06-22,51,"Hickory Water Tower","PM2.5","Catawba",35.728889,-81.365556
2024-06-23,49,"Hickory Water Tower","PM2.5","Catawba",35.728889,-81.365556
2024-06-24,37,"Hickory Water Tower","PM2.5","Catawba",35.728889,-81.365556
2024-06-25,33,"Hickory Water Tower","PM2.5","Catawba",35.728889,-81.365556
2024-06-26,55,"Hickory Water Tower","PM2.5","Catawba",35.728889,-81.365556
2024-06-27,53,"Hickory Water Tower","PM2.5","Catawba",35.728889,-81.365556
2024-06-28,60,"Hickory Water Tower","PM2.5","Catawba",35.728889,-81.365556
2024-06-29,47,"Hickory Water Tower","PM2.5","Catawba",35.728889,-81.365556
2024-06-30,43,"Hickory Water Tower","PM2.5","Catawba",35.728889,-81.365556
2024-07-01,35,"Hickory Water Tower","PM2.5","Catawba",35.728889,-81.365556
2024-07-02,34,"Hickory Water Tower","PM2.5","Catawba",35.728889,-81.365556
2024-07-03,56,"Hickory Water Tower","PM2.5","Catawba",35.728889,-81.365556
2024-07-04,61,"Hickory Water Tower","PM2.5","Catawba",35.728889,-81.365556
2024-07-05,52,"Hickory Water Tower","PM2.5","Catawba",35.728889,-81.365556
2024-07-06,32,"Hickory Water Tower","PM2.5","Catawba",35.728889,-81.365556
2024-07-07,43,"Hickory Water Tower","PM2.5","Catawba",35.728889,-81.365556
2024-07-08,43,"Hickory Water Tower","PM2.5","Catawba",35.728889,-81.365556
2024-07-09,48,"Hickory Water Tower","PM2.5","Catawba",35.728889,-81.365556
2024-07-10,26,"Hickory Water Tower","PM2.5","Catawba",35.728889,-81.365556
2024-07-11,30,"Hickory Water Tower","PM2.5","Catawba",35.728889,-81.365556
2024-07-12,46,"Hickory Water Tower","PM2.5","Catawba",35.728889,-81.365556
2024-07-13,44,"Hickory Water Tower","PM2.5","Catawba",35.728889,-81.365556
2024-07-14,52,"Hickory Water Tower","PM2.5","Catawba",35.728889,-81.365556
2024-07-15,53,"Hickory Water Tower","PM2.5","Catawba",35.728889,-81.365556
2024-07-16,54,"Hickory Water Tower","PM2.5","Catawba",35.728889,-81.365556
2024-07-17,48,"Hickory Water Tower","PM2.5","Catawba",35.728889,-81.365556
2024-07-18,44,"Hickory Water Tower","PM2.5","Catawba",35.728889,-81.365556
2024-07-19,38,"Hickory Water Tower","PM2.5","Catawba",35.728889,-81.365556
2024-07-20,22,"Hickory Water Tower","PM2.5","Catawba",35.728889,-81.365556
2024-07-21,24,"Hickory Water Tower","PM2.5","Catawba",35.728889,-81.365556
2024-07-22,29,"Hickory Water Tower","PM2.5","Catawba",35.728889,-81.365556
2024-07-23,32,"Hickory Water Tower","PM2.5","Catawba",35.728889,-81.365556
2024-07-24,36,"Hickory Water Tower","PM2.5","Catawba",35.728889,-81.365556
2024-07-25,25,"Hickory Water Tower","PM2.5","Catawba",35.728889,-81.365556
2024-07-26,52,"Hickory Water Tower","PM2.5","Catawba",35.728889,-81.365556
2024-07-27,58,"Hickory Water Tower","PM2.5","Catawba",35.728889,-81.365556
2024-07-28,62,"Hickory Water Tower","PM2.5","Catawba",35.728889,-81.365556
2024-07-29,48,"Hickory Water Tower","PM2.5","Catawba",35.728889,-81.365556
2024-07-30,23,"Hickory Water Tower","PM2.5","Catawba",35.728889,-81.365556
2024-07-31,31,"Hickory Water Tower","PM2.5","Catawba",35.728889,-81.365556
2024-08-01,39,"Hickory Water Tower","PM2.5","Catawba",35.728889,-81.365556
2024-08-02,53,"Hickory Water Tower","PM2.5","Catawba",35.728889,-81.365556
2024-08-03,55,"Hickory Water Tower","PM2.5","Catawba",35.728889,-81.365556
2024-08-04,27,"Hickory Water Tower","PM2.5","Catawba",35.728889,-81.365556
2024-08-05,47,"Hickory Water Tower","PM2.5","Catawba",35.728889,-81.365556
2024-08-06,28,"Hickory Water Tower","PM2.5","Catawba",35.728889,-81.365556
2024-08-07,26,"Hickory Water Tower","PM2.5","Catawba",35.728889,-81.365556
2024-08-08,6,"Hickory Water Tower","PM2.5","Catawba",35.728889,-81.365556
2024-08-09,18,"Hickory Water Tower","PM2.5","Catawba",35.728889,-81.365556
2024-08-10,51,"Hickory Water Tower","PM2.5","Catawba",35.728889,-81.365556
2024-08-11,54,"Hickory Water Tower","PM2.5","Catawba",35.728889,-81.365556
2024-08-12,51,"Hickory Water Tower","PM2.5","Catawba",35.728889,-81.365556
2024-08-13,48,"Hickory Water Tower","PM2.5","Catawba",35.728889,-81.365556
2024-08-14,43,"Hickory Water Tower","PM2.5","Catawba",35.728889,-81.365556
2024-08-15,52,"Hickory Water Tower","PM2.5","Catawba",35.728889,-81.365556
2024-08-16,48,"Hickory Water Tower","PM2.5","Catawba",35.728889,-81.365556
2024-08-17,21,"Hickory Water Tower","PM2.5","Catawba",35.728889,-81.365556
2024-08-18,29,"Hickory Water Tower","PM2.5","Catawba",35.728889,-81.365556
2024-08-19,23,"Hickory Water Tower","PM2.5","Catawba",35.728889,-81.365556
2024-08-20,41,"Hickory Water Tower","PM2.5","Catawba",35.728889,-81.365556
2024-08-21,35,"Hickory Water Tower","PM2.5","Catawba",35.728889,-81.365556
2024-08-22,52,"Hickory Water Tower","PM2.5","Catawba",35.728889,-81.365556
2024-08-23,53,"Hickory Water Tower","PM2.5","Catawba",35.728889,-81.365556
2024-08-24,54,"Hickory Water Tower","PM2.5","Catawba",35.728889,-81.365556
2024-08-25,58,"Hickory Water Tower","PM2.5","Catawba",35.728889,-81.365556
2024-08-26,57,"Hickory Water Tower","PM2.5","Catawba",35.728889,-81.365556
2024-08-27,68,"Hickory Water Tower","PM2.5","Catawba",35.728889,-81.365556
2024-08-28,63,"Hickory Water Tower","PM2.5","Catawba",35.728889,-81.365556
2024-08-29,61,"Hickory Water Tower","PM2.5","Catawba",35.728889,-81.365556
2024-08-30,58,"Hickory Water Tower","PM2.5","Catawba",35.728889,-81.365556
2024-08-31,52,"Hickory Water Tower","PM2.5","Catawba",35.728889,-81.365556
2024-09-01,39,"Hickory Water Tower","PM2.5","Catawba",35.728889,-81.365556
2024-09-02,28,"Hickory Water Tower","PM2.5","Catawba",35.728889,-81.365556
2024-09-03,21,"Hickory Water Tower","PM2.5","Catawba",35.728889,-81.365556
2024-09-04,22,"Hickory Water Tower","PM2.5","Catawba",35.728889,-81.365556
2024-09-05,31,"Hickory Water Tower","PM2.5","Catawba",35.728889,-81.365556
2024-09-06,38,"Hickory Water Tower","PM2.5","Catawba",35.728889,-81.365556
2024-09-07,26,"Hickory Water Tower","PM2.5","Catawba",35.728889,-81.365556
2024-09-08,12,"Hickory Water Tower","PM2.5","Catawba",35.728889,-81.365556
2024-09-09,29,"Hickory Water Tower","PM2.5","Catawba",35.728889,-81.365556
2024-09-10,31,"Hickory Water Tower","PM2.5","Catawba",35.728889,-81.365556
2024-09-11,47,"Hickory Water Tower","PM2.5","Catawba",35.728889,-81.365556
2024-09-12,51,"Hickory Water Tower","PM2.5","Catawba",35.728889,-81.365556
2024-09-13,38,"Hickory Water Tower","PM2.5","Catawba",35.728889,-81.365556
2024-09-14,30,"Hickory Water Tower","PM2.5","Catawba",35.728889,-81.365556
2024-09-15,32,"Hickory Water Tower","PM2.5","Catawba",35.728889,-81.365556
2024-09-16,37,"Hickory Water Tower","PM2.5","Catawba",35.728889,-81.365556
2024-09-17,19,"Hickory Water Tower","PM2.5","Catawba",35.728889,-81.365556
2024-09-18,52,"Hickory Water Tower","PM2.5","Catawba",35.728889,-81.365556
2024-09-19,28,"Hickory Water Tower","PM2.5","Catawba",35.728889,-81.365556
2024-09-20,32,"Hickory Water Tower","PM2.5","Catawba",35.728889,-81.365556
2024-09-21,42,"Hickory Water Tower","PM2.5","Catawba",35.728889,-81.365556
2024-09-22,43,"Hickory Water Tower","PM2.5","Catawba",35.728889,-81.365556
2024-09-23,58,"Hickory Water Tower","PM2.5","Catawba",35.728889,-81.365556
2024-09-24,56,"Hickory Water Tower","PM2.5","Catawba",35.728889,-81.365556
2024-09-25,46,"Hickory Water Tower","PM2.5","Catawba",35.728889,-81.365556
2024-09-26,22,"Hickory Water Tower","PM2.5","Catawba",35.728889,-81.365556
2024-09-27,23,"Hickory Water Tower","PM2.5","Catawba",35.728889,-81.365556
2024-09-28,58,"Hickory Water Tower","PM2.5","Catawba",35.728889,-81.365556
2024-09-29,54,"Hickory Water Tower","PM2.5","Catawba",35.728889,-81.365556
2024-09-30,47,"Hickory Water Tower","PM2.5","Catawba",35.728889,-81.365556
2024-10-01,23,"Hickory Water Tower","PM2.5","Catawba",35.728889,-81.365556
2024-10-02,23,"Hickory Water Tower","PM2.5","Catawba",35.728889,-81.365556
2024-10-03,47,"Hickory Water Tower","PM2.5","Catawba",35.728889,-81.365556
2024-10-04,47,"Hickory Water Tower","PM2.5","Catawba",35.728889,-81.365556
2024-10-05,51,"Hickory Water Tower","PM2.5","Catawba",35.728889,-81.365556
2024-10-06,57,"Hickory Water Tower","PM2.5","Catawba",35.728889,-81.365556
2024-10-07,52,"Hickory Water Tower","PM2.5","Catawba",35.728889,-81.365556
2024-10-08,49,"Hickory Water Tower","PM2.5","Catawba",35.728889,-81.365556
2024-10-09,29,"Hickory Water Tower","PM2.5","Catawba",35.728889,-81.365556
2024-10-10,31,"Hickory Water Tower","PM2.5","Catawba",35.728889,-81.365556
2024-10-11,28,"Hickory Water Tower","PM2.5","Catawba",35.728889,-81.365556
2024-10-12,33,"Hickory Water Tower","PM2.5","Catawba",35.728889,-81.365556
2024-10-13,49,"Hickory Water Tower","PM2.5","Catawba",35.728889,-81.365556
2024-10-14,27,"Hickory Water Tower","PM2.5","Catawba",35.728889,-81.365556
2024-10-23,38,"Hickory Water Tower","PM2.5","Catawba",35.728889,-81.365556
2024-10-24,50,"Hickory Water Tower","PM2.5","Catawba",35.728889,-81.365556
2024-10-25,53,"Hickory Water Tower","PM2.5","Catawba",35.728889,-81.365556
2024-10-26,54,"Hickory Water Tower","PM2.5","Catawba",35.728889,-81.365556
2024-10-27,29,"Hickory Water Tower","PM2.5","Catawba",35.728889,-81.365556
2024-10-28,54,"Hickory Water Tower","PM2.5","Catawba",35.728889,-81.365556
2024-10-29,56,"Hickory Water Tower","PM2.5","Catawba",35.728889,-81.365556
2024-10-30,46,"Hickory Water Tower","PM2.5","Catawba",35.728889,-81.365556
2024-10-31,41,"Hickory Water Tower","PM2.5","Catawba",35.728889,-81.365556
2024-11-01,53,"Hickory Water Tower","PM2.5","Catawba",35.728889,-81.365556
2024-11-02,45,"Hickory Water Tower","PM2.5","Catawba",35.728889,-81.365556
2024-11-03,41,"Hickory Water Tower","PM2.5","Catawba",35.728889,-81.365556
2024-11-04,38,"Hickory Water Tower","PM2.5","Catawba",35.728889,-81.365556
2024-11-05,26,"Hickory Water Tower","PM2.5","Catawba",35.728889,-81.365556
2024-11-06,52,"Hickory Water Tower","PM2.5","Catawba",35.728889,-81.365556
2024-11-07,34,"Hickory Water Tower","PM2.5","Catawba",35.728889,-81.365556
2024-11-08,37,"Hickory Water Tower","PM2.5","Catawba",35.728889,-81.365556
2024-11-09,39,"Hickory Water Tower","PM2.5","Catawba",35.728889,-81.365556
2024-11-10,48,"Hickory Water Tower","PM2.5","Catawba",35.728889,-81.365556
2024-11-11,27,"Hickory Water Tower","PM2.5","Catawba",35.728889,-81.365556
2024-11-12,32,"Hickory Water Tower","PM2.5","Catawba",35.728889,-81.365556
2024-11-13,27,"Hickory Water Tower","PM2.5","Catawba",35.728889,-81.365556
2024-11-14,31,"Hickory Water Tower","PM2.5","Catawba",35.728889,-81.365556
2024-11-15,19,"Hickory Water Tower","PM2.5","Catawba",35.728889,-81.365556
2024-11-16,34,"Hickory Water Tower","PM2.5","Catawba",35.728889,-81.365556
2024-11-17,56,"Hickory Water Tower","PM2.5","Catawba",35.728889,-81.365556
2024-11-18,57,"Hickory Water Tower","PM2.5","Catawba",35.728889,-81.365556
2024-11-19,58,"Hickory Water Tower","PM2.5","Catawba",35.728889,-81.365556
2024-11-20,28,"Hickory Water Tower","PM2.5","Catawba",35.728889,-81.365556
2024-11-21,13,"Hickory Water Tower","PM2.5","Catawba",35.728889,-81.365556
2024-11-22,1,"Hickory Water Tower","PM2.5","Catawba",35.728889,-81.365556
2024-11-23,4,"Hickory Water Tower","PM2.5","Catawba",35.728889,-81.365556
2024-11-24,42,"Hickory Water Tower","PM2.5","Catawba",35.728889,-81.365556
2024-11-25,53,"Hickory Water Tower","PM2.5","Catawba",35.728889,-81.365556
2024-11-26,44,"Hickory Water Tower","PM2.5","Catawba",35.728889,-81.365556
2024-11-27,44,"Hickory Water Tower","PM2.5","Catawba",35.728889,-81.365556
2024-11-28,42,"Hickory Water Tower","PM2.5","Catawba",35.728889,-81.365556
2024-11-29,28,"Hickory Water Tower","PM2.5","Catawba",35.728889,-81.365556
2024-11-30,17,"Hickory Water Tower","PM2.5","Catawba",35.728889,-81.365556
2024-12-01,24,"Hickory Water Tower","PM2.5","Catawba",35.728889,-81.365556
2024-12-02,21,"Hickory Water Tower","PM2.5","Catawba",35.728889,-81.365556
2024-12-03,28,"Hickory Water Tower","PM2.5","Catawba",35.728889,-81.365556
2024-12-04,55,"Hickory Water Tower","PM2.5","Catawba",35.728889,-81.365556
2024-12-05,35,"Hickory Water Tower","PM2.5","Catawba",35.728889,-81.365556
2024-12-06,21,"Hickory Water Tower","PM2.5","Catawba",35.728889,-81.365556
2024-12-07,52,"Hickory Water Tower","PM2.5","Catawba",35.728889,-81.365556
2024-12-08,47,"Hickory Water Tower","PM2.5","Catawba",35.728889,-81.365556
2024-12-09,54,"Hickory Water Tower","PM2.5","Catawba",35.728889,-81.365556
2024-12-10,53,"Hickory Water Tower","PM2.5","Catawba",35.728889,-81.365556
2024-12-11,11,"Hickory Water Tower","PM2.5","Catawba",35.728889,-81.365556
2024-12-12,27,"Hickory Water Tower","PM2.5","Catawba",35.728889,-81.365556
2024-12-13,56,"Hickory Water Tower","PM2.5","Catawba",35.728889,-81.365556
2024-12-14,56,"Hickory Water Tower","PM2.5","Catawba",35.728889,-81.365556
2024-12-15,41,"Hickory Water Tower","PM2.5","Catawba",35.728889,-81.365556
2024-12-16,31,"Hickory Water Tower","PM2.5","Catawba",35.728889,-81.365556
2024-12-17,48,"Hickory Water Tower","PM2.5","Catawba",35.728889,-81.365556
2024-12-18,44,"Hickory Water Tower","PM2.5","Catawba",35.728889,-81.365556
2024-12-19,21,"Hickory Water Tower","PM2.5","Catawba",35.728889,-81.365556
2024-12-20,23,"Hickory Water Tower","PM2.5","Catawba",35.728889,-81.365556
2024-12-21,13,"Hickory Water Tower","PM2.5","Catawba",35.728889,-81.365556
2024-12-22,40,"Hickory Water Tower","PM2.5","Catawba",35.728889,-81.365556
2024-12-23,62,"Hickory Water Tower","PM2.5","Catawba",35.728889,-81.365556
2024-12-24,60,"Hickory Water Tower","PM2.5","Catawba",35.728889,-81.365556
2024-12-25,63,"Hickory Water Tower","PM2.5","Catawba",35.728889,-81.365556
2024-12-26,63,"Hickory Water Tower","PM2.5","Catawba",35.728889,-81.365556
2024-12-27,60,"Hickory Water Tower","PM2.5","Catawba",35.728889,-81.365556
2024-12-28,21,"Hickory Water Tower","PM2.5","Catawba",35.728889,-81.365556
2024-12-29,11,"Hickory Water Tower","PM2.5","Catawba",35.728889,-81.365556
2024-12-30,25,"Hickory Water Tower","PM2.5","Catawba",35.728889,-81.365556
2024-12-31,52,"Hickory Water Tower","PM2.5","Catawba",35.728889,-81.365556
2024-01-01,61,"William Owen School","PM2.5","Cumberland",35.041416,-78.953112
2024-01-02,33,"William Owen School","PM2.5","Cumberland",35.041416,-78.953112
2024-01-03,56,"William Owen School","PM2.5","Cumberland",35.041416,-78.953112
2024-01-04,41,"William Owen School","PM2.5","Cumberland",35.041416,-78.953112
2024-01-05,34,"William Owen School","PM2.5","Cumberland",35.041416,-78.953112
2024-01-06,26,"William Owen School","PM2.5","Cumberland",35.041416,-78.953112
2024-01-07,13,"William Owen School","PM2.5","Cumberland",35.041416,-78.953112
2024-01-08,20,"William Owen School","PM2.5","Cumberland",35.041416,-78.953112
2024-01-09,26,"William Owen School","PM2.5","Cumberland",35.041416,-78.953112
2024-01-10,14,"William Owen School","PM2.5","Cumberland",35.041416,-78.953112
2024-01-11,43,"William Owen School","PM2.5","Cumberland",35.041416,-78.953112
2024-01-12,53,"William Owen School","PM2.5","Cumberland",35.041416,-78.953112
2024-01-13,23,"William Owen School","PM2.5","Cumberland",35.041416,-78.953112
2024-01-14,23,"William Owen School","PM2.5","Cumberland",35.041416,-78.953112
2024-01-15,45,"William Owen School","PM2.5","Cumberland",35.041416,-78.953112
2024-01-16,52,"William Owen School","PM2.5","Cumberland",35.041416,-78.953112
2024-01-17,29,"William Owen School","PM2.5","Cumberland",35.041416,-78.953112
2024-01-18,53,"William Owen School","PM2.5","Cumberland",35.041416,-78.953112
2024-01-19,48,"William Owen School","PM2.5","Cumberland",35.041416,-78.953112
2024-01-20,34,"William Owen School","PM2.5","Cumberland",35.041416,-78.953112
2024-01-21,47,"William Owen School","PM2.5","Cumberland",35.041416,-78.953112
2024-01-22,110,"William Owen School","PM2.5","Cumberland",35.041416,-78.953112
2024-01-23,66,"William Owen School","PM2.5","Cumberland",35.041416,-78.953112
2024-01-24,43,"William Owen School","PM2.5","Cumberland",35.041416,-78.953112
2024-01-25,16,"William Owen School","PM2.5","Cumberland",35.041416,-78.953112
2024-01-26,31,"William Owen School","PM2.5","Cumberland",35.041416,-78.953112
2024-01-27,39,"William Owen School","PM2.5","Cumberland",35.041416,-78.953112
2024-01-28,9,"William Owen School","PM2.5","Cumberland",35.041416,-78.953112
2024-01-29,4,"William Owen School","PM2.5","Cumberland",35.041416,-78.953112
2024-01-30,21,"William Owen School","PM2.5","Cumberland",35.041416,-78.953112
2024-01-31,30,"William Owen School","PM2.5","Cumberland",35.041416,-78.953112
2024-02-01,46,"William Owen School","PM2.5","Cumberland",35.041416,-78.953112
2024-02-02,56,"William Owen School","PM2.5","Cumberland",35.041416,-78.953112
2024-02-03,21,"William Owen School","PM2.5","Cumberland",35.041416,-78.953112
2024-02-04,30,"William Owen School","PM2.5","Cumberland",35.041416,-78.953112
2024-02-05,16,"William Owen School","PM2.5","Cumberland",35.041416,-78.953112
2024-02-06,27,"William Owen School","PM2.5","Cumberland",35.041416,-78.953112
2024-02-07,28,"William Owen School","PM2.5","Cumberland",35.041416,-78.953112
2024-02-08,57,"William Owen School","PM2.5","Cumberland",35.041416,-78.953112
2024-02-09,64,"William Owen School","PM2.5","Cumberland",35.041416,-78.953112
2024-02-10,63,"William Owen School","PM2.5","Cumberland",35.041416,-78.953112
2024-02-11,53,"William Owen School","PM2.5","Cumberland",35.041416,-78.953112
2024-02-12,17,"William Owen School","PM2.5","Cumberland",35.041416,-78.953112
2024-02-13,9,"William Owen School","PM2.5","Cumberland",35.041416,-78.953112
2024-02-14,52,"William Owen School","PM2.5","Cumberland",35.041416,-78.953112
2024-02-15,53,"William Owen School","PM2.5","Cumberland",35.041416,-78.953112
2024-02-16,56,"William Owen School","PM2.5","Cumberland",35.041416,-78.953112
2024-02-17,46,"William Owen School","PM2.5","Cumberland",35.041416,-78.953112
2024-02-18,31,"William Owen School","PM2.5","Cumberland",35.041416,-78.953112
2024-02-19,35,"William Owen School","PM2.5","Cumberland",35.041416,-78.953112
2024-02-20,46,"William Owen School","PM2.5","Cumberland",35.041416,-78.953112
2024-02-21,55,"William Owen School","PM2.5","Cumberland",35.041416,-78.953112
2024-02-22,74,"William Owen School","PM2.5","Cumberland",35.041416,-78.953112
2024-02-23,54,"William Owen School","PM2.5","Cumberland",35.041416,-78.953112
2024-02-24,29,"William Owen School","PM2.5","Cumberland",35.041416,-78.953112
2024-02-25,26,"William Owen School","PM2.5","Cumberland",35.041416,-78.953112
2024-02-26,55,"William Owen School","PM2.5","Cumberland",35.041416,-78.953112
2024-02-27,53,"William Owen School","PM2.5","Cumberland",35.041416,-78.953112
2024-02-28,45,"William Owen School","PM2.5","Cumberland",35.041416,-78.953112
2024-02-29,23,"William Owen School","PM2.5","Cumberland",35.041416,-78.953112
2024-03-01,32,"William Owen School","PM2.5","Cumberland",35.041416,-78.953112
2024-03-02,22,"William Owen School","PM2.5","Cumberland",35.041416,-78.953112
2024-03-03,44,"William Owen School","PM2.5","Cumberland",35.041416,-78.953112
2024-03-04,32,"William Owen School","PM2.5","Cumberland",35.041416,-78.953112
2024-03-05,20,"William Owen School","PM2.5","Cumberland",35.041416,-78.953112
2024-03-07,19,"William Owen School","PM2.5","Cumberland",35.041416,-78.953112
2024-03-08,22,"William Owen School","PM2.5","Cumberland",35.041416,-78.953112
2024-03-09,21,"William Owen School","PM2.5","Cumberland",35.041416,-78.953112
2024-03-10,6,"William Owen School","PM2.5","Cumberland",35.041416,-78.953112
2024-03-11,21,"William Owen School","PM2.5","Cumberland",35.041416,-78.953112
2024-03-12,54,"William Owen School","PM2.5","Cumberland",35.041416,-78.953112
2024-03-13,64,"William Owen School","PM2.5","Cumberland",35.041416,-78.953112
2024-03-14,71,"William Owen School","PM2.5","Cumberland",35.041416,-78.953112
2024-03-15,69,"William Owen School","PM2.5","Cumberland",35.041416,-78.953112
2024-03-16,57,"William Owen School","PM2.5","Cumberland",35.041416,-78.953112
2024-03-17,48,"William Owen School","PM2.5","Cumberland",35.041416,-78.953112
2024-03-18,52,"William Owen School","PM2.5","Cumberland",35.041416,-78.953112
2024-03-19,30,"William Owen School","PM2.5","Cumberland",35.041416,-78.953112
2024-03-20,59,"William Owen School","PM2.5","Cumberland",35.041416,-78.953112
2024-03-21,58,"William Owen School","PM2.5","Cumberland",35.041416,-78.953112
2024-03-22,51,"William Owen School","PM2.5","Cumberland",35.041416,-78.953112
2024-03-23,14,"William Owen School","PM2.5","Cumberland",35.041416,-78.953112
2024-03-24,14,"William Owen School","PM2.5","Cumberland",35.041416,-78.953112
2024-03-25,38,"William Owen School","PM2.5","Cumberland",35.041416,-78.953112
2024-03-26,48,"William Owen School","PM2.5","Cumberland",35.041416,-78.953112
2024-03-27,33,"William Owen School","PM2.5","Cumberland",35.041416,-78.953112
2024-03-28,17,"William Owen School","PM2.5","Cumberland",35.041416,-78.953112
2024-03-29,34,"William Owen School","PM2.5","Cumberland",35.041416,-78.953112
2024-03-30,53,"William Owen School","PM2.5","Cumberland",35.041416,-78.953112
2024-03-31,56,"William Owen School","PM2.5","Cumberland",35.041416,-78.953112
2024-04-01,61,"William Owen School","PM2.5","Cumberland",35.041416,-78.953112
2024-04-02,59,"William Owen School","PM2.5","Cumberland",35.041416,-78.953112
2024-04-03,42,"William Owen School","PM2.5","Cumberland",35.041416,-78.953112
2024-04-04,14,"William Owen School","PM2.5","Cumberland",35.041416,-78.953112
2024-04-05,16,"William Owen School","PM2.5","Cumberland",35.041416,-78.953112
2024-04-06,31,"William Owen School","PM2.5","Cumberland",35.041416,-78.953112
2024-04-07,21,"William Owen School","PM2.5","Cumberland",35.041416,-78.953112
2024-04-08,42,"William Owen School","PM2.5","Cumberland",35.041416,-78.953112
2024-04-09,55,"William Owen School","PM2.5","Cumberland",35.041416,-78.953112
2024-04-10,37,"William Owen School","PM2.5","Cumberland",35.041416,-78.953112
2024-04-11,28,"William Owen School","PM2.5","Cumberland",35.041416,-78.953112
2024-04-12,21,"William Owen School","PM2.5","Cumberland",35.041416,-78.953112
2024-04-13,58,"William Owen School","PM2.5","Cumberland",35.041416,-78.953112
2024-04-14,42,"William Owen School","PM2.5","Cumberland",35.041416,-78.953112
2024-04-15,57,"William Owen School","PM2.5","Cumberland",35.041416,-78.953112
2024-04-16,65,"William Owen School","PM2.5","Cumberland",35.041416,-78.953112
2024-04-17,55,"William Owen School","PM2.5","Cumberland",35.041416,-78.953112
2024-04-18,52,"William Owen School","PM2.5","Cumberland",35.041416,-78.953112
2024-04-19,63,"William Owen School","PM2.5","Cumberland",35.041416,-78.953112
2024-04-20,59,"William Owen School","PM2.5","Cumberland",35.041416,-78.953112
2024-04-21,24,"William Owen School","PM2.5","Cumberland",35.041416,-78.953112
2024-04-22,26,"William Owen School","PM2.5","Cumberland",35.041416,-78.953112
2024-04-23,41,"William Owen School","PM2.5","Cumberland",35.041416,-78.953112
2024-04-24,49,"William Owen School","PM2.5","Cumberland",35.041416,-78.953112
2024-04-25,57,"William Owen School","PM2.5","Cumberland",35.041416,-78.953112
2024-04-26,51,"William Owen School","PM2.5","Cumberland",35.041416,-78.953112
2024-04-27,38,"William Owen School","PM2.5","Cumberland",35.041416,-78.953112
2024-04-28,46,"William Owen School","PM2.5","Cumberland",35.041416,-78.953112
2024-04-29,36,"William Owen School","PM2.5","Cumberland",35.041416,-78.953112
2024-04-30,38,"William Owen School","PM2.5","Cumberland",35.041416,-78.953112
2024-05-01,47,"William Owen School","PM2.5","Cumberland",35.041416,-78.953112
2024-05-02,46,"William Owen School","PM2.5","Cumberland",35.041416,-78.953112
2024-05-03,42,"William Owen School","PM2.5","Cumberland",35.041416,-78.953112
2024-05-04,33,"William Owen School","PM2.5","Cumberland",35.041416,-78.953112
2024-05-05,26,"William Owen School","PM2.5","Cumberland",35.041416,-78.953112
2024-05-06,37,"William Owen School","PM2.5","Cumberland",35.041416,-78.953112
2024-05-07,49,"William Owen School","PM2.5","Cumberland",35.041416,-78.953112
2024-05-08,54,"William Owen School","PM2.5","Cumberland",35.041416,-78.953112
2024-05-09,31,"William Owen School","PM2.5","Cumberland",35.041416,-78.953112
2024-05-10,29,"William Owen School","PM2.5","Cumberland",35.041416,-78.953112
2024-05-11,31,"William Owen School","PM2.5","Cumberland",35.041416,-78.953112
2024-05-12,39,"William Owen School","PM2.5","Cumberland",35.041416,-78.953112
2024-05-13,47,"William Owen School","PM2.5","Cumberland",35.041416,-78.953112
2024-05-14,31,"William Owen School","PM2.5","Cumberland",35.041416,-78.953112
2024-05-15,29,"William Owen School","PM2.5","Cumberland",35.041416,-78.953112
2024-05-16,26,"William Owen School","PM2.5","Cumberland",35.041416,-78.953112
2024-05-17,47,"William Owen School","PM2.5","Cumberland",35.041416,-78.953112
2024-05-18,34,"William Owen School","PM2.5","Cumberland",35.041416,-78.953112
2024-05-19,17,"William Owen School","PM2.5","Cumberland",35.041416,-78.953112
2024-05-20,37,"William Owen School","PM2.5","Cumberland",35.041416,-78.953112
2024-05-21,29,"William Owen School","PM2.5","Cumberland",35.041416,-78.953112
2024-05-22,37,"William Owen School","PM2.5","Cumberland",35.041416,-78.953112
2024-05-23,55,"William Owen School","PM2.5","Cumberland",35.041416,-78.953112
2024-05-24,52,"William Owen School","PM2.5","Cumberland",35.041416,-78.953112
2024-05-25,52,"William Owen School","PM2.5","Cumberland",35.041416,-78.953112
2024-05-26,55,"William Owen School","PM2.5","Cumberland",35.041416,-78.953112
2024-05-27,50,"William Owen School","PM2.5","Cumberland",35.041416,-78.953112
2024-05-28,53,"William Owen School","PM2.5","Cumberland",35.041416,-78.953112
2024-06-12,53,"William Owen School","PM2.5","Cumberland",35.041416,-78.953112
2024-06-13,50,"William Owen School","PM2.5","Cumberland",35.041416,-78.953112
2024-06-14,57,"William Owen School","PM2.5","Cumberland",35.041416,-78.953112
2024-06-15,61,"William Owen School","PM2.5","Cumberland",35.041416,-78.953112
2024-06-16,49,"William Owen School","PM2.5","Cumberland",35.041416,-78.953112
2024-06-17,47,"William Owen School","PM2.5","Cumberland",35.041416,-78.953112
2024-06-18,36,"William Owen School","PM2.5","Cumberland",35.041416,-78.953112
2024-06-19,30,"William Owen School","PM2.5","Cumberland",35.041416,-78.953112
2024-06-20,43,"William Owen School","PM2.5","Cumberland",35.041416,-78.953112
2024-06-21,34,"William Owen School","PM2.5","Cumberland",35.041416,-78.953112
2024-06-22,35,"William Owen School","PM2.5","Cumberland",35.041416,-78.953112
2024-06-23,29,"William Owen School","PM2.5","Cumberland",35.041416,-78.953112
2024-06-24,55,"William Owen School","PM2.5","Cumberland",35.041416,-78.953112
2024-06-25,53,"William Owen School","PM2.5","Cumberland",35.041416,-78.953112
2024-06-26,56,"William Owen School","PM2.5","Cumberland",35.041416,-78.953112
2024-06-27,55,"William Owen School","PM2.5","Cumberland",35.041416,-78.953112
2024-06-28,57,"William Owen School","PM2.5","Cumberland",35.041416,-78.953112
2024-06-29,44,"William Owen School","PM2.5","Cumberland",35.041416,-78.953112
2024-06-30,49,"William Owen School","PM2.5","Cumberland",35.041416,-78.953112
2024-07-01,28,"William Owen School","PM2.5","Cumberland",35.041416,-78.953112
2024-07-02,36,"William Owen School","PM2.5","Cumberland",35.041416,-78.953112
2024-07-03,45,"William Owen School","PM2.5","Cumberland",35.041416,-78.953112
2024-07-04,55,"William Owen School","PM2.5","Cumberland",35.041416,-78.953112
2024-07-05,53,"William Owen School","PM2.5","Cumberland",35.041416,-78.953112
2024-07-06,52,"William Owen School","PM2.5","Cumberland",35.041416,-78.953112
2024-07-07,53,"William Owen School","PM2.5","Cumberland",35.041416,-78.953112
2024-07-08,43,"William Owen School","PM2.5","Cumberland",35.041416,-78.953112
2024-07-09,33,"William Owen School","PM2.5","Cumberland",35.041416,-78.953112
2024-07-10,50,"William Owen School","PM2.5","Cumberland",35.041416,-78.953112
2024-07-11,34,"William Owen School","PM2.5","Cumberland",35.041416,-78.953112
2024-07-12,28,"William Owen School","PM2.5","Cumberland",35.041416,-78.953112
2024-07-13,49,"William Owen School","PM2.5","Cumberland",35.041416,-78.953112
2024-07-14,61,"William Owen School","PM2.5","Cumberland",35.041416,-78.953112
2024-07-15,61,"William Owen School","PM2.5","Cumberland",35.041416,-78.953112
2024-07-16,58,"William Owen School","PM2.5","Cumberland",35.041416,-78.953112
2024-07-17,56,"William Owen School","PM2.5","Cumberland",35.041416,-78.953112
2024-07-18,52,"William Owen School","PM2.5","Cumberland",35.041416,-78.953112
2024-07-19,41,"William Owen School","PM2.5","Cumberland",35.041416,-78.953112
2024-07-20,31,"William Owen School","PM2.5","Cumberland",35.041416,-78.953112
2024-07-21,29,"William Owen School","PM2.5","Cumberland",35.041416,-78.953112
2024-07-22,18,"William Owen School","PM2.5","Cumberland",35.041416,-78.953112
2024-07-23,35,"William Owen School","PM2.5","Cumberland",35.041416,-78.953112
2024-07-24,31,"William Owen School","PM2.5","Cumberland",35.041416,-78.953112
2024-07-25,29,"William Owen School","PM2.5","Cumberland",35.041416,-78.953112
2024-07-26,29,"William Owen School","PM2.5","Cumberland",35.041416,-78.953112
2024-07-27,54,"William Owen School","PM2.5","Cumberland",35.041416,-78.953112
2024-07-28,49,"William Owen School","PM2.5","Cumberland",35.041416,-78.953112
2024-07-29,55,"William Owen School","PM2.5","Cumberland",35.041416,-78.953112
2024-07-30,51,"William Owen School","PM2.5","Cumberland",35.041416,-78.953112
2024-07-31,41,"William Owen School","PM2.5","Cumberland",35.041416,-78.953112
2024-08-01,58,"William Owen School","PM2.5","Cumberland",35.041416,-78.953112
2024-08-02,57,"William Owen School","PM2.5","Cumberland",35.041416,-78.953112
2024-08-03,48,"William Owen School","PM2.5","Cumberland",35.041416,-78.953112
2024-08-04,27,"William Owen School","PM2.5","Cumberland",35.041416,-78.953112
2024-08-05,25,"William Owen School","PM2.5","Cumberland",35.041416,-78.953112
2024-08-06,16,"William Owen School","PM2.5","Cumberland",35.041416,-78.953112
2024-08-07,17,"William Owen School","PM2.5","Cumberland",35.041416,-78.953112
2024-08-08,12,"William Owen School","PM2.5","Cumberland",35.041416,-78.953112
2024-08-09,34,"William Owen School","PM2.5","Cumberland",35.041416,-78.953112
2024-08-10,54,"William Owen School","PM2.5","Cumberland",35.041416,-78.953112
2024-08-11,55,"William Owen School","PM2.5","Cumberland",35.041416,-78.953112
2024-08-12,52,"William Owen School","PM2.5","Cumberland",35.041416,-78.953112
2024-08-13,53,"William Owen School","PM2.5","Cumberland",35.041416,-78.953112
2024-08-14,50,"William Owen School","PM2.5","Cumberland",35.041416,-78.953112
2024-08-15,54,"William Owen School","PM2.5","Cumberland",35.041416,-78.953112
2024-08-16,61,"William Owen School","PM2.5","Cumberland",35.041416,-78.953112
2024-08-17,60,"William Owen School","PM2.5","Cumberland",35.041416,-78.953112
2024-08-18,48,"William Owen School","PM2.5","Cumberland",35.041416,-78.953112
2024-08-19,31,"William Owen School","PM2.5","Cumberland",35.041416,-78.953112
2024-08-20,29,"William Owen School","PM2.5","Cumberland",35.041416,-78.953112
2024-08-21,52,"William Owen School","PM2.5","Cumberland",35.041416,-78.953112
2024-08-22,40,"William Owen School","PM2.5","Cumberland",35.041416,-78.953112
2024-08-23,51,"William Owen School","PM2.5","Cumberland",35.041416,-78.953112
2024-08-24,46,"William Owen School","PM2.5","Cumberland",35.041416,-78.953112
2024-08-25,44,"William Owen School","PM2.5","Cumberland",35.041416,-78.953112
2024-08-26,55,"William Owen School","PM2.5","Cumberland",35.041416,-78.953112
2024-08-27,56,"William Owen School","PM2.5","Cumberland",35.041416,-78.953112
2024-08-28,57,"William Owen School","PM2.5","Cumberland",35.041416,-78.953112
2024-08-29,55,"William Owen School","PM2.5","Cumberland",35.041416,-78.953112
2024-08-30,49,"William Owen School","PM2.5","Cumberland",35.041416,-78.953112
2024-08-31,52,"William Owen School","PM2.5","Cumberland",35.041416,-78.953112
2024-09-01,48,"William Owen School","PM2.5","Cumberland",35.041416,-78.953112
2024-09-02,29,"William Owen School","PM2.5","Cumberland",35.041416,-78.953112
2024-09-03,28,"William Owen School","PM2.5","Cumberland",35.041416,-78.953112
2024-09-04,30,"William Owen School","PM2.5","Cumberland",35.041416,-78.953112
2024-09-05,29,"William Owen School","PM2.5","Cumberland",35.041416,-78.953112
2024-09-06,44,"William Owen School","PM2.5","Cumberland",35.041416,-78.953112
2024-09-07,37,"William Owen School","PM2.5","Cumberland",35.041416,-78.953112
2024-09-08,24,"William Owen School","PM2.5","Cumberland",35.041416,-78.953112
2024-09-09,28,"William Owen School","PM2.5","Cumberland",35.041416,-78.953112
2024-09-10,48,"William Owen School","PM2.5","Cumberland",35.041416,-78.953112
2024-09-11,53,"William Owen School","PM2.5","Cumberland",35.041416,-78.953112
2024-09-12,47,"William Owen School","PM2.5","Cumberland",35.041416,-78.953112
2024-09-13,22,"William Owen School","PM2.5","Cumberland",35.041416,-78.953112
2024-09-14,34,"William Owen School","PM2.5","Cumberland",35.041416,-78.953112
2024-09-15,43,"William Owen School","PM2.5","Cumberland",35.041416,-78.953112
2024-09-16,25,"William Owen School","PM2.5","Cumberland",35.041416,-78.953112
2024-09-17,18,"William Owen School","PM2.5","Cumberland",35.041416,-78.953112
2024-09-18,42,"William Owen School","PM2.5","Cumberland",35.041416,-78.953112
2024-09-19,24,"William Owen School","PM2.5","Cumberland",35.041416,-78.953112
2024-09-20,40,"William Owen School","PM2.5","Cumberland",35.041416,-78.953112
2024-09-21,43,"William Owen School","PM2.5","Cumberland",35.041416,-78.953112
2024-09-22,48,"William Owen School","PM2.5","Cumberland",35.041416,-78.953112
2024-09-23,50,"William Owen School","PM2.5","Cumberland",35.041416,-78.953112
2024-09-24,43,"William Owen School","PM2.5","Cumberland",35.041416,-78.953112
2024-09-25,42,"William Owen School","PM2.5","Cumberland",35.041416,-78.953112
2024-09-26,25,"William Owen School","PM2.5","Cumberland",35.041416,-78.953112
2024-09-27,29,"William Owen School","PM2.5","Cumberland",35.041416,-78.953112
2024-09-28,48,"William Owen School","PM2.5","Cumberland",35.041416,-78.953112
2024-09-29,53,"William Owen School","PM2.5","Cumberland",35.041416,-78.953112
2024-09-30,55,"William Owen School","PM2.5","Cumberland",35.041416,-78.953112
2024-10-01,32,"William Owen School","PM2.5","Cumberland",35.041416,-78.953112
2024-10-02,21,"William Owen School","PM2.5","Cumberland",35.041416,-78.953112
2024-10-09,35,"William Owen School","PM2.5","Cumberland",35.041416,-78.953112
2024-10-15,21,"William Owen School","PM2.5","Cumberland",35.041416,-78.953112
2024-10-16,13,"William Owen School","PM2.5","Cumberland",35.041416,-78.953112
2024-10-17,17,"William Owen School","PM2.5","Cumberland",35.041416,-78.953112
2024-10-18,32,"William Owen School","PM2.5","Cumberland",35.041416,-78.953112
2024-10-19,42,"William Owen School","PM2.5","Cumberland",35.041416,-78.953112
2024-10-20,42,"William Owen School","PM2.5","Cumberland",35.041416,-78.953112
2024-10-21,44,"William Owen School","PM2.5","Cumberland",35.041416,-78.953112
2024-10-22,55,"William Owen School","PM2.5","Cumberland",35.041416,-78.953112
2024-10-23,53,"William Owen School","PM2.5","Cumberland",35.041416,-78.953112
2024-10-24,56,"William Owen School","PM2.5","Cumberland",35.041416,-78.953112
2024-10-25,55,"William Owen School","PM2.5","Cumberland",35.041416,-78.953112
2024-10-26,58,"William Owen School","PM2.5","Cumberland",35.041416,-78.953112
2024-10-27,33,"William Owen School","PM2.5","Cumberland",35.041416,-78.953112
2024-10-28,38,"William Owen School","PM2.5","Cumberland",35.041416,-78.953112
2024-10-29,46,"William Owen School","PM2.5","Cumberland",35.041416,-78.953112
2024-10-30,51,"William Owen School","PM2.5","Cumberland",35.041416,-78.953112
2024-10-31,32,"William Owen School","PM2.5","Cumberland",35.041416,-78.953112
2024-11-01,33,"William Owen School","PM2.5","Cumberland",35.041416,-78.953112
2024-11-02,56,"William Owen School","PM2.5","Cumberland",35.041416,-78.953112
2024-11-03,34,"William Owen School","PM2.5","Cumberland",35.041416,-78.953112
2024-11-04,35,"William Owen School","PM2.5","Cumberland",35.041416,-78.953112
2024-11-05,43,"William Owen School","PM2.5","Cumberland",35.041416,-78.953112
2024-11-06,53,"William Owen School","PM2.5","Cumberland",35.041416,-78.953112
2024-11-07,43,"William Owen School","PM2.5","Cumberland",35.041416,-78.953112
2024-11-08,53,"William Owen School","PM2.5","Cumberland",35.041416,-78.953112
2024-11-09,29,"William Owen School","PM2.5","Cumberland",35.041416,-78.953112
2024-11-10,33,"William Owen School","PM2.5","Cumberland",35.041416,-78.953112
2024-11-11,41,"William Owen School","PM2.5","Cumberland",35.041416,-78.953112
2024-11-12,25,"William Owen School","PM2.5","Cumberland",35.041416,-78.953112
2024-11-13,19,"William Owen School","PM2.5","Cumberland",35.041416,-78.953112
2024-11-14,34,"William Owen School","PM2.5","Cumberland",35.041416,-78.953112
2024-11-15,11,"William Owen School","PM2.5","Cumberland",35.041416,-78.953112
2024-11-16,28,"William Owen School","PM2.5","Cumberland",35.041416,-78.953112
2024-11-17,49,"William Owen School","PM2.5","Cumberland",35.041416,-78.953112
2024-11-18,58,"William Owen School","PM2.5","Cumberland",35.041416,-78.953112
2024-11-19,72,"William Owen School","PM2.5","Cumberland",35.041416,-78.953112
2024-11-20,51,"William Owen School","PM2.5","Cumberland",35.041416,-78.953112
2024-11-21,8,"William Owen School","PM2.5","Cumberland",35.041416,-78.953112
2024-11-22,11,"William Owen School","PM2.5","Cumberland",35.041416,-78.953112
2024-11-23,24,"William Owen School","PM2.5","Cumberland",35.041416,-78.953112
2024-11-24,71,"William Owen School","PM2.5","Cumberland",35.041416,-78.953112
2024-11-25,61,"William Owen School","PM2.5","Cumberland",35.041416,-78.953112
2024-11-26,54,"William Owen School","PM2.5","Cumberland",35.041416,-78.953112
2024-11-27,44,"William Owen School","PM2.5","Cumberland",35.041416,-78.953112
2024-11-28,39,"William Owen School","PM2.5","Cumberland",35.041416,-78.953112
2024-11-29,12,"William Owen School","PM2.5","Cumberland",35.041416,-78.953112
2024-11-30,58,"William Owen School","PM2.5","Cumberland",35.041416,-78.953112
2024-12-01,65,"William Owen School","PM2.5","Cumberland",35.041416,-78.953112
2024-12-02,23,"William Owen School","PM2.5","Cumberland",35.041416,-78.953112
2024-12-03,44,"William Owen School","PM2.5","Cumberland",35.041416,-78.953112
2024-12-04,52,"William Owen School","PM2.5","Cumberland",35.041416,-78.953112
2024-12-05,50,"William Owen School","PM2.5","Cumberland",35.041416,-78.953112
2024-12-07,76,"William Owen School","PM2.5","Cumberland",35.041416,-78.953112
2024-12-08,55,"William Owen School","PM2.5","Cumberland",35.041416,-78.953112
2024-12-09,53,"William Owen School","PM2.5","Cumberland",35.041416,-78.953112
2024-12-10,54,"William Owen School","PM2.5","Cumberland",35.041416,-78.953112
2024-12-11,14,"William Owen School","PM2.5","Cumberland",35.041416,-78.953112
2024-12-12,26,"William Owen School","PM2.5","Cumberland",35.041416,-78.953112
2024-12-13,61,"William Owen School","PM2.5","Cumberland",35.041416,-78.953112
2024-12-14,47,"William Owen School","PM2.5","Cumberland",35.041416,-78.953112
2024-12-15,22,"William Owen School","PM2.5","Cumberland",35.041416,-78.953112
2024-12-16,52,"William Owen School","PM2.5","Cumberland",35.041416,-78.953112
2024-12-17,55,"William Owen School","PM2.5","Cumberland",35.041416,-78.953112
2024-12-18,41,"William Owen School","PM2.5","Cumberland",35.041416,-78.953112
2024-12-19,17,"William Owen School","PM2.5","Cumberland",35.041416,-78.953112
2024-12-20,29,"William Owen School","PM2.5","Cumberland",35.041416,-78.953112
2024-12-21,11,"William Owen School","PM2.5","Cumberland",35.041416,-78.953112
2024-12-22,24,"William Owen School","PM2.5","Cumberland",35.041416,-78.953112
2024-12-23,36,"William Owen School","PM2.5","Cumberland",35.041416,-78.953112
2024-12-24,48,"William Owen School","PM2.5","Cumberland",35.041416,-78.953112
2024-12-25,51,"William Owen School","PM2.5","Cumberland",35.041416,-78.953112
2024-12-26,47,"William Owen School","PM2.5","Cumberland",35.041416,-78.953112
2024-12-27,52,"William Owen School","PM2.5","Cumberland",35.041416,-78.953112
2024-12-28,36,"William Owen School","PM2.5","Cumberland",35.041416,-78.953112
2024-12-29,8,"William Owen School","PM2.5","Cumberland",35.041416,-78.953112
2024-12-30,25,"William Owen School","PM2.5","Cumberland",35.041416,-78.953112
2024-12-31,44,"William Owen School","PM2.5","Cumberland",35.041416,-78.953112
2024-01-01,45,"Lexington water tower","PM2.5","Davidson",35.8145,-80.2627
2024-01-07,24,"Lexington water tower","PM2.5","Davidson",35.8145,-80.2627
2024-01-13,26,"Lexington water tower","PM2.5","Davidson",35.8145,-80.2627
2024-01-19,35,"Lexington water tower","PM2.5","Davidson",35.8145,-80.2627
2024-01-25,14,"Lexington water tower","PM2.5","Davidson",35.8145,-80.2627
2024-01-31,37,"Lexington water tower","PM2.5","Davidson",35.8145,-80.2627
2024-02-06,31,"Lexington water tower","PM2.5","Davidson",35.8145,-80.2627
2024-02-12,15,"Lexington water tower","PM2.5","Davidson",35.8145,-80.2627
2024-02-18,39,"Lexington water tower","PM2.5","Davidson",35.8145,-80.2627
2024-02-24,22,"Lexington water tower","PM2.5","Davidson",35.8145,-80.2627
2024-03-01,45,"Lexington water tower","PM2.5","Davidson",35.8145,-80.2627
2024-03-07,20,"Lexington water tower","PM2.5","Davidson",35.8145,-80.2627
2024-03-13,55,"Lexington water tower","PM2.5","Davidson",35.8145,-80.2627
2024-03-19,17,"Lexington water tower","PM2.5","Davidson",35.8145,-80.2627
2024-03-25,37,"Lexington water tower","PM2.5","Davidson",35.8145,-80.2627
2024-03-31,54,"Lexington water tower","PM2.5","Davidson",35.8145,-80.2627
2024-04-12,16,"Lexington water tower","PM2.5","Davidson",35.8145,-80.2627
2024-04-18,44,"Lexington water tower","PM2.5","Davidson",35.8145,-80.2627
2024-04-24,51,"Lexington water tower","PM2.5","Davidson",35.8145,-80.2627
2024-05-06,44,"Lexington water tower","PM2.5","Davidson",35.8145,-80.2627
2024-05-12,36,"Lexington water tower","PM2.5","Davidson",35.8145,-80.2627
2024-05-18,32,"Lexington water tower","PM2.5","Davidson",35.8145,-80.2627
2024-05-24,37,"Lexington water tower","PM2.5","Davidson",35.8145,-80.2627
2024-06-05,44,"Lexington water tower","PM2.5","Davidson",35.8145,-80.2627
2024-06-11,42,"Lexington water tower","PM2.5","Davidson",35.8145,-80.2627
2024-06-17,55,"Lexington water tower","PM2.5","Davidson",35.8145,-80.2627
2024-06-23,52,"Lexington water tower","PM2.5","Davidson",35.8145,-80.2627
2024-07-05,58,"Lexington water tower","PM2.5","Davidson",35.8145,-80.2627
2024-07-11,26,"Lexington water tower","PM2.5","Davidson",35.8145,-80.2627
2024-07-17,51,"Lexington water tower","PM2.5","Davidson",35.8145,-80.2627
2024-07-23,34,"Lexington water tower","PM2.5","Davidson",35.8145,-80.2627
2024-07-29,49,"Lexington water tower","PM2.5","Davidson",35.8145,-80.2627
2024-08-04,44,"Lexington water tower","PM2.5","Davidson",35.8145,-80.2627
2024-08-10,54,"Lexington water tower","PM2.5","Davidson",35.8145,-80.2627
2024-08-16,58,"Lexington water tower","PM2.5","Davidson",35.8145,-80.2627
2024-08-28,70,"Lexington water tower","PM2.5","Davidson",35.8145,-80.2627
2024-09-03,21,"Lexington water tower","PM2.5","Davidson",35.8145,-80.2627
2024-09-09,38,"Lexington water tower","PM2.5","Davidson",35.8145,-80.2627
2024-09-21,52,"Lexington water tower","PM2.5","Davidson",35.8145,-80.2627
2024-09-27,24,"Lexington water tower","PM2.5","Davidson",35.8145,-80.2627
2024-10-03,35,"Lexington water tower","PM2.5","Davidson",35.8145,-80.2627
2024-10-09,49,"Lexington water tower","PM2.5","Davidson",35.8145,-80.2627
2024-10-15,17,"Lexington water tower","PM2.5","Davidson",35.8145,-80.2627
2024-10-21,55,"Lexington water tower","PM2.5","Davidson",35.8145,-80.2627
2024-10-27,38,"Lexington water tower","PM2.5","Davidson",35.8145,-80.2627
2024-11-02,42,"Lexington water tower","PM2.5","Davidson",35.8145,-80.2627
2024-11-08,37,"Lexington water tower","PM2.5","Davidson",35.8145,-80.2627
2024-11-14,33,"Lexington water tower","PM2.5","Davidson",35.8145,-80.2627
2024-12-08,54,"Lexington water tower","PM2.5","Davidson",35.8145,-80.2627
2024-12-14,52,"Lexington water tower","PM2.5","Davidson",35.8145,-80.2627
2024-12-20,31,"Lexington water tower","PM2.5","Davidson",35.8145,-80.2627
2024-01-01,51,"Lexington water tower","PM2.5","Davidson",35.8145,-80.2627
2024-01-02,41,"Lexington water tower","PM2.5","Davidson",35.8145,-80.2627
2024-01-03,64,"Lexington water tower","PM2.5","Davidson",35.8145,-80.2627
2024-01-04,36,"Lexington water tower","PM2.5","Davidson",35.8145,-80.2627
2024-01-05,48,"Lexington water tower","PM2.5","Davidson",35.8145,-80.2627
2024-01-06,30,"Lexington water tower","PM2.5","Davidson",35.8145,-80.2627
2024-01-07,17,"Lexington water tower","PM2.5","Davidson",35.8145,-80.2627
2024-01-08,31,"Lexington water tower","PM2.5","Davidson",35.8145,-80.2627
2024-01-09,13,"Lexington water tower","PM2.5","Davidson",35.8145,-80.2627
2024-01-10,17,"Lexington water tower","PM2.5","Davidson",35.8145,-80.2627
2024-01-11,54,"Lexington water tower","PM2.5","Davidson",35.8145,-80.2627
2024-01-12,54,"Lexington water tower","PM2.5","Davidson",35.8145,-80.2627
2024-01-13,26,"Lexington water tower","PM2.5","Davidson",35.8145,-80.2627
2024-01-14,38,"Lexington water tower","PM2.5","Davidson",35.8145,-80.2627
2024-01-15,33,"Lexington water tower","PM2.5","Davidson",35.8145,-80.2627
2024-01-16,36,"Lexington water tower","PM2.5","Davidson",35.8145,-80.2627
2024-01-17,32,"Lexington water tower","PM2.5","Davidson",35.8145,-80.2627
2024-01-18,58,"Lexington water tower","PM2.5","Davidson",35.8145,-80.2627
2024-01-19,37,"Lexington water tower","PM2.5","Davidson",35.8145,-80.2627
2024-01-20,25,"Lexington water tower","PM2.5","Davidson",35.8145,-80.2627
2024-01-21,32,"Lexington water tower","PM2.5","Davidson",35.8145,-80.2627
2024-01-22,66,"Lexington water tower","PM2.5","Davidson",35.8145,-80.2627
2024-01-23,83,"Lexington water tower","PM2.5","Davidson",35.8145,-80.2627
2024-01-24,74,"Lexington water tower","PM2.5","Davidson",35.8145,-80.2627
2024-01-25,0,"Lexington water tower","PM2.5","Davidson",35.8145,-80.2627
2024-01-26,16,"Lexington water tower","PM2.5","Davidson",35.8145,-80.2627
2024-01-27,31,"Lexington water tower","PM2.5","Davidson",35.8145,-80.2627
2024-01-28,4,"Lexington water tower","PM2.5","Davidson",35.8145,-80.2627
2024-01-29,0,"Lexington water tower","PM2.5","Davidson",35.8145,-80.2627
2024-01-30,35,"Lexington water tower","PM2.5","Davidson",35.8145,-80.2627
2024-01-31,38,"Lexington water tower","PM2.5","Davidson",35.8145,-80.2627
2024-02-01,24,"Lexington water tower","PM2.5","Davidson",35.8145,-80.2627
2024-02-02,47,"Lexington water tower","PM2.5","Davidson",35.8145,-80.2627
2024-02-03,38,"Lexington water tower","PM2.5","Davidson",35.8145,-80.2627
2024-02-04,53,"Lexington water tower","PM2.5","Davidson",35.8145,-80.2627
2024-02-05,33,"Lexington water tower","PM2.5","Davidson",35.8145,-80.2627
2024-02-06,37,"Lexington water tower","PM2.5","Davidson",35.8145,-80.2627
2024-02-07,41,"Lexington water tower","PM2.5","Davidson",35.8145,-80.2627
2024-02-08,62,"Lexington water tower","PM2.5","Davidson",35.8145,-80.2627
2024-02-09,68,"Lexington water tower","PM2.5","Davidson",35.8145,-80.2627
2024-02-10,60,"Lexington water tower","PM2.5","Davidson",35.8145,-80.2627
2024-02-11,34,"Lexington water tower","PM2.5","Davidson",35.8145,-80.2627
2024-02-12,14,"Lexington water tower","PM2.5","Davidson",35.8145,-80.2627
2024-02-13,8,"Lexington water tower","PM2.5","Davidson",35.8145,-80.2627
2024-02-14,26,"Lexington water tower","PM2.5","Davidson",35.8145,-80.2627
2024-02-15,52,"Lexington water tower","PM2.5","Davidson",35.8145,-80.2627
2024-02-16,34,"Lexington water tower","PM2.5","Davidson",35.8145,-80.2627
2024-02-17,32,"Lexington water tower","PM2.5","Davidson",35.8145,-80.2627
2024-02-18,34,"Lexington water tower","PM2.5","Davidson",35.8145,-80.2627
2024-02-19,42,"Lexington water tower","PM2.5","Davidson",35.8145,-80.2627
2024-02-20,57,"Lexington water tower","PM2.5","Davidson",35.8145,-80.2627
2024-02-21,60,"Lexington water tower","PM2.5","Davidson",35.8145,-80.2627
2024-02-22,73,"Lexington water tower","PM2.5","Davidson",35.8145,-80.2627
2024-02-23,71,"Lexington water tower","PM2.5","Davidson",35.8145,-80.2627
2024-02-24,21,"Lexington water tower","PM2.5","Davidson",35.8145,-80.2627
2024-02-25,20,"Lexington water tower","PM2.5","Davidson",35.8145,-80.2627
2024-02-26,54,"Lexington water tower","PM2.5","Davidson",35.8145,-80.2627
2024-02-27,62,"Lexington water tower","PM2.5","Davidson",35.8145,-80.2627
2024-02-28,49,"Lexington water tower","PM2.5","Davidson",35.8145,-80.2627
2024-02-29,22,"Lexington water tower","PM2.5","Davidson",35.8145,-80.2627
2024-03-01,50,"Lexington water tower","PM2.5","Davidson",35.8145,-80.2627
2024-03-02,22,"Lexington water tower","PM2.5","Davidson",35.8145,-80.2627
2024-03-03,47,"Lexington water tower","PM2.5","Davidson",35.8145,-80.2627
2024-03-04,43,"Lexington water tower","PM2.5","Davidson",35.8145,-80.2627
2024-03-05,36,"Lexington water tower","PM2.5","Davidson",35.8145,-80.2627
2024-03-06,44,"Lexington water tower","PM2.5","Davidson",35.8145,-80.2627
2024-03-07,16,"Lexington water tower","PM2.5","Davidson",35.8145,-80.2627
2024-03-08,28,"Lexington water tower","PM2.5","Davidson",35.8145,-80.2627
2024-03-09,2,"Lexington water tower","PM2.5","Davidson",35.8145,-80.2627
2024-03-10,3,"Lexington water tower","PM2.5","Davidson",35.8145,-80.2627
2024-03-11,3,"Lexington water tower","PM2.5","Davidson",35.8145,-80.2627
2024-03-12,38,"Lexington water tower","PM2.5","Davidson",35.8145,-80.2627
2024-03-13,53,"Lexington water tower","PM2.5","Davidson",35.8145,-80.2627
2024-03-14,62,"Lexington water tower","PM2.5","Davidson",35.8145,-80.2627
2024-03-15,89,"Lexington water tower","PM2.5","Davidson",35.8145,-80.2627
2024-03-16,42,"Lexington water tower","PM2.5","Davidson",35.8145,-80.2627
2024-03-17,29,"Lexington water tower","PM2.5","Davidson",35.8145,-80.2627
2024-03-18,13,"Lexington water tower","PM2.5","Davidson",35.8145,-80.2627
2024-03-19,14,"Lexington water tower","PM2.5","Davidson",35.8145,-80.2627
2024-03-20,39,"Lexington water tower","PM2.5","Davidson",35.8145,-80.2627
2024-03-21,28,"Lexington water tower","PM2.5","Davidson",35.8145,-80.2627
2024-03-22,57,"Lexington water tower","PM2.5","Davidson",35.8145,-80.2627
2024-03-23,16,"Lexington water tower","PM2.5","Davidson",35.8145,-80.2627
2024-03-24,19,"Lexington water tower","PM2.5","Davidson",35.8145,-80.2627
2024-03-25,34,"Lexington water tower","PM2.5","Davidson",35.8145,-80.2627
2024-03-26,43,"Lexington water tower","PM2.5","Davidson",35.8145,-80.2627
2024-03-27,16,"Lexington water tower","PM2.5","Davidson",35.8145,-80.2627
2024-03-28,8,"Lexington water tower","PM2.5","Davidson",35.8145,-80.2627
2024-03-29,21,"Lexington water tower","PM2.5","Davidson",35.8145,-80.2627
2024-03-30,39,"Lexington water tower","PM2.5","Davidson",35.8145,-80.2627
2024-03-31,44,"Lexington water tower","PM2.5","Davidson",35.8145,-80.2627
2024-04-01,56,"Lexington water tower","PM2.5","Davidson",35.8145,-80.2627
2024-04-02,56,"Lexington water tower","PM2.5","Davidson",35.8145,-80.2627
2024-04-03,26,"Lexington water tower","PM2.5","Davidson",35.8145,-80.2627
2024-04-04,4,"Lexington water tower","PM2.5","Davidson",35.8145,-80.2627
2024-04-09,54,"Lexington water tower","PM2.5","Davidson",35.8145,-80.2627
2024-04-10,53,"Lexington water tower","PM2.5","Davidson",35.8145,-80.2627
2024-04-11,20,"Lexington water tower","PM2.5","Davidson",35.8145,-80.2627
2024-04-12,12,"Lexington water tower","PM2.5","Davidson",35.8145,-80.2627
2024-04-13,23,"Lexington water tower","PM2.5","Davidson",35.8145,-80.2627
2024-04-14,45,"Lexington water tower","PM2.5","Davidson",35.8145,-80.2627
2024-04-15,54,"Lexington water tower","PM2.5","Davidson",35.8145,-80.2627
2024-04-16,61,"Lexington water tower","PM2.5","Davidson",35.8145,-80.2627
2024-04-17,63,"Lexington water tower","PM2.5","Davidson",35.8145,-80.2627
2024-04-18,36,"Lexington water tower","PM2.5","Davidson",35.8145,-80.2627
2024-04-19,59,"Lexington water tower","PM2.5","Davidson",35.8145,-80.2627
2024-04-20,55,"Lexington water tower","PM2.5","Davidson",35.8145,-80.2627
2024-04-21,24,"Lexington water tower","PM2.5","Davidson",35.8145,-80.2627
2024-04-22,34,"Lexington water tower","PM2.5","Davidson",35.8145,-80.2627
2024-04-23,47,"Lexington water tower","PM2.5","Davidson",35.8145,-80.2627
2024-04-24,50,"Lexington water tower","PM2.5","Davidson",35.8145,-80.2627
2024-04-25,39,"Lexington water tower","PM2.5","Davidson",35.8145,-80.2627
2024-04-26,50,"Lexington water tower","PM2.5","Davidson",35.8145,-80.2627
2024-04-27,49,"Lexington water tower","PM2.5","Davidson",35.8145,-80.2627
2024-04-28,39,"Lexington water tower","PM2.5","Davidson",35.8145,-80.2627
2024-04-29,43,"Lexington water tower","PM2.5","Davidson",35.8145,-80.2627
2024-04-30,39,"Lexington water tower","PM2.5","Davidson",35.8145,-80.2627
2024-05-01,29,"Lexington water tower","PM2.5","Davidson",35.8145,-80.2627
2024-05-02,50,"Lexington water tower","PM2.5","Davidson",35.8145,-80.2627
2024-05-03,57,"Lexington water tower","PM2.5","Davidson",35.8145,-80.2627
2024-05-04,60,"Lexington water tower","PM2.5","Davidson",35.8145,-80.2627
2024-05-05,12,"Lexington water tower","PM2.5","Davidson",35.8145,-80.2627
2024-05-06,42,"Lexington water tower","PM2.5","Davidson",35.8145,-80.2627
2024-05-07,31,"Lexington water tower","PM2.5","Davidson",35.8145,-80.2627
2024-05-08,56,"Lexington water tower","PM2.5","Davidson",35.8145,-80.2627
2024-05-09,6,"Lexington water tower","PM2.5","Davidson",35.8145,-80.2627
2024-05-10,22,"Lexington water tower","PM2.5","Davidson",35.8145,-80.2627
2024-05-11,21,"Lexington water tower","PM2.5","Davidson",35.8145,-80.2627
2024-05-12,37,"Lexington water tower","PM2.5","Davidson",35.8145,-80.2627
2024-05-13,39,"Lexington water tower","PM2.5","Davidson",35.8145,-80.2627
2024-05-14,24,"Lexington water tower","PM2.5","Davidson",35.8145,-80.2627
2024-05-15,11,"Lexington water tower","PM2.5","Davidson",35.8145,-80.2627
2024-05-16,19,"Lexington water tower","PM2.5","Davidson",35.8145,-80.2627
2024-05-17,37,"Lexington water tower","PM2.5","Davidson",35.8145,-80.2627
2024-05-18,34,"Lexington water tower","PM2.5","Davidson",35.8145,-80.2627
2024-05-19,14,"Lexington water tower","PM2.5","Davidson",35.8145,-80.2627
2024-05-20,32,"Lexington water tower","PM2.5","Davidson",35.8145,-80.2627
2024-05-21,43,"Lexington water tower","PM2.5","Davidson",35.8145,-80.2627
2024-05-22,52,"Lexington water tower","PM2.5","Davidson",35.8145,-80.2627
2024-05-23,55,"Lexington water tower","PM2.5","Davidson",35.8145,-80.2627
2024-05-24,27,"Lexington water tower","PM2.5","Davidson",35.8145,-80.2627
2024-05-25,40,"Lexington water tower","PM2.5","Davidson",35.8145,-80.2627
2024-05-26,49,"Lexington water tower","PM2.5","Davidson",35.8145,-80.2627
2024-05-27,32,"Lexington water tower","PM2.5","Davidson",35.8145,-80.2627
2024-05-28,32,"Lexington water tower","PM2.5","Davidson",35.8145,-80.2627
2024-05-29,27,"Lexington water tower","PM2.5","Davidson",35.8145,-80.2627
2024-05-30,26,"Lexington water tower","PM2.5","Davidson",35.8145,-80.2627
2024-05-31,41,"Lexington water tower","PM2.5","Davidson",35.8145,-80.2627
2024-06-01,51,"Lexington water tower","PM2.5","Davidson",35.8145,-80.2627
2024-06-02,44,"Lexington water tower","PM2.5","Davidson",35.8145,-80.2627
2024-06-03,48,"Lexington water tower","PM2.5","Davidson",35.8145,-80.2627
2024-06-04,51,"Lexington water tower","PM2.5","Davidson",35.8145,-80.2627
2024-06-05,48,"Lexington water tower","PM2.5","Davidson",35.8145,-80.2627
2024-06-06,30,"Lexington water tower","PM2.5","Davidson",35.8145,-80.2627
2024-06-07,27,"Lexington water tower","PM2.5","Davidson",35.8145,-80.2627
2024-06-08,38,"Lexington water tower","PM2.5","Davidson",35.8145,-80.2627
2024-06-09,47,"Lexington water tower","PM2.5","Davidson",35.8145,-80.2627
2024-06-10,28,"Lexington water tower","PM2.5","Davidson",35.8145,-80.2627
2024-06-11,40,"Lexington water tower","PM2.5","Davidson",35.8145,-80.2627
2024-06-12,53,"Lexington water tower","PM2.5","Davidson",35.8145,-80.2627
2024-06-13,56,"Lexington water tower","PM2.5","Davidson",35.8145,-80.2627
2024-06-14,58,"Lexington water tower","PM2.5","Davidson",35.8145,-80.2627
2024-06-15,55,"Lexington water tower","PM2.5","Davidson",35.8145,-80.2627
2024-06-16,52,"Lexington water tower","PM2.5","Davidson",35.8145,-80.2627
2024-06-17,53,"Lexington water tower","PM2.5","Davidson",35.8145,-80.2627
2024-06-18,51,"Lexington water tower","PM2.5","Davidson",35.8145,-80.2627
2024-06-19,41,"Lexington water tower","PM2.5","Davidson",35.8145,-80.2627
2024-06-20,44,"Lexington water tower","PM2.5","Davidson",35.8145,-80.2627
2024-06-21,52,"Lexington water tower","PM2.5","Davidson",35.8145,-80.2627
2024-06-22,36,"Lexington water tower","PM2.5","Davidson",35.8145,-80.2627
2024-06-23,38,"Lexington water tower","PM2.5","Davidson",35.8145,-80.2627
2024-06-24,33,"Lexington water tower","PM2.5","Davidson",35.8145,-80.2627
2024-06-25,33,"Lexington water tower","PM2.5","Davidson",35.8145,-80.2627
2024-06-26,60,"Lexington water tower","PM2.5","Davidson",35.8145,-80.2627
2024-06-27,56,"Lexington water tower","PM2.5","Davidson",35.8145,-80.2627
2024-06-28,47,"Lexington water tower","PM2.5","Davidson",35.8145,-80.2627
2024-06-29,36,"Lexington water tower","PM2.5","Davidson",35.8145,-80.2627
2024-06-30,48,"Lexington water tower","PM2.5","Davidson",35.8145,-80.2627
2024-07-01,37,"Lexington water tower","PM2.5","Davidson",35.8145,-80.2627
2024-07-02,26,"Lexington water tower","PM2.5","Davidson",35.8145,-80.2627
2024-07-03,51,"Lexington water tower","PM2.5","Davidson",35.8145,-80.2627
2024-07-04,57,"Lexington water tower","PM2.5","Davidson",35.8145,-80.2627
2024-07-05,61,"Lexington water tower","PM2.5","Davidson",35.8145,-80.2627
2024-07-06,34,"Lexington water tower","PM2.5","Davidson",35.8145,-80.2627
2024-07-07,32,"Lexington water tower","PM2.5","Davidson",35.8145,-80.2627
2024-07-08,31,"Lexington water tower","PM2.5","Davidson",35.8145,-80.2627
2024-07-09,43,"Lexington water tower","PM2.5","Davidson",35.8145,-80.2627
2024-07-10,35,"Lexington water tower","PM2.5","Davidson",35.8145,-80.2627
2024-07-11,23,"Lexington water tower","PM2.5","Davidson",35.8145,-80.2627
2024-07-12,37,"Lexington water tower","PM2.5","Davidson",35.8145,-80.2627
2024-07-13,28,"Lexington water tower","PM2.5","Davidson",35.8145,-80.2627
2024-07-14,54,"Lexington water tower","PM2.5","Davidson",35.8145,-80.2627
2024-07-15,57,"Lexington water tower","PM2.5","Davidson",35.8145,-80.2627
2024-07-16,54,"Lexington water tower","PM2.5","Davidson",35.8145,-80.2627
2024-07-17,48,"Lexington water tower","PM2.5","Davidson",35.8145,-80.2627
2024-07-18,40,"Lexington water tower","PM2.5","Davidson",35.8145,-80.2627
2024-07-19,30,"Lexington water tower","PM2.5","Davidson",35.8145,-80.2627
2024-07-20,23,"Lexington water tower","PM2.5","Davidson",35.8145,-80.2627
2024-07-21,21,"Lexington water tower","PM2.5","Davidson",35.8145,-80.2627
2024-07-22,15,"Lexington water tower","PM2.5","Davidson",35.8145,-80.2627
2024-07-23,36,"Lexington water tower","PM2.5","Davidson",35.8145,-80.2627
2024-07-24,33,"Lexington water tower","PM2.5","Davidson",35.8145,-80.2627
2024-07-25,16,"Lexington water tower","PM2.5","Davidson",35.8145,-80.2627
2024-07-26,42,"Lexington water tower","PM2.5","Davidson",35.8145,-80.2627
2024-07-27,57,"Lexington water tower","PM2.5","Davidson",35.8145,-80.2627
2024-07-28,60,"Lexington water tower","PM2.5","Davidson",35.8145,-80.2627
2024-07-29,47,"Lexington water tower","PM2.5","Davidson",35.8145,-80.2627
2024-07-30,32,"Lexington water tower","PM2.5","Davidson",35.8145,-80.2627
2024-07-31,31,"Lexington water tower","PM2.5","Davidson",35.8145,-80.2627
2024-08-01,33,"Lexington water tower","PM2.5","Davidson",35.8145,-80.2627
2024-08-02,51,"Lexington water tower","PM2.5","Davidson",35.8145,-80.2627
2024-08-03,58,"Lexington water tower","PM2.5","Davidson",35.8145,-80.2627
2024-08-04,48,"Lexington water tower","PM2.5","Davidson",35.8145,-80.2627
2024-08-05,42,"Lexington water tower","PM2.5","Davidson",35.8145,-80.2627
2024-08-06,16,"Lexington water tower","PM2.5","Davidson",35.8145,-80.2627
2024-08-07,11,"Lexington water tower","PM2.5","Davidson",35.8145,-80.2627
2024-08-08,0,"Lexington water tower","PM2.5","Davidson",35.8145,-80.2627
2024-08-09,19,"Lexington water tower","PM2.5","Davidson",35.8145,-80.2627
2024-08-10,37,"Lexington water tower","PM2.5","Davidson",35.8145,-80.2627
2024-08-11,52,"Lexington water tower","PM2.5","Davidson",35.8145,-80.2627
2024-08-12,55,"Lexington water tower","PM2.5","Davidson",35.8145,-80.2627
2024-08-13,51,"Lexington water tower","PM2.5","Davidson",35.8145,-80.2627
2024-08-14,52,"Lexington water tower","PM2.5","Davidson",35.8145,-80.2627
2024-08-15,47,"Lexington water tower","PM2.5","Davidson",35.8145,-80.2627
2024-08-16,58,"Lexington water tower","PM2.5","Davidson",35.8145,-80.2627
2024-08-17,50,"Lexington water tower","PM2.5","Davidson",35.8145,-80.2627
2024-08-18,36,"Lexington water tower","PM2.5","Davidson",35.8145,-80.2627
2024-08-19,24,"Lexington water tower","PM2.5","Davidson",35.8145,-80.2627
2024-08-20,47,"Lexington water tower","PM2.5","Davidson",35.8145,-80.2627
2024-08-21,39,"Lexington water tower","PM2.5","Davidson",35.8145,-80.2627
2024-08-22,51,"Lexington water tower","PM2.5","Davidson",35.8145,-80.2627
2024-08-23,46,"Lexington water tower","PM2.5","Davidson",35.8145,-80.2627
2024-08-24,56,"Lexington water tower","PM2.5","Davidson",35.8145,-80.2627
2024-08-25,55,"Lexington water tower","PM2.5","Davidson",35.8145,-80.2627
2024-08-26,60,"Lexington water tower","PM2.5","Davidson",35.8145,-80.2627
2024-08-27,65,"Lexington water tower","PM2.5","Davidson",35.8145,-80.2627
2024-08-28,68,"Lexington water tower","PM2.5","Davidson",35.8145,-80.2627
2024-08-29,61,"Lexington water tower","PM2.5","Davidson",35.8145,-80.2627
2024-08-30,53,"Lexington water tower","PM2.5","Davidson",35.8145,-80.2627
2024-08-31,46,"Lexington water tower","PM2.5","Davidson",35.8145,-80.2627
2024-09-01,33,"Lexington water tower","PM2.5","Davidson",35.8145,-80.2627
2024-09-02,31,"Lexington water tower","PM2.5","Davidson",35.8145,-80.2627
2024-09-03,18,"Lexington water tower","PM2.5","Davidson",35.8145,-80.2627
2024-09-04,26,"Lexington water tower","PM2.5","Davidson",35.8145,-80.2627
2024-09-05,26,"Lexington water tower","PM2.5","Davidson",35.8145,-80.2627
2024-09-06,37,"Lexington water tower","PM2.5","Davidson",35.8145,-80.2627
2024-09-07,38,"Lexington water tower","PM2.5","Davidson",35.8145,-80.2627
2024-09-08,22,"Lexington water tower","PM2.5","Davidson",35.8145,-80.2627
2024-09-09,41,"Lexington water tower","PM2.5","Davidson",35.8145,-80.2627
2024-09-10,38,"Lexington water tower","PM2.5","Davidson",35.8145,-80.2627
2024-09-11,44,"Lexington water tower","PM2.5","Davidson",35.8145,-80.2627
2024-09-12,47,"Lexington water tower","PM2.5","Davidson",35.8145,-80.2627
2024-09-13,34,"Lexington water tower","PM2.5","Davidson",35.8145,-80.2627
2024-09-14,26,"Lexington water tower","PM2.5","Davidson",35.8145,-80.2627
2024-09-15,23,"Lexington water tower","PM2.5","Davidson",35.8145,-80.2627
2024-09-16,28,"Lexington water tower","PM2.5","Davidson",35.8145,-80.2627
2024-09-17,9,"Lexington water tower","PM2.5","Davidson",35.8145,-80.2627
2024-09-18,41,"Lexington water tower","PM2.5","Davidson",35.8145,-80.2627
2024-09-19,11,"Lexington water tower","PM2.5","Davidson",35.8145,-80.2627
2024-09-20,25,"Lexington water tower","PM2.5","Davidson",35.8145,-80.2627
2024-09-21,52,"Lexington water tower","PM2.5","Davidson",35.8145,-80.2627
2024-09-22,51,"Lexington water tower","PM2.5","Davidson",35.8145,-80.2627
2024-09-23,51,"Lexington water tower","PM2.5","Davidson",35.8145,-80.2627
2024-09-24,57,"Lexington water tower","PM2.5","Davidson",35.8145,-80.2627
2024-09-25,34,"Lexington water tower","PM2.5","Davidson",35.8145,-80.2627
2024-09-26,19,"Lexington water tower","PM2.5","Davidson",35.8145,-80.2627
2024-09-27,18,"Lexington water tower","PM2.5","Davidson",35.8145,-80.2627
2024-09-28,54,"Lexington water tower","PM2.5","Davidson",35.8145,-80.2627
2024-09-29,56,"Lexington water tower","PM2.5","Davidson",35.8145,-80.2627
2024-09-30,57,"Lexington water tower","PM2.5","Davidson",35.8145,-80.2627
2024-10-01,23,"Lexington water tower","PM2.5","Davidson",35.8145,-80.2627
2024-10-02,16,"Lexington water tower","PM2.5","Davidson",35.8145,-80.2627
2024-10-03,36,"Lexington water tower","PM2.5","Davidson",35.8145,-80.2627
2024-10-04,39,"Lexington water tower","PM2.5","Davidson",35.8145,-80.2627
2024-10-05,45,"Lexington water tower","PM2.5","Davidson",35.8145,-80.2627
2024-10-06,55,"Lexington water tower","PM2.5","Davidson",35.8145,-80.2627
2024-10-07,56,"Lexington water tower","PM2.5","Davidson",35.8145,-80.2627
2024-10-08,52,"Lexington water tower","PM2.5","Davidson",35.8145,-80.2627
2024-10-09,52,"Lexington water tower","PM2.5","Davidson",35.8145,-80.2627
2024-10-10,28,"Lexington water tower","PM2.5","Davidson",35.8145,-80.2627
2024-10-11,36,"Lexington water tower","PM2.5","Davidson",35.8145,-80.2627
2024-10-12,52,"Lexington water tower","PM2.5","Davidson",35.8145,-80.2627
2024-10-13,58,"Lexington water tower","PM2.5","Davidson",35.8145,-80.2627
2024-10-14,43,"Lexington water tower","PM2.5","Davidson",35.8145,-80.2627
2024-10-15,18,"Lexington water tower","PM2.5","Davidson",35.8145,-80.2627
2024-10-16,12,"Lexington water tower","PM2.5","Davidson",35.8145,-80.2627
2024-10-17,30,"Lexington water tower","PM2.5","Davidson",35.8145,-80.2627
2024-10-18,53,"Lexington water tower","PM2.5","Davidson",35.8145,-80.2627
2024-10-19,55,"Lexington water tower","PM2.5","Davidson",35.8145,-80.2627
2024-10-20,57,"Lexington water tower","PM2.5","Davidson",35.8145,-80.2627
2024-10-21,55,"Lexington water tower","PM2.5","Davidson",35.8145,-80.2627
2024-10-22,58,"Lexington water tower","PM2.5","Davidson",35.8145,-80.2627
2024-10-23,58,"Lexington water tower","PM2.5","Davidson",35.8145,-80.2627
2024-10-24,56,"Lexington water tower","PM2.5","Davidson",35.8145,-80.2627
2024-10-25,61,"Lexington water tower","PM2.5","Davidson",35.8145,-80.2627
2024-10-26,63,"Lexington water tower","PM2.5","Davidson",35.8145,-80.2627
2024-10-27,40,"Lexington water tower","PM2.5","Davidson",35.8145,-80.2627
2024-10-28,56,"Lexington water tower","PM2.5","Davidson",35.8145,-80.2627
2024-10-29,59,"Lexington water tower","PM2.5","Davidson",35.8145,-80.2627
2024-10-30,55,"Lexington water tower","PM2.5","Davidson",35.8145,-80.2627
2024-10-31,52,"Lexington water tower","PM2.5","Davidson",35.8145,-80.2627
2024-11-01,48,"Lexington water tower","PM2.5","Davidson",35.8145,-80.2627
2024-11-02,44,"Lexington water tower","PM2.5","Davidson",35.8145,-80.2627
2024-11-03,54,"Lexington water tower","PM2.5","Davidson",35.8145,-80.2627
2024-11-04,51,"Lexington water tower","PM2.5","Davidson",35.8145,-80.2627
2024-11-05,48,"Lexington water tower","PM2.5","Davidson",35.8145,-80.2627
2024-11-06,51,"Lexington water tower","PM2.5","Davidson",35.8145,-80.2627
2024-11-07,33,"Lexington water tower","PM2.5","Davidson",35.8145,-80.2627
2024-11-08,32,"Lexington water tower","PM2.5","Davidson",35.8145,-80.2627
2024-11-09,43,"Lexington water tower","PM2.5","Davidson",35.8145,-80.2627
2024-11-10,50,"Lexington water tower","PM2.5","Davidson",35.8145,-80.2627
2024-11-11,53,"Lexington water tower","PM2.5","Davidson",35.8145,-80.2627
2024-11-12,36,"Lexington water tower","PM2.5","Davidson",35.8145,-80.2627
2024-11-13,38,"Lexington water tower","PM2.5","Davidson",35.8145,-80.2627
2024-11-14,43,"Lexington water tower","PM2.5","Davidson",35.8145,-80.2627
2024-11-15,33,"Lexington water tower","PM2.5","Davidson",35.8145,-80.2627
2024-11-16,38,"Lexington water tower","PM2.5","Davidson",35.8145,-80.2627
2024-11-17,69,"Lexington water tower","PM2.5","Davidson",35.8145,-80.2627
2024-11-18,67,"Lexington water tower","PM2.5","Davidson",35.8145,-80.2627
2024-11-19,67,"Lexington water tower","PM2.5","Davidson",35.8145,-80.2627
2024-11-20,46,"Lexington water tower","PM2.5","Davidson",35.8145,-80.2627
2024-11-21,24,"Lexington water tower","PM2.5","Davidson",35.8145,-80.2627
2024-11-22,19,"Lexington water tower","PM2.5","Davidson",35.8145,-80.2627
2024-11-23,23,"Lexington water tower","PM2.5","Davidson",35.8145,-80.2627
2024-11-24,55,"Lexington water tower","PM2.5","Davidson",35.8145,-80.2627
2024-11-25,63,"Lexington water tower","PM2.5","Davidson",35.8145,-80.2627
2024-11-26,46,"Lexington water tower","PM2.5","Davidson",35.8145,-80.2627
2024-11-27,53,"Lexington water tower","PM2.5","Davidson",35.8145,-80.2627
2024-11-28,51,"Lexington water tower","PM2.5","Davidson",35.8145,-80.2627
2024-11-29,31,"Lexington water tower","PM2.5","Davidson",35.8145,-80.2627
2024-12-03,42,"Lexington water tower","PM2.5","Davidson",35.8145,-80.2627
2024-12-04,56,"Lexington water tower","PM2.5","Davidson",35.8145,-80.2627
2024-12-05,54,"Lexington water tower","PM2.5","Davidson",35.8145,-80.2627
2024-12-06,43,"Lexington water tower","PM2.5","Davidson",35.8145,-80.2627
2024-12-07,58,"Lexington water tower","PM2.5","Davidson",35.8145,-80.2627
2024-12-08,62,"Lexington water tower","PM2.5","Davidson",35.8145,-80.2627
2024-12-09,59,"Lexington water tower","PM2.5","Davidson",35.8145,-80.2627
2024-12-10,55,"Lexington water tower","PM2.5","Davidson",35.8145,-80.2627
2024-12-11,24,"Lexington water tower","PM2.5","Davidson",35.8145,-80.2627
2024-12-12,42,"Lexington water tower","PM2.5","Davidson",35.8145,-80.2627
2024-12-13,60,"Lexington water tower","PM2.5","Davidson",35.8145,-80.2627
2024-12-14,55,"Lexington water tower","PM2.5","Davidson",35.8145,-80.2627
2024-12-15,50,"Lexington water tower","PM2.5","Davidson",35.8145,-80.2627
2024-12-16,48,"Lexington water tower","PM2.5","Davidson",35.8145,-80.2627
2024-12-17,57,"Lexington water tower","PM2.5","Davidson",35.8145,-80.2627
2024-12-18,56,"Lexington water tower","PM2.5","Davidson",35.8145,-80.2627
2024-12-19,25,"Lexington water tower","PM2.5","Davidson",35.8145,-80.2627
2024-12-20,40,"Lexington water tower","PM2.5","Davidson",35.8145,-80.2627
2024-12-21,20,"Lexington water tower","PM2.5","Davidson",35.8145,-80.2627
2024-12-22,44,"Lexington water tower","PM2.5","Davidson",35.8145,-80.2627
2024-12-23,61,"Lexington water tower","PM2.5","Davidson",35.8145,-80.2627
2024-12-24,73,"Lexington water tower","PM2.5","Davidson",35.8145,-80.2627
2024-12-25,56,"Lexington water tower","PM2.5","Davidson",35.8145,-80.2627
2024-12-26,63,"Lexington water tower","PM2.5","Davidson",35.8145,-80.2627
2024-12-27,61,"Lexington water tower","PM2.5","Davidson",35.8145,-80.2627
2024-12-28,41,"Lexington water tower","PM2.5","Davidson",35.8145,-80.2627
2024-12-29,29,"Lexington water tower","PM2.5","Davidson",35.8145,-80.2627
2024-12-30,46,"Lexington water tower","PM2.5","Davidson",35.8145,-80.2627
2024-12-31,53,"Lexington water tower","PM2.5","Davidson",35.8145,-80.2627
2024-01-01,61,"Durham Armory","PM2.5","Durham",36.0329550008979,-78.904037
2024-01-02,49,"Durham Armory","PM2.5","Durham",36.0329550008979,-78.904037
2024-01-03,59,"Durham Armory","PM2.5","Durham",36.0329550008979,-78.904037
2024-01-04,55,"Durham Armory","PM2.5","Durham",36.0329550008979,-78.904037
2024-01-05,58,"Durham Armory","PM2.5","Durham",36.0329550008979,-78.904037
2024-01-06,54,"Durham Armory","PM2.5","Durham",36.0329550008979,-78.904037
2024-01-07,42,"Durham Armory","PM2.5","Durham",36.0329550008979,-78.904037
2024-01-08,49,"Durham Armory","PM2.5","Durham",36.0329550008979,-78.904037
2024-01-09,36,"Durham Armory","PM2.5","Durham",36.0329550008979,-78.904037
2024-01-10,44,"Durham Armory","PM2.5","Durham",36.0329550008979,-78.904037
2024-01-11,58,"Durham Armory","PM2.5","Durham",36.0329550008979,-78.904037
2024-01-12,58,"Durham Armory","PM2.5","Durham",36.0329550008979,-78.904037
2024-01-13,44,"Durham Armory","PM2.5","Durham",36.0329550008979,-78.904037
2024-01-14,53,"Durham Armory","PM2.5","Durham",36.0329550008979,-78.904037
2024-01-15,52,"Durham Armory","PM2.5","Durham",36.0329550008979,-78.904037
2024-01-16,54,"Durham Armory","PM2.5","Durham",36.0329550008979,-78.904037
2024-01-17,55,"Durham Armory","PM2.5","Durham",36.0329550008979,-78.904037
2024-01-18,56,"Durham Armory","PM2.5","Durham",36.0329550008979,-78.904037
2024-01-19,60,"Durham Armory","PM2.5","Durham",36.0329550008979,-78.904037
2024-01-20,55,"Durham Armory","PM2.5","Durham",36.0329550008979,-78.904037
2024-01-21,55,"Durham Armory","PM2.5","Durham",36.0329550008979,-78.904037
2024-01-22,68,"Durham Armory","PM2.5","Durham",36.0329550008979,-78.904037
2024-01-23,75,"Durham Armory","PM2.5","Durham",36.0329550008979,-78.904037
2024-01-24,62,"Durham Armory","PM2.5","Durham",36.0329550008979,-78.904037
2024-01-25,17,"Durham Armory","PM2.5","Durham",36.0329550008979,-78.904037
2024-01-26,28,"Durham Armory","PM2.5","Durham",36.0329550008979,-78.904037
2024-01-27,42,"Durham Armory","PM2.5","Durham",36.0329550008979,-78.904037
2024-01-28,30,"Durham Armory","PM2.5","Durham",36.0329550008979,-78.904037
2024-01-29,32,"Durham Armory","PM2.5","Durham",36.0329550008979,-78.904037
2024-01-30,49,"Durham Armory","PM2.5","Durham",36.0329550008979,-78.904037
2024-01-31,53,"Durham Armory","PM2.5","Durham",36.0329550008979,-78.904037
2024-02-01,54,"Durham Armory","PM2.5","Durham",36.0329550008979,-78.904037
2024-02-02,56,"Durham Armory","PM2.5","Durham",36.0329550008979,-78.904037
2024-02-03,55,"Durham Armory","PM2.5","Durham",36.0329550008979,-78.904037
2024-02-04,54,"Durham Armory","PM2.5","Durham",36.0329550008979,-78.904037
2024-02-05,53,"Durham Armory","PM2.5","Durham",36.0329550008979,-78.904037
2024-02-06,54,"Durham Armory","PM2.5","Durham",36.0329550008979,-78.904037
2024-02-07,57,"Durham Armory","PM2.5","Durham",36.0329550008979,-78.904037
2024-02-08,58,"Durham Armory","PM2.5","Durham",36.0329550008979,-78.904037
2024-02-09,72,"Durham Armory","PM2.5","Durham",36.0329550008979,-78.904037
2024-02-10,63,"Durham Armory","PM2.5","Durham",36.0329550008979,-78.904037
2024-02-11,51,"Durham Armory","PM2.5","Durham",36.0329550008979,-78.904037
2024-02-12,41,"Durham Armory","PM2.5","Durham",36.0329550008979,-78.904037
2024-02-13,37,"Durham Armory","PM2.5","Durham",36.0329550008979,-78.904037
2024-02-14,55,"Durham Armory","PM2.5","Durham",36.0329550008979,-78.904037
2024-02-15,59,"Durham Armory","PM2.5","Durham",36.0329550008979,-78.904037
2024-02-16,55,"Durham Armory","PM2.5","Durham",36.0329550008979,-78.904037
2024-02-17,57,"Durham Armory","PM2.5","Durham",36.0329550008979,-78.904037
2024-02-18,57,"Durham Armory","PM2.5","Durham",36.0329550008979,-78.904037
2024-02-19,61,"Durham Armory","PM2.5","Durham",36.0329550008979,-78.904037
2024-02-20,61,"Durham Armory","PM2.5","Durham",36.0329550008979,-78.904037
2024-02-21,61,"Durham Armory","PM2.5","Durham",36.0329550008979,-78.904037
2024-02-22,80,"Durham Armory","PM2.5","Durham",36.0329550008979,-78.904037
2024-02-23,79,"Durham Armory","PM2.5","Durham",36.0329550008979,-78.904037
2024-02-24,57,"Durham Armory","PM2.5","Durham",36.0329550008979,-78.904037
2024-02-25,52,"Durham Armory","PM2.5","Durham",36.0329550008979,-78.904037
2024-02-26,66,"Durham Armory","PM2.5","Durham",36.0329550008979,-78.904037
2024-02-27,67,"Durham Armory","PM2.5","Durham",36.0329550008979,-78.904037
2024-02-28,58,"Durham Armory","PM2.5","Durham",36.0329550008979,-78.904037
2024-02-29,53,"Durham Armory","PM2.5","Durham",36.0329550008979,-78.904037
2024-03-01,56,"Durham Armory","PM2.5","Durham",36.0329550008979,-78.904037
2024-03-02,27,"Durham Armory","PM2.5","Durham",36.0329550008979,-78.904037
2024-03-03,44,"Durham Armory","PM2.5","Durham",36.0329550008979,-78.904037
2024-03-06,27,"Durham Armory","PM2.5","Durham",36.0329550008979,-78.904037
2024-03-07,32,"Durham Armory","PM2.5","Durham",36.0329550008979,-78.904037
2024-03-08,43,"Durham Armory","PM2.5","Durham",36.0329550008979,-78.904037
2024-03-09,18,"Durham Armory","PM2.5","Durham",36.0329550008979,-78.904037
2024-03-10,36,"Durham Armory","PM2.5","Durham",36.0329550008979,-78.904037
2024-03-11,51,"Durham Armory","PM2.5","Durham",36.0329550008979,-78.904037
2024-03-12,54,"Durham Armory","PM2.5","Durham",36.0329550008979,-78.904037
2024-03-13,59,"Durham Armory","PM2.5","Durham",36.0329550008979,-78.904037
2024-03-14,72,"Durham Armory","PM2.5","Durham",36.0329550008979,-78.904037
2024-03-15,89,"Durham Armory","PM2.5","Durham",36.0329550008979,-78.904037
2024-03-16,55,"Durham Armory","PM2.5","Durham",36.0329550008979,-78.904037
2024-03-17,52,"Durham Armory","PM2.5","Durham",36.0329550008979,-78.904037
2024-03-18,47,"Durham Armory","PM2.5","Durham",36.0329550008979,-78.904037
2024-03-19,55,"Durham Armory","PM2.5","Durham",36.0329550008979,-78.904037
2024-03-20,61,"Durham Armory","PM2.5","Durham",36.0329550008979,-78.904037
2024-03-23,23,"Durham Armory","PM2.5","Durham",36.0329550008979,-78.904037
2024-03-24,39,"Durham Armory","PM2.5","Durham",36.0329550008979,-78.904037
2024-03-25,51,"Durham Armory","PM2.5","Durham",36.0329550008979,-78.904037
2024-03-26,55,"Durham Armory","PM2.5","Durham",36.0329550008979,-78.904037
2024-03-27,45,"Durham Armory","PM2.5","Durham",36.0329550008979,-78.904037
2024-03-28,32,"Durham Armory","PM2.5","Durham",36.0329550008979,-78.904037
2024-03-29,50,"Durham Armory","PM2.5","Durham",36.0329550008979,-78.904037
2024-03-30,56,"Durham Armory","PM2.5","Durham",36.0329550008979,-78.904037
2024-03-31,56,"Durham Armory","PM2.5","Durham",36.0329550008979,-78.904037
2024-04-01,67,"Durham Armory","PM2.5","Durham",36.0329550008979,-78.904037
2024-04-02,69,"Durham Armory","PM2.5","Durham",36.0329550008979,-78.904037
2024-04-03,54,"Durham Armory","PM2.5","Durham",36.0329550008979,-78.904037
2024-04-05,31,"Durham Armory","PM2.5","Durham",36.0329550008979,-78.904037
2024-04-06,28,"Durham Armory","PM2.5","Durham",36.0329550008979,-78.904037
2024-04-07,32,"Durham Armory","PM2.5","Durham",36.0329550008979,-78.904037
2024-04-08,61,"Durham Armory","PM2.5","Durham",36.0329550008979,-78.904037
2024-04-09,58,"Durham Armory","PM2.5","Durham",36.0329550008979,-78.904037
2024-04-10,54,"Durham Armory","PM2.5","Durham",36.0329550008979,-78.904037
2024-04-11,29,"Durham Armory","PM2.5","Durham",36.0329550008979,-78.904037
2024-04-12,41,"Durham Armory","PM2.5","Durham",36.0329550008979,-78.904037
2024-04-13,36,"Durham Armory","PM2.5","Durham",36.0329550008979,-78.904037
2024-04-14,53,"Durham Armory","PM2.5","Durham",36.0329550008979,-78.904037
2024-04-15,57,"Durham Armory","PM2.5","Durham",36.0329550008979,-78.904037
2024-04-16,66,"Durham Armory","PM2.5","Durham",36.0329550008979,-78.904037
2024-04-17,71,"Durham Armory","PM2.5","Durham",36.0329550008979,-78.904037
2024-04-18,58,"Durham Armory","PM2.5","Durham",36.0329550008979,-78.904037
2024-04-19,62,"Durham Armory","PM2.5","Durham",36.0329550008979,-78.904037
2024-04-20,61,"Durham Armory","PM2.5","Durham",36.0329550008979,-78.904037
2024-04-21,52,"Durham Armory","PM2.5","Durham",36.0329550008979,-78.904037
2024-04-22,44,"Durham Armory","PM2.5","Durham",36.0329550008979,-78.904037
2024-04-23,52,"Durham Armory","PM2.5","Durham",36.0329550008979,-78.904037
2024-04-24,57,"Durham Armory","PM2.5","Durham",36.0329550008979,-78.904037
2024-04-25,55,"Durham Armory","PM2.5","Durham",36.0329550008979,-78.904037
2024-04-26,55,"Durham Armory","PM2.5","Durham",36.0329550008979,-78.904037
2024-04-27,57,"Durham Armory","PM2.5","Durham",36.0329550008979,-78.904037
2024-04-28,54,"Durham Armory","PM2.5","Durham",36.0329550008979,-78.904037
2024-04-29,58,"Durham Armory","PM2.5","Durham",36.0329550008979,-78.904037
2024-04-30,55,"Durham Armory","PM2.5","Durham",36.0329550008979,-78.904037
2024-05-01,51,"Durham Armory","PM2.5","Durham",36.0329550008979,-78.904037
2024-05-02,56,"Durham Armory","PM2.5","Durham",36.0329550008979,-78.904037
2024-05-03,71,"Durham Armory","PM2.5","Durham",36.0329550008979,-78.904037
2024-05-04,52,"Durham Armory","PM2.5","Durham",36.0329550008979,-78.904037
2024-05-05,31,"Durham Armory","PM2.5","Durham",36.0329550008979,-78.904037
2024-05-06,45,"Durham Armory","PM2.5","Durham",36.0329550008979,-78.904037
2024-05-07,46,"Durham Armory","PM2.5","Durham",36.0329550008979,-78.904037
2024-05-08,59,"Durham Armory","PM2.5","Durham",36.0329550008979,-78.904037
2024-05-09,39,"Durham Armory","PM2.5","Durham",36.0329550008979,-78.904037
2024-05-10,41,"Durham Armory","PM2.5","Durham",36.0329550008979,-78.904037
2024-05-11,38,"Durham Armory","PM2.5","Durham",36.0329550008979,-78.904037
2024-05-12,43,"Durham Armory","PM2.5","Durham",36.0329550008979,-78.904037
2024-05-13,50,"Durham Armory","PM2.5","Durham",36.0329550008979,-78.904037
2024-05-14,35,"Durham Armory","PM2.5","Durham",36.0329550008979,-78.904037
2024-05-15,28,"Durham Armory","PM2.5","Durham",36.0329550008979,-78.904037
2024-05-16,24,"Durham Armory","PM2.5","Durham",36.0329550008979,-78.904037
2024-05-17,48,"Durham Armory","PM2.5","Durham",36.0329550008979,-78.904037
2024-05-18,38,"Durham Armory","PM2.5","Durham",36.0329550008979,-78.904037
2024-05-19,36,"Durham Armory","PM2.5","Durham",36.0329550008979,-78.904037
2024-05-20,41,"Durham Armory","PM2.5","Durham",36.0329550008979,-78.904037
2024-05-21,49,"Durham Armory","PM2.5","Durham",36.0329550008979,-78.904037
2024-05-22,62,"Durham Armory","PM2.5","Durham",36.0329550008979,-78.904037
2024-05-23,60,"Durham Armory","PM2.5","Durham",36.0329550008979,-78.904037
2024-05-24,47,"Durham Armory","PM2.5","Durham",36.0329550008979,-78.904037
2024-05-25,46,"Durham Armory","PM2.5","Durham",36.0329550008979,-78.904037
2024-05-26,52,"Durham Armory","PM2.5","Durham",36.0329550008979,-78.904037
2024-05-27,46,"Durham Armory","PM2.5","Durham",36.0329550008979,-78.904037
2024-05-28,42,"Durham Armory","PM2.5","Durham",36.0329550008979,-78.904037
2024-05-29,39,"Durham Armory","PM2.5","Durham",36.0329550008979,-78.904037
2024-05-30,33,"Durham Armory","PM2.5","Durham",36.0329550008979,-78.904037
2024-05-31,44,"Durham Armory","PM2.5","Durham",36.0329550008979,-78.904037
2024-06-01,52,"Durham Armory","PM2.5","Durham",36.0329550008979,-78.904037
2024-06-02,53,"Durham Armory","PM2.5","Durham",36.0329550008979,-78.904037
2024-06-03,46,"Durham Armory","PM2.5","Durham",36.0329550008979,-78.904037
2024-06-04,51,"Durham Armory","PM2.5","Durham",36.0329550008979,-78.904037
2024-06-05,51,"Durham Armory","PM2.5","Durham",36.0329550008979,-78.904037
2024-06-06,43,"Durham Armory","PM2.5","Durham",36.0329550008979,-78.904037
2024-06-07,48,"Durham Armory","PM2.5","Durham",36.0329550008979,-78.904037
2024-06-08,51,"Durham Armory","PM2.5","Durham",36.0329550008979,-78.904037
2024-06-09,53,"Durham Armory","PM2.5","Durham",36.0329550008979,-78.904037
2024-06-10,38,"Durham Armory","PM2.5","Durham",36.0329550008979,-78.904037
2024-06-11,51,"Durham Armory","PM2.5","Durham",36.0329550008979,-78.904037
2024-06-12,55,"Durham Armory","PM2.5","Durham",36.0329550008979,-78.904037
2024-06-13,58,"Durham Armory","PM2.5","Durham",36.0329550008979,-78.904037
2024-06-14,59,"Durham Armory","PM2.5","Durham",36.0329550008979,-78.904037
2024-06-15,53,"Durham Armory","PM2.5","Durham",36.0329550008979,-78.904037
2024-06-16,54,"Durham Armory","PM2.5","Durham",36.0329550008979,-78.904037
2024-06-17,56,"Durham Armory","PM2.5","Durham",36.0329550008979,-78.904037
2024-06-18,50,"Durham Armory","PM2.5","Durham",36.0329550008979,-78.904037
2024-06-19,52,"Durham Armory","PM2.5","Durham",36.0329550008979,-78.904037
2024-06-20,49,"Durham Armory","PM2.5","Durham",36.0329550008979,-78.904037
2024-06-21,53,"Durham Armory","PM2.5","Durham",36.0329550008979,-78.904037
2024-06-22,34,"Durham Armory","PM2.5","Durham",36.0329550008979,-78.904037
2024-06-23,39,"Durham Armory","PM2.5","Durham",36.0329550008979,-78.904037
2024-06-24,51,"Durham Armory","PM2.5","Durham",36.0329550008979,-78.904037
2024-06-25,51,"Durham Armory","PM2.5","Durham",36.0329550008979,-78.904037
2024-06-26,58,"Durham Armory","PM2.5","Durham",36.0329550008979,-78.904037
2024-06-27,54,"Durham Armory","PM2.5","Durham",36.0329550008979,-78.904037
2024-06-28,53,"Durham Armory","PM2.5","Durham",36.0329550008979,-78.904037
2024-06-29,51,"Durham Armory","PM2.5","Durham",36.0329550008979,-78.904037
2024-06-30,44,"Durham Armory","PM2.5","Durham",36.0329550008979,-78.904037
2024-07-01,35,"Durham Armory","PM2.5","Durham",36.0329550008979,-78.904037
2024-07-02,44,"Durham Armory","PM2.5","Durham",36.0329550008979,-78.904037
2024-07-03,54,"Durham Armory","PM2.5","Durham",36.0329550008979,-78.904037
2024-07-04,56,"Durham Armory","PM2.5","Durham",36.0329550008979,-78.904037
2024-07-05,60,"Durham Armory","PM2.5","Durham",36.0329550008979,-78.904037
2024-07-06,44,"Durham Armory","PM2.5","Durham",36.0329550008979,-78.904037
2024-07-07,42,"Durham Armory","PM2.5","Durham",36.0329550008979,-78.904037
2024-07-08,40,"Durham Armory","PM2.5","Durham",36.0329550008979,-78.904037
2024-07-09,41,"Durham Armory","PM2.5","Durham",36.0329550008979,-78.904037
2024-07-10,51,"Durham Armory","PM2.5","Durham",36.0329550008979,-78.904037
2024-07-11,37,"Durham Armory","PM2.5","Durham",36.0329550008979,-78.904037
2024-07-12,21,"Durham Armory","PM2.5","Durham",36.0329550008979,-78.904037
2024-07-13,24,"Durham Armory","PM2.5","Durham",36.0329550008979,-78.904037
2024-07-14,56,"Durham Armory","PM2.5","Durham",36.0329550008979,-78.904037
2024-07-15,64,"Durham Armory","PM2.5","Durham",36.0329550008979,-78.904037
2024-07-16,63,"Durham Armory","PM2.5","Durham",36.0329550008979,-78.904037
2024-07-17,56,"Durham Armory","PM2.5","Durham",36.0329550008979,-78.904037
2024-07-18,49,"Durham Armory","PM2.5","Durham",36.0329550008979,-78.904037
2024-07-19,53,"Durham Armory","PM2.5","Durham",36.0329550008979,-78.904037
2024-07-20,33,"Durham Armory","PM2.5","Durham",36.0329550008979,-78.904037
2024-07-21,34,"Durham Armory","PM2.5","Durham",36.0329550008979,-78.904037
2024-07-22,22,"Durham Armory","PM2.5","Durham",36.0329550008979,-78.904037
2024-07-23,34,"Durham Armory","PM2.5","Durham",36.0329550008979,-78.904037
2024-07-24,23,"Durham Armory","PM2.5","Durham",36.0329550008979,-78.904037
2024-07-25,21,"Durham Armory","PM2.5","Durham",36.0329550008979,-78.904037
2024-07-26,47,"Durham Armory","PM2.5","Durham",36.0329550008979,-78.904037
2024-07-27,59,"Durham Armory","PM2.5","Durham",36.0329550008979,-78.904037
2024-07-28,56,"Durham Armory","PM2.5","Durham",36.0329550008979,-78.904037
2024-07-29,57,"Durham Armory","PM2.5","Durham",36.0329550008979,-78.904037
2024-07-30,55,"Durham Armory","PM2.5","Durham",36.0329550008979,-78.904037
2024-07-31,46,"Durham Armory","PM2.5","Durham",36.0329550008979,-78.904037
2024-08-01,52,"Durham Armory","PM2.5","Durham",36.0329550008979,-78.904037
2024-08-02,55,"Durham Armory","PM2.5","Durham",36.0329550008979,-78.904037
2024-08-03,57,"Durham Armory","PM2.5","Durham",36.0329550008979,-78.904037
2024-08-04,43,"Durham Armory","PM2.5","Durham",36.0329550008979,-78.904037
2024-08-05,36,"Durham Armory","PM2.5","Durham",36.0329550008979,-78.904037
2024-08-06,18,"Durham Armory","PM2.5","Durham",36.0329550008979,-78.904037
2024-08-07,18,"Durham Armory","PM2.5","Durham",36.0329550008979,-78.904037
2024-08-08,16,"Durham Armory","PM2.5","Durham",36.0329550008979,-78.904037
2024-08-09,21,"Durham Armory","PM2.5","Durham",36.0329550008979,-78.904037
2024-08-10,52,"Durham Armory","PM2.5","Durham",36.0329550008979,-78.904037
2024-08-11,53,"Durham Armory","PM2.5","Durham",36.0329550008979,-78.904037
2024-08-12,54,"Durham Armory","PM2.5","Durham",36.0329550008979,-78.904037
2024-08-13,57,"Durham Armory","PM2.5","Durham",36.0329550008979,-78.904037
2024-08-14,53,"Durham Armory","PM2.5","Durham",36.0329550008979,-78.904037
2024-08-15,55,"Durham Armory","PM2.5","Durham",36.0329550008979,-78.904037
2024-08-16,59,"Durham Armory","PM2.5","Durham",36.0329550008979,-78.904037
2024-08-17,62,"Durham Armory","PM2.5","Durham",36.0329550008979,-78.904037
2024-08-18,53,"Durham Armory","PM2.5","Durham",36.0329550008979,-78.904037
2024-08-19,31,"Durham Armory","PM2.5","Durham",36.0329550008979,-78.904037
2024-08-20,49,"Durham Armory","PM2.5","Durham",36.0329550008979,-78.904037
2024-08-21,52,"Durham Armory","PM2.5","Durham",36.0329550008979,-78.904037
2024-08-22,46,"Durham Armory","PM2.5","Durham",36.0329550008979,-78.904037
2024-08-23,54,"Durham Armory","PM2.5","Durham",36.0329550008979,-78.904037
2024-08-24,55,"Durham Armory","PM2.5","Durham",36.0329550008979,-78.904037
2024-08-25,57,"Durham Armory","PM2.5","Durham",36.0329550008979,-78.904037
2024-08-26,60,"Durham Armory","PM2.5","Durham",36.0329550008979,-78.904037
2024-08-27,69,"Durham Armory","PM2.5","Durham",36.0329550008979,-78.904037
2024-08-28,73,"Durham Armory","PM2.5","Durham",36.0329550008979,-78.904037
2024-08-29,66,"Durham Armory","PM2.5","Durham",36.0329550008979,-78.904037
2024-08-30,58,"Durham Armory","PM2.5","Durham",36.0329550008979,-78.904037
2024-08-31,51,"Durham Armory","PM2.5","Durham",36.0329550008979,-78.904037
2024-09-01,42,"Durham Armory","PM2.5","Durham",36.0329550008979,-78.904037
2024-09-02,42,"Durham Armory","PM2.5","Durham",36.0329550008979,-78.904037
2024-09-03,36,"Durham Armory","PM2.5","Durham",36.0329550008979,-78.904037
2024-09-04,39,"Durham Armory","PM2.5","Durham",36.0329550008979,-78.904037
2024-09-05,36,"Durham Armory","PM2.5","Durham",36.0329550008979,-78.904037
2024-09-06,47,"Durham Armory","PM2.5","Durham",36.0329550008979,-78.904037
2024-09-07,52,"Durham Armory","PM2.5","Durham",36.0329550008979,-78.904037
2024-09-08,40,"Durham Armory","PM2.5","Durham",36.0329550008979,-78.904037
2024-09-09,51,"Durham Armory","PM2.5","Durham",36.0329550008979,-78.904037
2024-09-10,52,"Durham Armory","PM2.5","Durham",36.0329550008979,-78.904037
2024-09-11,55,"Durham Armory","PM2.5","Durham",36.0329550008979,-78.904037
2024-09-12,56,"Durham Armory","PM2.5","Durham",36.0329550008979,-78.904037
2024-09-13,45,"Durham Armory","PM2.5","Durham",36.0329550008979,-78.904037
2024-09-14,34,"Durham Armory","PM2.5","Durham",36.0329550008979,-78.904037
2024-09-15,43,"Durham Armory","PM2.5","Durham",36.0329550008979,-78.904037
2024-09-16,38,"Durham Armory","PM2.5","Durham",36.0329550008979,-78.904037
2024-09-17,12,"Durham Armory","PM2.5","Durham",36.0329550008979,-78.904037
2024-09-18,28,"Durham Armory","PM2.5","Durham",36.0329550008979,-78.904037
2024-09-19,17,"Durham Armory","PM2.5","Durham",36.0329550008979,-78.904037
2024-09-20,38,"Durham Armory","PM2.5","Durham",36.0329550008979,-78.904037
2024-09-21,53,"Durham Armory","PM2.5","Durham",36.0329550008979,-78.904037
2024-09-22,43,"Durham Armory","PM2.5","Durham",36.0329550008979,-78.904037
2024-09-23,53,"Durham Armory","PM2.5","Durham",36.0329550008979,-78.904037
2024-09-24,56,"Durham Armory","PM2.5","Durham",36.0329550008979,-78.904037
2024-09-25,50,"Durham Armory","PM2.5","Durham",36.0329550008979,-78.904037
2024-09-26,30,"Durham Armory","PM2.5","Durham",36.0329550008979,-78.904037
2024-09-27,32,"Durham Armory","PM2.5","Durham",36.0329550008979,-78.904037
2024-09-28,54,"Durham Armory","PM2.5","Durham",36.0329550008979,-78.904037
2024-09-29,56,"Durham Armory","PM2.5","Durham",36.0329550008979,-78.904037
2024-09-30,57,"Durham Armory","PM2.5","Durham",36.0329550008979,-78.904037
2024-10-01,31,"Durham Armory","PM2.5","Durham",36.0329550008979,-78.904037
2024-10-02,33,"Durham Armory","PM2.5","Durham",36.0329550008979,-78.904037
2024-10-03,37,"Durham Armory","PM2.5","Durham",36.0329550008979,-78.904037
2024-10-04,52,"Durham Armory","PM2.5","Durham",36.0329550008979,-78.904037
2024-10-05,53,"Durham Armory","PM2.5","Durham",36.0329550008979,-78.904037
2024-10-06,57,"Durham Armory","PM2.5","Durham",36.0329550008979,-78.904037
2024-10-07,54,"Durham Armory","PM2.5","Durham",36.0329550008979,-78.904037
2024-10-08,53,"Durham Armory","PM2.5","Durham",36.0329550008979,-78.904037
2024-10-09,52,"Durham Armory","PM2.5","Durham",36.0329550008979,-78.904037
2024-10-10,48,"Durham Armory","PM2.5","Durham",36.0329550008979,-78.904037
2024-10-11,46,"Durham Armory","PM2.5","Durham",36.0329550008979,-78.904037
2024-10-12,55,"Durham Armory","PM2.5","Durham",36.0329550008979,-78.904037
2024-10-13,54,"Durham Armory","PM2.5","Durham",36.0329550008979,-78.904037
2024-10-19,44,"Durham Armory","PM2.5","Durham",36.0329550008979,-78.904037
2024-10-20,39,"Durham Armory","PM2.5","Durham",36.0329550008979,-78.904037
2024-10-24,52,"Durham Armory","PM2.5","Durham",36.0329550008979,-78.904037
2024-10-25,51,"Durham Armory","PM2.5","Durham",36.0329550008979,-78.904037
2024-10-26,49,"Durham Armory","PM2.5","Durham",36.0329550008979,-78.904037
2024-10-27,36,"Durham Armory","PM2.5","Durham",36.0329550008979,-78.904037
2024-10-28,47,"Durham Armory","PM2.5","Durham",36.0329550008979,-78.904037
2024-10-29,52,"Durham Armory","PM2.5","Durham",36.0329550008979,-78.904037
2024-10-30,48,"Durham Armory","PM2.5","Durham",36.0329550008979,-78.904037
2024-10-31,42,"Durham Armory","PM2.5","Durham",36.0329550008979,-78.904037
2024-11-01,26,"Durham Armory","PM2.5","Durham",36.0329550008979,-78.904037
2024-11-02,37,"Durham Armory","PM2.5","Durham",36.0329550008979,-78.904037
2024-11-03,44,"Durham Armory","PM2.5","Durham",36.0329550008979,-78.904037
2024-11-04,28,"Durham Armory","PM2.5","Durham",36.0329550008979,-78.904037
2024-11-05,41,"Durham Armory","PM2.5","Durham",36.0329550008979,-78.904037
2024-11-06,37,"Durham Armory","PM2.5","Durham",36.0329550008979,-78.904037
2024-11-07,52,"Durham Armory","PM2.5","Durham",36.0329550008979,-78.904037
2024-11-08,56,"Durham Armory","PM2.5","Durham",36.0329550008979,-78.904037
2024-11-09,42,"Durham Armory","PM2.5","Durham",36.0329550008979,-78.904037
2024-11-10,46,"Durham Armory","PM2.5","Durham",36.0329550008979,-78.904037
2024-11-11,42,"Durham Armory","PM2.5","Durham",36.0329550008979,-78.904037
2024-11-12,20,"Durham Armory","PM2.5","Durham",36.0329550008979,-78.904037
2024-11-13,19,"Durham Armory","PM2.5","Durham",36.0329550008979,-78.904037
2024-11-14,33,"Durham Armory","PM2.5","Durham",36.0329550008979,-78.904037
2024-11-15,21,"Durham Armory","PM2.5","Durham",36.0329550008979,-78.904037
2024-11-16,19,"Durham Armory","PM2.5","Durham",36.0329550008979,-78.904037
2024-11-17,51,"Durham Armory","PM2.5","Durham",36.0329550008979,-78.904037
2024-11-18,54,"Durham Armory","PM2.5","Durham",36.0329550008979,-78.904037
2024-11-19,60,"Durham Armory","PM2.5","Durham",36.0329550008979,-78.904037
2024-11-20,53,"Durham Armory","PM2.5","Durham",36.0329550008979,-78.904037
2024-11-22,17,"Durham Armory","PM2.5","Durham",36.0329550008979,-78.904037
2024-11-23,18,"Durham Armory","PM2.5","Durham",36.0329550008979,-78.904037
2024-11-24,42,"Durham Armory","PM2.5","Durham",36.0329550008979,-78.904037
2024-11-25,56,"Durham Armory","PM2.5","Durham",36.0329550008979,-78.904037
2024-11-26,55,"Durham Armory","PM2.5","Durham",36.0329550008979,-78.904037
2024-11-27,48,"Durham Armory","PM2.5","Durham",36.0329550008979,-78.904037
2024-11-28,53,"Durham Armory","PM2.5","Durham",36.0329550008979,-78.904037
2024-11-29,27,"Durham Armory","PM2.5","Durham",36.0329550008979,-78.904037
2024-11-30,35,"Durham Armory","PM2.5","Durham",36.0329550008979,-78.904037
2024-12-01,47,"Durham Armory","PM2.5","Durham",36.0329550008979,-78.904037
2024-12-02,31,"Durham Armory","PM2.5","Durham",36.0329550008979,-78.904037
2024-12-03,32,"Durham Armory","PM2.5","Durham",36.0329550008979,-78.904037
2024-12-04,51,"Durham Armory","PM2.5","Durham",36.0329550008979,-78.904037
2024-12-05,59,"Durham Armory","PM2.5","Durham",36.0329550008979,-78.904037
2024-12-06,46,"Durham Armory","PM2.5","Durham",36.0329550008979,-78.904037
2024-12-07,42,"Durham Armory","PM2.5","Durham",36.0329550008979,-78.904037
2024-12-08,57,"Durham Armory","PM2.5","Durham",36.0329550008979,-78.904037
2024-12-09,56,"Durham Armory","PM2.5","Durham",36.0329550008979,-78.904037
2024-12-10,57,"Durham Armory","PM2.5","Durham",36.0329550008979,-78.904037
2024-12-11,21,"Durham Armory","PM2.5","Durham",36.0329550008979,-78.904037
2024-12-12,47,"Durham Armory","PM2.5","Durham",36.0329550008979,-78.904037
2024-12-13,57,"Durham Armory","PM2.5","Durham",36.0329550008979,-78.904037
2024-12-14,55,"Durham Armory","PM2.5","Durham",36.0329550008979,-78.904037
2024-12-15,44,"Durham Armory","PM2.5","Durham",36.0329550008979,-78.904037
2024-12-16,47,"Durham Armory","PM2.5","Durham",36.0329550008979,-78.904037
2024-12-17,56,"Durham Armory","PM2.5","Durham",36.0329550008979,-78.904037
2024-12-18,53,"Durham Armory","PM2.5","Durham",36.0329550008979,-78.904037
2024-12-19,28,"Durham Armory","PM2.5","Durham",36.0329550008979,-78.904037
2024-12-20,48,"Durham Armory","PM2.5","Durham",36.0329550008979,-78.904037
2024-12-21,26,"Durham Armory","PM2.5","Durham",36.0329550008979,-78.904037
2024-12-22,44,"Durham Armory","PM2.5","Durham",36.0329550008979,-78.904037
2024-12-23,57,"Durham Armory","PM2.5","Durham",36.0329550008979,-78.904037
2024-12-24,58,"Durham Armory","PM2.5","Durham",36.0329550008979,-78.904037
2024-12-25,65,"Durham Armory","PM2.5","Durham",36.0329550008979,-78.904037
2024-12-26,57,"Durham Armory","PM2.5","Durham",36.0329550008979,-78.904037
2024-12-27,62,"Durham Armory","PM2.5","Durham",36.0329550008979,-78.904037
2024-12-28,57,"Durham Armory","PM2.5","Durham",36.0329550008979,-78.904037
2024-12-29,23,"Durham Armory","PM2.5","Durham",36.0329550008979,-78.904037
2024-12-30,39,"Durham Armory","PM2.5","Durham",36.0329550008979,-78.904037
2024-12-31,36,"Durham Armory","PM2.5","Durham",36.0329550008979,-78.904037
2024-01-01,38,"Leggett","PM2.5","Edgecombe",35.988278,-77.5843
2024-01-02,18,"Leggett","PM2.5","Edgecombe",35.988278,-77.5843
2024-01-03,41,"Leggett","PM2.5","Edgecombe",35.988278,-77.5843
2024-01-04,38,"Leggett","PM2.5","Edgecombe",35.988278,-77.5843
2024-01-05,21,"Leggett","PM2.5","Edgecombe",35.988278,-77.5843
2024-01-06,25,"Leggett","PM2.5","Edgecombe",35.988278,-77.5843
2024-01-07,11,"Leggett","PM2.5","Edgecombe",35.988278,-77.5843
2024-01-08,19,"Leggett","PM2.5","Edgecombe",35.988278,-77.5843
2024-01-09,38,"Leggett","PM2.5","Edgecombe",35.988278,-77.5843
2024-01-10,3,"Leggett","PM2.5","Edgecombe",35.988278,-77.5843
2024-01-11,33,"Leggett","PM2.5","Edgecombe",35.988278,-77.5843
2024-01-12,45,"Leggett","PM2.5","Edgecombe",35.988278,-77.5843
2024-01-13,0,"Leggett","PM2.5","Edgecombe",35.988278,-77.5843
2024-01-14,27,"Leggett","PM2.5","Edgecombe",35.988278,-77.5843
2024-01-15,22,"Leggett","PM2.5","Edgecombe",35.988278,-77.5843
2024-01-16,31,"Leggett","PM2.5","Edgecombe",35.988278,-77.5843
2024-01-17,19,"Leggett","PM2.5","Edgecombe",35.988278,-77.5843
2024-01-18,39,"Leggett","PM2.5","Edgecombe",35.988278,-77.5843
2024-01-19,27,"Leggett","PM2.5","Edgecombe",35.988278,-77.5843
2024-01-20,19,"Leggett","PM2.5","Edgecombe",35.988278,-77.5843
2024-01-25,17,"Leggett","PM2.5","Edgecombe",35.988278,-77.5843
2024-01-26,18,"Leggett","PM2.5","Edgecombe",35.988278,-77.5843
2024-01-27,19,"Leggett","PM2.5","Edgecombe",35.988278,-77.5843
2024-01-28,14,"Leggett","PM2.5","Edgecombe",35.988278,-77.5843
2024-01-29,8,"Leggett","PM2.5","Edgecombe",35.988278,-77.5843
2024-01-30,20,"Leggett","PM2.5","Edgecombe",35.988278,-77.5843
2024-01-31,21,"Leggett","PM2.5","Edgecombe",35.988278,-77.5843
2024-02-01,30,"Leggett","PM2.5","Edgecombe",35.988278,-77.5843
2024-02-02,31,"Leggett","PM2.5","Edgecombe",35.988278,-77.5843
2024-02-03,4,"Leggett","PM2.5","Edgecombe",35.988278,-77.5843
2024-02-04,27,"Leggett","PM2.5","Edgecombe",35.988278,-77.5843
2024-02-05,27,"Leggett","PM2.5","Edgecombe",35.988278,-77.5843
2024-02-06,19,"Leggett","PM2.5","Edgecombe",35.988278,-77.5843
2024-02-07,21,"Leggett","PM2.5","Edgecombe",35.988278,-77.5843
2024-02-08,17,"Leggett","PM2.5","Edgecombe",35.988278,-77.5843
2024-02-09,70,"Leggett","PM2.5","Edgecombe",35.988278,-77.5843
2024-02-10,61,"Leggett","PM2.5","Edgecombe",35.988278,-77.5843
2024-02-11,51,"Leggett","PM2.5","Edgecombe",35.988278,-77.5843
2024-02-12,19,"Leggett","PM2.5","Edgecombe",35.988278,-77.5843
2024-02-13,9,"Leggett","PM2.5","Edgecombe",35.988278,-77.5843
2024-02-14,16,"Leggett","PM2.5","Edgecombe",35.988278,-77.5843
2024-02-15,33,"Leggett","PM2.5","Edgecombe",35.988278,-77.5843
2024-02-16,30,"Leggett","PM2.5","Edgecombe",35.988278,-77.5843
2024-02-17,24,"Leggett","PM2.5","Edgecombe",35.988278,-77.5843
2024-02-18,22,"Leggett","PM2.5","Edgecombe",35.988278,-77.5843
2024-02-19,31,"Leggett","PM2.5","Edgecombe",35.988278,-77.5843
2024-02-20,33,"Leggett","PM2.5","Edgecombe",35.988278,-77.5843
2024-02-21,20,"Leggett","PM2.5","Edgecombe",35.988278,-77.5843
2024-02-22,55,"Leggett","PM2.5","Edgecombe",35.988278,-77.5843
2024-02-23,59,"Leggett","PM2.5","Edgecombe",35.988278,-77.5843
2024-02-24,38,"Leggett","PM2.5","Edgecombe",35.988278,-77.5843
2024-03-13,55,"Leggett","PM2.5","Edgecombe",35.988278,-77.5843
2024-03-14,59,"Leggett","PM2.5","Edgecombe",35.988278,-77.5843
2024-03-15,76,"Leggett","PM2.5","Edgecombe",35.988278,-77.5843
2024-03-16,37,"Leggett","PM2.5","Edgecombe",35.988278,-77.5843
2024-03-17,46,"Leggett","PM2.5","Edgecombe",35.988278,-77.5843
2024-03-18,13,"Leggett","PM2.5","Edgecombe",35.988278,-77.5843
2024-03-19,24,"Leggett","PM2.5","Edgecombe",35.988278,-77.5843
2024-03-20,46,"Leggett","PM2.5","Edgecombe",35.988278,-77.5843
2024-03-21,29,"Leggett","PM2.5","Edgecombe",35.988278,-77.5843
2024-03-22,46,"Leggett","PM2.5","Edgecombe",35.988278,-77.5843
2024-03-23,13,"Leggett","PM2.5","Edgecombe",35.988278,-77.5843
2024-03-24,16,"Leggett","PM2.5","Edgecombe",35.988278,-77.5843
2024-03-25,29,"Leggett","PM2.5","Edgecombe",35.988278,-77.5843
2024-03-26,37,"Leggett","PM2.5","Edgecombe",35.988278,-77.5843
2024-03-29,34,"Leggett","PM2.5","Edgecombe",35.988278,-77.5843
2024-03-30,51,"Leggett","PM2.5","Edgecombe",35.988278,-77.5843
2024-03-31,52,"Leggett","PM2.5","Edgecombe",35.988278,-77.5843
2024-04-01,56,"Leggett","PM2.5","Edgecombe",35.988278,-77.5843
2024-04-02,57,"Leggett","PM2.5","Edgecombe",35.988278,-77.5843
2024-04-03,42,"Leggett","PM2.5","Edgecombe",35.988278,-77.5843
2024-04-04,6,"Leggett","PM2.5","Edgecombe",35.988278,-77.5843
2024-04-05,4,"Leggett","PM2.5","Edgecombe",35.988278,-77.5843
2024-04-13,22,"Leggett","PM2.5","Edgecombe",35.988278,-77.5843
2024-04-14,33,"Leggett","PM2.5","Edgecombe",35.988278,-77.5843
2024-04-15,46,"Leggett","PM2.5","Edgecombe",35.988278,-77.5843
2024-04-16,38,"Leggett","PM2.5","Edgecombe",35.988278,-77.5843
2024-04-17,54,"Leggett","PM2.5","Edgecombe",35.988278,-77.5843
2024-04-18,39,"Leggett","PM2.5","Edgecombe",35.988278,-77.5843
2024-04-19,31,"Leggett","PM2.5","Edgecombe",35.988278,-77.5843
2024-04-20,46,"Leggett","PM2.5","Edgecombe",35.988278,-77.5843
2024-04-21,15,"Leggett","PM2.5","Edgecombe",35.988278,-77.5843
2024-04-22,27,"Leggett","PM2.5","Edgecombe",35.988278,-77.5843
2024-04-23,23,"Leggett","PM2.5","Edgecombe",35.988278,-77.5843
2024-04-24,44,"Leggett","PM2.5","Edgecombe",35.988278,-77.5843
2024-04-25,43,"Leggett","PM2.5","Edgecombe",35.988278,-77.5843
2024-04-26,38,"Leggett","PM2.5","Edgecombe",35.988278,-77.5843
2024-04-27,29,"Leggett","PM2.5","Edgecombe",35.988278,-77.5843
2024-04-28,53,"Leggett","PM2.5","Edgecombe",35.988278,-77.5843
2024-04-29,42,"Leggett","PM2.5","Edgecombe",35.988278,-77.5843
2024-04-30,39,"Leggett","PM2.5","Edgecombe",35.988278,-77.5843
2024-05-01,38,"Leggett","PM2.5","Edgecombe",35.988278,-77.5843
2024-05-02,39,"Leggett","PM2.5","Edgecombe",35.988278,-77.5843
2024-05-03,42,"Leggett","PM2.5","Edgecombe",35.988278,-77.5843
2024-05-04,34,"Leggett","PM2.5","Edgecombe",35.988278,-77.5843
2024-05-05,31,"Leggett","PM2.5","Edgecombe",35.988278,-77.5843
2024-05-06,36,"Leggett","PM2.5","Edgecombe",35.988278,-77.5843
2024-05-07,47,"Leggett","PM2.5","Edgecombe",35.988278,-77.5843
2024-05-08,54,"Leggett","PM2.5","Edgecombe",35.988278,-77.5843
2024-05-09,37,"Leggett","PM2.5","Edgecombe",35.988278,-77.5843
2024-05-10,28,"Leggett","PM2.5","Edgecombe",35.988278,-77.5843
2024-05-11,22,"Leggett","PM2.5","Edgecombe",35.988278,-77.5843
2024-05-12,29,"Leggett","PM2.5","Edgecombe",35.988278,-77.5843
2024-05-13,23,"Leggett","PM2.5","Edgecombe",35.988278,-77.5843
2024-05-14,33,"Leggett","PM2.5","Edgecombe",35.988278,-77.5843
2024-05-15,13,"Leggett","PM2.5","Edgecombe",35.988278,-77.5843
2024-05-16,22,"Leggett","PM2.5","Edgecombe",35.988278,-77.5843
2024-05-18,28,"Leggett","PM2.5","Edgecombe",35.988278,-77.5843
2024-05-19,37,"Leggett","PM2.5","Edgecombe",35.988278,-77.5843
2024-05-20,21,"Leggett","PM2.5","Edgecombe",35.988278,-77.5843
2024-05-21,20,"Leggett","PM2.5","Edgecombe",35.988278,-77.5843
2024-05-22,34,"Leggett","PM2.5","Edgecombe",35.988278,-77.5843
2024-05-23,45,"Leggett","PM2.5","Edgecombe",35.988278,-77.5843
2024-05-24,45,"Leggett","PM2.5","Edgecombe",35.988278,-77.5843
2024-05-25,42,"Leggett","PM2.5","Edgecombe",35.988278,-77.5843
2024-05-26,52,"Leggett","PM2.5","Edgecombe",35.988278,-77.5843
2024-05-27,47,"Leggett","PM2.5","Edgecombe",35.988278,-77.5843
2024-05-28,32,"Leggett","PM2.5","Edgecombe",35.988278,-77.5843
2024-05-29,39,"Leggett","PM2.5","Edgecombe",35.988278,-77.5843
2024-05-30,24,"Leggett","PM2.5","Edgecombe",35.988278,-77.5843
2024-05-31,28,"Leggett","PM2.5","Edgecombe",35.988278,-77.5843
2024-06-01,38,"Leggett","PM2.5","Edgecombe",35.988278,-77.5843
2024-06-02,53,"Leggett","PM2.5","Edgecombe",35.988278,-77.5843
2024-06-03,33,"Leggett","PM2.5","Edgecombe",35.988278,-77.5843
2024-06-04,52,"Leggett","PM2.5","Edgecombe",35.988278,-77.5843
2024-06-05,41,"Leggett","PM2.5","Edgecombe",35.988278,-77.5843
2024-06-06,34,"Leggett","PM2.5","Edgecombe",35.988278,-77.5843
2024-06-07,33,"Leggett","PM2.5","Edgecombe",35.988278,-77.5843
2024-06-08,44,"Leggett","PM2.5","Edgecombe",35.988278,-77.5843
2024-06-09,53,"Leggett","PM2.5","Edgecombe",35.988278,-77.5843
2024-06-10,32,"Leggett","PM2.5","Edgecombe",35.988278,-77.5843
2024-06-11,44,"Leggett","PM2.5","Edgecombe",35.988278,-77.5843
2024-06-12,44,"Leggett","PM2.5","Edgecombe",35.988278,-77.5843
2024-06-13,44,"Leggett","PM2.5","Edgecombe",35.988278,-77.5843
2024-06-14,55,"Leggett","PM2.5","Edgecombe",35.988278,-77.5843
2024-06-15,50,"Leggett","PM2.5","Edgecombe",35.988278,-77.5843
2024-06-16,37,"Leggett","PM2.5","Edgecombe",35.988278,-77.5843
2024-06-17,49,"Leggett","PM2.5","Edgecombe",35.988278,-77.5843
2024-06-18,39,"Leggett","PM2.5","Edgecombe",35.988278,-77.5843
2024-06-19,32,"Leggett","PM2.5","Edgecombe",35.988278,-77.5843
2024-06-20,28,"Leggett","PM2.5","Edgecombe",35.988278,-77.5843
2024-06-21,38,"Leggett","PM2.5","Edgecombe",35.988278,-77.5843
2024-06-22,37,"Leggett","PM2.5","Edgecombe",35.988278,-77.5843
2024-06-23,31,"Leggett","PM2.5","Edgecombe",35.988278,-77.5843
2024-06-24,50,"Leggett","PM2.5","Edgecombe",35.988278,-77.5843
2024-06-25,44,"Leggett","PM2.5","Edgecombe",35.988278,-77.5843
2024-06-26,33,"Leggett","PM2.5","Edgecombe",35.988278,-77.5843
2024-06-27,49,"Leggett","PM2.5","Edgecombe",35.988278,-77.5843
2024-06-28,41,"Leggett","PM2.5","Edgecombe",35.988278,-77.5843
2024-06-29,46,"Leggett","PM2.5","Edgecombe",35.988278,-77.5843
2024-06-30,39,"Leggett","PM2.5","Edgecombe",35.988278,-77.5843
2024-07-01,15,"Leggett","PM2.5","Edgecombe",35.988278,-77.5843
2024-07-02,30,"Leggett","PM2.5","Edgecombe",35.988278,-77.5843
2024-07-03,39,"Leggett","PM2.5","Edgecombe",35.988278,-77.5843
2024-07-04,42,"Leggett","PM2.5","Edgecombe",35.988278,-77.5843
2024-07-05,53,"Leggett","PM2.5","Edgecombe",35.988278,-77.5843
2024-07-06,51,"Leggett","PM2.5","Edgecombe",35.988278,-77.5843
2024-07-07,44,"Leggett","PM2.5","Edgecombe",35.988278,-77.5843
2024-07-10,21,"Leggett","PM2.5","Edgecombe",35.988278,-77.5843
2024-07-11,24,"Leggett","PM2.5","Edgecombe",35.988278,-77.5843
2024-07-12,11,"Leggett","PM2.5","Edgecombe",35.988278,-77.5843
2024-07-13,29,"Leggett","PM2.5","Edgecombe",35.988278,-77.5843
2024-07-14,53,"Leggett","PM2.5","Edgecombe",35.988278,-77.5843
2024-07-15,58,"Leggett","PM2.5","Edgecombe",35.988278,-77.5843
2024-07-16,60,"Leggett","PM2.5","Edgecombe",35.988278,-77.5843
2024-07-17,55,"Leggett","PM2.5","Edgecombe",35.988278,-77.5843
2024-07-18,40,"Leggett","PM2.5","Edgecombe",35.988278,-77.5843
2024-07-19,36,"Leggett","PM2.5","Edgecombe",35.988278,-77.5843
2024-07-20,31,"Leggett","PM2.5","Edgecombe",35.988278,-77.5843
2024-07-21,31,"Leggett","PM2.5","Edgecombe",35.988278,-77.5843
2024-07-22,18,"Leggett","PM2.5","Edgecombe",35.988278,-77.5843
2024-07-30,52,"Leggett","PM2.5","Edgecombe",35.988278,-77.5843
2024-07-31,46,"Leggett","PM2.5","Edgecombe",35.988278,-77.5843
2024-08-01,53,"Leggett","PM2.5","Edgecombe",35.988278,-77.5843
2024-08-02,57,"Leggett","PM2.5","Edgecombe",35.988278,-77.5843
2024-08-03,54,"Leggett","PM2.5","Edgecombe",35.988278,-77.5843
2024-08-04,31,"Leggett","PM2.5","Edgecombe",35.988278,-77.5843
2024-08-05,14,"Leggett","PM2.5","Edgecombe",35.988278,-77.5843
2024-08-06,12,"Leggett","PM2.5","Edgecombe",35.988278,-77.5843
2024-08-07,17,"Leggett","PM2.5","Edgecombe",35.988278,-77.5843
2024-08-08,27,"Leggett","PM2.5","Edgecombe",35.988278,-77.5843
2024-08-09,27,"Leggett","PM2.5","Edgecombe",35.988278,-77.5843
2024-08-10,47,"Leggett","PM2.5","Edgecombe",35.988278,-77.5843
2024-08-11,52,"Leggett","PM2.5","Edgecombe",35.988278,-77.5843
2024-08-12,52,"Leggett","PM2.5","Edgecombe",35.988278,-77.5843
2024-08-13,47,"Leggett","PM2.5","Edgecombe",35.988278,-77.5843
2024-08-14,39,"Leggett","PM2.5","Edgecombe",35.988278,-77.5843
2024-08-15,56,"Leggett","PM2.5","Edgecombe",35.988278,-77.5843
2024-08-16,63,"Leggett","PM2.5","Edgecombe",35.988278,-77.5843
2024-08-17,62,"Leggett","PM2.5","Edgecombe",35.988278,-77.5843
2024-08-18,55,"Leggett","PM2.5","Edgecombe",35.988278,-77.5843
2024-08-19,32,"Leggett","PM2.5","Edgecombe",35.988278,-77.5843
2024-08-20,32,"Leggett","PM2.5","Edgecombe",35.988278,-77.5843
2024-08-21,24,"Leggett","PM2.5","Edgecombe",35.988278,-77.5843
2024-08-22,24,"Leggett","PM2.5","Edgecombe",35.988278,-77.5843
2024-08-23,33,"Leggett","PM2.5","Edgecombe",35.988278,-77.5843
2024-08-24,32,"Leggett","PM2.5","Edgecombe",35.988278,-77.5843
2024-08-25,34,"Leggett","PM2.5","Edgecombe",35.988278,-77.5843
2024-08-26,48,"Leggett","PM2.5","Edgecombe",35.988278,-77.5843
2024-08-27,57,"Leggett","PM2.5","Edgecombe",35.988278,-77.5843
2024-08-28,64,"Leggett","PM2.5","Edgecombe",35.988278,-77.5843
2024-08-29,63,"Leggett","PM2.5","Edgecombe",35.988278,-77.5843
2024-08-30,34,"Leggett","PM2.5","Edgecombe",35.988278,-77.5843
2024-08-31,47,"Leggett","PM2.5","Edgecombe",35.988278,-77.5843
2024-09-01,47,"Leggett","PM2.5","Edgecombe",35.988278,-77.5843
2024-09-02,33,"Leggett","PM2.5","Edgecombe",35.988278,-77.5843
2024-09-03,21,"Leggett","PM2.5","Edgecombe",35.988278,-77.5843
2024-09-04,23,"Leggett","PM2.5","Edgecombe",35.988278,-77.5843
2024-09-05,23,"Leggett","PM2.5","Edgecombe",35.988278,-77.5843
2024-09-06,32,"Leggett","PM2.5","Edgecombe",35.988278,-77.5843
2024-09-07,31,"Leggett","PM2.5","Edgecombe",35.988278,-77.5843
2024-09-08,17,"Leggett","PM2.5","Edgecombe",35.988278,-77.5843
2024-09-09,10,"Leggett","PM2.5","Edgecombe",35.988278,-77.5843
2024-09-10,28,"Leggett","PM2.5","Edgecombe",35.988278,-77.5843
2024-09-11,30,"Leggett","PM2.5","Edgecombe",35.988278,-77.5843
2024-09-12,37,"Leggett","PM2.5","Edgecombe",35.988278,-77.5843
2024-09-13,27,"Leggett","PM2.5","Edgecombe",35.988278,-77.5843
2024-09-14,32,"Leggett","PM2.5","Edgecombe",35.988278,-77.5843
2024-09-15,37,"Leggett","PM2.5","Edgecombe",35.988278,-77.5843
2024-09-16,29,"Leggett","PM2.5","Edgecombe",35.988278,-77.5843
2024-09-17,8,"Leggett","PM2.5","Edgecombe",35.988278,-77.5843
2024-09-18,19,"Leggett","PM2.5","Edgecombe",35.988278,-77.5843
2024-09-19,22,"Leggett","PM2.5","Edgecombe",35.988278,-77.5843
2024-09-20,37,"Leggett","PM2.5","Edgecombe",35.988278,-77.5843
2024-09-21,23,"Leggett","PM2.5","Edgecombe",35.988278,-77.5843
2024-09-22,34,"Leggett","PM2.5","Edgecombe",35.988278,-77.5843
2024-09-23,23,"Leggett","PM2.5","Edgecombe",35.988278,-77.5843
2024-09-24,27,"Leggett","PM2.5","Edgecombe",35.988278,-77.5843
2024-09-25,29,"Leggett","PM2.5","Edgecombe",35.988278,-77.5843
2024-09-26,17,"Leggett","PM2.5","Edgecombe",35.988278,-77.5843
2024-09-27,19,"Leggett","PM2.5","Edgecombe",35.988278,-77.5843
2024-09-28,32,"Leggett","PM2.5","Edgecombe",35.988278,-77.5843
2024-10-01,19,"Leggett","PM2.5","Edgecombe",35.988278,-77.5843
2024-10-02,26,"Leggett","PM2.5","Edgecombe",35.988278,-77.5843
2024-10-03,16,"Leggett","PM2.5","Edgecombe",35.988278,-77.5843
2024-10-04,18,"Leggett","PM2.5","Edgecombe",35.988278,-77.5843
2024-10-05,46,"Leggett","PM2.5","Edgecombe",35.988278,-77.5843
2024-10-06,40,"Leggett","PM2.5","Edgecombe",35.988278,-77.5843
2024-10-07,42,"Leggett","PM2.5","Edgecombe",35.988278,-77.5843
2024-10-08,32,"Leggett","PM2.5","Edgecombe",35.988278,-77.5843
2024-10-09,26,"Leggett","PM2.5","Edgecombe",35.988278,-77.5843
2024-10-12,34,"Leggett","PM2.5","Edgecombe",35.988278,-77.5843
2024-10-13,47,"Leggett","PM2.5","Edgecombe",35.988278,-77.5843
2024-10-14,38,"Leggett","PM2.5","Edgecombe",35.988278,-77.5843
2024-10-15,16,"Leggett","PM2.5","Edgecombe",35.988278,-77.5843
2024-10-16,14,"Leggett","PM2.5","Edgecombe",35.988278,-77.5843
2024-10-17,19,"Leggett","PM2.5","Edgecombe",35.988278,-77.5843
2024-10-18,15,"Leggett","PM2.5","Edgecombe",35.988278,-77.5843
2024-10-19,27,"Leggett","PM2.5","Edgecombe",35.988278,-77.5843
2024-10-20,32,"Leggett","PM2.5","Edgecombe",35.988278,-77.5843
2024-10-21,28,"Leggett","PM2.5","Edgecombe",35.988278,-77.5843
2024-10-22,39,"Leggett","PM2.5","Edgecombe",35.988278,-77.5843
2024-10-23,46,"Leggett","PM2.5","Edgecombe",35.988278,-77.5843
2024-10-24,43,"Leggett","PM2.5","Edgecombe",35.988278,-77.5843
2024-10-25,34,"Leggett","PM2.5","Edgecombe",35.988278,-77.5843
2024-10-26,53,"Leggett","PM2.5","Edgecombe",35.988278,-77.5843
2024-10-27,36,"Leggett","PM2.5","Edgecombe",35.988278,-77.5843
2024-10-28,26,"Leggett","PM2.5","Edgecombe",35.988278,-77.5843
2024-10-29,34,"Leggett","PM2.5","Edgecombe",35.988278,-77.5843
2024-10-30,37,"Leggett","PM2.5","Edgecombe",35.988278,-77.5843
2024-10-31,32,"Leggett","PM2.5","Edgecombe",35.988278,-77.5843
2024-11-01,34,"Leggett","PM2.5","Edgecombe",35.988278,-77.5843
2024-11-02,35,"Leggett","PM2.5","Edgecombe",35.988278,-77.5843
2024-11-03,38,"Leggett","PM2.5","Edgecombe",35.988278,-77.5843
2024-11-04,28,"Leggett","PM2.5","Edgecombe",35.988278,-77.5843
2024-11-05,26,"Leggett","PM2.5","Edgecombe",35.988278,-77.5843
2024-11-06,35,"Leggett","PM2.5","Edgecombe",35.988278,-77.5843
2024-11-07,44,"Leggett","PM2.5","Edgecombe",35.988278,-77.5843
2024-11-08,57,"Leggett","PM2.5","Edgecombe",35.988278,-77.5843
2024-11-09,26,"Leggett","PM2.5","Edgecombe",35.988278,-77.5843
2024-11-10,31,"Leggett","PM2.5","Edgecombe",35.988278,-77.5843
2024-11-11,29,"Leggett","PM2.5","Edgecombe",35.988278,-77.5843
2024-11-12,22,"Leggett","PM2.5","Edgecombe",35.988278,-77.5843
2024-11-13,27,"Leggett","PM2.5","Edgecombe",35.988278,-77.5843
2024-11-14,21,"Leggett","PM2.5","Edgecombe",35.988278,-77.5843
2024-11-15,7,"Leggett","PM2.5","Edgecombe",35.988278,-77.5843
2024-11-16,13,"Leggett","PM2.5","Edgecombe",35.988278,-77.5843
2024-11-17,27,"Leggett","PM2.5","Edgecombe",35.988278,-77.5843
2024-11-20,48,"Leggett","PM2.5","Edgecombe",35.988278,-77.5843
2024-11-21,9,"Leggett","PM2.5","Edgecombe",35.988278,-77.5843
2024-11-22,11,"Leggett","PM2.5","Edgecombe",35.988278,-77.5843
2024-11-23,6,"Leggett","PM2.5","Edgecombe",35.988278,-77.5843
2024-11-24,20,"Leggett","PM2.5","Edgecombe",35.988278,-77.5843
2024-11-25,44,"Leggett","PM2.5","Edgecombe",35.988278,-77.5843
2024-11-26,41,"Leggett","PM2.5","Edgecombe",35.988278,-77.5843
2024-11-27,24,"Leggett","PM2.5","Edgecombe",35.988278,-77.5843
2024-11-28,30,"Leggett","PM2.5","Edgecombe",35.988278,-77.5843
2024-11-29,15,"Leggett","PM2.5","Edgecombe",35.988278,-77.5843
2024-11-30,19,"Leggett","PM2.5","Edgecombe",35.988278,-77.5843
2024-12-01,29,"Leggett","PM2.5","Edgecombe",35.988278,-77.5843
2024-12-02,17,"Leggett","PM2.5","Edgecombe",35.988278,-77.5843
2024-12-03,17,"Leggett","PM2.5","Edgecombe",35.988278,-77.5843
2024-12-04,42,"Leggett","PM2.5","Edgecombe",35.988278,-77.5843
2024-12-05,44,"Leggett","PM2.5","Edgecombe",35.988278,-77.5843
2024-12-06,11,"Leggett","PM2.5","Edgecombe",35.988278,-77.5843
2024-12-07,24,"Leggett","PM2.5","Edgecombe",35.988278,-77.5843
2024-12-08,53,"Leggett","PM2.5","Edgecombe",35.988278,-77.5843
2024-12-09,47,"Leggett","PM2.5","Edgecombe",35.988278,-77.5843
2024-12-10,57,"Leggett","PM2.5","Edgecombe",35.988278,-77.5843
2024-12-11,18,"Leggett","PM2.5","Edgecombe",35.988278,-77.5843
2024-12-12,22,"Leggett","PM2.5","Edgecombe",35.988278,-77.5843
2024-12-13,33,"Leggett","PM2.5","Edgecombe",35.988278,-77.5843
2024-12-14,34,"Leggett","PM2.5","Edgecombe",35.988278,-77.5843
2024-12-15,26,"Leggett","PM2.5","Edgecombe",35.988278,-77.5843
2024-12-16,23,"Leggett","PM2.5","Edgecombe",35.988278,-77.5843
2024-12-17,34,"Leggett","PM2.5","Edgecombe",35.988278,-77.5843
2024-12-18,49,"Leggett","PM2.5","Edgecombe",35.988278,-77.5843
2024-12-19,12,"Leggett","PM2.5","Edgecombe",35.988278,-77.5843
2024-12-20,24,"Leggett","PM2.5","Edgecombe",35.988278,-77.5843
2024-12-21,15,"Leggett","PM2.5","Edgecombe",35.988278,-77.5843
2024-12-22,15,"Leggett","PM2.5","Edgecombe",35.988278,-77.5843
2024-12-23,21,"Leggett","PM2.5","Edgecombe",35.988278,-77.5843
2024-12-24,26,"Leggett","PM2.5","Edgecombe",35.988278,-77.5843
2024-12-25,32,"Leggett","PM2.5","Edgecombe",35.988278,-77.5843
2024-12-26,48,"Leggett","PM2.5","Edgecombe",35.988278,-77.5843
2024-12-27,52,"Leggett","PM2.5","Edgecombe",35.988278,-77.5843
2024-12-28,25,"Leggett","PM2.5","Edgecombe",35.988278,-77.5843
2024-12-29,12,"Leggett","PM2.5","Edgecombe",35.988278,-77.5843
2024-12-30,9,"Leggett","PM2.5","Edgecombe",35.988278,-77.5843
2024-12-31,21,"Leggett","PM2.5","Edgecombe",35.988278,-77.5843
2024-01-01,48,"Hattie Avenue","PM2.5","Forsyth",36.11094,-80.224501
2024-01-04,24,"Hattie Avenue","PM2.5","Forsyth",36.11094,-80.224501
2024-01-07,18,"Hattie Avenue","PM2.5","Forsyth",36.11094,-80.224501
2024-01-10,20,"Hattie Avenue","PM2.5","Forsyth",36.11094,-80.224501
2024-01-13,20,"Hattie Avenue","PM2.5","Forsyth",36.11094,-80.224501
2024-01-16,28,"Hattie Avenue","PM2.5","Forsyth",36.11094,-80.224501
2024-01-19,32,"Hattie Avenue","PM2.5","Forsyth",36.11094,-80.224501
2024-01-25,12,"Hattie Avenue","PM2.5","Forsyth",36.11094,-80.224501
2024-01-28,4,"Hattie Avenue","PM2.5","Forsyth",36.11094,-80.224501
2024-01-31,32,"Hattie Avenue","PM2.5","Forsyth",36.11094,-80.224501
2024-02-03,27,"Hattie Avenue","PM2.5","Forsyth",36.11094,-80.224501
2024-02-06,33,"Hattie Avenue","PM2.5","Forsyth",36.11094,-80.224501
2024-02-09,64,"Hattie Avenue","PM2.5","Forsyth",36.11094,-80.224501
2024-02-12,19,"Hattie Avenue","PM2.5","Forsyth",36.11094,-80.224501
2024-02-15,37,"Hattie Avenue","PM2.5","Forsyth",36.11094,-80.224501
2024-02-18,23,"Hattie Avenue","PM2.5","Forsyth",36.11094,-80.224501
2024-02-24,20,"Hattie Avenue","PM2.5","Forsyth",36.11094,-80.224501
2024-02-27,63,"Hattie Avenue","PM2.5","Forsyth",36.11094,-80.224501
2024-03-01,39,"Hattie Avenue","PM2.5","Forsyth",36.11094,-80.224501
2024-03-04,51,"Hattie Avenue","PM2.5","Forsyth",36.11094,-80.224501
2024-03-07,18,"Hattie Avenue","PM2.5","Forsyth",36.11094,-80.224501
2024-03-10,8,"Hattie Avenue","PM2.5","Forsyth",36.11094,-80.224501
2024-03-13,49,"Hattie Avenue","PM2.5","Forsyth",36.11094,-80.224501
2024-03-28,19,"Hattie Avenue","PM2.5","Forsyth",36.11094,-80.224501
2024-03-31,50,"Hattie Avenue","PM2.5","Forsyth",36.11094,-80.224501
2024-04-03,40,"Hattie Avenue","PM2.5","Forsyth",36.11094,-80.224501
2024-04-06,14,"Hattie Avenue","PM2.5","Forsyth",36.11094,-80.224501
2024-04-09,52,"Hattie Avenue","PM2.5","Forsyth",36.11094,-80.224501
2024-04-12,18,"Hattie Avenue","PM2.5","Forsyth",36.11094,-80.224501
2024-04-15,54,"Hattie Avenue","PM2.5","Forsyth",36.11094,-80.224501
2024-04-18,44,"Hattie Avenue","PM2.5","Forsyth",36.11094,-80.224501
2024-04-21,26,"Hattie Avenue","PM2.5","Forsyth",36.11094,-80.224501
2024-04-24,43,"Hattie Avenue","PM2.5","Forsyth",36.11094,-80.224501
2024-04-27,49,"Hattie Avenue","PM2.5","Forsyth",36.11094,-80.224501
2024-04-30,41,"Hattie Avenue","PM2.5","Forsyth",36.11094,-80.224501
2024-05-03,56,"Hattie Avenue","PM2.5","Forsyth",36.11094,-80.224501
2024-05-06,41,"Hattie Avenue","PM2.5","Forsyth",36.11094,-80.224501
2024-05-09,27,"Hattie Avenue","PM2.5","Forsyth",36.11094,-80.224501
2024-05-12,39,"Hattie Avenue","PM2.5","Forsyth",36.11094,-80.224501
2024-05-15,27,"Hattie Avenue","PM2.5","Forsyth",36.11094,-80.224501
2024-05-18,38,"Hattie Avenue","PM2.5","Forsyth",36.11094,-80.224501
2024-05-21,43,"Hattie Avenue","PM2.5","Forsyth",36.11094,-80.224501
2024-05-24,30,"Hattie Avenue","PM2.5","Forsyth",36.11094,-80.224501
2024-05-27,48,"Hattie Avenue","PM2.5","Forsyth",36.11094,-80.224501
2024-05-30,26,"Hattie Avenue","PM2.5","Forsyth",36.11094,-80.224501
2024-06-02,44,"Hattie Avenue","PM2.5","Forsyth",36.11094,-80.224501
2024-06-05,49,"Hattie Avenue","PM2.5","Forsyth",36.11094,-80.224501
2024-06-08,39,"Hattie Avenue","PM2.5","Forsyth",36.11094,-80.224501
2024-06-11,47,"Hattie Avenue","PM2.5","Forsyth",36.11094,-80.224501
2024-06-14,58,"Hattie Avenue","PM2.5","Forsyth",36.11094,-80.224501
2024-06-17,56,"Hattie Avenue","PM2.5","Forsyth",36.11094,-80.224501
2024-06-20,43,"Hattie Avenue","PM2.5","Forsyth",36.11094,-80.224501
2024-06-23,46,"Hattie Avenue","PM2.5","Forsyth",36.11094,-80.224501
2024-06-26,60,"Hattie Avenue","PM2.5","Forsyth",36.11094,-80.224501
2024-06-29,49,"Hattie Avenue","PM2.5","Forsyth",36.11094,-80.224501
2024-07-02,25,"Hattie Avenue","PM2.5","Forsyth",36.11094,-80.224501
2024-07-05,57,"Hattie Avenue","PM2.5","Forsyth",36.11094,-80.224501
2024-07-08,47,"Hattie Avenue","PM2.5","Forsyth",36.11094,-80.224501
2024-07-11,26,"Hattie Avenue","PM2.5","Forsyth",36.11094,-80.224501
2024-07-14,56,"Hattie Avenue","PM2.5","Forsyth",36.11094,-80.224501
2024-07-17,52,"Hattie Avenue","PM2.5","Forsyth",36.11094,-80.224501
2024-07-20,23,"Hattie Avenue","PM2.5","Forsyth",36.11094,-80.224501
2024-07-23,31,"Hattie Avenue","PM2.5","Forsyth",36.11094,-80.224501
2024-07-26,47,"Hattie Avenue","PM2.5","Forsyth",36.11094,-80.224501
2024-07-29,55,"Hattie Avenue","PM2.5","Forsyth",36.11094,-80.224501
2024-08-01,39,"Hattie Avenue","PM2.5","Forsyth",36.11094,-80.224501
2024-08-04,37,"Hattie Avenue","PM2.5","Forsyth",36.11094,-80.224501
2024-08-07,37,"Hattie Avenue","PM2.5","Forsyth",36.11094,-80.224501
2024-08-10,55,"Hattie Avenue","PM2.5","Forsyth",36.11094,-80.224501
2024-08-13,42,"Hattie Avenue","PM2.5","Forsyth",36.11094,-80.224501
2024-08-16,57,"Hattie Avenue","PM2.5","Forsyth",36.11094,-80.224501
2024-08-19,26,"Hattie Avenue","PM2.5","Forsyth",36.11094,-80.224501
2024-08-22,54,"Hattie Avenue","PM2.5","Forsyth",36.11094,-80.224501
2024-08-25,56,"Hattie Avenue","PM2.5","Forsyth",36.11094,-80.224501
2024-08-28,67,"Hattie Avenue","PM2.5","Forsyth",36.11094,-80.224501
2024-08-31,54,"Hattie Avenue","PM2.5","Forsyth",36.11094,-80.224501
2024-09-03,21,"Hattie Avenue","PM2.5","Forsyth",36.11094,-80.224501
2024-09-06,34,"Hattie Avenue","PM2.5","Forsyth",36.11094,-80.224501
2024-09-09,37,"Hattie Avenue","PM2.5","Forsyth",36.11094,-80.224501
2024-09-12,47,"Hattie Avenue","PM2.5","Forsyth",36.11094,-80.224501
2024-09-15,34,"Hattie Avenue","PM2.5","Forsyth",36.11094,-80.224501
2024-09-18,30,"Hattie Avenue","PM2.5","Forsyth",36.11094,-80.224501
2024-09-21,52,"Hattie Avenue","PM2.5","Forsyth",36.11094,-80.224501
2024-09-24,55,"Hattie Avenue","PM2.5","Forsyth",36.11094,-80.224501
2024-09-27,23,"Hattie Avenue","PM2.5","Forsyth",36.11094,-80.224501
2024-09-30,59,"Hattie Avenue","PM2.5","Forsyth",36.11094,-80.224501
2024-10-03,45,"Hattie Avenue","PM2.5","Forsyth",36.11094,-80.224501
2024-10-06,57,"Hattie Avenue","PM2.5","Forsyth",36.11094,-80.224501
2024-10-09,37,"Hattie Avenue","PM2.5","Forsyth",36.11094,-80.224501
2024-10-15,30,"Hattie Avenue","PM2.5","Forsyth",36.11094,-80.224501
2024-10-18,30,"Hattie Avenue","PM2.5","Forsyth",36.11094,-80.224501
2024-10-21,44,"Hattie Avenue","PM2.5","Forsyth",36.11094,-80.224501
2024-10-24,52,"Hattie Avenue","PM2.5","Forsyth",36.11094,-80.224501
2024-10-27,35,"Hattie Avenue","PM2.5","Forsyth",36.11094,-80.224501
2024-11-02,44,"Hattie Avenue","PM2.5","Forsyth",36.11094,-80.224501
2024-11-05,41,"Hattie Avenue","PM2.5","Forsyth",36.11094,-80.224501
2024-11-08,53,"Hattie Avenue","PM2.5","Forsyth",36.11094,-80.224501
2024-11-11,35,"Hattie Avenue","PM2.5","Forsyth",36.11094,-80.224501
2024-11-14,21,"Hattie Avenue","PM2.5","Forsyth",36.11094,-80.224501
2024-11-17,51,"Hattie Avenue","PM2.5","Forsyth",36.11094,-80.224501
2024-11-20,37,"Hattie Avenue","PM2.5","Forsyth",36.11094,-80.224501
2024-11-23,8,"Hattie Avenue","PM2.5","Forsyth",36.11094,-80.224501
2024-11-26,45,"Hattie Avenue","PM2.5","Forsyth",36.11094,-80.224501
2024-11-29,31,"Hattie Avenue","PM2.5","Forsyth",36.11094,-80.224501
2024-12-02,39,"Hattie Avenue","PM2.5","Forsyth",36.11094,-80.224501
2024-12-08,49,"Hattie Avenue","PM2.5","Forsyth",36.11094,-80.224501
2024-12-11,21,"Hattie Avenue","PM2.5","Forsyth",36.11094,-80.224501
2024-12-14,48,"Hattie Avenue","PM2.5","Forsyth",36.11094,-80.224501
2024-12-17,39,"Hattie Avenue","PM2.5","Forsyth",36.11094,-80.224501
2024-12-20,24,"Hattie Avenue","PM2.5","Forsyth",36.11094,-80.224501
2024-12-23,56,"Hattie Avenue","PM2.5","Forsyth",36.11094,-80.224501
2024-12-26,53,"Hattie Avenue","PM2.5","Forsyth",36.11094,-80.224501
2024-12-29,22,"Hattie Avenue","PM2.5","Forsyth",36.11094,-80.224501
2024-01-01,48,"Hattie Avenue","PM2.5","Forsyth",36.11094,-80.224501
2024-01-02,33,"Hattie Avenue","PM2.5","Forsyth",36.11094,-80.224501
2024-01-03,56,"Hattie Avenue","PM2.5","Forsyth",36.11094,-80.224501
2024-01-04,32,"Hattie Avenue","PM2.5","Forsyth",36.11094,-80.224501
2024-01-05,46,"Hattie Avenue","PM2.5","Forsyth",36.11094,-80.224501
2024-01-06,51,"Hattie Avenue","PM2.5","Forsyth",36.11094,-80.224501
2024-01-07,28,"Hattie Avenue","PM2.5","Forsyth",36.11094,-80.224501
2024-01-08,26,"Hattie Avenue","PM2.5","Forsyth",36.11094,-80.224501
2024-01-09,22,"Hattie Avenue","PM2.5","Forsyth",36.11094,-80.224501
2024-01-10,18,"Hattie Avenue","PM2.5","Forsyth",36.11094,-80.224501
2024-01-11,49,"Hattie Avenue","PM2.5","Forsyth",36.11094,-80.224501
2024-01-12,49,"Hattie Avenue","PM2.5","Forsyth",36.11094,-80.224501
2024-01-13,28,"Hattie Avenue","PM2.5","Forsyth",36.11094,-80.224501
2024-01-14,25,"Hattie Avenue","PM2.5","Forsyth",36.11094,-80.224501
2024-01-15,33,"Hattie Avenue","PM2.5","Forsyth",36.11094,-80.224501
2024-01-16,31,"Hattie Avenue","PM2.5","Forsyth",36.11094,-80.224501
2024-01-17,26,"Hattie Avenue","PM2.5","Forsyth",36.11094,-80.224501
2024-01-18,41,"Hattie Avenue","PM2.5","Forsyth",36.11094,-80.224501
2024-01-19,35,"Hattie Avenue","PM2.5","Forsyth",36.11094,-80.224501
2024-01-20,29,"Hattie Avenue","PM2.5","Forsyth",36.11094,-80.224501
2024-01-21,28,"Hattie Avenue","PM2.5","Forsyth",36.11094,-80.224501
2024-01-22,59,"Hattie Avenue","PM2.5","Forsyth",36.11094,-80.224501
2024-01-23,63,"Hattie Avenue","PM2.5","Forsyth",36.11094,-80.224501
2024-01-24,55,"Hattie Avenue","PM2.5","Forsyth",36.11094,-80.224501
2024-01-25,19,"Hattie Avenue","PM2.5","Forsyth",36.11094,-80.224501
2024-01-26,36,"Hattie Avenue","PM2.5","Forsyth",36.11094,-80.224501
2024-01-27,24,"Hattie Avenue","PM2.5","Forsyth",36.11094,-80.224501
2024-01-28,7,"Hattie Avenue","PM2.5","Forsyth",36.11094,-80.224501
2024-01-29,4,"Hattie Avenue","PM2.5","Forsyth",36.11094,-80.224501
2024-01-30,28,"Hattie Avenue","PM2.5","Forsyth",36.11094,-80.224501
2024-01-31,36,"Hattie Avenue","PM2.5","Forsyth",36.11094,-80.224501
2024-02-01,28,"Hattie Avenue","PM2.5","Forsyth",36.11094,-80.224501
2024-02-02,40,"Hattie Avenue","PM2.5","Forsyth",36.11094,-80.224501
2024-02-03,32,"Hattie Avenue","PM2.5","Forsyth",36.11094,-80.224501
2024-02-04,37,"Hattie Avenue","PM2.5","Forsyth",36.11094,-80.224501
2024-02-05,27,"Hattie Avenue","PM2.5","Forsyth",36.11094,-80.224501
2024-02-06,34,"Hattie Avenue","PM2.5","Forsyth",36.11094,-80.224501
2024-02-07,32,"Hattie Avenue","PM2.5","Forsyth",36.11094,-80.224501
2024-02-08,55,"Hattie Avenue","PM2.5","Forsyth",36.11094,-80.224501
2024-02-09,77,"Hattie Avenue","PM2.5","Forsyth",36.11094,-80.224501
2024-02-10,74,"Hattie Avenue","PM2.5","Forsyth",36.11094,-80.224501
2024-02-11,25,"Hattie Avenue","PM2.5","Forsyth",36.11094,-80.224501
2024-02-12,31,"Hattie Avenue","PM2.5","Forsyth",36.11094,-80.224501
2024-02-13,14,"Hattie Avenue","PM2.5","Forsyth",36.11094,-80.224501
2024-02-14,26,"Hattie Avenue","PM2.5","Forsyth",36.11094,-80.224501
2024-02-15,37,"Hattie Avenue","PM2.5","Forsyth",36.11094,-80.224501
2024-02-16,41,"Hattie Avenue","PM2.5","Forsyth",36.11094,-80.224501
2024-02-17,31,"Hattie Avenue","PM2.5","Forsyth",36.11094,-80.224501
2024-02-18,31,"Hattie Avenue","PM2.5","Forsyth",36.11094,-80.224501
2024-02-19,30,"Hattie Avenue","PM2.5","Forsyth",36.11094,-80.224501
2024-02-20,48,"Hattie Avenue","PM2.5","Forsyth",36.11094,-80.224501
2024-02-21,55,"Hattie Avenue","PM2.5","Forsyth",36.11094,-80.224501
2024-02-22,88,"Hattie Avenue","PM2.5","Forsyth",36.11094,-80.224501
2024-02-23,79,"Hattie Avenue","PM2.5","Forsyth",36.11094,-80.224501
2024-02-24,21,"Hattie Avenue","PM2.5","Forsyth",36.11094,-80.224501
2024-02-25,24,"Hattie Avenue","PM2.5","Forsyth",36.11094,-80.224501
2024-02-26,59,"Hattie Avenue","PM2.5","Forsyth",36.11094,-80.224501
2024-02-27,69,"Hattie Avenue","PM2.5","Forsyth",36.11094,-80.224501
2024-02-28,50,"Hattie Avenue","PM2.5","Forsyth",36.11094,-80.224501
2024-02-29,19,"Hattie Avenue","PM2.5","Forsyth",36.11094,-80.224501
2024-03-01,40,"Hattie Avenue","PM2.5","Forsyth",36.11094,-80.224501
2024-03-02,14,"Hattie Avenue","PM2.5","Forsyth",36.11094,-80.224501
2024-03-03,51,"Hattie Avenue","PM2.5","Forsyth",36.11094,-80.224501
2024-03-04,42,"Hattie Avenue","PM2.5","Forsyth",36.11094,-80.224501
2024-03-05,34,"Hattie Avenue","PM2.5","Forsyth",36.11094,-80.224501
2024-03-06,41,"Hattie Avenue","PM2.5","Forsyth",36.11094,-80.224501
2024-03-07,21,"Hattie Avenue","PM2.5","Forsyth",36.11094,-80.224501
2024-03-08,22,"Hattie Avenue","PM2.5","Forsyth",36.11094,-80.224501
2024-03-09,16,"Hattie Avenue","PM2.5","Forsyth",36.11094,-80.224501
2024-03-10,11,"Hattie Avenue","PM2.5","Forsyth",36.11094,-80.224501
2024-03-11,11,"Hattie Avenue","PM2.5","Forsyth",36.11094,-80.224501
2024-03-12,23,"Hattie Avenue","PM2.5","Forsyth",36.11094,-80.224501
2024-03-13,51,"Hattie Avenue","PM2.5","Forsyth",36.11094,-80.224501
2024-03-14,71,"Hattie Avenue","PM2.5","Forsyth",36.11094,-80.224501
2024-03-15,111,"Hattie Avenue","PM2.5","Forsyth",36.11094,-80.224501
2024-03-16,47,"Hattie Avenue","PM2.5","Forsyth",36.11094,-80.224501
2024-03-17,27,"Hattie Avenue","PM2.5","Forsyth",36.11094,-80.224501
2024-03-18,17,"Hattie Avenue","PM2.5","Forsyth",36.11094,-80.224501
2024-03-19,22,"Hattie Avenue","PM2.5","Forsyth",36.11094,-80.224501
2024-03-20,38,"Hattie Avenue","PM2.5","Forsyth",36.11094,-80.224501
2024-03-21,24,"Hattie Avenue","PM2.5","Forsyth",36.11094,-80.224501
2024-03-22,54,"Hattie Avenue","PM2.5","Forsyth",36.11094,-80.224501
2024-03-23,18,"Hattie Avenue","PM2.5","Forsyth",36.11094,-80.224501
2024-03-24,23,"Hattie Avenue","PM2.5","Forsyth",36.11094,-80.224501
2024-03-25,29,"Hattie Avenue","PM2.5","Forsyth",36.11094,-80.224501
2024-03-26,42,"Hattie Avenue","PM2.5","Forsyth",36.11094,-80.224501
2024-03-27,19,"Hattie Avenue","PM2.5","Forsyth",36.11094,-80.224501
2024-03-28,24,"Hattie Avenue","PM2.5","Forsyth",36.11094,-80.224501
2024-03-29,32,"Hattie Avenue","PM2.5","Forsyth",36.11094,-80.224501
2024-03-30,41,"Hattie Avenue","PM2.5","Forsyth",36.11094,-80.224501
2024-03-31,51,"Hattie Avenue","PM2.5","Forsyth",36.11094,-80.224501
2024-04-01,58,"Hattie Avenue","PM2.5","Forsyth",36.11094,-80.224501
2024-04-02,65,"Hattie Avenue","PM2.5","Forsyth",36.11094,-80.224501
2024-04-03,38,"Hattie Avenue","PM2.5","Forsyth",36.11094,-80.224501
2024-04-04,11,"Hattie Avenue","PM2.5","Forsyth",36.11094,-80.224501
2024-04-05,12,"Hattie Avenue","PM2.5","Forsyth",36.11094,-80.224501
2024-04-06,14,"Hattie Avenue","PM2.5","Forsyth",36.11094,-80.224501
2024-04-07,22,"Hattie Avenue","PM2.5","Forsyth",36.11094,-80.224501
2024-04-08,52,"Hattie Avenue","PM2.5","Forsyth",36.11094,-80.224501
2024-04-09,52,"Hattie Avenue","PM2.5","Forsyth",36.11094,-80.224501
2024-04-10,54,"Hattie Avenue","PM2.5","Forsyth",36.11094,-80.224501
2024-04-11,28,"Hattie Avenue","PM2.5","Forsyth",36.11094,-80.224501
2024-04-12,14,"Hattie Avenue","PM2.5","Forsyth",36.11094,-80.224501
2024-04-13,17,"Hattie Avenue","PM2.5","Forsyth",36.11094,-80.224501
2024-04-14,37,"Hattie Avenue","PM2.5","Forsyth",36.11094,-80.224501
2024-04-15,52,"Hattie Avenue","PM2.5","Forsyth",36.11094,-80.224501
2024-04-16,61,"Hattie Avenue","PM2.5","Forsyth",36.11094,-80.224501
2024-04-17,67,"Hattie Avenue","PM2.5","Forsyth",36.11094,-80.224501
2024-04-18,43,"Hattie Avenue","PM2.5","Forsyth",36.11094,-80.224501
2024-04-19,59,"Hattie Avenue","PM2.5","Forsyth",36.11094,-80.224501
2024-04-20,52,"Hattie Avenue","PM2.5","Forsyth",36.11094,-80.224501
2024-04-21,24,"Hattie Avenue","PM2.5","Forsyth",36.11094,-80.224501
2024-04-22,23,"Hattie Avenue","PM2.5","Forsyth",36.11094,-80.224501
2024-04-23,35,"Hattie Avenue","PM2.5","Forsyth",36.11094,-80.224501
2024-04-24,40,"Hattie Avenue","PM2.5","Forsyth",36.11094,-80.224501
2024-04-25,31,"Hattie Avenue","PM2.5","Forsyth",36.11094,-80.224501
2024-04-26,51,"Hattie Avenue","PM2.5","Forsyth",36.11094,-80.224501
2024-04-27,53,"Hattie Avenue","PM2.5","Forsyth",36.11094,-80.224501
2024-04-28,43,"Hattie Avenue","PM2.5","Forsyth",36.11094,-80.224501
2024-04-29,44,"Hattie Avenue","PM2.5","Forsyth",36.11094,-80.224501
2024-04-30,42,"Hattie Avenue","PM2.5","Forsyth",36.11094,-80.224501
2024-05-01,29,"Hattie Avenue","PM2.5","Forsyth",36.11094,-80.224501
2024-05-02,45,"Hattie Avenue","PM2.5","Forsyth",36.11094,-80.224501
2024-05-03,55,"Hattie Avenue","PM2.5","Forsyth",36.11094,-80.224501
2024-05-04,41,"Hattie Avenue","PM2.5","Forsyth",36.11094,-80.224501
2024-05-05,17,"Hattie Avenue","PM2.5","Forsyth",36.11094,-80.224501
2024-05-06,39,"Hattie Avenue","PM2.5","Forsyth",36.11094,-80.224501
2024-05-07,47,"Hattie Avenue","PM2.5","Forsyth",36.11094,-80.224501
2024-05-08,55,"Hattie Avenue","PM2.5","Forsyth",36.11094,-80.224501
2024-05-09,26,"Hattie Avenue","PM2.5","Forsyth",36.11094,-80.224501
2024-05-10,23,"Hattie Avenue","PM2.5","Forsyth",36.11094,-80.224501
2024-05-11,21,"Hattie Avenue","PM2.5","Forsyth",36.11094,-80.224501
2024-05-12,36,"Hattie Avenue","PM2.5","Forsyth",36.11094,-80.224501
2024-05-13,36,"Hattie Avenue","PM2.5","Forsyth",36.11094,-80.224501
2024-05-14,25,"Hattie Avenue","PM2.5","Forsyth",36.11094,-80.224501
2024-05-15,28,"Hattie Avenue","PM2.5","Forsyth",36.11094,-80.224501
2024-05-16,26,"Hattie Avenue","PM2.5","Forsyth",36.11094,-80.224501
2024-05-17,38,"Hattie Avenue","PM2.5","Forsyth",36.11094,-80.224501
2024-05-18,36,"Hattie Avenue","PM2.5","Forsyth",36.11094,-80.224501
2024-05-19,20,"Hattie Avenue","PM2.5","Forsyth",36.11094,-80.224501
2024-05-20,37,"Hattie Avenue","PM2.5","Forsyth",36.11094,-80.224501
2024-05-21,49,"Hattie Avenue","PM2.5","Forsyth",36.11094,-80.224501
2024-05-22,53,"Hattie Avenue","PM2.5","Forsyth",36.11094,-80.224501
2024-05-23,54,"Hattie Avenue","PM2.5","Forsyth",36.11094,-80.224501
2024-05-24,33,"Hattie Avenue","PM2.5","Forsyth",36.11094,-80.224501
2024-05-25,34,"Hattie Avenue","PM2.5","Forsyth",36.11094,-80.224501
2024-05-26,49,"Hattie Avenue","PM2.5","Forsyth",36.11094,-80.224501
2024-05-27,32,"Hattie Avenue","PM2.5","Forsyth",36.11094,-80.224501
2024-05-28,28,"Hattie Avenue","PM2.5","Forsyth",36.11094,-80.224501
2024-05-29,23,"Hattie Avenue","PM2.5","Forsyth",36.11094,-80.224501
2024-05-30,23,"Hattie Avenue","PM2.5","Forsyth",36.11094,-80.224501
2024-05-31,27,"Hattie Avenue","PM2.5","Forsyth",36.11094,-80.224501
2024-06-01,43,"Hattie Avenue","PM2.5","Forsyth",36.11094,-80.224501
2024-06-02,39,"Hattie Avenue","PM2.5","Forsyth",36.11094,-80.224501
2024-06-03,52,"Hattie Avenue","PM2.5","Forsyth",36.11094,-80.224501
2024-06-04,53,"Hattie Avenue","PM2.5","Forsyth",36.11094,-80.224501
2024-06-05,52,"Hattie Avenue","PM2.5","Forsyth",36.11094,-80.224501
2024-06-06,41,"Hattie Avenue","PM2.5","Forsyth",36.11094,-80.224501
2024-06-07,29,"Hattie Avenue","PM2.5","Forsyth",36.11094,-80.224501
2024-06-08,28,"Hattie Avenue","PM2.5","Forsyth",36.11094,-80.224501
2024-06-09,39,"Hattie Avenue","PM2.5","Forsyth",36.11094,-80.224501
2024-06-10,22,"Hattie Avenue","PM2.5","Forsyth",36.11094,-80.224501
2024-06-11,39,"Hattie Avenue","PM2.5","Forsyth",36.11094,-80.224501
2024-06-12,56,"Hattie Avenue","PM2.5","Forsyth",36.11094,-80.224501
2024-06-13,58,"Hattie Avenue","PM2.5","Forsyth",36.11094,-80.224501
2024-06-14,65,"Hattie Avenue","PM2.5","Forsyth",36.11094,-80.224501
2024-06-15,57,"Hattie Avenue","PM2.5","Forsyth",36.11094,-80.224501
2024-06-16,52,"Hattie Avenue","PM2.5","Forsyth",36.11094,-80.224501
2024-06-17,56,"Hattie Avenue","PM2.5","Forsyth",36.11094,-80.224501
2024-06-18,56,"Hattie Avenue","PM2.5","Forsyth",36.11094,-80.224501
2024-06-19,50,"Hattie Avenue","PM2.5","Forsyth",36.11094,-80.224501
2024-06-20,52,"Hattie Avenue","PM2.5","Forsyth",36.11094,-80.224501
2024-06-21,54,"Hattie Avenue","PM2.5","Forsyth",36.11094,-80.224501
2024-06-22,43,"Hattie Avenue","PM2.5","Forsyth",36.11094,-80.224501
2024-06-23,43,"Hattie Avenue","PM2.5","Forsyth",36.11094,-80.224501
2024-06-24,38,"Hattie Avenue","PM2.5","Forsyth",36.11094,-80.224501
2024-06-25,43,"Hattie Avenue","PM2.5","Forsyth",36.11094,-80.224501
2024-06-26,62,"Hattie Avenue","PM2.5","Forsyth",36.11094,-80.224501
2024-06-27,53,"Hattie Avenue","PM2.5","Forsyth",36.11094,-80.224501
2024-06-28,55,"Hattie Avenue","PM2.5","Forsyth",36.11094,-80.224501
2024-06-29,51,"Hattie Avenue","PM2.5","Forsyth",36.11094,-80.224501
2024-06-30,46,"Hattie Avenue","PM2.5","Forsyth",36.11094,-80.224501
2024-07-01,37,"Hattie Avenue","PM2.5","Forsyth",36.11094,-80.224501
2024-07-02,23,"Hattie Avenue","PM2.5","Forsyth",36.11094,-80.224501
2024-07-03,49,"Hattie Avenue","PM2.5","Forsyth",36.11094,-80.224501
2024-07-04,68,"Hattie Avenue","PM2.5","Forsyth",36.11094,-80.224501
2024-07-05,57,"Hattie Avenue","PM2.5","Forsyth",36.11094,-80.224501
2024-07-06,35,"Hattie Avenue","PM2.5","Forsyth",36.11094,-80.224501
2024-07-07,39,"Hattie Avenue","PM2.5","Forsyth",36.11094,-80.224501
2024-07-08,45,"Hattie Avenue","PM2.5","Forsyth",36.11094,-80.224501
2024-07-09,43,"Hattie Avenue","PM2.5","Forsyth",36.11094,-80.224501
2024-07-10,35,"Hattie Avenue","PM2.5","Forsyth",36.11094,-80.224501
2024-07-11,27,"Hattie Avenue","PM2.5","Forsyth",36.11094,-80.224501
2024-07-12,30,"Hattie Avenue","PM2.5","Forsyth",36.11094,-80.224501
2024-07-13,29,"Hattie Avenue","PM2.5","Forsyth",36.11094,-80.224501
2024-07-14,55,"Hattie Avenue","PM2.5","Forsyth",36.11094,-80.224501
2024-07-15,58,"Hattie Avenue","PM2.5","Forsyth",36.11094,-80.224501
2024-07-16,59,"Hattie Avenue","PM2.5","Forsyth",36.11094,-80.224501
2024-07-17,49,"Hattie Avenue","PM2.5","Forsyth",36.11094,-80.224501
2024-07-18,39,"Hattie Avenue","PM2.5","Forsyth",36.11094,-80.224501
2024-07-19,46,"Hattie Avenue","PM2.5","Forsyth",36.11094,-80.224501
2024-07-20,29,"Hattie Avenue","PM2.5","Forsyth",36.11094,-80.224501
2024-07-21,27,"Hattie Avenue","PM2.5","Forsyth",36.11094,-80.224501
2024-07-22,27,"Hattie Avenue","PM2.5","Forsyth",36.11094,-80.224501
2024-07-23,29,"Hattie Avenue","PM2.5","Forsyth",36.11094,-80.224501
2024-07-24,40,"Hattie Avenue","PM2.5","Forsyth",36.11094,-80.224501
2024-07-25,26,"Hattie Avenue","PM2.5","Forsyth",36.11094,-80.224501
2024-07-26,54,"Hattie Avenue","PM2.5","Forsyth",36.11094,-80.224501
2024-07-27,63,"Hattie Avenue","PM2.5","Forsyth",36.11094,-80.224501
2024-07-28,62,"Hattie Avenue","PM2.5","Forsyth",36.11094,-80.224501
2024-07-29,53,"Hattie Avenue","PM2.5","Forsyth",36.11094,-80.224501
2024-07-30,43,"Hattie Avenue","PM2.5","Forsyth",36.11094,-80.224501
2024-07-31,44,"Hattie Avenue","PM2.5","Forsyth",36.11094,-80.224501
2024-08-01,45,"Hattie Avenue","PM2.5","Forsyth",36.11094,-80.224501
2024-08-02,54,"Hattie Avenue","PM2.5","Forsyth",36.11094,-80.224501
2024-08-03,62,"Hattie Avenue","PM2.5","Forsyth",36.11094,-80.224501
2024-08-04,45,"Hattie Avenue","PM2.5","Forsyth",36.11094,-80.224501
2024-08-05,46,"Hattie Avenue","PM2.5","Forsyth",36.11094,-80.224501
2024-08-06,22,"Hattie Avenue","PM2.5","Forsyth",36.11094,-80.224501
2024-08-07,26,"Hattie Avenue","PM2.5","Forsyth",36.11094,-80.224501
2024-08-08,15,"Hattie Avenue","PM2.5","Forsyth",36.11094,-80.224501
2024-08-09,28,"Hattie Avenue","PM2.5","Forsyth",36.11094,-80.224501
2024-08-10,52,"Hattie Avenue","PM2.5","Forsyth",36.11094,-80.224501
2024-08-11,53,"Hattie Avenue","PM2.5","Forsyth",36.11094,-80.224501
2024-08-12,47,"Hattie Avenue","PM2.5","Forsyth",36.11094,-80.224501
2024-08-13,44,"Hattie Avenue","PM2.5","Forsyth",36.11094,-80.224501
2024-08-14,52,"Hattie Avenue","PM2.5","Forsyth",36.11094,-80.224501
2024-08-15,54,"Hattie Avenue","PM2.5","Forsyth",36.11094,-80.224501
2024-08-16,59,"Hattie Avenue","PM2.5","Forsyth",36.11094,-80.224501
2024-08-17,42,"Hattie Avenue","PM2.5","Forsyth",36.11094,-80.224501
2024-08-18,39,"Hattie Avenue","PM2.5","Forsyth",36.11094,-80.224501
2024-08-19,28,"Hattie Avenue","PM2.5","Forsyth",36.11094,-80.224501
2024-08-20,47,"Hattie Avenue","PM2.5","Forsyth",36.11094,-80.224501
2024-08-21,43,"Hattie Avenue","PM2.5","Forsyth",36.11094,-80.224501
2024-08-22,50,"Hattie Avenue","PM2.5","Forsyth",36.11094,-80.224501
2024-08-23,52,"Hattie Avenue","PM2.5","Forsyth",36.11094,-80.224501
2024-08-24,56,"Hattie Avenue","PM2.5","Forsyth",36.11094,-80.224501
2024-08-25,58,"Hattie Avenue","PM2.5","Forsyth",36.11094,-80.224501
2024-08-26,64,"Hattie Avenue","PM2.5","Forsyth",36.11094,-80.224501
2024-08-27,69,"Hattie Avenue","PM2.5","Forsyth",36.11094,-80.224501
2024-08-28,69,"Hattie Avenue","PM2.5","Forsyth",36.11094,-80.224501
2024-08-29,66,"Hattie Avenue","PM2.5","Forsyth",36.11094,-80.224501
2024-08-30,55,"Hattie Avenue","PM2.5","Forsyth",36.11094,-80.224501
2024-08-31,55,"Hattie Avenue","PM2.5","Forsyth",36.11094,-80.224501
2024-09-01,37,"Hattie Avenue","PM2.5","Forsyth",36.11094,-80.224501
2024-09-02,43,"Hattie Avenue","PM2.5","Forsyth",36.11094,-80.224501
2024-09-03,21,"Hattie Avenue","PM2.5","Forsyth",36.11094,-80.224501
2024-09-04,24,"Hattie Avenue","PM2.5","Forsyth",36.11094,-80.224501
2024-09-05,31,"Hattie Avenue","PM2.5","Forsyth",36.11094,-80.224501
2024-09-06,35,"Hattie Avenue","PM2.5","Forsyth",36.11094,-80.224501
2024-09-07,34,"Hattie Avenue","PM2.5","Forsyth",36.11094,-80.224501
2024-09-08,20,"Hattie Avenue","PM2.5","Forsyth",36.11094,-80.224501
2024-09-09,32,"Hattie Avenue","PM2.5","Forsyth",36.11094,-80.224501
2024-09-10,32,"Hattie Avenue","PM2.5","Forsyth",36.11094,-80.224501
2024-09-11,43,"Hattie Avenue","PM2.5","Forsyth",36.11094,-80.224501
2024-09-12,49,"Hattie Avenue","PM2.5","Forsyth",36.11094,-80.224501
2024-09-13,41,"Hattie Avenue","PM2.5","Forsyth",36.11094,-80.224501
2024-09-14,31,"Hattie Avenue","PM2.5","Forsyth",36.11094,-80.224501
2024-09-15,37,"Hattie Avenue","PM2.5","Forsyth",36.11094,-80.224501
2024-09-16,37,"Hattie Avenue","PM2.5","Forsyth",36.11094,-80.224501
2024-09-17,20,"Hattie Avenue","PM2.5","Forsyth",36.11094,-80.224501
2024-09-18,35,"Hattie Avenue","PM2.5","Forsyth",36.11094,-80.224501
2024-09-19,18,"Hattie Avenue","PM2.5","Forsyth",36.11094,-80.224501
2024-09-20,32,"Hattie Avenue","PM2.5","Forsyth",36.11094,-80.224501
2024-09-21,50,"Hattie Avenue","PM2.5","Forsyth",36.11094,-80.224501
2024-09-22,52,"Hattie Avenue","PM2.5","Forsyth",36.11094,-80.224501
2024-09-23,56,"Hattie Avenue","PM2.5","Forsyth",36.11094,-80.224501
2024-09-24,56,"Hattie Avenue","PM2.5","Forsyth",36.11094,-80.224501
2024-09-25,37,"Hattie Avenue","PM2.5","Forsyth",36.11094,-80.224501
2024-09-26,29,"Hattie Avenue","PM2.5","Forsyth",36.11094,-80.224501
2024-09-27,31,"Hattie Avenue","PM2.5","Forsyth",36.11094,-80.224501
2024-09-28,56,"Hattie Avenue","PM2.5","Forsyth",36.11094,-80.224501
2024-09-29,58,"Hattie Avenue","PM2.5","Forsyth",36.11094,-80.224501
2024-09-30,59,"Hattie Avenue","PM2.5","Forsyth",36.11094,-80.224501
2024-10-01,22,"Hattie Avenue","PM2.5","Forsyth",36.11094,-80.224501
2024-10-02,24,"Hattie Avenue","PM2.5","Forsyth",36.11094,-80.224501
2024-10-03,43,"Hattie Avenue","PM2.5","Forsyth",36.11094,-80.224501
2024-10-04,44,"Hattie Avenue","PM2.5","Forsyth",36.11094,-80.224501
2024-10-05,48,"Hattie Avenue","PM2.5","Forsyth",36.11094,-80.224501
2024-10-06,55,"Hattie Avenue","PM2.5","Forsyth",36.11094,-80.224501
2024-10-07,55,"Hattie Avenue","PM2.5","Forsyth",36.11094,-80.224501
2024-10-08,52,"Hattie Avenue","PM2.5","Forsyth",36.11094,-80.224501
2024-10-09,38,"Hattie Avenue","PM2.5","Forsyth",36.11094,-80.224501
2024-10-10,21,"Hattie Avenue","PM2.5","Forsyth",36.11094,-80.224501
2024-10-11,24,"Hattie Avenue","PM2.5","Forsyth",36.11094,-80.224501
2024-10-12,36,"Hattie Avenue","PM2.5","Forsyth",36.11094,-80.224501
2024-10-13,54,"Hattie Avenue","PM2.5","Forsyth",36.11094,-80.224501
2024-10-14,44,"Hattie Avenue","PM2.5","Forsyth",36.11094,-80.224501
2024-10-15,17,"Hattie Avenue","PM2.5","Forsyth",36.11094,-80.224501
2024-10-16,15,"Hattie Avenue","PM2.5","Forsyth",36.11094,-80.224501
2024-10-17,33,"Hattie Avenue","PM2.5","Forsyth",36.11094,-80.224501
2024-10-18,28,"Hattie Avenue","PM2.5","Forsyth",36.11094,-80.224501
2024-10-19,26,"Hattie Avenue","PM2.5","Forsyth",36.11094,-80.224501
2024-10-20,43,"Hattie Avenue","PM2.5","Forsyth",36.11094,-80.224501
2024-10-21,41,"Hattie Avenue","PM2.5","Forsyth",36.11094,-80.224501
2024-10-22,49,"Hattie Avenue","PM2.5","Forsyth",36.11094,-80.224501
2024-10-23,51,"Hattie Avenue","PM2.5","Forsyth",36.11094,-80.224501
2024-10-24,56,"Hattie Avenue","PM2.5","Forsyth",36.11094,-80.224501
2024-10-25,60,"Hattie Avenue","PM2.5","Forsyth",36.11094,-80.224501
2024-10-26,58,"Hattie Avenue","PM2.5","Forsyth",36.11094,-80.224501
2024-10-27,36,"Hattie Avenue","PM2.5","Forsyth",36.11094,-80.224501
2024-10-28,53,"Hattie Avenue","PM2.5","Forsyth",36.11094,-80.224501
2024-10-29,58,"Hattie Avenue","PM2.5","Forsyth",36.11094,-80.224501
2024-10-30,56,"Hattie Avenue","PM2.5","Forsyth",36.11094,-80.224501
2024-10-31,49,"Hattie Avenue","PM2.5","Forsyth",36.11094,-80.224501
2024-11-01,50,"Hattie Avenue","PM2.5","Forsyth",36.11094,-80.224501
2024-11-02,31,"Hattie Avenue","PM2.5","Forsyth",36.11094,-80.224501
2024-11-03,37,"Hattie Avenue","PM2.5","Forsyth",36.11094,-80.224501
2024-11-04,33,"Hattie Avenue","PM2.5","Forsyth",36.11094,-80.224501
2024-11-05,46,"Hattie Avenue","PM2.5","Forsyth",36.11094,-80.224501
2024-11-06,46,"Hattie Avenue","PM2.5","Forsyth",36.11094,-80.224501
2024-11-07,32,"Hattie Avenue","PM2.5","Forsyth",36.11094,-80.224501
2024-11-08,41,"Hattie Avenue","PM2.5","Forsyth",36.11094,-80.224501
2024-11-09,26,"Hattie Avenue","PM2.5","Forsyth",36.11094,-80.224501
2024-11-10,36,"Hattie Avenue","PM2.5","Forsyth",36.11094,-80.224501
2024-11-11,33,"Hattie Avenue","PM2.5","Forsyth",36.11094,-80.224501
2024-11-12,24,"Hattie Avenue","PM2.5","Forsyth",36.11094,-80.224501
2024-11-13,13,"Hattie Avenue","PM2.5","Forsyth",36.11094,-80.224501
2024-11-14,20,"Hattie Avenue","PM2.5","Forsyth",36.11094,-80.224501
2024-11-15,16,"Hattie Avenue","PM2.5","Forsyth",36.11094,-80.224501
2024-11-16,28,"Hattie Avenue","PM2.5","Forsyth",36.11094,-80.224501
2024-11-17,44,"Hattie Avenue","PM2.5","Forsyth",36.11094,-80.224501
2024-11-18,55,"Hattie Avenue","PM2.5","Forsyth",36.11094,-80.224501
2024-11-19,55,"Hattie Avenue","PM2.5","Forsyth",36.11094,-80.224501
2024-11-20,32,"Hattie Avenue","PM2.5","Forsyth",36.11094,-80.224501
2024-11-21,10,"Hattie Avenue","PM2.5","Forsyth",36.11094,-80.224501
2024-11-22,12,"Hattie Avenue","PM2.5","Forsyth",36.11094,-80.224501
2024-11-23,7,"Hattie Avenue","PM2.5","Forsyth",36.11094,-80.224501
2024-11-24,44,"Hattie Avenue","PM2.5","Forsyth",36.11094,-80.224501
2024-11-25,55,"Hattie Avenue","PM2.5","Forsyth",36.11094,-80.224501
2024-11-26,47,"Hattie Avenue","PM2.5","Forsyth",36.11094,-80.224501
2024-11-27,52,"Hattie Avenue","PM2.5","Forsyth",36.11094,-80.224501
2024-11-28,52,"Hattie Avenue","PM2.5","Forsyth",36.11094,-80.224501
2024-11-29,33,"Hattie Avenue","PM2.5","Forsyth",36.11094,-80.224501
2024-11-30,27,"Hattie Avenue","PM2.5","Forsyth",36.11094,-80.224501
2024-12-01,34,"Hattie Avenue","PM2.5","Forsyth",36.11094,-80.224501
2024-12-02,27,"Hattie Avenue","PM2.5","Forsyth",36.11094,-80.224501
2024-12-03,33,"Hattie Avenue","PM2.5","Forsyth",36.11094,-80.224501
2024-12-04,55,"Hattie Avenue","PM2.5","Forsyth",36.11094,-80.224501
2024-12-05,49,"Hattie Avenue","PM2.5","Forsyth",36.11094,-80.224501
2024-12-06,26,"Hattie Avenue","PM2.5","Forsyth",36.11094,-80.224501
2024-12-07,52,"Hattie Avenue","PM2.5","Forsyth",36.11094,-80.224501
2024-12-08,54,"Hattie Avenue","PM2.5","Forsyth",36.11094,-80.224501
2024-12-09,57,"Hattie Avenue","PM2.5","Forsyth",36.11094,-80.224501
2024-12-10,57,"Hattie Avenue","PM2.5","Forsyth",36.11094,-80.224501
2024-12-11,16,"Hattie Avenue","PM2.5","Forsyth",36.11094,-80.224501
2024-12-12,36,"Hattie Avenue","PM2.5","Forsyth",36.11094,-80.224501
2024-12-13,57,"Hattie Avenue","PM2.5","Forsyth",36.11094,-80.224501
2024-12-14,53,"Hattie Avenue","PM2.5","Forsyth",36.11094,-80.224501
2024-12-15,42,"Hattie Avenue","PM2.5","Forsyth",36.11094,-80.224501
2024-12-16,45,"Hattie Avenue","PM2.5","Forsyth",36.11094,-80.224501
2024-12-17,52,"Hattie Avenue","PM2.5","Forsyth",36.11094,-80.224501
2024-12-18,51,"Hattie Avenue","PM2.5","Forsyth",36.11094,-80.224501
2024-12-19,16,"Hattie Avenue","PM2.5","Forsyth",36.11094,-80.224501
2024-12-20,31,"Hattie Avenue","PM2.5","Forsyth",36.11094,-80.224501
2024-12-21,13,"Hattie Avenue","PM2.5","Forsyth",36.11094,-80.224501
2024-12-22,41,"Hattie Avenue","PM2.5","Forsyth",36.11094,-80.224501
2024-12-23,59,"Hattie Avenue","PM2.5","Forsyth",36.11094,-80.224501
2024-12-24,61,"Hattie Avenue","PM2.5","Forsyth",36.11094,-80.224501
2024-12-25,47,"Hattie Avenue","PM2.5","Forsyth",36.11094,-80.224501
2024-12-26,59,"Hattie Avenue","PM2.5","Forsyth",36.11094,-80.224501
2024-12-27,58,"Hattie Avenue","PM2.5","Forsyth",36.11094,-80.224501
2024-12-28,27,"Hattie Avenue","PM2.5","Forsyth",36.11094,-80.224501
2024-12-29,19,"Hattie Avenue","PM2.5","Forsyth",36.11094,-80.224501
2024-12-30,32,"Hattie Avenue","PM2.5","Forsyth",36.11094,-80.224501
2024-12-31,54,"Hattie Avenue","PM2.5","Forsyth",36.11094,-80.224501
2024-01-01,43,"Clemmons Middle","PM2.5","Forsyth",36.026612,-80.341962
2024-01-07,16,"Clemmons Middle","PM2.5","Forsyth",36.026612,-80.341962
2024-01-13,18,"Clemmons Middle","PM2.5","Forsyth",36.026612,-80.341962
2024-01-19,29,"Clemmons Middle","PM2.5","Forsyth",36.026612,-80.341962
2024-01-25,11,"Clemmons Middle","PM2.5","Forsyth",36.026612,-80.341962
2024-01-31,27,"Clemmons Middle","PM2.5","Forsyth",36.026612,-80.341962
2024-02-06,28,"Clemmons Middle","PM2.5","Forsyth",36.026612,-80.341962
2024-02-12,17,"Clemmons Middle","PM2.5","Forsyth",36.026612,-80.341962
2024-02-18,22,"Clemmons Middle","PM2.5","Forsyth",36.026612,-80.341962
2024-02-24,23,"Clemmons Middle","PM2.5","Forsyth",36.026612,-80.341962
2024-03-01,41,"Clemmons Middle","PM2.5","Forsyth",36.026612,-80.341962
2024-03-07,18,"Clemmons Middle","PM2.5","Forsyth",36.026612,-80.341962
2024-03-13,52,"Clemmons Middle","PM2.5","Forsyth",36.026612,-80.341962
2024-03-19,28,"Clemmons Middle","PM2.5","Forsyth",36.026612,-80.341962
2024-03-25,31,"Clemmons Middle","PM2.5","Forsyth",36.026612,-80.341962
2024-03-31,46,"Clemmons Middle","PM2.5","Forsyth",36.026612,-80.341962
2024-04-06,10,"Clemmons Middle","PM2.5","Forsyth",36.026612,-80.341962
2024-04-12,16,"Clemmons Middle","PM2.5","Forsyth",36.026612,-80.341962
2024-04-18,37,"Clemmons Middle","PM2.5","Forsyth",36.026612,-80.341962
2024-04-24,42,"Clemmons Middle","PM2.5","Forsyth",36.026612,-80.341962
2024-04-30,45,"Clemmons Middle","PM2.5","Forsyth",36.026612,-80.341962
2024-05-06,34,"Clemmons Middle","PM2.5","Forsyth",36.026612,-80.341962
2024-05-12,31,"Clemmons Middle","PM2.5","Forsyth",36.026612,-80.341962
2024-05-18,40,"Clemmons Middle","PM2.5","Forsyth",36.026612,-80.341962
2024-05-24,27,"Clemmons Middle","PM2.5","Forsyth",36.026612,-80.341962
2024-05-30,37,"Clemmons Middle","PM2.5","Forsyth",36.026612,-80.341962
2024-06-05,47,"Clemmons Middle","PM2.5","Forsyth",36.026612,-80.341962
2024-06-11,39,"Clemmons Middle","PM2.5","Forsyth",36.026612,-80.341962
2024-06-17,57,"Clemmons Middle","PM2.5","Forsyth",36.026612,-80.341962
2024-06-23,46,"Clemmons Middle","PM2.5","Forsyth",36.026612,-80.341962
2024-06-29,42,"Clemmons Middle","PM2.5","Forsyth",36.026612,-80.341962
2024-07-05,48,"Clemmons Middle","PM2.5","Forsyth",36.026612,-80.341962
2024-07-11,19,"Clemmons Middle","PM2.5","Forsyth",36.026612,-80.341962
2024-07-17,45,"Clemmons Middle","PM2.5","Forsyth",36.026612,-80.341962
2024-07-23,36,"Clemmons Middle","PM2.5","Forsyth",36.026612,-80.341962
2024-07-29,53,"Clemmons Middle","PM2.5","Forsyth",36.026612,-80.341962
2024-08-04,39,"Clemmons Middle","PM2.5","Forsyth",36.026612,-80.341962
2024-09-03,19,"Clemmons Middle","PM2.5","Forsyth",36.026612,-80.341962
2024-09-09,30,"Clemmons Middle","PM2.5","Forsyth",36.026612,-80.341962
2024-09-15,32,"Clemmons Middle","PM2.5","Forsyth",36.026612,-80.341962
2024-09-21,50,"Clemmons Middle","PM2.5","Forsyth",36.026612,-80.341962
2024-10-09,37,"Clemmons Middle","PM2.5","Forsyth",36.026612,-80.341962
2024-10-15,33,"Clemmons Middle","PM2.5","Forsyth",36.026612,-80.341962
2024-10-21,52,"Clemmons Middle","PM2.5","Forsyth",36.026612,-80.341962
2024-10-27,39,"Clemmons Middle","PM2.5","Forsyth",36.026612,-80.341962
2024-11-02,36,"Clemmons Middle","PM2.5","Forsyth",36.026612,-80.341962
2024-11-08,37,"Clemmons Middle","PM2.5","Forsyth",36.026612,-80.341962
2024-11-14,24,"Clemmons Middle","PM2.5","Forsyth",36.026612,-80.341962
2024-12-08,46,"Clemmons Middle","PM2.5","Forsyth",36.026612,-80.341962
2024-12-14,44,"Clemmons Middle","PM2.5","Forsyth",36.026612,-80.341962
2024-12-20,27,"Clemmons Middle","PM2.5","Forsyth",36.026612,-80.341962
2024-12-26,53,"Clemmons Middle","PM2.5","Forsyth",36.026612,-80.341962
2024-01-01,52,"Clemmons Middle","PM2.5","Forsyth",36.026612,-80.341962
2024-01-02,37,"Clemmons Middle","PM2.5","Forsyth",36.026612,-80.341962
2024-01-03,58,"Clemmons Middle","PM2.5","Forsyth",36.026612,-80.341962
2024-01-04,32,"Clemmons Middle","PM2.5","Forsyth",36.026612,-80.341962
2024-01-05,54,"Clemmons Middle","PM2.5","Forsyth",36.026612,-80.341962
2024-01-06,48,"Clemmons Middle","PM2.5","Forsyth",36.026612,-80.341962
2024-01-07,31,"Clemmons Middle","PM2.5","Forsyth",36.026612,-80.341962
2024-01-08,27,"Clemmons Middle","PM2.5","Forsyth",36.026612,-80.341962
2024-01-09,25,"Clemmons Middle","PM2.5","Forsyth",36.026612,-80.341962
2024-01-10,21,"Clemmons Middle","PM2.5","Forsyth",36.026612,-80.341962
2024-01-11,37,"Clemmons Middle","PM2.5","Forsyth",36.026612,-80.341962
2024-01-12,53,"Clemmons Middle","PM2.5","Forsyth",36.026612,-80.341962
2024-01-13,28,"Clemmons Middle","PM2.5","Forsyth",36.026612,-80.341962
2024-01-14,26,"Clemmons Middle","PM2.5","Forsyth",36.026612,-80.341962
2024-01-15,34,"Clemmons Middle","PM2.5","Forsyth",36.026612,-80.341962
2024-01-16,33,"Clemmons Middle","PM2.5","Forsyth",36.026612,-80.341962
2024-01-17,40,"Clemmons Middle","PM2.5","Forsyth",36.026612,-80.341962
2024-01-18,54,"Clemmons Middle","PM2.5","Forsyth",36.026612,-80.341962
2024-01-19,34,"Clemmons Middle","PM2.5","Forsyth",36.026612,-80.341962
2024-01-20,31,"Clemmons Middle","PM2.5","Forsyth",36.026612,-80.341962
2024-01-21,34,"Clemmons Middle","PM2.5","Forsyth",36.026612,-80.341962
2024-01-22,59,"Clemmons Middle","PM2.5","Forsyth",36.026612,-80.341962
2024-01-23,80,"Clemmons Middle","PM2.5","Forsyth",36.026612,-80.341962
2024-01-24,61,"Clemmons Middle","PM2.5","Forsyth",36.026612,-80.341962
2024-01-25,17,"Clemmons Middle","PM2.5","Forsyth",36.026612,-80.341962
2024-01-26,48,"Clemmons Middle","PM2.5","Forsyth",36.026612,-80.341962
2024-01-27,37,"Clemmons Middle","PM2.5","Forsyth",36.026612,-80.341962
2024-01-28,8,"Clemmons Middle","PM2.5","Forsyth",36.026612,-80.341962
2024-01-29,4,"Clemmons Middle","PM2.5","Forsyth",36.026612,-80.341962
2024-01-30,27,"Clemmons Middle","PM2.5","Forsyth",36.026612,-80.341962
2024-01-31,37,"Clemmons Middle","PM2.5","Forsyth",36.026612,-80.341962
2024-02-01,27,"Clemmons Middle","PM2.5","Forsyth",36.026612,-80.341962
2024-02-02,41,"Clemmons Middle","PM2.5","Forsyth",36.026612,-80.341962
2024-02-03,29,"Clemmons Middle","PM2.5","Forsyth",36.026612,-80.341962
2024-02-04,43,"Clemmons Middle","PM2.5","Forsyth",36.026612,-80.341962
2024-02-05,31,"Clemmons Middle","PM2.5","Forsyth",36.026612,-80.341962
2024-02-06,35,"Clemmons Middle","PM2.5","Forsyth",36.026612,-80.341962
2024-02-07,31,"Clemmons Middle","PM2.5","Forsyth",36.026612,-80.341962
2024-02-08,54,"Clemmons Middle","PM2.5","Forsyth",36.026612,-80.341962
2024-02-09,76,"Clemmons Middle","PM2.5","Forsyth",36.026612,-80.341962
2024-02-10,72,"Clemmons Middle","PM2.5","Forsyth",36.026612,-80.341962
2024-02-11,25,"Clemmons Middle","PM2.5","Forsyth",36.026612,-80.341962
2024-02-12,28,"Clemmons Middle","PM2.5","Forsyth",36.026612,-80.341962
2024-02-13,13,"Clemmons Middle","PM2.5","Forsyth",36.026612,-80.341962
2024-02-14,25,"Clemmons Middle","PM2.5","Forsyth",36.026612,-80.341962
2024-02-15,36,"Clemmons Middle","PM2.5","Forsyth",36.026612,-80.341962
2024-02-16,40,"Clemmons Middle","PM2.5","Forsyth",36.026612,-80.341962
2024-02-17,30,"Clemmons Middle","PM2.5","Forsyth",36.026612,-80.341962
2024-02-18,29,"Clemmons Middle","PM2.5","Forsyth",36.026612,-80.341962
2024-02-19,33,"Clemmons Middle","PM2.5","Forsyth",36.026612,-80.341962
2024-02-20,53,"Clemmons Middle","PM2.5","Forsyth",36.026612,-80.341962
2024-02-21,55,"Clemmons Middle","PM2.5","Forsyth",36.026612,-80.341962
2024-02-22,85,"Clemmons Middle","PM2.5","Forsyth",36.026612,-80.341962
2024-02-23,78,"Clemmons Middle","PM2.5","Forsyth",36.026612,-80.341962
2024-02-24,19,"Clemmons Middle","PM2.5","Forsyth",36.026612,-80.341962
2024-02-25,26,"Clemmons Middle","PM2.5","Forsyth",36.026612,-80.341962
2024-02-26,59,"Clemmons Middle","PM2.5","Forsyth",36.026612,-80.341962
2024-02-27,67,"Clemmons Middle","PM2.5","Forsyth",36.026612,-80.341962
2024-02-28,48,"Clemmons Middle","PM2.5","Forsyth",36.026612,-80.341962
2024-02-29,40,"Clemmons Middle","PM2.5","Forsyth",36.026612,-80.341962
2024-03-01,49,"Clemmons Middle","PM2.5","Forsyth",36.026612,-80.341962
2024-03-02,15,"Clemmons Middle","PM2.5","Forsyth",36.026612,-80.341962
2024-03-03,46,"Clemmons Middle","PM2.5","Forsyth",36.026612,-80.341962
2024-03-04,44,"Clemmons Middle","PM2.5","Forsyth",36.026612,-80.341962
2024-03-05,36,"Clemmons Middle","PM2.5","Forsyth",36.026612,-80.341962
2024-03-06,48,"Clemmons Middle","PM2.5","Forsyth",36.026612,-80.341962
2024-03-07,27,"Clemmons Middle","PM2.5","Forsyth",36.026612,-80.341962
2024-03-08,24,"Clemmons Middle","PM2.5","Forsyth",36.026612,-80.341962
2024-03-09,15,"Clemmons Middle","PM2.5","Forsyth",36.026612,-80.341962
2024-03-10,11,"Clemmons Middle","PM2.5","Forsyth",36.026612,-80.341962
2024-03-11,9,"Clemmons Middle","PM2.5","Forsyth",36.026612,-80.341962
2024-03-12,21,"Clemmons Middle","PM2.5","Forsyth",36.026612,-80.341962
2024-03-13,46,"Clemmons Middle","PM2.5","Forsyth",36.026612,-80.341962
2024-03-14,67,"Clemmons Middle","PM2.5","Forsyth",36.026612,-80.341962
2024-03-15,106,"Clemmons Middle","PM2.5","Forsyth",36.026612,-80.341962
2024-03-16,51,"Clemmons Middle","PM2.5","Forsyth",36.026612,-80.341962
2024-03-17,29,"Clemmons Middle","PM2.5","Forsyth",36.026612,-80.341962
2024-03-18,16,"Clemmons Middle","PM2.5","Forsyth",36.026612,-80.341962
2024-03-19,21,"Clemmons Middle","PM2.5","Forsyth",36.026612,-80.341962
2024-03-20,34,"Clemmons Middle","PM2.5","Forsyth",36.026612,-80.341962
2024-03-21,30,"Clemmons Middle","PM2.5","Forsyth",36.026612,-80.341962
2024-03-22,56,"Clemmons Middle","PM2.5","Forsyth",36.026612,-80.341962
2024-03-23,18,"Clemmons Middle","PM2.5","Forsyth",36.026612,-80.341962
2024-03-24,23,"Clemmons Middle","PM2.5","Forsyth",36.026612,-80.341962
2024-03-25,37,"Clemmons Middle","PM2.5","Forsyth",36.026612,-80.341962
2024-03-26,42,"Clemmons Middle","PM2.5","Forsyth",36.026612,-80.341962
2024-03-27,19,"Clemmons Middle","PM2.5","Forsyth",36.026612,-80.341962
2024-03-28,24,"Clemmons Middle","PM2.5","Forsyth",36.026612,-80.341962
2024-03-29,29,"Clemmons Middle","PM2.5","Forsyth",36.026612,-80.341962
2024-03-30,43,"Clemmons Middle","PM2.5","Forsyth",36.026612,-80.341962
2024-03-31,49,"Clemmons Middle","PM2.5","Forsyth",36.026612,-80.341962
2024-04-01,58,"Clemmons Middle","PM2.5","Forsyth",36.026612,-80.341962
2024-04-02,63,"Clemmons Middle","PM2.5","Forsyth",36.026612,-80.341962
2024-04-03,36,"Clemmons Middle","PM2.5","Forsyth",36.026612,-80.341962
2024-04-04,9,"Clemmons Middle","PM2.5","Forsyth",36.026612,-80.341962
2024-04-05,12,"Clemmons Middle","PM2.5","Forsyth",36.026612,-80.341962
2024-04-06,12,"Clemmons Middle","PM2.5","Forsyth",36.026612,-80.341962
2024-04-07,18,"Clemmons Middle","PM2.5","Forsyth",36.026612,-80.341962
2024-04-08,53,"Clemmons Middle","PM2.5","Forsyth",36.026612,-80.341962
2024-04-09,52,"Clemmons Middle","PM2.5","Forsyth",36.026612,-80.341962
2024-04-10,54,"Clemmons Middle","PM2.5","Forsyth",36.026612,-80.341962
2024-04-11,27,"Clemmons Middle","PM2.5","Forsyth",36.026612,-80.341962
2024-04-12,14,"Clemmons Middle","PM2.5","Forsyth",36.026612,-80.341962
2024-04-13,15,"Clemmons Middle","PM2.5","Forsyth",36.026612,-80.341962
2024-04-14,33,"Clemmons Middle","PM2.5","Forsyth",36.026612,-80.341962
2024-04-15,51,"Clemmons Middle","PM2.5","Forsyth",36.026612,-80.341962
2024-04-16,61,"Clemmons Middle","PM2.5","Forsyth",36.026612,-80.341962
2024-04-17,67,"Clemmons Middle","PM2.5","Forsyth",36.026612,-80.341962
2024-04-18,40,"Clemmons Middle","PM2.5","Forsyth",36.026612,-80.341962
2024-04-19,61,"Clemmons Middle","PM2.5","Forsyth",36.026612,-80.341962
2024-04-20,53,"Clemmons Middle","PM2.5","Forsyth",36.026612,-80.341962
2024-04-21,26,"Clemmons Middle","PM2.5","Forsyth",36.026612,-80.341962
2024-04-22,28,"Clemmons Middle","PM2.5","Forsyth",36.026612,-80.341962
2024-04-23,37,"Clemmons Middle","PM2.5","Forsyth",36.026612,-80.341962
2024-04-24,44,"Clemmons Middle","PM2.5","Forsyth",36.026612,-80.341962
2024-04-25,38,"Clemmons Middle","PM2.5","Forsyth",36.026612,-80.341962
2024-04-26,52,"Clemmons Middle","PM2.5","Forsyth",36.026612,-80.341962
2024-04-27,52,"Clemmons Middle","PM2.5","Forsyth",36.026612,-80.341962
2024-04-28,44,"Clemmons Middle","PM2.5","Forsyth",36.026612,-80.341962
2024-04-29,49,"Clemmons Middle","PM2.5","Forsyth",36.026612,-80.341962
2024-04-30,44,"Clemmons Middle","PM2.5","Forsyth",36.026612,-80.341962
2024-05-01,31,"Clemmons Middle","PM2.5","Forsyth",36.026612,-80.341962
2024-05-02,43,"Clemmons Middle","PM2.5","Forsyth",36.026612,-80.341962
2024-05-03,55,"Clemmons Middle","PM2.5","Forsyth",36.026612,-80.341962
2024-05-04,41,"Clemmons Middle","PM2.5","Forsyth",36.026612,-80.341962
2024-05-05,17,"Clemmons Middle","PM2.5","Forsyth",36.026612,-80.341962
2024-05-06,38,"Clemmons Middle","PM2.5","Forsyth",36.026612,-80.341962
2024-05-07,38,"Clemmons Middle","PM2.5","Forsyth",36.026612,-80.341962
2024-05-08,54,"Clemmons Middle","PM2.5","Forsyth",36.026612,-80.341962
2024-05-09,24,"Clemmons Middle","PM2.5","Forsyth",36.026612,-80.341962
2024-05-10,22,"Clemmons Middle","PM2.5","Forsyth",36.026612,-80.341962
2024-05-11,22,"Clemmons Middle","PM2.5","Forsyth",36.026612,-80.341962
2024-05-12,30,"Clemmons Middle","PM2.5","Forsyth",36.026612,-80.341962
2024-05-13,41,"Clemmons Middle","PM2.5","Forsyth",36.026612,-80.341962
2024-05-14,26,"Clemmons Middle","PM2.5","Forsyth",36.026612,-80.341962
2024-05-15,28,"Clemmons Middle","PM2.5","Forsyth",36.026612,-80.341962
2024-05-16,26,"Clemmons Middle","PM2.5","Forsyth",36.026612,-80.341962
2024-05-17,34,"Clemmons Middle","PM2.5","Forsyth",36.026612,-80.341962
2024-05-18,32,"Clemmons Middle","PM2.5","Forsyth",36.026612,-80.341962
2024-05-19,19,"Clemmons Middle","PM2.5","Forsyth",36.026612,-80.341962
2024-05-20,32,"Clemmons Middle","PM2.5","Forsyth",36.026612,-80.341962
2024-05-21,45,"Clemmons Middle","PM2.5","Forsyth",36.026612,-80.341962
2024-05-22,52,"Clemmons Middle","PM2.5","Forsyth",36.026612,-80.341962
2024-05-23,52,"Clemmons Middle","PM2.5","Forsyth",36.026612,-80.341962
2024-05-24,29,"Clemmons Middle","PM2.5","Forsyth",36.026612,-80.341962
2024-05-25,28,"Clemmons Middle","PM2.5","Forsyth",36.026612,-80.341962
2024-05-26,42,"Clemmons Middle","PM2.5","Forsyth",36.026612,-80.341962
2024-05-27,29,"Clemmons Middle","PM2.5","Forsyth",36.026612,-80.341962
2024-05-28,27,"Clemmons Middle","PM2.5","Forsyth",36.026612,-80.341962
2024-05-29,23,"Clemmons Middle","PM2.5","Forsyth",36.026612,-80.341962
2024-05-30,24,"Clemmons Middle","PM2.5","Forsyth",36.026612,-80.341962
2024-05-31,27,"Clemmons Middle","PM2.5","Forsyth",36.026612,-80.341962
2024-06-01,41,"Clemmons Middle","PM2.5","Forsyth",36.026612,-80.341962
2024-06-02,38,"Clemmons Middle","PM2.5","Forsyth",36.026612,-80.341962
2024-06-03,45,"Clemmons Middle","PM2.5","Forsyth",36.026612,-80.341962
2024-06-04,51,"Clemmons Middle","PM2.5","Forsyth",36.026612,-80.341962
2024-06-05,49,"Clemmons Middle","PM2.5","Forsyth",36.026612,-80.341962
2024-06-06,39,"Clemmons Middle","PM2.5","Forsyth",36.026612,-80.341962
2024-06-07,26,"Clemmons Middle","PM2.5","Forsyth",36.026612,-80.341962
2024-06-08,30,"Clemmons Middle","PM2.5","Forsyth",36.026612,-80.341962
2024-06-09,37,"Clemmons Middle","PM2.5","Forsyth",36.026612,-80.341962
2024-06-10,22,"Clemmons Middle","PM2.5","Forsyth",36.026612,-80.341962
2024-06-11,40,"Clemmons Middle","PM2.5","Forsyth",36.026612,-80.341962
2024-06-12,57,"Clemmons Middle","PM2.5","Forsyth",36.026612,-80.341962
2024-06-13,59,"Clemmons Middle","PM2.5","Forsyth",36.026612,-80.341962
2024-06-14,65,"Clemmons Middle","PM2.5","Forsyth",36.026612,-80.341962
2024-06-15,57,"Clemmons Middle","PM2.5","Forsyth",36.026612,-80.341962
2024-06-16,52,"Clemmons Middle","PM2.5","Forsyth",36.026612,-80.341962
2024-06-17,55,"Clemmons Middle","PM2.5","Forsyth",36.026612,-80.341962
2024-06-18,56,"Clemmons Middle","PM2.5","Forsyth",36.026612,-80.341962
2024-06-19,51,"Clemmons Middle","PM2.5","Forsyth",36.026612,-80.341962
2024-06-20,51,"Clemmons Middle","PM2.5","Forsyth",36.026612,-80.341962
2024-06-21,52,"Clemmons Middle","PM2.5","Forsyth",36.026612,-80.341962
2024-06-22,41,"Clemmons Middle","PM2.5","Forsyth",36.026612,-80.341962
2024-06-23,39,"Clemmons Middle","PM2.5","Forsyth",36.026612,-80.341962
2024-06-24,37,"Clemmons Middle","PM2.5","Forsyth",36.026612,-80.341962
2024-06-25,42,"Clemmons Middle","PM2.5","Forsyth",36.026612,-80.341962
2024-06-26,60,"Clemmons Middle","PM2.5","Forsyth",36.026612,-80.341962
2024-06-27,51,"Clemmons Middle","PM2.5","Forsyth",36.026612,-80.341962
2024-06-28,53,"Clemmons Middle","PM2.5","Forsyth",36.026612,-80.341962
2024-06-29,40,"Clemmons Middle","PM2.5","Forsyth",36.026612,-80.341962
2024-06-30,37,"Clemmons Middle","PM2.5","Forsyth",36.026612,-80.341962
2024-07-01,34,"Clemmons Middle","PM2.5","Forsyth",36.026612,-80.341962
2024-07-02,22,"Clemmons Middle","PM2.5","Forsyth",36.026612,-80.341962
2024-07-03,44,"Clemmons Middle","PM2.5","Forsyth",36.026612,-80.341962
2024-07-04,58,"Clemmons Middle","PM2.5","Forsyth",36.026612,-80.341962
2024-07-05,52,"Clemmons Middle","PM2.5","Forsyth",36.026612,-80.341962
2024-07-06,29,"Clemmons Middle","PM2.5","Forsyth",36.026612,-80.341962
2024-07-07,32,"Clemmons Middle","PM2.5","Forsyth",36.026612,-80.341962
2024-07-08,34,"Clemmons Middle","PM2.5","Forsyth",36.026612,-80.341962
2024-07-09,36,"Clemmons Middle","PM2.5","Forsyth",36.026612,-80.341962
2024-07-10,30,"Clemmons Middle","PM2.5","Forsyth",36.026612,-80.341962
2024-07-11,26,"Clemmons Middle","PM2.5","Forsyth",36.026612,-80.341962
2024-07-12,28,"Clemmons Middle","PM2.5","Forsyth",36.026612,-80.341962
2024-07-13,25,"Clemmons Middle","PM2.5","Forsyth",36.026612,-80.341962
2024-07-14,53,"Clemmons Middle","PM2.5","Forsyth",36.026612,-80.341962
2024-07-15,55,"Clemmons Middle","PM2.5","Forsyth",36.026612,-80.341962
2024-07-16,55,"Clemmons Middle","PM2.5","Forsyth",36.026612,-80.341962
2024-07-17,43,"Clemmons Middle","PM2.5","Forsyth",36.026612,-80.341962
2024-07-18,34,"Clemmons Middle","PM2.5","Forsyth",36.026612,-80.341962
2024-07-19,41,"Clemmons Middle","PM2.5","Forsyth",36.026612,-80.341962
2024-07-20,24,"Clemmons Middle","PM2.5","Forsyth",36.026612,-80.341962
2024-07-21,19,"Clemmons Middle","PM2.5","Forsyth",36.026612,-80.341962
2024-07-22,22,"Clemmons Middle","PM2.5","Forsyth",36.026612,-80.341962
2024-07-23,25,"Clemmons Middle","PM2.5","Forsyth",36.026612,-80.341962
2024-07-24,32,"Clemmons Middle","PM2.5","Forsyth",36.026612,-80.341962
2024-07-25,22,"Clemmons Middle","PM2.5","Forsyth",36.026612,-80.341962
2024-07-26,50,"Clemmons Middle","PM2.5","Forsyth",36.026612,-80.341962
2024-07-27,59,"Clemmons Middle","PM2.5","Forsyth",36.026612,-80.341962
2024-07-28,59,"Clemmons Middle","PM2.5","Forsyth",36.026612,-80.341962
2024-07-29,44,"Clemmons Middle","PM2.5","Forsyth",36.026612,-80.341962
2024-07-30,34,"Clemmons Middle","PM2.5","Forsyth",36.026612,-80.341962
2024-07-31,37,"Clemmons Middle","PM2.5","Forsyth",36.026612,-80.341962
2024-08-01,38,"Clemmons Middle","PM2.5","Forsyth",36.026612,-80.341962
2024-08-02,50,"Clemmons Middle","PM2.5","Forsyth",36.026612,-80.341962
2024-08-03,56,"Clemmons Middle","PM2.5","Forsyth",36.026612,-80.341962
2024-08-04,38,"Clemmons Middle","PM2.5","Forsyth",36.026612,-80.341962
2024-08-05,34,"Clemmons Middle","PM2.5","Forsyth",36.026612,-80.341962
2024-08-06,19,"Clemmons Middle","PM2.5","Forsyth",36.026612,-80.341962
2024-08-07,21,"Clemmons Middle","PM2.5","Forsyth",36.026612,-80.341962
2024-08-08,13,"Clemmons Middle","PM2.5","Forsyth",36.026612,-80.341962
2024-08-09,22,"Clemmons Middle","PM2.5","Forsyth",36.026612,-80.341962
2024-08-10,43,"Clemmons Middle","PM2.5","Forsyth",36.026612,-80.341962
2024-08-11,51,"Clemmons Middle","PM2.5","Forsyth",36.026612,-80.341962
2024-08-12,43,"Clemmons Middle","PM2.5","Forsyth",36.026612,-80.341962
2024-08-13,41,"Clemmons Middle","PM2.5","Forsyth",36.026612,-80.341962
2024-08-14,43,"Clemmons Middle","PM2.5","Forsyth",36.026612,-80.341962
2024-08-15,52,"Clemmons Middle","PM2.5","Forsyth",36.026612,-80.341962
2024-08-16,53,"Clemmons Middle","PM2.5","Forsyth",36.026612,-80.341962
2024-08-17,32,"Clemmons Middle","PM2.5","Forsyth",36.026612,-80.341962
2024-08-18,33,"Clemmons Middle","PM2.5","Forsyth",36.026612,-80.341962
2024-08-19,25,"Clemmons Middle","PM2.5","Forsyth",36.026612,-80.341962
2024-08-20,43,"Clemmons Middle","PM2.5","Forsyth",36.026612,-80.341962
2024-08-21,43,"Clemmons Middle","PM2.5","Forsyth",36.026612,-80.341962
2024-08-22,47,"Clemmons Middle","PM2.5","Forsyth",36.026612,-80.341962
2024-08-23,50,"Clemmons Middle","PM2.5","Forsyth",36.026612,-80.341962
2024-08-24,54,"Clemmons Middle","PM2.5","Forsyth",36.026612,-80.341962
2024-08-25,56,"Clemmons Middle","PM2.5","Forsyth",36.026612,-80.341962
2024-08-26,59,"Clemmons Middle","PM2.5","Forsyth",36.026612,-80.341962
2024-08-27,63,"Clemmons Middle","PM2.5","Forsyth",36.026612,-80.341962
2024-08-28,64,"Clemmons Middle","PM2.5","Forsyth",36.026612,-80.341962
2024-08-29,60,"Clemmons Middle","PM2.5","Forsyth",36.026612,-80.341962
2024-08-30,52,"Clemmons Middle","PM2.5","Forsyth",36.026612,-80.341962
2024-08-31,43,"Clemmons Middle","PM2.5","Forsyth",36.026612,-80.341962
2024-09-01,31,"Clemmons Middle","PM2.5","Forsyth",36.026612,-80.341962
2024-09-02,35,"Clemmons Middle","PM2.5","Forsyth",36.026612,-80.341962
2024-09-03,21,"Clemmons Middle","PM2.5","Forsyth",36.026612,-80.341962
2024-09-04,23,"Clemmons Middle","PM2.5","Forsyth",36.026612,-80.341962
2024-09-05,28,"Clemmons Middle","PM2.5","Forsyth",36.026612,-80.341962
2024-09-06,33,"Clemmons Middle","PM2.5","Forsyth",36.026612,-80.341962
2024-09-07,31,"Clemmons Middle","PM2.5","Forsyth",36.026612,-80.341962
2024-09-08,18,"Clemmons Middle","PM2.5","Forsyth",36.026612,-80.341962
2024-09-09,28,"Clemmons Middle","PM2.5","Forsyth",36.026612,-80.341962
2024-09-10,29,"Clemmons Middle","PM2.5","Forsyth",36.026612,-80.341962
2024-09-11,38,"Clemmons Middle","PM2.5","Forsyth",36.026612,-80.341962
2024-09-12,47,"Clemmons Middle","PM2.5","Forsyth",36.026612,-80.341962
2024-09-13,37,"Clemmons Middle","PM2.5","Forsyth",36.026612,-80.341962
2024-09-14,27,"Clemmons Middle","PM2.5","Forsyth",36.026612,-80.341962
2024-09-15,34,"Clemmons Middle","PM2.5","Forsyth",36.026612,-80.341962
2024-09-16,34,"Clemmons Middle","PM2.5","Forsyth",36.026612,-80.341962
2024-09-17,20,"Clemmons Middle","PM2.5","Forsyth",36.026612,-80.341962
2024-09-18,41,"Clemmons Middle","PM2.5","Forsyth",36.026612,-80.341962
2024-09-19,17,"Clemmons Middle","PM2.5","Forsyth",36.026612,-80.341962
2024-09-20,27,"Clemmons Middle","PM2.5","Forsyth",36.026612,-80.341962
2024-09-21,39,"Clemmons Middle","PM2.5","Forsyth",36.026612,-80.341962
2024-09-22,46,"Clemmons Middle","PM2.5","Forsyth",36.026612,-80.341962
2024-09-23,53,"Clemmons Middle","PM2.5","Forsyth",36.026612,-80.341962
2024-09-24,53,"Clemmons Middle","PM2.5","Forsyth",36.026612,-80.341962
2024-09-25,34,"Clemmons Middle","PM2.5","Forsyth",36.026612,-80.341962
2024-09-26,23,"Clemmons Middle","PM2.5","Forsyth",36.026612,-80.341962
2024-09-27,20,"Clemmons Middle","PM2.5","Forsyth",36.026612,-80.341962
2024-09-28,43,"Clemmons Middle","PM2.5","Forsyth",36.026612,-80.341962
2024-09-29,43,"Clemmons Middle","PM2.5","Forsyth",36.026612,-80.341962
2024-09-30,46,"Clemmons Middle","PM2.5","Forsyth",36.026612,-80.341962
2024-10-01,18,"Clemmons Middle","PM2.5","Forsyth",36.026612,-80.341962
2024-10-02,20,"Clemmons Middle","PM2.5","Forsyth",36.026612,-80.341962
2024-10-03,36,"Clemmons Middle","PM2.5","Forsyth",36.026612,-80.341962
2024-10-04,40,"Clemmons Middle","PM2.5","Forsyth",36.026612,-80.341962
2024-10-05,46,"Clemmons Middle","PM2.5","Forsyth",36.026612,-80.341962
2024-10-06,53,"Clemmons Middle","PM2.5","Forsyth",36.026612,-80.341962
2024-10-07,54,"Clemmons Middle","PM2.5","Forsyth",36.026612,-80.341962
2024-10-08,51,"Clemmons Middle","PM2.5","Forsyth",36.026612,-80.341962
2024-10-09,34,"Clemmons Middle","PM2.5","Forsyth",36.026612,-80.341962
2024-10-10,21,"Clemmons Middle","PM2.5","Forsyth",36.026612,-80.341962
2024-10-11,25,"Clemmons Middle","PM2.5","Forsyth",36.026612,-80.341962
2024-10-12,48,"Clemmons Middle","PM2.5","Forsyth",36.026612,-80.341962
2024-10-13,51,"Clemmons Middle","PM2.5","Forsyth",36.026612,-80.341962
2024-10-14,38,"Clemmons Middle","PM2.5","Forsyth",36.026612,-80.341962
2024-10-15,17,"Clemmons Middle","PM2.5","Forsyth",36.026612,-80.341962
2024-10-16,13,"Clemmons Middle","PM2.5","Forsyth",36.026612,-80.341962
2024-10-17,23,"Clemmons Middle","PM2.5","Forsyth",36.026612,-80.341962
2024-10-18,28,"Clemmons Middle","PM2.5","Forsyth",36.026612,-80.341962
2024-10-19,32,"Clemmons Middle","PM2.5","Forsyth",36.026612,-80.341962
2024-10-20,35,"Clemmons Middle","PM2.5","Forsyth",36.026612,-80.341962
2024-10-21,37,"Clemmons Middle","PM2.5","Forsyth",36.026612,-80.341962
2024-10-22,37,"Clemmons Middle","PM2.5","Forsyth",36.026612,-80.341962
2024-10-23,43,"Clemmons Middle","PM2.5","Forsyth",36.026612,-80.341962
2024-10-24,52,"Clemmons Middle","PM2.5","Forsyth",36.026612,-80.341962
2024-10-25,57,"Clemmons Middle","PM2.5","Forsyth",36.026612,-80.341962
2024-10-26,57,"Clemmons Middle","PM2.5","Forsyth",36.026612,-80.341962
2024-10-27,31,"Clemmons Middle","PM2.5","Forsyth",36.026612,-80.341962
2024-10-28,47,"Clemmons Middle","PM2.5","Forsyth",36.026612,-80.341962
2024-10-29,54,"Clemmons Middle","PM2.5","Forsyth",36.026612,-80.341962
2024-10-30,52,"Clemmons Middle","PM2.5","Forsyth",36.026612,-80.341962
2024-10-31,46,"Clemmons Middle","PM2.5","Forsyth",36.026612,-80.341962
2024-11-01,44,"Clemmons Middle","PM2.5","Forsyth",36.026612,-80.341962
2024-11-02,35,"Clemmons Middle","PM2.5","Forsyth",36.026612,-80.341962
2024-11-03,37,"Clemmons Middle","PM2.5","Forsyth",36.026612,-80.341962
2024-11-04,33,"Clemmons Middle","PM2.5","Forsyth",36.026612,-80.341962
2024-11-05,41,"Clemmons Middle","PM2.5","Forsyth",36.026612,-80.341962
2024-11-06,44,"Clemmons Middle","PM2.5","Forsyth",36.026612,-80.341962
2024-11-07,29,"Clemmons Middle","PM2.5","Forsyth",36.026612,-80.341962
2024-11-08,42,"Clemmons Middle","PM2.5","Forsyth",36.026612,-80.341962
2024-11-09,33,"Clemmons Middle","PM2.5","Forsyth",36.026612,-80.341962
2024-11-10,44,"Clemmons Middle","PM2.5","Forsyth",36.026612,-80.341962
2024-11-11,46,"Clemmons Middle","PM2.5","Forsyth",36.026612,-80.341962
2024-11-12,25,"Clemmons Middle","PM2.5","Forsyth",36.026612,-80.341962
2024-11-13,16,"Clemmons Middle","PM2.5","Forsyth",36.026612,-80.341962
2024-11-14,26,"Clemmons Middle","PM2.5","Forsyth",36.026612,-80.341962
2024-11-15,20,"Clemmons Middle","PM2.5","Forsyth",36.026612,-80.341962
2024-11-16,25,"Clemmons Middle","PM2.5","Forsyth",36.026612,-80.341962
2024-11-17,56,"Clemmons Middle","PM2.5","Forsyth",36.026612,-80.341962
2024-11-18,58,"Clemmons Middle","PM2.5","Forsyth",36.026612,-80.341962
2024-11-19,56,"Clemmons Middle","PM2.5","Forsyth",36.026612,-80.341962
2024-11-20,42,"Clemmons Middle","PM2.5","Forsyth",36.026612,-80.341962
2024-11-21,12,"Clemmons Middle","PM2.5","Forsyth",36.026612,-80.341962
2024-11-22,11,"Clemmons Middle","PM2.5","Forsyth",36.026612,-80.341962
2024-11-23,7,"Clemmons Middle","PM2.5","Forsyth",36.026612,-80.341962
2024-11-24,29,"Clemmons Middle","PM2.5","Forsyth",36.026612,-80.341962
2024-11-25,50,"Clemmons Middle","PM2.5","Forsyth",36.026612,-80.341962
2024-11-26,44,"Clemmons Middle","PM2.5","Forsyth",36.026612,-80.341962
2024-11-27,51,"Clemmons Middle","PM2.5","Forsyth",36.026612,-80.341962
2024-11-28,48,"Clemmons Middle","PM2.5","Forsyth",36.026612,-80.341962
2024-11-29,29,"Clemmons Middle","PM2.5","Forsyth",36.026612,-80.341962
2024-11-30,27,"Clemmons Middle","PM2.5","Forsyth",36.026612,-80.341962
2024-12-01,38,"Clemmons Middle","PM2.5","Forsyth",36.026612,-80.341962
2024-12-02,24,"Clemmons Middle","PM2.5","Forsyth",36.026612,-80.341962
2024-12-03,33,"Clemmons Middle","PM2.5","Forsyth",36.026612,-80.341962
2024-12-04,53,"Clemmons Middle","PM2.5","Forsyth",36.026612,-80.341962
2024-12-05,47,"Clemmons Middle","PM2.5","Forsyth",36.026612,-80.341962
2024-12-06,29,"Clemmons Middle","PM2.5","Forsyth",36.026612,-80.341962
2024-12-07,50,"Clemmons Middle","PM2.5","Forsyth",36.026612,-80.341962
2024-12-08,53,"Clemmons Middle","PM2.5","Forsyth",36.026612,-80.341962
2024-12-09,57,"Clemmons Middle","PM2.5","Forsyth",36.026612,-80.341962
2024-12-10,58,"Clemmons Middle","PM2.5","Forsyth",36.026612,-80.341962
2024-12-11,14,"Clemmons Middle","PM2.5","Forsyth",36.026612,-80.341962
2024-12-12,22,"Clemmons Middle","PM2.5","Forsyth",36.026612,-80.341962
2024-12-13,51,"Clemmons Middle","PM2.5","Forsyth",36.026612,-80.341962
2024-12-14,49,"Clemmons Middle","PM2.5","Forsyth",36.026612,-80.341962
2024-12-15,41,"Clemmons Middle","PM2.5","Forsyth",36.026612,-80.341962
2024-12-16,44,"Clemmons Middle","PM2.5","Forsyth",36.026612,-80.341962
2024-12-17,49,"Clemmons Middle","PM2.5","Forsyth",36.026612,-80.341962
2024-12-18,54,"Clemmons Middle","PM2.5","Forsyth",36.026612,-80.341962
2024-12-19,17,"Clemmons Middle","PM2.5","Forsyth",36.026612,-80.341962
2024-12-20,31,"Clemmons Middle","PM2.5","Forsyth",36.026612,-80.341962
2024-12-21,22,"Clemmons Middle","PM2.5","Forsyth",36.026612,-80.341962
2024-12-22,29,"Clemmons Middle","PM2.5","Forsyth",36.026612,-80.341962
2024-12-23,59,"Clemmons Middle","PM2.5","Forsyth",36.026612,-80.341962
2024-12-24,62,"Clemmons Middle","PM2.5","Forsyth",36.026612,-80.341962
2024-12-25,53,"Clemmons Middle","PM2.5","Forsyth",36.026612,-80.341962
2024-12-26,57,"Clemmons Middle","PM2.5","Forsyth",36.026612,-80.341962
2024-12-27,59,"Clemmons Middle","PM2.5","Forsyth",36.026612,-80.341962
2024-12-28,25,"Clemmons Middle","PM2.5","Forsyth",36.026612,-80.341962
2024-12-29,19,"Clemmons Middle","PM2.5","Forsyth",36.026612,-80.341962
2024-12-30,23,"Clemmons Middle","PM2.5","Forsyth",36.026612,-80.341962
2024-12-31,53,"Clemmons Middle","PM2.5","Forsyth",36.026612,-80.341962
2024-01-01,53,"Mendenhall School","PM2.5","Guilford",36.1090060008986,-79.802314
2024-01-02,33,"Mendenhall School","PM2.5","Guilford",36.1090060008986,-79.802314
2024-01-03,55,"Mendenhall School","PM2.5","Guilford",36.1090060008986,-79.802314
2024-01-04,31,"Mendenhall School","PM2.5","Guilford",36.1090060008986,-79.802314
2024-01-05,51,"Mendenhall School","PM2.5","Guilford",36.1090060008986,-79.802314
2024-01-06,48,"Mendenhall School","PM2.5","Guilford",36.1090060008986,-79.802314
2024-01-07,24,"Mendenhall School","PM2.5","Guilford",36.1090060008986,-79.802314
2024-01-08,27,"Mendenhall School","PM2.5","Guilford",36.1090060008986,-79.802314
2024-01-09,27,"Mendenhall School","PM2.5","Guilford",36.1090060008986,-79.802314
2024-01-10,24,"Mendenhall School","PM2.5","Guilford",36.1090060008986,-79.802314
2024-01-11,46,"Mendenhall School","PM2.5","Guilford",36.1090060008986,-79.802314
2024-01-12,55,"Mendenhall School","PM2.5","Guilford",36.1090060008986,-79.802314
2024-01-13,22,"Mendenhall School","PM2.5","Guilford",36.1090060008986,-79.802314
2024-01-14,32,"Mendenhall School","PM2.5","Guilford",36.1090060008986,-79.802314
2024-01-15,39,"Mendenhall School","PM2.5","Guilford",36.1090060008986,-79.802314
2024-01-16,39,"Mendenhall School","PM2.5","Guilford",36.1090060008986,-79.802314
2024-01-23,60,"Mendenhall School","PM2.5","Guilford",36.1090060008986,-79.802314
2024-01-24,55,"Mendenhall School","PM2.5","Guilford",36.1090060008986,-79.802314
2024-01-25,17,"Mendenhall School","PM2.5","Guilford",36.1090060008986,-79.802314
2024-01-26,29,"Mendenhall School","PM2.5","Guilford",36.1090060008986,-79.802314
2024-01-27,24,"Mendenhall School","PM2.5","Guilford",36.1090060008986,-79.802314
2024-01-28,8,"Mendenhall School","PM2.5","Guilford",36.1090060008986,-79.802314
2024-01-29,0,"Mendenhall School","PM2.5","Guilford",36.1090060008986,-79.802314
2024-01-30,19,"Mendenhall School","PM2.5","Guilford",36.1090060008986,-79.802314
2024-01-31,35,"Mendenhall School","PM2.5","Guilford",36.1090060008986,-79.802314
2024-02-01,28,"Mendenhall School","PM2.5","Guilford",36.1090060008986,-79.802314
2024-02-02,35,"Mendenhall School","PM2.5","Guilford",36.1090060008986,-79.802314
2024-02-06,32,"Mendenhall School","PM2.5","Guilford",36.1090060008986,-79.802314
2024-02-07,37,"Mendenhall School","PM2.5","Guilford",36.1090060008986,-79.802314
2024-02-08,52,"Mendenhall School","PM2.5","Guilford",36.1090060008986,-79.802314
2024-02-09,69,"Mendenhall School","PM2.5","Guilford",36.1090060008986,-79.802314
2024-02-10,59,"Mendenhall School","PM2.5","Guilford",36.1090060008986,-79.802314
2024-02-11,29,"Mendenhall School","PM2.5","Guilford",36.1090060008986,-79.802314
2024-02-12,21,"Mendenhall School","PM2.5","Guilford",36.1090060008986,-79.802314
2024-02-13,12,"Mendenhall School","PM2.5","Guilford",36.1090060008986,-79.802314
2024-02-14,29,"Mendenhall School","PM2.5","Guilford",36.1090060008986,-79.802314
2024-02-15,36,"Mendenhall School","PM2.5","Guilford",36.1090060008986,-79.802314
2024-02-16,39,"Mendenhall School","PM2.5","Guilford",36.1090060008986,-79.802314
2024-02-17,27,"Mendenhall School","PM2.5","Guilford",36.1090060008986,-79.802314
2024-02-18,29,"Mendenhall School","PM2.5","Guilford",36.1090060008986,-79.802314
2024-02-19,32,"Mendenhall School","PM2.5","Guilford",36.1090060008986,-79.802314
2024-02-20,49,"Mendenhall School","PM2.5","Guilford",36.1090060008986,-79.802314
2024-02-21,54,"Mendenhall School","PM2.5","Guilford",36.1090060008986,-79.802314
2024-02-22,77,"Mendenhall School","PM2.5","Guilford",36.1090060008986,-79.802314
2024-02-23,73,"Mendenhall School","PM2.5","Guilford",36.1090060008986,-79.802314
2024-02-24,18,"Mendenhall School","PM2.5","Guilford",36.1090060008986,-79.802314
2024-02-25,21,"Mendenhall School","PM2.5","Guilford",36.1090060008986,-79.802314
2024-02-26,57,"Mendenhall School","PM2.5","Guilford",36.1090060008986,-79.802314
2024-02-27,63,"Mendenhall School","PM2.5","Guilford",36.1090060008986,-79.802314
2024-02-28,52,"Mendenhall School","PM2.5","Guilford",36.1090060008986,-79.802314
2024-02-29,17,"Mendenhall School","PM2.5","Guilford",36.1090060008986,-79.802314
2024-03-01,41,"Mendenhall School","PM2.5","Guilford",36.1090060008986,-79.802314
2024-03-02,18,"Mendenhall School","PM2.5","Guilford",36.1090060008986,-79.802314
2024-03-03,52,"Mendenhall School","PM2.5","Guilford",36.1090060008986,-79.802314
2024-03-04,28,"Mendenhall School","PM2.5","Guilford",36.1090060008986,-79.802314
2024-03-05,18,"Mendenhall School","PM2.5","Guilford",36.1090060008986,-79.802314
2024-03-06,34,"Mendenhall School","PM2.5","Guilford",36.1090060008986,-79.802314
2024-03-07,16,"Mendenhall School","PM2.5","Guilford",36.1090060008986,-79.802314
2024-03-08,24,"Mendenhall School","PM2.5","Guilford",36.1090060008986,-79.802314
2024-03-09,12,"Mendenhall School","PM2.5","Guilford",36.1090060008986,-79.802314
2024-03-10,10,"Mendenhall School","PM2.5","Guilford",36.1090060008986,-79.802314
2024-03-11,6,"Mendenhall School","PM2.5","Guilford",36.1090060008986,-79.802314
2024-03-12,19,"Mendenhall School","PM2.5","Guilford",36.1090060008986,-79.802314
2024-03-13,41,"Mendenhall School","PM2.5","Guilford",36.1090060008986,-79.802314
2024-03-14,62,"Mendenhall School","PM2.5","Guilford",36.1090060008986,-79.802314
2024-03-15,87,"Mendenhall School","PM2.5","Guilford",36.1090060008986,-79.802314
2024-03-16,41,"Mendenhall School","PM2.5","Guilford",36.1090060008986,-79.802314
2024-03-17,32,"Mendenhall School","PM2.5","Guilford",36.1090060008986,-79.802314
2024-03-18,13,"Mendenhall School","PM2.5","Guilford",36.1090060008986,-79.802314
2024-03-19,20,"Mendenhall School","PM2.5","Guilford",36.1090060008986,-79.802314
2024-03-20,32,"Mendenhall School","PM2.5","Guilford",36.1090060008986,-79.802314
2024-03-21,25,"Mendenhall School","PM2.5","Guilford",36.1090060008986,-79.802314
2024-03-22,55,"Mendenhall School","PM2.5","Guilford",36.1090060008986,-79.802314
2024-03-23,13,"Mendenhall School","PM2.5","Guilford",36.1090060008986,-79.802314
2024-03-24,22,"Mendenhall School","PM2.5","Guilford",36.1090060008986,-79.802314
2024-03-25,32,"Mendenhall School","PM2.5","Guilford",36.1090060008986,-79.802314
2024-03-26,48,"Mendenhall School","PM2.5","Guilford",36.1090060008986,-79.802314
2024-03-27,22,"Mendenhall School","PM2.5","Guilford",36.1090060008986,-79.802314
2024-03-28,18,"Mendenhall School","PM2.5","Guilford",36.1090060008986,-79.802314
2024-03-29,40,"Mendenhall School","PM2.5","Guilford",36.1090060008986,-79.802314
2024-03-30,46,"Mendenhall School","PM2.5","Guilford",36.1090060008986,-79.802314
2024-03-31,53,"Mendenhall School","PM2.5","Guilford",36.1090060008986,-79.802314
2024-04-01,59,"Mendenhall School","PM2.5","Guilford",36.1090060008986,-79.802314
2024-04-02,64,"Mendenhall School","PM2.5","Guilford",36.1090060008986,-79.802314
2024-04-03,37,"Mendenhall School","PM2.5","Guilford",36.1090060008986,-79.802314
2024-04-04,11,"Mendenhall School","PM2.5","Guilford",36.1090060008986,-79.802314
2024-04-05,6,"Mendenhall School","PM2.5","Guilford",36.1090060008986,-79.802314
2024-04-06,16,"Mendenhall School","PM2.5","Guilford",36.1090060008986,-79.802314
2024-04-07,28,"Mendenhall School","PM2.5","Guilford",36.1090060008986,-79.802314
2024-04-08,56,"Mendenhall School","PM2.5","Guilford",36.1090060008986,-79.802314
2024-04-09,53,"Mendenhall School","PM2.5","Guilford",36.1090060008986,-79.802314
2024-04-10,52,"Mendenhall School","PM2.5","Guilford",36.1090060008986,-79.802314
2024-04-11,23,"Mendenhall School","PM2.5","Guilford",36.1090060008986,-79.802314
2024-04-12,8,"Mendenhall School","PM2.5","Guilford",36.1090060008986,-79.802314
2024-04-13,22,"Mendenhall School","PM2.5","Guilford",36.1090060008986,-79.802314
2024-04-14,47,"Mendenhall School","PM2.5","Guilford",36.1090060008986,-79.802314
2024-04-15,56,"Mendenhall School","PM2.5","Guilford",36.1090060008986,-79.802314
2024-04-16,58,"Mendenhall School","PM2.5","Guilford",36.1090060008986,-79.802314
2024-04-17,64,"Mendenhall School","PM2.5","Guilford",36.1090060008986,-79.802314
2024-04-18,42,"Mendenhall School","PM2.5","Guilford",36.1090060008986,-79.802314
2024-04-19,60,"Mendenhall School","PM2.5","Guilford",36.1090060008986,-79.802314
2024-04-20,55,"Mendenhall School","PM2.5","Guilford",36.1090060008986,-79.802314
2024-04-21,23,"Mendenhall School","PM2.5","Guilford",36.1090060008986,-79.802314
2024-04-22,32,"Mendenhall School","PM2.5","Guilford",36.1090060008986,-79.802314
2024-04-23,41,"Mendenhall School","PM2.5","Guilford",36.1090060008986,-79.802314
2024-04-24,51,"Mendenhall School","PM2.5","Guilford",36.1090060008986,-79.802314
2024-04-25,35,"Mendenhall School","PM2.5","Guilford",36.1090060008986,-79.802314
2024-04-26,51,"Mendenhall School","PM2.5","Guilford",36.1090060008986,-79.802314
2024-04-27,44,"Mendenhall School","PM2.5","Guilford",36.1090060008986,-79.802314
2024-04-28,43,"Mendenhall School","PM2.5","Guilford",36.1090060008986,-79.802314
2024-04-29,53,"Mendenhall School","PM2.5","Guilford",36.1090060008986,-79.802314
2024-04-30,51,"Mendenhall School","PM2.5","Guilford",36.1090060008986,-79.802314
2024-05-01,53,"Mendenhall School","PM2.5","Guilford",36.1090060008986,-79.802314
2024-05-02,57,"Mendenhall School","PM2.5","Guilford",36.1090060008986,-79.802314
2024-05-03,55,"Mendenhall School","PM2.5","Guilford",36.1090060008986,-79.802314
2024-05-04,45,"Mendenhall School","PM2.5","Guilford",36.1090060008986,-79.802314
2024-05-05,18,"Mendenhall School","PM2.5","Guilford",36.1090060008986,-79.802314
2024-05-06,43,"Mendenhall School","PM2.5","Guilford",36.1090060008986,-79.802314
2024-05-07,37,"Mendenhall School","PM2.5","Guilford",36.1090060008986,-79.802314
2024-05-08,53,"Mendenhall School","PM2.5","Guilford",36.1090060008986,-79.802314
2024-05-09,24,"Mendenhall School","PM2.5","Guilford",36.1090060008986,-79.802314
2024-05-10,27,"Mendenhall School","PM2.5","Guilford",36.1090060008986,-79.802314
2024-05-11,24,"Mendenhall School","PM2.5","Guilford",36.1090060008986,-79.802314
2024-05-12,27,"Mendenhall School","PM2.5","Guilford",36.1090060008986,-79.802314
2024-05-13,43,"Mendenhall School","PM2.5","Guilford",36.1090060008986,-79.802314
2024-05-14,27,"Mendenhall School","PM2.5","Guilford",36.1090060008986,-79.802314
2024-05-15,13,"Mendenhall School","PM2.5","Guilford",36.1090060008986,-79.802314
2024-05-16,17,"Mendenhall School","PM2.5","Guilford",36.1090060008986,-79.802314
2024-05-17,35,"Mendenhall School","PM2.5","Guilford",36.1090060008986,-79.802314
2024-05-18,31,"Mendenhall School","PM2.5","Guilford",36.1090060008986,-79.802314
2024-05-19,15,"Mendenhall School","PM2.5","Guilford",36.1090060008986,-79.802314
2024-05-20,26,"Mendenhall School","PM2.5","Guilford",36.1090060008986,-79.802314
2024-05-21,37,"Mendenhall School","PM2.5","Guilford",36.1090060008986,-79.802314
2024-05-22,51,"Mendenhall School","PM2.5","Guilford",36.1090060008986,-79.802314
2024-05-23,52,"Mendenhall School","PM2.5","Guilford",36.1090060008986,-79.802314
2024-05-24,39,"Mendenhall School","PM2.5","Guilford",36.1090060008986,-79.802314
2024-05-25,44,"Mendenhall School","PM2.5","Guilford",36.1090060008986,-79.802314
2024-05-26,46,"Mendenhall School","PM2.5","Guilford",36.1090060008986,-79.802314
2024-05-27,33,"Mendenhall School","PM2.5","Guilford",36.1090060008986,-79.802314
2024-05-28,26,"Mendenhall School","PM2.5","Guilford",36.1090060008986,-79.802314
2024-05-29,23,"Mendenhall School","PM2.5","Guilford",36.1090060008986,-79.802314
2024-05-30,17,"Mendenhall School","PM2.5","Guilford",36.1090060008986,-79.802314
2024-05-31,29,"Mendenhall School","PM2.5","Guilford",36.1090060008986,-79.802314
2024-06-01,46,"Mendenhall School","PM2.5","Guilford",36.1090060008986,-79.802314
2024-06-02,47,"Mendenhall School","PM2.5","Guilford",36.1090060008986,-79.802314
2024-06-03,43,"Mendenhall School","PM2.5","Guilford",36.1090060008986,-79.802314
2024-06-04,44,"Mendenhall School","PM2.5","Guilford",36.1090060008986,-79.802314
2024-06-05,46,"Mendenhall School","PM2.5","Guilford",36.1090060008986,-79.802314
2024-06-06,42,"Mendenhall School","PM2.5","Guilford",36.1090060008986,-79.802314
2024-06-07,31,"Mendenhall School","PM2.5","Guilford",36.1090060008986,-79.802314
2024-06-08,39,"Mendenhall School","PM2.5","Guilford",36.1090060008986,-79.802314
2024-06-09,48,"Mendenhall School","PM2.5","Guilford",36.1090060008986,-79.802314
2024-06-10,23,"Mendenhall School","PM2.5","Guilford",36.1090060008986,-79.802314
2024-06-11,35,"Mendenhall School","PM2.5","Guilford",36.1090060008986,-79.802314
2024-06-12,53,"Mendenhall School","PM2.5","Guilford",36.1090060008986,-79.802314
2024-06-13,55,"Mendenhall School","PM2.5","Guilford",36.1090060008986,-79.802314
2024-06-14,58,"Mendenhall School","PM2.5","Guilford",36.1090060008986,-79.802314
2024-06-15,50,"Mendenhall School","PM2.5","Guilford",36.1090060008986,-79.802314
2024-06-16,51,"Mendenhall School","PM2.5","Guilford",36.1090060008986,-79.802314
2024-06-17,51,"Mendenhall School","PM2.5","Guilford",36.1090060008986,-79.802314
2024-06-18,52,"Mendenhall School","PM2.5","Guilford",36.1090060008986,-79.802314
2024-06-19,34,"Mendenhall School","PM2.5","Guilford",36.1090060008986,-79.802314
2024-06-20,48,"Mendenhall School","PM2.5","Guilford",36.1090060008986,-79.802314
2024-06-21,53,"Mendenhall School","PM2.5","Guilford",36.1090060008986,-79.802314
2024-06-22,42,"Mendenhall School","PM2.5","Guilford",36.1090060008986,-79.802314
2024-06-23,44,"Mendenhall School","PM2.5","Guilford",36.1090060008986,-79.802314
2024-06-24,38,"Mendenhall School","PM2.5","Guilford",36.1090060008986,-79.802314
2024-06-25,39,"Mendenhall School","PM2.5","Guilford",36.1090060008986,-79.802314
2024-06-26,62,"Mendenhall School","PM2.5","Guilford",36.1090060008986,-79.802314
2024-06-27,41,"Mendenhall School","PM2.5","Guilford",36.1090060008986,-79.802314
2024-06-28,52,"Mendenhall School","PM2.5","Guilford",36.1090060008986,-79.802314
2024-06-29,49,"Mendenhall School","PM2.5","Guilford",36.1090060008986,-79.802314
2024-06-30,47,"Mendenhall School","PM2.5","Guilford",36.1090060008986,-79.802314
2024-07-01,28,"Mendenhall School","PM2.5","Guilford",36.1090060008986,-79.802314
2024-07-02,26,"Mendenhall School","PM2.5","Guilford",36.1090060008986,-79.802314
2024-07-03,51,"Mendenhall School","PM2.5","Guilford",36.1090060008986,-79.802314
2024-07-04,61,"Mendenhall School","PM2.5","Guilford",36.1090060008986,-79.802314
2024-07-05,65,"Mendenhall School","PM2.5","Guilford",36.1090060008986,-79.802314
2024-07-06,35,"Mendenhall School","PM2.5","Guilford",36.1090060008986,-79.802314
2024-07-07,38,"Mendenhall School","PM2.5","Guilford",36.1090060008986,-79.802314
2024-07-08,43,"Mendenhall School","PM2.5","Guilford",36.1090060008986,-79.802314
2024-07-09,53,"Mendenhall School","PM2.5","Guilford",36.1090060008986,-79.802314
2024-07-10,37,"Mendenhall School","PM2.5","Guilford",36.1090060008986,-79.802314
2024-07-11,22,"Mendenhall School","PM2.5","Guilford",36.1090060008986,-79.802314
2024-07-12,26,"Mendenhall School","PM2.5","Guilford",36.1090060008986,-79.802314
2024-07-13,27,"Mendenhall School","PM2.5","Guilford",36.1090060008986,-79.802314
2024-07-14,54,"Mendenhall School","PM2.5","Guilford",36.1090060008986,-79.802314
2024-07-15,59,"Mendenhall School","PM2.5","Guilford",36.1090060008986,-79.802314
2024-07-16,58,"Mendenhall School","PM2.5","Guilford",36.1090060008986,-79.802314
2024-07-17,51,"Mendenhall School","PM2.5","Guilford",36.1090060008986,-79.802314
2024-07-18,46,"Mendenhall School","PM2.5","Guilford",36.1090060008986,-79.802314
2024-07-19,45,"Mendenhall School","PM2.5","Guilford",36.1090060008986,-79.802314
2024-07-20,28,"Mendenhall School","PM2.5","Guilford",36.1090060008986,-79.802314
2024-07-21,31,"Mendenhall School","PM2.5","Guilford",36.1090060008986,-79.802314
2024-07-22,26,"Mendenhall School","PM2.5","Guilford",36.1090060008986,-79.802314
2024-07-23,31,"Mendenhall School","PM2.5","Guilford",36.1090060008986,-79.802314
2024-07-24,31,"Mendenhall School","PM2.5","Guilford",36.1090060008986,-79.802314
2024-07-25,22,"Mendenhall School","PM2.5","Guilford",36.1090060008986,-79.802314
2024-07-26,51,"Mendenhall School","PM2.5","Guilford",36.1090060008986,-79.802314
2024-07-27,60,"Mendenhall School","PM2.5","Guilford",36.1090060008986,-79.802314
2024-07-28,61,"Mendenhall School","PM2.5","Guilford",36.1090060008986,-79.802314
2024-07-29,53,"Mendenhall School","PM2.5","Guilford",36.1090060008986,-79.802314
2024-07-30,39,"Mendenhall School","PM2.5","Guilford",36.1090060008986,-79.802314
2024-07-31,37,"Mendenhall School","PM2.5","Guilford",36.1090060008986,-79.802314
2024-08-01,47,"Mendenhall School","PM2.5","Guilford",36.1090060008986,-79.802314
2024-08-02,56,"Mendenhall School","PM2.5","Guilford",36.1090060008986,-79.802314
2024-08-03,59,"Mendenhall School","PM2.5","Guilford",36.1090060008986,-79.802314
2024-08-04,43,"Mendenhall School","PM2.5","Guilford",36.1090060008986,-79.802314
2024-08-05,41,"Mendenhall School","PM2.5","Guilford",36.1090060008986,-79.802314
2024-08-06,18,"Mendenhall School","PM2.5","Guilford",36.1090060008986,-79.802314
2024-08-07,26,"Mendenhall School","PM2.5","Guilford",36.1090060008986,-79.802314
2024-08-08,14,"Mendenhall School","PM2.5","Guilford",36.1090060008986,-79.802314
2024-08-09,25,"Mendenhall School","PM2.5","Guilford",36.1090060008986,-79.802314
2024-08-10,46,"Mendenhall School","PM2.5","Guilford",36.1090060008986,-79.802314
2024-08-11,51,"Mendenhall School","PM2.5","Guilford",36.1090060008986,-79.802314
2024-08-12,44,"Mendenhall School","PM2.5","Guilford",36.1090060008986,-79.802314
2024-08-13,48,"Mendenhall School","PM2.5","Guilford",36.1090060008986,-79.802314
2024-08-14,44,"Mendenhall School","PM2.5","Guilford",36.1090060008986,-79.802314
2024-08-15,50,"Mendenhall School","PM2.5","Guilford",36.1090060008986,-79.802314
2024-08-16,59,"Mendenhall School","PM2.5","Guilford",36.1090060008986,-79.802314
2024-08-17,54,"Mendenhall School","PM2.5","Guilford",36.1090060008986,-79.802314
2024-08-18,34,"Mendenhall School","PM2.5","Guilford",36.1090060008986,-79.802314
2024-08-19,23,"Mendenhall School","PM2.5","Guilford",36.1090060008986,-79.802314
2024-08-20,41,"Mendenhall School","PM2.5","Guilford",36.1090060008986,-79.802314
2024-08-21,37,"Mendenhall School","PM2.5","Guilford",36.1090060008986,-79.802314
2024-08-22,41,"Mendenhall School","PM2.5","Guilford",36.1090060008986,-79.802314
2024-08-23,53,"Mendenhall School","PM2.5","Guilford",36.1090060008986,-79.802314
2024-08-24,54,"Mendenhall School","PM2.5","Guilford",36.1090060008986,-79.802314
2024-08-25,54,"Mendenhall School","PM2.5","Guilford",36.1090060008986,-79.802314
2024-08-26,59,"Mendenhall School","PM2.5","Guilford",36.1090060008986,-79.802314
2024-08-27,64,"Mendenhall School","PM2.5","Guilford",36.1090060008986,-79.802314
2024-08-28,67,"Mendenhall School","PM2.5","Guilford",36.1090060008986,-79.802314
2024-08-29,63,"Mendenhall School","PM2.5","Guilford",36.1090060008986,-79.802314
2024-08-30,54,"Mendenhall School","PM2.5","Guilford",36.1090060008986,-79.802314
2024-08-31,52,"Mendenhall School","PM2.5","Guilford",36.1090060008986,-79.802314
2024-09-01,39,"Mendenhall School","PM2.5","Guilford",36.1090060008986,-79.802314
2024-09-02,40,"Mendenhall School","PM2.5","Guilford",36.1090060008986,-79.802314
2024-09-03,16,"Mendenhall School","PM2.5","Guilford",36.1090060008986,-79.802314
2024-09-04,27,"Mendenhall School","PM2.5","Guilford",36.1090060008986,-79.802314
2024-09-05,26,"Mendenhall School","PM2.5","Guilford",36.1090060008986,-79.802314
2024-09-06,34,"Mendenhall School","PM2.5","Guilford",36.1090060008986,-79.802314
2024-09-07,33,"Mendenhall School","PM2.5","Guilford",36.1090060008986,-79.802314
2024-09-08,21,"Mendenhall School","PM2.5","Guilford",36.1090060008986,-79.802314
2024-09-09,31,"Mendenhall School","PM2.5","Guilford",36.1090060008986,-79.802314
2024-09-10,36,"Mendenhall School","PM2.5","Guilford",36.1090060008986,-79.802314
2024-09-11,43,"Mendenhall School","PM2.5","Guilford",36.1090060008986,-79.802314
2024-09-12,50,"Mendenhall School","PM2.5","Guilford",36.1090060008986,-79.802314
2024-09-13,34,"Mendenhall School","PM2.5","Guilford",36.1090060008986,-79.802314
2024-09-14,28,"Mendenhall School","PM2.5","Guilford",36.1090060008986,-79.802314
2024-09-15,34,"Mendenhall School","PM2.5","Guilford",36.1090060008986,-79.802314
2024-09-16,29,"Mendenhall School","PM2.5","Guilford",36.1090060008986,-79.802314
2024-09-17,18,"Mendenhall School","PM2.5","Guilford",36.1090060008986,-79.802314
2024-09-18,34,"Mendenhall School","PM2.5","Guilford",36.1090060008986,-79.802314
2024-09-19,16,"Mendenhall School","PM2.5","Guilford",36.1090060008986,-79.802314
2024-09-20,24,"Mendenhall School","PM2.5","Guilford",36.1090060008986,-79.802314
2024-09-21,53,"Mendenhall School","PM2.5","Guilford",36.1090060008986,-79.802314
2024-09-22,49,"Mendenhall School","PM2.5","Guilford",36.1090060008986,-79.802314
2024-09-23,53,"Mendenhall School","PM2.5","Guilford",36.1090060008986,-79.802314
2024-09-24,57,"Mendenhall School","PM2.5","Guilford",36.1090060008986,-79.802314
2024-09-25,39,"Mendenhall School","PM2.5","Guilford",36.1090060008986,-79.802314
2024-09-26,23,"Mendenhall School","PM2.5","Guilford",36.1090060008986,-79.802314
2024-09-27,26,"Mendenhall School","PM2.5","Guilford",36.1090060008986,-79.802314
2024-09-28,52,"Mendenhall School","PM2.5","Guilford",36.1090060008986,-79.802314
2024-09-29,57,"Mendenhall School","PM2.5","Guilford",36.1090060008986,-79.802314
2024-09-30,59,"Mendenhall School","PM2.5","Guilford",36.1090060008986,-79.802314
2024-10-01,11,"Mendenhall School","PM2.5","Guilford",36.1090060008986,-79.802314
2024-10-02,18,"Mendenhall School","PM2.5","Guilford",36.1090060008986,-79.802314
2024-10-03,37,"Mendenhall School","PM2.5","Guilford",36.1090060008986,-79.802314
2024-10-04,39,"Mendenhall School","PM2.5","Guilford",36.1090060008986,-79.802314
2024-10-05,46,"Mendenhall School","PM2.5","Guilford",36.1090060008986,-79.802314
2024-10-06,54,"Mendenhall School","PM2.5","Guilford",36.1090060008986,-79.802314
2024-10-07,51,"Mendenhall School","PM2.5","Guilford",36.1090060008986,-79.802314
2024-10-08,42,"Mendenhall School","PM2.5","Guilford",36.1090060008986,-79.802314
2024-10-09,29,"Mendenhall School","PM2.5","Guilford",36.1090060008986,-79.802314
2024-10-10,24,"Mendenhall School","PM2.5","Guilford",36.1090060008986,-79.802314
2024-10-16,9,"Mendenhall School","PM2.5","Guilford",36.1090060008986,-79.802314
2024-10-17,24,"Mendenhall School","PM2.5","Guilford",36.1090060008986,-79.802314
2024-10-18,34,"Mendenhall School","PM2.5","Guilford",36.1090060008986,-79.802314
2024-10-19,46,"Mendenhall School","PM2.5","Guilford",36.1090060008986,-79.802314
2024-10-20,47,"Mendenhall School","PM2.5","Guilford",36.1090060008986,-79.802314
2024-10-21,36,"Mendenhall School","PM2.5","Guilford",36.1090060008986,-79.802314
2024-10-22,52,"Mendenhall School","PM2.5","Guilford",36.1090060008986,-79.802314
2024-10-23,47,"Mendenhall School","PM2.5","Guilford",36.1090060008986,-79.802314
2024-10-24,50,"Mendenhall School","PM2.5","Guilford",36.1090060008986,-79.802314
2024-10-25,56,"Mendenhall School","PM2.5","Guilford",36.1090060008986,-79.802314
2024-10-26,55,"Mendenhall School","PM2.5","Guilford",36.1090060008986,-79.802314
2024-10-27,40,"Mendenhall School","PM2.5","Guilford",36.1090060008986,-79.802314
2024-10-28,48,"Mendenhall School","PM2.5","Guilford",36.1090060008986,-79.802314
2024-10-29,52,"Mendenhall School","PM2.5","Guilford",36.1090060008986,-79.802314
2024-10-30,52,"Mendenhall School","PM2.5","Guilford",36.1090060008986,-79.802314
2024-10-31,49,"Mendenhall School","PM2.5","Guilford",36.1090060008986,-79.802314
2024-11-01,42,"Mendenhall School","PM2.5","Guilford",36.1090060008986,-79.802314
2024-11-02,37,"Mendenhall School","PM2.5","Guilford",36.1090060008986,-79.802314
2024-11-03,44,"Mendenhall School","PM2.5","Guilford",36.1090060008986,-79.802314
2024-11-04,37,"Mendenhall School","PM2.5","Guilford",36.1090060008986,-79.802314
2024-11-05,47,"Mendenhall School","PM2.5","Guilford",36.1090060008986,-79.802314
2024-11-06,47,"Mendenhall School","PM2.5","Guilford",36.1090060008986,-79.802314
2024-11-07,33,"Mendenhall School","PM2.5","Guilford",36.1090060008986,-79.802314
2024-11-08,45,"Mendenhall School","PM2.5","Guilford",36.1090060008986,-79.802314
2024-11-09,36,"Mendenhall School","PM2.5","Guilford",36.1090060008986,-79.802314
2024-11-10,46,"Mendenhall School","PM2.5","Guilford",36.1090060008986,-79.802314
2024-11-11,47,"Mendenhall School","PM2.5","Guilford",36.1090060008986,-79.802314
2024-11-12,24,"Mendenhall School","PM2.5","Guilford",36.1090060008986,-79.802314
2024-11-13,18,"Mendenhall School","PM2.5","Guilford",36.1090060008986,-79.802314
2024-11-14,27,"Mendenhall School","PM2.5","Guilford",36.1090060008986,-79.802314
2024-11-15,13,"Mendenhall School","PM2.5","Guilford",36.1090060008986,-79.802314
2024-11-16,37,"Mendenhall School","PM2.5","Guilford",36.1090060008986,-79.802314
2024-11-17,53,"Mendenhall School","PM2.5","Guilford",36.1090060008986,-79.802314
2024-11-18,59,"Mendenhall School","PM2.5","Guilford",36.1090060008986,-79.802314
2024-11-19,58,"Mendenhall School","PM2.5","Guilford",36.1090060008986,-79.802314
2024-11-20,43,"Mendenhall School","PM2.5","Guilford",36.1090060008986,-79.802314
2024-11-21,12,"Mendenhall School","PM2.5","Guilford",36.1090060008986,-79.802314
2024-11-22,5,"Mendenhall School","PM2.5","Guilford",36.1090060008986,-79.802314
2024-11-23,9,"Mendenhall School","PM2.5","Guilford",36.1090060008986,-79.802314
2024-11-24,46,"Mendenhall School","PM2.5","Guilford",36.1090060008986,-79.802314
2024-11-25,64,"Mendenhall School","PM2.5","Guilford",36.1090060008986,-79.802314
2024-11-26,50,"Mendenhall School","PM2.5","Guilford",36.1090060008986,-79.802314
2024-11-27,40,"Mendenhall School","PM2.5","Guilford",36.1090060008986,-79.802314
2024-11-28,37,"Mendenhall School","PM2.5","Guilford",36.1090060008986,-79.802314
2024-11-29,22,"Mendenhall School","PM2.5","Guilford",36.1090060008986,-79.802314
2024-11-30,28,"Mendenhall School","PM2.5","Guilford",36.1090060008986,-79.802314
2024-12-01,32,"Mendenhall School","PM2.5","Guilford",36.1090060008986,-79.802314
2024-12-02,19,"Mendenhall School","PM2.5","Guilford",36.1090060008986,-79.802314
2024-12-03,23,"Mendenhall School","PM2.5","Guilford",36.1090060008986,-79.802314
2024-12-04,52,"Mendenhall School","PM2.5","Guilford",36.1090060008986,-79.802314
2024-12-05,46,"Mendenhall School","PM2.5","Guilford",36.1090060008986,-79.802314
2024-12-06,26,"Mendenhall School","PM2.5","Guilford",36.1090060008986,-79.802314
2024-12-07,46,"Mendenhall School","PM2.5","Guilford",36.1090060008986,-79.802314
2024-12-08,52,"Mendenhall School","PM2.5","Guilford",36.1090060008986,-79.802314
2024-12-09,56,"Mendenhall School","PM2.5","Guilford",36.1090060008986,-79.802314
2024-12-10,55,"Mendenhall School","PM2.5","Guilford",36.1090060008986,-79.802314
2024-12-11,13,"Mendenhall School","PM2.5","Guilford",36.1090060008986,-79.802314
2024-12-12,31,"Mendenhall School","PM2.5","Guilford",36.1090060008986,-79.802314
2024-12-13,52,"Mendenhall School","PM2.5","Guilford",36.1090060008986,-79.802314
2024-12-14,53,"Mendenhall School","PM2.5","Guilford",36.1090060008986,-79.802314
2024-12-15,29,"Mendenhall School","PM2.5","Guilford",36.1090060008986,-79.802314
2024-12-16,34,"Mendenhall School","PM2.5","Guilford",36.1090060008986,-79.802314
2024-12-17,46,"Mendenhall School","PM2.5","Guilford",36.1090060008986,-79.802314
2024-12-18,52,"Mendenhall School","PM2.5","Guilford",36.1090060008986,-79.802314
2024-12-19,9,"Mendenhall School","PM2.5","Guilford",36.1090060008986,-79.802314
2024-12-20,21,"Mendenhall School","PM2.5","Guilford",36.1090060008986,-79.802314
2024-12-21,7,"Mendenhall School","PM2.5","Guilford",36.1090060008986,-79.802314
2024-12-22,44,"Mendenhall School","PM2.5","Guilford",36.1090060008986,-79.802314
2024-12-23,60,"Mendenhall School","PM2.5","Guilford",36.1090060008986,-79.802314
2024-12-24,59,"Mendenhall School","PM2.5","Guilford",36.1090060008986,-79.802314
2024-12-25,51,"Mendenhall School","PM2.5","Guilford",36.1090060008986,-79.802314
2024-12-26,51,"Mendenhall School","PM2.5","Guilford",36.1090060008986,-79.802314
2024-12-27,55,"Mendenhall School","PM2.5","Guilford",36.1090060008986,-79.802314
2024-12-28,31,"Mendenhall School","PM2.5","Guilford",36.1090060008986,-79.802314
2024-12-29,17,"Mendenhall School","PM2.5","Guilford",36.1090060008986,-79.802314
2024-12-30,19,"Mendenhall School","PM2.5","Guilford",36.1090060008986,-79.802314
2024-12-31,46,"Mendenhall School","PM2.5","Guilford",36.1090060008986,-79.802314
2024-01-01,14,"Frying Pan Mountain","PM2.5","Haywood",35.379167,-82.7925
2024-01-04,16,"Frying Pan Mountain","PM2.5","Haywood",35.379167,-82.7925
2024-01-07,6,"Frying Pan Mountain","PM2.5","Haywood",35.379167,-82.7925
2024-01-13,6,"Frying Pan Mountain","PM2.5","Haywood",35.379167,-82.7925
2024-01-16,10,"Frying Pan Mountain","PM2.5","Haywood",35.379167,-82.7925
2024-01-19,15,"Frying Pan Mountain","PM2.5","Haywood",35.379167,-82.7925
2024-01-22,4,"Frying Pan Mountain","PM2.5","Haywood",35.379167,-82.7925
2024-01-25,2,"Frying Pan Mountain","PM2.5","Haywood",35.379167,-82.7925
2024-01-28,0,"Frying Pan Mountain","PM2.5","Haywood",35.379167,-82.7925
2024-01-31,4,"Frying Pan Mountain","PM2.5","Haywood",35.379167,-82.7925
2024-02-03,19,"Frying Pan Mountain","PM2.5","Haywood",35.379167,-82.7925
2024-02-06,14,"Frying Pan Mountain","PM2.5","Haywood",35.379167,-82.7925
2024-02-09,9,"Frying Pan Mountain","PM2.5","Haywood",35.379167,-82.7925
2024-02-12,2,"Frying Pan Mountain","PM2.5","Haywood",35.379167,-82.7925
2024-02-15,14,"Frying Pan Mountain","PM2.5","Haywood",35.379167,-82.7925
2024-02-18,7,"Frying Pan Mountain","PM2.5","Haywood",35.379167,-82.7925
2024-02-21,47,"Frying Pan Mountain","PM2.5","Haywood",35.379167,-82.7925
2024-02-24,8,"Frying Pan Mountain","PM2.5","Haywood",35.379167,-82.7925
2024-02-27,44,"Frying Pan Mountain","PM2.5","Haywood",35.379167,-82.7925
2024-03-01,4,"Frying Pan Mountain","PM2.5","Haywood",35.379167,-82.7925
2024-03-04,24,"Frying Pan Mountain","PM2.5","Haywood",35.379167,-82.7925
2024-03-07,4,"Frying Pan Mountain","PM2.5","Haywood",35.379167,-82.7925
2024-03-10,5,"Frying Pan Mountain","PM2.5","Haywood",35.379167,-82.7925
2024-03-16,7,"Frying Pan Mountain","PM2.5","Haywood",35.379167,-82.7925
2024-03-19,17,"Frying Pan Mountain","PM2.5","Haywood",35.379167,-82.7925
2024-03-22,42,"Frying Pan Mountain","PM2.5","Haywood",35.379167,-82.7925
2024-03-25,14,"Frying Pan Mountain","PM2.5","Haywood",35.379167,-82.7925
2024-03-31,29,"Frying Pan Mountain","PM2.5","Haywood",35.379167,-82.7925
2024-04-03,10,"Frying Pan Mountain","PM2.5","Haywood",35.379167,-82.7925
2024-04-06,7,"Frying Pan Mountain","PM2.5","Haywood",35.379167,-82.7925
2024-04-09,41,"Frying Pan Mountain","PM2.5","Haywood",35.379167,-82.7925
2024-04-12,13,"Frying Pan Mountain","PM2.5","Haywood",35.379167,-82.7925
2024-04-15,36,"Frying Pan Mountain","PM2.5","Haywood",35.379167,-82.7925
2024-04-18,28,"Frying Pan Mountain","PM2.5","Haywood",35.379167,-82.7925
2024-04-21,9,"Frying Pan Mountain","PM2.5","Haywood",35.379167,-82.7925
2024-04-24,30,"Frying Pan Mountain","PM2.5","Haywood",35.379167,-82.7925
2024-04-27,22,"Frying Pan Mountain","PM2.5","Haywood",35.379167,-82.7925
2024-04-30,14,"Frying Pan Mountain","PM2.5","Haywood",35.379167,-82.7925
2024-05-03,40,"Frying Pan Mountain","PM2.5","Haywood",35.379167,-82.7925
2024-05-06,28,"Frying Pan Mountain","PM2.5","Haywood",35.379167,-82.7925
2024-05-09,13,"Frying Pan Mountain","PM2.5","Haywood",35.379167,-82.7925
2024-05-12,22,"Frying Pan Mountain","PM2.5","Haywood",35.379167,-82.7925
2024-05-15,9,"Frying Pan Mountain","PM2.5","Haywood",35.379167,-82.7925
2024-05-18,18,"Frying Pan Mountain","PM2.5","Haywood",35.379167,-82.7925
2024-05-21,29,"Frying Pan Mountain","PM2.5","Haywood",35.379167,-82.7925
2024-06-02,14,"Frying Pan Mountain","PM2.5","Haywood",35.379167,-82.7925
2024-06-08,24,"Frying Pan Mountain","PM2.5","Haywood",35.379167,-82.7925
2024-06-11,24,"Frying Pan Mountain","PM2.5","Haywood",35.379167,-82.7925
2024-06-14,45,"Frying Pan Mountain","PM2.5","Haywood",35.379167,-82.7925
2024-06-17,41,"Frying Pan Mountain","PM2.5","Haywood",35.379167,-82.7925
2024-06-23,37,"Frying Pan Mountain","PM2.5","Haywood",35.379167,-82.7925
2024-06-29,14,"Frying Pan Mountain","PM2.5","Haywood",35.379167,-82.7925
2024-07-05,23,"Frying Pan Mountain","PM2.5","Haywood",35.379167,-82.7925
2024-07-08,21,"Frying Pan Mountain","PM2.5","Haywood",35.379167,-82.7925
2024-07-11,18,"Frying Pan Mountain","PM2.5","Haywood",35.379167,-82.7925
2024-07-14,43,"Frying Pan Mountain","PM2.5","Haywood",35.379167,-82.7925
2024-07-17,39,"Frying Pan Mountain","PM2.5","Haywood",35.379167,-82.7925
2024-07-20,11,"Frying Pan Mountain","PM2.5","Haywood",35.379167,-82.7925
2024-07-23,18,"Frying Pan Mountain","PM2.5","Haywood",35.379167,-82.7925
2024-07-26,46,"Frying Pan Mountain","PM2.5","Haywood",35.379167,-82.7925
2024-07-29,18,"Frying Pan Mountain","PM2.5","Haywood",35.379167,-82.7925
2024-08-01,31,"Frying Pan Mountain","PM2.5","Haywood",35.379167,-82.7925
2024-08-04,22,"Frying Pan Mountain","PM2.5","Haywood",35.379167,-82.7925
2024-08-07,19,"Frying Pan Mountain","PM2.5","Haywood",35.379167,-82.7925
2024-08-10,37,"Frying Pan Mountain","PM2.5","Haywood",35.379167,-82.7925
2024-08-13,34,"Frying Pan Mountain","PM2.5","Haywood",35.379167,-82.7925
2024-08-16,39,"Frying Pan Mountain","PM2.5","Haywood",35.379167,-82.7925
2024-08-19,8,"Frying Pan Mountain","PM2.5","Haywood",35.379167,-82.7925
2024-08-22,32,"Frying Pan Mountain","PM2.5","Haywood",35.379167,-82.7925
2024-08-25,47,"Frying Pan Mountain","PM2.5","Haywood",35.379167,-82.7925
2024-08-28,54,"Frying Pan Mountain","PM2.5","Haywood",35.379167,-82.7925
2024-08-31,39,"Frying Pan Mountain","PM2.5","Haywood",35.379167,-82.7925
2024-09-03,13,"Frying Pan Mountain","PM2.5","Haywood",35.379167,-82.7925
2024-09-06,21,"Frying Pan Mountain","PM2.5","Haywood",35.379167,-82.7925
2024-09-09,17,"Frying Pan Mountain","PM2.5","Haywood",35.379167,-82.7925
2024-09-12,26,"Frying Pan Mountain","PM2.5","Haywood",35.379167,-82.7925
2024-09-15,6,"Frying Pan Mountain","PM2.5","Haywood",35.379167,-82.7925
2024-09-18,4,"Frying Pan Mountain","PM2.5","Haywood",35.379167,-82.7925
2024-09-21,28,"Frying Pan Mountain","PM2.5","Haywood",35.379167,-82.7925
2024-09-24,51,"Frying Pan Mountain","PM2.5","Haywood",35.379167,-82.7925
2024-10-18,13,"Frying Pan Mountain","PM2.5","Haywood",35.379167,-82.7925
2024-10-21,18,"Frying Pan Mountain","PM2.5","Haywood",35.379167,-82.7925
2024-10-30,7,"Frying Pan Mountain","PM2.5","Haywood",35.379167,-82.7925
2024-11-02,15,"Frying Pan Mountain","PM2.5","Haywood",35.379167,-82.7925
2024-11-05,1,"Frying Pan Mountain","PM2.5","Haywood",35.379167,-82.7925
2024-11-08,18,"Frying Pan Mountain","PM2.5","Haywood",35.379167,-82.7925
2024-11-11,10,"Frying Pan Mountain","PM2.5","Haywood",35.379167,-82.7925
2024-11-14,5,"Frying Pan Mountain","PM2.5","Haywood",35.379167,-82.7925
2024-11-17,6,"Frying Pan Mountain","PM2.5","Haywood",35.379167,-82.7925
2024-11-23,2,"Frying Pan Mountain","PM2.5","Haywood",35.379167,-82.7925
2024-11-26,9,"Frying Pan Mountain","PM2.5","Haywood",35.379167,-82.7925
2024-11-29,13,"Frying Pan Mountain","PM2.5","Haywood",35.379167,-82.7925
2024-12-02,12,"Frying Pan Mountain","PM2.5","Haywood",35.379167,-82.7925
2024-12-08,5,"Frying Pan Mountain","PM2.5","Haywood",35.379167,-82.7925
2024-12-11,6,"Frying Pan Mountain","PM2.5","Haywood",35.379167,-82.7925
2024-12-14,23,"Frying Pan Mountain","PM2.5","Haywood",35.379167,-82.7925
2024-12-17,6,"Frying Pan Mountain","PM2.5","Haywood",35.379167,-82.7925
2024-12-20,7,"Frying Pan Mountain","PM2.5","Haywood",35.379167,-82.7925
2024-12-23,11,"Frying Pan Mountain","PM2.5","Haywood",35.379167,-82.7925
2024-12-26,19,"Frying Pan Mountain","PM2.5","Haywood",35.379167,-82.7925
2024-12-29,2,"Frying Pan Mountain","PM2.5","Haywood",35.379167,-82.7925
2024-01-01,34,"Swanquarter","PM2.5","Hyde",35.4510904272765,-76.2071654064174
2024-01-04,28,"Swanquarter","PM2.5","Hyde",35.4510904272765,-76.2071654064174
2024-01-07,11,"Swanquarter","PM2.5","Hyde",35.4510904272765,-76.2071654064174
2024-01-10,12,"Swanquarter","PM2.5","Hyde",35.4510904272765,-76.2071654064174
2024-01-13,26,"Swanquarter","PM2.5","Hyde",35.4510904272765,-76.2071654064174
2024-01-16,24,"Swanquarter","PM2.5","Hyde",35.4510904272765,-76.2071654064174
2024-01-19,19,"Swanquarter","PM2.5","Hyde",35.4510904272765,-76.2071654064174
2024-01-22,16,"Swanquarter","PM2.5","Hyde",35.4510904272765,-76.2071654064174
2024-01-25,16,"Swanquarter","PM2.5","Hyde",35.4510904272765,-76.2071654064174
2024-01-28,28,"Swanquarter","PM2.5","Hyde",35.4510904272765,-76.2071654064174
2024-01-31,16,"Swanquarter","PM2.5","Hyde",35.4510904272765,-76.2071654064174
2024-02-03,10,"Swanquarter","PM2.5","Hyde",35.4510904272765,-76.2071654064174
2024-02-06,20,"Swanquarter","PM2.5","Hyde",35.4510904272765,-76.2071654064174
2024-02-12,22,"Swanquarter","PM2.5","Hyde",35.4510904272765,-76.2071654064174
2024-02-15,18,"Swanquarter","PM2.5","Hyde",35.4510904272765,-76.2071654064174
2024-02-18,16,"Swanquarter","PM2.5","Hyde",35.4510904272765,-76.2071654064174
2024-02-21,22,"Swanquarter","PM2.5","Hyde",35.4510904272765,-76.2071654064174
2024-02-24,36,"Swanquarter","PM2.5","Hyde",35.4510904272765,-76.2071654064174
2024-02-27,19,"Swanquarter","PM2.5","Hyde",35.4510904272765,-76.2071654064174
2024-03-01,13,"Swanquarter","PM2.5","Hyde",35.4510904272765,-76.2071654064174
2024-03-04,16,"Swanquarter","PM2.5","Hyde",35.4510904272765,-76.2071654064174
2024-03-07,7,"Swanquarter","PM2.5","Hyde",35.4510904272765,-76.2071654064174
2024-03-10,10,"Swanquarter","PM2.5","Hyde",35.4510904272765,-76.2071654064174
2024-03-13,54,"Swanquarter","PM2.5","Hyde",35.4510904272765,-76.2071654064174
2024-03-16,29,"Swanquarter","PM2.5","Hyde",35.4510904272765,-76.2071654064174
2024-03-19,13,"Swanquarter","PM2.5","Hyde",35.4510904272765,-76.2071654064174
2024-03-22,27,"Swanquarter","PM2.5","Hyde",35.4510904272765,-76.2071654064174
2024-03-25,39,"Swanquarter","PM2.5","Hyde",35.4510904272765,-76.2071654064174
2024-03-31,47,"Swanquarter","PM2.5","Hyde",35.4510904272765,-76.2071654064174
2024-04-03,52,"Swanquarter","PM2.5","Hyde",35.4510904272765,-76.2071654064174
2024-04-06,6,"Swanquarter","PM2.5","Hyde",35.4510904272765,-76.2071654064174
2024-04-09,28,"Swanquarter","PM2.5","Hyde",35.4510904272765,-76.2071654064174
2024-04-12,31,"Swanquarter","PM2.5","Hyde",35.4510904272765,-76.2071654064174
2024-04-15,53,"Swanquarter","PM2.5","Hyde",35.4510904272765,-76.2071654064174
2024-04-18,33,"Swanquarter","PM2.5","Hyde",35.4510904272765,-76.2071654064174
2024-04-21,19,"Swanquarter","PM2.5","Hyde",35.4510904272765,-76.2071654064174
2024-04-24,33,"Swanquarter","PM2.5","Hyde",35.4510904272765,-76.2071654064174
2024-04-27,20,"Swanquarter","PM2.5","Hyde",35.4510904272765,-76.2071654064174
2024-04-30,22,"Swanquarter","PM2.5","Hyde",35.4510904272765,-76.2071654064174
2024-05-03,24,"Swanquarter","PM2.5","Hyde",35.4510904272765,-76.2071654064174
2024-05-06,26,"Swanquarter","PM2.5","Hyde",35.4510904272765,-76.2071654064174
2024-05-09,32,"Swanquarter","PM2.5","Hyde",35.4510904272765,-76.2071654064174
2024-05-12,18,"Swanquarter","PM2.5","Hyde",35.4510904272765,-76.2071654064174
2024-05-18,14,"Swanquarter","PM2.5","Hyde",35.4510904272765,-76.2071654064174
2024-05-21,6,"Swanquarter","PM2.5","Hyde",35.4510904272765,-76.2071654064174
2024-05-24,29,"Swanquarter","PM2.5","Hyde",35.4510904272765,-76.2071654064174
2024-05-27,48,"Swanquarter","PM2.5","Hyde",35.4510904272765,-76.2071654064174
2024-05-30,18,"Swanquarter","PM2.5","Hyde",35.4510904272765,-76.2071654064174
2024-06-02,19,"Swanquarter","PM2.5","Hyde",35.4510904272765,-76.2071654064174
2024-06-05,21,"Swanquarter","PM2.5","Hyde",35.4510904272765,-76.2071654064174
2024-06-08,31,"Swanquarter","PM2.5","Hyde",35.4510904272765,-76.2071654064174
2024-06-11,37,"Swanquarter","PM2.5","Hyde",35.4510904272765,-76.2071654064174
2024-06-14,26,"Swanquarter","PM2.5","Hyde",35.4510904272765,-76.2071654064174
2024-06-17,21,"Swanquarter","PM2.5","Hyde",35.4510904272765,-76.2071654064174
2024-06-26,24,"Swanquarter","PM2.5","Hyde",35.4510904272765,-76.2071654064174
2024-06-29,21,"Swanquarter","PM2.5","Hyde",35.4510904272765,-76.2071654064174
2024-07-02,17,"Swanquarter","PM2.5","Hyde",35.4510904272765,-76.2071654064174
2024-07-05,24,"Swanquarter","PM2.5","Hyde",35.4510904272765,-76.2071654064174
2024-07-08,24,"Swanquarter","PM2.5","Hyde",35.4510904272765,-76.2071654064174
2024-07-11,33,"Swanquarter","PM2.5","Hyde",35.4510904272765,-76.2071654064174
2024-07-14,48,"Swanquarter","PM2.5","Hyde",35.4510904272765,-76.2071654064174
2024-08-01,44,"Swanquarter","PM2.5","Hyde",35.4510904272765,-76.2071654064174
2024-08-04,30,"Swanquarter","PM2.5","Hyde",35.4510904272765,-76.2071654064174
2024-08-07,26,"Swanquarter","PM2.5","Hyde",35.4510904272765,-76.2071654064174
2024-08-10,46,"Swanquarter","PM2.5","Hyde",35.4510904272765,-76.2071654064174
2024-08-13,31,"Swanquarter","PM2.5","Hyde",35.4510904272765,-76.2071654064174
2024-08-16,60,"Swanquarter","PM2.5","Hyde",35.4510904272765,-76.2071654064174
2024-08-19,29,"Swanquarter","PM2.5","Hyde",35.4510904272765,-76.2071654064174
2024-08-22,16,"Swanquarter","PM2.5","Hyde",35.4510904272765,-76.2071654064174
2024-08-25,23,"Swanquarter","PM2.5","Hyde",35.4510904272765,-76.2071654064174
2024-08-28,53,"Swanquarter","PM2.5","Hyde",35.4510904272765,-76.2071654064174
2024-08-31,32,"Swanquarter","PM2.5","Hyde",35.4510904272765,-76.2071654064174
2024-09-03,24,"Swanquarter","PM2.5","Hyde",35.4510904272765,-76.2071654064174
2024-10-03,19,"Swanquarter","PM2.5","Hyde",35.4510904272765,-76.2071654064174
2024-10-06,31,"Swanquarter","PM2.5","Hyde",35.4510904272765,-76.2071654064174
2024-10-09,17,"Swanquarter","PM2.5","Hyde",35.4510904272765,-76.2071654064174
2024-10-12,22,"Swanquarter","PM2.5","Hyde",35.4510904272765,-76.2071654064174
2024-10-15,10,"Swanquarter","PM2.5","Hyde",35.4510904272765,-76.2071654064174
2024-10-18,14,"Swanquarter","PM2.5","Hyde",35.4510904272765,-76.2071654064174
2024-10-21,22,"Swanquarter","PM2.5","Hyde",35.4510904272765,-76.2071654064174
2024-11-17,23,"Swanquarter","PM2.5","Hyde",35.4510904272765,-76.2071654064174
2024-11-20,46,"Swanquarter","PM2.5","Hyde",35.4510904272765,-76.2071654064174
2024-11-23,8,"Swanquarter","PM2.5","Hyde",35.4510904272765,-76.2071654064174
2024-11-26,42,"Swanquarter","PM2.5","Hyde",35.4510904272765,-76.2071654064174
2024-11-29,11,"Swanquarter","PM2.5","Hyde",35.4510904272765,-76.2071654064174
2024-12-02,16,"Swanquarter","PM2.5","Hyde",35.4510904272765,-76.2071654064174
2024-12-05,37,"Swanquarter","PM2.5","Hyde",35.4510904272765,-76.2071654064174
2024-12-08,34,"Swanquarter","PM2.5","Hyde",35.4510904272765,-76.2071654064174
2024-12-11,24,"Swanquarter","PM2.5","Hyde",35.4510904272765,-76.2071654064174
2024-12-14,17,"Swanquarter","PM2.5","Hyde",35.4510904272765,-76.2071654064174
2024-12-17,9,"Swanquarter","PM2.5","Hyde",35.4510904272765,-76.2071654064174
2024-12-20,16,"Swanquarter","PM2.5","Hyde",35.4510904272765,-76.2071654064174
2024-12-23,9,"Swanquarter","PM2.5","Hyde",35.4510904272765,-76.2071654064174
2024-12-29,24,"Swanquarter","PM2.5","Hyde",35.4510904272765,-76.2071654064174
2024-01-01,46,"West Johnston Co.","PM2.5","Johnston",35.59095,-78.4622
2024-01-02,19,"West Johnston Co.","PM2.5","Johnston",35.59095,-78.4622
2024-01-03,54,"West Johnston Co.","PM2.5","Johnston",35.59095,-78.4622
2024-01-04,40,"West Johnston Co.","PM2.5","Johnston",35.59095,-78.4622
2024-01-05,24,"West Johnston Co.","PM2.5","Johnston",35.59095,-78.4622
2024-01-06,20,"West Johnston Co.","PM2.5","Johnston",35.59095,-78.4622
2024-01-07,13,"West Johnston Co.","PM2.5","Johnston",35.59095,-78.4622
2024-01-08,23,"West Johnston Co.","PM2.5","Johnston",35.59095,-78.4622
2024-01-09,24,"West Johnston Co.","PM2.5","Johnston",35.59095,-78.4622
2024-01-10,16,"West Johnston Co.","PM2.5","Johnston",35.59095,-78.4622
2024-01-11,37,"West Johnston Co.","PM2.5","Johnston",35.59095,-78.4622
2024-01-12,44,"West Johnston Co.","PM2.5","Johnston",35.59095,-78.4622
2024-01-13,19,"West Johnston Co.","PM2.5","Johnston",35.59095,-78.4622
2024-01-14,27,"West Johnston Co.","PM2.5","Johnston",35.59095,-78.4622
2024-01-15,30,"West Johnston Co.","PM2.5","Johnston",35.59095,-78.4622
2024-01-16,32,"West Johnston Co.","PM2.5","Johnston",35.59095,-78.4622
2024-01-17,22,"West Johnston Co.","PM2.5","Johnston",35.59095,-78.4622
2024-01-18,44,"West Johnston Co.","PM2.5","Johnston",35.59095,-78.4622
2024-01-19,43,"West Johnston Co.","PM2.5","Johnston",35.59095,-78.4622
2024-01-20,23,"West Johnston Co.","PM2.5","Johnston",35.59095,-78.4622
2024-01-21,29,"West Johnston Co.","PM2.5","Johnston",35.59095,-78.4622
2024-01-22,46,"West Johnston Co.","PM2.5","Johnston",35.59095,-78.4622
2024-01-23,55,"West Johnston Co.","PM2.5","Johnston",35.59095,-78.4622
2024-01-24,38,"West Johnston Co.","PM2.5","Johnston",35.59095,-78.4622
2024-01-25,6,"West Johnston Co.","PM2.5","Johnston",35.59095,-78.4622
2024-01-26,27,"West Johnston Co.","PM2.5","Johnston",35.59095,-78.4622
2024-01-27,44,"West Johnston Co.","PM2.5","Johnston",35.59095,-78.4622
2024-01-28,8,"West Johnston Co.","PM2.5","Johnston",35.59095,-78.4622
2024-01-29,12,"West Johnston Co.","PM2.5","Johnston",35.59095,-78.4622
2024-01-30,23,"West Johnston Co.","PM2.5","Johnston",35.59095,-78.4622
2024-01-31,27,"West Johnston Co.","PM2.5","Johnston",35.59095,-78.4622
2024-02-01,53,"West Johnston Co.","PM2.5","Johnston",35.59095,-78.4622
2024-02-02,41,"West Johnston Co.","PM2.5","Johnston",35.59095,-78.4622
2024-02-03,41,"West Johnston Co.","PM2.5","Johnston",35.59095,-78.4622
2024-02-04,33,"West Johnston Co.","PM2.5","Johnston",35.59095,-78.4622
2024-02-05,22,"West Johnston Co.","PM2.5","Johnston",35.59095,-78.4622
2024-02-06,28,"West Johnston Co.","PM2.5","Johnston",35.59095,-78.4622
2024-02-07,24,"West Johnston Co.","PM2.5","Johnston",35.59095,-78.4622
2024-02-08,32,"West Johnston Co.","PM2.5","Johnston",35.59095,-78.4622
2024-02-09,65,"West Johnston Co.","PM2.5","Johnston",35.59095,-78.4622
2024-02-10,72,"West Johnston Co.","PM2.5","Johnston",35.59095,-78.4622
2024-02-11,47,"West Johnston Co.","PM2.5","Johnston",35.59095,-78.4622
2024-02-12,18,"West Johnston Co.","PM2.5","Johnston",35.59095,-78.4622
2024-02-13,14,"West Johnston Co.","PM2.5","Johnston",35.59095,-78.4622
2024-02-14,26,"West Johnston Co.","PM2.5","Johnston",35.59095,-78.4622
2024-02-15,39,"West Johnston Co.","PM2.5","Johnston",35.59095,-78.4622
2024-02-16,49,"West Johnston Co.","PM2.5","Johnston",35.59095,-78.4622
2024-02-17,38,"West Johnston Co.","PM2.5","Johnston",35.59095,-78.4622
2024-02-18,32,"West Johnston Co.","PM2.5","Johnston",35.59095,-78.4622
2024-02-19,36,"West Johnston Co.","PM2.5","Johnston",35.59095,-78.4622
2024-02-20,34,"West Johnston Co.","PM2.5","Johnston",35.59095,-78.4622
2024-02-21,33,"West Johnston Co.","PM2.5","Johnston",35.59095,-78.4622
2024-02-22,65,"West Johnston Co.","PM2.5","Johnston",35.59095,-78.4622
2024-02-23,63,"West Johnston Co.","PM2.5","Johnston",35.59095,-78.4622
2024-02-24,28,"West Johnston Co.","PM2.5","Johnston",35.59095,-78.4622
2024-02-25,27,"West Johnston Co.","PM2.5","Johnston",35.59095,-78.4622
2024-02-26,54,"West Johnston Co.","PM2.5","Johnston",35.59095,-78.4622
2024-02-27,54,"West Johnston Co.","PM2.5","Johnston",35.59095,-78.4622
2024-02-28,44,"West Johnston Co.","PM2.5","Johnston",35.59095,-78.4622
2024-02-29,21,"West Johnston Co.","PM2.5","Johnston",35.59095,-78.4622
2024-03-01,34,"West Johnston Co.","PM2.5","Johnston",35.59095,-78.4622
2024-03-02,21,"West Johnston Co.","PM2.5","Johnston",35.59095,-78.4622
2024-03-03,48,"West Johnston Co.","PM2.5","Johnston",35.59095,-78.4622
2024-03-04,12,"West Johnston Co.","PM2.5","Johnston",35.59095,-78.4622
2024-03-05,12,"West Johnston Co.","PM2.5","Johnston",35.59095,-78.4622
2024-03-06,24,"West Johnston Co.","PM2.5","Johnston",35.59095,-78.4622
2024-03-07,19,"West Johnston Co.","PM2.5","Johnston",35.59095,-78.4622
2024-03-08,17,"West Johnston Co.","PM2.5","Johnston",35.59095,-78.4622
2024-03-09,24,"West Johnston Co.","PM2.5","Johnston",35.59095,-78.4622
2024-03-10,11,"West Johnston Co.","PM2.5","Johnston",35.59095,-78.4622
2024-03-11,17,"West Johnston Co.","PM2.5","Johnston",35.59095,-78.4622
2024-03-12,51,"West Johnston Co.","PM2.5","Johnston",35.59095,-78.4622
2024-03-13,65,"West Johnston Co.","PM2.5","Johnston",35.59095,-78.4622
2024-03-14,66,"West Johnston Co.","PM2.5","Johnston",35.59095,-78.4622
2024-03-15,74,"West Johnston Co.","PM2.5","Johnston",35.59095,-78.4622
2024-03-16,52,"West Johnston Co.","PM2.5","Johnston",35.59095,-78.4622
2024-03-17,50,"West Johnston Co.","PM2.5","Johnston",35.59095,-78.4622
2024-03-18,21,"West Johnston Co.","PM2.5","Johnston",35.59095,-78.4622
2024-03-19,29,"West Johnston Co.","PM2.5","Johnston",35.59095,-78.4622
2024-03-20,54,"West Johnston Co.","PM2.5","Johnston",35.59095,-78.4622
2024-03-21,55,"West Johnston Co.","PM2.5","Johnston",35.59095,-78.4622
2024-03-22,50,"West Johnston Co.","PM2.5","Johnston",35.59095,-78.4622
2024-03-23,16,"West Johnston Co.","PM2.5","Johnston",35.59095,-78.4622
2024-03-24,18,"West Johnston Co.","PM2.5","Johnston",35.59095,-78.4622
2024-03-25,29,"West Johnston Co.","PM2.5","Johnston",35.59095,-78.4622
2024-03-26,46,"West Johnston Co.","PM2.5","Johnston",35.59095,-78.4622
2024-03-27,44,"West Johnston Co.","PM2.5","Johnston",35.59095,-78.4622
2024-03-28,17,"West Johnston Co.","PM2.5","Johnston",35.59095,-78.4622
2024-03-29,35,"West Johnston Co.","PM2.5","Johnston",35.59095,-78.4622
2024-03-30,47,"West Johnston Co.","PM2.5","Johnston",35.59095,-78.4622
2024-03-31,54,"West Johnston Co.","PM2.5","Johnston",35.59095,-78.4622
2024-04-01,71,"West Johnston Co.","PM2.5","Johnston",35.59095,-78.4622
2024-04-02,64,"West Johnston Co.","PM2.5","Johnston",35.59095,-78.4622
2024-04-03,48,"West Johnston Co.","PM2.5","Johnston",35.59095,-78.4622
2024-04-04,18,"West Johnston Co.","PM2.5","Johnston",35.59095,-78.4622
2024-04-05,12,"West Johnston Co.","PM2.5","Johnston",35.59095,-78.4622
2024-04-06,13,"West Johnston Co.","PM2.5","Johnston",35.59095,-78.4622
2024-04-07,26,"West Johnston Co.","PM2.5","Johnston",35.59095,-78.4622
2024-04-08,55,"West Johnston Co.","PM2.5","Johnston",35.59095,-78.4622
2024-04-09,44,"West Johnston Co.","PM2.5","Johnston",35.59095,-78.4622
2024-04-10,36,"West Johnston Co.","PM2.5","Johnston",35.59095,-78.4622
2024-04-11,26,"West Johnston Co.","PM2.5","Johnston",35.59095,-78.4622
2024-04-12,16,"West Johnston Co.","PM2.5","Johnston",35.59095,-78.4622
2024-04-13,19,"West Johnston Co.","PM2.5","Johnston",35.59095,-78.4622
2024-04-14,35,"West Johnston Co.","PM2.5","Johnston",35.59095,-78.4622
2024-04-15,52,"West Johnston Co.","PM2.5","Johnston",35.59095,-78.4622
2024-04-16,58,"West Johnston Co.","PM2.5","Johnston",35.59095,-78.4622
2024-04-17,54,"West Johnston Co.","PM2.5","Johnston",35.59095,-78.4622
2024-04-18,53,"West Johnston Co.","PM2.5","Johnston",35.59095,-78.4622
2024-04-19,60,"West Johnston Co.","PM2.5","Johnston",35.59095,-78.4622
2024-04-20,60,"West Johnston Co.","PM2.5","Johnston",35.59095,-78.4622
2024-04-21,26,"West Johnston Co.","PM2.5","Johnston",35.59095,-78.4622
2024-04-22,31,"West Johnston Co.","PM2.5","Johnston",35.59095,-78.4622
2024-04-23,42,"West Johnston Co.","PM2.5","Johnston",35.59095,-78.4622
2024-04-24,52,"West Johnston Co.","PM2.5","Johnston",35.59095,-78.4622
2024-04-25,55,"West Johnston Co.","PM2.5","Johnston",35.59095,-78.4622
2024-04-26,42,"West Johnston Co.","PM2.5","Johnston",35.59095,-78.4622
2024-04-27,34,"West Johnston Co.","PM2.5","Johnston",35.59095,-78.4622
2024-04-28,41,"West Johnston Co.","PM2.5","Johnston",35.59095,-78.4622
2024-04-29,48,"West Johnston Co.","PM2.5","Johnston",35.59095,-78.4622
2024-04-30,46,"West Johnston Co.","PM2.5","Johnston",35.59095,-78.4622
2024-05-01,38,"West Johnston Co.","PM2.5","Johnston",35.59095,-78.4622
2024-05-02,42,"West Johnston Co.","PM2.5","Johnston",35.59095,-78.4622
2024-05-03,49,"West Johnston Co.","PM2.5","Johnston",35.59095,-78.4622
2024-05-04,30,"West Johnston Co.","PM2.5","Johnston",35.59095,-78.4622
2024-05-05,22,"West Johnston Co.","PM2.5","Johnston",35.59095,-78.4622
2024-05-06,33,"West Johnston Co.","PM2.5","Johnston",35.59095,-78.4622
2024-05-07,39,"West Johnston Co.","PM2.5","Johnston",35.59095,-78.4622
2024-05-08,53,"West Johnston Co.","PM2.5","Johnston",35.59095,-78.4622
2024-05-09,29,"West Johnston Co.","PM2.5","Johnston",35.59095,-78.4622
2024-05-10,38,"West Johnston Co.","PM2.5","Johnston",35.59095,-78.4622
2024-05-11,17,"West Johnston Co.","PM2.5","Johnston",35.59095,-78.4622
2024-05-12,28,"West Johnston Co.","PM2.5","Johnston",35.59095,-78.4622
2024-05-13,33,"West Johnston Co.","PM2.5","Johnston",35.59095,-78.4622
2024-05-14,28,"West Johnston Co.","PM2.5","Johnston",35.59095,-78.4622
2024-05-15,21,"West Johnston Co.","PM2.5","Johnston",35.59095,-78.4622
2024-05-16,21,"West Johnston Co.","PM2.5","Johnston",35.59095,-78.4622
2024-05-17,41,"West Johnston Co.","PM2.5","Johnston",35.59095,-78.4622
2024-05-18,23,"West Johnston Co.","PM2.5","Johnston",35.59095,-78.4622
2024-05-19,19,"West Johnston Co.","PM2.5","Johnston",35.59095,-78.4622
2024-05-20,29,"West Johnston Co.","PM2.5","Johnston",35.59095,-78.4622
2024-05-21,28,"West Johnston Co.","PM2.5","Johnston",35.59095,-78.4622
2024-05-22,42,"West Johnston Co.","PM2.5","Johnston",35.59095,-78.4622
2024-05-23,53,"West Johnston Co.","PM2.5","Johnston",35.59095,-78.4622
2024-05-24,34,"West Johnston Co.","PM2.5","Johnston",35.59095,-78.4622
2024-05-25,38,"West Johnston Co.","PM2.5","Johnston",35.59095,-78.4622
2024-05-26,52,"West Johnston Co.","PM2.5","Johnston",35.59095,-78.4622
2024-05-27,42,"West Johnston Co.","PM2.5","Johnston",35.59095,-78.4622
2024-05-28,43,"West Johnston Co.","PM2.5","Johnston",35.59095,-78.4622
2024-05-29,36,"West Johnston Co.","PM2.5","Johnston",35.59095,-78.4622
2024-05-30,21,"West Johnston Co.","PM2.5","Johnston",35.59095,-78.4622
2024-05-31,25,"West Johnston Co.","PM2.5","Johnston",35.59095,-78.4622
2024-06-01,46,"West Johnston Co.","PM2.5","Johnston",35.59095,-78.4622
2024-06-02,52,"West Johnston Co.","PM2.5","Johnston",35.59095,-78.4622
2024-06-03,44,"West Johnston Co.","PM2.5","Johnston",35.59095,-78.4622
2024-06-04,54,"West Johnston Co.","PM2.5","Johnston",35.59095,-78.4622
2024-06-05,44,"West Johnston Co.","PM2.5","Johnston",35.59095,-78.4622
2024-06-06,46,"West Johnston Co.","PM2.5","Johnston",35.59095,-78.4622
2024-06-07,37,"West Johnston Co.","PM2.5","Johnston",35.59095,-78.4622
2024-06-08,41,"West Johnston Co.","PM2.5","Johnston",35.59095,-78.4622
2024-06-09,49,"West Johnston Co.","PM2.5","Johnston",35.59095,-78.4622
2024-06-10,43,"West Johnston Co.","PM2.5","Johnston",35.59095,-78.4622
2024-06-11,47,"West Johnston Co.","PM2.5","Johnston",35.59095,-78.4622
2024-06-12,52,"West Johnston Co.","PM2.5","Johnston",35.59095,-78.4622
2024-06-13,54,"West Johnston Co.","PM2.5","Johnston",35.59095,-78.4622
2024-06-14,56,"West Johnston Co.","PM2.5","Johnston",35.59095,-78.4622
2024-06-15,54,"West Johnston Co.","PM2.5","Johnston",35.59095,-78.4622
2024-06-16,48,"West Johnston Co.","PM2.5","Johnston",35.59095,-78.4622
2024-06-17,53,"West Johnston Co.","PM2.5","Johnston",35.59095,-78.4622
2024-06-18,37,"West Johnston Co.","PM2.5","Johnston",35.59095,-78.4622
2024-06-19,36,"West Johnston Co.","PM2.5","Johnston",35.59095,-78.4622
2024-06-20,33,"West Johnston Co.","PM2.5","Johnston",35.59095,-78.4622
2024-06-21,45,"West Johnston Co.","PM2.5","Johnston",35.59095,-78.4622
2024-06-22,32,"West Johnston Co.","PM2.5","Johnston",35.59095,-78.4622
2024-06-23,27,"West Johnston Co.","PM2.5","Johnston",35.59095,-78.4622
2024-06-24,53,"West Johnston Co.","PM2.5","Johnston",35.59095,-78.4622
2024-06-25,47,"West Johnston Co.","PM2.5","Johnston",35.59095,-78.4622
2024-06-26,54,"West Johnston Co.","PM2.5","Johnston",35.59095,-78.4622
2024-06-27,47,"West Johnston Co.","PM2.5","Johnston",35.59095,-78.4622
2024-06-28,52,"West Johnston Co.","PM2.5","Johnston",35.59095,-78.4622
2024-06-29,47,"West Johnston Co.","PM2.5","Johnston",35.59095,-78.4622
2024-06-30,33,"West Johnston Co.","PM2.5","Johnston",35.59095,-78.4622
2024-07-01,19,"West Johnston Co.","PM2.5","Johnston",35.59095,-78.4622
2024-07-02,41,"West Johnston Co.","PM2.5","Johnston",35.59095,-78.4622
2024-07-03,52,"West Johnston Co.","PM2.5","Johnston",35.59095,-78.4622
2024-07-04,53,"West Johnston Co.","PM2.5","Johnston",35.59095,-78.4622
2024-07-05,53,"West Johnston Co.","PM2.5","Johnston",35.59095,-78.4622
2024-07-06,58,"West Johnston Co.","PM2.5","Johnston",35.59095,-78.4622
2024-07-07,46,"West Johnston Co.","PM2.5","Johnston",35.59095,-78.4622
2024-07-08,41,"West Johnston Co.","PM2.5","Johnston",35.59095,-78.4622
2024-07-09,44,"West Johnston Co.","PM2.5","Johnston",35.59095,-78.4622
2024-07-10,46,"West Johnston Co.","PM2.5","Johnston",35.59095,-78.4622
2024-07-11,39,"West Johnston Co.","PM2.5","Johnston",35.59095,-78.4622
2024-07-12,22,"West Johnston Co.","PM2.5","Johnston",35.59095,-78.4622
2024-07-13,35,"West Johnston Co.","PM2.5","Johnston",35.59095,-78.4622
2024-07-14,55,"West Johnston Co.","PM2.5","Johnston",35.59095,-78.4622
2024-07-15,61,"West Johnston Co.","PM2.5","Johnston",35.59095,-78.4622
2024-07-16,62,"West Johnston Co.","PM2.5","Johnston",35.59095,-78.4622
2024-07-17,55,"West Johnston Co.","PM2.5","Johnston",35.59095,-78.4622
2024-07-18,52,"West Johnston Co.","PM2.5","Johnston",35.59095,-78.4622
2024-07-19,37,"West Johnston Co.","PM2.5","Johnston",35.59095,-78.4622
2024-07-20,34,"West Johnston Co.","PM2.5","Johnston",35.59095,-78.4622
2024-07-21,29,"West Johnston Co.","PM2.5","Johnston",35.59095,-78.4622
2024-07-22,13,"West Johnston Co.","PM2.5","Johnston",35.59095,-78.4622
2024-07-23,43,"West Johnston Co.","PM2.5","Johnston",35.59095,-78.4622
2024-07-24,27,"West Johnston Co.","PM2.5","Johnston",35.59095,-78.4622
2024-07-25,24,"West Johnston Co.","PM2.5","Johnston",35.59095,-78.4622
2024-07-26,32,"West Johnston Co.","PM2.5","Johnston",35.59095,-78.4622
2024-07-27,49,"West Johnston Co.","PM2.5","Johnston",35.59095,-78.4622
2024-07-28,52,"West Johnston Co.","PM2.5","Johnston",35.59095,-78.4622
2024-07-29,53,"West Johnston Co.","PM2.5","Johnston",35.59095,-78.4622
2024-07-30,49,"West Johnston Co.","PM2.5","Johnston",35.59095,-78.4622
2024-07-31,52,"West Johnston Co.","PM2.5","Johnston",35.59095,-78.4622
2024-08-01,56,"West Johnston Co.","PM2.5","Johnston",35.59095,-78.4622
2024-08-02,54,"West Johnston Co.","PM2.5","Johnston",35.59095,-78.4622
2024-08-04,26,"West Johnston Co.","PM2.5","Johnston",35.59095,-78.4622
2024-08-05,24,"West Johnston Co.","PM2.5","Johnston",35.59095,-78.4622
2024-08-06,17,"West Johnston Co.","PM2.5","Johnston",35.59095,-78.4622
2024-08-07,14,"West Johnston Co.","PM2.5","Johnston",35.59095,-78.4622
2024-08-08,14,"West Johnston Co.","PM2.5","Johnston",35.59095,-78.4622
2024-08-09,22,"West Johnston Co.","PM2.5","Johnston",35.59095,-78.4622
2024-08-10,55,"West Johnston Co.","PM2.5","Johnston",35.59095,-78.4622
2024-08-11,52,"West Johnston Co.","PM2.5","Johnston",35.59095,-78.4622
2024-08-12,52,"West Johnston Co.","PM2.5","Johnston",35.59095,-78.4622
2024-08-13,49,"West Johnston Co.","PM2.5","Johnston",35.59095,-78.4622
2024-08-14,47,"West Johnston Co.","PM2.5","Johnston",35.59095,-78.4622
2024-08-15,52,"West Johnston Co.","PM2.5","Johnston",35.59095,-78.4622
2024-08-16,57,"West Johnston Co.","PM2.5","Johnston",35.59095,-78.4622
2024-08-17,63,"West Johnston Co.","PM2.5","Johnston",35.59095,-78.4622
2024-08-18,44,"West Johnston Co.","PM2.5","Johnston",35.59095,-78.4622
2024-08-19,33,"West Johnston Co.","PM2.5","Johnston",35.59095,-78.4622
2024-08-20,28,"West Johnston Co.","PM2.5","Johnston",35.59095,-78.4622
2024-08-21,25,"West Johnston Co.","PM2.5","Johnston",35.59095,-78.4622
2024-08-22,32,"West Johnston Co.","PM2.5","Johnston",35.59095,-78.4622
2024-08-23,38,"West Johnston Co.","PM2.5","Johnston",35.59095,-78.4622
2024-08-24,49,"West Johnston Co.","PM2.5","Johnston",35.59095,-78.4622
2024-08-25,41,"West Johnston Co.","PM2.5","Johnston",35.59095,-78.4622
2024-08-26,52,"West Johnston Co.","PM2.5","Johnston",35.59095,-78.4622
2024-08-27,58,"West Johnston Co.","PM2.5","Johnston",35.59095,-78.4622
2024-08-28,62,"West Johnston Co.","PM2.5","Johnston",35.59095,-78.4622
2024-08-29,60,"West Johnston Co.","PM2.5","Johnston",35.59095,-78.4622
2024-08-30,46,"West Johnston Co.","PM2.5","Johnston",35.59095,-78.4622
2024-08-31,54,"West Johnston Co.","PM2.5","Johnston",35.59095,-78.4622
2024-09-01,43,"West Johnston Co.","PM2.5","Johnston",35.59095,-78.4622
2024-09-02,32,"West Johnston Co.","PM2.5","Johnston",35.59095,-78.4622
2024-09-03,19,"West Johnston Co.","PM2.5","Johnston",35.59095,-78.4622
2024-09-04,18,"West Johnston Co.","PM2.5","Johnston",35.59095,-78.4622
2024-09-05,27,"West Johnston Co.","PM2.5","Johnston",35.59095,-78.4622
2024-09-06,30,"West Johnston Co.","PM2.5","Johnston",35.59095,-78.4622
2024-09-07,41,"West Johnston Co.","PM2.5","Johnston",35.59095,-78.4622
2024-09-08,20,"West Johnston Co.","PM2.5","Johnston",35.59095,-78.4622
2024-09-09,31,"West Johnston Co.","PM2.5","Johnston",35.59095,-78.4622
2024-09-10,44,"West Johnston Co.","PM2.5","Johnston",35.59095,-78.4622
2024-09-11,45,"West Johnston Co.","PM2.5","Johnston",35.59095,-78.4622
2024-09-12,39,"West Johnston Co.","PM2.5","Johnston",35.59095,-78.4622
2024-09-13,19,"West Johnston Co.","PM2.5","Johnston",35.59095,-78.4622
2024-09-14,27,"West Johnston Co.","PM2.5","Johnston",35.59095,-78.4622
2024-09-15,36,"West Johnston Co.","PM2.5","Johnston",35.59095,-78.4622
2024-09-16,24,"West Johnston Co.","PM2.5","Johnston",35.59095,-78.4622
2024-09-17,20,"West Johnston Co.","PM2.5","Johnston",35.59095,-78.4622
2024-09-18,37,"West Johnston Co.","PM2.5","Johnston",35.59095,-78.4622
2024-09-19,16,"West Johnston Co.","PM2.5","Johnston",35.59095,-78.4622
2024-09-20,35,"West Johnston Co.","PM2.5","Johnston",35.59095,-78.4622
2024-09-21,42,"West Johnston Co.","PM2.5","Johnston",35.59095,-78.4622
2024-09-22,44,"West Johnston Co.","PM2.5","Johnston",35.59095,-78.4622
2024-09-23,40,"West Johnston Co.","PM2.5","Johnston",35.59095,-78.4622
2024-09-24,41,"West Johnston Co.","PM2.5","Johnston",35.59095,-78.4622
2024-09-25,34,"West Johnston Co.","PM2.5","Johnston",35.59095,-78.4622
2024-09-26,23,"West Johnston Co.","PM2.5","Johnston",35.59095,-78.4622
2024-09-27,24,"West Johnston Co.","PM2.5","Johnston",35.59095,-78.4622
2024-09-28,40,"West Johnston Co.","PM2.5","Johnston",35.59095,-78.4622
2024-09-29,47,"West Johnston Co.","PM2.5","Johnston",35.59095,-78.4622
2024-09-30,49,"West Johnston Co.","PM2.5","Johnston",35.59095,-78.4622
2024-10-01,16,"West Johnston Co.","PM2.5","Johnston",35.59095,-78.4622
2024-10-02,19,"West Johnston Co.","PM2.5","Johnston",35.59095,-78.4622
2024-10-03,22,"West Johnston Co.","PM2.5","Johnston",35.59095,-78.4622
2024-10-04,32,"West Johnston Co.","PM2.5","Johnston",35.59095,-78.4622
2024-10-05,52,"West Johnston Co.","PM2.5","Johnston",35.59095,-78.4622
2024-10-06,51,"West Johnston Co.","PM2.5","Johnston",35.59095,-78.4622
2024-10-07,49,"West Johnston Co.","PM2.5","Johnston",35.59095,-78.4622
2024-10-08,35,"West Johnston Co.","PM2.5","Johnston",35.59095,-78.4622
2024-10-09,35,"West Johnston Co.","PM2.5","Johnston",35.59095,-78.4622
2024-10-10,27,"West Johnston Co.","PM2.5","Johnston",35.59095,-78.4622
2024-10-11,29,"West Johnston Co.","PM2.5","Johnston",35.59095,-78.4622
2024-10-12,53,"West Johnston Co.","PM2.5","Johnston",35.59095,-78.4622
2024-10-13,53,"West Johnston Co.","PM2.5","Johnston",35.59095,-78.4622
2024-10-14,42,"West Johnston Co.","PM2.5","Johnston",35.59095,-78.4622
2024-10-15,48,"West Johnston Co.","PM2.5","Johnston",35.59095,-78.4622
2024-10-16,18,"West Johnston Co.","PM2.5","Johnston",35.59095,-78.4622
2024-10-17,21,"West Johnston Co.","PM2.5","Johnston",35.59095,-78.4622
2024-10-18,31,"West Johnston Co.","PM2.5","Johnston",35.59095,-78.4622
2024-10-19,39,"West Johnston Co.","PM2.5","Johnston",35.59095,-78.4622
2024-10-20,53,"West Johnston Co.","PM2.5","Johnston",35.59095,-78.4622
2024-10-21,60,"West Johnston Co.","PM2.5","Johnston",35.59095,-78.4622
2024-10-22,52,"West Johnston Co.","PM2.5","Johnston",35.59095,-78.4622
2024-10-23,55,"West Johnston Co.","PM2.5","Johnston",35.59095,-78.4622
2024-10-26,57,"West Johnston Co.","PM2.5","Johnston",35.59095,-78.4622
2024-10-27,38,"West Johnston Co.","PM2.5","Johnston",35.59095,-78.4622
2024-10-28,37,"West Johnston Co.","PM2.5","Johnston",35.59095,-78.4622
2024-10-29,56,"West Johnston Co.","PM2.5","Johnston",35.59095,-78.4622
2024-10-30,53,"West Johnston Co.","PM2.5","Johnston",35.59095,-78.4622
2024-10-31,31,"West Johnston Co.","PM2.5","Johnston",35.59095,-78.4622
2024-11-01,38,"West Johnston Co.","PM2.5","Johnston",35.59095,-78.4622
2024-11-02,53,"West Johnston Co.","PM2.5","Johnston",35.59095,-78.4622
2024-11-03,37,"West Johnston Co.","PM2.5","Johnston",35.59095,-78.4622
2024-11-04,26,"West Johnston Co.","PM2.5","Johnston",35.59095,-78.4622
2024-11-05,31,"West Johnston Co.","PM2.5","Johnston",35.59095,-78.4622
2024-11-06,51,"West Johnston Co.","PM2.5","Johnston",35.59095,-78.4622
2024-11-07,52,"West Johnston Co.","PM2.5","Johnston",35.59095,-78.4622
2024-11-08,56,"West Johnston Co.","PM2.5","Johnston",35.59095,-78.4622
2024-11-09,33,"West Johnston Co.","PM2.5","Johnston",35.59095,-78.4622
2024-11-10,44,"West Johnston Co.","PM2.5","Johnston",35.59095,-78.4622
2024-11-11,40,"West Johnston Co.","PM2.5","Johnston",35.59095,-78.4622
2024-11-12,29,"West Johnston Co.","PM2.5","Johnston",35.59095,-78.4622
2024-11-13,19,"West Johnston Co.","PM2.5","Johnston",35.59095,-78.4622
2024-11-14,29,"West Johnston Co.","PM2.5","Johnston",35.59095,-78.4622
2024-11-15,10,"West Johnston Co.","PM2.5","Johnston",35.59095,-78.4622
2024-11-16,38,"West Johnston Co.","PM2.5","Johnston",35.59095,-78.4622
2024-11-17,46,"West Johnston Co.","PM2.5","Johnston",35.59095,-78.4622
2024-11-18,50,"West Johnston Co.","PM2.5","Johnston",35.59095,-78.4622
2024-11-19,67,"West Johnston Co.","PM2.5","Johnston",35.59095,-78.4622
2024-11-20,52,"West Johnston Co.","PM2.5","Johnston",35.59095,-78.4622
2024-11-21,6,"West Johnston Co.","PM2.5","Johnston",35.59095,-78.4622
2024-11-22,1,"West Johnston Co.","PM2.5","Johnston",35.59095,-78.4622
2024-11-23,12,"West Johnston Co.","PM2.5","Johnston",35.59095,-78.4622
2024-11-24,18,"West Johnston Co.","PM2.5","Johnston",35.59095,-78.4622
2024-11-25,55,"West Johnston Co.","PM2.5","Johnston",35.59095,-78.4622
2024-11-26,52,"West Johnston Co.","PM2.5","Johnston",35.59095,-78.4622
2024-11-27,42,"West Johnston Co.","PM2.5","Johnston",35.59095,-78.4622
2024-11-28,36,"West Johnston Co.","PM2.5","Johnston",35.59095,-78.4622
2024-11-29,15,"West Johnston Co.","PM2.5","Johnston",35.59095,-78.4622
2024-11-30,17,"West Johnston Co.","PM2.5","Johnston",35.59095,-78.4622
2024-12-01,43,"West Johnston Co.","PM2.5","Johnston",35.59095,-78.4622
2024-12-02,11,"West Johnston Co.","PM2.5","Johnston",35.59095,-78.4622
2024-12-03,12,"West Johnston Co.","PM2.5","Johnston",35.59095,-78.4622
2024-12-04,35,"West Johnston Co.","PM2.5","Johnston",35.59095,-78.4622
2024-12-05,42,"West Johnston Co.","PM2.5","Johnston",35.59095,-78.4622
2024-12-06,10,"West Johnston Co.","PM2.5","Johnston",35.59095,-78.4622
2024-12-07,32,"West Johnston Co.","PM2.5","Johnston",35.59095,-78.4622
2024-12-08,54,"West Johnston Co.","PM2.5","Johnston",35.59095,-78.4622
2024-12-09,58,"West Johnston Co.","PM2.5","Johnston",35.59095,-78.4622
2024-12-10,57,"West Johnston Co.","PM2.5","Johnston",35.59095,-78.4622
2024-12-11,14,"West Johnston Co.","PM2.5","Johnston",35.59095,-78.4622
2024-12-12,8,"West Johnston Co.","PM2.5","Johnston",35.59095,-78.4622
2024-12-13,31,"West Johnston Co.","PM2.5","Johnston",35.59095,-78.4622
2024-12-14,36,"West Johnston Co.","PM2.5","Johnston",35.59095,-78.4622
2024-12-15,27,"West Johnston Co.","PM2.5","Johnston",35.59095,-78.4622
2024-12-16,39,"West Johnston Co.","PM2.5","Johnston",35.59095,-78.4622
2024-12-17,62,"West Johnston Co.","PM2.5","Johnston",35.59095,-78.4622
2024-12-18,55,"West Johnston Co.","PM2.5","Johnston",35.59095,-78.4622
2024-12-19,20,"West Johnston Co.","PM2.5","Johnston",35.59095,-78.4622
2024-12-20,32,"West Johnston Co.","PM2.5","Johnston",35.59095,-78.4622
2024-12-21,0,"West Johnston Co.","PM2.5","Johnston",35.59095,-78.4622
2024-12-22,3,"West Johnston Co.","PM2.5","Johnston",35.59095,-78.4622
2024-12-23,18,"West Johnston Co.","PM2.5","Johnston",35.59095,-78.4622
2024-12-24,41,"West Johnston Co.","PM2.5","Johnston",35.59095,-78.4622
2024-12-25,38,"West Johnston Co.","PM2.5","Johnston",35.59095,-78.4622
2024-12-26,39,"West Johnston Co.","PM2.5","Johnston",35.59095,-78.4622
2024-12-27,49,"West Johnston Co.","PM2.5","Johnston",35.59095,-78.4622
2024-12-28,36,"West Johnston Co.","PM2.5","Johnston",35.59095,-78.4622
2024-12-29,8,"West Johnston Co.","PM2.5","Johnston",35.59095,-78.4622
2024-12-30,11,"West Johnston Co.","PM2.5","Johnston",35.59095,-78.4622
2024-12-31,31,"West Johnston Co.","PM2.5","Johnston",35.59095,-78.4622
2024-01-01,41,"Garinger High School","PM2.5","Mecklenburg",35.2401000008895,-80.785683
2024-01-04,31,"Garinger High School","PM2.5","Mecklenburg",35.2401000008895,-80.785683
2024-01-07,14,"Garinger High School","PM2.5","Mecklenburg",35.2401000008895,-80.785683
2024-01-19,35,"Garinger High School","PM2.5","Mecklenburg",35.2401000008895,-80.785683
2024-01-22,62,"Garinger High School","PM2.5","Mecklenburg",35.2401000008895,-80.785683
2024-01-25,14,"Garinger High School","PM2.5","Mecklenburg",35.2401000008895,-80.785683
2024-01-28,11,"Garinger High School","PM2.5","Mecklenburg",35.2401000008895,-80.785683
2024-01-31,32,"Garinger High School","PM2.5","Mecklenburg",35.2401000008895,-80.785683
2024-02-03,36,"Garinger High School","PM2.5","Mecklenburg",35.2401000008895,-80.785683
2024-02-06,31,"Garinger High School","PM2.5","Mecklenburg",35.2401000008895,-80.785683
2024-02-09,60,"Garinger High School","PM2.5","Mecklenburg",35.2401000008895,-80.785683
2024-02-12,14,"Garinger High School","PM2.5","Mecklenburg",35.2401000008895,-80.785683
2024-02-15,42,"Garinger High School","PM2.5","Mecklenburg",35.2401000008895,-80.785683
2024-02-18,28,"Garinger High School","PM2.5","Mecklenburg",35.2401000008895,-80.785683
2024-02-21,55,"Garinger High School","PM2.5","Mecklenburg",35.2401000008895,-80.785683
2024-02-24,21,"Garinger High School","PM2.5","Mecklenburg",35.2401000008895,-80.785683
2024-02-27,57,"Garinger High School","PM2.5","Mecklenburg",35.2401000008895,-80.785683
2024-03-01,52,"Garinger High School","PM2.5","Mecklenburg",35.2401000008895,-80.785683
2024-03-04,47,"Garinger High School","PM2.5","Mecklenburg",35.2401000008895,-80.785683
2024-03-07,23,"Garinger High School","PM2.5","Mecklenburg",35.2401000008895,-80.785683
2024-03-10,8,"Garinger High School","PM2.5","Mecklenburg",35.2401000008895,-80.785683
2024-03-13,55,"Garinger High School","PM2.5","Mecklenburg",35.2401000008895,-80.785683
2024-03-16,52,"Garinger High School","PM2.5","Mecklenburg",35.2401000008895,-80.785683
2024-03-19,18,"Garinger High School","PM2.5","Mecklenburg",35.2401000008895,-80.785683
2024-03-22,58,"Garinger High School","PM2.5","Mecklenburg",35.2401000008895,-80.785683
2024-03-25,55,"Garinger High School","PM2.5","Mecklenburg",35.2401000008895,-80.785683
2024-03-28,18,"Garinger High School","PM2.5","Mecklenburg",35.2401000008895,-80.785683
2024-03-31,54,"Garinger High School","PM2.5","Mecklenburg",35.2401000008895,-80.785683
2024-04-03,29,"Garinger High School","PM2.5","Mecklenburg",35.2401000008895,-80.785683
2024-04-06,12,"Garinger High School","PM2.5","Mecklenburg",35.2401000008895,-80.785683
2024-04-09,62,"Garinger High School","PM2.5","Mecklenburg",35.2401000008895,-80.785683
2024-04-12,17,"Garinger High School","PM2.5","Mecklenburg",35.2401000008895,-80.785683
2024-04-15,53,"Garinger High School","PM2.5","Mecklenburg",35.2401000008895,-80.785683
2024-04-18,46,"Garinger High School","PM2.5","Mecklenburg",35.2401000008895,-80.785683
2024-04-21,24,"Garinger High School","PM2.5","Mecklenburg",35.2401000008895,-80.785683
2024-04-24,52,"Garinger High School","PM2.5","Mecklenburg",35.2401000008895,-80.785683
2024-04-27,44,"Garinger High School","PM2.5","Mecklenburg",35.2401000008895,-80.785683
2024-04-30,41,"Garinger High School","PM2.5","Mecklenburg",35.2401000008895,-80.785683
2024-05-03,52,"Garinger High School","PM2.5","Mecklenburg",35.2401000008895,-80.785683
2024-05-06,44,"Garinger High School","PM2.5","Mecklenburg",35.2401000008895,-80.785683
2024-05-09,21,"Garinger High School","PM2.5","Mecklenburg",35.2401000008895,-80.785683
2024-05-12,42,"Garinger High School","PM2.5","Mecklenburg",35.2401000008895,-80.785683
2024-05-15,24,"Garinger High School","PM2.5","Mecklenburg",35.2401000008895,-80.785683
2024-05-18,31,"Garinger High School","PM2.5","Mecklenburg",35.2401000008895,-80.785683
2024-05-21,44,"Garinger High School","PM2.5","Mecklenburg",35.2401000008895,-80.785683
2024-05-24,41,"Garinger High School","PM2.5","Mecklenburg",35.2401000008895,-80.785683
2024-05-27,43,"Garinger High School","PM2.5","Mecklenburg",35.2401000008895,-80.785683
2024-05-30,26,"Garinger High School","PM2.5","Mecklenburg",35.2401000008895,-80.785683
2024-06-02,36,"Garinger High School","PM2.5","Mecklenburg",35.2401000008895,-80.785683
2024-06-05,36,"Garinger High School","PM2.5","Mecklenburg",35.2401000008895,-80.785683
2024-06-08,36,"Garinger High School","PM2.5","Mecklenburg",35.2401000008895,-80.785683
2024-06-11,47,"Garinger High School","PM2.5","Mecklenburg",35.2401000008895,-80.785683
2024-06-14,55,"Garinger High School","PM2.5","Mecklenburg",35.2401000008895,-80.785683
2024-06-17,53,"Garinger High School","PM2.5","Mecklenburg",35.2401000008895,-80.785683
2024-06-20,53,"Garinger High School","PM2.5","Mecklenburg",35.2401000008895,-80.785683
2024-06-23,41,"Garinger High School","PM2.5","Mecklenburg",35.2401000008895,-80.785683
2024-06-26,59,"Garinger High School","PM2.5","Mecklenburg",35.2401000008895,-80.785683
2024-06-29,34,"Garinger High School","PM2.5","Mecklenburg",35.2401000008895,-80.785683
2024-07-02,26,"Garinger High School","PM2.5","Mecklenburg",35.2401000008895,-80.785683
2024-07-05,53,"Garinger High School","PM2.5","Mecklenburg",35.2401000008895,-80.785683
2024-07-08,31,"Garinger High School","PM2.5","Mecklenburg",35.2401000008895,-80.785683
2024-07-11,26,"Garinger High School","PM2.5","Mecklenburg",35.2401000008895,-80.785683
2024-07-14,54,"Garinger High School","PM2.5","Mecklenburg",35.2401000008895,-80.785683
2024-07-17,49,"Garinger High School","PM2.5","Mecklenburg",35.2401000008895,-80.785683
2024-07-20,57,"Garinger High School","PM2.5","Mecklenburg",35.2401000008895,-80.785683
2024-07-23,27,"Garinger High School","PM2.5","Mecklenburg",35.2401000008895,-80.785683
2024-07-26,42,"Garinger High School","PM2.5","Mecklenburg",35.2401000008895,-80.785683
2024-08-01,43,"Garinger High School","PM2.5","Mecklenburg",35.2401000008895,-80.785683
2024-08-04,53,"Garinger High School","PM2.5","Mecklenburg",35.2401000008895,-80.785683
2024-08-07,19,"Garinger High School","PM2.5","Mecklenburg",35.2401000008895,-80.785683
2024-08-10,52,"Garinger High School","PM2.5","Mecklenburg",35.2401000008895,-80.785683
2024-08-13,55,"Garinger High School","PM2.5","Mecklenburg",35.2401000008895,-80.785683
2024-08-16,56,"Garinger High School","PM2.5","Mecklenburg",35.2401000008895,-80.785683
2024-08-19,31,"Garinger High School","PM2.5","Mecklenburg",35.2401000008895,-80.785683
2024-08-22,42,"Garinger High School","PM2.5","Mecklenburg",35.2401000008895,-80.785683
2024-08-25,57,"Garinger High School","PM2.5","Mecklenburg",35.2401000008895,-80.785683
2024-08-28,61,"Garinger High School","PM2.5","Mecklenburg",35.2401000008895,-80.785683
2024-08-31,47,"Garinger High School","PM2.5","Mecklenburg",35.2401000008895,-80.785683
2024-09-03,26,"Garinger High School","PM2.5","Mecklenburg",35.2401000008895,-80.785683
2024-09-06,38,"Garinger High School","PM2.5","Mecklenburg",35.2401000008895,-80.785683
2024-09-09,39,"Garinger High School","PM2.5","Mecklenburg",35.2401000008895,-80.785683
2024-09-12,48,"Garinger High School","PM2.5","Mecklenburg",35.2401000008895,-80.785683
2024-09-15,39,"Garinger High School","PM2.5","Mecklenburg",35.2401000008895,-80.785683
2024-09-18,51,"Garinger High School","PM2.5","Mecklenburg",35.2401000008895,-80.785683
2024-09-21,53,"Garinger High School","PM2.5","Mecklenburg",35.2401000008895,-80.785683
2024-09-24,56,"Garinger High School","PM2.5","Mecklenburg",35.2401000008895,-80.785683
2024-09-30,56,"Garinger High School","PM2.5","Mecklenburg",35.2401000008895,-80.785683
2024-10-03,43,"Garinger High School","PM2.5","Mecklenburg",35.2401000008895,-80.785683
2024-10-04,43,"Garinger High School","PM2.5","Mecklenburg",35.2401000008895,-80.785683
2024-10-06,57,"Garinger High School","PM2.5","Mecklenburg",35.2401000008895,-80.785683
2024-10-09,55,"Garinger High School","PM2.5","Mecklenburg",35.2401000008895,-80.785683
2024-10-12,55,"Garinger High School","PM2.5","Mecklenburg",35.2401000008895,-80.785683
2024-10-15,22,"Garinger High School","PM2.5","Mecklenburg",35.2401000008895,-80.785683
2024-10-18,53,"Garinger High School","PM2.5","Mecklenburg",35.2401000008895,-80.785683
2024-10-21,61,"Garinger High School","PM2.5","Mecklenburg",35.2401000008895,-80.785683
2024-10-24,55,"Garinger High School","PM2.5","Mecklenburg",35.2401000008895,-80.785683
2024-10-27,48,"Garinger High School","PM2.5","Mecklenburg",35.2401000008895,-80.785683
2024-10-30,56,"Garinger High School","PM2.5","Mecklenburg",35.2401000008895,-80.785683
2024-11-02,53,"Garinger High School","PM2.5","Mecklenburg",35.2401000008895,-80.785683
2024-11-05,46,"Garinger High School","PM2.5","Mecklenburg",35.2401000008895,-80.785683
2024-11-08,44,"Garinger High School","PM2.5","Mecklenburg",35.2401000008895,-80.785683
2024-11-11,46,"Garinger High School","PM2.5","Mecklenburg",35.2401000008895,-80.785683
2024-11-14,24,"Garinger High School","PM2.5","Mecklenburg",35.2401000008895,-80.785683
2024-11-17,66,"Garinger High School","PM2.5","Mecklenburg",35.2401000008895,-80.785683
2024-11-20,34,"Garinger High School","PM2.5","Mecklenburg",35.2401000008895,-80.785683
2024-11-23,41,"Garinger High School","PM2.5","Mecklenburg",35.2401000008895,-80.785683
2024-11-26,37,"Garinger High School","PM2.5","Mecklenburg",35.2401000008895,-80.785683
2024-11-29,23,"Garinger High School","PM2.5","Mecklenburg",35.2401000008895,-80.785683
2024-12-02,33,"Garinger High School","PM2.5","Mecklenburg",35.2401000008895,-80.785683
2024-12-05,54,"Garinger High School","PM2.5","Mecklenburg",35.2401000008895,-80.785683
2024-12-08,52,"Garinger High School","PM2.5","Mecklenburg",35.2401000008895,-80.785683
2024-12-11,17,"Garinger High School","PM2.5","Mecklenburg",35.2401000008895,-80.785683
2024-12-14,54,"Garinger High School","PM2.5","Mecklenburg",35.2401000008895,-80.785683
2024-12-17,51,"Garinger High School","PM2.5","Mecklenburg",35.2401000008895,-80.785683
2024-12-20,33,"Garinger High School","PM2.5","Mecklenburg",35.2401000008895,-80.785683
2024-12-23,53,"Garinger High School","PM2.5","Mecklenburg",35.2401000008895,-80.785683
2024-12-26,52,"Garinger High School","PM2.5","Mecklenburg",35.2401000008895,-80.785683
2024-12-29,14,"Garinger High School","PM2.5","Mecklenburg",35.2401000008895,-80.785683
2024-01-01,43,"Garinger High School","PM2.5","Mecklenburg",35.2401000008895,-80.785683
2024-01-02,32,"Garinger High School","PM2.5","Mecklenburg",35.2401000008895,-80.785683
2024-01-03,52,"Garinger High School","PM2.5","Mecklenburg",35.2401000008895,-80.785683
2024-01-04,35,"Garinger High School","PM2.5","Mecklenburg",35.2401000008895,-80.785683
2024-01-05,35,"Garinger High School","PM2.5","Mecklenburg",35.2401000008895,-80.785683
2024-01-06,23,"Garinger High School","PM2.5","Mecklenburg",35.2401000008895,-80.785683
2024-01-07,16,"Garinger High School","PM2.5","Mecklenburg",35.2401000008895,-80.785683
2024-01-08,24,"Garinger High School","PM2.5","Mecklenburg",35.2401000008895,-80.785683
2024-01-09,13,"Garinger High School","PM2.5","Mecklenburg",35.2401000008895,-80.785683
2024-01-10,11,"Garinger High School","PM2.5","Mecklenburg",35.2401000008895,-80.785683
2024-01-11,45,"Garinger High School","PM2.5","Mecklenburg",35.2401000008895,-80.785683
2024-01-12,52,"Garinger High School","PM2.5","Mecklenburg",35.2401000008895,-80.785683
2024-01-13,28,"Garinger High School","PM2.5","Mecklenburg",35.2401000008895,-80.785683
2024-01-14,23,"Garinger High School","PM2.5","Mecklenburg",35.2401000008895,-80.785683
2024-01-15,44,"Garinger High School","PM2.5","Mecklenburg",35.2401000008895,-80.785683
2024-01-16,47,"Garinger High School","PM2.5","Mecklenburg",35.2401000008895,-80.785683
2024-01-17,31,"Garinger High School","PM2.5","Mecklenburg",35.2401000008895,-80.785683
2024-01-18,39,"Garinger High School","PM2.5","Mecklenburg",35.2401000008895,-80.785683
2024-01-19,34,"Garinger High School","PM2.5","Mecklenburg",35.2401000008895,-80.785683
2024-01-20,27,"Garinger High School","PM2.5","Mecklenburg",35.2401000008895,-80.785683
2024-01-21,35,"Garinger High School","PM2.5","Mecklenburg",35.2401000008895,-80.785683
2024-01-22,63,"Garinger High School","PM2.5","Mecklenburg",35.2401000008895,-80.785683
2024-01-23,61,"Garinger High School","PM2.5","Mecklenburg",35.2401000008895,-80.785683
2024-01-24,54,"Garinger High School","PM2.5","Mecklenburg",35.2401000008895,-80.785683
2024-01-25,7,"Garinger High School","PM2.5","Mecklenburg",35.2401000008895,-80.785683
2024-01-26,24,"Garinger High School","PM2.5","Mecklenburg",35.2401000008895,-80.785683
2024-01-27,34,"Garinger High School","PM2.5","Mecklenburg",35.2401000008895,-80.785683
2024-01-28,6,"Garinger High School","PM2.5","Mecklenburg",35.2401000008895,-80.785683
2024-01-29,5,"Garinger High School","PM2.5","Mecklenburg",35.2401000008895,-80.785683
2024-01-30,20,"Garinger High School","PM2.5","Mecklenburg",35.2401000008895,-80.785683
2024-01-31,36,"Garinger High School","PM2.5","Mecklenburg",35.2401000008895,-80.785683
2024-02-01,39,"Garinger High School","PM2.5","Mecklenburg",35.2401000008895,-80.785683
2024-02-02,39,"Garinger High School","PM2.5","Mecklenburg",35.2401000008895,-80.785683
2024-02-03,34,"Garinger High School","PM2.5","Mecklenburg",35.2401000008895,-80.785683
2024-02-04,40,"Garinger High School","PM2.5","Mecklenburg",35.2401000008895,-80.785683
2024-02-05,33,"Garinger High School","PM2.5","Mecklenburg",35.2401000008895,-80.785683
2024-02-06,41,"Garinger High School","PM2.5","Mecklenburg",35.2401000008895,-80.785683
2024-02-07,44,"Garinger High School","PM2.5","Mecklenburg",35.2401000008895,-80.785683
2024-02-08,57,"Garinger High School","PM2.5","Mecklenburg",35.2401000008895,-80.785683
2024-02-09,61,"Garinger High School","PM2.5","Mecklenburg",35.2401000008895,-80.785683
2024-02-10,55,"Garinger High School","PM2.5","Mecklenburg",35.2401000008895,-80.785683
2024-02-11,29,"Garinger High School","PM2.5","Mecklenburg",35.2401000008895,-80.785683
2024-02-12,10,"Garinger High School","PM2.5","Mecklenburg",35.2401000008895,-80.785683
2024-02-13,10,"Garinger High School","PM2.5","Mecklenburg",35.2401000008895,-80.785683
2024-02-14,31,"Garinger High School","PM2.5","Mecklenburg",35.2401000008895,-80.785683
2024-02-15,41,"Garinger High School","PM2.5","Mecklenburg",35.2401000008895,-80.785683
2024-02-16,49,"Garinger High School","PM2.5","Mecklenburg",35.2401000008895,-80.785683
2024-02-17,29,"Garinger High School","PM2.5","Mecklenburg",35.2401000008895,-80.785683
2024-02-18,33,"Garinger High School","PM2.5","Mecklenburg",35.2401000008895,-80.785683
2024-02-19,40,"Garinger High School","PM2.5","Mecklenburg",35.2401000008895,-80.785683
2024-02-20,54,"Garinger High School","PM2.5","Mecklenburg",35.2401000008895,-80.785683
2024-02-21,59,"Garinger High School","PM2.5","Mecklenburg",35.2401000008895,-80.785683
2024-02-22,74,"Garinger High School","PM2.5","Mecklenburg",35.2401000008895,-80.785683
2024-02-23,63,"Garinger High School","PM2.5","Mecklenburg",35.2401000008895,-80.785683
2024-02-24,22,"Garinger High School","PM2.5","Mecklenburg",35.2401000008895,-80.785683
2024-02-25,25,"Garinger High School","PM2.5","Mecklenburg",35.2401000008895,-80.785683
2024-02-26,58,"Garinger High School","PM2.5","Mecklenburg",35.2401000008895,-80.785683
2024-02-27,61,"Garinger High School","PM2.5","Mecklenburg",35.2401000008895,-80.785683
2024-02-28,49,"Garinger High School","PM2.5","Mecklenburg",35.2401000008895,-80.785683
2024-02-29,14,"Garinger High School","PM2.5","Mecklenburg",35.2401000008895,-80.785683
2024-03-01,44,"Garinger High School","PM2.5","Mecklenburg",35.2401000008895,-80.785683
2024-03-02,31,"Garinger High School","PM2.5","Mecklenburg",35.2401000008895,-80.785683
2024-03-03,48,"Garinger High School","PM2.5","Mecklenburg",35.2401000008895,-80.785683
2024-03-04,52,"Garinger High School","PM2.5","Mecklenburg",35.2401000008895,-80.785683
2024-03-05,47,"Garinger High School","PM2.5","Mecklenburg",35.2401000008895,-80.785683
2024-03-06,46,"Garinger High School","PM2.5","Mecklenburg",35.2401000008895,-80.785683
2024-03-07,22,"Garinger High School","PM2.5","Mecklenburg",35.2401000008895,-80.785683
2024-03-08,43,"Garinger High School","PM2.5","Mecklenburg",35.2401000008895,-80.785683
2024-03-09,10,"Garinger High School","PM2.5","Mecklenburg",35.2401000008895,-80.785683
2024-03-10,9,"Garinger High School","PM2.5","Mecklenburg",35.2401000008895,-80.785683
2024-03-11,9,"Garinger High School","PM2.5","Mecklenburg",35.2401000008895,-80.785683
2024-03-12,43,"Garinger High School","PM2.5","Mecklenburg",35.2401000008895,-80.785683
2024-03-13,57,"Garinger High School","PM2.5","Mecklenburg",35.2401000008895,-80.785683
2024-03-14,69,"Garinger High School","PM2.5","Mecklenburg",35.2401000008895,-80.785683
2024-03-15,89,"Garinger High School","PM2.5","Mecklenburg",35.2401000008895,-80.785683
2024-03-16,53,"Garinger High School","PM2.5","Mecklenburg",35.2401000008895,-80.785683
2024-03-17,33,"Garinger High School","PM2.5","Mecklenburg",35.2401000008895,-80.785683
2024-03-18,21,"Garinger High School","PM2.5","Mecklenburg",35.2401000008895,-80.785683
2024-03-19,21,"Garinger High School","PM2.5","Mecklenburg",35.2401000008895,-80.785683
2024-03-20,52,"Garinger High School","PM2.5","Mecklenburg",35.2401000008895,-80.785683
2024-03-21,37,"Garinger High School","PM2.5","Mecklenburg",35.2401000008895,-80.785683
2024-03-22,59,"Garinger High School","PM2.5","Mecklenburg",35.2401000008895,-80.785683
2024-03-23,19,"Garinger High School","PM2.5","Mecklenburg",35.2401000008895,-80.785683
2024-03-24,20,"Garinger High School","PM2.5","Mecklenburg",35.2401000008895,-80.785683
2024-03-25,55,"Garinger High School","PM2.5","Mecklenburg",35.2401000008895,-80.785683
2024-03-26,60,"Garinger High School","PM2.5","Mecklenburg",35.2401000008895,-80.785683
2024-03-27,21,"Garinger High School","PM2.5","Mecklenburg",35.2401000008895,-80.785683
2024-03-28,18,"Garinger High School","PM2.5","Mecklenburg",35.2401000008895,-80.785683
2024-03-29,28,"Garinger High School","PM2.5","Mecklenburg",35.2401000008895,-80.785683
2024-03-30,52,"Garinger High School","PM2.5","Mecklenburg",35.2401000008895,-80.785683
2024-03-31,54,"Garinger High School","PM2.5","Mecklenburg",35.2401000008895,-80.785683
2024-04-01,58,"Garinger High School","PM2.5","Mecklenburg",35.2401000008895,-80.785683
2024-04-02,57,"Garinger High School","PM2.5","Mecklenburg",35.2401000008895,-80.785683
2024-04-03,18,"Garinger High School","PM2.5","Mecklenburg",35.2401000008895,-80.785683
2024-04-04,3,"Garinger High School","PM2.5","Mecklenburg",35.2401000008895,-80.785683
2024-04-05,7,"Garinger High School","PM2.5","Mecklenburg",35.2401000008895,-80.785683
2024-04-06,4,"Garinger High School","PM2.5","Mecklenburg",35.2401000008895,-80.785683
2024-04-07,22,"Garinger High School","PM2.5","Mecklenburg",35.2401000008895,-80.785683
2024-04-08,46,"Garinger High School","PM2.5","Mecklenburg",35.2401000008895,-80.785683
2024-04-09,43,"Garinger High School","PM2.5","Mecklenburg",35.2401000008895,-80.785683
2024-04-10,42,"Garinger High School","PM2.5","Mecklenburg",35.2401000008895,-80.785683
2024-04-11,9,"Garinger High School","PM2.5","Mecklenburg",35.2401000008895,-80.785683
2024-04-12,13,"Garinger High School","PM2.5","Mecklenburg",35.2401000008895,-80.785683
2024-04-13,27,"Garinger High School","PM2.5","Mecklenburg",35.2401000008895,-80.785683
2024-04-14,55,"Garinger High School","PM2.5","Mecklenburg",35.2401000008895,-80.785683
2024-04-15,54,"Garinger High School","PM2.5","Mecklenburg",35.2401000008895,-80.785683
2024-04-16,59,"Garinger High School","PM2.5","Mecklenburg",35.2401000008895,-80.785683
2024-04-17,58,"Garinger High School","PM2.5","Mecklenburg",35.2401000008895,-80.785683
2024-04-18,39,"Garinger High School","PM2.5","Mecklenburg",35.2401000008895,-80.785683
2024-04-19,52,"Garinger High School","PM2.5","Mecklenburg",35.2401000008895,-80.785683
2024-04-20,54,"Garinger High School","PM2.5","Mecklenburg",35.2401000008895,-80.785683
2024-04-21,16,"Garinger High School","PM2.5","Mecklenburg",35.2401000008895,-80.785683
2024-04-22,24,"Garinger High School","PM2.5","Mecklenburg",35.2401000008895,-80.785683
2024-04-23,36,"Garinger High School","PM2.5","Mecklenburg",35.2401000008895,-80.785683
2024-04-24,52,"Garinger High School","PM2.5","Mecklenburg",35.2401000008895,-80.785683
2024-04-25,43,"Garinger High School","PM2.5","Mecklenburg",35.2401000008895,-80.785683
2024-04-26,50,"Garinger High School","PM2.5","Mecklenburg",35.2401000008895,-80.785683
2024-04-27,38,"Garinger High School","PM2.5","Mecklenburg",35.2401000008895,-80.785683
2024-04-28,30,"Garinger High School","PM2.5","Mecklenburg",35.2401000008895,-80.785683
2024-04-29,29,"Garinger High School","PM2.5","Mecklenburg",35.2401000008895,-80.785683
2024-04-30,34,"Garinger High School","PM2.5","Mecklenburg",35.2401000008895,-80.785683
2024-05-01,28,"Garinger High School","PM2.5","Mecklenburg",35.2401000008895,-80.785683
2024-05-02,55,"Garinger High School","PM2.5","Mecklenburg",35.2401000008895,-80.785683
2024-05-03,52,"Garinger High School","PM2.5","Mecklenburg",35.2401000008895,-80.785683
2024-05-04,27,"Garinger High School","PM2.5","Mecklenburg",35.2401000008895,-80.785683
2024-05-05,14,"Garinger High School","PM2.5","Mecklenburg",35.2401000008895,-80.785683
2024-05-06,30,"Garinger High School","PM2.5","Mecklenburg",35.2401000008895,-80.785683
2024-05-07,29,"Garinger High School","PM2.5","Mecklenburg",35.2401000008895,-80.785683
2024-05-08,42,"Garinger High School","PM2.5","Mecklenburg",35.2401000008895,-80.785683
2024-05-09,10,"Garinger High School","PM2.5","Mecklenburg",35.2401000008895,-80.785683
2024-05-10,19,"Garinger High School","PM2.5","Mecklenburg",35.2401000008895,-80.785683
2024-05-11,20,"Garinger High School","PM2.5","Mecklenburg",35.2401000008895,-80.785683
2024-05-12,35,"Garinger High School","PM2.5","Mecklenburg",35.2401000008895,-80.785683
2024-05-13,46,"Garinger High School","PM2.5","Mecklenburg",35.2401000008895,-80.785683
2024-05-14,18,"Garinger High School","PM2.5","Mecklenburg",35.2401000008895,-80.785683
2024-05-15,11,"Garinger High School","PM2.5","Mecklenburg",35.2401000008895,-80.785683
2024-05-16,21,"Garinger High School","PM2.5","Mecklenburg",35.2401000008895,-80.785683
2024-05-17,33,"Garinger High School","PM2.5","Mecklenburg",35.2401000008895,-80.785683
2024-05-18,16,"Garinger High School","PM2.5","Mecklenburg",35.2401000008895,-80.785683
2024-05-19,12,"Garinger High School","PM2.5","Mecklenburg",35.2401000008895,-80.785683
2024-05-20,25,"Garinger High School","PM2.5","Mecklenburg",35.2401000008895,-80.785683
2024-05-21,38,"Garinger High School","PM2.5","Mecklenburg",35.2401000008895,-80.785683
2024-05-22,43,"Garinger High School","PM2.5","Mecklenburg",35.2401000008895,-80.785683
2024-05-23,51,"Garinger High School","PM2.5","Mecklenburg",35.2401000008895,-80.785683
2024-05-24,31,"Garinger High School","PM2.5","Mecklenburg",35.2401000008895,-80.785683
2024-05-25,32,"Garinger High School","PM2.5","Mecklenburg",35.2401000008895,-80.785683
2024-05-26,42,"Garinger High School","PM2.5","Mecklenburg",35.2401000008895,-80.785683
2024-05-27,32,"Garinger High School","PM2.5","Mecklenburg",35.2401000008895,-80.785683
2024-05-28,19,"Garinger High School","PM2.5","Mecklenburg",35.2401000008895,-80.785683
2024-05-29,21,"Garinger High School","PM2.5","Mecklenburg",35.2401000008895,-80.785683
2024-05-30,27,"Garinger High School","PM2.5","Mecklenburg",35.2401000008895,-80.785683
2024-05-31,41,"Garinger High School","PM2.5","Mecklenburg",35.2401000008895,-80.785683
2024-06-01,55,"Garinger High School","PM2.5","Mecklenburg",35.2401000008895,-80.785683
2024-06-02,39,"Garinger High School","PM2.5","Mecklenburg",35.2401000008895,-80.785683
2024-06-03,39,"Garinger High School","PM2.5","Mecklenburg",35.2401000008895,-80.785683
2024-06-04,42,"Garinger High School","PM2.5","Mecklenburg",35.2401000008895,-80.785683
2024-06-05,30,"Garinger High School","PM2.5","Mecklenburg",35.2401000008895,-80.785683
2024-06-06,37,"Garinger High School","PM2.5","Mecklenburg",35.2401000008895,-80.785683
2024-06-07,33,"Garinger High School","PM2.5","Mecklenburg",35.2401000008895,-80.785683
2024-06-08,34,"Garinger High School","PM2.5","Mecklenburg",35.2401000008895,-80.785683
2024-06-09,40,"Garinger High School","PM2.5","Mecklenburg",35.2401000008895,-80.785683
2024-06-10,32,"Garinger High School","PM2.5","Mecklenburg",35.2401000008895,-80.785683
2024-06-11,50,"Garinger High School","PM2.5","Mecklenburg",35.2401000008895,-80.785683
2024-06-12,56,"Garinger High School","PM2.5","Mecklenburg",35.2401000008895,-80.785683
2024-06-13,50,"Garinger High School","PM2.5","Mecklenburg",35.2401000008895,-80.785683
2024-06-14,56,"Garinger High School","PM2.5","Mecklenburg",35.2401000008895,-80.785683
2024-06-15,57,"Garinger High School","PM2.5","Mecklenburg",35.2401000008895,-80.785683
2024-06-16,59,"Garinger High School","PM2.5","Mecklenburg",35.2401000008895,-80.785683
2024-06-17,48,"Garinger High School","PM2.5","Mecklenburg",35.2401000008895,-80.785683
2024-06-18,49,"Garinger High School","PM2.5","Mecklenburg",35.2401000008895,-80.785683
2024-06-19,36,"Garinger High School","PM2.5","Mecklenburg",35.2401000008895,-80.785683
2024-06-20,41,"Garinger High School","PM2.5","Mecklenburg",35.2401000008895,-80.785683
2024-06-21,49,"Garinger High School","PM2.5","Mecklenburg",35.2401000008895,-80.785683
2024-06-22,29,"Garinger High School","PM2.5","Mecklenburg",35.2401000008895,-80.785683
2024-06-23,37,"Garinger High School","PM2.5","Mecklenburg",35.2401000008895,-80.785683
2024-06-24,49,"Garinger High School","PM2.5","Mecklenburg",35.2401000008895,-80.785683
2024-06-25,52,"Garinger High School","PM2.5","Mecklenburg",35.2401000008895,-80.785683
2024-06-26,59,"Garinger High School","PM2.5","Mecklenburg",35.2401000008895,-80.785683
2024-06-27,53,"Garinger High School","PM2.5","Mecklenburg",35.2401000008895,-80.785683
2024-06-28,56,"Garinger High School","PM2.5","Mecklenburg",35.2401000008895,-80.785683
2024-06-29,34,"Garinger High School","PM2.5","Mecklenburg",35.2401000008895,-80.785683
2024-06-30,36,"Garinger High School","PM2.5","Mecklenburg",35.2401000008895,-80.785683
2024-07-01,41,"Garinger High School","PM2.5","Mecklenburg",35.2401000008895,-80.785683
2024-07-02,31,"Garinger High School","PM2.5","Mecklenburg",35.2401000008895,-80.785683
2024-07-03,49,"Garinger High School","PM2.5","Mecklenburg",35.2401000008895,-80.785683
2024-07-04,61,"Garinger High School","PM2.5","Mecklenburg",35.2401000008895,-80.785683
2024-07-05,52,"Garinger High School","PM2.5","Mecklenburg",35.2401000008895,-80.785683
2024-07-06,28,"Garinger High School","PM2.5","Mecklenburg",35.2401000008895,-80.785683
2024-07-07,27,"Garinger High School","PM2.5","Mecklenburg",35.2401000008895,-80.785683
2024-07-08,27,"Garinger High School","PM2.5","Mecklenburg",35.2401000008895,-80.785683
2024-07-09,38,"Garinger High School","PM2.5","Mecklenburg",35.2401000008895,-80.785683
2024-07-10,28,"Garinger High School","PM2.5","Mecklenburg",35.2401000008895,-80.785683
2024-07-11,23,"Garinger High School","PM2.5","Mecklenburg",35.2401000008895,-80.785683
2024-07-12,37,"Garinger High School","PM2.5","Mecklenburg",35.2401000008895,-80.785683
2024-07-13,31,"Garinger High School","PM2.5","Mecklenburg",35.2401000008895,-80.785683
2024-07-14,52,"Garinger High School","PM2.5","Mecklenburg",35.2401000008895,-80.785683
2024-07-15,57,"Garinger High School","PM2.5","Mecklenburg",35.2401000008895,-80.785683
2024-07-16,53,"Garinger High School","PM2.5","Mecklenburg",35.2401000008895,-80.785683
2024-07-17,41,"Garinger High School","PM2.5","Mecklenburg",35.2401000008895,-80.785683
2024-07-18,40,"Garinger High School","PM2.5","Mecklenburg",35.2401000008895,-80.785683
2024-07-19,31,"Garinger High School","PM2.5","Mecklenburg",35.2401000008895,-80.785683
2024-07-20,16,"Garinger High School","PM2.5","Mecklenburg",35.2401000008895,-80.785683
2024-07-21,13,"Garinger High School","PM2.5","Mecklenburg",35.2401000008895,-80.785683
2024-07-22,18,"Garinger High School","PM2.5","Mecklenburg",35.2401000008895,-80.785683
2024-07-23,21,"Garinger High School","PM2.5","Mecklenburg",35.2401000008895,-80.785683
2024-07-24,18,"Garinger High School","PM2.5","Mecklenburg",35.2401000008895,-80.785683
2024-07-25,21,"Garinger High School","PM2.5","Mecklenburg",35.2401000008895,-80.785683
2024-07-26,37,"Garinger High School","PM2.5","Mecklenburg",35.2401000008895,-80.785683
2024-07-27,56,"Garinger High School","PM2.5","Mecklenburg",35.2401000008895,-80.785683
2024-07-28,57,"Garinger High School","PM2.5","Mecklenburg",35.2401000008895,-80.785683
2024-07-29,48,"Garinger High School","PM2.5","Mecklenburg",35.2401000008895,-80.785683
2024-07-30,21,"Garinger High School","PM2.5","Mecklenburg",35.2401000008895,-80.785683
2024-07-31,22,"Garinger High School","PM2.5","Mecklenburg",35.2401000008895,-80.785683
2024-08-01,37,"Garinger High School","PM2.5","Mecklenburg",35.2401000008895,-80.785683
2024-08-02,60,"Garinger High School","PM2.5","Mecklenburg",35.2401000008895,-80.785683
2024-08-03,58,"Garinger High School","PM2.5","Mecklenburg",35.2401000008895,-80.785683
2024-08-04,35,"Garinger High School","PM2.5","Mecklenburg",35.2401000008895,-80.785683
2024-08-05,17,"Garinger High School","PM2.5","Mecklenburg",35.2401000008895,-80.785683
2024-08-06,14,"Garinger High School","PM2.5","Mecklenburg",35.2401000008895,-80.785683
2024-08-07,6,"Garinger High School","PM2.5","Mecklenburg",35.2401000008895,-80.785683
2024-08-08,0,"Garinger High School","PM2.5","Mecklenburg",35.2401000008895,-80.785683
2024-08-09,22,"Garinger High School","PM2.5","Mecklenburg",35.2401000008895,-80.785683
2024-08-10,41,"Garinger High School","PM2.5","Mecklenburg",35.2401000008895,-80.785683
2024-08-11,49,"Garinger High School","PM2.5","Mecklenburg",35.2401000008895,-80.785683
2024-08-12,48,"Garinger High School","PM2.5","Mecklenburg",35.2401000008895,-80.785683
2024-08-13,52,"Garinger High School","PM2.5","Mecklenburg",35.2401000008895,-80.785683
2024-08-14,46,"Garinger High School","PM2.5","Mecklenburg",35.2401000008895,-80.785683
2024-08-15,52,"Garinger High School","PM2.5","Mecklenburg",35.2401000008895,-80.785683
2024-08-16,55,"Garinger High School","PM2.5","Mecklenburg",35.2401000008895,-80.785683
2024-08-17,46,"Garinger High School","PM2.5","Mecklenburg",35.2401000008895,-80.785683
2024-08-18,28,"Garinger High School","PM2.5","Mecklenburg",35.2401000008895,-80.785683
2024-08-19,26,"Garinger High School","PM2.5","Mecklenburg",35.2401000008895,-80.785683
2024-08-20,34,"Garinger High School","PM2.5","Mecklenburg",35.2401000008895,-80.785683
2024-08-21,37,"Garinger High School","PM2.5","Mecklenburg",35.2401000008895,-80.785683
2024-08-22,39,"Garinger High School","PM2.5","Mecklenburg",35.2401000008895,-80.785683
2024-08-23,52,"Garinger High School","PM2.5","Mecklenburg",35.2401000008895,-80.785683
2024-08-24,55,"Garinger High School","PM2.5","Mecklenburg",35.2401000008895,-80.785683
2024-08-25,55,"Garinger High School","PM2.5","Mecklenburg",35.2401000008895,-80.785683
2024-08-26,59,"Garinger High School","PM2.5","Mecklenburg",35.2401000008895,-80.785683
2024-08-27,60,"Garinger High School","PM2.5","Mecklenburg",35.2401000008895,-80.785683
2024-08-28,60,"Garinger High School","PM2.5","Mecklenburg",35.2401000008895,-80.785683
2024-08-29,58,"Garinger High School","PM2.5","Mecklenburg",35.2401000008895,-80.785683
2024-08-30,44,"Garinger High School","PM2.5","Mecklenburg",35.2401000008895,-80.785683
2024-08-31,43,"Garinger High School","PM2.5","Mecklenburg",35.2401000008895,-80.785683
2024-09-01,34,"Garinger High School","PM2.5","Mecklenburg",35.2401000008895,-80.785683
2024-09-02,32,"Garinger High School","PM2.5","Mecklenburg",35.2401000008895,-80.785683
2024-09-03,23,"Garinger High School","PM2.5","Mecklenburg",35.2401000008895,-80.785683
2024-09-04,24,"Garinger High School","PM2.5","Mecklenburg",35.2401000008895,-80.785683
2024-09-05,29,"Garinger High School","PM2.5","Mecklenburg",35.2401000008895,-80.785683
2024-09-06,42,"Garinger High School","PM2.5","Mecklenburg",35.2401000008895,-80.785683
2024-09-07,36,"Garinger High School","PM2.5","Mecklenburg",35.2401000008895,-80.785683
2024-09-08,21,"Garinger High School","PM2.5","Mecklenburg",35.2401000008895,-80.785683
2024-09-09,32,"Garinger High School","PM2.5","Mecklenburg",35.2401000008895,-80.785683
2024-09-10,47,"Garinger High School","PM2.5","Mecklenburg",35.2401000008895,-80.785683
2024-09-11,55,"Garinger High School","PM2.5","Mecklenburg",35.2401000008895,-80.785683
2024-09-12,48,"Garinger High School","PM2.5","Mecklenburg",35.2401000008895,-80.785683
2024-09-13,27,"Garinger High School","PM2.5","Mecklenburg",35.2401000008895,-80.785683
2024-09-14,26,"Garinger High School","PM2.5","Mecklenburg",35.2401000008895,-80.785683
2024-09-15,28,"Garinger High School","PM2.5","Mecklenburg",35.2401000008895,-80.785683
2024-09-16,28,"Garinger High School","PM2.5","Mecklenburg",35.2401000008895,-80.785683
2024-09-17,11,"Garinger High School","PM2.5","Mecklenburg",35.2401000008895,-80.785683
2024-09-18,45,"Garinger High School","PM2.5","Mecklenburg",35.2401000008895,-80.785683
2024-09-19,30,"Garinger High School","PM2.5","Mecklenburg",35.2401000008895,-80.785683
2024-09-20,34,"Garinger High School","PM2.5","Mecklenburg",35.2401000008895,-80.785683
2024-09-21,47,"Garinger High School","PM2.5","Mecklenburg",35.2401000008895,-80.785683
2024-09-22,52,"Garinger High School","PM2.5","Mecklenburg",35.2401000008895,-80.785683
2024-09-23,52,"Garinger High School","PM2.5","Mecklenburg",35.2401000008895,-80.785683
2024-09-24,56,"Garinger High School","PM2.5","Mecklenburg",35.2401000008895,-80.785683
2024-09-25,32,"Garinger High School","PM2.5","Mecklenburg",35.2401000008895,-80.785683
2024-09-26,13,"Garinger High School","PM2.5","Mecklenburg",35.2401000008895,-80.785683
2024-09-28,56,"Garinger High School","PM2.5","Mecklenburg",35.2401000008895,-80.785683
2024-09-29,54,"Garinger High School","PM2.5","Mecklenburg",35.2401000008895,-80.785683
2024-09-30,57,"Garinger High School","PM2.5","Mecklenburg",35.2401000008895,-80.785683
2024-10-01,43,"Garinger High School","PM2.5","Mecklenburg",35.2401000008895,-80.785683
2024-10-02,24,"Garinger High School","PM2.5","Mecklenburg",35.2401000008895,-80.785683
2024-10-03,42,"Garinger High School","PM2.5","Mecklenburg",35.2401000008895,-80.785683
2024-10-04,39,"Garinger High School","PM2.5","Mecklenburg",35.2401000008895,-80.785683
2024-10-05,52,"Garinger High School","PM2.5","Mecklenburg",35.2401000008895,-80.785683
2024-10-06,57,"Garinger High School","PM2.5","Mecklenburg",35.2401000008895,-80.785683
2024-10-07,57,"Garinger High School","PM2.5","Mecklenburg",35.2401000008895,-80.785683
2024-10-08,48,"Garinger High School","PM2.5","Mecklenburg",35.2401000008895,-80.785683
2024-10-09,53,"Garinger High School","PM2.5","Mecklenburg",35.2401000008895,-80.785683
2024-10-10,29,"Garinger High School","PM2.5","Mecklenburg",35.2401000008895,-80.785683
2024-10-11,47,"Garinger High School","PM2.5","Mecklenburg",35.2401000008895,-80.785683
2024-10-12,55,"Garinger High School","PM2.5","Mecklenburg",35.2401000008895,-80.785683
2024-10-13,56,"Garinger High School","PM2.5","Mecklenburg",35.2401000008895,-80.785683
2024-10-14,44,"Garinger High School","PM2.5","Mecklenburg",35.2401000008895,-80.785683
2024-10-15,14,"Garinger High School","PM2.5","Mecklenburg",35.2401000008895,-80.785683
2024-10-16,8,"Garinger High School","PM2.5","Mecklenburg",35.2401000008895,-80.785683
2024-10-17,22,"Garinger High School","PM2.5","Mecklenburg",35.2401000008895,-80.785683
2024-10-18,42,"Garinger High School","PM2.5","Mecklenburg",35.2401000008895,-80.785683
2024-10-19,48,"Garinger High School","PM2.5","Mecklenburg",35.2401000008895,-80.785683
2024-10-20,55,"Garinger High School","PM2.5","Mecklenburg",35.2401000008895,-80.785683
2024-10-21,52,"Garinger High School","PM2.5","Mecklenburg",35.2401000008895,-80.785683
2024-10-26,61,"Garinger High School","PM2.5","Mecklenburg",35.2401000008895,-80.785683
2024-10-27,40,"Garinger High School","PM2.5","Mecklenburg",35.2401000008895,-80.785683
2024-10-28,54,"Garinger High School","PM2.5","Mecklenburg",35.2401000008895,-80.785683
2024-10-29,54,"Garinger High School","PM2.5","Mecklenburg",35.2401000008895,-80.785683
2024-10-30,54,"Garinger High School","PM2.5","Mecklenburg",35.2401000008895,-80.785683
2024-10-31,47,"Garinger High School","PM2.5","Mecklenburg",35.2401000008895,-80.785683
2024-11-01,48,"Garinger High School","PM2.5","Mecklenburg",35.2401000008895,-80.785683
2024-11-02,52,"Garinger High School","PM2.5","Mecklenburg",35.2401000008895,-80.785683
2024-11-03,52,"Garinger High School","PM2.5","Mecklenburg",35.2401000008895,-80.785683
2024-11-04,37,"Garinger High School","PM2.5","Mecklenburg",35.2401000008895,-80.785683
2024-11-05,42,"Garinger High School","PM2.5","Mecklenburg",35.2401000008895,-80.785683
2024-11-06,31,"Garinger High School","PM2.5","Mecklenburg",35.2401000008895,-80.785683
2024-11-07,24,"Garinger High School","PM2.5","Mecklenburg",35.2401000008895,-80.785683
2024-11-08,42,"Garinger High School","PM2.5","Mecklenburg",35.2401000008895,-80.785683
2024-11-09,31,"Garinger High School","PM2.5","Mecklenburg",35.2401000008895,-80.785683
2024-11-10,47,"Garinger High School","PM2.5","Mecklenburg",35.2401000008895,-80.785683
2024-11-11,43,"Garinger High School","PM2.5","Mecklenburg",35.2401000008895,-80.785683
2024-11-12,34,"Garinger High School","PM2.5","Mecklenburg",35.2401000008895,-80.785683
2024-11-13,27,"Garinger High School","PM2.5","Mecklenburg",35.2401000008895,-80.785683
2024-11-14,21,"Garinger High School","PM2.5","Mecklenburg",35.2401000008895,-80.785683
2024-11-15,23,"Garinger High School","PM2.5","Mecklenburg",35.2401000008895,-80.785683
2024-11-16,52,"Garinger High School","PM2.5","Mecklenburg",35.2401000008895,-80.785683
2024-11-17,66,"Garinger High School","PM2.5","Mecklenburg",35.2401000008895,-80.785683
2024-11-18,63,"Garinger High School","PM2.5","Mecklenburg",35.2401000008895,-80.785683
2024-11-19,59,"Garinger High School","PM2.5","Mecklenburg",35.2401000008895,-80.785683
2024-11-20,36,"Garinger High School","PM2.5","Mecklenburg",35.2401000008895,-80.785683
2024-11-21,12,"Garinger High School","PM2.5","Mecklenburg",35.2401000008895,-80.785683
2024-11-22,9,"Garinger High School","PM2.5","Mecklenburg",35.2401000008895,-80.785683
2024-11-23,45,"Garinger High School","PM2.5","Mecklenburg",35.2401000008895,-80.785683
2024-11-24,72,"Garinger High School","PM2.5","Mecklenburg",35.2401000008895,-80.785683
2024-11-25,55,"Garinger High School","PM2.5","Mecklenburg",35.2401000008895,-80.785683
2024-11-26,37,"Garinger High School","PM2.5","Mecklenburg",35.2401000008895,-80.785683
2024-11-27,52,"Garinger High School","PM2.5","Mecklenburg",35.2401000008895,-80.785683
2024-11-28,44,"Garinger High School","PM2.5","Mecklenburg",35.2401000008895,-80.785683
2024-11-29,28,"Garinger High School","PM2.5","Mecklenburg",35.2401000008895,-80.785683
2024-11-30,48,"Garinger High School","PM2.5","Mecklenburg",35.2401000008895,-80.785683
2024-12-01,63,"Garinger High School","PM2.5","Mecklenburg",35.2401000008895,-80.785683
2024-12-02,31,"Garinger High School","PM2.5","Mecklenburg",35.2401000008895,-80.785683
2024-12-03,29,"Garinger High School","PM2.5","Mecklenburg",35.2401000008895,-80.785683
2024-12-04,52,"Garinger High School","PM2.5","Mecklenburg",35.2401000008895,-80.785683
2024-12-05,41,"Garinger High School","PM2.5","Mecklenburg",35.2401000008895,-80.785683
2024-12-06,38,"Garinger High School","PM2.5","Mecklenburg",35.2401000008895,-80.785683
2024-12-07,63,"Garinger High School","PM2.5","Mecklenburg",35.2401000008895,-80.785683
2024-12-08,53,"Garinger High School","PM2.5","Mecklenburg",35.2401000008895,-80.785683
2024-12-09,53,"Garinger High School","PM2.5","Mecklenburg",35.2401000008895,-80.785683
2024-12-10,45,"Garinger High School","PM2.5","Mecklenburg",35.2401000008895,-80.785683
2024-12-11,18,"Garinger High School","PM2.5","Mecklenburg",35.2401000008895,-80.785683
2024-12-12,42,"Garinger High School","PM2.5","Mecklenburg",35.2401000008895,-80.785683
2024-12-13,56,"Garinger High School","PM2.5","Mecklenburg",35.2401000008895,-80.785683
2024-12-14,56,"Garinger High School","PM2.5","Mecklenburg",35.2401000008895,-80.785683
2024-12-15,40,"Garinger High School","PM2.5","Mecklenburg",35.2401000008895,-80.785683
2024-12-16,42,"Garinger High School","PM2.5","Mecklenburg",35.2401000008895,-80.785683
2024-12-17,51,"Garinger High School","PM2.5","Mecklenburg",35.2401000008895,-80.785683
2024-12-18,50,"Garinger High School","PM2.5","Mecklenburg",35.2401000008895,-80.785683
2024-12-19,26,"Garinger High School","PM2.5","Mecklenburg",35.2401000008895,-80.785683
2024-12-20,36,"Garinger High School","PM2.5","Mecklenburg",35.2401000008895,-80.785683
2024-12-21,21,"Garinger High School","PM2.5","Mecklenburg",35.2401000008895,-80.785683
2024-12-22,27,"Garinger High School","PM2.5","Mecklenburg",35.2401000008895,-80.785683
2024-12-23,52,"Garinger High School","PM2.5","Mecklenburg",35.2401000008895,-80.785683
2024-12-24,68,"Garinger High School","PM2.5","Mecklenburg",35.2401000008895,-80.785683
2024-12-25,59,"Garinger High School","PM2.5","Mecklenburg",35.2401000008895,-80.785683
2024-12-26,55,"Garinger High School","PM2.5","Mecklenburg",35.2401000008895,-80.785683
2024-12-27,56,"Garinger High School","PM2.5","Mecklenburg",35.2401000008895,-80.785683
2024-12-28,28,"Garinger High School","PM2.5","Mecklenburg",35.2401000008895,-80.785683
2024-12-29,18,"Garinger High School","PM2.5","Mecklenburg",35.2401000008895,-80.785683
2024-12-30,32,"Garinger High School","PM2.5","Mecklenburg",35.2401000008895,-80.785683
2024-12-31,48,"Garinger High School","PM2.5","Mecklenburg",35.2401000008895,-80.785683
2024-01-07,9,"Remount","PM2.5","Mecklenburg",35.213171,-80.874084
2024-01-28,20,"Remount","PM2.5","Mecklenburg",35.213171,-80.874084
2024-01-31,37,"Remount","PM2.5","Mecklenburg",35.213171,-80.874084
2024-02-12,20,"Remount","PM2.5","Mecklenburg",35.213171,-80.874084
2024-02-24,24,"Remount","PM2.5","Mecklenburg",35.213171,-80.874084
2024-03-07,26,"Remount","PM2.5","Mecklenburg",35.213171,-80.874084
2024-03-19,19,"Remount","PM2.5","Mecklenburg",35.213171,-80.874084
2024-03-31,56,"Remount","PM2.5","Mecklenburg",35.213171,-80.874084
2024-04-12,17,"Remount","PM2.5","Mecklenburg",35.213171,-80.874084
2024-04-24,54,"Remount","PM2.5","Mecklenburg",35.213171,-80.874084
2024-05-06,54,"Remount","PM2.5","Mecklenburg",35.213171,-80.874084
2024-05-18,29,"Remount","PM2.5","Mecklenburg",35.213171,-80.874084
2024-05-30,29,"Remount","PM2.5","Mecklenburg",35.213171,-80.874084
2024-06-11,46,"Remount","PM2.5","Mecklenburg",35.213171,-80.874084
2024-06-23,41,"Remount","PM2.5","Mecklenburg",35.213171,-80.874084
2024-07-05,52,"Remount","PM2.5","Mecklenburg",35.213171,-80.874084
2024-07-17,51,"Remount","PM2.5","Mecklenburg",35.213171,-80.874084
2024-07-29,48,"Remount","PM2.5","Mecklenburg",35.213171,-80.874084
2024-08-10,51,"Remount","PM2.5","Mecklenburg",35.213171,-80.874084
2024-08-22,43,"Remount","PM2.5","Mecklenburg",35.213171,-80.874084
2024-09-03,32,"Remount","PM2.5","Mecklenburg",35.213171,-80.874084
2024-09-15,36,"Remount","PM2.5","Mecklenburg",35.213171,-80.874084
2024-10-03,44,"Remount","PM2.5","Mecklenburg",35.213171,-80.874084
2024-10-09,52,"Remount","PM2.5","Mecklenburg",35.213171,-80.874084
2024-10-21,61,"Remount","PM2.5","Mecklenburg",35.213171,-80.874084
2024-11-02,52,"Remount","PM2.5","Mecklenburg",35.213171,-80.874084
2024-11-14,33,"Remount","PM2.5","Mecklenburg",35.213171,-80.874084
2024-11-26,43,"Remount","PM2.5","Mecklenburg",35.213171,-80.874084
2024-12-08,48,"Remount","PM2.5","Mecklenburg",35.213171,-80.874084
2024-12-20,34,"Remount","PM2.5","Mecklenburg",35.213171,-80.874084
2024-12-28,35,"Remount","PM2.5","Mecklenburg",35.213171,-80.874084
2024-01-01,46,"Remount","PM2.5","Mecklenburg",35.213171,-80.874084
2024-01-02,27,"Remount","PM2.5","Mecklenburg",35.213171,-80.874084
2024-01-03,56,"Remount","PM2.5","Mecklenburg",35.213171,-80.874084
2024-01-04,37,"Remount","PM2.5","Mecklenburg",35.213171,-80.874084
2024-01-05,45,"Remount","PM2.5","Mecklenburg",35.213171,-80.874084
2024-01-06,37,"Remount","PM2.5","Mecklenburg",35.213171,-80.874084
2024-01-07,20,"Remount","PM2.5","Mecklenburg",35.213171,-80.874084
2024-01-08,33,"Remount","PM2.5","Mecklenburg",35.213171,-80.874084
2024-01-09,27,"Remount","PM2.5","Mecklenburg",35.213171,-80.874084
2024-01-10,16,"Remount","PM2.5","Mecklenburg",35.213171,-80.874084
2024-01-11,49,"Remount","PM2.5","Mecklenburg",35.213171,-80.874084
2024-01-12,59,"Remount","PM2.5","Mecklenburg",35.213171,-80.874084
2024-01-13,21,"Remount","PM2.5","Mecklenburg",35.213171,-80.874084
2024-01-14,29,"Remount","PM2.5","Mecklenburg",35.213171,-80.874084
2024-01-15,51,"Remount","PM2.5","Mecklenburg",35.213171,-80.874084
2024-01-16,49,"Remount","PM2.5","Mecklenburg",35.213171,-80.874084
2024-01-17,30,"Remount","PM2.5","Mecklenburg",35.213171,-80.874084
2024-01-18,43,"Remount","PM2.5","Mecklenburg",35.213171,-80.874084
2024-01-19,39,"Remount","PM2.5","Mecklenburg",35.213171,-80.874084
2024-01-20,28,"Remount","PM2.5","Mecklenburg",35.213171,-80.874084
2024-01-21,35,"Remount","PM2.5","Mecklenburg",35.213171,-80.874084
2024-01-22,61,"Remount","PM2.5","Mecklenburg",35.213171,-80.874084
2024-01-23,65,"Remount","PM2.5","Mecklenburg",35.213171,-80.874084
2024-01-24,63,"Remount","PM2.5","Mecklenburg",35.213171,-80.874084
2024-01-25,28,"Remount","PM2.5","Mecklenburg",35.213171,-80.874084
2024-01-26,34,"Remount","PM2.5","Mecklenburg",35.213171,-80.874084
2024-01-27,44,"Remount","PM2.5","Mecklenburg",35.213171,-80.874084
2024-01-28,7,"Remount","PM2.5","Mecklenburg",35.213171,-80.874084
2024-01-29,8,"Remount","PM2.5","Mecklenburg",35.213171,-80.874084
2024-01-30,40,"Remount","PM2.5","Mecklenburg",35.213171,-80.874084
2024-01-31,41,"Remount","PM2.5","Mecklenburg",35.213171,-80.874084
2024-02-01,49,"Remount","PM2.5","Mecklenburg",35.213171,-80.874084
2024-02-02,47,"Remount","PM2.5","Mecklenburg",35.213171,-80.874084
2024-02-03,39,"Remount","PM2.5","Mecklenburg",35.213171,-80.874084
2024-02-04,51,"Remount","PM2.5","Mecklenburg",35.213171,-80.874084
2024-02-05,38,"Remount","PM2.5","Mecklenburg",35.213171,-80.874084
2024-02-06,44,"Remount","PM2.5","Mecklenburg",35.213171,-80.874084
2024-02-07,49,"Remount","PM2.5","Mecklenburg",35.213171,-80.874084
2024-02-08,67,"Remount","PM2.5","Mecklenburg",35.213171,-80.874084
2024-02-09,63,"Remount","PM2.5","Mecklenburg",35.213171,-80.874084
2024-02-10,57,"Remount","PM2.5","Mecklenburg",35.213171,-80.874084
2024-02-11,39,"Remount","PM2.5","Mecklenburg",35.213171,-80.874084
2024-02-12,19,"Remount","PM2.5","Mecklenburg",35.213171,-80.874084
2024-02-13,12,"Remount","PM2.5","Mecklenburg",35.213171,-80.874084
2024-02-14,36,"Remount","PM2.5","Mecklenburg",35.213171,-80.874084
2024-02-15,51,"Remount","PM2.5","Mecklenburg",35.213171,-80.874084
2024-02-16,55,"Remount","PM2.5","Mecklenburg",35.213171,-80.874084
2024-02-17,36,"Remount","PM2.5","Mecklenburg",35.213171,-80.874084
2024-02-18,28,"Remount","PM2.5","Mecklenburg",35.213171,-80.874084
2024-02-19,75,"Remount","PM2.5","Mecklenburg",35.213171,-80.874084
2024-02-20,58,"Remount","PM2.5","Mecklenburg",35.213171,-80.874084
2024-02-21,60,"Remount","PM2.5","Mecklenburg",35.213171,-80.874084
2024-02-22,80,"Remount","PM2.5","Mecklenburg",35.213171,-80.874084
2024-02-23,64,"Remount","PM2.5","Mecklenburg",35.213171,-80.874084
2024-02-24,27,"Remount","PM2.5","Mecklenburg",35.213171,-80.874084
2024-02-25,29,"Remount","PM2.5","Mecklenburg",35.213171,-80.874084
2024-02-26,61,"Remount","PM2.5","Mecklenburg",35.213171,-80.874084
2024-02-27,62,"Remount","PM2.5","Mecklenburg",35.213171,-80.874084
2024-02-28,49,"Remount","PM2.5","Mecklenburg",35.213171,-80.874084
2024-02-29,27,"Remount","PM2.5","Mecklenburg",35.213171,-80.874084
2024-03-01,50,"Remount","PM2.5","Mecklenburg",35.213171,-80.874084
2024-03-02,30,"Remount","PM2.5","Mecklenburg",35.213171,-80.874084
2024-03-03,41,"Remount","PM2.5","Mecklenburg",35.213171,-80.874084
2024-03-04,54,"Remount","PM2.5","Mecklenburg",35.213171,-80.874084
2024-03-05,56,"Remount","PM2.5","Mecklenburg",35.213171,-80.874084
2024-03-06,54,"Remount","PM2.5","Mecklenburg",35.213171,-80.874084
2024-03-07,32,"Remount","PM2.5","Mecklenburg",35.213171,-80.874084
2024-03-08,48,"Remount","PM2.5","Mecklenburg",35.213171,-80.874084
2024-03-09,15,"Remount","PM2.5","Mecklenburg",35.213171,-80.874084
2024-03-10,14,"Remount","PM2.5","Mecklenburg",35.213171,-80.874084
2024-03-11,22,"Remount","PM2.5","Mecklenburg",35.213171,-80.874084
2024-03-12,53,"Remount","PM2.5","Mecklenburg",35.213171,-80.874084
2024-03-13,62,"Remount","PM2.5","Mecklenburg",35.213171,-80.874084
2024-03-14,74,"Remount","PM2.5","Mecklenburg",35.213171,-80.874084
2024-03-15,91,"Remount","PM2.5","Mecklenburg",35.213171,-80.874084
2024-03-16,55,"Remount","PM2.5","Mecklenburg",35.213171,-80.874084
2024-03-17,33,"Remount","PM2.5","Mecklenburg",35.213171,-80.874084
2024-03-18,23,"Remount","PM2.5","Mecklenburg",35.213171,-80.874084
2024-03-19,26,"Remount","PM2.5","Mecklenburg",35.213171,-80.874084
2024-03-20,55,"Remount","PM2.5","Mecklenburg",35.213171,-80.874084
2024-03-21,53,"Remount","PM2.5","Mecklenburg",35.213171,-80.874084
2024-03-22,65,"Remount","PM2.5","Mecklenburg",35.213171,-80.874084
2024-03-23,27,"Remount","PM2.5","Mecklenburg",35.213171,-80.874084
2024-03-24,32,"Remount","PM2.5","Mecklenburg",35.213171,-80.874084
2024-03-25,55,"Remount","PM2.5","Mecklenburg",35.213171,-80.874084
2024-03-26,60,"Remount","PM2.5","Mecklenburg",35.213171,-80.874084
2024-03-27,36,"Remount","PM2.5","Mecklenburg",35.213171,-80.874084
2024-03-28,23,"Remount","PM2.5","Mecklenburg",35.213171,-80.874084
2024-03-29,47,"Remount","PM2.5","Mecklenburg",35.213171,-80.874084
2024-03-30,56,"Remount","PM2.5","Mecklenburg",35.213171,-80.874084
2024-03-31,58,"Remount","PM2.5","Mecklenburg",35.213171,-80.874084
2024-04-01,56,"Remount","PM2.5","Mecklenburg",35.213171,-80.874084
2024-04-02,62,"Remount","PM2.5","Mecklenburg",35.213171,-80.874084
2024-04-03,33,"Remount","PM2.5","Mecklenburg",35.213171,-80.874084
2024-04-04,16,"Remount","PM2.5","Mecklenburg",35.213171,-80.874084
2024-04-05,14,"Remount","PM2.5","Mecklenburg",35.213171,-80.874084
2024-04-06,18,"Remount","PM2.5","Mecklenburg",35.213171,-80.874084
2024-04-07,33,"Remount","PM2.5","Mecklenburg",35.213171,-80.874084
2024-04-08,53,"Remount","PM2.5","Mecklenburg",35.213171,-80.874084
2024-04-09,54,"Remount","PM2.5","Mecklenburg",35.213171,-80.874084
2024-04-10,55,"Remount","PM2.5","Mecklenburg",35.213171,-80.874084
2024-04-11,28,"Remount","PM2.5","Mecklenburg",35.213171,-80.874084
2024-04-12,11,"Remount","PM2.5","Mecklenburg",35.213171,-80.874084
2024-04-13,23,"Remount","PM2.5","Mecklenburg",35.213171,-80.874084
2024-04-14,51,"Remount","PM2.5","Mecklenburg",35.213171,-80.874084
2024-04-15,56,"Remount","PM2.5","Mecklenburg",35.213171,-80.874084
2024-04-16,67,"Remount","PM2.5","Mecklenburg",35.213171,-80.874084
2024-04-17,64,"Remount","PM2.5","Mecklenburg",35.213171,-80.874084
2024-04-18,52,"Remount","PM2.5","Mecklenburg",35.213171,-80.874084
2024-04-19,54,"Remount","PM2.5","Mecklenburg",35.213171,-80.874084
2024-04-20,54,"Remount","PM2.5","Mecklenburg",35.213171,-80.874084
2024-04-21,26,"Remount","PM2.5","Mecklenburg",35.213171,-80.874084
2024-04-22,36,"Remount","PM2.5","Mecklenburg",35.213171,-80.874084
2024-04-23,46,"Remount","PM2.5","Mecklenburg",35.213171,-80.874084
2024-04-24,57,"Remount","PM2.5","Mecklenburg",35.213171,-80.874084
2024-04-25,55,"Remount","PM2.5","Mecklenburg",35.213171,-80.874084
2024-04-26,58,"Remount","PM2.5","Mecklenburg",35.213171,-80.874084
2024-04-27,51,"Remount","PM2.5","Mecklenburg",35.213171,-80.874084
2024-04-28,42,"Remount","PM2.5","Mecklenburg",35.213171,-80.874084
2024-04-29,43,"Remount","PM2.5","Mecklenburg",35.213171,-80.874084
2024-04-30,49,"Remount","PM2.5","Mecklenburg",35.213171,-80.874084
2024-05-01,44,"Remount","PM2.5","Mecklenburg",35.213171,-80.874084
2024-05-02,54,"Remount","PM2.5","Mecklenburg",35.213171,-80.874084
2024-05-03,58,"Remount","PM2.5","Mecklenburg",35.213171,-80.874084
2024-05-04,51,"Remount","PM2.5","Mecklenburg",35.213171,-80.874084
2024-05-05,32,"Remount","PM2.5","Mecklenburg",35.213171,-80.874084
2024-05-06,52,"Remount","PM2.5","Mecklenburg",35.213171,-80.874084
2024-05-07,48,"Remount","PM2.5","Mecklenburg",35.213171,-80.874084
2024-05-08,52,"Remount","PM2.5","Mecklenburg",35.213171,-80.874084
2024-05-09,24,"Remount","PM2.5","Mecklenburg",35.213171,-80.874084
2024-05-10,34,"Remount","PM2.5","Mecklenburg",35.213171,-80.874084
2024-05-11,29,"Remount","PM2.5","Mecklenburg",35.213171,-80.874084
2024-05-12,42,"Remount","PM2.5","Mecklenburg",35.213171,-80.874084
2024-05-13,56,"Remount","PM2.5","Mecklenburg",35.213171,-80.874084
2024-05-14,33,"Remount","PM2.5","Mecklenburg",35.213171,-80.874084
2024-05-15,34,"Remount","PM2.5","Mecklenburg",35.213171,-80.874084
2024-05-16,29,"Remount","PM2.5","Mecklenburg",35.213171,-80.874084
2024-05-17,52,"Remount","PM2.5","Mecklenburg",35.213171,-80.874084
2024-05-18,32,"Remount","PM2.5","Mecklenburg",35.213171,-80.874084
2024-05-19,19,"Remount","PM2.5","Mecklenburg",35.213171,-80.874084
2024-05-20,41,"Remount","PM2.5","Mecklenburg",35.213171,-80.874084
2024-05-21,51,"Remount","PM2.5","Mecklenburg",35.213171,-80.874084
2024-05-22,54,"Remount","PM2.5","Mecklenburg",35.213171,-80.874084
2024-05-23,57,"Remount","PM2.5","Mecklenburg",35.213171,-80.874084
2024-05-24,46,"Remount","PM2.5","Mecklenburg",35.213171,-80.874084
2024-05-25,43,"Remount","PM2.5","Mecklenburg",35.213171,-80.874084
2024-05-26,54,"Remount","PM2.5","Mecklenburg",35.213171,-80.874084
2024-05-27,47,"Remount","PM2.5","Mecklenburg",35.213171,-80.874084
2024-05-28,36,"Remount","PM2.5","Mecklenburg",35.213171,-80.874084
2024-05-29,33,"Remount","PM2.5","Mecklenburg",35.213171,-80.874084
2024-05-30,32,"Remount","PM2.5","Mecklenburg",35.213171,-80.874084
2024-05-31,42,"Remount","PM2.5","Mecklenburg",35.213171,-80.874084
2024-06-01,55,"Remount","PM2.5","Mecklenburg",35.213171,-80.874084
2024-06-02,45,"Remount","PM2.5","Mecklenburg",35.213171,-80.874084
2024-06-03,48,"Remount","PM2.5","Mecklenburg",35.213171,-80.874084
2024-06-04,52,"Remount","PM2.5","Mecklenburg",35.213171,-80.874084
2024-06-05,43,"Remount","PM2.5","Mecklenburg",35.213171,-80.874084
2024-06-06,46,"Remount","PM2.5","Mecklenburg",35.213171,-80.874084
2024-06-07,43,"Remount","PM2.5","Mecklenburg",35.213171,-80.874084
2024-06-08,41,"Remount","PM2.5","Mecklenburg",35.213171,-80.874084
2024-06-09,51,"Remount","PM2.5","Mecklenburg",35.213171,-80.874084
2024-06-10,26,"Remount","PM2.5","Mecklenburg",35.213171,-80.874084
2024-06-11,43,"Remount","PM2.5","Mecklenburg",35.213171,-80.874084
2024-06-12,58,"Remount","PM2.5","Mecklenburg",35.213171,-80.874084
2024-06-13,53,"Remount","PM2.5","Mecklenburg",35.213171,-80.874084
2024-06-14,59,"Remount","PM2.5","Mecklenburg",35.213171,-80.874084
2024-06-15,64,"Remount","PM2.5","Mecklenburg",35.213171,-80.874084
2024-06-16,62,"Remount","PM2.5","Mecklenburg",35.213171,-80.874084
2024-06-17,54,"Remount","PM2.5","Mecklenburg",35.213171,-80.874084
2024-06-18,55,"Remount","PM2.5","Mecklenburg",35.213171,-80.874084
2024-06-19,44,"Remount","PM2.5","Mecklenburg",35.213171,-80.874084
2024-06-20,49,"Remount","PM2.5","Mecklenburg",35.213171,-80.874084
2024-06-21,53,"Remount","PM2.5","Mecklenburg",35.213171,-80.874084
2024-06-22,40,"Remount","PM2.5","Mecklenburg",35.213171,-80.874084
2024-06-23,48,"Remount","PM2.5","Mecklenburg",35.213171,-80.874084
2024-06-24,52,"Remount","PM2.5","Mecklenburg",35.213171,-80.874084
2024-06-25,53,"Remount","PM2.5","Mecklenburg",35.213171,-80.874084
2024-06-26,62,"Remount","PM2.5","Mecklenburg",35.213171,-80.874084
2024-06-27,55,"Remount","PM2.5","Mecklenburg",35.213171,-80.874084
2024-06-28,61,"Remount","PM2.5","Mecklenburg",35.213171,-80.874084
2024-06-29,48,"Remount","PM2.5","Mecklenburg",35.213171,-80.874084
2024-06-30,47,"Remount","PM2.5","Mecklenburg",35.213171,-80.874084
2024-07-01,47,"Remount","PM2.5","Mecklenburg",35.213171,-80.874084
2024-07-02,36,"Remount","PM2.5","Mecklenburg",35.213171,-80.874084
2024-07-03,52,"Remount","PM2.5","Mecklenburg",35.213171,-80.874084
2024-07-04,68,"Remount","PM2.5","Mecklenburg",35.213171,-80.874084
2024-07-05,56,"Remount","PM2.5","Mecklenburg",35.213171,-80.874084
2024-07-06,41,"Remount","PM2.5","Mecklenburg",35.213171,-80.874084
2024-07-07,43,"Remount","PM2.5","Mecklenburg",35.213171,-80.874084
2024-07-08,46,"Remount","PM2.5","Mecklenburg",35.213171,-80.874084
2024-07-09,53,"Remount","PM2.5","Mecklenburg",35.213171,-80.874084
2024-07-10,41,"Remount","PM2.5","Mecklenburg",35.213171,-80.874084
2024-07-11,27,"Remount","PM2.5","Mecklenburg",35.213171,-80.874084
2024-07-12,52,"Remount","PM2.5","Mecklenburg",35.213171,-80.874084
2024-07-13,45,"Remount","PM2.5","Mecklenburg",35.213171,-80.874084
2024-07-14,55,"Remount","PM2.5","Mecklenburg",35.213171,-80.874084
2024-07-15,61,"Remount","PM2.5","Mecklenburg",35.213171,-80.874084
2024-07-16,56,"Remount","PM2.5","Mecklenburg",35.213171,-80.874084
2024-07-17,52,"Remount","PM2.5","Mecklenburg",35.213171,-80.874084
2024-07-18,48,"Remount","PM2.5","Mecklenburg",35.213171,-80.874084
2024-07-19,46,"Remount","PM2.5","Mecklenburg",35.213171,-80.874084
2024-07-20,19,"Remount","PM2.5","Mecklenburg",35.213171,-80.874084
2024-07-21,24,"Remount","PM2.5","Mecklenburg",35.213171,-80.874084
2024-07-22,29,"Remount","PM2.5","Mecklenburg",35.213171,-80.874084
2024-07-23,38,"Remount","PM2.5","Mecklenburg",35.213171,-80.874084
2024-07-24,34,"Remount","PM2.5","Mecklenburg",35.213171,-80.874084
2024-07-25,27,"Remount","PM2.5","Mecklenburg",35.213171,-80.874084
2024-07-26,47,"Remount","PM2.5","Mecklenburg",35.213171,-80.874084
2024-07-27,60,"Remount","PM2.5","Mecklenburg",35.213171,-80.874084
2024-07-28,59,"Remount","PM2.5","Mecklenburg",35.213171,-80.874084
2024-07-29,49,"Remount","PM2.5","Mecklenburg",35.213171,-80.874084
2024-07-30,38,"Remount","PM2.5","Mecklenburg",35.213171,-80.874084
2024-07-31,37,"Remount","PM2.5","Mecklenburg",35.213171,-80.874084
2024-08-01,50,"Remount","PM2.5","Mecklenburg",35.213171,-80.874084
2024-08-02,64,"Remount","PM2.5","Mecklenburg",35.213171,-80.874084
2024-08-03,62,"Remount","PM2.5","Mecklenburg",35.213171,-80.874084
2024-08-04,44,"Remount","PM2.5","Mecklenburg",35.213171,-80.874084
2024-08-05,36,"Remount","PM2.5","Mecklenburg",35.213171,-80.874084
2024-08-06,22,"Remount","PM2.5","Mecklenburg",35.213171,-80.874084
2024-08-07,25,"Remount","PM2.5","Mecklenburg",35.213171,-80.874084
2024-08-08,16,"Remount","PM2.5","Mecklenburg",35.213171,-80.874084
2024-08-09,37,"Remount","PM2.5","Mecklenburg",35.213171,-80.874084
2024-08-10,53,"Remount","PM2.5","Mecklenburg",35.213171,-80.874084
2024-08-11,54,"Remount","PM2.5","Mecklenburg",35.213171,-80.874084
2024-08-12,55,"Remount","PM2.5","Mecklenburg",35.213171,-80.874084
2024-08-13,56,"Remount","PM2.5","Mecklenburg",35.213171,-80.874084
2024-08-14,54,"Remount","PM2.5","Mecklenburg",35.213171,-80.874084
2024-08-15,56,"Remount","PM2.5","Mecklenburg",35.213171,-80.874084
2024-08-16,57,"Remount","PM2.5","Mecklenburg",35.213171,-80.874084
2024-08-17,53,"Remount","PM2.5","Mecklenburg",35.213171,-80.874084
2024-08-18,38,"Remount","PM2.5","Mecklenburg",35.213171,-80.874084
2024-08-19,25,"Remount","PM2.5","Mecklenburg",35.213171,-80.874084
2024-08-20,51,"Remount","PM2.5","Mecklenburg",35.213171,-80.874084
2024-08-21,43,"Remount","PM2.5","Mecklenburg",35.213171,-80.874084
2024-08-22,47,"Remount","PM2.5","Mecklenburg",35.213171,-80.874084
2024-08-23,55,"Remount","PM2.5","Mecklenburg",35.213171,-80.874084
2024-08-24,55,"Remount","PM2.5","Mecklenburg",35.213171,-80.874084
2024-08-25,56,"Remount","PM2.5","Mecklenburg",35.213171,-80.874084
2024-08-26,65,"Remount","PM2.5","Mecklenburg",35.213171,-80.874084
2024-08-29,60,"Remount","PM2.5","Mecklenburg",35.213171,-80.874084
2024-08-30,55,"Remount","PM2.5","Mecklenburg",35.213171,-80.874084
2024-08-31,53,"Remount","PM2.5","Mecklenburg",35.213171,-80.874084
2024-09-01,53,"Remount","PM2.5","Mecklenburg",35.213171,-80.874084
2024-09-02,46,"Remount","PM2.5","Mecklenburg",35.213171,-80.874084
2024-09-03,27,"Remount","PM2.5","Mecklenburg",35.213171,-80.874084
2024-09-04,36,"Remount","PM2.5","Mecklenburg",35.213171,-80.874084
2024-09-05,34,"Remount","PM2.5","Mecklenburg",35.213171,-80.874084
2024-09-06,51,"Remount","PM2.5","Mecklenburg",35.213171,-80.874084
2024-09-07,46,"Remount","PM2.5","Mecklenburg",35.213171,-80.874084
2024-09-08,22,"Remount","PM2.5","Mecklenburg",35.213171,-80.874084
2024-09-09,51,"Remount","PM2.5","Mecklenburg",35.213171,-80.874084
2024-09-10,52,"Remount","PM2.5","Mecklenburg",35.213171,-80.874084
2024-09-11,64,"Remount","PM2.5","Mecklenburg",35.213171,-80.874084
2024-09-12,51,"Remount","PM2.5","Mecklenburg",35.213171,-80.874084
2024-09-13,34,"Remount","PM2.5","Mecklenburg",35.213171,-80.874084
2024-09-14,36,"Remount","PM2.5","Mecklenburg",35.213171,-80.874084
2024-09-15,42,"Remount","PM2.5","Mecklenburg",35.213171,-80.874084
2024-09-16,41,"Remount","PM2.5","Mecklenburg",35.213171,-80.874084
2024-09-17,23,"Remount","PM2.5","Mecklenburg",35.213171,-80.874084
2024-09-18,55,"Remount","PM2.5","Mecklenburg",35.213171,-80.874084
2024-09-19,44,"Remount","PM2.5","Mecklenburg",35.213171,-80.874084
2024-09-26,34,"Remount","PM2.5","Mecklenburg",35.213171,-80.874084
2024-09-28,60,"Remount","PM2.5","Mecklenburg",35.213171,-80.874084
2024-09-29,57,"Remount","PM2.5","Mecklenburg",35.213171,-80.874084
2024-09-30,61,"Remount","PM2.5","Mecklenburg",35.213171,-80.874084
2024-10-01,52,"Remount","PM2.5","Mecklenburg",35.213171,-80.874084
2024-10-02,31,"Remount","PM2.5","Mecklenburg",35.213171,-80.874084
2024-10-03,46,"Remount","PM2.5","Mecklenburg",35.213171,-80.874084
2024-10-04,51,"Remount","PM2.5","Mecklenburg",35.213171,-80.874084
2024-10-05,55,"Remount","PM2.5","Mecklenburg",35.213171,-80.874084
2024-10-06,59,"Remount","PM2.5","Mecklenburg",35.213171,-80.874084
2024-10-07,59,"Remount","PM2.5","Mecklenburg",35.213171,-80.874084
2024-10-08,54,"Remount","PM2.5","Mecklenburg",35.213171,-80.874084
2024-10-09,53,"Remount","PM2.5","Mecklenburg",35.213171,-80.874084
2024-10-10,33,"Remount","PM2.5","Mecklenburg",35.213171,-80.874084
2024-10-11,48,"Remount","PM2.5","Mecklenburg",35.213171,-80.874084
2024-10-12,55,"Remount","PM2.5","Mecklenburg",35.213171,-80.874084
2024-10-13,56,"Remount","PM2.5","Mecklenburg",35.213171,-80.874084
2024-10-14,45,"Remount","PM2.5","Mecklenburg",35.213171,-80.874084
2024-10-15,24,"Remount","PM2.5","Mecklenburg",35.213171,-80.874084
2024-10-16,17,"Remount","PM2.5","Mecklenburg",35.213171,-80.874084
2024-10-17,33,"Remount","PM2.5","Mecklenburg",35.213171,-80.874084
2024-10-18,53,"Remount","PM2.5","Mecklenburg",35.213171,-80.874084
2024-10-19,55,"Remount","PM2.5","Mecklenburg",35.213171,-80.874084
2024-10-20,57,"Remount","PM2.5","Mecklenburg",35.213171,-80.874084
2024-10-21,55,"Remount","PM2.5","Mecklenburg",35.213171,-80.874084
2024-10-22,58,"Remount","PM2.5","Mecklenburg",35.213171,-80.874084
2024-10-23,61,"Remount","PM2.5","Mecklenburg",35.213171,-80.874084
2024-10-24,58,"Remount","PM2.5","Mecklenburg",35.213171,-80.874084
2024-10-25,63,"Remount","PM2.5","Mecklenburg",35.213171,-80.874084
2024-10-26,64,"Remount","PM2.5","Mecklenburg",35.213171,-80.874084
2024-10-27,39,"Remount","PM2.5","Mecklenburg",35.213171,-80.874084
2024-10-28,52,"Remount","PM2.5","Mecklenburg",35.213171,-80.874084
2024-10-29,56,"Remount","PM2.5","Mecklenburg",35.213171,-80.874084
2024-10-30,55,"Remount","PM2.5","Mecklenburg",35.213171,-80.874084
2024-10-31,48,"Remount","PM2.5","Mecklenburg",35.213171,-80.874084
2024-11-01,50,"Remount","PM2.5","Mecklenburg",35.213171,-80.874084
2024-11-02,53,"Remount","PM2.5","Mecklenburg",35.213171,-80.874084
2024-11-03,53,"Remount","PM2.5","Mecklenburg",35.213171,-80.874084
2024-11-04,52,"Remount","PM2.5","Mecklenburg",35.213171,-80.874084
2024-11-05,55,"Remount","PM2.5","Mecklenburg",35.213171,-80.874084
2024-11-06,51,"Remount","PM2.5","Mecklenburg",35.213171,-80.874084
2024-11-07,33,"Remount","PM2.5","Mecklenburg",35.213171,-80.874084
2024-11-08,53,"Remount","PM2.5","Mecklenburg",35.213171,-80.874084
2024-11-09,28,"Remount","PM2.5","Mecklenburg",35.213171,-80.874084
2024-11-10,53,"Remount","PM2.5","Mecklenburg",35.213171,-80.874084
2024-11-11,52,"Remount","PM2.5","Mecklenburg",35.213171,-80.874084
2024-11-12,44,"Remount","PM2.5","Mecklenburg",35.213171,-80.874084
2024-11-13,34,"Remount","PM2.5","Mecklenburg",35.213171,-80.874084
2024-11-14,36,"Remount","PM2.5","Mecklenburg",35.213171,-80.874084
2024-11-15,26,"Remount","PM2.5","Mecklenburg",35.213171,-80.874084
2024-11-16,52,"Remount","PM2.5","Mecklenburg",35.213171,-80.874084
2024-11-17,66,"Remount","PM2.5","Mecklenburg",35.213171,-80.874084
2024-11-18,62,"Remount","PM2.5","Mecklenburg",35.213171,-80.874084
2024-11-19,64,"Remount","PM2.5","Mecklenburg",35.213171,-80.874084
2024-11-20,38,"Remount","PM2.5","Mecklenburg",35.213171,-80.874084
2024-11-21,21,"Remount","PM2.5","Mecklenburg",35.213171,-80.874084
2024-11-22,19,"Remount","PM2.5","Mecklenburg",35.213171,-80.874084
2024-11-23,38,"Remount","PM2.5","Mecklenburg",35.213171,-80.874084
2024-11-24,61,"Remount","PM2.5","Mecklenburg",35.213171,-80.874084
2024-11-25,57,"Remount","PM2.5","Mecklenburg",35.213171,-80.874084
2024-11-26,51,"Remount","PM2.5","Mecklenburg",35.213171,-80.874084
2024-11-27,55,"Remount","PM2.5","Mecklenburg",35.213171,-80.874084
2024-11-28,51,"Remount","PM2.5","Mecklenburg",35.213171,-80.874084
2024-11-29,28,"Remount","PM2.5","Mecklenburg",35.213171,-80.874084
2024-11-30,42,"Remount","PM2.5","Mecklenburg",35.213171,-80.874084
2024-12-01,54,"Remount","PM2.5","Mecklenburg",35.213171,-80.874084
2024-12-02,39,"Remount","PM2.5","Mecklenburg",35.213171,-80.874084
2024-12-03,41,"Remount","PM2.5","Mecklenburg",35.213171,-80.874084
2024-12-04,56,"Remount","PM2.5","Mecklenburg",35.213171,-80.874084
2024-12-05,53,"Remount","PM2.5","Mecklenburg",35.213171,-80.874084
2024-12-06,39,"Remount","PM2.5","Mecklenburg",35.213171,-80.874084
2024-12-07,64,"Remount","PM2.5","Mecklenburg",35.213171,-80.874084
2024-12-08,55,"Remount","PM2.5","Mecklenburg",35.213171,-80.874084
2024-12-09,58,"Remount","PM2.5","Mecklenburg",35.213171,-80.874084
2024-12-10,57,"Remount","PM2.5","Mecklenburg",35.213171,-80.874084
2024-12-11,21,"Remount","PM2.5","Mecklenburg",35.213171,-80.874084
2024-12-12,40,"Remount","PM2.5","Mecklenburg",35.213171,-80.874084
2024-12-13,55,"Remount","PM2.5","Mecklenburg",35.213171,-80.874084
2024-12-14,59,"Remount","PM2.5","Mecklenburg",35.213171,-80.874084
2024-12-15,53,"Remount","PM2.5","Mecklenburg",35.213171,-80.874084
2024-12-16,42,"Remount","PM2.5","Mecklenburg",35.213171,-80.874084
2024-12-17,51,"Remount","PM2.5","Mecklenburg",35.213171,-80.874084
2024-12-18,55,"Remount","PM2.5","Mecklenburg",35.213171,-80.874084
2024-12-19,29,"Remount","PM2.5","Mecklenburg",35.213171,-80.874084
2024-12-20,37,"Remount","PM2.5","Mecklenburg",35.213171,-80.874084
2024-12-21,17,"Remount","PM2.5","Mecklenburg",35.213171,-80.874084
2024-12-22,38,"Remount","PM2.5","Mecklenburg",35.213171,-80.874084
2024-12-23,52,"Remount","PM2.5","Mecklenburg",35.213171,-80.874084
2024-12-24,66,"Remount","PM2.5","Mecklenburg",35.213171,-80.874084
2024-12-25,62,"Remount","PM2.5","Mecklenburg",35.213171,-80.874084
2024-12-26,55,"Remount","PM2.5","Mecklenburg",35.213171,-80.874084
2024-12-27,59,"Remount","PM2.5","Mecklenburg",35.213171,-80.874084
2024-12-28,36,"Remount","PM2.5","Mecklenburg",35.213171,-80.874084
2024-12-29,19,"Remount","PM2.5","Mecklenburg",35.213171,-80.874084
2024-12-30,25,"Remount","PM2.5","Mecklenburg",35.213171,-80.874084
2024-01-01,36,"Friendship Park","PM2.5","Mecklenburg",35.28179100089,-80.851473
2024-01-02,17,"Friendship Park","PM2.5","Mecklenburg",35.28179100089,-80.851473
2024-01-03,52,"Friendship Park","PM2.5","Mecklenburg",35.28179100089,-80.851473
2024-01-04,32,"Friendship Park","PM2.5","Mecklenburg",35.28179100089,-80.851473
2024-01-05,30,"Friendship Park","PM2.5","Mecklenburg",35.28179100089,-80.851473
2024-01-06,25,"Friendship Park","PM2.5","Mecklenburg",35.28179100089,-80.851473
2024-01-07,13,"Friendship Park","PM2.5","Mecklenburg",35.28179100089,-80.851473
2024-01-08,18,"Friendship Park","PM2.5","Mecklenburg",35.28179100089,-80.851473
2024-01-09,19,"Friendship Park","PM2.5","Mecklenburg",35.28179100089,-80.851473
2024-01-10,16,"Friendship Park","PM2.5","Mecklenburg",35.28179100089,-80.851473
2024-01-11,38,"Friendship Park","PM2.5","Mecklenburg",35.28179100089,-80.851473
2024-01-12,40,"Friendship Park","PM2.5","Mecklenburg",35.28179100089,-80.851473
2024-01-13,18,"Friendship Park","PM2.5","Mecklenburg",35.28179100089,-80.851473
2024-01-14,22,"Friendship Park","PM2.5","Mecklenburg",35.28179100089,-80.851473
2024-01-15,44,"Friendship Park","PM2.5","Mecklenburg",35.28179100089,-80.851473
2024-01-16,41,"Friendship Park","PM2.5","Mecklenburg",35.28179100089,-80.851473
2024-01-17,18,"Friendship Park","PM2.5","Mecklenburg",35.28179100089,-80.851473
2024-01-18,36,"Friendship Park","PM2.5","Mecklenburg",35.28179100089,-80.851473
2024-01-19,34,"Friendship Park","PM2.5","Mecklenburg",35.28179100089,-80.851473
2024-01-20,20,"Friendship Park","PM2.5","Mecklenburg",35.28179100089,-80.851473
2024-01-21,42,"Friendship Park","PM2.5","Mecklenburg",35.28179100089,-80.851473
2024-01-22,58,"Friendship Park","PM2.5","Mecklenburg",35.28179100089,-80.851473
2024-01-23,57,"Friendship Park","PM2.5","Mecklenburg",35.28179100089,-80.851473
2024-01-24,55,"Friendship Park","PM2.5","Mecklenburg",35.28179100089,-80.851473
2024-01-25,11,"Friendship Park","PM2.5","Mecklenburg",35.28179100089,-80.851473
2024-01-26,26,"Friendship Park","PM2.5","Mecklenburg",35.28179100089,-80.851473
2024-01-27,27,"Friendship Park","PM2.5","Mecklenburg",35.28179100089,-80.851473
2024-01-28,7,"Friendship Park","PM2.5","Mecklenburg",35.28179100089,-80.851473
2024-01-29,8,"Friendship Park","PM2.5","Mecklenburg",35.28179100089,-80.851473
2024-01-30,21,"Friendship Park","PM2.5","Mecklenburg",35.28179100089,-80.851473
2024-01-31,29,"Friendship Park","PM2.5","Mecklenburg",35.28179100089,-80.851473
2024-02-01,26,"Friendship Park","PM2.5","Mecklenburg",35.28179100089,-80.851473
2024-02-02,36,"Friendship Park","PM2.5","Mecklenburg",35.28179100089,-80.851473
2024-02-03,23,"Friendship Park","PM2.5","Mecklenburg",35.28179100089,-80.851473
2024-02-04,32,"Friendship Park","PM2.5","Mecklenburg",35.28179100089,-80.851473
2024-02-05,27,"Friendship Park","PM2.5","Mecklenburg",35.28179100089,-80.851473
2024-02-06,34,"Friendship Park","PM2.5","Mecklenburg",35.28179100089,-80.851473
2024-02-07,31,"Friendship Park","PM2.5","Mecklenburg",35.28179100089,-80.851473
2024-02-08,58,"Friendship Park","PM2.5","Mecklenburg",35.28179100089,-80.851473
2024-02-09,60,"Friendship Park","PM2.5","Mecklenburg",35.28179100089,-80.851473
2024-02-10,55,"Friendship Park","PM2.5","Mecklenburg",35.28179100089,-80.851473
2024-02-11,24,"Friendship Park","PM2.5","Mecklenburg",35.28179100089,-80.851473
2024-02-12,13,"Friendship Park","PM2.5","Mecklenburg",35.28179100089,-80.851473
2024-02-13,7,"Friendship Park","PM2.5","Mecklenburg",35.28179100089,-80.851473
2024-02-14,21,"Friendship Park","PM2.5","Mecklenburg",35.28179100089,-80.851473
2024-02-15,40,"Friendship Park","PM2.5","Mecklenburg",35.28179100089,-80.851473
2024-02-16,48,"Friendship Park","PM2.5","Mecklenburg",35.28179100089,-80.851473
2024-02-17,27,"Friendship Park","PM2.5","Mecklenburg",35.28179100089,-80.851473
2024-02-18,24,"Friendship Park","PM2.5","Mecklenburg",35.28179100089,-80.851473
2024-02-19,32,"Friendship Park","PM2.5","Mecklenburg",35.28179100089,-80.851473
2024-02-20,47,"Friendship Park","PM2.5","Mecklenburg",35.28179100089,-80.851473
2024-02-21,55,"Friendship Park","PM2.5","Mecklenburg",35.28179100089,-80.851473
2024-02-22,76,"Friendship Park","PM2.5","Mecklenburg",35.28179100089,-80.851473
2024-02-23,61,"Friendship Park","PM2.5","Mecklenburg",35.28179100089,-80.851473
2024-02-24,17,"Friendship Park","PM2.5","Mecklenburg",35.28179100089,-80.851473
2024-02-25,12,"Friendship Park","PM2.5","Mecklenburg",35.28179100089,-80.851473
2024-02-26,56,"Friendship Park","PM2.5","Mecklenburg",35.28179100089,-80.851473
2024-02-27,58,"Friendship Park","PM2.5","Mecklenburg",35.28179100089,-80.851473
2024-02-28,47,"Friendship Park","PM2.5","Mecklenburg",35.28179100089,-80.851473
2024-02-29,15,"Friendship Park","PM2.5","Mecklenburg",35.28179100089,-80.851473
2024-03-01,44,"Friendship Park","PM2.5","Mecklenburg",35.28179100089,-80.851473
2024-03-02,21,"Friendship Park","PM2.5","Mecklenburg",35.28179100089,-80.851473
2024-03-03,30,"Friendship Park","PM2.5","Mecklenburg",35.28179100089,-80.851473
2024-03-04,42,"Friendship Park","PM2.5","Mecklenburg",35.28179100089,-80.851473
2024-03-05,44,"Friendship Park","PM2.5","Mecklenburg",35.28179100089,-80.851473
2024-03-06,42,"Friendship Park","PM2.5","Mecklenburg",35.28179100089,-80.851473
2024-03-07,16,"Friendship Park","PM2.5","Mecklenburg",35.28179100089,-80.851473
2024-03-08,36,"Friendship Park","PM2.5","Mecklenburg",35.28179100089,-80.851473
2024-03-09,8,"Friendship Park","PM2.5","Mecklenburg",35.28179100089,-80.851473
2024-03-10,8,"Friendship Park","PM2.5","Mecklenburg",35.28179100089,-80.851473
2024-03-11,19,"Friendship Park","PM2.5","Mecklenburg",35.28179100089,-80.851473
2024-03-12,27,"Friendship Park","PM2.5","Mecklenburg",35.28179100089,-80.851473
2024-03-13,66,"Friendship Park","PM2.5","Mecklenburg",35.28179100089,-80.851473
2024-03-14,67,"Friendship Park","PM2.5","Mecklenburg",35.28179100089,-80.851473
2024-03-15,86,"Friendship Park","PM2.5","Mecklenburg",35.28179100089,-80.851473
2024-03-16,42,"Friendship Park","PM2.5","Mecklenburg",35.28179100089,-80.851473
2024-03-17,25,"Friendship Park","PM2.5","Mecklenburg",35.28179100089,-80.851473
2024-03-18,16,"Friendship Park","PM2.5","Mecklenburg",35.28179100089,-80.851473
2024-03-19,16,"Friendship Park","PM2.5","Mecklenburg",35.28179100089,-80.851473
2024-03-20,45,"Friendship Park","PM2.5","Mecklenburg",35.28179100089,-80.851473
2024-03-21,41,"Friendship Park","PM2.5","Mecklenburg",35.28179100089,-80.851473
2024-03-22,59,"Friendship Park","PM2.5","Mecklenburg",35.28179100089,-80.851473
2024-03-23,18,"Friendship Park","PM2.5","Mecklenburg",35.28179100089,-80.851473
2024-03-24,21,"Friendship Park","PM2.5","Mecklenburg",35.28179100089,-80.851473
2024-03-25,54,"Friendship Park","PM2.5","Mecklenburg",35.28179100089,-80.851473
2024-03-26,57,"Friendship Park","PM2.5","Mecklenburg",35.28179100089,-80.851473
2024-03-27,17,"Friendship Park","PM2.5","Mecklenburg",35.28179100089,-80.851473
2024-03-28,13,"Friendship Park","PM2.5","Mecklenburg",35.28179100089,-80.851473
2024-03-29,28,"Friendship Park","PM2.5","Mecklenburg",35.28179100089,-80.851473
2024-03-30,48,"Friendship Park","PM2.5","Mecklenburg",35.28179100089,-80.851473
2024-03-31,54,"Friendship Park","PM2.5","Mecklenburg",35.28179100089,-80.851473
2024-04-01,55,"Friendship Park","PM2.5","Mecklenburg",35.28179100089,-80.851473
2024-04-02,58,"Friendship Park","PM2.5","Mecklenburg",35.28179100089,-80.851473
2024-04-03,32,"Friendship Park","PM2.5","Mecklenburg",35.28179100089,-80.851473
2024-04-04,15,"Friendship Park","PM2.5","Mecklenburg",35.28179100089,-80.851473
2024-04-05,9,"Friendship Park","PM2.5","Mecklenburg",35.28179100089,-80.851473
2024-04-06,9,"Friendship Park","PM2.5","Mecklenburg",35.28179100089,-80.851473
2024-04-07,41,"Friendship Park","PM2.5","Mecklenburg",35.28179100089,-80.851473
2024-04-08,54,"Friendship Park","PM2.5","Mecklenburg",35.28179100089,-80.851473
2024-04-09,51,"Friendship Park","PM2.5","Mecklenburg",35.28179100089,-80.851473
2024-04-10,47,"Friendship Park","PM2.5","Mecklenburg",35.28179100089,-80.851473
2024-04-11,19,"Friendship Park","PM2.5","Mecklenburg",35.28179100089,-80.851473
2024-04-12,17,"Friendship Park","PM2.5","Mecklenburg",35.28179100089,-80.851473
2024-04-13,19,"Friendship Park","PM2.5","Mecklenburg",35.28179100089,-80.851473
2024-04-14,41,"Friendship Park","PM2.5","Mecklenburg",35.28179100089,-80.851473
2024-04-15,52,"Friendship Park","PM2.5","Mecklenburg",35.28179100089,-80.851473
2024-04-16,61,"Friendship Park","PM2.5","Mecklenburg",35.28179100089,-80.851473
2024-04-17,60,"Friendship Park","PM2.5","Mecklenburg",35.28179100089,-80.851473
2024-04-18,40,"Friendship Park","PM2.5","Mecklenburg",35.28179100089,-80.851473
2024-04-19,53,"Friendship Park","PM2.5","Mecklenburg",35.28179100089,-80.851473
2024-04-20,54,"Friendship Park","PM2.5","Mecklenburg",35.28179100089,-80.851473
2024-04-21,23,"Friendship Park","PM2.5","Mecklenburg",35.28179100089,-80.851473
2024-04-22,32,"Friendship Park","PM2.5","Mecklenburg",35.28179100089,-80.851473
2024-04-23,43,"Friendship Park","PM2.5","Mecklenburg",35.28179100089,-80.851473
2024-04-24,48,"Friendship Park","PM2.5","Mecklenburg",35.28179100089,-80.851473
2024-04-25,47,"Friendship Park","PM2.5","Mecklenburg",35.28179100089,-80.851473
2024-04-26,53,"Friendship Park","PM2.5","Mecklenburg",35.28179100089,-80.851473
2024-04-27,44,"Friendship Park","PM2.5","Mecklenburg",35.28179100089,-80.851473
2024-04-28,33,"Friendship Park","PM2.5","Mecklenburg",35.28179100089,-80.851473
2024-04-29,35,"Friendship Park","PM2.5","Mecklenburg",35.28179100089,-80.851473
2024-04-30,36,"Friendship Park","PM2.5","Mecklenburg",35.28179100089,-80.851473
2024-05-01,33,"Friendship Park","PM2.5","Mecklenburg",35.28179100089,-80.851473
2024-05-02,44,"Friendship Park","PM2.5","Mecklenburg",35.28179100089,-80.851473
2024-05-03,52,"Friendship Park","PM2.5","Mecklenburg",35.28179100089,-80.851473
2024-05-04,37,"Friendship Park","PM2.5","Mecklenburg",35.28179100089,-80.851473
2024-05-05,20,"Friendship Park","PM2.5","Mecklenburg",35.28179100089,-80.851473
2024-05-06,41,"Friendship Park","PM2.5","Mecklenburg",35.28179100089,-80.851473
2024-05-07,40,"Friendship Park","PM2.5","Mecklenburg",35.28179100089,-80.851473
2024-05-08,51,"Friendship Park","PM2.5","Mecklenburg",35.28179100089,-80.851473
2024-05-09,16,"Friendship Park","PM2.5","Mecklenburg",35.28179100089,-80.851473
2024-05-10,25,"Friendship Park","PM2.5","Mecklenburg",35.28179100089,-80.851473
2024-05-11,28,"Friendship Park","PM2.5","Mecklenburg",35.28179100089,-80.851473
2024-05-12,58,"Friendship Park","PM2.5","Mecklenburg",35.28179100089,-80.851473
2024-05-13,49,"Friendship Park","PM2.5","Mecklenburg",35.28179100089,-80.851473
2024-05-14,24,"Friendship Park","PM2.5","Mecklenburg",35.28179100089,-80.851473
2024-05-15,24,"Friendship Park","PM2.5","Mecklenburg",35.28179100089,-80.851473
2024-05-16,18,"Friendship Park","PM2.5","Mecklenburg",35.28179100089,-80.851473
2024-05-17,44,"Friendship Park","PM2.5","Mecklenburg",35.28179100089,-80.851473
2024-05-18,23,"Friendship Park","PM2.5","Mecklenburg",35.28179100089,-80.851473
2024-05-19,18,"Friendship Park","PM2.5","Mecklenburg",35.28179100089,-80.851473
2024-05-20,33,"Friendship Park","PM2.5","Mecklenburg",35.28179100089,-80.851473
2024-05-21,42,"Friendship Park","PM2.5","Mecklenburg",35.28179100089,-80.851473
2024-05-22,51,"Friendship Park","PM2.5","Mecklenburg",35.28179100089,-80.851473
2024-05-23,54,"Friendship Park","PM2.5","Mecklenburg",35.28179100089,-80.851473
2024-05-24,36,"Friendship Park","PM2.5","Mecklenburg",35.28179100089,-80.851473
2024-05-25,38,"Friendship Park","PM2.5","Mecklenburg",35.28179100089,-80.851473
2024-05-26,45,"Friendship Park","PM2.5","Mecklenburg",35.28179100089,-80.851473
2024-05-27,44,"Friendship Park","PM2.5","Mecklenburg",35.28179100089,-80.851473
2024-05-28,28,"Friendship Park","PM2.5","Mecklenburg",35.28179100089,-80.851473
2024-05-29,20,"Friendship Park","PM2.5","Mecklenburg",35.28179100089,-80.851473
2024-05-30,21,"Friendship Park","PM2.5","Mecklenburg",35.28179100089,-80.851473
2024-05-31,32,"Friendship Park","PM2.5","Mecklenburg",35.28179100089,-80.851473
2024-06-01,52,"Friendship Park","PM2.5","Mecklenburg",35.28179100089,-80.851473
2024-06-02,31,"Friendship Park","PM2.5","Mecklenburg",35.28179100089,-80.851473
2024-06-03,36,"Friendship Park","PM2.5","Mecklenburg",35.28179100089,-80.851473
2024-06-04,39,"Friendship Park","PM2.5","Mecklenburg",35.28179100089,-80.851473
2024-06-05,41,"Friendship Park","PM2.5","Mecklenburg",35.28179100089,-80.851473
2024-06-06,38,"Friendship Park","PM2.5","Mecklenburg",35.28179100089,-80.851473
2024-06-07,35,"Friendship Park","PM2.5","Mecklenburg",35.28179100089,-80.851473
2024-06-08,34,"Friendship Park","PM2.5","Mecklenburg",35.28179100089,-80.851473
2024-06-09,40,"Friendship Park","PM2.5","Mecklenburg",35.28179100089,-80.851473
2024-06-10,26,"Friendship Park","PM2.5","Mecklenburg",35.28179100089,-80.851473
2024-06-11,41,"Friendship Park","PM2.5","Mecklenburg",35.28179100089,-80.851473
2024-06-12,57,"Friendship Park","PM2.5","Mecklenburg",35.28179100089,-80.851473
2024-06-13,52,"Friendship Park","PM2.5","Mecklenburg",35.28179100089,-80.851473
2024-06-14,58,"Friendship Park","PM2.5","Mecklenburg",35.28179100089,-80.851473
2024-06-15,58,"Friendship Park","PM2.5","Mecklenburg",35.28179100089,-80.851473
2024-06-16,60,"Friendship Park","PM2.5","Mecklenburg",35.28179100089,-80.851473
2024-06-17,53,"Friendship Park","PM2.5","Mecklenburg",35.28179100089,-80.851473
2024-06-18,51,"Friendship Park","PM2.5","Mecklenburg",35.28179100089,-80.851473
2024-06-19,35,"Friendship Park","PM2.5","Mecklenburg",35.28179100089,-80.851473
2024-06-20,42,"Friendship Park","PM2.5","Mecklenburg",35.28179100089,-80.851473
2024-06-21,51,"Friendship Park","PM2.5","Mecklenburg",35.28179100089,-80.851473
2024-06-22,38,"Friendship Park","PM2.5","Mecklenburg",35.28179100089,-80.851473
2024-06-23,47,"Friendship Park","PM2.5","Mecklenburg",35.28179100089,-80.851473
2024-06-24,48,"Friendship Park","PM2.5","Mecklenburg",35.28179100089,-80.851473
2024-06-25,46,"Friendship Park","PM2.5","Mecklenburg",35.28179100089,-80.851473
2024-06-26,63,"Friendship Park","PM2.5","Mecklenburg",35.28179100089,-80.851473
2024-06-27,54,"Friendship Park","PM2.5","Mecklenburg",35.28179100089,-80.851473
2024-06-28,58,"Friendship Park","PM2.5","Mecklenburg",35.28179100089,-80.851473
2024-06-29,47,"Friendship Park","PM2.5","Mecklenburg",35.28179100089,-80.851473
2024-06-30,40,"Friendship Park","PM2.5","Mecklenburg",35.28179100089,-80.851473
2024-07-01,39,"Friendship Park","PM2.5","Mecklenburg",35.28179100089,-80.851473
2024-07-02,31,"Friendship Park","PM2.5","Mecklenburg",35.28179100089,-80.851473
2024-07-03,52,"Friendship Park","PM2.5","Mecklenburg",35.28179100089,-80.851473
2024-07-04,76,"Friendship Park","PM2.5","Mecklenburg",35.28179100089,-80.851473
2024-07-05,55,"Friendship Park","PM2.5","Mecklenburg",35.28179100089,-80.851473
2024-07-06,37,"Friendship Park","PM2.5","Mecklenburg",35.28179100089,-80.851473
2024-07-07,36,"Friendship Park","PM2.5","Mecklenburg",35.28179100089,-80.851473
2024-07-08,32,"Friendship Park","PM2.5","Mecklenburg",35.28179100089,-80.851473
2024-07-09,48,"Friendship Park","PM2.5","Mecklenburg",35.28179100089,-80.851473
2024-07-10,35,"Friendship Park","PM2.5","Mecklenburg",35.28179100089,-80.851473
2024-07-11,23,"Friendship Park","PM2.5","Mecklenburg",35.28179100089,-80.851473
2024-07-12,43,"Friendship Park","PM2.5","Mecklenburg",35.28179100089,-80.851473
2024-07-13,34,"Friendship Park","PM2.5","Mecklenburg",35.28179100089,-80.851473
2024-07-14,54,"Friendship Park","PM2.5","Mecklenburg",35.28179100089,-80.851473
2024-07-15,58,"Friendship Park","PM2.5","Mecklenburg",35.28179100089,-80.851473
2024-07-16,55,"Friendship Park","PM2.5","Mecklenburg",35.28179100089,-80.851473
2024-07-17,43,"Friendship Park","PM2.5","Mecklenburg",35.28179100089,-80.851473
2024-07-18,43,"Friendship Park","PM2.5","Mecklenburg",35.28179100089,-80.851473
2024-07-19,31,"Friendship Park","PM2.5","Mecklenburg",35.28179100089,-80.851473
2024-07-20,16,"Friendship Park","PM2.5","Mecklenburg",35.28179100089,-80.851473
2024-07-21,26,"Friendship Park","PM2.5","Mecklenburg",35.28179100089,-80.851473
2024-07-22,20,"Friendship Park","PM2.5","Mecklenburg",35.28179100089,-80.851473
2024-07-23,30,"Friendship Park","PM2.5","Mecklenburg",35.28179100089,-80.851473
2024-07-24,28,"Friendship Park","PM2.5","Mecklenburg",35.28179100089,-80.851473
2024-07-25,23,"Friendship Park","PM2.5","Mecklenburg",35.28179100089,-80.851473
2024-07-26,46,"Friendship Park","PM2.5","Mecklenburg",35.28179100089,-80.851473
2024-07-27,56,"Friendship Park","PM2.5","Mecklenburg",35.28179100089,-80.851473
2024-07-28,59,"Friendship Park","PM2.5","Mecklenburg",35.28179100089,-80.851473
2024-07-29,39,"Friendship Park","PM2.5","Mecklenburg",35.28179100089,-80.851473
2024-07-30,31,"Friendship Park","PM2.5","Mecklenburg",35.28179100089,-80.851473
2024-07-31,26,"Friendship Park","PM2.5","Mecklenburg",35.28179100089,-80.851473
2024-08-01,41,"Friendship Park","PM2.5","Mecklenburg",35.28179100089,-80.851473
2024-08-02,59,"Friendship Park","PM2.5","Mecklenburg",35.28179100089,-80.851473
2024-08-03,59,"Friendship Park","PM2.5","Mecklenburg",35.28179100089,-80.851473
2024-08-04,40,"Friendship Park","PM2.5","Mecklenburg",35.28179100089,-80.851473
2024-08-05,27,"Friendship Park","PM2.5","Mecklenburg",35.28179100089,-80.851473
2024-08-06,16,"Friendship Park","PM2.5","Mecklenburg",35.28179100089,-80.851473
2024-08-07,18,"Friendship Park","PM2.5","Mecklenburg",35.28179100089,-80.851473
2024-08-08,7,"Friendship Park","PM2.5","Mecklenburg",35.28179100089,-80.851473
2024-08-09,34,"Friendship Park","PM2.5","Mecklenburg",35.28179100089,-80.851473
2024-08-10,49,"Friendship Park","PM2.5","Mecklenburg",35.28179100089,-80.851473
2024-08-11,55,"Friendship Park","PM2.5","Mecklenburg",35.28179100089,-80.851473
2024-08-12,49,"Friendship Park","PM2.5","Mecklenburg",35.28179100089,-80.851473
2024-08-13,52,"Friendship Park","PM2.5","Mecklenburg",35.28179100089,-80.851473
2024-08-14,52,"Friendship Park","PM2.5","Mecklenburg",35.28179100089,-80.851473
2024-08-15,53,"Friendship Park","PM2.5","Mecklenburg",35.28179100089,-80.851473
2024-08-16,56,"Friendship Park","PM2.5","Mecklenburg",35.28179100089,-80.851473
2024-08-17,44,"Friendship Park","PM2.5","Mecklenburg",35.28179100089,-80.851473
2024-08-18,39,"Friendship Park","PM2.5","Mecklenburg",35.28179100089,-80.851473
2024-08-19,22,"Friendship Park","PM2.5","Mecklenburg",35.28179100089,-80.851473
2024-08-20,43,"Friendship Park","PM2.5","Mecklenburg",35.28179100089,-80.851473
2024-08-21,41,"Friendship Park","PM2.5","Mecklenburg",35.28179100089,-80.851473
2024-08-22,36,"Friendship Park","PM2.5","Mecklenburg",35.28179100089,-80.851473
2024-08-23,48,"Friendship Park","PM2.5","Mecklenburg",35.28179100089,-80.851473
2024-08-24,55,"Friendship Park","PM2.5","Mecklenburg",35.28179100089,-80.851473
2024-08-27,66,"Friendship Park","PM2.5","Mecklenburg",35.28179100089,-80.851473
2024-08-28,64,"Friendship Park","PM2.5","Mecklenburg",35.28179100089,-80.851473
2024-08-29,59,"Friendship Park","PM2.5","Mecklenburg",35.28179100089,-80.851473
2024-08-30,53,"Friendship Park","PM2.5","Mecklenburg",35.28179100089,-80.851473
2024-08-31,50,"Friendship Park","PM2.5","Mecklenburg",35.28179100089,-80.851473
2024-09-01,43,"Friendship Park","PM2.5","Mecklenburg",35.28179100089,-80.851473
2024-09-02,32,"Friendship Park","PM2.5","Mecklenburg",35.28179100089,-80.851473
2024-09-03,28,"Friendship Park","PM2.5","Mecklenburg",35.28179100089,-80.851473
2024-09-04,27,"Friendship Park","PM2.5","Mecklenburg",35.28179100089,-80.851473
2024-09-05,29,"Friendship Park","PM2.5","Mecklenburg",35.28179100089,-80.851473
2024-09-06,37,"Friendship Park","PM2.5","Mecklenburg",35.28179100089,-80.851473
2024-09-07,39,"Friendship Park","PM2.5","Mecklenburg",35.28179100089,-80.851473
2024-09-08,19,"Friendship Park","PM2.5","Mecklenburg",35.28179100089,-80.851473
2024-09-09,38,"Friendship Park","PM2.5","Mecklenburg",35.28179100089,-80.851473
2024-09-10,49,"Friendship Park","PM2.5","Mecklenburg",35.28179100089,-80.851473
2024-09-11,54,"Friendship Park","PM2.5","Mecklenburg",35.28179100089,-80.851473
2024-09-12,47,"Friendship Park","PM2.5","Mecklenburg",35.28179100089,-80.851473
2024-09-13,32,"Friendship Park","PM2.5","Mecklenburg",35.28179100089,-80.851473
2024-09-14,28,"Friendship Park","PM2.5","Mecklenburg",35.28179100089,-80.851473
2024-09-15,29,"Friendship Park","PM2.5","Mecklenburg",35.28179100089,-80.851473
2024-09-16,33,"Friendship Park","PM2.5","Mecklenburg",35.28179100089,-80.851473
2024-09-17,11,"Friendship Park","PM2.5","Mecklenburg",35.28179100089,-80.851473
2024-09-18,49,"Friendship Park","PM2.5","Mecklenburg",35.28179100089,-80.851473
2024-09-19,32,"Friendship Park","PM2.5","Mecklenburg",35.28179100089,-80.851473
2024-09-20,29,"Friendship Park","PM2.5","Mecklenburg",35.28179100089,-80.851473
2024-09-21,48,"Friendship Park","PM2.5","Mecklenburg",35.28179100089,-80.851473
2024-09-22,53,"Friendship Park","PM2.5","Mecklenburg",35.28179100089,-80.851473
2024-09-23,55,"Friendship Park","PM2.5","Mecklenburg",35.28179100089,-80.851473
2024-09-24,58,"Friendship Park","PM2.5","Mecklenburg",35.28179100089,-80.851473
2024-09-25,39,"Friendship Park","PM2.5","Mecklenburg",35.28179100089,-80.851473
2024-09-26,22,"Friendship Park","PM2.5","Mecklenburg",35.28179100089,-80.851473
2024-09-28,55,"Friendship Park","PM2.5","Mecklenburg",35.28179100089,-80.851473
2024-09-29,52,"Friendship Park","PM2.5","Mecklenburg",35.28179100089,-80.851473
2024-09-30,58,"Friendship Park","PM2.5","Mecklenburg",35.28179100089,-80.851473
2024-10-01,41,"Friendship Park","PM2.5","Mecklenburg",35.28179100089,-80.851473
2024-10-02,28,"Friendship Park","PM2.5","Mecklenburg",35.28179100089,-80.851473
2024-10-03,40,"Friendship Park","PM2.5","Mecklenburg",35.28179100089,-80.851473
2024-10-04,42,"Friendship Park","PM2.5","Mecklenburg",35.28179100089,-80.851473
2024-10-05,43,"Friendship Park","PM2.5","Mecklenburg",35.28179100089,-80.851473
2024-10-06,54,"Friendship Park","PM2.5","Mecklenburg",35.28179100089,-80.851473
2024-10-07,55,"Friendship Park","PM2.5","Mecklenburg",35.28179100089,-80.851473
2024-10-12,49,"Friendship Park","PM2.5","Mecklenburg",35.28179100089,-80.851473
2024-10-13,53,"Friendship Park","PM2.5","Mecklenburg",35.28179100089,-80.851473
2024-10-14,37,"Friendship Park","PM2.5","Mecklenburg",35.28179100089,-80.851473
2024-10-15,16,"Friendship Park","PM2.5","Mecklenburg",35.28179100089,-80.851473
2024-10-16,11,"Friendship Park","PM2.5","Mecklenburg",35.28179100089,-80.851473
2024-10-17,19,"Friendship Park","PM2.5","Mecklenburg",35.28179100089,-80.851473
2024-10-18,32,"Friendship Park","PM2.5","Mecklenburg",35.28179100089,-80.851473
2024-10-19,38,"Friendship Park","PM2.5","Mecklenburg",35.28179100089,-80.851473
2024-10-20,51,"Friendship Park","PM2.5","Mecklenburg",35.28179100089,-80.851473
2024-10-21,47,"Friendship Park","PM2.5","Mecklenburg",35.28179100089,-80.851473
2024-10-22,52,"Friendship Park","PM2.5","Mecklenburg",35.28179100089,-80.851473
2024-10-23,57,"Friendship Park","PM2.5","Mecklenburg",35.28179100089,-80.851473
2024-10-24,52,"Friendship Park","PM2.5","Mecklenburg",35.28179100089,-80.851473
2024-10-25,55,"Friendship Park","PM2.5","Mecklenburg",35.28179100089,-80.851473
2024-10-26,57,"Friendship Park","PM2.5","Mecklenburg",35.28179100089,-80.851473
2024-10-27,27,"Friendship Park","PM2.5","Mecklenburg",35.28179100089,-80.851473
2024-10-28,46,"Friendship Park","PM2.5","Mecklenburg",35.28179100089,-80.851473
2024-10-29,53,"Friendship Park","PM2.5","Mecklenburg",35.28179100089,-80.851473
2024-10-30,48,"Friendship Park","PM2.5","Mecklenburg",35.28179100089,-80.851473
2024-10-31,47,"Friendship Park","PM2.5","Mecklenburg",35.28179100089,-80.851473
2024-11-01,44,"Friendship Park","PM2.5","Mecklenburg",35.28179100089,-80.851473
2024-11-02,46,"Friendship Park","PM2.5","Mecklenburg",35.28179100089,-80.851473
2024-11-03,43,"Friendship Park","PM2.5","Mecklenburg",35.28179100089,-80.851473
2024-11-04,41,"Friendship Park","PM2.5","Mecklenburg",35.28179100089,-80.851473
2024-11-05,52,"Friendship Park","PM2.5","Mecklenburg",35.28179100089,-80.851473
2024-11-06,35,"Friendship Park","PM2.5","Mecklenburg",35.28179100089,-80.851473
2024-11-07,29,"Friendship Park","PM2.5","Mecklenburg",35.28179100089,-80.851473
2024-11-08,40,"Friendship Park","PM2.5","Mecklenburg",35.28179100089,-80.851473
2024-11-09,23,"Friendship Park","PM2.5","Mecklenburg",35.28179100089,-80.851473
2024-11-10,41,"Friendship Park","PM2.5","Mecklenburg",35.28179100089,-80.851473
2024-11-11,38,"Friendship Park","PM2.5","Mecklenburg",35.28179100089,-80.851473
2024-11-12,33,"Friendship Park","PM2.5","Mecklenburg",35.28179100089,-80.851473
2024-11-13,19,"Friendship Park","PM2.5","Mecklenburg",35.28179100089,-80.851473
2024-11-14,23,"Friendship Park","PM2.5","Mecklenburg",35.28179100089,-80.851473
2024-11-15,12,"Friendship Park","PM2.5","Mecklenburg",35.28179100089,-80.851473
2024-11-16,32,"Friendship Park","PM2.5","Mecklenburg",35.28179100089,-80.851473
2024-11-17,56,"Friendship Park","PM2.5","Mecklenburg",35.28179100089,-80.851473
2024-11-18,57,"Friendship Park","PM2.5","Mecklenburg",35.28179100089,-80.851473
2024-11-19,60,"Friendship Park","PM2.5","Mecklenburg",35.28179100089,-80.851473
2024-11-20,34,"Friendship Park","PM2.5","Mecklenburg",35.28179100089,-80.851473
2024-11-21,16,"Friendship Park","PM2.5","Mecklenburg",35.28179100089,-80.851473
2024-11-22,13,"Friendship Park","PM2.5","Mecklenburg",35.28179100089,-80.851473
2024-11-23,21,"Friendship Park","PM2.5","Mecklenburg",35.28179100089,-80.851473
2024-11-24,53,"Friendship Park","PM2.5","Mecklenburg",35.28179100089,-80.851473
2024-11-25,54,"Friendship Park","PM2.5","Mecklenburg",35.28179100089,-80.851473
2024-11-26,38,"Friendship Park","PM2.5","Mecklenburg",35.28179100089,-80.851473
2024-11-27,41,"Friendship Park","PM2.5","Mecklenburg",35.28179100089,-80.851473
2024-11-28,38,"Friendship Park","PM2.5","Mecklenburg",35.28179100089,-80.851473
2024-11-29,14,"Friendship Park","PM2.5","Mecklenburg",35.28179100089,-80.851473
2024-11-30,46,"Friendship Park","PM2.5","Mecklenburg",35.28179100089,-80.851473
2024-12-01,57,"Friendship Park","PM2.5","Mecklenburg",35.28179100089,-80.851473
2024-12-02,23,"Friendship Park","PM2.5","Mecklenburg",35.28179100089,-80.851473
2024-12-03,26,"Friendship Park","PM2.5","Mecklenburg",35.28179100089,-80.851473
2024-12-04,51,"Friendship Park","PM2.5","Mecklenburg",35.28179100089,-80.851473
2024-12-05,38,"Friendship Park","PM2.5","Mecklenburg",35.28179100089,-80.851473
2024-12-06,26,"Friendship Park","PM2.5","Mecklenburg",35.28179100089,-80.851473
2024-12-07,55,"Friendship Park","PM2.5","Mecklenburg",35.28179100089,-80.851473
2024-12-08,49,"Friendship Park","PM2.5","Mecklenburg",35.28179100089,-80.851473
2024-12-09,53,"Friendship Park","PM2.5","Mecklenburg",35.28179100089,-80.851473
2024-12-10,43,"Friendship Park","PM2.5","Mecklenburg",35.28179100089,-80.851473
2024-12-11,8,"Friendship Park","PM2.5","Mecklenburg",35.28179100089,-80.851473
2024-12-12,31,"Friendship Park","PM2.5","Mecklenburg",35.28179100089,-80.851473
2024-12-13,53,"Friendship Park","PM2.5","Mecklenburg",35.28179100089,-80.851473
2024-12-14,53,"Friendship Park","PM2.5","Mecklenburg",35.28179100089,-80.851473
2024-12-15,41,"Friendship Park","PM2.5","Mecklenburg",35.28179100089,-80.851473
2024-12-16,33,"Friendship Park","PM2.5","Mecklenburg",35.28179100089,-80.851473
2024-12-17,45,"Friendship Park","PM2.5","Mecklenburg",35.28179100089,-80.851473
2024-12-18,52,"Friendship Park","PM2.5","Mecklenburg",35.28179100089,-80.851473
2024-12-19,14,"Friendship Park","PM2.5","Mecklenburg",35.28179100089,-80.851473
2024-12-20,32,"Friendship Park","PM2.5","Mecklenburg",35.28179100089,-80.851473
2024-12-21,8,"Friendship Park","PM2.5","Mecklenburg",35.28179100089,-80.851473
2024-12-22,27,"Friendship Park","PM2.5","Mecklenburg",35.28179100089,-80.851473
2024-12-23,51,"Friendship Park","PM2.5","Mecklenburg",35.28179100089,-80.851473
2024-12-24,70,"Friendship Park","PM2.5","Mecklenburg",35.28179100089,-80.851473
2024-12-25,56,"Friendship Park","PM2.5","Mecklenburg",35.28179100089,-80.851473
2024-12-26,48,"Friendship Park","PM2.5","Mecklenburg",35.28179100089,-80.851473
2024-12-27,56,"Friendship Park","PM2.5","Mecklenburg",35.28179100089,-80.851473
2024-12-28,22,"Friendship Park","PM2.5","Mecklenburg",35.28179100089,-80.851473
2024-12-29,17,"Friendship Park","PM2.5","Mecklenburg",35.28179100089,-80.851473
2024-12-30,26,"Friendship Park","PM2.5","Mecklenburg",35.28179100089,-80.851473
2024-12-31,47,"Friendship Park","PM2.5","Mecklenburg",35.28179100089,-80.851473
2024-01-01,18,"Spruce Pine Hospital","PM2.5","Mitchell",35.9124870008966,-82.062082
2024-01-02,18,"Spruce Pine Hospital","PM2.5","Mitchell",35.9124870008966,-82.062082
2024-01-03,23,"Spruce Pine Hospital","PM2.5","Mitchell",35.9124870008966,-82.062082
2024-01-04,19,"Spruce Pine Hospital","PM2.5","Mitchell",35.9124870008966,-82.062082
2024-01-05,32,"Spruce Pine Hospital","PM2.5","Mitchell",35.9124870008966,-82.062082
2024-01-06,21,"Spruce Pine Hospital","PM2.5","Mitchell",35.9124870008966,-82.062082
2024-01-07,7,"Spruce Pine Hospital","PM2.5","Mitchell",35.9124870008966,-82.062082
2024-01-08,19,"Spruce Pine Hospital","PM2.5","Mitchell",35.9124870008966,-82.062082
2024-01-09,12,"Spruce Pine Hospital","PM2.5","Mitchell",35.9124870008966,-82.062082
2024-01-10,12,"Spruce Pine Hospital","PM2.5","Mitchell",35.9124870008966,-82.062082
2024-01-11,32,"Spruce Pine Hospital","PM2.5","Mitchell",35.9124870008966,-82.062082
2024-01-12,40,"Spruce Pine Hospital","PM2.5","Mitchell",35.9124870008966,-82.062082
2024-01-13,17,"Spruce Pine Hospital","PM2.5","Mitchell",35.9124870008966,-82.062082
2024-01-14,26,"Spruce Pine Hospital","PM2.5","Mitchell",35.9124870008966,-82.062082
2024-01-15,42,"Spruce Pine Hospital","PM2.5","Mitchell",35.9124870008966,-82.062082
2024-01-16,27,"Spruce Pine Hospital","PM2.5","Mitchell",35.9124870008966,-82.062082
2024-01-17,7,"Spruce Pine Hospital","PM2.5","Mitchell",35.9124870008966,-82.062082
2024-01-18,39,"Spruce Pine Hospital","PM2.5","Mitchell",35.9124870008966,-82.062082
2024-01-19,30,"Spruce Pine Hospital","PM2.5","Mitchell",35.9124870008966,-82.062082
2024-01-20,12,"Spruce Pine Hospital","PM2.5","Mitchell",35.9124870008966,-82.062082
2024-01-21,14,"Spruce Pine Hospital","PM2.5","Mitchell",35.9124870008966,-82.062082
2024-01-22,47,"Spruce Pine Hospital","PM2.5","Mitchell",35.9124870008966,-82.062082
2024-01-23,51,"Spruce Pine Hospital","PM2.5","Mitchell",35.9124870008966,-82.062082
2024-01-24,13,"Spruce Pine Hospital","PM2.5","Mitchell",35.9124870008966,-82.062082
2024-01-25,7,"Spruce Pine Hospital","PM2.5","Mitchell",35.9124870008966,-82.062082
2024-01-26,7,"Spruce Pine Hospital","PM2.5","Mitchell",35.9124870008966,-82.062082
2024-01-27,14,"Spruce Pine Hospital","PM2.5","Mitchell",35.9124870008966,-82.062082
2024-01-28,2,"Spruce Pine Hospital","PM2.5","Mitchell",35.9124870008966,-82.062082
2024-01-29,7,"Spruce Pine Hospital","PM2.5","Mitchell",35.9124870008966,-82.062082
2024-01-30,21,"Spruce Pine Hospital","PM2.5","Mitchell",35.9124870008966,-82.062082
2024-01-31,26,"Spruce Pine Hospital","PM2.5","Mitchell",35.9124870008966,-82.062082
2024-02-01,18,"Spruce Pine Hospital","PM2.5","Mitchell",35.9124870008966,-82.062082
2024-02-02,25,"Spruce Pine Hospital","PM2.5","Mitchell",35.9124870008966,-82.062082
2024-02-03,44,"Spruce Pine Hospital","PM2.5","Mitchell",35.9124870008966,-82.062082
2024-02-04,29,"Spruce Pine Hospital","PM2.5","Mitchell",35.9124870008966,-82.062082
2024-02-05,21,"Spruce Pine Hospital","PM2.5","Mitchell",35.9124870008966,-82.062082
2024-02-06,38,"Spruce Pine Hospital","PM2.5","Mitchell",35.9124870008966,-82.062082
2024-02-07,52,"Spruce Pine Hospital","PM2.5","Mitchell",35.9124870008966,-82.062082
2024-02-08,56,"Spruce Pine Hospital","PM2.5","Mitchell",35.9124870008966,-82.062082
2024-02-09,54,"Spruce Pine Hospital","PM2.5","Mitchell",35.9124870008966,-82.062082
2024-02-10,31,"Spruce Pine Hospital","PM2.5","Mitchell",35.9124870008966,-82.062082
2024-02-11,3,"Spruce Pine Hospital","PM2.5","Mitchell",35.9124870008966,-82.062082
2024-02-12,3,"Spruce Pine Hospital","PM2.5","Mitchell",35.9124870008966,-82.062082
2024-02-13,14,"Spruce Pine Hospital","PM2.5","Mitchell",35.9124870008966,-82.062082
2024-02-14,20,"Spruce Pine Hospital","PM2.5","Mitchell",35.9124870008966,-82.062082
2024-02-15,36,"Spruce Pine Hospital","PM2.5","Mitchell",35.9124870008966,-82.062082
2024-02-16,40,"Spruce Pine Hospital","PM2.5","Mitchell",35.9124870008966,-82.062082
2024-02-17,14,"Spruce Pine Hospital","PM2.5","Mitchell",35.9124870008966,-82.062082
2024-02-18,12,"Spruce Pine Hospital","PM2.5","Mitchell",35.9124870008966,-82.062082
2024-02-19,17,"Spruce Pine Hospital","PM2.5","Mitchell",35.9124870008966,-82.062082
2024-02-20,57,"Spruce Pine Hospital","PM2.5","Mitchell",35.9124870008966,-82.062082
2024-02-21,62,"Spruce Pine Hospital","PM2.5","Mitchell",35.9124870008966,-82.062082
2024-02-22,68,"Spruce Pine Hospital","PM2.5","Mitchell",35.9124870008966,-82.062082
2024-02-23,37,"Spruce Pine Hospital","PM2.5","Mitchell",35.9124870008966,-82.062082
2024-02-24,19,"Spruce Pine Hospital","PM2.5","Mitchell",35.9124870008966,-82.062082
2024-02-25,17,"Spruce Pine Hospital","PM2.5","Mitchell",35.9124870008966,-82.062082
2024-02-26,52,"Spruce Pine Hospital","PM2.5","Mitchell",35.9124870008966,-82.062082
2024-02-27,62,"Spruce Pine Hospital","PM2.5","Mitchell",35.9124870008966,-82.062082
2024-02-28,43,"Spruce Pine Hospital","PM2.5","Mitchell",35.9124870008966,-82.062082
2024-02-29,18,"Spruce Pine Hospital","PM2.5","Mitchell",35.9124870008966,-82.062082
2024-03-01,47,"Spruce Pine Hospital","PM2.5","Mitchell",35.9124870008966,-82.062082
2024-03-02,14,"Spruce Pine Hospital","PM2.5","Mitchell",35.9124870008966,-82.062082
2024-03-03,17,"Spruce Pine Hospital","PM2.5","Mitchell",35.9124870008966,-82.062082
2024-03-04,29,"Spruce Pine Hospital","PM2.5","Mitchell",35.9124870008966,-82.062082
2024-03-05,38,"Spruce Pine Hospital","PM2.5","Mitchell",35.9124870008966,-82.062082
2024-03-06,17,"Spruce Pine Hospital","PM2.5","Mitchell",35.9124870008966,-82.062082
2024-03-07,8,"Spruce Pine Hospital","PM2.5","Mitchell",35.9124870008966,-82.062082
2024-03-08,31,"Spruce Pine Hospital","PM2.5","Mitchell",35.9124870008966,-82.062082
2024-03-09,6,"Spruce Pine Hospital","PM2.5","Mitchell",35.9124870008966,-82.062082
2024-03-10,10,"Spruce Pine Hospital","PM2.5","Mitchell",35.9124870008966,-82.062082
2024-03-11,11,"Spruce Pine Hospital","PM2.5","Mitchell",35.9124870008966,-82.062082
2024-03-12,21,"Spruce Pine Hospital","PM2.5","Mitchell",35.9124870008966,-82.062082
2024-03-13,61,"Spruce Pine Hospital","PM2.5","Mitchell",35.9124870008966,-82.062082
2024-03-14,83,"Spruce Pine Hospital","PM2.5","Mitchell",35.9124870008966,-82.062082
2024-03-15,54,"Spruce Pine Hospital","PM2.5","Mitchell",35.9124870008966,-82.062082
2024-03-16,9,"Spruce Pine Hospital","PM2.5","Mitchell",35.9124870008966,-82.062082
2024-03-17,18,"Spruce Pine Hospital","PM2.5","Mitchell",35.9124870008966,-82.062082
2024-03-18,16,"Spruce Pine Hospital","PM2.5","Mitchell",35.9124870008966,-82.062082
2024-03-19,36,"Spruce Pine Hospital","PM2.5","Mitchell",35.9124870008966,-82.062082
2024-03-20,42,"Spruce Pine Hospital","PM2.5","Mitchell",35.9124870008966,-82.062082
2024-03-21,34,"Spruce Pine Hospital","PM2.5","Mitchell",35.9124870008966,-82.062082
2024-03-22,59,"Spruce Pine Hospital","PM2.5","Mitchell",35.9124870008966,-82.062082
2024-03-23,22,"Spruce Pine Hospital","PM2.5","Mitchell",35.9124870008966,-82.062082
2024-03-24,24,"Spruce Pine Hospital","PM2.5","Mitchell",35.9124870008966,-82.062082
2024-03-25,29,"Spruce Pine Hospital","PM2.5","Mitchell",35.9124870008966,-82.062082
2024-03-26,52,"Spruce Pine Hospital","PM2.5","Mitchell",35.9124870008966,-82.062082
2024-03-27,21,"Spruce Pine Hospital","PM2.5","Mitchell",35.9124870008966,-82.062082
2024-03-28,14,"Spruce Pine Hospital","PM2.5","Mitchell",35.9124870008966,-82.062082
2024-03-29,25,"Spruce Pine Hospital","PM2.5","Mitchell",35.9124870008966,-82.062082
2024-04-02,58,"Spruce Pine Hospital","PM2.5","Mitchell",35.9124870008966,-82.062082
2024-04-03,16,"Spruce Pine Hospital","PM2.5","Mitchell",35.9124870008966,-82.062082
2024-04-04,17,"Spruce Pine Hospital","PM2.5","Mitchell",35.9124870008966,-82.062082
2024-04-05,12,"Spruce Pine Hospital","PM2.5","Mitchell",35.9124870008966,-82.062082
2024-04-06,6,"Spruce Pine Hospital","PM2.5","Mitchell",35.9124870008966,-82.062082
2024-04-07,19,"Spruce Pine Hospital","PM2.5","Mitchell",35.9124870008966,-82.062082
2024-04-08,47,"Spruce Pine Hospital","PM2.5","Mitchell",35.9124870008966,-82.062082
2024-04-09,53,"Spruce Pine Hospital","PM2.5","Mitchell",35.9124870008966,-82.062082
2024-04-10,36,"Spruce Pine Hospital","PM2.5","Mitchell",35.9124870008966,-82.062082
2024-04-11,11,"Spruce Pine Hospital","PM2.5","Mitchell",35.9124870008966,-82.062082
2024-04-12,15,"Spruce Pine Hospital","PM2.5","Mitchell",35.9124870008966,-82.062082
2024-04-13,14,"Spruce Pine Hospital","PM2.5","Mitchell",35.9124870008966,-82.062082
2024-04-14,25,"Spruce Pine Hospital","PM2.5","Mitchell",35.9124870008966,-82.062082
2024-04-15,41,"Spruce Pine Hospital","PM2.5","Mitchell",35.9124870008966,-82.062082
2024-04-16,53,"Spruce Pine Hospital","PM2.5","Mitchell",35.9124870008966,-82.062082
2024-04-17,53,"Spruce Pine Hospital","PM2.5","Mitchell",35.9124870008966,-82.062082
2024-04-18,25,"Spruce Pine Hospital","PM2.5","Mitchell",35.9124870008966,-82.062082
2024-04-19,31,"Spruce Pine Hospital","PM2.5","Mitchell",35.9124870008966,-82.062082
2024-04-20,14,"Spruce Pine Hospital","PM2.5","Mitchell",35.9124870008966,-82.062082
2024-04-21,24,"Spruce Pine Hospital","PM2.5","Mitchell",35.9124870008966,-82.062082
2024-04-22,23,"Spruce Pine Hospital","PM2.5","Mitchell",35.9124870008966,-82.062082
2024-04-23,33,"Spruce Pine Hospital","PM2.5","Mitchell",35.9124870008966,-82.062082
2024-04-24,40,"Spruce Pine Hospital","PM2.5","Mitchell",35.9124870008966,-82.062082
2024-04-25,37,"Spruce Pine Hospital","PM2.5","Mitchell",35.9124870008966,-82.062082
2024-04-26,50,"Spruce Pine Hospital","PM2.5","Mitchell",35.9124870008966,-82.062082
2024-04-27,46,"Spruce Pine Hospital","PM2.5","Mitchell",35.9124870008966,-82.062082
2024-04-28,32,"Spruce Pine Hospital","PM2.5","Mitchell",35.9124870008966,-82.062082
2024-04-29,40,"Spruce Pine Hospital","PM2.5","Mitchell",35.9124870008966,-82.062082
2024-04-30,38,"Spruce Pine Hospital","PM2.5","Mitchell",35.9124870008966,-82.062082
2024-05-01,22,"Spruce Pine Hospital","PM2.5","Mitchell",35.9124870008966,-82.062082
2024-05-02,35,"Spruce Pine Hospital","PM2.5","Mitchell",35.9124870008966,-82.062082
2024-05-03,53,"Spruce Pine Hospital","PM2.5","Mitchell",35.9124870008966,-82.062082
2024-05-04,43,"Spruce Pine Hospital","PM2.5","Mitchell",35.9124870008966,-82.062082
2024-05-05,18,"Spruce Pine Hospital","PM2.5","Mitchell",35.9124870008966,-82.062082
2024-05-06,19,"Spruce Pine Hospital","PM2.5","Mitchell",35.9124870008966,-82.062082
2024-05-07,31,"Spruce Pine Hospital","PM2.5","Mitchell",35.9124870008966,-82.062082
2024-05-08,34,"Spruce Pine Hospital","PM2.5","Mitchell",35.9124870008966,-82.062082
2024-05-09,16,"Spruce Pine Hospital","PM2.5","Mitchell",35.9124870008966,-82.062082
2024-05-10,16,"Spruce Pine Hospital","PM2.5","Mitchell",35.9124870008966,-82.062082
2024-05-11,17,"Spruce Pine Hospital","PM2.5","Mitchell",35.9124870008966,-82.062082
2024-05-12,26,"Spruce Pine Hospital","PM2.5","Mitchell",35.9124870008966,-82.062082
2024-05-13,36,"Spruce Pine Hospital","PM2.5","Mitchell",35.9124870008966,-82.062082
2024-05-14,12,"Spruce Pine Hospital","PM2.5","Mitchell",35.9124870008966,-82.062082
2024-05-15,9,"Spruce Pine Hospital","PM2.5","Mitchell",35.9124870008966,-82.062082
2024-05-16,11,"Spruce Pine Hospital","PM2.5","Mitchell",35.9124870008966,-82.062082
2024-05-17,28,"Spruce Pine Hospital","PM2.5","Mitchell",35.9124870008966,-82.062082
2024-05-18,18,"Spruce Pine Hospital","PM2.5","Mitchell",35.9124870008966,-82.062082
2024-05-19,6,"Spruce Pine Hospital","PM2.5","Mitchell",35.9124870008966,-82.062082
2024-05-20,21,"Spruce Pine Hospital","PM2.5","Mitchell",35.9124870008966,-82.062082
2024-05-21,34,"Spruce Pine Hospital","PM2.5","Mitchell",35.9124870008966,-82.062082
2024-05-22,42,"Spruce Pine Hospital","PM2.5","Mitchell",35.9124870008966,-82.062082
2024-05-23,37,"Spruce Pine Hospital","PM2.5","Mitchell",35.9124870008966,-82.062082
2024-05-24,24,"Spruce Pine Hospital","PM2.5","Mitchell",35.9124870008966,-82.062082
2024-05-25,26,"Spruce Pine Hospital","PM2.5","Mitchell",35.9124870008966,-82.062082
2024-05-26,24,"Spruce Pine Hospital","PM2.5","Mitchell",35.9124870008966,-82.062082
2024-05-27,24,"Spruce Pine Hospital","PM2.5","Mitchell",35.9124870008966,-82.062082
2024-05-28,19,"Spruce Pine Hospital","PM2.5","Mitchell",35.9124870008966,-82.062082
2024-05-29,20,"Spruce Pine Hospital","PM2.5","Mitchell",35.9124870008966,-82.062082
2024-05-30,13,"Spruce Pine Hospital","PM2.5","Mitchell",35.9124870008966,-82.062082
2024-05-31,31,"Spruce Pine Hospital","PM2.5","Mitchell",35.9124870008966,-82.062082
2024-06-01,34,"Spruce Pine Hospital","PM2.5","Mitchell",35.9124870008966,-82.062082
2024-06-02,32,"Spruce Pine Hospital","PM2.5","Mitchell",35.9124870008966,-82.062082
2024-06-03,32,"Spruce Pine Hospital","PM2.5","Mitchell",35.9124870008966,-82.062082
2024-06-04,31,"Spruce Pine Hospital","PM2.5","Mitchell",35.9124870008966,-82.062082
2024-06-05,22,"Spruce Pine Hospital","PM2.5","Mitchell",35.9124870008966,-82.062082
2024-06-06,26,"Spruce Pine Hospital","PM2.5","Mitchell",35.9124870008966,-82.062082
2024-06-07,24,"Spruce Pine Hospital","PM2.5","Mitchell",35.9124870008966,-82.062082
2024-06-08,25,"Spruce Pine Hospital","PM2.5","Mitchell",35.9124870008966,-82.062082
2024-06-09,32,"Spruce Pine Hospital","PM2.5","Mitchell",35.9124870008966,-82.062082
2024-06-10,19,"Spruce Pine Hospital","PM2.5","Mitchell",35.9124870008966,-82.062082
2024-06-11,27,"Spruce Pine Hospital","PM2.5","Mitchell",35.9124870008966,-82.062082
2024-06-12,50,"Spruce Pine Hospital","PM2.5","Mitchell",35.9124870008966,-82.062082
2024-06-13,52,"Spruce Pine Hospital","PM2.5","Mitchell",35.9124870008966,-82.062082
2024-06-14,53,"Spruce Pine Hospital","PM2.5","Mitchell",35.9124870008966,-82.062082
2024-06-15,54,"Spruce Pine Hospital","PM2.5","Mitchell",35.9124870008966,-82.062082
2024-06-16,58,"Spruce Pine Hospital","PM2.5","Mitchell",35.9124870008966,-82.062082
2024-06-17,63,"Spruce Pine Hospital","PM2.5","Mitchell",35.9124870008966,-82.062082
2024-06-18,57,"Spruce Pine Hospital","PM2.5","Mitchell",35.9124870008966,-82.062082
2024-06-19,42,"Spruce Pine Hospital","PM2.5","Mitchell",35.9124870008966,-82.062082
2024-06-20,37,"Spruce Pine Hospital","PM2.5","Mitchell",35.9124870008966,-82.062082
2024-06-21,42,"Spruce Pine Hospital","PM2.5","Mitchell",35.9124870008966,-82.062082
2024-06-22,41,"Spruce Pine Hospital","PM2.5","Mitchell",35.9124870008966,-82.062082
2024-06-23,47,"Spruce Pine Hospital","PM2.5","Mitchell",35.9124870008966,-82.062082
2024-06-24,28,"Spruce Pine Hospital","PM2.5","Mitchell",35.9124870008966,-82.062082
2024-06-25,23,"Spruce Pine Hospital","PM2.5","Mitchell",35.9124870008966,-82.062082
2024-06-26,33,"Spruce Pine Hospital","PM2.5","Mitchell",35.9124870008966,-82.062082
2024-06-27,44,"Spruce Pine Hospital","PM2.5","Mitchell",35.9124870008966,-82.062082
2024-06-28,55,"Spruce Pine Hospital","PM2.5","Mitchell",35.9124870008966,-82.062082
2024-06-29,38,"Spruce Pine Hospital","PM2.5","Mitchell",35.9124870008966,-82.062082
2024-06-30,31,"Spruce Pine Hospital","PM2.5","Mitchell",35.9124870008966,-82.062082
2024-07-01,14,"Spruce Pine Hospital","PM2.5","Mitchell",35.9124870008966,-82.062082
2024-07-02,27,"Spruce Pine Hospital","PM2.5","Mitchell",35.9124870008966,-82.062082
2024-07-03,40,"Spruce Pine Hospital","PM2.5","Mitchell",35.9124870008966,-82.062082
2024-07-04,48,"Spruce Pine Hospital","PM2.5","Mitchell",35.9124870008966,-82.062082
2024-07-05,31,"Spruce Pine Hospital","PM2.5","Mitchell",35.9124870008966,-82.062082
2024-07-06,31,"Spruce Pine Hospital","PM2.5","Mitchell",35.9124870008966,-82.062082
2024-07-07,22,"Spruce Pine Hospital","PM2.5","Mitchell",35.9124870008966,-82.062082
2024-07-08,32,"Spruce Pine Hospital","PM2.5","Mitchell",35.9124870008966,-82.062082
2024-07-09,36,"Spruce Pine Hospital","PM2.5","Mitchell",35.9124870008966,-82.062082
2024-07-10,15,"Spruce Pine Hospital","PM2.5","Mitchell",35.9124870008966,-82.062082
2024-07-11,22,"Spruce Pine Hospital","PM2.5","Mitchell",35.9124870008966,-82.062082
2024-07-12,30,"Spruce Pine Hospital","PM2.5","Mitchell",35.9124870008966,-82.062082
2024-07-13,32,"Spruce Pine Hospital","PM2.5","Mitchell",35.9124870008966,-82.062082
2024-07-14,40,"Spruce Pine Hospital","PM2.5","Mitchell",35.9124870008966,-82.062082
2024-07-15,52,"Spruce Pine Hospital","PM2.5","Mitchell",35.9124870008966,-82.062082
2024-07-16,34,"Spruce Pine Hospital","PM2.5","Mitchell",35.9124870008966,-82.062082
2024-07-17,37,"Spruce Pine Hospital","PM2.5","Mitchell",35.9124870008966,-82.062082
2024-07-18,23,"Spruce Pine Hospital","PM2.5","Mitchell",35.9124870008966,-82.062082
2024-07-19,32,"Spruce Pine Hospital","PM2.5","Mitchell",35.9124870008966,-82.062082
2024-07-20,13,"Spruce Pine Hospital","PM2.5","Mitchell",35.9124870008966,-82.062082
2024-07-21,16,"Spruce Pine Hospital","PM2.5","Mitchell",35.9124870008966,-82.062082
2024-07-22,14,"Spruce Pine Hospital","PM2.5","Mitchell",35.9124870008966,-82.062082
2024-07-23,20,"Spruce Pine Hospital","PM2.5","Mitchell",35.9124870008966,-82.062082
2024-07-24,21,"Spruce Pine Hospital","PM2.5","Mitchell",35.9124870008966,-82.062082
2024-07-25,18,"Spruce Pine Hospital","PM2.5","Mitchell",35.9124870008966,-82.062082
2024-07-26,53,"Spruce Pine Hospital","PM2.5","Mitchell",35.9124870008966,-82.062082
2024-07-27,53,"Spruce Pine Hospital","PM2.5","Mitchell",35.9124870008966,-82.062082
2024-07-28,55,"Spruce Pine Hospital","PM2.5","Mitchell",35.9124870008966,-82.062082
2024-07-29,24,"Spruce Pine Hospital","PM2.5","Mitchell",35.9124870008966,-82.062082
2024-07-30,19,"Spruce Pine Hospital","PM2.5","Mitchell",35.9124870008966,-82.062082
2024-07-31,22,"Spruce Pine Hospital","PM2.5","Mitchell",35.9124870008966,-82.062082
2024-08-01,30,"Spruce Pine Hospital","PM2.5","Mitchell",35.9124870008966,-82.062082
2024-08-02,54,"Spruce Pine Hospital","PM2.5","Mitchell",35.9124870008966,-82.062082
2024-08-03,28,"Spruce Pine Hospital","PM2.5","Mitchell",35.9124870008966,-82.062082
2024-08-04,29,"Spruce Pine Hospital","PM2.5","Mitchell",35.9124870008966,-82.062082
2024-08-05,31,"Spruce Pine Hospital","PM2.5","Mitchell",35.9124870008966,-82.062082
2024-08-06,26,"Spruce Pine Hospital","PM2.5","Mitchell",35.9124870008966,-82.062082
2024-08-07,13,"Spruce Pine Hospital","PM2.5","Mitchell",35.9124870008966,-82.062082
2024-08-08,11,"Spruce Pine Hospital","PM2.5","Mitchell",35.9124870008966,-82.062082
2024-08-09,32,"Spruce Pine Hospital","PM2.5","Mitchell",35.9124870008966,-82.062082
2024-08-10,47,"Spruce Pine Hospital","PM2.5","Mitchell",35.9124870008966,-82.062082
2024-08-11,43,"Spruce Pine Hospital","PM2.5","Mitchell",35.9124870008966,-82.062082
2024-08-12,33,"Spruce Pine Hospital","PM2.5","Mitchell",35.9124870008966,-82.062082
2024-08-13,37,"Spruce Pine Hospital","PM2.5","Mitchell",35.9124870008966,-82.062082
2024-08-14,39,"Spruce Pine Hospital","PM2.5","Mitchell",35.9124870008966,-82.062082
2024-08-15,42,"Spruce Pine Hospital","PM2.5","Mitchell",35.9124870008966,-82.062082
2024-08-16,39,"Spruce Pine Hospital","PM2.5","Mitchell",35.9124870008966,-82.062082
2024-08-17,24,"Spruce Pine Hospital","PM2.5","Mitchell",35.9124870008966,-82.062082
2024-08-18,27,"Spruce Pine Hospital","PM2.5","Mitchell",35.9124870008966,-82.062082
2024-08-19,12,"Spruce Pine Hospital","PM2.5","Mitchell",35.9124870008966,-82.062082
2024-08-20,36,"Spruce Pine Hospital","PM2.5","Mitchell",35.9124870008966,-82.062082
2024-08-21,37,"Spruce Pine Hospital","PM2.5","Mitchell",35.9124870008966,-82.062082
2024-08-22,42,"Spruce Pine Hospital","PM2.5","Mitchell",35.9124870008966,-82.062082
2024-08-23,40,"Spruce Pine Hospital","PM2.5","Mitchell",35.9124870008966,-82.062082
2024-08-24,44,"Spruce Pine Hospital","PM2.5","Mitchell",35.9124870008966,-82.062082
2024-08-25,44,"Spruce Pine Hospital","PM2.5","Mitchell",35.9124870008966,-82.062082
2024-08-26,53,"Spruce Pine Hospital","PM2.5","Mitchell",35.9124870008966,-82.062082
2024-08-27,55,"Spruce Pine Hospital","PM2.5","Mitchell",35.9124870008966,-82.062082
2024-08-28,53,"Spruce Pine Hospital","PM2.5","Mitchell",35.9124870008966,-82.062082
2024-08-29,53,"Spruce Pine Hospital","PM2.5","Mitchell",35.9124870008966,-82.062082
2024-08-30,39,"Spruce Pine Hospital","PM2.5","Mitchell",35.9124870008966,-82.062082
2024-08-31,39,"Spruce Pine Hospital","PM2.5","Mitchell",35.9124870008966,-82.062082
2024-09-01,26,"Spruce Pine Hospital","PM2.5","Mitchell",35.9124870008966,-82.062082
2024-09-02,18,"Spruce Pine Hospital","PM2.5","Mitchell",35.9124870008966,-82.062082
2024-09-12,44,"Spruce Pine Hospital","PM2.5","Mitchell",35.9124870008966,-82.062082
2024-09-13,28,"Spruce Pine Hospital","PM2.5","Mitchell",35.9124870008966,-82.062082
2024-09-14,23,"Spruce Pine Hospital","PM2.5","Mitchell",35.9124870008966,-82.062082
2024-09-15,29,"Spruce Pine Hospital","PM2.5","Mitchell",35.9124870008966,-82.062082
2024-09-16,33,"Spruce Pine Hospital","PM2.5","Mitchell",35.9124870008966,-82.062082
2024-09-17,15,"Spruce Pine Hospital","PM2.5","Mitchell",35.9124870008966,-82.062082
2024-09-18,27,"Spruce Pine Hospital","PM2.5","Mitchell",35.9124870008966,-82.062082
2024-09-19,26,"Spruce Pine Hospital","PM2.5","Mitchell",35.9124870008966,-82.062082
2024-09-20,33,"Spruce Pine Hospital","PM2.5","Mitchell",35.9124870008966,-82.062082
2024-09-21,32,"Spruce Pine Hospital","PM2.5","Mitchell",35.9124870008966,-82.062082
2024-09-22,34,"Spruce Pine Hospital","PM2.5","Mitchell",35.9124870008966,-82.062082
2024-09-23,51,"Spruce Pine Hospital","PM2.5","Mitchell",35.9124870008966,-82.062082
2024-09-24,40,"Spruce Pine Hospital","PM2.5","Mitchell",35.9124870008966,-82.062082
2024-09-25,31,"Spruce Pine Hospital","PM2.5","Mitchell",35.9124870008966,-82.062082
2024-09-26,8,"Spruce Pine Hospital","PM2.5","Mitchell",35.9124870008966,-82.062082
2024-10-08,43,"Spruce Pine Hospital","PM2.5","Mitchell",35.9124870008966,-82.062082
2024-10-09,29,"Spruce Pine Hospital","PM2.5","Mitchell",35.9124870008966,-82.062082
2024-10-10,27,"Spruce Pine Hospital","PM2.5","Mitchell",35.9124870008966,-82.062082
2024-10-11,30,"Spruce Pine Hospital","PM2.5","Mitchell",35.9124870008966,-82.062082
2024-10-12,36,"Spruce Pine Hospital","PM2.5","Mitchell",35.9124870008966,-82.062082
2024-10-13,50,"Spruce Pine Hospital","PM2.5","Mitchell",35.9124870008966,-82.062082
2024-10-14,34,"Spruce Pine Hospital","PM2.5","Mitchell",35.9124870008966,-82.062082
2024-10-15,23,"Spruce Pine Hospital","PM2.5","Mitchell",35.9124870008966,-82.062082
2024-10-16,19,"Spruce Pine Hospital","PM2.5","Mitchell",35.9124870008966,-82.062082
2024-10-17,27,"Spruce Pine Hospital","PM2.5","Mitchell",35.9124870008966,-82.062082
2024-10-18,41,"Spruce Pine Hospital","PM2.5","Mitchell",35.9124870008966,-82.062082
2024-10-19,53,"Spruce Pine Hospital","PM2.5","Mitchell",35.9124870008966,-82.062082
2024-10-20,43,"Spruce Pine Hospital","PM2.5","Mitchell",35.9124870008966,-82.062082
2024-10-23,52,"Spruce Pine Hospital","PM2.5","Mitchell",35.9124870008966,-82.062082
2024-10-24,42,"Spruce Pine Hospital","PM2.5","Mitchell",35.9124870008966,-82.062082
2024-10-25,48,"Spruce Pine Hospital","PM2.5","Mitchell",35.9124870008966,-82.062082
2024-10-26,53,"Spruce Pine Hospital","PM2.5","Mitchell",35.9124870008966,-82.062082
2024-10-27,37,"Spruce Pine Hospital","PM2.5","Mitchell",35.9124870008966,-82.062082
2024-10-28,43,"Spruce Pine Hospital","PM2.5","Mitchell",35.9124870008966,-82.062082
2024-10-29,47,"Spruce Pine Hospital","PM2.5","Mitchell",35.9124870008966,-82.062082
2024-10-30,42,"Spruce Pine Hospital","PM2.5","Mitchell",35.9124870008966,-82.062082
2024-10-31,39,"Spruce Pine Hospital","PM2.5","Mitchell",35.9124870008966,-82.062082
2024-11-01,33,"Spruce Pine Hospital","PM2.5","Mitchell",35.9124870008966,-82.062082
2024-11-02,36,"Spruce Pine Hospital","PM2.5","Mitchell",35.9124870008966,-82.062082
2024-11-03,38,"Spruce Pine Hospital","PM2.5","Mitchell",35.9124870008966,-82.062082
2024-11-04,34,"Spruce Pine Hospital","PM2.5","Mitchell",35.9124870008966,-82.062082
2024-11-05,18,"Spruce Pine Hospital","PM2.5","Mitchell",35.9124870008966,-82.062082
2024-11-06,31,"Spruce Pine Hospital","PM2.5","Mitchell",35.9124870008966,-82.062082
2024-11-07,32,"Spruce Pine Hospital","PM2.5","Mitchell",35.9124870008966,-82.062082
2024-11-08,31,"Spruce Pine Hospital","PM2.5","Mitchell",35.9124870008966,-82.062082
2024-11-09,21,"Spruce Pine Hospital","PM2.5","Mitchell",35.9124870008966,-82.062082
2024-11-10,34,"Spruce Pine Hospital","PM2.5","Mitchell",35.9124870008966,-82.062082
2024-11-11,23,"Spruce Pine Hospital","PM2.5","Mitchell",35.9124870008966,-82.062082
2024-11-12,20,"Spruce Pine Hospital","PM2.5","Mitchell",35.9124870008966,-82.062082
2024-11-13,22,"Spruce Pine Hospital","PM2.5","Mitchell",35.9124870008966,-82.062082
2024-11-14,39,"Spruce Pine Hospital","PM2.5","Mitchell",35.9124870008966,-82.062082
2024-11-15,13,"Spruce Pine Hospital","PM2.5","Mitchell",35.9124870008966,-82.062082
2024-11-16,39,"Spruce Pine Hospital","PM2.5","Mitchell",35.9124870008966,-82.062082
2024-11-17,53,"Spruce Pine Hospital","PM2.5","Mitchell",35.9124870008966,-82.062082
2024-11-18,55,"Spruce Pine Hospital","PM2.5","Mitchell",35.9124870008966,-82.062082
2024-11-19,61,"Spruce Pine Hospital","PM2.5","Mitchell",35.9124870008966,-82.062082
2024-11-20,42,"Spruce Pine Hospital","PM2.5","Mitchell",35.9124870008966,-82.062082
2024-11-21,14,"Spruce Pine Hospital","PM2.5","Mitchell",35.9124870008966,-82.062082
2024-11-22,16,"Spruce Pine Hospital","PM2.5","Mitchell",35.9124870008966,-82.062082
2024-11-23,12,"Spruce Pine Hospital","PM2.5","Mitchell",35.9124870008966,-82.062082
2024-11-24,24,"Spruce Pine Hospital","PM2.5","Mitchell",35.9124870008966,-82.062082
2024-11-25,51,"Spruce Pine Hospital","PM2.5","Mitchell",35.9124870008966,-82.062082
2024-11-26,47,"Spruce Pine Hospital","PM2.5","Mitchell",35.9124870008966,-82.062082
2024-11-27,47,"Spruce Pine Hospital","PM2.5","Mitchell",35.9124870008966,-82.062082
2024-11-28,34,"Spruce Pine Hospital","PM2.5","Mitchell",35.9124870008966,-82.062082
2024-11-29,31,"Spruce Pine Hospital","PM2.5","Mitchell",35.9124870008966,-82.062082
2024-11-30,18,"Spruce Pine Hospital","PM2.5","Mitchell",35.9124870008966,-82.062082
2024-12-01,28,"Spruce Pine Hospital","PM2.5","Mitchell",35.9124870008966,-82.062082
2024-12-02,24,"Spruce Pine Hospital","PM2.5","Mitchell",35.9124870008966,-82.062082
2024-12-03,23,"Spruce Pine Hospital","PM2.5","Mitchell",35.9124870008966,-82.062082
2024-12-04,51,"Spruce Pine Hospital","PM2.5","Mitchell",35.9124870008966,-82.062082
2024-12-05,33,"Spruce Pine Hospital","PM2.5","Mitchell",35.9124870008966,-82.062082
2024-12-06,20,"Spruce Pine Hospital","PM2.5","Mitchell",35.9124870008966,-82.062082
2024-12-07,22,"Spruce Pine Hospital","PM2.5","Mitchell",35.9124870008966,-82.062082
2024-12-08,24,"Spruce Pine Hospital","PM2.5","Mitchell",35.9124870008966,-82.062082
2024-12-09,51,"Spruce Pine Hospital","PM2.5","Mitchell",35.9124870008966,-82.062082
2024-12-10,93,"Spruce Pine Hospital","PM2.5","Mitchell",35.9124870008966,-82.062082
2024-12-11,17,"Spruce Pine Hospital","PM2.5","Mitchell",35.9124870008966,-82.062082
2024-12-12,31,"Spruce Pine Hospital","PM2.5","Mitchell",35.9124870008966,-82.062082
2024-12-13,54,"Spruce Pine Hospital","PM2.5","Mitchell",35.9124870008966,-82.062082
2024-12-14,55,"Spruce Pine Hospital","PM2.5","Mitchell",35.9124870008966,-82.062082
2024-12-15,28,"Spruce Pine Hospital","PM2.5","Mitchell",35.9124870008966,-82.062082
2024-12-16,39,"Spruce Pine Hospital","PM2.5","Mitchell",35.9124870008966,-82.062082
2024-12-17,45,"Spruce Pine Hospital","PM2.5","Mitchell",35.9124870008966,-82.062082
2024-12-18,24,"Spruce Pine Hospital","PM2.5","Mitchell",35.9124870008966,-82.062082
2024-12-19,19,"Spruce Pine Hospital","PM2.5","Mitchell",35.9124870008966,-82.062082
2024-12-20,27,"Spruce Pine Hospital","PM2.5","Mitchell",35.9124870008966,-82.062082
2024-12-21,18,"Spruce Pine Hospital","PM2.5","Mitchell",35.9124870008966,-82.062082
2024-12-22,26,"Spruce Pine Hospital","PM2.5","Mitchell",35.9124870008966,-82.062082
2024-12-23,54,"Spruce Pine Hospital","PM2.5","Mitchell",35.9124870008966,-82.062082
2024-12-24,54,"Spruce Pine Hospital","PM2.5","Mitchell",35.9124870008966,-82.062082
2024-12-25,54,"Spruce Pine Hospital","PM2.5","Mitchell",35.9124870008966,-82.062082
2024-12-26,57,"Spruce Pine Hospital","PM2.5","Mitchell",35.9124870008966,-82.062082
2024-12-27,52,"Spruce Pine Hospital","PM2.5","Mitchell",35.9124870008966,-82.062082
2024-12-28,18,"Spruce Pine Hospital","PM2.5","Mitchell",35.9124870008966,-82.062082
2024-12-29,7,"Spruce Pine Hospital","PM2.5","Mitchell",35.9124870008966,-82.062082
2024-12-30,31,"Spruce Pine Hospital","PM2.5","Mitchell",35.9124870008966,-82.062082
2024-12-31,39,"Spruce Pine Hospital","PM2.5","Mitchell",35.9124870008966,-82.062082
2024-01-01,28,"Candor: EPA CASTNet Site","PM2.5","Montgomery",35.2631650008898,-79.836636
2024-01-02,14,"Candor: EPA CASTNet Site","PM2.5","Montgomery",35.2631650008898,-79.836636
2024-01-03,43,"Candor: EPA CASTNet Site","PM2.5","Montgomery",35.2631650008898,-79.836636
2024-01-04,26,"Candor: EPA CASTNet Site","PM2.5","Montgomery",35.2631650008898,-79.836636
2024-01-05,44,"Candor: EPA CASTNet Site","PM2.5","Montgomery",35.2631650008898,-79.836636
2024-01-06,19,"Candor: EPA CASTNet Site","PM2.5","Montgomery",35.2631650008898,-79.836636
2024-01-07,8,"Candor: EPA CASTNet Site","PM2.5","Montgomery",35.2631650008898,-79.836636
2024-01-08,19,"Candor: EPA CASTNet Site","PM2.5","Montgomery",35.2631650008898,-79.836636
2024-01-09,26,"Candor: EPA CASTNet Site","PM2.5","Montgomery",35.2631650008898,-79.836636
2024-01-10,2,"Candor: EPA CASTNet Site","PM2.5","Montgomery",35.2631650008898,-79.836636
2024-01-11,20,"Candor: EPA CASTNet Site","PM2.5","Montgomery",35.2631650008898,-79.836636
2024-01-12,38,"Candor: EPA CASTNet Site","PM2.5","Montgomery",35.2631650008898,-79.836636
2024-01-13,3,"Candor: EPA CASTNet Site","PM2.5","Montgomery",35.2631650008898,-79.836636
2024-01-14,18,"Candor: EPA CASTNet Site","PM2.5","Montgomery",35.2631650008898,-79.836636
2024-01-15,31,"Candor: EPA CASTNet Site","PM2.5","Montgomery",35.2631650008898,-79.836636
2024-01-16,25,"Candor: EPA CASTNet Site","PM2.5","Montgomery",35.2631650008898,-79.836636
2024-01-17,12,"Candor: EPA CASTNet Site","PM2.5","Montgomery",35.2631650008898,-79.836636
2024-01-18,18,"Candor: EPA CASTNet Site","PM2.5","Montgomery",35.2631650008898,-79.836636
2024-01-19,22,"Candor: EPA CASTNet Site","PM2.5","Montgomery",35.2631650008898,-79.836636
2024-01-20,12,"Candor: EPA CASTNet Site","PM2.5","Montgomery",35.2631650008898,-79.836636
2024-01-21,13,"Candor: EPA CASTNet Site","PM2.5","Montgomery",35.2631650008898,-79.836636
2024-01-22,28,"Candor: EPA CASTNet Site","PM2.5","Montgomery",35.2631650008898,-79.836636
2024-01-23,57,"Candor: EPA CASTNet Site","PM2.5","Montgomery",35.2631650008898,-79.836636
2024-01-24,52,"Candor: EPA CASTNet Site","PM2.5","Montgomery",35.2631650008898,-79.836636
2024-01-25,14,"Candor: EPA CASTNet Site","PM2.5","Montgomery",35.2631650008898,-79.836636
2024-01-26,26,"Candor: EPA CASTNet Site","PM2.5","Montgomery",35.2631650008898,-79.836636
2024-01-27,42,"Candor: EPA CASTNet Site","PM2.5","Montgomery",35.2631650008898,-79.836636
2024-01-28,0,"Candor: EPA CASTNet Site","PM2.5","Montgomery",35.2631650008898,-79.836636
2024-01-29,0,"Candor: EPA CASTNet Site","PM2.5","Montgomery",35.2631650008898,-79.836636
2024-01-30,24,"Candor: EPA CASTNet Site","PM2.5","Montgomery",35.2631650008898,-79.836636
2024-01-31,42,"Candor: EPA CASTNet Site","PM2.5","Montgomery",35.2631650008898,-79.836636
2024-02-01,27,"Candor: EPA CASTNet Site","PM2.5","Montgomery",35.2631650008898,-79.836636
2024-02-02,46,"Candor: EPA CASTNet Site","PM2.5","Montgomery",35.2631650008898,-79.836636
2024-02-03,13,"Candor: EPA CASTNet Site","PM2.5","Montgomery",35.2631650008898,-79.836636
2024-02-15,55,"Candor: EPA CASTNet Site","PM2.5","Montgomery",35.2631650008898,-79.836636
2024-02-16,52,"Candor: EPA CASTNet Site","PM2.5","Montgomery",35.2631650008898,-79.836636
2024-02-17,36,"Candor: EPA CASTNet Site","PM2.5","Montgomery",35.2631650008898,-79.836636
2024-02-18,21,"Candor: EPA CASTNet Site","PM2.5","Montgomery",35.2631650008898,-79.836636
2024-02-19,25,"Candor: EPA CASTNet Site","PM2.5","Montgomery",35.2631650008898,-79.836636
2024-02-20,56,"Candor: EPA CASTNet Site","PM2.5","Montgomery",35.2631650008898,-79.836636
2024-02-21,55,"Candor: EPA CASTNet Site","PM2.5","Montgomery",35.2631650008898,-79.836636
2024-02-22,83,"Candor: EPA CASTNet Site","PM2.5","Montgomery",35.2631650008898,-79.836636
2024-02-23,63,"Candor: EPA CASTNet Site","PM2.5","Montgomery",35.2631650008898,-79.836636
2024-02-24,29,"Candor: EPA CASTNet Site","PM2.5","Montgomery",35.2631650008898,-79.836636
2024-02-25,17,"Candor: EPA CASTNet Site","PM2.5","Montgomery",35.2631650008898,-79.836636
2024-02-26,64,"Candor: EPA CASTNet Site","PM2.5","Montgomery",35.2631650008898,-79.836636
2024-02-27,56,"Candor: EPA CASTNet Site","PM2.5","Montgomery",35.2631650008898,-79.836636
2024-02-28,52,"Candor: EPA CASTNet Site","PM2.5","Montgomery",35.2631650008898,-79.836636
2024-02-29,2,"Candor: EPA CASTNet Site","PM2.5","Montgomery",35.2631650008898,-79.836636
2024-03-01,34,"Candor: EPA CASTNet Site","PM2.5","Montgomery",35.2631650008898,-79.836636
2024-03-02,19,"Candor: EPA CASTNet Site","PM2.5","Montgomery",35.2631650008898,-79.836636
2024-03-03,40,"Candor: EPA CASTNet Site","PM2.5","Montgomery",35.2631650008898,-79.836636
2024-03-04,39,"Candor: EPA CASTNet Site","PM2.5","Montgomery",35.2631650008898,-79.836636
2024-03-05,33,"Candor: EPA CASTNet Site","PM2.5","Montgomery",35.2631650008898,-79.836636
2024-03-06,51,"Candor: EPA CASTNet Site","PM2.5","Montgomery",35.2631650008898,-79.836636
2024-03-07,17,"Candor: EPA CASTNet Site","PM2.5","Montgomery",35.2631650008898,-79.836636
2024-03-08,33,"Candor: EPA CASTNet Site","PM2.5","Montgomery",35.2631650008898,-79.836636
2024-03-09,14,"Candor: EPA CASTNet Site","PM2.5","Montgomery",35.2631650008898,-79.836636
2024-03-10,4,"Candor: EPA CASTNet Site","PM2.5","Montgomery",35.2631650008898,-79.836636
2024-03-11,13,"Candor: EPA CASTNet Site","PM2.5","Montgomery",35.2631650008898,-79.836636
2024-03-12,37,"Candor: EPA CASTNet Site","PM2.5","Montgomery",35.2631650008898,-79.836636
2024-03-13,56,"Candor: EPA CASTNet Site","PM2.5","Montgomery",35.2631650008898,-79.836636
2024-03-14,74,"Candor: EPA CASTNet Site","PM2.5","Montgomery",35.2631650008898,-79.836636
2024-03-15,81,"Candor: EPA CASTNet Site","PM2.5","Montgomery",35.2631650008898,-79.836636
2024-03-16,53,"Candor: EPA CASTNet Site","PM2.5","Montgomery",35.2631650008898,-79.836636
2024-03-17,52,"Candor: EPA CASTNet Site","PM2.5","Montgomery",35.2631650008898,-79.836636
2024-03-18,24,"Candor: EPA CASTNet Site","PM2.5","Montgomery",35.2631650008898,-79.836636
2024-03-19,31,"Candor: EPA CASTNet Site","PM2.5","Montgomery",35.2631650008898,-79.836636
2024-03-20,61,"Candor: EPA CASTNet Site","PM2.5","Montgomery",35.2631650008898,-79.836636
2024-03-21,50,"Candor: EPA CASTNet Site","PM2.5","Montgomery",35.2631650008898,-79.836636
2024-03-22,64,"Candor: EPA CASTNet Site","PM2.5","Montgomery",35.2631650008898,-79.836636
2024-03-23,8,"Candor: EPA CASTNet Site","PM2.5","Montgomery",35.2631650008898,-79.836636
2024-03-24,13,"Candor: EPA CASTNet Site","PM2.5","Montgomery",35.2631650008898,-79.836636
2024-03-25,46,"Candor: EPA CASTNet Site","PM2.5","Montgomery",35.2631650008898,-79.836636
2024-03-26,63,"Candor: EPA CASTNet Site","PM2.5","Montgomery",35.2631650008898,-79.836636
2024-03-27,24,"Candor: EPA CASTNet Site","PM2.5","Montgomery",35.2631650008898,-79.836636
2024-03-28,17,"Candor: EPA CASTNet Site","PM2.5","Montgomery",35.2631650008898,-79.836636
2024-03-29,27,"Candor: EPA CASTNet Site","PM2.5","Montgomery",35.2631650008898,-79.836636
2024-03-30,59,"Candor: EPA CASTNet Site","PM2.5","Montgomery",35.2631650008898,-79.836636
2024-03-31,60,"Candor: EPA CASTNet Site","PM2.5","Montgomery",35.2631650008898,-79.836636
2024-04-01,55,"Candor: EPA CASTNet Site","PM2.5","Montgomery",35.2631650008898,-79.836636
2024-04-02,77,"Candor: EPA CASTNet Site","PM2.5","Montgomery",35.2631650008898,-79.836636
2024-04-03,30,"Candor: EPA CASTNet Site","PM2.5","Montgomery",35.2631650008898,-79.836636
2024-04-04,9,"Candor: EPA CASTNet Site","PM2.5","Montgomery",35.2631650008898,-79.836636
2024-04-05,14,"Candor: EPA CASTNet Site","PM2.5","Montgomery",35.2631650008898,-79.836636
2024-04-06,8,"Candor: EPA CASTNet Site","PM2.5","Montgomery",35.2631650008898,-79.836636
2024-04-07,21,"Candor: EPA CASTNet Site","PM2.5","Montgomery",35.2631650008898,-79.836636
2024-04-08,55,"Candor: EPA CASTNet Site","PM2.5","Montgomery",35.2631650008898,-79.836636
2024-04-09,53,"Candor: EPA CASTNet Site","PM2.5","Montgomery",35.2631650008898,-79.836636
2024-04-10,51,"Candor: EPA CASTNet Site","PM2.5","Montgomery",35.2631650008898,-79.836636
2024-04-11,23,"Candor: EPA CASTNet Site","PM2.5","Montgomery",35.2631650008898,-79.836636
2024-04-12,15,"Candor: EPA CASTNet Site","PM2.5","Montgomery",35.2631650008898,-79.836636
2024-04-13,19,"Candor: EPA CASTNet Site","PM2.5","Montgomery",35.2631650008898,-79.836636
2024-04-14,52,"Candor: EPA CASTNet Site","PM2.5","Montgomery",35.2631650008898,-79.836636
2024-04-15,57,"Candor: EPA CASTNet Site","PM2.5","Montgomery",35.2631650008898,-79.836636
2024-04-16,63,"Candor: EPA CASTNet Site","PM2.5","Montgomery",35.2631650008898,-79.836636
2024-04-17,61,"Candor: EPA CASTNet Site","PM2.5","Montgomery",35.2631650008898,-79.836636
2024-04-18,50,"Candor: EPA CASTNet Site","PM2.5","Montgomery",35.2631650008898,-79.836636
2024-04-19,64,"Candor: EPA CASTNet Site","PM2.5","Montgomery",35.2631650008898,-79.836636
2024-04-20,62,"Candor: EPA CASTNet Site","PM2.5","Montgomery",35.2631650008898,-79.836636
2024-04-21,19,"Candor: EPA CASTNet Site","PM2.5","Montgomery",35.2631650008898,-79.836636
2024-04-22,23,"Candor: EPA CASTNet Site","PM2.5","Montgomery",35.2631650008898,-79.836636
2024-04-23,34,"Candor: EPA CASTNet Site","PM2.5","Montgomery",35.2631650008898,-79.836636
2024-04-24,52,"Candor: EPA CASTNet Site","PM2.5","Montgomery",35.2631650008898,-79.836636
2024-04-25,63,"Candor: EPA CASTNet Site","PM2.5","Montgomery",35.2631650008898,-79.836636
2024-04-26,56,"Candor: EPA CASTNet Site","PM2.5","Montgomery",35.2631650008898,-79.836636
2024-04-27,46,"Candor: EPA CASTNet Site","PM2.5","Montgomery",35.2631650008898,-79.836636
2024-04-28,33,"Candor: EPA CASTNet Site","PM2.5","Montgomery",35.2631650008898,-79.836636
2024-04-29,39,"Candor: EPA CASTNet Site","PM2.5","Montgomery",35.2631650008898,-79.836636
2024-04-30,42,"Candor: EPA CASTNet Site","PM2.5","Montgomery",35.2631650008898,-79.836636
2024-05-01,51,"Candor: EPA CASTNet Site","PM2.5","Montgomery",35.2631650008898,-79.836636
2024-05-02,53,"Candor: EPA CASTNet Site","PM2.5","Montgomery",35.2631650008898,-79.836636
2024-05-03,55,"Candor: EPA CASTNet Site","PM2.5","Montgomery",35.2631650008898,-79.836636
2024-05-04,40,"Candor: EPA CASTNet Site","PM2.5","Montgomery",35.2631650008898,-79.836636
2024-05-05,22,"Candor: EPA CASTNet Site","PM2.5","Montgomery",35.2631650008898,-79.836636
2024-05-06,42,"Candor: EPA CASTNet Site","PM2.5","Montgomery",35.2631650008898,-79.836636
2024-05-07,52,"Candor: EPA CASTNet Site","PM2.5","Montgomery",35.2631650008898,-79.836636
2024-05-08,60,"Candor: EPA CASTNet Site","PM2.5","Montgomery",35.2631650008898,-79.836636
2024-05-09,25,"Candor: EPA CASTNet Site","PM2.5","Montgomery",35.2631650008898,-79.836636
2024-05-10,48,"Candor: EPA CASTNet Site","PM2.5","Montgomery",35.2631650008898,-79.836636
2024-05-11,22,"Candor: EPA CASTNet Site","PM2.5","Montgomery",35.2631650008898,-79.836636
2024-05-12,29,"Candor: EPA CASTNet Site","PM2.5","Montgomery",35.2631650008898,-79.836636
2024-05-13,48,"Candor: EPA CASTNet Site","PM2.5","Montgomery",35.2631650008898,-79.836636
2024-05-14,31,"Candor: EPA CASTNet Site","PM2.5","Montgomery",35.2631650008898,-79.836636
2024-05-15,24,"Candor: EPA CASTNet Site","PM2.5","Montgomery",35.2631650008898,-79.836636
2024-05-16,31,"Candor: EPA CASTNet Site","PM2.5","Montgomery",35.2631650008898,-79.836636
2024-05-17,47,"Candor: EPA CASTNet Site","PM2.5","Montgomery",35.2631650008898,-79.836636
2024-05-18,38,"Candor: EPA CASTNet Site","PM2.5","Montgomery",35.2631650008898,-79.836636
2024-05-19,14,"Candor: EPA CASTNet Site","PM2.5","Montgomery",35.2631650008898,-79.836636
2024-05-20,27,"Candor: EPA CASTNet Site","PM2.5","Montgomery",35.2631650008898,-79.836636
2024-05-21,50,"Candor: EPA CASTNet Site","PM2.5","Montgomery",35.2631650008898,-79.836636
2024-05-22,54,"Candor: EPA CASTNet Site","PM2.5","Montgomery",35.2631650008898,-79.836636
2024-05-23,58,"Candor: EPA CASTNet Site","PM2.5","Montgomery",35.2631650008898,-79.836636
2024-05-24,44,"Candor: EPA CASTNet Site","PM2.5","Montgomery",35.2631650008898,-79.836636
2024-05-25,48,"Candor: EPA CASTNet Site","PM2.5","Montgomery",35.2631650008898,-79.836636
2024-05-26,49,"Candor: EPA CASTNet Site","PM2.5","Montgomery",35.2631650008898,-79.836636
2024-05-27,49,"Candor: EPA CASTNet Site","PM2.5","Montgomery",35.2631650008898,-79.836636
2024-05-28,28,"Candor: EPA CASTNet Site","PM2.5","Montgomery",35.2631650008898,-79.836636
2024-05-29,43,"Candor: EPA CASTNet Site","PM2.5","Montgomery",35.2631650008898,-79.836636
2024-05-30,18,"Candor: EPA CASTNet Site","PM2.5","Montgomery",35.2631650008898,-79.836636
2024-05-31,23,"Candor: EPA CASTNet Site","PM2.5","Montgomery",35.2631650008898,-79.836636
2024-06-01,43,"Candor: EPA CASTNet Site","PM2.5","Montgomery",35.2631650008898,-79.836636
2024-06-02,40,"Candor: EPA CASTNet Site","PM2.5","Montgomery",35.2631650008898,-79.836636
2024-06-03,42,"Candor: EPA CASTNet Site","PM2.5","Montgomery",35.2631650008898,-79.836636
2024-06-04,37,"Candor: EPA CASTNet Site","PM2.5","Montgomery",35.2631650008898,-79.836636
2024-06-05,37,"Candor: EPA CASTNet Site","PM2.5","Montgomery",35.2631650008898,-79.836636
2024-06-06,36,"Candor: EPA CASTNet Site","PM2.5","Montgomery",35.2631650008898,-79.836636
2024-06-07,31,"Candor: EPA CASTNet Site","PM2.5","Montgomery",35.2631650008898,-79.836636
2024-06-08,31,"Candor: EPA CASTNet Site","PM2.5","Montgomery",35.2631650008898,-79.836636
2024-06-09,43,"Candor: EPA CASTNet Site","PM2.5","Montgomery",35.2631650008898,-79.836636
2024-06-10,29,"Candor: EPA CASTNet Site","PM2.5","Montgomery",35.2631650008898,-79.836636
2024-06-11,41,"Candor: EPA CASTNet Site","PM2.5","Montgomery",35.2631650008898,-79.836636
2024-06-12,54,"Candor: EPA CASTNet Site","PM2.5","Montgomery",35.2631650008898,-79.836636
2024-06-13,44,"Candor: EPA CASTNet Site","PM2.5","Montgomery",35.2631650008898,-79.836636
2024-06-14,55,"Candor: EPA CASTNet Site","PM2.5","Montgomery",35.2631650008898,-79.836636
2024-06-15,55,"Candor: EPA CASTNet Site","PM2.5","Montgomery",35.2631650008898,-79.836636
2024-06-16,51,"Candor: EPA CASTNet Site","PM2.5","Montgomery",35.2631650008898,-79.836636
2024-06-17,50,"Candor: EPA CASTNet Site","PM2.5","Montgomery",35.2631650008898,-79.836636
2024-06-18,40,"Candor: EPA CASTNet Site","PM2.5","Montgomery",35.2631650008898,-79.836636
2024-06-19,40,"Candor: EPA CASTNet Site","PM2.5","Montgomery",35.2631650008898,-79.836636
2024-06-20,36,"Candor: EPA CASTNet Site","PM2.5","Montgomery",35.2631650008898,-79.836636
2024-06-21,35,"Candor: EPA CASTNet Site","PM2.5","Montgomery",35.2631650008898,-79.836636
2024-06-22,28,"Candor: EPA CASTNet Site","PM2.5","Montgomery",35.2631650008898,-79.836636
2024-06-25,43,"Candor: EPA CASTNet Site","PM2.5","Montgomery",35.2631650008898,-79.836636
2024-06-26,61,"Candor: EPA CASTNet Site","PM2.5","Montgomery",35.2631650008898,-79.836636
2024-06-27,54,"Candor: EPA CASTNet Site","PM2.5","Montgomery",35.2631650008898,-79.836636
2024-06-28,53,"Candor: EPA CASTNet Site","PM2.5","Montgomery",35.2631650008898,-79.836636
2024-06-29,41,"Candor: EPA CASTNet Site","PM2.5","Montgomery",35.2631650008898,-79.836636
2024-06-30,46,"Candor: EPA CASTNet Site","PM2.5","Montgomery",35.2631650008898,-79.836636
2024-07-01,32,"Candor: EPA CASTNet Site","PM2.5","Montgomery",35.2631650008898,-79.836636
2024-07-02,32,"Candor: EPA CASTNet Site","PM2.5","Montgomery",35.2631650008898,-79.836636
2024-07-03,52,"Candor: EPA CASTNet Site","PM2.5","Montgomery",35.2631650008898,-79.836636
2024-07-04,53,"Candor: EPA CASTNet Site","PM2.5","Montgomery",35.2631650008898,-79.836636
2024-07-05,58,"Candor: EPA CASTNet Site","PM2.5","Montgomery",35.2631650008898,-79.836636
2024-07-06,51,"Candor: EPA CASTNet Site","PM2.5","Montgomery",35.2631650008898,-79.836636
2024-07-07,42,"Candor: EPA CASTNet Site","PM2.5","Montgomery",35.2631650008898,-79.836636
2024-07-08,24,"Candor: EPA CASTNet Site","PM2.5","Montgomery",35.2631650008898,-79.836636
2024-07-09,47,"Candor: EPA CASTNet Site","PM2.5","Montgomery",35.2631650008898,-79.836636
2024-07-10,35,"Candor: EPA CASTNet Site","PM2.5","Montgomery",35.2631650008898,-79.836636
2024-07-11,20,"Candor: EPA CASTNet Site","PM2.5","Montgomery",35.2631650008898,-79.836636
2024-07-12,47,"Candor: EPA CASTNet Site","PM2.5","Montgomery",35.2631650008898,-79.836636
2024-07-13,31,"Candor: EPA CASTNet Site","PM2.5","Montgomery",35.2631650008898,-79.836636
2024-07-14,56,"Candor: EPA CASTNet Site","PM2.5","Montgomery",35.2631650008898,-79.836636
2024-07-15,62,"Candor: EPA CASTNet Site","PM2.5","Montgomery",35.2631650008898,-79.836636
2024-07-16,59,"Candor: EPA CASTNet Site","PM2.5","Montgomery",35.2631650008898,-79.836636
2024-07-17,52,"Candor: EPA CASTNet Site","PM2.5","Montgomery",35.2631650008898,-79.836636
2024-07-18,53,"Candor: EPA CASTNet Site","PM2.5","Montgomery",35.2631650008898,-79.836636
2024-07-19,39,"Candor: EPA CASTNet Site","PM2.5","Montgomery",35.2631650008898,-79.836636
2024-07-20,24,"Candor: EPA CASTNet Site","PM2.5","Montgomery",35.2631650008898,-79.836636
2024-07-21,33,"Candor: EPA CASTNet Site","PM2.5","Montgomery",35.2631650008898,-79.836636
2024-07-22,27,"Candor: EPA CASTNet Site","PM2.5","Montgomery",35.2631650008898,-79.836636
2024-07-23,33,"Candor: EPA CASTNet Site","PM2.5","Montgomery",35.2631650008898,-79.836636
2024-07-24,30,"Candor: EPA CASTNet Site","PM2.5","Montgomery",35.2631650008898,-79.836636
2024-07-25,32,"Candor: EPA CASTNet Site","PM2.5","Montgomery",35.2631650008898,-79.836636
2024-07-26,37,"Candor: EPA CASTNet Site","PM2.5","Montgomery",35.2631650008898,-79.836636
2024-07-27,57,"Candor: EPA CASTNet Site","PM2.5","Montgomery",35.2631650008898,-79.836636
2024-07-28,55,"Candor: EPA CASTNet Site","PM2.5","Montgomery",35.2631650008898,-79.836636
2024-07-29,57,"Candor: EPA CASTNet Site","PM2.5","Montgomery",35.2631650008898,-79.836636
2024-07-30,53,"Candor: EPA CASTNet Site","PM2.5","Montgomery",35.2631650008898,-79.836636
2024-07-31,34,"Candor: EPA CASTNet Site","PM2.5","Montgomery",35.2631650008898,-79.836636
2024-08-01,48,"Candor: EPA CASTNet Site","PM2.5","Montgomery",35.2631650008898,-79.836636
2024-08-02,52,"Candor: EPA CASTNet Site","PM2.5","Montgomery",35.2631650008898,-79.836636
2024-08-03,53,"Candor: EPA CASTNet Site","PM2.5","Montgomery",35.2631650008898,-79.836636
2024-08-04,41,"Candor: EPA CASTNet Site","PM2.5","Montgomery",35.2631650008898,-79.836636
2024-08-05,19,"Candor: EPA CASTNet Site","PM2.5","Montgomery",35.2631650008898,-79.836636
2024-08-06,8,"Candor: EPA CASTNet Site","PM2.5","Montgomery",35.2631650008898,-79.836636
2024-08-07,14,"Candor: EPA CASTNet Site","PM2.5","Montgomery",35.2631650008898,-79.836636
2024-08-08,6,"Candor: EPA CASTNet Site","PM2.5","Montgomery",35.2631650008898,-79.836636
2024-08-09,21,"Candor: EPA CASTNet Site","PM2.5","Montgomery",35.2631650008898,-79.836636
2024-08-10,48,"Candor: EPA CASTNet Site","PM2.5","Montgomery",35.2631650008898,-79.836636
2024-08-11,51,"Candor: EPA CASTNet Site","PM2.5","Montgomery",35.2631650008898,-79.836636
2024-08-12,52,"Candor: EPA CASTNet Site","PM2.5","Montgomery",35.2631650008898,-79.836636
2024-08-13,53,"Candor: EPA CASTNet Site","PM2.5","Montgomery",35.2631650008898,-79.836636
2024-08-14,51,"Candor: EPA CASTNet Site","PM2.5","Montgomery",35.2631650008898,-79.836636
2024-08-15,52,"Candor: EPA CASTNet Site","PM2.5","Montgomery",35.2631650008898,-79.836636
2024-08-16,58,"Candor: EPA CASTNet Site","PM2.5","Montgomery",35.2631650008898,-79.836636
2024-08-17,57,"Candor: EPA CASTNet Site","PM2.5","Montgomery",35.2631650008898,-79.836636
2024-08-18,33,"Candor: EPA CASTNet Site","PM2.5","Montgomery",35.2631650008898,-79.836636
2024-08-21,46,"Candor: EPA CASTNet Site","PM2.5","Montgomery",35.2631650008898,-79.836636
2024-08-22,51,"Candor: EPA CASTNet Site","PM2.5","Montgomery",35.2631650008898,-79.836636
2024-08-23,53,"Candor: EPA CASTNet Site","PM2.5","Montgomery",35.2631650008898,-79.836636
2024-08-24,54,"Candor: EPA CASTNet Site","PM2.5","Montgomery",35.2631650008898,-79.836636
2024-08-25,56,"Candor: EPA CASTNet Site","PM2.5","Montgomery",35.2631650008898,-79.836636
2024-08-26,67,"Candor: EPA CASTNet Site","PM2.5","Montgomery",35.2631650008898,-79.836636
2024-08-27,67,"Candor: EPA CASTNet Site","PM2.5","Montgomery",35.2631650008898,-79.836636
2024-08-28,63,"Candor: EPA CASTNet Site","PM2.5","Montgomery",35.2631650008898,-79.836636
2024-08-29,62,"Candor: EPA CASTNet Site","PM2.5","Montgomery",35.2631650008898,-79.836636
2024-08-30,54,"Candor: EPA CASTNet Site","PM2.5","Montgomery",35.2631650008898,-79.836636
2024-08-31,51,"Candor: EPA CASTNet Site","PM2.5","Montgomery",35.2631650008898,-79.836636
2024-09-01,45,"Candor: EPA CASTNet Site","PM2.5","Montgomery",35.2631650008898,-79.836636
2024-09-02,40,"Candor: EPA CASTNet Site","PM2.5","Montgomery",35.2631650008898,-79.836636
2024-09-03,18,"Candor: EPA CASTNet Site","PM2.5","Montgomery",35.2631650008898,-79.836636
2024-09-04,33,"Candor: EPA CASTNet Site","PM2.5","Montgomery",35.2631650008898,-79.836636
2024-09-05,25,"Candor: EPA CASTNet Site","PM2.5","Montgomery",35.2631650008898,-79.836636
2024-09-06,38,"Candor: EPA CASTNet Site","PM2.5","Montgomery",35.2631650008898,-79.836636
2024-09-07,38,"Candor: EPA CASTNet Site","PM2.5","Montgomery",35.2631650008898,-79.836636
2024-09-08,16,"Candor: EPA CASTNet Site","PM2.5","Montgomery",35.2631650008898,-79.836636
2024-09-09,49,"Candor: EPA CASTNet Site","PM2.5","Montgomery",35.2631650008898,-79.836636
2024-09-10,40,"Candor: EPA CASTNet Site","PM2.5","Montgomery",35.2631650008898,-79.836636
2024-09-11,44,"Candor: EPA CASTNet Site","PM2.5","Montgomery",35.2631650008898,-79.836636
2024-09-12,49,"Candor: EPA CASTNet Site","PM2.5","Montgomery",35.2631650008898,-79.836636
2024-09-13,27,"Candor: EPA CASTNet Site","PM2.5","Montgomery",35.2631650008898,-79.836636
2024-09-14,32,"Candor: EPA CASTNet Site","PM2.5","Montgomery",35.2631650008898,-79.836636
2024-09-15,38,"Candor: EPA CASTNet Site","PM2.5","Montgomery",35.2631650008898,-79.836636
2024-09-16,25,"Candor: EPA CASTNet Site","PM2.5","Montgomery",35.2631650008898,-79.836636
2024-09-17,7,"Candor: EPA CASTNet Site","PM2.5","Montgomery",35.2631650008898,-79.836636
2024-09-18,53,"Candor: EPA CASTNet Site","PM2.5","Montgomery",35.2631650008898,-79.836636
2024-09-19,21,"Candor: EPA CASTNet Site","PM2.5","Montgomery",35.2631650008898,-79.836636
2024-09-20,19,"Candor: EPA CASTNet Site","PM2.5","Montgomery",35.2631650008898,-79.836636
2024-09-21,49,"Candor: EPA CASTNet Site","PM2.5","Montgomery",35.2631650008898,-79.836636
2024-09-22,53,"Candor: EPA CASTNet Site","PM2.5","Montgomery",35.2631650008898,-79.836636
2024-09-23,54,"Candor: EPA CASTNet Site","PM2.5","Montgomery",35.2631650008898,-79.836636
2024-09-24,50,"Candor: EPA CASTNet Site","PM2.5","Montgomery",35.2631650008898,-79.836636
2024-09-25,41,"Candor: EPA CASTNet Site","PM2.5","Montgomery",35.2631650008898,-79.836636
2024-09-26,21,"Candor: EPA CASTNet Site","PM2.5","Montgomery",35.2631650008898,-79.836636
2024-09-27,26,"Candor: EPA CASTNet Site","PM2.5","Montgomery",35.2631650008898,-79.836636
2024-09-28,52,"Candor: EPA CASTNet Site","PM2.5","Montgomery",35.2631650008898,-79.836636
2024-09-29,54,"Candor: EPA CASTNet Site","PM2.5","Montgomery",35.2631650008898,-79.836636
2024-09-30,56,"Candor: EPA CASTNet Site","PM2.5","Montgomery",35.2631650008898,-79.836636
2024-10-01,40,"Candor: EPA CASTNet Site","PM2.5","Montgomery",35.2631650008898,-79.836636
2024-10-02,25,"Candor: EPA CASTNet Site","PM2.5","Montgomery",35.2631650008898,-79.836636
2024-10-03,31,"Candor: EPA CASTNet Site","PM2.5","Montgomery",35.2631650008898,-79.836636
2024-10-09,31,"Candor: EPA CASTNet Site","PM2.5","Montgomery",35.2631650008898,-79.836636
2024-10-16,8,"Candor: EPA CASTNet Site","PM2.5","Montgomery",35.2631650008898,-79.836636
2024-10-17,16,"Candor: EPA CASTNet Site","PM2.5","Montgomery",35.2631650008898,-79.836636
2024-10-18,19,"Candor: EPA CASTNet Site","PM2.5","Montgomery",35.2631650008898,-79.836636
2024-10-19,28,"Candor: EPA CASTNet Site","PM2.5","Montgomery",35.2631650008898,-79.836636
2024-10-20,32,"Candor: EPA CASTNet Site","PM2.5","Montgomery",35.2631650008898,-79.836636
2024-10-21,38,"Candor: EPA CASTNet Site","PM2.5","Montgomery",35.2631650008898,-79.836636
2024-10-22,54,"Candor: EPA CASTNet Site","PM2.5","Montgomery",35.2631650008898,-79.836636
2024-10-23,56,"Candor: EPA CASTNet Site","PM2.5","Montgomery",35.2631650008898,-79.836636
2024-10-24,54,"Candor: EPA CASTNet Site","PM2.5","Montgomery",35.2631650008898,-79.836636
2024-10-25,54,"Candor: EPA CASTNet Site","PM2.5","Montgomery",35.2631650008898,-79.836636
2024-10-26,60,"Candor: EPA CASTNet Site","PM2.5","Montgomery",35.2631650008898,-79.836636
2024-10-27,26,"Candor: EPA CASTNet Site","PM2.5","Montgomery",35.2631650008898,-79.836636
2024-10-28,51,"Candor: EPA CASTNet Site","PM2.5","Montgomery",35.2631650008898,-79.836636
2024-10-29,55,"Candor: EPA CASTNet Site","PM2.5","Montgomery",35.2631650008898,-79.836636
2024-10-30,45,"Candor: EPA CASTNet Site","PM2.5","Montgomery",35.2631650008898,-79.836636
2024-10-31,39,"Candor: EPA CASTNet Site","PM2.5","Montgomery",35.2631650008898,-79.836636
2024-11-01,48,"Candor: EPA CASTNet Site","PM2.5","Montgomery",35.2631650008898,-79.836636
2024-11-02,53,"Candor: EPA CASTNet Site","PM2.5","Montgomery",35.2631650008898,-79.836636
2024-11-03,52,"Candor: EPA CASTNet Site","PM2.5","Montgomery",35.2631650008898,-79.836636
2024-11-04,47,"Candor: EPA CASTNet Site","PM2.5","Montgomery",35.2631650008898,-79.836636
2024-11-05,44,"Candor: EPA CASTNet Site","PM2.5","Montgomery",35.2631650008898,-79.836636
2024-11-06,43,"Candor: EPA CASTNet Site","PM2.5","Montgomery",35.2631650008898,-79.836636
2024-11-07,43,"Candor: EPA CASTNet Site","PM2.5","Montgomery",35.2631650008898,-79.836636
2024-11-08,47,"Candor: EPA CASTNet Site","PM2.5","Montgomery",35.2631650008898,-79.836636
2024-11-09,32,"Candor: EPA CASTNet Site","PM2.5","Montgomery",35.2631650008898,-79.836636
2024-11-10,39,"Candor: EPA CASTNet Site","PM2.5","Montgomery",35.2631650008898,-79.836636
2024-11-11,39,"Candor: EPA CASTNet Site","PM2.5","Montgomery",35.2631650008898,-79.836636
2024-11-12,25,"Candor: EPA CASTNet Site","PM2.5","Montgomery",35.2631650008898,-79.836636
2024-11-13,24,"Candor: EPA CASTNet Site","PM2.5","Montgomery",35.2631650008898,-79.836636
2024-11-14,26,"Candor: EPA CASTNet Site","PM2.5","Montgomery",35.2631650008898,-79.836636
2024-11-15,9,"Candor: EPA CASTNet Site","PM2.5","Montgomery",35.2631650008898,-79.836636
2024-11-16,18,"Candor: EPA CASTNet Site","PM2.5","Montgomery",35.2631650008898,-79.836636
2024-11-17,44,"Candor: EPA CASTNet Site","PM2.5","Montgomery",35.2631650008898,-79.836636
2024-11-18,53,"Candor: EPA CASTNet Site","PM2.5","Montgomery",35.2631650008898,-79.836636
2024-11-19,58,"Candor: EPA CASTNet Site","PM2.5","Montgomery",35.2631650008898,-79.836636
2024-11-20,52,"Candor: EPA CASTNet Site","PM2.5","Montgomery",35.2631650008898,-79.836636
2024-11-21,25,"Candor: EPA CASTNet Site","PM2.5","Montgomery",35.2631650008898,-79.836636
2024-11-22,12,"Candor: EPA CASTNet Site","PM2.5","Montgomery",35.2631650008898,-79.836636
2024-11-23,19,"Candor: EPA CASTNet Site","PM2.5","Montgomery",35.2631650008898,-79.836636
2024-11-24,60,"Candor: EPA CASTNet Site","PM2.5","Montgomery",35.2631650008898,-79.836636
2024-11-25,56,"Candor: EPA CASTNet Site","PM2.5","Montgomery",35.2631650008898,-79.836636
2024-11-26,50,"Candor: EPA CASTNet Site","PM2.5","Montgomery",35.2631650008898,-79.836636
2024-11-27,39,"Candor: EPA CASTNet Site","PM2.5","Montgomery",35.2631650008898,-79.836636
2024-11-28,59,"Candor: EPA CASTNet Site","PM2.5","Montgomery",35.2631650008898,-79.836636
2024-11-29,14,"Candor: EPA CASTNet Site","PM2.5","Montgomery",35.2631650008898,-79.836636
2024-11-30,11,"Candor: EPA CASTNet Site","PM2.5","Montgomery",35.2631650008898,-79.836636
2024-12-01,26,"Candor: EPA CASTNet Site","PM2.5","Montgomery",35.2631650008898,-79.836636
2024-12-02,14,"Candor: EPA CASTNet Site","PM2.5","Montgomery",35.2631650008898,-79.836636
2024-12-03,16,"Candor: EPA CASTNet Site","PM2.5","Montgomery",35.2631650008898,-79.836636
2024-12-04,41,"Candor: EPA CASTNet Site","PM2.5","Montgomery",35.2631650008898,-79.836636
2024-12-05,43,"Candor: EPA CASTNet Site","PM2.5","Montgomery",35.2631650008898,-79.836636
2024-12-06,9,"Candor: EPA CASTNet Site","PM2.5","Montgomery",35.2631650008898,-79.836636
2024-12-07,33,"Candor: EPA CASTNet Site","PM2.5","Montgomery",35.2631650008898,-79.836636
2024-12-08,44,"Candor: EPA CASTNet Site","PM2.5","Montgomery",35.2631650008898,-79.836636
2024-12-09,51,"Candor: EPA CASTNet Site","PM2.5","Montgomery",35.2631650008898,-79.836636
2024-12-10,45,"Candor: EPA CASTNet Site","PM2.5","Montgomery",35.2631650008898,-79.836636
2024-12-11,12,"Candor: EPA CASTNet Site","PM2.5","Montgomery",35.2631650008898,-79.836636
2024-12-12,14,"Candor: EPA CASTNet Site","PM2.5","Montgomery",35.2631650008898,-79.836636
2024-12-13,33,"Candor: EPA CASTNet Site","PM2.5","Montgomery",35.2631650008898,-79.836636
2024-12-14,46,"Candor: EPA CASTNet Site","PM2.5","Montgomery",35.2631650008898,-79.836636
2024-12-15,32,"Candor: EPA CASTNet Site","PM2.5","Montgomery",35.2631650008898,-79.836636
2024-12-16,32,"Candor: EPA CASTNet Site","PM2.5","Montgomery",35.2631650008898,-79.836636
2024-12-17,44,"Candor: EPA CASTNet Site","PM2.5","Montgomery",35.2631650008898,-79.836636
2024-12-18,44,"Candor: EPA CASTNet Site","PM2.5","Montgomery",35.2631650008898,-79.836636
2024-12-19,16,"Candor: EPA CASTNet Site","PM2.5","Montgomery",35.2631650008898,-79.836636
2024-12-20,28,"Candor: EPA CASTNet Site","PM2.5","Montgomery",35.2631650008898,-79.836636
2024-12-21,2,"Candor: EPA CASTNet Site","PM2.5","Montgomery",35.2631650008898,-79.836636
2024-12-22,19,"Candor: EPA CASTNet Site","PM2.5","Montgomery",35.2631650008898,-79.836636
2024-12-23,24,"Candor: EPA CASTNet Site","PM2.5","Montgomery",35.2631650008898,-79.836636
2024-12-24,34,"Candor: EPA CASTNet Site","PM2.5","Montgomery",35.2631650008898,-79.836636
2024-12-25,34,"Candor: EPA CASTNet Site","PM2.5","Montgomery",35.2631650008898,-79.836636
2024-12-26,42,"Candor: EPA CASTNet Site","PM2.5","Montgomery",35.2631650008898,-79.836636
2024-12-27,42,"Candor: EPA CASTNet Site","PM2.5","Montgomery",35.2631650008898,-79.836636
2024-12-28,39,"Candor: EPA CASTNet Site","PM2.5","Montgomery",35.2631650008898,-79.836636
2024-12-29,9,"Candor: EPA CASTNet Site","PM2.5","Montgomery",35.2631650008898,-79.836636
2024-12-30,12,"Candor: EPA CASTNet Site","PM2.5","Montgomery",35.2631650008898,-79.836636
2024-12-31,33,"Candor: EPA CASTNet Site","PM2.5","Montgomery",35.2631650008898,-79.836636
2024-01-01,48,"Castle Hayne","PM2.5","New Hanover",34.364167,-77.838611
2024-01-02,21,"Castle Hayne","PM2.5","New Hanover",34.364167,-77.838611
2024-01-03,46,"Castle Hayne","PM2.5","New Hanover",34.364167,-77.838611
2024-01-04,52,"Castle Hayne","PM2.5","New Hanover",34.364167,-77.838611
2024-01-05,40,"Castle Hayne","PM2.5","New Hanover",34.364167,-77.838611
2024-01-06,24,"Castle Hayne","PM2.5","New Hanover",34.364167,-77.838611
2024-01-07,23,"Castle Hayne","PM2.5","New Hanover",34.364167,-77.838611
2024-01-08,25,"Castle Hayne","PM2.5","New Hanover",34.364167,-77.838611
2024-01-09,29,"Castle Hayne","PM2.5","New Hanover",34.364167,-77.838611
2024-01-10,34,"Castle Hayne","PM2.5","New Hanover",34.364167,-77.838611
2024-01-11,33,"Castle Hayne","PM2.5","New Hanover",34.364167,-77.838611
2024-01-12,39,"Castle Hayne","PM2.5","New Hanover",34.364167,-77.838611
2024-01-13,32,"Castle Hayne","PM2.5","New Hanover",34.364167,-77.838611
2024-01-14,29,"Castle Hayne","PM2.5","New Hanover",34.364167,-77.838611
2024-01-15,22,"Castle Hayne","PM2.5","New Hanover",34.364167,-77.838611
2024-01-16,33,"Castle Hayne","PM2.5","New Hanover",34.364167,-77.838611
2024-01-17,43,"Castle Hayne","PM2.5","New Hanover",34.364167,-77.838611
2024-01-18,47,"Castle Hayne","PM2.5","New Hanover",34.364167,-77.838611
2024-01-19,41,"Castle Hayne","PM2.5","New Hanover",34.364167,-77.838611
2024-01-20,49,"Castle Hayne","PM2.5","New Hanover",34.364167,-77.838611
2024-01-21,33,"Castle Hayne","PM2.5","New Hanover",34.364167,-77.838611
2024-01-22,38,"Castle Hayne","PM2.5","New Hanover",34.364167,-77.838611
2024-01-23,25,"Castle Hayne","PM2.5","New Hanover",34.364167,-77.838611
2024-01-24,11,"Castle Hayne","PM2.5","New Hanover",34.364167,-77.838611
2024-01-25,8,"Castle Hayne","PM2.5","New Hanover",34.364167,-77.838611
2024-01-26,17,"Castle Hayne","PM2.5","New Hanover",34.364167,-77.838611
2024-01-27,29,"Castle Hayne","PM2.5","New Hanover",34.364167,-77.838611
2024-01-28,9,"Castle Hayne","PM2.5","New Hanover",34.364167,-77.838611
2024-01-29,18,"Castle Hayne","PM2.5","New Hanover",34.364167,-77.838611
2024-01-30,26,"Castle Hayne","PM2.5","New Hanover",34.364167,-77.838611
2024-01-31,34,"Castle Hayne","PM2.5","New Hanover",34.364167,-77.838611
2024-02-01,42,"Castle Hayne","PM2.5","New Hanover",34.364167,-77.838611
2024-02-02,54,"Castle Hayne","PM2.5","New Hanover",34.364167,-77.838611
2024-02-03,31,"Castle Hayne","PM2.5","New Hanover",34.364167,-77.838611
2024-02-04,47,"Castle Hayne","PM2.5","New Hanover",34.364167,-77.838611
2024-02-07,36,"Castle Hayne","PM2.5","New Hanover",34.364167,-77.838611
2024-02-08,40,"Castle Hayne","PM2.5","New Hanover",34.364167,-77.838611
2024-02-09,51,"Castle Hayne","PM2.5","New Hanover",34.364167,-77.838611
2024-02-10,41,"Castle Hayne","PM2.5","New Hanover",34.364167,-77.838611
2024-02-11,23,"Castle Hayne","PM2.5","New Hanover",34.364167,-77.838611
2024-02-12,12,"Castle Hayne","PM2.5","New Hanover",34.364167,-77.838611
2024-02-13,19,"Castle Hayne","PM2.5","New Hanover",34.364167,-77.838611
2024-02-14,35,"Castle Hayne","PM2.5","New Hanover",34.364167,-77.838611
2024-02-20,58,"Castle Hayne","PM2.5","New Hanover",34.364167,-77.838611
2024-02-21,25,"Castle Hayne","PM2.5","New Hanover",34.364167,-77.838611
2024-02-22,54,"Castle Hayne","PM2.5","New Hanover",34.364167,-77.838611
2024-02-23,43,"Castle Hayne","PM2.5","New Hanover",34.364167,-77.838611
2024-02-24,33,"Castle Hayne","PM2.5","New Hanover",34.364167,-77.838611
2024-02-25,33,"Castle Hayne","PM2.5","New Hanover",34.364167,-77.838611
2024-02-26,55,"Castle Hayne","PM2.5","New Hanover",34.364167,-77.838611
2024-02-27,38,"Castle Hayne","PM2.5","New Hanover",34.364167,-77.838611
2024-02-28,45,"Castle Hayne","PM2.5","New Hanover",34.364167,-77.838611
2024-02-29,21,"Castle Hayne","PM2.5","New Hanover",34.364167,-77.838611
2024-03-01,29,"Castle Hayne","PM2.5","New Hanover",34.364167,-77.838611
2024-03-02,12,"Castle Hayne","PM2.5","New Hanover",34.364167,-77.838611
2024-03-03,17,"Castle Hayne","PM2.5","New Hanover",34.364167,-77.838611
2024-03-04,12,"Castle Hayne","PM2.5","New Hanover",34.364167,-77.838611
2024-03-05,17,"Castle Hayne","PM2.5","New Hanover",34.364167,-77.838611
2024-03-06,17,"Castle Hayne","PM2.5","New Hanover",34.364167,-77.838611
2024-03-07,12,"Castle Hayne","PM2.5","New Hanover",34.364167,-77.838611
2024-03-08,15,"Castle Hayne","PM2.5","New Hanover",34.364167,-77.838611
2024-03-09,20,"Castle Hayne","PM2.5","New Hanover",34.364167,-77.838611
2024-03-10,15,"Castle Hayne","PM2.5","New Hanover",34.364167,-77.838611
2024-03-11,23,"Castle Hayne","PM2.5","New Hanover",34.364167,-77.838611
2024-03-12,47,"Castle Hayne","PM2.5","New Hanover",34.364167,-77.838611
2024-03-13,58,"Castle Hayne","PM2.5","New Hanover",34.364167,-77.838611
2024-03-14,72,"Castle Hayne","PM2.5","New Hanover",34.364167,-77.838611
2024-03-15,64,"Castle Hayne","PM2.5","New Hanover",34.364167,-77.838611
2024-03-16,50,"Castle Hayne","PM2.5","New Hanover",34.364167,-77.838611
2024-03-17,26,"Castle Hayne","PM2.5","New Hanover",34.364167,-77.838611
2024-03-18,27,"Castle Hayne","PM2.5","New Hanover",34.364167,-77.838611
2024-03-19,28,"Castle Hayne","PM2.5","New Hanover",34.364167,-77.838611
2024-03-20,57,"Castle Hayne","PM2.5","New Hanover",34.364167,-77.838611
2024-03-21,61,"Castle Hayne","PM2.5","New Hanover",34.364167,-77.838611
2024-03-22,22,"Castle Hayne","PM2.5","New Hanover",34.364167,-77.838611
2024-03-23,13,"Castle Hayne","PM2.5","New Hanover",34.364167,-77.838611
2024-03-24,24,"Castle Hayne","PM2.5","New Hanover",34.364167,-77.838611
2024-03-25,42,"Castle Hayne","PM2.5","New Hanover",34.364167,-77.838611
2024-03-26,43,"Castle Hayne","PM2.5","New Hanover",34.364167,-77.838611
2024-03-27,18,"Castle Hayne","PM2.5","New Hanover",34.364167,-77.838611
2024-03-28,17,"Castle Hayne","PM2.5","New Hanover",34.364167,-77.838611
2024-03-29,33,"Castle Hayne","PM2.5","New Hanover",34.364167,-77.838611
2024-03-30,37,"Castle Hayne","PM2.5","New Hanover",34.364167,-77.838611
2024-03-31,48,"Castle Hayne","PM2.5","New Hanover",34.364167,-77.838611
2024-04-01,44,"Castle Hayne","PM2.5","New Hanover",34.364167,-77.838611
2024-04-02,52,"Castle Hayne","PM2.5","New Hanover",34.364167,-77.838611
2024-04-03,46,"Castle Hayne","PM2.5","New Hanover",34.364167,-77.838611
2024-04-04,22,"Castle Hayne","PM2.5","New Hanover",34.364167,-77.838611
2024-04-05,19,"Castle Hayne","PM2.5","New Hanover",34.364167,-77.838611
2024-04-06,16,"Castle Hayne","PM2.5","New Hanover",34.364167,-77.838611
2024-04-07,18,"Castle Hayne","PM2.5","New Hanover",34.364167,-77.838611
2024-04-08,23,"Castle Hayne","PM2.5","New Hanover",34.364167,-77.838611
2024-04-09,28,"Castle Hayne","PM2.5","New Hanover",34.364167,-77.838611
2024-04-10,25,"Castle Hayne","PM2.5","New Hanover",34.364167,-77.838611
2024-04-11,28,"Castle Hayne","PM2.5","New Hanover",34.364167,-77.838611
2024-04-12,30,"Castle Hayne","PM2.5","New Hanover",34.364167,-77.838611
2024-04-13,19,"Castle Hayne","PM2.5","New Hanover",34.364167,-77.838611
2024-04-14,26,"Castle Hayne","PM2.5","New Hanover",34.364167,-77.838611
2024-04-15,49,"Castle Hayne","PM2.5","New Hanover",34.364167,-77.838611
2024-04-16,57,"Castle Hayne","PM2.5","New Hanover",34.364167,-77.838611
2024-04-17,42,"Castle Hayne","PM2.5","New Hanover",34.364167,-77.838611
2024-04-18,39,"Castle Hayne","PM2.5","New Hanover",34.364167,-77.838611
2024-04-19,39,"Castle Hayne","PM2.5","New Hanover",34.364167,-77.838611
2024-04-20,55,"Castle Hayne","PM2.5","New Hanover",34.364167,-77.838611
2024-04-21,34,"Castle Hayne","PM2.5","New Hanover",34.364167,-77.838611
2024-04-22,29,"Castle Hayne","PM2.5","New Hanover",34.364167,-77.838611
2024-04-23,36,"Castle Hayne","PM2.5","New Hanover",34.364167,-77.838611
2024-04-24,48,"Castle Hayne","PM2.5","New Hanover",34.364167,-77.838611
2024-04-25,56,"Castle Hayne","PM2.5","New Hanover",34.364167,-77.838611
2024-04-26,42,"Castle Hayne","PM2.5","New Hanover",34.364167,-77.838611
2024-04-27,21,"Castle Hayne","PM2.5","New Hanover",34.364167,-77.838611
2024-04-28,22,"Castle Hayne","PM2.5","New Hanover",34.364167,-77.838611
2024-04-29,20,"Castle Hayne","PM2.5","New Hanover",34.364167,-77.838611
2024-04-30,21,"Castle Hayne","PM2.5","New Hanover",34.364167,-77.838611
2024-05-01,21,"Castle Hayne","PM2.5","New Hanover",34.364167,-77.838611
2024-05-02,26,"Castle Hayne","PM2.5","New Hanover",34.364167,-77.838611
2024-05-03,19,"Castle Hayne","PM2.5","New Hanover",34.364167,-77.838611
2024-05-04,12,"Castle Hayne","PM2.5","New Hanover",34.364167,-77.838611
2024-05-05,5,"Castle Hayne","PM2.5","New Hanover",34.364167,-77.838611
2024-05-06,8,"Castle Hayne","PM2.5","New Hanover",34.364167,-77.838611
2024-05-07,23,"Castle Hayne","PM2.5","New Hanover",34.364167,-77.838611
2024-05-08,44,"Castle Hayne","PM2.5","New Hanover",34.364167,-77.838611
2024-05-09,23,"Castle Hayne","PM2.5","New Hanover",34.364167,-77.838611
2024-05-10,28,"Castle Hayne","PM2.5","New Hanover",34.364167,-77.838611
2024-05-11,23,"Castle Hayne","PM2.5","New Hanover",34.364167,-77.838611
2024-05-12,30,"Castle Hayne","PM2.5","New Hanover",34.364167,-77.838611
2024-05-13,25,"Castle Hayne","PM2.5","New Hanover",34.364167,-77.838611
2024-05-14,21,"Castle Hayne","PM2.5","New Hanover",34.364167,-77.838611
2024-05-15,34,"Castle Hayne","PM2.5","New Hanover",34.364167,-77.838611
2024-05-16,21,"Castle Hayne","PM2.5","New Hanover",34.364167,-77.838611
2024-05-17,29,"Castle Hayne","PM2.5","New Hanover",34.364167,-77.838611
2024-05-18,34,"Castle Hayne","PM2.5","New Hanover",34.364167,-77.838611
2024-05-19,8,"Castle Hayne","PM2.5","New Hanover",34.364167,-77.838611
2024-05-20,11,"Castle Hayne","PM2.5","New Hanover",34.364167,-77.838611
2024-05-21,6,"Castle Hayne","PM2.5","New Hanover",34.364167,-77.838611
2024-05-22,0,"Castle Hayne","PM2.5","New Hanover",34.364167,-77.838611
2024-05-23,13,"Castle Hayne","PM2.5","New Hanover",34.364167,-77.838611
2024-05-24,27,"Castle Hayne","PM2.5","New Hanover",34.364167,-77.838611
2024-05-25,34,"Castle Hayne","PM2.5","New Hanover",34.364167,-77.838611
2024-05-26,36,"Castle Hayne","PM2.5","New Hanover",34.364167,-77.838611
2024-05-27,51,"Castle Hayne","PM2.5","New Hanover",34.364167,-77.838611
2024-05-28,53,"Castle Hayne","PM2.5","New Hanover",34.364167,-77.838611
2024-05-29,43,"Castle Hayne","PM2.5","New Hanover",34.364167,-77.838611
2024-05-30,37,"Castle Hayne","PM2.5","New Hanover",34.364167,-77.838611
2024-05-31,41,"Castle Hayne","PM2.5","New Hanover",34.364167,-77.838611
2024-06-01,57,"Castle Hayne","PM2.5","New Hanover",34.364167,-77.838611
2024-06-02,18,"Castle Hayne","PM2.5","New Hanover",34.364167,-77.838611
2024-06-03,21,"Castle Hayne","PM2.5","New Hanover",34.364167,-77.838611
2024-06-04,18,"Castle Hayne","PM2.5","New Hanover",34.364167,-77.838611
2024-06-05,8,"Castle Hayne","PM2.5","New Hanover",34.364167,-77.838611
2024-06-06,22,"Castle Hayne","PM2.5","New Hanover",34.364167,-77.838611
2024-06-07,43,"Castle Hayne","PM2.5","New Hanover",34.364167,-77.838611
2024-06-08,37,"Castle Hayne","PM2.5","New Hanover",34.364167,-77.838611
2024-06-09,48,"Castle Hayne","PM2.5","New Hanover",34.364167,-77.838611
2024-06-10,44,"Castle Hayne","PM2.5","New Hanover",34.364167,-77.838611
2024-06-11,39,"Castle Hayne","PM2.5","New Hanover",34.364167,-77.838611
2024-06-12,23,"Castle Hayne","PM2.5","New Hanover",34.364167,-77.838611
2024-06-13,26,"Castle Hayne","PM2.5","New Hanover",34.364167,-77.838611
2024-06-14,29,"Castle Hayne","PM2.5","New Hanover",34.364167,-77.838611
2024-06-15,52,"Castle Hayne","PM2.5","New Hanover",34.364167,-77.838611
2024-06-16,17,"Castle Hayne","PM2.5","New Hanover",34.364167,-77.838611
2024-06-17,19,"Castle Hayne","PM2.5","New Hanover",34.364167,-77.838611
2024-06-18,15,"Castle Hayne","PM2.5","New Hanover",34.364167,-77.838611
2024-06-19,16,"Castle Hayne","PM2.5","New Hanover",34.364167,-77.838611
2024-06-20,17,"Castle Hayne","PM2.5","New Hanover",34.364167,-77.838611
2024-06-21,12,"Castle Hayne","PM2.5","New Hanover",34.364167,-77.838611
2024-06-22,14,"Castle Hayne","PM2.5","New Hanover",34.364167,-77.838611
2024-06-23,12,"Castle Hayne","PM2.5","New Hanover",34.364167,-77.838611
2024-06-24,39,"Castle Hayne","PM2.5","New Hanover",34.364167,-77.838611
2024-06-25,28,"Castle Hayne","PM2.5","New Hanover",34.364167,-77.838611
2024-06-26,6,"Castle Hayne","PM2.5","New Hanover",34.364167,-77.838611
2024-06-27,27,"Castle Hayne","PM2.5","New Hanover",34.364167,-77.838611
2024-06-28,29,"Castle Hayne","PM2.5","New Hanover",34.364167,-77.838611
2024-06-29,11,"Castle Hayne","PM2.5","New Hanover",34.364167,-77.838611
2024-06-30,8,"Castle Hayne","PM2.5","New Hanover",34.364167,-77.838611
2024-07-01,16,"Castle Hayne","PM2.5","New Hanover",34.364167,-77.838611
2024-07-02,7,"Castle Hayne","PM2.5","New Hanover",34.364167,-77.838611
2024-07-03,1,"Castle Hayne","PM2.5","New Hanover",34.364167,-77.838611
2024-07-04,6,"Castle Hayne","PM2.5","New Hanover",34.364167,-77.838611
2024-07-05,8,"Castle Hayne","PM2.5","New Hanover",34.364167,-77.838611
2024-07-06,19,"Castle Hayne","PM2.5","New Hanover",34.364167,-77.838611
2024-07-07,11,"Castle Hayne","PM2.5","New Hanover",34.364167,-77.838611
2024-07-08,3,"Castle Hayne","PM2.5","New Hanover",34.364167,-77.838611
2024-07-09,0,"Castle Hayne","PM2.5","New Hanover",34.364167,-77.838611
2024-07-10,0,"Castle Hayne","PM2.5","New Hanover",34.364167,-77.838611
2024-07-11,0,"Castle Hayne","PM2.5","New Hanover",34.364167,-77.838611
2024-07-12,14,"Castle Hayne","PM2.5","New Hanover",34.364167,-77.838611
2024-07-13,12,"Castle Hayne","PM2.5","New Hanover",34.364167,-77.838611
2024-07-14,41,"Castle Hayne","PM2.5","New Hanover",34.364167,-77.838611
2024-07-15,51,"Castle Hayne","PM2.5","New Hanover",34.364167,-77.838611
2024-07-16,44,"Castle Hayne","PM2.5","New Hanover",34.364167,-77.838611
2024-07-17,19,"Castle Hayne","PM2.5","New Hanover",34.364167,-77.838611
2024-07-18,20,"Castle Hayne","PM2.5","New Hanover",34.364167,-77.838611
2024-07-25,7,"Castle Hayne","PM2.5","New Hanover",34.364167,-77.838611
2024-07-26,0,"Castle Hayne","PM2.5","New Hanover",34.364167,-77.838611
2024-07-27,17,"Castle Hayne","PM2.5","New Hanover",34.364167,-77.838611
2024-07-28,33,"Castle Hayne","PM2.5","New Hanover",34.364167,-77.838611
2024-07-29,48,"Castle Hayne","PM2.5","New Hanover",34.364167,-77.838611
2024-07-30,25,"Castle Hayne","PM2.5","New Hanover",34.364167,-77.838611
2024-07-31,19,"Castle Hayne","PM2.5","New Hanover",34.364167,-77.838611
2024-08-01,39,"Castle Hayne","PM2.5","New Hanover",34.364167,-77.838611
2024-08-02,33,"Castle Hayne","PM2.5","New Hanover",34.364167,-77.838611
2024-08-03,39,"Castle Hayne","PM2.5","New Hanover",34.364167,-77.838611
2024-08-04,12,"Castle Hayne","PM2.5","New Hanover",34.364167,-77.838611
2024-08-06,7,"Castle Hayne","PM2.5","New Hanover",34.364167,-77.838611
2024-08-07,14,"Castle Hayne","PM2.5","New Hanover",34.364167,-77.838611
2024-08-08,33,"Castle Hayne","PM2.5","New Hanover",34.364167,-77.838611
2024-08-09,5,"Castle Hayne","PM2.5","New Hanover",34.364167,-77.838611
2024-08-10,52,"Castle Hayne","PM2.5","New Hanover",34.364167,-77.838611
2024-08-11,23,"Castle Hayne","PM2.5","New Hanover",34.364167,-77.838611
2024-08-12,28,"Castle Hayne","PM2.5","New Hanover",34.364167,-77.838611
2024-08-13,27,"Castle Hayne","PM2.5","New Hanover",34.364167,-77.838611
2024-08-15,44,"Castle Hayne","PM2.5","New Hanover",34.364167,-77.838611
2024-08-16,55,"Castle Hayne","PM2.5","New Hanover",34.364167,-77.838611
2024-08-17,56,"Castle Hayne","PM2.5","New Hanover",34.364167,-77.838611
2024-08-18,48,"Castle Hayne","PM2.5","New Hanover",34.364167,-77.838611
2024-08-19,25,"Castle Hayne","PM2.5","New Hanover",34.364167,-77.838611
2024-08-20,7,"Castle Hayne","PM2.5","New Hanover",34.364167,-77.838611
2024-08-21,25,"Castle Hayne","PM2.5","New Hanover",34.364167,-77.838611
2024-08-22,19,"Castle Hayne","PM2.5","New Hanover",34.364167,-77.838611
2024-08-23,25,"Castle Hayne","PM2.5","New Hanover",34.364167,-77.838611
2024-08-24,22,"Castle Hayne","PM2.5","New Hanover",34.364167,-77.838611
2024-08-25,11,"Castle Hayne","PM2.5","New Hanover",34.364167,-77.838611
2024-08-26,2,"Castle Hayne","PM2.5","New Hanover",34.364167,-77.838611
2024-08-27,3,"Castle Hayne","PM2.5","New Hanover",34.364167,-77.838611
2024-08-28,12,"Castle Hayne","PM2.5","New Hanover",34.364167,-77.838611
2024-08-29,9,"Castle Hayne","PM2.5","New Hanover",34.364167,-77.838611
2024-08-30,4,"Castle Hayne","PM2.5","New Hanover",34.364167,-77.838611
2024-08-31,6,"Castle Hayne","PM2.5","New Hanover",34.364167,-77.838611
2024-09-01,0,"Castle Hayne","PM2.5","New Hanover",34.364167,-77.838611
2024-09-02,1,"Castle Hayne","PM2.5","New Hanover",34.364167,-77.838611
2024-09-03,24,"Castle Hayne","PM2.5","New Hanover",34.364167,-77.838611
2024-09-04,12,"Castle Hayne","PM2.5","New Hanover",34.364167,-77.838611
2024-09-05,11,"Castle Hayne","PM2.5","New Hanover",34.364167,-77.838611
2024-09-06,12,"Castle Hayne","PM2.5","New Hanover",34.364167,-77.838611
2024-09-07,0,"Castle Hayne","PM2.5","New Hanover",34.364167,-77.838611
2024-09-08,12,"Castle Hayne","PM2.5","New Hanover",34.364167,-77.838611
2024-09-09,8,"Castle Hayne","PM2.5","New Hanover",34.364167,-77.838611
2024-09-10,13,"Castle Hayne","PM2.5","New Hanover",34.364167,-77.838611
2024-09-11,19,"Castle Hayne","PM2.5","New Hanover",34.364167,-77.838611
2024-09-12,18,"Castle Hayne","PM2.5","New Hanover",34.364167,-77.838611
2024-09-13,0,"Castle Hayne","PM2.5","New Hanover",34.364167,-77.838611
2024-09-14,0,"Castle Hayne","PM2.5","New Hanover",34.364167,-77.838611
2024-09-15,18,"Castle Hayne","PM2.5","New Hanover",34.364167,-77.838611
2024-09-16,2,"Castle Hayne","PM2.5","New Hanover",34.364167,-77.838611
2024-09-17,2,"Castle Hayne","PM2.5","New Hanover",34.364167,-77.838611
2024-09-18,13,"Castle Hayne","PM2.5","New Hanover",34.364167,-77.838611
2024-09-19,16,"Castle Hayne","PM2.5","New Hanover",34.364167,-77.838611
2024-09-20,8,"Castle Hayne","PM2.5","New Hanover",34.364167,-77.838611
2024-09-21,3,"Castle Hayne","PM2.5","New Hanover",34.364167,-77.838611
2024-09-22,12,"Castle Hayne","PM2.5","New Hanover",34.364167,-77.838611
2024-09-23,6,"Castle Hayne","PM2.5","New Hanover",34.364167,-77.838611
2024-09-24,8,"Castle Hayne","PM2.5","New Hanover",34.364167,-77.838611
2024-09-25,3,"Castle Hayne","PM2.5","New Hanover",34.364167,-77.838611
2024-09-26,0,"Castle Hayne","PM2.5","New Hanover",34.364167,-77.838611
2024-09-27,7,"Castle Hayne","PM2.5","New Hanover",34.364167,-77.838611
2024-09-28,7,"Castle Hayne","PM2.5","New Hanover",34.364167,-77.838611
2024-09-29,25,"Castle Hayne","PM2.5","New Hanover",34.364167,-77.838611
2024-09-30,17,"Castle Hayne","PM2.5","New Hanover",34.364167,-77.838611
2024-10-01,37,"Castle Hayne","PM2.5","New Hanover",34.364167,-77.838611
2024-10-02,0,"Castle Hayne","PM2.5","New Hanover",34.364167,-77.838611
2024-10-03,0,"Castle Hayne","PM2.5","New Hanover",34.364167,-77.838611
2024-10-04,4,"Castle Hayne","PM2.5","New Hanover",34.364167,-77.838611
2024-10-05,17,"Castle Hayne","PM2.5","New Hanover",34.364167,-77.838611
2024-10-06,29,"Castle Hayne","PM2.5","New Hanover",34.364167,-77.838611
2024-10-07,32,"Castle Hayne","PM2.5","New Hanover",34.364167,-77.838611
2024-10-08,49,"Castle Hayne","PM2.5","New Hanover",34.364167,-77.838611
2024-10-09,21,"Castle Hayne","PM2.5","New Hanover",34.364167,-77.838611
2024-10-10,19,"Castle Hayne","PM2.5","New Hanover",34.364167,-77.838611
2024-10-11,10,"Castle Hayne","PM2.5","New Hanover",34.364167,-77.838611
2024-10-12,31,"Castle Hayne","PM2.5","New Hanover",34.364167,-77.838611
2024-10-13,33,"Castle Hayne","PM2.5","New Hanover",34.364167,-77.838611
2024-10-14,42,"Castle Hayne","PM2.5","New Hanover",34.364167,-77.838611
2024-10-15,23,"Castle Hayne","PM2.5","New Hanover",34.364167,-77.838611
2024-10-16,19,"Castle Hayne","PM2.5","New Hanover",34.364167,-77.838611
2024-10-17,14,"Castle Hayne","PM2.5","New Hanover",34.364167,-77.838611
2024-10-18,22,"Castle Hayne","PM2.5","New Hanover",34.364167,-77.838611
2024-10-28,28,"Castle Hayne","PM2.5","New Hanover",34.364167,-77.838611
2024-10-29,25,"Castle Hayne","PM2.5","New Hanover",34.364167,-77.838611
2024-10-30,26,"Castle Hayne","PM2.5","New Hanover",34.364167,-77.838611
2024-10-31,13,"Castle Hayne","PM2.5","New Hanover",34.364167,-77.838611
2024-11-01,9,"Castle Hayne","PM2.5","New Hanover",34.364167,-77.838611
2024-11-02,39,"Castle Hayne","PM2.5","New Hanover",34.364167,-77.838611
2024-11-03,26,"Castle Hayne","PM2.5","New Hanover",34.364167,-77.838611
2024-11-09,36,"Castle Hayne","PM2.5","New Hanover",34.364167,-77.838611
2024-11-10,13,"Castle Hayne","PM2.5","New Hanover",34.364167,-77.838611
2024-11-11,14,"Castle Hayne","PM2.5","New Hanover",34.364167,-77.838611
2024-11-12,42,"Castle Hayne","PM2.5","New Hanover",34.364167,-77.838611
2024-11-13,33,"Castle Hayne","PM2.5","New Hanover",34.364167,-77.838611
2024-11-14,17,"Castle Hayne","PM2.5","New Hanover",34.364167,-77.838611
2024-11-15,16,"Castle Hayne","PM2.5","New Hanover",34.364167,-77.838611
2024-11-16,29,"Castle Hayne","PM2.5","New Hanover",34.364167,-77.838611
2024-11-17,42,"Castle Hayne","PM2.5","New Hanover",34.364167,-77.838611
2024-11-19,60,"Castle Hayne","PM2.5","New Hanover",34.364167,-77.838611
2024-11-20,37,"Castle Hayne","PM2.5","New Hanover",34.364167,-77.838611
2024-11-21,24,"Castle Hayne","PM2.5","New Hanover",34.364167,-77.838611
2024-11-22,33,"Castle Hayne","PM2.5","New Hanover",34.364167,-77.838611
2024-11-23,26,"Castle Hayne","PM2.5","New Hanover",34.364167,-77.838611
2024-11-24,42,"Castle Hayne","PM2.5","New Hanover",34.364167,-77.838611
2024-11-25,52,"Castle Hayne","PM2.5","New Hanover",34.364167,-77.838611
2024-11-26,40,"Castle Hayne","PM2.5","New Hanover",34.364167,-77.838611
2024-11-27,41,"Castle Hayne","PM2.5","New Hanover",34.364167,-77.838611
2024-11-28,36,"Castle Hayne","PM2.5","New Hanover",34.364167,-77.838611
2024-11-29,37,"Castle Hayne","PM2.5","New Hanover",34.364167,-77.838611
2024-11-30,34,"Castle Hayne","PM2.5","New Hanover",34.364167,-77.838611
2024-12-01,46,"Castle Hayne","PM2.5","New Hanover",34.364167,-77.838611
2024-12-02,37,"Castle Hayne","PM2.5","New Hanover",34.364167,-77.838611
2024-12-03,46,"Castle Hayne","PM2.5","New Hanover",34.364167,-77.838611
2024-12-04,47,"Castle Hayne","PM2.5","New Hanover",34.364167,-77.838611
2024-12-05,54,"Castle Hayne","PM2.5","New Hanover",34.364167,-77.838611
2024-12-06,47,"Castle Hayne","PM2.5","New Hanover",34.364167,-77.838611
2024-12-07,45,"Castle Hayne","PM2.5","New Hanover",34.364167,-77.838611
2024-12-08,49,"Castle Hayne","PM2.5","New Hanover",34.364167,-77.838611
2024-12-09,51,"Castle Hayne","PM2.5","New Hanover",34.364167,-77.838611
2024-12-10,22,"Castle Hayne","PM2.5","New Hanover",34.364167,-77.838611
2024-12-11,23,"Castle Hayne","PM2.5","New Hanover",34.364167,-77.838611
2024-12-12,42,"Castle Hayne","PM2.5","New Hanover",34.364167,-77.838611
2024-12-13,52,"Castle Hayne","PM2.5","New Hanover",34.364167,-77.838611
2024-12-14,39,"Castle Hayne","PM2.5","New Hanover",34.364167,-77.838611
2024-12-15,22,"Castle Hayne","PM2.5","New Hanover",34.364167,-77.838611
2024-12-16,19,"Castle Hayne","PM2.5","New Hanover",34.364167,-77.838611
2024-12-17,18,"Castle Hayne","PM2.5","New Hanover",34.364167,-77.838611
2024-12-18,16,"Castle Hayne","PM2.5","New Hanover",34.364167,-77.838611
2024-12-19,28,"Castle Hayne","PM2.5","New Hanover",34.364167,-77.838611
2024-12-20,39,"Castle Hayne","PM2.5","New Hanover",34.364167,-77.838611
2024-12-21,37,"Castle Hayne","PM2.5","New Hanover",34.364167,-77.838611
2024-12-22,33,"Castle Hayne","PM2.5","New Hanover",34.364167,-77.838611
2024-12-23,39,"Castle Hayne","PM2.5","New Hanover",34.364167,-77.838611
2024-12-24,22,"Castle Hayne","PM2.5","New Hanover",34.364167,-77.838611
2024-12-25,44,"Castle Hayne","PM2.5","New Hanover",34.364167,-77.838611
2024-12-26,41,"Castle Hayne","PM2.5","New Hanover",34.364167,-77.838611
2024-12-27,31,"Castle Hayne","PM2.5","New Hanover",34.364167,-77.838611
2024-12-28,13,"Castle Hayne","PM2.5","New Hanover",34.364167,-77.838611
2024-12-29,21,"Castle Hayne","PM2.5","New Hanover",34.364167,-77.838611
2024-12-30,26,"Castle Hayne","PM2.5","New Hanover",34.364167,-77.838611
2024-12-31,38,"Castle Hayne","PM2.5","New Hanover",34.364167,-77.838611
2024-01-01,41,"Castle Hayne","PM2.5","New Hanover",34.364167,-77.838611
2024-01-02,20,"Castle Hayne","PM2.5","New Hanover",34.364167,-77.838611
2024-01-03,38,"Castle Hayne","PM2.5","New Hanover",34.364167,-77.838611
2024-01-04,49,"Castle Hayne","PM2.5","New Hanover",34.364167,-77.838611
2024-01-05,29,"Castle Hayne","PM2.5","New Hanover",34.364167,-77.838611
2024-01-06,34,"Castle Hayne","PM2.5","New Hanover",34.364167,-77.838611
2024-01-07,21,"Castle Hayne","PM2.5","New Hanover",34.364167,-77.838611
2024-01-08,21,"Castle Hayne","PM2.5","New Hanover",34.364167,-77.838611
2024-01-09,48,"Castle Hayne","PM2.5","New Hanover",34.364167,-77.838611
2024-01-10,23,"Castle Hayne","PM2.5","New Hanover",34.364167,-77.838611
2024-01-11,26,"Castle Hayne","PM2.5","New Hanover",34.364167,-77.838611
2024-01-12,45,"Castle Hayne","PM2.5","New Hanover",34.364167,-77.838611
2024-01-13,26,"Castle Hayne","PM2.5","New Hanover",34.364167,-77.838611
2024-01-14,21,"Castle Hayne","PM2.5","New Hanover",34.364167,-77.838611
2024-01-15,22,"Castle Hayne","PM2.5","New Hanover",34.364167,-77.838611
2024-01-16,36,"Castle Hayne","PM2.5","New Hanover",34.364167,-77.838611
2024-01-17,29,"Castle Hayne","PM2.5","New Hanover",34.364167,-77.838611
2024-01-18,34,"Castle Hayne","PM2.5","New Hanover",34.364167,-77.838611
2024-01-19,33,"Castle Hayne","PM2.5","New Hanover",34.364167,-77.838611
2024-01-20,38,"Castle Hayne","PM2.5","New Hanover",34.364167,-77.838611
2024-01-21,22,"Castle Hayne","PM2.5","New Hanover",34.364167,-77.838611
2024-01-22,29,"Castle Hayne","PM2.5","New Hanover",34.364167,-77.838611
2024-01-23,22,"Castle Hayne","PM2.5","New Hanover",34.364167,-77.838611
2024-01-24,25,"Castle Hayne","PM2.5","New Hanover",34.364167,-77.838611
2024-01-25,23,"Castle Hayne","PM2.5","New Hanover",34.364167,-77.838611
2024-01-26,29,"Castle Hayne","PM2.5","New Hanover",34.364167,-77.838611
2024-01-27,32,"Castle Hayne","PM2.5","New Hanover",34.364167,-77.838611
2024-01-28,21,"Castle Hayne","PM2.5","New Hanover",34.364167,-77.838611
2024-01-29,12,"Castle Hayne","PM2.5","New Hanover",34.364167,-77.838611
2024-01-30,22,"Castle Hayne","PM2.5","New Hanover",34.364167,-77.838611
2024-01-31,29,"Castle Hayne","PM2.5","New Hanover",34.364167,-77.838611
2024-02-01,42,"Castle Hayne","PM2.5","New Hanover",34.364167,-77.838611
2024-02-02,51,"Castle Hayne","PM2.5","New Hanover",34.364167,-77.838611
2024-02-03,26,"Castle Hayne","PM2.5","New Hanover",34.364167,-77.838611
2024-02-04,40,"Castle Hayne","PM2.5","New Hanover",34.364167,-77.838611
2024-02-05,51,"Castle Hayne","PM2.5","New Hanover",34.364167,-77.838611
2024-02-06,24,"Castle Hayne","PM2.5","New Hanover",34.364167,-77.838611
2024-02-07,26,"Castle Hayne","PM2.5","New Hanover",34.364167,-77.838611
2024-02-08,32,"Castle Hayne","PM2.5","New Hanover",34.364167,-77.838611
2024-02-09,48,"Castle Hayne","PM2.5","New Hanover",34.364167,-77.838611
2024-02-10,43,"Castle Hayne","PM2.5","New Hanover",34.364167,-77.838611
2024-02-11,30,"Castle Hayne","PM2.5","New Hanover",34.364167,-77.838611
2024-02-12,24,"Castle Hayne","PM2.5","New Hanover",34.364167,-77.838611
2024-02-13,18,"Castle Hayne","PM2.5","New Hanover",34.364167,-77.838611
2024-02-14,26,"Castle Hayne","PM2.5","New Hanover",34.364167,-77.838611
2024-02-15,40,"Castle Hayne","PM2.5","New Hanover",34.364167,-77.838611
2024-02-16,36,"Castle Hayne","PM2.5","New Hanover",34.364167,-77.838611
2024-02-17,54,"Castle Hayne","PM2.5","New Hanover",34.364167,-77.838611
2024-02-18,24,"Castle Hayne","PM2.5","New Hanover",34.364167,-77.838611
2024-02-19,34,"Castle Hayne","PM2.5","New Hanover",34.364167,-77.838611
2024-02-20,61,"Castle Hayne","PM2.5","New Hanover",34.364167,-77.838611
2024-02-21,26,"Castle Hayne","PM2.5","New Hanover",34.364167,-77.838611
2024-02-22,57,"Castle Hayne","PM2.5","New Hanover",34.364167,-77.838611
2024-02-23,53,"Castle Hayne","PM2.5","New Hanover",34.364167,-77.838611
2024-02-24,32,"Castle Hayne","PM2.5","New Hanover",34.364167,-77.838611
2024-02-25,35,"Castle Hayne","PM2.5","New Hanover",34.364167,-77.838611
2024-02-26,58,"Castle Hayne","PM2.5","New Hanover",34.364167,-77.838611
2024-02-27,41,"Castle Hayne","PM2.5","New Hanover",34.364167,-77.838611
2024-02-28,48,"Castle Hayne","PM2.5","New Hanover",34.364167,-77.838611
2024-02-29,22,"Castle Hayne","PM2.5","New Hanover",34.364167,-77.838611
2024-03-01,31,"Castle Hayne","PM2.5","New Hanover",34.364167,-77.838611
2024-03-02,29,"Castle Hayne","PM2.5","New Hanover",34.364167,-77.838611
2024-03-03,27,"Castle Hayne","PM2.5","New Hanover",34.364167,-77.838611
2024-03-04,21,"Castle Hayne","PM2.5","New Hanover",34.364167,-77.838611
2024-03-05,22,"Castle Hayne","PM2.5","New Hanover",34.364167,-77.838611
2024-03-06,28,"Castle Hayne","PM2.5","New Hanover",34.364167,-77.838611
2024-03-07,23,"Castle Hayne","PM2.5","New Hanover",34.364167,-77.838611
2024-03-08,20,"Castle Hayne","PM2.5","New Hanover",34.364167,-77.838611
2024-03-09,39,"Castle Hayne","PM2.5","New Hanover",34.364167,-77.838611
2024-03-10,16,"Castle Hayne","PM2.5","New Hanover",34.364167,-77.838611
2024-03-11,17,"Castle Hayne","PM2.5","New Hanover",34.364167,-77.838611
2024-03-12,45,"Castle Hayne","PM2.5","New Hanover",34.364167,-77.838611
2024-03-13,60,"Castle Hayne","PM2.5","New Hanover",34.364167,-77.838611
2024-03-14,81,"Castle Hayne","PM2.5","New Hanover",34.364167,-77.838611
2024-03-15,73,"Castle Hayne","PM2.5","New Hanover",34.364167,-77.838611
2024-03-16,57,"Castle Hayne","PM2.5","New Hanover",34.364167,-77.838611
2024-03-17,40,"Castle Hayne","PM2.5","New Hanover",34.364167,-77.838611
2024-03-18,32,"Castle Hayne","PM2.5","New Hanover",34.364167,-77.838611
2024-03-19,29,"Castle Hayne","PM2.5","New Hanover",34.364167,-77.838611
2024-03-20,61,"Castle Hayne","PM2.5","New Hanover",34.364167,-77.838611
2024-03-21,69,"Castle Hayne","PM2.5","New Hanover",34.364167,-77.838611
2024-03-22,45,"Castle Hayne","PM2.5","New Hanover",34.364167,-77.838611
2024-03-23,34,"Castle Hayne","PM2.5","New Hanover",34.364167,-77.838611
2024-03-24,21,"Castle Hayne","PM2.5","New Hanover",34.364167,-77.838611
2024-03-25,42,"Castle Hayne","PM2.5","New Hanover",34.364167,-77.838611
2024-03-26,52,"Castle Hayne","PM2.5","New Hanover",34.364167,-77.838611
2024-03-27,31,"Castle Hayne","PM2.5","New Hanover",34.364167,-77.838611
2024-03-28,20,"Castle Hayne","PM2.5","New Hanover",34.364167,-77.838611
2024-03-29,37,"Castle Hayne","PM2.5","New Hanover",34.364167,-77.838611
2024-03-30,38,"Castle Hayne","PM2.5","New Hanover",34.364167,-77.838611
2024-03-31,53,"Castle Hayne","PM2.5","New Hanover",34.364167,-77.838611
2024-04-01,52,"Castle Hayne","PM2.5","New Hanover",34.364167,-77.838611
2024-04-02,57,"Castle Hayne","PM2.5","New Hanover",34.364167,-77.838611
2024-04-03,55,"Castle Hayne","PM2.5","New Hanover",34.364167,-77.838611
2024-04-04,18,"Castle Hayne","PM2.5","New Hanover",34.364167,-77.838611
2024-04-05,19,"Castle Hayne","PM2.5","New Hanover",34.364167,-77.838611
2024-04-06,15,"Castle Hayne","PM2.5","New Hanover",34.364167,-77.838611
2024-04-07,20,"Castle Hayne","PM2.5","New Hanover",34.364167,-77.838611
2024-04-08,26,"Castle Hayne","PM2.5","New Hanover",34.364167,-77.838611
2024-04-09,31,"Castle Hayne","PM2.5","New Hanover",34.364167,-77.838611
2024-04-10,36,"Castle Hayne","PM2.5","New Hanover",34.364167,-77.838611
2024-04-11,52,"Castle Hayne","PM2.5","New Hanover",34.364167,-77.838611
2024-04-12,28,"Castle Hayne","PM2.5","New Hanover",34.364167,-77.838611
2024-04-13,19,"Castle Hayne","PM2.5","New Hanover",34.364167,-77.838611
2024-04-14,28,"Castle Hayne","PM2.5","New Hanover",34.364167,-77.838611
2024-04-15,54,"Castle Hayne","PM2.5","New Hanover",34.364167,-77.838611
2024-04-16,59,"Castle Hayne","PM2.5","New Hanover",34.364167,-77.838611
2024-04-17,49,"Castle Hayne","PM2.5","New Hanover",34.364167,-77.838611
2024-04-18,47,"Castle Hayne","PM2.5","New Hanover",34.364167,-77.838611
2024-04-19,51,"Castle Hayne","PM2.5","New Hanover",34.364167,-77.838611
2024-04-20,59,"Castle Hayne","PM2.5","New Hanover",34.364167,-77.838611
2024-04-21,35,"Castle Hayne","PM2.5","New Hanover",34.364167,-77.838611
2024-04-22,28,"Castle Hayne","PM2.5","New Hanover",34.364167,-77.838611
2024-04-23,32,"Castle Hayne","PM2.5","New Hanover",34.364167,-77.838611
2024-04-24,53,"Castle Hayne","PM2.5","New Hanover",34.364167,-77.838611
2024-04-25,60,"Castle Hayne","PM2.5","New Hanover",34.364167,-77.838611
2024-04-26,50,"Castle Hayne","PM2.5","New Hanover",34.364167,-77.838611
2024-04-27,35,"Castle Hayne","PM2.5","New Hanover",34.364167,-77.838611
2024-04-28,33,"Castle Hayne","PM2.5","New Hanover",34.364167,-77.838611
2024-04-29,31,"Castle Hayne","PM2.5","New Hanover",34.364167,-77.838611
2024-04-30,35,"Castle Hayne","PM2.5","New Hanover",34.364167,-77.838611
2024-05-01,32,"Castle Hayne","PM2.5","New Hanover",34.364167,-77.838611
2024-05-02,33,"Castle Hayne","PM2.5","New Hanover",34.364167,-77.838611
2024-05-03,30,"Castle Hayne","PM2.5","New Hanover",34.364167,-77.838611
2024-05-04,24,"Castle Hayne","PM2.5","New Hanover",34.364167,-77.838611
2024-05-05,23,"Castle Hayne","PM2.5","New Hanover",34.364167,-77.838611
2024-05-06,26,"Castle Hayne","PM2.5","New Hanover",34.364167,-77.838611
2024-05-07,41,"Castle Hayne","PM2.5","New Hanover",34.364167,-77.838611
2024-05-08,52,"Castle Hayne","PM2.5","New Hanover",34.364167,-77.838611
2024-05-09,36,"Castle Hayne","PM2.5","New Hanover",34.364167,-77.838611
2024-05-10,34,"Castle Hayne","PM2.5","New Hanover",34.364167,-77.838611
2024-05-11,29,"Castle Hayne","PM2.5","New Hanover",34.364167,-77.838611
2024-05-12,32,"Castle Hayne","PM2.5","New Hanover",34.364167,-77.838611
2024-05-13,29,"Castle Hayne","PM2.5","New Hanover",34.364167,-77.838611
2024-05-14,46,"Castle Hayne","PM2.5","New Hanover",34.364167,-77.838611
2024-05-15,45,"Castle Hayne","PM2.5","New Hanover",34.364167,-77.838611
2024-05-16,33,"Castle Hayne","PM2.5","New Hanover",34.364167,-77.838611
2024-05-17,42,"Castle Hayne","PM2.5","New Hanover",34.364167,-77.838611
2024-05-18,47,"Castle Hayne","PM2.5","New Hanover",34.364167,-77.838611
2024-05-19,23,"Castle Hayne","PM2.5","New Hanover",34.364167,-77.838611
2024-05-20,22,"Castle Hayne","PM2.5","New Hanover",34.364167,-77.838611
2024-05-21,16,"Castle Hayne","PM2.5","New Hanover",34.364167,-77.838611
2024-05-22,15,"Castle Hayne","PM2.5","New Hanover",34.364167,-77.838611
2024-05-23,26,"Castle Hayne","PM2.5","New Hanover",34.364167,-77.838611
2024-05-24,38,"Castle Hayne","PM2.5","New Hanover",34.364167,-77.838611
2024-05-25,45,"Castle Hayne","PM2.5","New Hanover",34.364167,-77.838611
2024-05-26,48,"Castle Hayne","PM2.5","New Hanover",34.364167,-77.838611
2024-05-27,56,"Castle Hayne","PM2.5","New Hanover",34.364167,-77.838611
2024-05-28,57,"Castle Hayne","PM2.5","New Hanover",34.364167,-77.838611
2024-05-29,52,"Castle Hayne","PM2.5","New Hanover",34.364167,-77.838611
2024-05-30,39,"Castle Hayne","PM2.5","New Hanover",34.364167,-77.838611
2024-05-31,44,"Castle Hayne","PM2.5","New Hanover",34.364167,-77.838611
2024-06-01,62,"Castle Hayne","PM2.5","New Hanover",34.364167,-77.838611
2024-06-02,24,"Castle Hayne","PM2.5","New Hanover",34.364167,-77.838611
2024-06-03,24,"Castle Hayne","PM2.5","New Hanover",34.364167,-77.838611
2024-06-04,27,"Castle Hayne","PM2.5","New Hanover",34.364167,-77.838611
2024-06-05,26,"Castle Hayne","PM2.5","New Hanover",34.364167,-77.838611
2024-06-06,40,"Castle Hayne","PM2.5","New Hanover",34.364167,-77.838611
2024-06-07,52,"Castle Hayne","PM2.5","New Hanover",34.364167,-77.838611
2024-06-08,38,"Castle Hayne","PM2.5","New Hanover",34.364167,-77.838611
2024-06-09,50,"Castle Hayne","PM2.5","New Hanover",34.364167,-77.838611
2024-06-10,44,"Castle Hayne","PM2.5","New Hanover",34.364167,-77.838611
2024-06-11,48,"Castle Hayne","PM2.5","New Hanover",34.364167,-77.838611
2024-06-12,31,"Castle Hayne","PM2.5","New Hanover",34.364167,-77.838611
2024-06-13,34,"Castle Hayne","PM2.5","New Hanover",34.364167,-77.838611
2024-06-14,43,"Castle Hayne","PM2.5","New Hanover",34.364167,-77.838611
2024-06-15,56,"Castle Hayne","PM2.5","New Hanover",34.364167,-77.838611
2024-06-16,33,"Castle Hayne","PM2.5","New Hanover",34.364167,-77.838611
2024-06-17,33,"Castle Hayne","PM2.5","New Hanover",34.364167,-77.838611
2024-06-18,27,"Castle Hayne","PM2.5","New Hanover",34.364167,-77.838611
2024-06-19,33,"Castle Hayne","PM2.5","New Hanover",34.364167,-77.838611
2024-06-20,32,"Castle Hayne","PM2.5","New Hanover",34.364167,-77.838611
2024-06-21,30,"Castle Hayne","PM2.5","New Hanover",34.364167,-77.838611
2024-06-22,32,"Castle Hayne","PM2.5","New Hanover",34.364167,-77.838611
2024-06-23,28,"Castle Hayne","PM2.5","New Hanover",34.364167,-77.838611
2024-06-24,54,"Castle Hayne","PM2.5","New Hanover",34.364167,-77.838611
2024-06-25,44,"Castle Hayne","PM2.5","New Hanover",34.364167,-77.838611
2024-06-26,26,"Castle Hayne","PM2.5","New Hanover",34.364167,-77.838611
2024-06-27,45,"Castle Hayne","PM2.5","New Hanover",34.364167,-77.838611
2024-06-28,45,"Castle Hayne","PM2.5","New Hanover",34.364167,-77.838611
2024-06-29,27,"Castle Hayne","PM2.5","New Hanover",34.364167,-77.838611
2024-06-30,27,"Castle Hayne","PM2.5","New Hanover",34.364167,-77.838611
2024-07-01,36,"Castle Hayne","PM2.5","New Hanover",34.364167,-77.838611
2024-07-02,23,"Castle Hayne","PM2.5","New Hanover",34.364167,-77.838611
2024-07-03,24,"Castle Hayne","PM2.5","New Hanover",34.364167,-77.838611
2024-07-04,28,"Castle Hayne","PM2.5","New Hanover",34.364167,-77.838611
2024-07-05,34,"Castle Hayne","PM2.5","New Hanover",34.364167,-77.838611
2024-07-06,41,"Castle Hayne","PM2.5","New Hanover",34.364167,-77.838611
2024-07-07,36,"Castle Hayne","PM2.5","New Hanover",34.364167,-77.838611
2024-07-08,27,"Castle Hayne","PM2.5","New Hanover",34.364167,-77.838611
2024-07-09,25,"Castle Hayne","PM2.5","New Hanover",34.364167,-77.838611
2024-07-10,25,"Castle Hayne","PM2.5","New Hanover",34.364167,-77.838611
2024-07-11,29,"Castle Hayne","PM2.5","New Hanover",34.364167,-77.838611
2024-07-12,51,"Castle Hayne","PM2.5","New Hanover",34.364167,-77.838611
2024-07-13,37,"Castle Hayne","PM2.5","New Hanover",34.364167,-77.838611
2024-07-14,54,"Castle Hayne","PM2.5","New Hanover",34.364167,-77.838611
2024-07-15,61,"Castle Hayne","PM2.5","New Hanover",34.364167,-77.838611
2024-07-16,57,"Castle Hayne","PM2.5","New Hanover",34.364167,-77.838611
2024-07-17,43,"Castle Hayne","PM2.5","New Hanover",34.364167,-77.838611
2024-07-18,37,"Castle Hayne","PM2.5","New Hanover",34.364167,-77.838611
2024-07-25,37,"Castle Hayne","PM2.5","New Hanover",34.364167,-77.838611
2024-07-26,28,"Castle Hayne","PM2.5","New Hanover",34.364167,-77.838611
2024-07-27,47,"Castle Hayne","PM2.5","New Hanover",34.364167,-77.838611
2024-07-28,52,"Castle Hayne","PM2.5","New Hanover",34.364167,-77.838611
2024-07-29,58,"Castle Hayne","PM2.5","New Hanover",34.364167,-77.838611
2024-07-30,48,"Castle Hayne","PM2.5","New Hanover",34.364167,-77.838611
2024-07-31,39,"Castle Hayne","PM2.5","New Hanover",34.364167,-77.838611
2024-08-01,54,"Castle Hayne","PM2.5","New Hanover",34.364167,-77.838611
2024-08-02,49,"Castle Hayne","PM2.5","New Hanover",34.364167,-77.838611
2024-08-03,45,"Castle Hayne","PM2.5","New Hanover",34.364167,-77.838611
2024-08-04,31,"Castle Hayne","PM2.5","New Hanover",34.364167,-77.838611
2024-08-06,43,"Castle Hayne","PM2.5","New Hanover",34.364167,-77.838611
2024-08-07,52,"Castle Hayne","PM2.5","New Hanover",34.364167,-77.838611
2024-08-08,55,"Castle Hayne","PM2.5","New Hanover",34.364167,-77.838611
2024-08-09,41,"Castle Hayne","PM2.5","New Hanover",34.364167,-77.838611
2024-08-10,61,"Castle Hayne","PM2.5","New Hanover",34.364167,-77.838611
2024-08-11,51,"Castle Hayne","PM2.5","New Hanover",34.364167,-77.838611
2024-08-12,51,"Castle Hayne","PM2.5","New Hanover",34.364167,-77.838611
2024-08-13,45,"Castle Hayne","PM2.5","New Hanover",34.364167,-77.838611
2024-08-15,58,"Castle Hayne","PM2.5","New Hanover",34.364167,-77.838611
2024-08-16,67,"Castle Hayne","PM2.5","New Hanover",34.364167,-77.838611
2024-08-17,66,"Castle Hayne","PM2.5","New Hanover",34.364167,-77.838611
2024-08-18,58,"Castle Hayne","PM2.5","New Hanover",34.364167,-77.838611
2024-08-19,49,"Castle Hayne","PM2.5","New Hanover",34.364167,-77.838611
2024-08-20,29,"Castle Hayne","PM2.5","New Hanover",34.364167,-77.838611
2024-08-21,41,"Castle Hayne","PM2.5","New Hanover",34.364167,-77.838611
2024-08-22,29,"Castle Hayne","PM2.5","New Hanover",34.364167,-77.838611
2024-08-23,37,"Castle Hayne","PM2.5","New Hanover",34.364167,-77.838611
2024-08-24,38,"Castle Hayne","PM2.5","New Hanover",34.364167,-77.838611
2024-08-25,30,"Castle Hayne","PM2.5","New Hanover",34.364167,-77.838611
2024-08-26,25,"Castle Hayne","PM2.5","New Hanover",34.364167,-77.838611
2024-08-27,25,"Castle Hayne","PM2.5","New Hanover",34.364167,-77.838611
2024-08-28,33,"Castle Hayne","PM2.5","New Hanover",34.364167,-77.838611
2024-08-29,32,"Castle Hayne","PM2.5","New Hanover",34.364167,-77.838611
2024-08-30,27,"Castle Hayne","PM2.5","New Hanover",34.364167,-77.838611
2024-08-31,34,"Castle Hayne","PM2.5","New Hanover",34.364167,-77.838611
2024-09-01,27,"Castle Hayne","PM2.5","New Hanover",34.364167,-77.838611
2024-09-02,22,"Castle Hayne","PM2.5","New Hanover",34.364167,-77.838611
2024-09-03,44,"Castle Hayne","PM2.5","New Hanover",34.364167,-77.838611
2024-09-04,33,"Castle Hayne","PM2.5","New Hanover",34.364167,-77.838611
2024-09-05,36,"Castle Hayne","PM2.5","New Hanover",34.364167,-77.838611
2024-09-06,36,"Castle Hayne","PM2.5","New Hanover",34.364167,-77.838611
2024-09-07,23,"Castle Hayne","PM2.5","New Hanover",34.364167,-77.838611
2024-09-08,27,"Castle Hayne","PM2.5","New Hanover",34.364167,-77.838611
2024-09-09,21,"Castle Hayne","PM2.5","New Hanover",34.364167,-77.838611
2024-09-10,23,"Castle Hayne","PM2.5","New Hanover",34.364167,-77.838611
2024-09-11,31,"Castle Hayne","PM2.5","New Hanover",34.364167,-77.838611
2024-09-12,39,"Castle Hayne","PM2.5","New Hanover",34.364167,-77.838611
2024-09-13,24,"Castle Hayne","PM2.5","New Hanover",34.364167,-77.838611
2024-09-14,31,"Castle Hayne","PM2.5","New Hanover",34.364167,-77.838611
2024-09-15,53,"Castle Hayne","PM2.5","New Hanover",34.364167,-77.838611
2024-09-18,41,"Castle Hayne","PM2.5","New Hanover",34.364167,-77.838611
2024-09-19,36,"Castle Hayne","PM2.5","New Hanover",34.364167,-77.838611
2024-09-20,33,"Castle Hayne","PM2.5","New Hanover",34.364167,-77.838611
2024-09-21,26,"Castle Hayne","PM2.5","New Hanover",34.364167,-77.838611
2024-09-22,36,"Castle Hayne","PM2.5","New Hanover",34.364167,-77.838611
2024-09-23,36,"Castle Hayne","PM2.5","New Hanover",34.364167,-77.838611
2024-09-24,39,"Castle Hayne","PM2.5","New Hanover",34.364167,-77.838611
2024-09-25,34,"Castle Hayne","PM2.5","New Hanover",34.364167,-77.838611
2024-09-26,23,"Castle Hayne","PM2.5","New Hanover",34.364167,-77.838611
2024-09-27,46,"Castle Hayne","PM2.5","New Hanover",34.364167,-77.838611
2024-09-28,34,"Castle Hayne","PM2.5","New Hanover",34.364167,-77.838611
2024-09-29,41,"Castle Hayne","PM2.5","New Hanover",34.364167,-77.838611
2024-09-30,36,"Castle Hayne","PM2.5","New Hanover",34.364167,-77.838611
2024-10-01,52,"Castle Hayne","PM2.5","New Hanover",34.364167,-77.838611
2024-10-02,27,"Castle Hayne","PM2.5","New Hanover",34.364167,-77.838611
2024-10-03,27,"Castle Hayne","PM2.5","New Hanover",34.364167,-77.838611
2024-10-04,31,"Castle Hayne","PM2.5","New Hanover",34.364167,-77.838611
2024-10-05,37,"Castle Hayne","PM2.5","New Hanover",34.364167,-77.838611
2024-10-06,44,"Castle Hayne","PM2.5","New Hanover",34.364167,-77.838611
2024-10-07,51,"Castle Hayne","PM2.5","New Hanover",34.364167,-77.838611
2024-10-08,56,"Castle Hayne","PM2.5","New Hanover",34.364167,-77.838611
2024-10-09,31,"Castle Hayne","PM2.5","New Hanover",34.364167,-77.838611
2024-10-10,24,"Castle Hayne","PM2.5","New Hanover",34.364167,-77.838611
2024-10-11,17,"Castle Hayne","PM2.5","New Hanover",34.364167,-77.838611
2024-10-12,33,"Castle Hayne","PM2.5","New Hanover",34.364167,-77.838611
2024-10-13,40,"Castle Hayne","PM2.5","New Hanover",34.364167,-77.838611
2024-10-14,54,"Castle Hayne","PM2.5","New Hanover",34.364167,-77.838611
2024-10-15,27,"Castle Hayne","PM2.5","New Hanover",34.364167,-77.838611
2024-10-16,24,"Castle Hayne","PM2.5","New Hanover",34.364167,-77.838611
2024-10-17,18,"Castle Hayne","PM2.5","New Hanover",34.364167,-77.838611
2024-10-18,24,"Castle Hayne","PM2.5","New Hanover",34.364167,-77.838611
2024-10-19,27,"Castle Hayne","PM2.5","New Hanover",34.364167,-77.838611
2024-10-20,24,"Castle Hayne","PM2.5","New Hanover",34.364167,-77.838611
2024-10-21,28,"Castle Hayne","PM2.5","New Hanover",34.364167,-77.838611
2024-10-22,37,"Castle Hayne","PM2.5","New Hanover",34.364167,-77.838611
2024-10-23,36,"Castle Hayne","PM2.5","New Hanover",34.364167,-77.838611
2024-10-24,58,"Castle Hayne","PM2.5","New Hanover",34.364167,-77.838611
2024-10-25,46,"Castle Hayne","PM2.5","New Hanover",34.364167,-77.838611
2024-10-26,58,"Castle Hayne","PM2.5","New Hanover",34.364167,-77.838611
2024-10-27,31,"Castle Hayne","PM2.5","New Hanover",34.364167,-77.838611
2024-10-28,28,"Castle Hayne","PM2.5","New Hanover",34.364167,-77.838611
2024-10-29,25,"Castle Hayne","PM2.5","New Hanover",34.364167,-77.838611
2024-10-30,28,"Castle Hayne","PM2.5","New Hanover",34.364167,-77.838611
2024-10-31,22,"Castle Hayne","PM2.5","New Hanover",34.364167,-77.838611
2024-11-01,23,"Castle Hayne","PM2.5","New Hanover",34.364167,-77.838611
2024-11-02,37,"Castle Hayne","PM2.5","New Hanover",34.364167,-77.838611
2024-11-03,23,"Castle Hayne","PM2.5","New Hanover",34.364167,-77.838611
2024-11-04,25,"Castle Hayne","PM2.5","New Hanover",34.364167,-77.838611
2024-11-05,27,"Castle Hayne","PM2.5","New Hanover",34.364167,-77.838611
2024-11-06,28,"Castle Hayne","PM2.5","New Hanover",34.364167,-77.838611
2024-11-07,32,"Castle Hayne","PM2.5","New Hanover",34.364167,-77.838611
2024-11-08,37,"Castle Hayne","PM2.5","New Hanover",34.364167,-77.838611
2024-11-09,36,"Castle Hayne","PM2.5","New Hanover",34.364167,-77.838611
2024-11-10,24,"Castle Hayne","PM2.5","New Hanover",34.364167,-77.838611
2024-11-11,30,"Castle Hayne","PM2.5","New Hanover",34.364167,-77.838611
2024-11-12,37,"Castle Hayne","PM2.5","New Hanover",34.364167,-77.838611
2024-11-13,24,"Castle Hayne","PM2.5","New Hanover",34.364167,-77.838611
2024-11-14,22,"Castle Hayne","PM2.5","New Hanover",34.364167,-77.838611
2024-11-15,18,"Castle Hayne","PM2.5","New Hanover",34.364167,-77.838611
2024-11-16,28,"Castle Hayne","PM2.5","New Hanover",34.364167,-77.838611
2024-11-17,37,"Castle Hayne","PM2.5","New Hanover",34.364167,-77.838611
2024-11-19,61,"Castle Hayne","PM2.5","New Hanover",34.364167,-77.838611
2024-11-20,41,"Castle Hayne","PM2.5","New Hanover",34.364167,-77.838611
2024-11-21,14,"Castle Hayne","PM2.5","New Hanover",34.364167,-77.838611
2024-11-22,17,"Castle Hayne","PM2.5","New Hanover",34.364167,-77.838611
2024-11-23,13,"Castle Hayne","PM2.5","New Hanover",34.364167,-77.838611
2024-11-24,23,"Castle Hayne","PM2.5","New Hanover",34.364167,-77.838611
2024-11-25,40,"Castle Hayne","PM2.5","New Hanover",34.364167,-77.838611
2024-11-26,38,"Castle Hayne","PM2.5","New Hanover",34.364167,-77.838611
2024-11-27,43,"Castle Hayne","PM2.5","New Hanover",34.364167,-77.838611
2024-11-28,35,"Castle Hayne","PM2.5","New Hanover",34.364167,-77.838611
2024-11-29,24,"Castle Hayne","PM2.5","New Hanover",34.364167,-77.838611
2024-11-30,24,"Castle Hayne","PM2.5","New Hanover",34.364167,-77.838611
2024-12-01,30,"Castle Hayne","PM2.5","New Hanover",34.364167,-77.838611
2024-12-02,25,"Castle Hayne","PM2.5","New Hanover",34.364167,-77.838611
2024-12-03,26,"Castle Hayne","PM2.5","New Hanover",34.364167,-77.838611
2024-12-04,33,"Castle Hayne","PM2.5","New Hanover",34.364167,-77.838611
2024-12-05,47,"Castle Hayne","PM2.5","New Hanover",34.364167,-77.838611
2024-12-06,25,"Castle Hayne","PM2.5","New Hanover",34.364167,-77.838611
2024-12-07,28,"Castle Hayne","PM2.5","New Hanover",34.364167,-77.838611
2024-12-08,34,"Castle Hayne","PM2.5","New Hanover",34.364167,-77.838611
2024-12-09,38,"Castle Hayne","PM2.5","New Hanover",34.364167,-77.838611
2024-12-10,27,"Castle Hayne","PM2.5","New Hanover",34.364167,-77.838611
2024-12-11,26,"Castle Hayne","PM2.5","New Hanover",34.364167,-77.838611
2024-12-12,22,"Castle Hayne","PM2.5","New Hanover",34.364167,-77.838611
2024-12-13,32,"Castle Hayne","PM2.5","New Hanover",34.364167,-77.838611
2024-12-14,25,"Castle Hayne","PM2.5","New Hanover",34.364167,-77.838611
2024-12-15,21,"Castle Hayne","PM2.5","New Hanover",34.364167,-77.838611
2024-12-16,20,"Castle Hayne","PM2.5","New Hanover",34.364167,-77.838611
2024-12-17,20,"Castle Hayne","PM2.5","New Hanover",34.364167,-77.838611
2024-12-18,18,"Castle Hayne","PM2.5","New Hanover",34.364167,-77.838611
2024-12-19,23,"Castle Hayne","PM2.5","New Hanover",34.364167,-77.838611
2024-12-20,35,"Castle Hayne","PM2.5","New Hanover",34.364167,-77.838611
2024-12-21,29,"Castle Hayne","PM2.5","New Hanover",34.364167,-77.838611
2024-12-22,20,"Castle Hayne","PM2.5","New Hanover",34.364167,-77.838611
2024-12-23,24,"Castle Hayne","PM2.5","New Hanover",34.364167,-77.838611
2024-12-24,18,"Castle Hayne","PM2.5","New Hanover",34.364167,-77.838611
2024-12-25,31,"Castle Hayne","PM2.5","New Hanover",34.364167,-77.838611
2024-12-26,31,"Castle Hayne","PM2.5","New Hanover",34.364167,-77.838611
2024-12-27,31,"Castle Hayne","PM2.5","New Hanover",34.364167,-77.838611
2024-12-28,21,"Castle Hayne","PM2.5","New Hanover",34.364167,-77.838611
2024-12-29,22,"Castle Hayne","PM2.5","New Hanover",34.364167,-77.838611
2024-12-30,24,"Castle Hayne","PM2.5","New Hanover",34.364167,-77.838611
2024-12-31,33,"Castle Hayne","PM2.5","New Hanover",34.364167,-77.838611
2024-01-01,53,"Northampton County","PM2.5","Northampton",36.5117080009026,-77.655389
2024-01-02,6,"Northampton County","PM2.5","Northampton",36.5117080009026,-77.655389
2024-01-03,25,"Northampton County","PM2.5","Northampton",36.5117080009026,-77.655389
2024-01-04,27,"Northampton County","PM2.5","Northampton",36.5117080009026,-77.655389
2024-01-05,13,"Northampton County","PM2.5","Northampton",36.5117080009026,-77.655389
2024-01-06,17,"Northampton County","PM2.5","Northampton",36.5117080009026,-77.655389
2024-01-07,8,"Northampton County","PM2.5","Northampton",36.5117080009026,-77.655389
2024-01-08,13,"Northampton County","PM2.5","Northampton",36.5117080009026,-77.655389
2024-01-09,19,"Northampton County","PM2.5","Northampton",36.5117080009026,-77.655389
2024-01-10,0,"Northampton County","PM2.5","Northampton",36.5117080009026,-77.655389
2024-01-11,21,"Northampton County","PM2.5","Northampton",36.5117080009026,-77.655389
2024-01-12,43,"Northampton County","PM2.5","Northampton",36.5117080009026,-77.655389
2024-01-13,6,"Northampton County","PM2.5","Northampton",36.5117080009026,-77.655389
2024-01-14,14,"Northampton County","PM2.5","Northampton",36.5117080009026,-77.655389
2024-01-15,19,"Northampton County","PM2.5","Northampton",36.5117080009026,-77.655389
2024-01-16,26,"Northampton County","PM2.5","Northampton",36.5117080009026,-77.655389
2024-01-17,14,"Northampton County","PM2.5","Northampton",36.5117080009026,-77.655389
2024-01-18,29,"Northampton County","PM2.5","Northampton",36.5117080009026,-77.655389
2024-01-19,29,"Northampton County","PM2.5","Northampton",36.5117080009026,-77.655389
2024-01-20,17,"Northampton County","PM2.5","Northampton",36.5117080009026,-77.655389
2024-01-21,13,"Northampton County","PM2.5","Northampton",36.5117080009026,-77.655389
2024-01-22,28,"Northampton County","PM2.5","Northampton",36.5117080009026,-77.655389
2024-01-23,48,"Northampton County","PM2.5","Northampton",36.5117080009026,-77.655389
2024-01-24,47,"Northampton County","PM2.5","Northampton",36.5117080009026,-77.655389
2024-01-25,18,"Northampton County","PM2.5","Northampton",36.5117080009026,-77.655389
2024-01-26,26,"Northampton County","PM2.5","Northampton",36.5117080009026,-77.655389
2024-01-27,9,"Northampton County","PM2.5","Northampton",36.5117080009026,-77.655389
2024-01-28,1,"Northampton County","PM2.5","Northampton",36.5117080009026,-77.655389
2024-01-29,0,"Northampton County","PM2.5","Northampton",36.5117080009026,-77.655389
2024-01-30,12,"Northampton County","PM2.5","Northampton",36.5117080009026,-77.655389
2024-01-31,22,"Northampton County","PM2.5","Northampton",36.5117080009026,-77.655389
2024-02-01,22,"Northampton County","PM2.5","Northampton",36.5117080009026,-77.655389
2024-02-02,18,"Northampton County","PM2.5","Northampton",36.5117080009026,-77.655389
2024-02-03,7,"Northampton County","PM2.5","Northampton",36.5117080009026,-77.655389
2024-02-04,14,"Northampton County","PM2.5","Northampton",36.5117080009026,-77.655389
2024-02-05,21,"Northampton County","PM2.5","Northampton",36.5117080009026,-77.655389
2024-02-06,22,"Northampton County","PM2.5","Northampton",36.5117080009026,-77.655389
2024-02-07,19,"Northampton County","PM2.5","Northampton",36.5117080009026,-77.655389
2024-02-08,36,"Northampton County","PM2.5","Northampton",36.5117080009026,-77.655389
2024-02-09,56,"Northampton County","PM2.5","Northampton",36.5117080009026,-77.655389
2024-02-10,55,"Northampton County","PM2.5","Northampton",36.5117080009026,-77.655389
2024-02-11,31,"Northampton County","PM2.5","Northampton",36.5117080009026,-77.655389
2024-02-12,8,"Northampton County","PM2.5","Northampton",36.5117080009026,-77.655389
2024-02-13,16,"Northampton County","PM2.5","Northampton",36.5117080009026,-77.655389
2024-02-14,22,"Northampton County","PM2.5","Northampton",36.5117080009026,-77.655389
2024-02-15,37,"Northampton County","PM2.5","Northampton",36.5117080009026,-77.655389
2024-02-16,18,"Northampton County","PM2.5","Northampton",36.5117080009026,-77.655389
2024-02-17,21,"Northampton County","PM2.5","Northampton",36.5117080009026,-77.655389
2024-02-18,9,"Northampton County","PM2.5","Northampton",36.5117080009026,-77.655389
2024-02-19,18,"Northampton County","PM2.5","Northampton",36.5117080009026,-77.655389
2024-02-20,31,"Northampton County","PM2.5","Northampton",36.5117080009026,-77.655389
2024-02-21,25,"Northampton County","PM2.5","Northampton",36.5117080009026,-77.655389
2024-02-22,54,"Northampton County","PM2.5","Northampton",36.5117080009026,-77.655389
2024-02-23,66,"Northampton County","PM2.5","Northampton",36.5117080009026,-77.655389
2024-02-24,36,"Northampton County","PM2.5","Northampton",36.5117080009026,-77.655389
2024-02-25,28,"Northampton County","PM2.5","Northampton",36.5117080009026,-77.655389
2024-02-26,52,"Northampton County","PM2.5","Northampton",36.5117080009026,-77.655389
2024-02-27,55,"Northampton County","PM2.5","Northampton",36.5117080009026,-77.655389
2024-02-28,43,"Northampton County","PM2.5","Northampton",36.5117080009026,-77.655389
2024-02-29,9,"Northampton County","PM2.5","Northampton",36.5117080009026,-77.655389
2024-03-01,22,"Northampton County","PM2.5","Northampton",36.5117080009026,-77.655389
2024-03-02,7,"Northampton County","PM2.5","Northampton",36.5117080009026,-77.655389
2024-03-03,17,"Northampton County","PM2.5","Northampton",36.5117080009026,-77.655389
2024-03-04,12,"Northampton County","PM2.5","Northampton",36.5117080009026,-77.655389
2024-03-05,7,"Northampton County","PM2.5","Northampton",36.5117080009026,-77.655389
2024-03-06,12,"Northampton County","PM2.5","Northampton",36.5117080009026,-77.655389
2024-03-07,13,"Northampton County","PM2.5","Northampton",36.5117080009026,-77.655389
2024-03-08,19,"Northampton County","PM2.5","Northampton",36.5117080009026,-77.655389
2024-03-09,12,"Northampton County","PM2.5","Northampton",36.5117080009026,-77.655389
2024-03-10,3,"Northampton County","PM2.5","Northampton",36.5117080009026,-77.655389
2024-03-11,0,"Northampton County","PM2.5","Northampton",36.5117080009026,-77.655389
2024-03-12,11,"Northampton County","PM2.5","Northampton",36.5117080009026,-77.655389
2024-03-13,42,"Northampton County","PM2.5","Northampton",36.5117080009026,-77.655389
2024-03-14,59,"Northampton County","PM2.5","Northampton",36.5117080009026,-77.655389
2024-03-15,82,"Northampton County","PM2.5","Northampton",36.5117080009026,-77.655389
2024-03-16,40,"Northampton County","PM2.5","Northampton",36.5117080009026,-77.655389
2024-03-17,37,"Northampton County","PM2.5","Northampton",36.5117080009026,-77.655389
2024-03-18,14,"Northampton County","PM2.5","Northampton",36.5117080009026,-77.655389
2024-03-19,17,"Northampton County","PM2.5","Northampton",36.5117080009026,-77.655389
2024-03-20,34,"Northampton County","PM2.5","Northampton",36.5117080009026,-77.655389
2024-03-21,31,"Northampton County","PM2.5","Northampton",36.5117080009026,-77.655389
2024-03-22,28,"Northampton County","PM2.5","Northampton",36.5117080009026,-77.655389
2024-03-23,10,"Northampton County","PM2.5","Northampton",36.5117080009026,-77.655389
2024-03-24,9,"Northampton County","PM2.5","Northampton",36.5117080009026,-77.655389
2024-03-25,26,"Northampton County","PM2.5","Northampton",36.5117080009026,-77.655389
2024-03-26,30,"Northampton County","PM2.5","Northampton",36.5117080009026,-77.655389
2024-03-27,19,"Northampton County","PM2.5","Northampton",36.5117080009026,-77.655389
2024-03-28,8,"Northampton County","PM2.5","Northampton",36.5117080009026,-77.655389
2024-03-29,30,"Northampton County","PM2.5","Northampton",36.5117080009026,-77.655389
2024-03-30,40,"Northampton County","PM2.5","Northampton",36.5117080009026,-77.655389
2024-03-31,52,"Northampton County","PM2.5","Northampton",36.5117080009026,-77.655389
2024-04-01,55,"Northampton County","PM2.5","Northampton",36.5117080009026,-77.655389
2024-04-02,64,"Northampton County","PM2.5","Northampton",36.5117080009026,-77.655389
2024-04-03,53,"Northampton County","PM2.5","Northampton",36.5117080009026,-77.655389
2024-04-04,10,"Northampton County","PM2.5","Northampton",36.5117080009026,-77.655389
2024-04-05,4,"Northampton County","PM2.5","Northampton",36.5117080009026,-77.655389
2024-04-06,8,"Northampton County","PM2.5","Northampton",36.5117080009026,-77.655389
2024-04-07,15,"Northampton County","PM2.5","Northampton",36.5117080009026,-77.655389
2024-04-08,38,"Northampton County","PM2.5","Northampton",36.5117080009026,-77.655389
2024-04-09,52,"Northampton County","PM2.5","Northampton",36.5117080009026,-77.655389
2024-04-10,46,"Northampton County","PM2.5","Northampton",36.5117080009026,-77.655389
2024-04-11,43,"Northampton County","PM2.5","Northampton",36.5117080009026,-77.655389
2024-04-12,18,"Northampton County","PM2.5","Northampton",36.5117080009026,-77.655389
2024-04-13,12,"Northampton County","PM2.5","Northampton",36.5117080009026,-77.655389
2024-04-14,43,"Northampton County","PM2.5","Northampton",36.5117080009026,-77.655389
2024-04-15,55,"Northampton County","PM2.5","Northampton",36.5117080009026,-77.655389
2024-04-16,53,"Northampton County","PM2.5","Northampton",36.5117080009026,-77.655389
2024-04-17,57,"Northampton County","PM2.5","Northampton",36.5117080009026,-77.655389
2024-04-18,46,"Northampton County","PM2.5","Northampton",36.5117080009026,-77.655389
2024-04-19,39,"Northampton County","PM2.5","Northampton",36.5117080009026,-77.655389
2024-04-20,39,"Northampton County","PM2.5","Northampton",36.5117080009026,-77.655389
2024-04-21,23,"Northampton County","PM2.5","Northampton",36.5117080009026,-77.655389
2024-04-22,18,"Northampton County","PM2.5","Northampton",36.5117080009026,-77.655389
2024-04-23,34,"Northampton County","PM2.5","Northampton",36.5117080009026,-77.655389
2024-04-24,42,"Northampton County","PM2.5","Northampton",36.5117080009026,-77.655389
2024-04-25,37,"Northampton County","PM2.5","Northampton",36.5117080009026,-77.655389
2024-04-26,25,"Northampton County","PM2.5","Northampton",36.5117080009026,-77.655389
2024-04-27,33,"Northampton County","PM2.5","Northampton",36.5117080009026,-77.655389
2024-04-28,45,"Northampton County","PM2.5","Northampton",36.5117080009026,-77.655389
2024-04-29,48,"Northampton County","PM2.5","Northampton",36.5117080009026,-77.655389
2024-04-30,46,"Northampton County","PM2.5","Northampton",36.5117080009026,-77.655389
2024-05-01,44,"Northampton County","PM2.5","Northampton",36.5117080009026,-77.655389
2024-05-02,57,"Northampton County","PM2.5","Northampton",36.5117080009026,-77.655389
2024-05-03,54,"Northampton County","PM2.5","Northampton",36.5117080009026,-77.655389
2024-05-04,37,"Northampton County","PM2.5","Northampton",36.5117080009026,-77.655389
2024-05-05,31,"Northampton County","PM2.5","Northampton",36.5117080009026,-77.655389
2024-05-06,46,"Northampton County","PM2.5","Northampton",36.5117080009026,-77.655389
2024-05-07,32,"Northampton County","PM2.5","Northampton",36.5117080009026,-77.655389
2024-05-08,60,"Northampton County","PM2.5","Northampton",36.5117080009026,-77.655389
2024-05-09,43,"Northampton County","PM2.5","Northampton",36.5117080009026,-77.655389
2024-05-10,31,"Northampton County","PM2.5","Northampton",36.5117080009026,-77.655389
2024-05-11,13,"Northampton County","PM2.5","Northampton",36.5117080009026,-77.655389
2024-05-12,18,"Northampton County","PM2.5","Northampton",36.5117080009026,-77.655389
2024-05-13,36,"Northampton County","PM2.5","Northampton",36.5117080009026,-77.655389
2024-05-14,38,"Northampton County","PM2.5","Northampton",36.5117080009026,-77.655389
2024-05-15,13,"Northampton County","PM2.5","Northampton",36.5117080009026,-77.655389
2024-05-16,19,"Northampton County","PM2.5","Northampton",36.5117080009026,-77.655389
2024-05-17,31,"Northampton County","PM2.5","Northampton",36.5117080009026,-77.655389
2024-05-18,22,"Northampton County","PM2.5","Northampton",36.5117080009026,-77.655389
2024-05-19,27,"Northampton County","PM2.5","Northampton",36.5117080009026,-77.655389
2024-05-20,28,"Northampton County","PM2.5","Northampton",36.5117080009026,-77.655389
2024-05-21,28,"Northampton County","PM2.5","Northampton",36.5117080009026,-77.655389
2024-05-22,48,"Northampton County","PM2.5","Northampton",36.5117080009026,-77.655389
2024-05-23,43,"Northampton County","PM2.5","Northampton",36.5117080009026,-77.655389
2024-05-24,41,"Northampton County","PM2.5","Northampton",36.5117080009026,-77.655389
2024-05-25,49,"Northampton County","PM2.5","Northampton",36.5117080009026,-77.655389
2024-05-26,53,"Northampton County","PM2.5","Northampton",36.5117080009026,-77.655389
2024-05-27,52,"Northampton County","PM2.5","Northampton",36.5117080009026,-77.655389
2024-05-28,29,"Northampton County","PM2.5","Northampton",36.5117080009026,-77.655389
2024-05-29,29,"Northampton County","PM2.5","Northampton",36.5117080009026,-77.655389
2024-05-30,22,"Northampton County","PM2.5","Northampton",36.5117080009026,-77.655389
2024-05-31,24,"Northampton County","PM2.5","Northampton",36.5117080009026,-77.655389
2024-06-01,32,"Northampton County","PM2.5","Northampton",36.5117080009026,-77.655389
2024-06-02,47,"Northampton County","PM2.5","Northampton",36.5117080009026,-77.655389
2024-06-03,50,"Northampton County","PM2.5","Northampton",36.5117080009026,-77.655389
2024-06-04,53,"Northampton County","PM2.5","Northampton",36.5117080009026,-77.655389
2024-06-05,52,"Northampton County","PM2.5","Northampton",36.5117080009026,-77.655389
2024-06-06,52,"Northampton County","PM2.5","Northampton",36.5117080009026,-77.655389
2024-06-07,36,"Northampton County","PM2.5","Northampton",36.5117080009026,-77.655389
2024-06-08,35,"Northampton County","PM2.5","Northampton",36.5117080009026,-77.655389
2024-06-09,47,"Northampton County","PM2.5","Northampton",36.5117080009026,-77.655389
2024-06-10,38,"Northampton County","PM2.5","Northampton",36.5117080009026,-77.655389
2024-06-11,38,"Northampton County","PM2.5","Northampton",36.5117080009026,-77.655389
2024-06-12,52,"Northampton County","PM2.5","Northampton",36.5117080009026,-77.655389
2024-06-13,58,"Northampton County","PM2.5","Northampton",36.5117080009026,-77.655389
2024-06-14,57,"Northampton County","PM2.5","Northampton",36.5117080009026,-77.655389
2024-06-15,52,"Northampton County","PM2.5","Northampton",36.5117080009026,-77.655389
2024-06-16,48,"Northampton County","PM2.5","Northampton",36.5117080009026,-77.655389
2024-06-17,57,"Northampton County","PM2.5","Northampton",36.5117080009026,-77.655389
2024-06-18,51,"Northampton County","PM2.5","Northampton",36.5117080009026,-77.655389
2024-06-19,39,"Northampton County","PM2.5","Northampton",36.5117080009026,-77.655389
2024-06-20,42,"Northampton County","PM2.5","Northampton",36.5117080009026,-77.655389
2024-06-21,52,"Northampton County","PM2.5","Northampton",36.5117080009026,-77.655389
2024-06-22,43,"Northampton County","PM2.5","Northampton",36.5117080009026,-77.655389
2024-06-23,39,"Northampton County","PM2.5","Northampton",36.5117080009026,-77.655389
2024-06-24,49,"Northampton County","PM2.5","Northampton",36.5117080009026,-77.655389
2024-06-25,53,"Northampton County","PM2.5","Northampton",36.5117080009026,-77.655389
2024-06-26,58,"Northampton County","PM2.5","Northampton",36.5117080009026,-77.655389
2024-06-27,50,"Northampton County","PM2.5","Northampton",36.5117080009026,-77.655389
2024-06-28,54,"Northampton County","PM2.5","Northampton",36.5117080009026,-77.655389
2024-06-29,51,"Northampton County","PM2.5","Northampton",36.5117080009026,-77.655389
2024-07-01,17,"Northampton County","PM2.5","Northampton",36.5117080009026,-77.655389
2024-07-02,32,"Northampton County","PM2.5","Northampton",36.5117080009026,-77.655389
2024-07-03,52,"Northampton County","PM2.5","Northampton",36.5117080009026,-77.655389
2024-07-04,57,"Northampton County","PM2.5","Northampton",36.5117080009026,-77.655389
2024-07-05,57,"Northampton County","PM2.5","Northampton",36.5117080009026,-77.655389
2024-07-06,50,"Northampton County","PM2.5","Northampton",36.5117080009026,-77.655389
2024-07-07,47,"Northampton County","PM2.5","Northampton",36.5117080009026,-77.655389
2024-07-08,54,"Northampton County","PM2.5","Northampton",36.5117080009026,-77.655389
2024-07-09,52,"Northampton County","PM2.5","Northampton",36.5117080009026,-77.655389
2024-07-10,32,"Northampton County","PM2.5","Northampton",36.5117080009026,-77.655389
2024-07-11,35,"Northampton County","PM2.5","Northampton",36.5117080009026,-77.655389
2024-07-12,21,"Northampton County","PM2.5","Northampton",36.5117080009026,-77.655389
2024-07-13,24,"Northampton County","PM2.5","Northampton",36.5117080009026,-77.655389
2024-07-14,55,"Northampton County","PM2.5","Northampton",36.5117080009026,-77.655389
2024-07-15,63,"Northampton County","PM2.5","Northampton",36.5117080009026,-77.655389
2024-07-16,66,"Northampton County","PM2.5","Northampton",36.5117080009026,-77.655389
2024-07-17,54,"Northampton County","PM2.5","Northampton",36.5117080009026,-77.655389
2024-07-18,48,"Northampton County","PM2.5","Northampton",36.5117080009026,-77.655389
2024-07-19,56,"Northampton County","PM2.5","Northampton",36.5117080009026,-77.655389
2024-07-20,38,"Northampton County","PM2.5","Northampton",36.5117080009026,-77.655389
2024-07-21,43,"Northampton County","PM2.5","Northampton",36.5117080009026,-77.655389
2024-07-22,31,"Northampton County","PM2.5","Northampton",36.5117080009026,-77.655389
2024-07-23,29,"Northampton County","PM2.5","Northampton",36.5117080009026,-77.655389
2024-07-24,24,"Northampton County","PM2.5","Northampton",36.5117080009026,-77.655389
2024-07-25,21,"Northampton County","PM2.5","Northampton",36.5117080009026,-77.655389
2024-07-26,47,"Northampton County","PM2.5","Northampton",36.5117080009026,-77.655389
2024-07-27,43,"Northampton County","PM2.5","Northampton",36.5117080009026,-77.655389
2024-07-28,45,"Northampton County","PM2.5","Northampton",36.5117080009026,-77.655389
2024-07-29,57,"Northampton County","PM2.5","Northampton",36.5117080009026,-77.655389
2024-07-30,53,"Northampton County","PM2.5","Northampton",36.5117080009026,-77.655389
2024-07-31,52,"Northampton County","PM2.5","Northampton",36.5117080009026,-77.655389
2024-08-01,59,"Northampton County","PM2.5","Northampton",36.5117080009026,-77.655389
2024-08-02,57,"Northampton County","PM2.5","Northampton",36.5117080009026,-77.655389
2024-08-03,56,"Northampton County","PM2.5","Northampton",36.5117080009026,-77.655389
2024-08-04,39,"Northampton County","PM2.5","Northampton",36.5117080009026,-77.655389
2024-08-05,42,"Northampton County","PM2.5","Northampton",36.5117080009026,-77.655389
2024-08-06,32,"Northampton County","PM2.5","Northampton",36.5117080009026,-77.655389
2024-08-07,18,"Northampton County","PM2.5","Northampton",36.5117080009026,-77.655389
2024-08-08,33,"Northampton County","PM2.5","Northampton",36.5117080009026,-77.655389
2024-08-09,30,"Northampton County","PM2.5","Northampton",36.5117080009026,-77.655389
2024-08-10,50,"Northampton County","PM2.5","Northampton",36.5117080009026,-77.655389
2024-08-11,53,"Northampton County","PM2.5","Northampton",36.5117080009026,-77.655389
2024-08-12,55,"Northampton County","PM2.5","Northampton",36.5117080009026,-77.655389
2024-08-13,52,"Northampton County","PM2.5","Northampton",36.5117080009026,-77.655389
2024-08-14,45,"Northampton County","PM2.5","Northampton",36.5117080009026,-77.655389
2024-08-15,59,"Northampton County","PM2.5","Northampton",36.5117080009026,-77.655389
2024-08-16,64,"Northampton County","PM2.5","Northampton",36.5117080009026,-77.655389
2024-08-17,66,"Northampton County","PM2.5","Northampton",36.5117080009026,-77.655389
2024-08-18,57,"Northampton County","PM2.5","Northampton",36.5117080009026,-77.655389
2024-08-19,34,"Northampton County","PM2.5","Northampton",36.5117080009026,-77.655389
2024-08-20,43,"Northampton County","PM2.5","Northampton",36.5117080009026,-77.655389
2024-08-21,27,"Northampton County","PM2.5","Northampton",36.5117080009026,-77.655389
2024-08-22,21,"Northampton County","PM2.5","Northampton",36.5117080009026,-77.655389
2024-08-23,37,"Northampton County","PM2.5","Northampton",36.5117080009026,-77.655389
2024-08-24,37,"Northampton County","PM2.5","Northampton",36.5117080009026,-77.655389
2024-08-25,44,"Northampton County","PM2.5","Northampton",36.5117080009026,-77.655389
2024-08-26,54,"Northampton County","PM2.5","Northampton",36.5117080009026,-77.655389
2024-08-27,64,"Northampton County","PM2.5","Northampton",36.5117080009026,-77.655389
2024-08-28,69,"Northampton County","PM2.5","Northampton",36.5117080009026,-77.655389
2024-08-29,65,"Northampton County","PM2.5","Northampton",36.5117080009026,-77.655389
2024-08-30,30,"Northampton County","PM2.5","Northampton",36.5117080009026,-77.655389
2024-08-31,43,"Northampton County","PM2.5","Northampton",36.5117080009026,-77.655389
2024-09-01,48,"Northampton County","PM2.5","Northampton",36.5117080009026,-77.655389
2024-09-02,40,"Northampton County","PM2.5","Northampton",36.5117080009026,-77.655389
2024-09-03,23,"Northampton County","PM2.5","Northampton",36.5117080009026,-77.655389
2024-09-04,17,"Northampton County","PM2.5","Northampton",36.5117080009026,-77.655389
2024-09-05,25,"Northampton County","PM2.5","Northampton",36.5117080009026,-77.655389
2024-09-06,26,"Northampton County","PM2.5","Northampton",36.5117080009026,-77.655389
2024-09-07,35,"Northampton County","PM2.5","Northampton",36.5117080009026,-77.655389
2024-09-08,12,"Northampton County","PM2.5","Northampton",36.5117080009026,-77.655389
2024-09-09,38,"Northampton County","PM2.5","Northampton",36.5117080009026,-77.655389
2024-09-10,27,"Northampton County","PM2.5","Northampton",36.5117080009026,-77.655389
2024-09-11,36,"Northampton County","PM2.5","Northampton",36.5117080009026,-77.655389
2024-09-12,37,"Northampton County","PM2.5","Northampton",36.5117080009026,-77.655389
2024-09-13,32,"Northampton County","PM2.5","Northampton",36.5117080009026,-77.655389
2024-09-14,31,"Northampton County","PM2.5","Northampton",36.5117080009026,-77.655389
2024-09-15,41,"Northampton County","PM2.5","Northampton",36.5117080009026,-77.655389
2024-09-16,35,"Northampton County","PM2.5","Northampton",36.5117080009026,-77.655389
2024-09-17,18,"Northampton County","PM2.5","Northampton",36.5117080009026,-77.655389
2024-09-18,13,"Northampton County","PM2.5","Northampton",36.5117080009026,-77.655389
2024-09-19,29,"Northampton County","PM2.5","Northampton",36.5117080009026,-77.655389
2024-09-20,43,"Northampton County","PM2.5","Northampton",36.5117080009026,-77.655389
2024-09-21,34,"Northampton County","PM2.5","Northampton",36.5117080009026,-77.655389
2024-09-22,49,"Northampton County","PM2.5","Northampton",36.5117080009026,-77.655389
2024-09-23,29,"Northampton County","PM2.5","Northampton",36.5117080009026,-77.655389
2024-09-24,28,"Northampton County","PM2.5","Northampton",36.5117080009026,-77.655389
2024-09-25,33,"Northampton County","PM2.5","Northampton",36.5117080009026,-77.655389
2024-09-26,22,"Northampton County","PM2.5","Northampton",36.5117080009026,-77.655389
2024-09-27,22,"Northampton County","PM2.5","Northampton",36.5117080009026,-77.655389
2024-09-28,39,"Northampton County","PM2.5","Northampton",36.5117080009026,-77.655389
2024-09-29,57,"Northampton County","PM2.5","Northampton",36.5117080009026,-77.655389
2024-09-30,38,"Northampton County","PM2.5","Northampton",36.5117080009026,-77.655389
2024-10-01,24,"Northampton County","PM2.5","Northampton",36.5117080009026,-77.655389
2024-10-02,23,"Northampton County","PM2.5","Northampton",36.5117080009026,-77.655389
2024-10-03,22,"Northampton County","PM2.5","Northampton",36.5117080009026,-77.655389
2024-10-04,40,"Northampton County","PM2.5","Northampton",36.5117080009026,-77.655389
2024-10-05,46,"Northampton County","PM2.5","Northampton",36.5117080009026,-77.655389
2024-10-06,56,"Northampton County","PM2.5","Northampton",36.5117080009026,-77.655389
2024-10-07,52,"Northampton County","PM2.5","Northampton",36.5117080009026,-77.655389
2024-10-08,27,"Northampton County","PM2.5","Northampton",36.5117080009026,-77.655389
2024-10-09,26,"Northampton County","PM2.5","Northampton",36.5117080009026,-77.655389
2024-10-10,14,"Northampton County","PM2.5","Northampton",36.5117080009026,-77.655389
2024-10-11,12,"Northampton County","PM2.5","Northampton",36.5117080009026,-77.655389
2024-10-12,28,"Northampton County","PM2.5","Northampton",36.5117080009026,-77.655389
2024-10-13,37,"Northampton County","PM2.5","Northampton",36.5117080009026,-77.655389
2024-10-14,32,"Northampton County","PM2.5","Northampton",36.5117080009026,-77.655389
2024-10-15,15,"Northampton County","PM2.5","Northampton",36.5117080009026,-77.655389
2024-10-16,12,"Northampton County","PM2.5","Northampton",36.5117080009026,-77.655389
2024-10-17,9,"Northampton County","PM2.5","Northampton",36.5117080009026,-77.655389
2024-10-18,19,"Northampton County","PM2.5","Northampton",36.5117080009026,-77.655389
2024-10-19,17,"Northampton County","PM2.5","Northampton",36.5117080009026,-77.655389
2024-10-20,29,"Northampton County","PM2.5","Northampton",36.5117080009026,-77.655389
2024-10-21,30,"Northampton County","PM2.5","Northampton",36.5117080009026,-77.655389
2024-10-22,46,"Northampton County","PM2.5","Northampton",36.5117080009026,-77.655389
2024-10-23,46,"Northampton County","PM2.5","Northampton",36.5117080009026,-77.655389
2024-10-24,37,"Northampton County","PM2.5","Northampton",36.5117080009026,-77.655389
2024-10-25,36,"Northampton County","PM2.5","Northampton",36.5117080009026,-77.655389
2024-10-26,53,"Northampton County","PM2.5","Northampton",36.5117080009026,-77.655389
2024-10-27,33,"Northampton County","PM2.5","Northampton",36.5117080009026,-77.655389
2024-10-28,25,"Northampton County","PM2.5","Northampton",36.5117080009026,-77.655389
2024-11-05,49,"Northampton County","PM2.5","Northampton",36.5117080009026,-77.655389
2024-11-06,57,"Northampton County","PM2.5","Northampton",36.5117080009026,-77.655389
2024-11-07,57,"Northampton County","PM2.5","Northampton",36.5117080009026,-77.655389
2024-11-08,53,"Northampton County","PM2.5","Northampton",36.5117080009026,-77.655389
2024-11-09,23,"Northampton County","PM2.5","Northampton",36.5117080009026,-77.655389
2024-11-10,31,"Northampton County","PM2.5","Northampton",36.5117080009026,-77.655389
2024-11-11,44,"Northampton County","PM2.5","Northampton",36.5117080009026,-77.655389
2024-11-12,28,"Northampton County","PM2.5","Northampton",36.5117080009026,-77.655389
2024-11-13,15,"Northampton County","PM2.5","Northampton",36.5117080009026,-77.655389
2024-11-14,20,"Northampton County","PM2.5","Northampton",36.5117080009026,-77.655389
2024-11-15,14,"Northampton County","PM2.5","Northampton",36.5117080009026,-77.655389
2024-11-16,9,"Northampton County","PM2.5","Northampton",36.5117080009026,-77.655389
2024-11-17,34,"Northampton County","PM2.5","Northampton",36.5117080009026,-77.655389
2024-11-18,48,"Northampton County","PM2.5","Northampton",36.5117080009026,-77.655389
2024-11-19,61,"Northampton County","PM2.5","Northampton",36.5117080009026,-77.655389
2024-11-20,54,"Northampton County","PM2.5","Northampton",36.5117080009026,-77.655389
2024-11-21,6,"Northampton County","PM2.5","Northampton",36.5117080009026,-77.655389
2024-11-22,0,"Northampton County","PM2.5","Northampton",36.5117080009026,-77.655389
2024-11-23,0,"Northampton County","PM2.5","Northampton",36.5117080009026,-77.655389
2024-11-24,7,"Northampton County","PM2.5","Northampton",36.5117080009026,-77.655389
2024-11-25,62,"Northampton County","PM2.5","Northampton",36.5117080009026,-77.655389
2024-11-26,54,"Northampton County","PM2.5","Northampton",36.5117080009026,-77.655389
2024-11-27,21,"Northampton County","PM2.5","Northampton",36.5117080009026,-77.655389
2024-11-28,26,"Northampton County","PM2.5","Northampton",36.5117080009026,-77.655389
2024-11-29,13,"Northampton County","PM2.5","Northampton",36.5117080009026,-77.655389
2024-11-30,15,"Northampton County","PM2.5","Northampton",36.5117080009026,-77.655389
2024-12-01,17,"Northampton County","PM2.5","Northampton",36.5117080009026,-77.655389
2024-12-02,7,"Northampton County","PM2.5","Northampton",36.5117080009026,-77.655389
2024-12-03,14,"Northampton County","PM2.5","Northampton",36.5117080009026,-77.655389
2024-12-04,29,"Northampton County","PM2.5","Northampton",36.5117080009026,-77.655389
2024-12-05,34,"Northampton County","PM2.5","Northampton",36.5117080009026,-77.655389
2024-12-06,11,"Northampton County","PM2.5","Northampton",36.5117080009026,-77.655389
2024-12-07,14,"Northampton County","PM2.5","Northampton",36.5117080009026,-77.655389
2024-12-08,42,"Northampton County","PM2.5","Northampton",36.5117080009026,-77.655389
2024-12-09,52,"Northampton County","PM2.5","Northampton",36.5117080009026,-77.655389
2024-12-10,62,"Northampton County","PM2.5","Northampton",36.5117080009026,-77.655389
2024-12-11,16,"Northampton County","PM2.5","Northampton",36.5117080009026,-77.655389
2024-12-12,11,"Northampton County","PM2.5","Northampton",36.5117080009026,-77.655389
2024-12-13,27,"Northampton County","PM2.5","Northampton",36.5117080009026,-77.655389
2024-12-14,29,"Northampton County","PM2.5","Northampton",36.5117080009026,-77.655389
2024-12-15,25,"Northampton County","PM2.5","Northampton",36.5117080009026,-77.655389
2024-12-16,28,"Northampton County","PM2.5","Northampton",36.5117080009026,-77.655389
2024-12-17,50,"Northampton County","PM2.5","Northampton",36.5117080009026,-77.655389
2024-12-18,50,"Northampton County","PM2.5","Northampton",36.5117080009026,-77.655389
2024-12-19,12,"Northampton County","PM2.5","Northampton",36.5117080009026,-77.655389
2024-12-20,23,"Northampton County","PM2.5","Northampton",36.5117080009026,-77.655389
2024-12-21,12,"Northampton County","PM2.5","Northampton",36.5117080009026,-77.655389
2024-12-22,11,"Northampton County","PM2.5","Northampton",36.5117080009026,-77.655389
2024-12-23,26,"Northampton County","PM2.5","Northampton",36.5117080009026,-77.655389
2024-12-24,28,"Northampton County","PM2.5","Northampton",36.5117080009026,-77.655389
2024-12-25,34,"Northampton County","PM2.5","Northampton",36.5117080009026,-77.655389
2024-12-26,44,"Northampton County","PM2.5","Northampton",36.5117080009026,-77.655389
2024-12-27,53,"Northampton County","PM2.5","Northampton",36.5117080009026,-77.655389
2024-12-28,42,"Northampton County","PM2.5","Northampton",36.5117080009026,-77.655389
2024-12-29,19,"Northampton County","PM2.5","Northampton",36.5117080009026,-77.655389
2024-12-30,7,"Northampton County","PM2.5","Northampton",36.5117080009026,-77.655389
2024-12-31,37,"Northampton County","PM2.5","Northampton",36.5117080009026,-77.655389
2024-01-01,46,"Pitt Agri. Center","PM2.5","Pitt",35.6412760008938,-77.360126
2024-01-02,12,"Pitt Agri. Center","PM2.5","Pitt",35.6412760008938,-77.360126
2024-01-03,52,"Pitt Agri. Center","PM2.5","Pitt",35.6412760008938,-77.360126
2024-01-04,39,"Pitt Agri. Center","PM2.5","Pitt",35.6412760008938,-77.360126
2024-01-05,25,"Pitt Agri. Center","PM2.5","Pitt",35.6412760008938,-77.360126
2024-01-06,18,"Pitt Agri. Center","PM2.5","Pitt",35.6412760008938,-77.360126
2024-01-07,8,"Pitt Agri. Center","PM2.5","Pitt",35.6412760008938,-77.360126
2024-01-08,11,"Pitt Agri. Center","PM2.5","Pitt",35.6412760008938,-77.360126
2024-01-09,27,"Pitt Agri. Center","PM2.5","Pitt",35.6412760008938,-77.360126
2024-01-10,2,"Pitt Agri. Center","PM2.5","Pitt",35.6412760008938,-77.360126
2024-01-11,30,"Pitt Agri. Center","PM2.5","Pitt",35.6412760008938,-77.360126
2024-01-12,40,"Pitt Agri. Center","PM2.5","Pitt",35.6412760008938,-77.360126
2024-01-13,11,"Pitt Agri. Center","PM2.5","Pitt",35.6412760008938,-77.360126
2024-01-14,18,"Pitt Agri. Center","PM2.5","Pitt",35.6412760008938,-77.360126
2024-01-15,24,"Pitt Agri. Center","PM2.5","Pitt",35.6412760008938,-77.360126
2024-01-16,29,"Pitt Agri. Center","PM2.5","Pitt",35.6412760008938,-77.360126
2024-01-17,20,"Pitt Agri. Center","PM2.5","Pitt",35.6412760008938,-77.360126
2024-01-18,38,"Pitt Agri. Center","PM2.5","Pitt",35.6412760008938,-77.360126
2024-01-19,34,"Pitt Agri. Center","PM2.5","Pitt",35.6412760008938,-77.360126
2024-01-20,25,"Pitt Agri. Center","PM2.5","Pitt",35.6412760008938,-77.360126
2024-01-21,18,"Pitt Agri. Center","PM2.5","Pitt",35.6412760008938,-77.360126
2024-01-22,46,"Pitt Agri. Center","PM2.5","Pitt",35.6412760008938,-77.360126
2024-01-23,51,"Pitt Agri. Center","PM2.5","Pitt",35.6412760008938,-77.360126
2024-01-24,28,"Pitt Agri. Center","PM2.5","Pitt",35.6412760008938,-77.360126
2024-01-25,18,"Pitt Agri. Center","PM2.5","Pitt",35.6412760008938,-77.360126
2024-01-26,31,"Pitt Agri. Center","PM2.5","Pitt",35.6412760008938,-77.360126
2024-01-27,27,"Pitt Agri. Center","PM2.5","Pitt",35.6412760008938,-77.360126
2024-01-28,16,"Pitt Agri. Center","PM2.5","Pitt",35.6412760008938,-77.360126
2024-01-29,4,"Pitt Agri. Center","PM2.5","Pitt",35.6412760008938,-77.360126
2024-01-30,22,"Pitt Agri. Center","PM2.5","Pitt",35.6412760008938,-77.360126
2024-01-31,22,"Pitt Agri. Center","PM2.5","Pitt",35.6412760008938,-77.360126
2024-02-01,39,"Pitt Agri. Center","PM2.5","Pitt",35.6412760008938,-77.360126
2024-02-02,40,"Pitt Agri. Center","PM2.5","Pitt",35.6412760008938,-77.360126
2024-02-03,12,"Pitt Agri. Center","PM2.5","Pitt",35.6412760008938,-77.360126
2024-02-04,22,"Pitt Agri. Center","PM2.5","Pitt",35.6412760008938,-77.360126
2024-02-05,25,"Pitt Agri. Center","PM2.5","Pitt",35.6412760008938,-77.360126
2024-02-06,18,"Pitt Agri. Center","PM2.5","Pitt",35.6412760008938,-77.360126
2024-02-07,23,"Pitt Agri. Center","PM2.5","Pitt",35.6412760008938,-77.360126
2024-02-08,59,"Pitt Agri. Center","PM2.5","Pitt",35.6412760008938,-77.360126
2024-02-09,53,"Pitt Agri. Center","PM2.5","Pitt",35.6412760008938,-77.360126
2024-02-10,61,"Pitt Agri. Center","PM2.5","Pitt",35.6412760008938,-77.360126
2024-02-11,52,"Pitt Agri. Center","PM2.5","Pitt",35.6412760008938,-77.360126
2024-02-12,19,"Pitt Agri. Center","PM2.5","Pitt",35.6412760008938,-77.360126
2024-02-13,8,"Pitt Agri. Center","PM2.5","Pitt",35.6412760008938,-77.360126
2024-02-14,28,"Pitt Agri. Center","PM2.5","Pitt",35.6412760008938,-77.360126
2024-02-15,37,"Pitt Agri. Center","PM2.5","Pitt",35.6412760008938,-77.360126
2024-02-16,33,"Pitt Agri. Center","PM2.5","Pitt",35.6412760008938,-77.360126
2024-02-17,28,"Pitt Agri. Center","PM2.5","Pitt",35.6412760008938,-77.360126
2024-02-18,24,"Pitt Agri. Center","PM2.5","Pitt",35.6412760008938,-77.360126
2024-02-19,27,"Pitt Agri. Center","PM2.5","Pitt",35.6412760008938,-77.360126
2024-02-20,27,"Pitt Agri. Center","PM2.5","Pitt",35.6412760008938,-77.360126
2024-02-21,24,"Pitt Agri. Center","PM2.5","Pitt",35.6412760008938,-77.360126
2024-02-22,56,"Pitt Agri. Center","PM2.5","Pitt",35.6412760008938,-77.360126
2024-02-23,58,"Pitt Agri. Center","PM2.5","Pitt",35.6412760008938,-77.360126
2024-02-24,39,"Pitt Agri. Center","PM2.5","Pitt",35.6412760008938,-77.360126
2024-02-25,22,"Pitt Agri. Center","PM2.5","Pitt",35.6412760008938,-77.360126
2024-02-26,52,"Pitt Agri. Center","PM2.5","Pitt",35.6412760008938,-77.360126
2024-02-27,39,"Pitt Agri. Center","PM2.5","Pitt",35.6412760008938,-77.360126
2024-02-28,42,"Pitt Agri. Center","PM2.5","Pitt",35.6412760008938,-77.360126
2024-02-29,8,"Pitt Agri. Center","PM2.5","Pitt",35.6412760008938,-77.360126
2024-03-01,21,"Pitt Agri. Center","PM2.5","Pitt",35.6412760008938,-77.360126
2024-03-02,23,"Pitt Agri. Center","PM2.5","Pitt",35.6412760008938,-77.360126
2024-03-03,17,"Pitt Agri. Center","PM2.5","Pitt",35.6412760008938,-77.360126
2024-03-04,12,"Pitt Agri. Center","PM2.5","Pitt",35.6412760008938,-77.360126
2024-03-05,10,"Pitt Agri. Center","PM2.5","Pitt",35.6412760008938,-77.360126
2024-03-06,13,"Pitt Agri. Center","PM2.5","Pitt",35.6412760008938,-77.360126
2024-03-07,14,"Pitt Agri. Center","PM2.5","Pitt",35.6412760008938,-77.360126
2024-03-08,15,"Pitt Agri. Center","PM2.5","Pitt",35.6412760008938,-77.360126
2024-03-09,23,"Pitt Agri. Center","PM2.5","Pitt",35.6412760008938,-77.360126
2024-03-10,1,"Pitt Agri. Center","PM2.5","Pitt",35.6412760008938,-77.360126
2024-03-11,11,"Pitt Agri. Center","PM2.5","Pitt",35.6412760008938,-77.360126
2024-03-12,22,"Pitt Agri. Center","PM2.5","Pitt",35.6412760008938,-77.360126
2024-03-13,56,"Pitt Agri. Center","PM2.5","Pitt",35.6412760008938,-77.360126
2024-03-14,66,"Pitt Agri. Center","PM2.5","Pitt",35.6412760008938,-77.360126
2024-03-15,73,"Pitt Agri. Center","PM2.5","Pitt",35.6412760008938,-77.360126
2024-03-16,43,"Pitt Agri. Center","PM2.5","Pitt",35.6412760008938,-77.360126
2024-03-17,39,"Pitt Agri. Center","PM2.5","Pitt",35.6412760008938,-77.360126
2024-03-18,22,"Pitt Agri. Center","PM2.5","Pitt",35.6412760008938,-77.360126
2024-03-19,17,"Pitt Agri. Center","PM2.5","Pitt",35.6412760008938,-77.360126
2024-03-20,58,"Pitt Agri. Center","PM2.5","Pitt",35.6412760008938,-77.360126
2024-03-21,39,"Pitt Agri. Center","PM2.5","Pitt",35.6412760008938,-77.360126
2024-03-22,32,"Pitt Agri. Center","PM2.5","Pitt",35.6412760008938,-77.360126
2024-03-23,16,"Pitt Agri. Center","PM2.5","Pitt",35.6412760008938,-77.360126
2024-03-24,12,"Pitt Agri. Center","PM2.5","Pitt",35.6412760008938,-77.360126
2024-03-25,34,"Pitt Agri. Center","PM2.5","Pitt",35.6412760008938,-77.360126
2024-03-26,36,"Pitt Agri. Center","PM2.5","Pitt",35.6412760008938,-77.360126
2024-03-27,27,"Pitt Agri. Center","PM2.5","Pitt",35.6412760008938,-77.360126
2024-03-28,16,"Pitt Agri. Center","PM2.5","Pitt",35.6412760008938,-77.360126
2024-03-29,39,"Pitt Agri. Center","PM2.5","Pitt",35.6412760008938,-77.360126
2024-03-30,46,"Pitt Agri. Center","PM2.5","Pitt",35.6412760008938,-77.360126
2024-03-31,53,"Pitt Agri. Center","PM2.5","Pitt",35.6412760008938,-77.360126
2024-04-01,55,"Pitt Agri. Center","PM2.5","Pitt",35.6412760008938,-77.360126
2024-04-02,59,"Pitt Agri. Center","PM2.5","Pitt",35.6412760008938,-77.360126
2024-04-03,46,"Pitt Agri. Center","PM2.5","Pitt",35.6412760008938,-77.360126
2024-04-04,6,"Pitt Agri. Center","PM2.5","Pitt",35.6412760008938,-77.360126
2024-04-05,9,"Pitt Agri. Center","PM2.5","Pitt",35.6412760008938,-77.360126
2024-04-06,6,"Pitt Agri. Center","PM2.5","Pitt",35.6412760008938,-77.360126
2024-04-07,12,"Pitt Agri. Center","PM2.5","Pitt",35.6412760008938,-77.360126
2024-04-08,33,"Pitt Agri. Center","PM2.5","Pitt",35.6412760008938,-77.360126
2024-04-09,42,"Pitt Agri. Center","PM2.5","Pitt",35.6412760008938,-77.360126
2024-04-10,41,"Pitt Agri. Center","PM2.5","Pitt",35.6412760008938,-77.360126
2024-04-11,37,"Pitt Agri. Center","PM2.5","Pitt",35.6412760008938,-77.360126
2024-04-12,21,"Pitt Agri. Center","PM2.5","Pitt",35.6412760008938,-77.360126
2024-04-13,16,"Pitt Agri. Center","PM2.5","Pitt",35.6412760008938,-77.360126
2024-04-14,31,"Pitt Agri. Center","PM2.5","Pitt",35.6412760008938,-77.360126
2024-04-15,53,"Pitt Agri. Center","PM2.5","Pitt",35.6412760008938,-77.360126
2024-04-16,52,"Pitt Agri. Center","PM2.5","Pitt",35.6412760008938,-77.360126
2024-04-17,55,"Pitt Agri. Center","PM2.5","Pitt",35.6412760008938,-77.360126
2024-04-18,43,"Pitt Agri. Center","PM2.5","Pitt",35.6412760008938,-77.360126
2024-04-19,35,"Pitt Agri. Center","PM2.5","Pitt",35.6412760008938,-77.360126
2024-04-20,54,"Pitt Agri. Center","PM2.5","Pitt",35.6412760008938,-77.360126
2024-04-21,34,"Pitt Agri. Center","PM2.5","Pitt",35.6412760008938,-77.360126
2024-04-27,21,"Pitt Agri. Center","PM2.5","Pitt",35.6412760008938,-77.360126
2024-04-28,31,"Pitt Agri. Center","PM2.5","Pitt",35.6412760008938,-77.360126
2024-04-29,34,"Pitt Agri. Center","PM2.5","Pitt",35.6412760008938,-77.360126
2024-04-30,22,"Pitt Agri. Center","PM2.5","Pitt",35.6412760008938,-77.360126
2024-05-01,27,"Pitt Agri. Center","PM2.5","Pitt",35.6412760008938,-77.360126
2024-05-02,33,"Pitt Agri. Center","PM2.5","Pitt",35.6412760008938,-77.360126
2024-05-03,42,"Pitt Agri. Center","PM2.5","Pitt",35.6412760008938,-77.360126
2024-05-04,29,"Pitt Agri. Center","PM2.5","Pitt",35.6412760008938,-77.360126
2024-05-05,24,"Pitt Agri. Center","PM2.5","Pitt",35.6412760008938,-77.360126
2024-05-06,26,"Pitt Agri. Center","PM2.5","Pitt",35.6412760008938,-77.360126
2024-05-07,33,"Pitt Agri. Center","PM2.5","Pitt",35.6412760008938,-77.360126
2024-05-08,54,"Pitt Agri. Center","PM2.5","Pitt",35.6412760008938,-77.360126
2024-05-09,31,"Pitt Agri. Center","PM2.5","Pitt",35.6412760008938,-77.360126
2024-05-10,29,"Pitt Agri. Center","PM2.5","Pitt",35.6412760008938,-77.360126
2024-05-11,9,"Pitt Agri. Center","PM2.5","Pitt",35.6412760008938,-77.360126
2024-05-12,21,"Pitt Agri. Center","PM2.5","Pitt",35.6412760008938,-77.360126
2024-05-13,17,"Pitt Agri. Center","PM2.5","Pitt",35.6412760008938,-77.360126
2024-05-14,23,"Pitt Agri. Center","PM2.5","Pitt",35.6412760008938,-77.360126
2024-05-15,17,"Pitt Agri. Center","PM2.5","Pitt",35.6412760008938,-77.360126
2024-05-16,12,"Pitt Agri. Center","PM2.5","Pitt",35.6412760008938,-77.360126
2024-05-17,22,"Pitt Agri. Center","PM2.5","Pitt",35.6412760008938,-77.360126
2024-05-18,24,"Pitt Agri. Center","PM2.5","Pitt",35.6412760008938,-77.360126
2024-05-19,14,"Pitt Agri. Center","PM2.5","Pitt",35.6412760008938,-77.360126
2024-05-20,16,"Pitt Agri. Center","PM2.5","Pitt",35.6412760008938,-77.360126
2024-05-21,8,"Pitt Agri. Center","PM2.5","Pitt",35.6412760008938,-77.360126
2024-05-22,18,"Pitt Agri. Center","PM2.5","Pitt",35.6412760008938,-77.360126
2024-05-23,34,"Pitt Agri. Center","PM2.5","Pitt",35.6412760008938,-77.360126
2024-05-24,47,"Pitt Agri. Center","PM2.5","Pitt",35.6412760008938,-77.360126
2024-05-25,32,"Pitt Agri. Center","PM2.5","Pitt",35.6412760008938,-77.360126
2024-05-26,46,"Pitt Agri. Center","PM2.5","Pitt",35.6412760008938,-77.360126
2024-05-27,50,"Pitt Agri. Center","PM2.5","Pitt",35.6412760008938,-77.360126
2024-05-28,40,"Pitt Agri. Center","PM2.5","Pitt",35.6412760008938,-77.360126
2024-05-29,33,"Pitt Agri. Center","PM2.5","Pitt",35.6412760008938,-77.360126
2024-05-30,21,"Pitt Agri. Center","PM2.5","Pitt",35.6412760008938,-77.360126
2024-05-31,27,"Pitt Agri. Center","PM2.5","Pitt",35.6412760008938,-77.360126
2024-06-01,35,"Pitt Agri. Center","PM2.5","Pitt",35.6412760008938,-77.360126
2024-06-02,26,"Pitt Agri. Center","PM2.5","Pitt",35.6412760008938,-77.360126
2024-06-03,29,"Pitt Agri. Center","PM2.5","Pitt",35.6412760008938,-77.360126
2024-06-04,45,"Pitt Agri. Center","PM2.5","Pitt",35.6412760008938,-77.360126
2024-06-05,35,"Pitt Agri. Center","PM2.5","Pitt",35.6412760008938,-77.360126
2024-06-06,41,"Pitt Agri. Center","PM2.5","Pitt",35.6412760008938,-77.360126
2024-06-07,34,"Pitt Agri. Center","PM2.5","Pitt",35.6412760008938,-77.360126
2024-06-08,29,"Pitt Agri. Center","PM2.5","Pitt",35.6412760008938,-77.360126
2024-06-09,52,"Pitt Agri. Center","PM2.5","Pitt",35.6412760008938,-77.360126
2024-06-10,34,"Pitt Agri. Center","PM2.5","Pitt",35.6412760008938,-77.360126
2024-06-11,48,"Pitt Agri. Center","PM2.5","Pitt",35.6412760008938,-77.360126
2024-06-12,39,"Pitt Agri. Center","PM2.5","Pitt",35.6412760008938,-77.360126
2024-06-13,41,"Pitt Agri. Center","PM2.5","Pitt",35.6412760008938,-77.360126
2024-06-14,52,"Pitt Agri. Center","PM2.5","Pitt",35.6412760008938,-77.360126
2024-06-15,50,"Pitt Agri. Center","PM2.5","Pitt",35.6412760008938,-77.360126
2024-06-16,34,"Pitt Agri. Center","PM2.5","Pitt",35.6412760008938,-77.360126
2024-06-17,48,"Pitt Agri. Center","PM2.5","Pitt",35.6412760008938,-77.360126
2024-06-18,34,"Pitt Agri. Center","PM2.5","Pitt",35.6412760008938,-77.360126
2024-06-19,28,"Pitt Agri. Center","PM2.5","Pitt",35.6412760008938,-77.360126
2024-06-20,27,"Pitt Agri. Center","PM2.5","Pitt",35.6412760008938,-77.360126
2024-06-21,29,"Pitt Agri. Center","PM2.5","Pitt",35.6412760008938,-77.360126
2024-06-22,25,"Pitt Agri. Center","PM2.5","Pitt",35.6412760008938,-77.360126
2024-06-23,26,"Pitt Agri. Center","PM2.5","Pitt",35.6412760008938,-77.360126
2024-06-24,50,"Pitt Agri. Center","PM2.5","Pitt",35.6412760008938,-77.360126
2024-06-25,37,"Pitt Agri. Center","PM2.5","Pitt",35.6412760008938,-77.360126
2024-06-26,48,"Pitt Agri. Center","PM2.5","Pitt",35.6412760008938,-77.360126
2024-06-27,48,"Pitt Agri. Center","PM2.5","Pitt",35.6412760008938,-77.360126
2024-06-28,36,"Pitt Agri. Center","PM2.5","Pitt",35.6412760008938,-77.360126
2024-06-29,37,"Pitt Agri. Center","PM2.5","Pitt",35.6412760008938,-77.360126
2024-06-30,37,"Pitt Agri. Center","PM2.5","Pitt",35.6412760008938,-77.360126
2024-07-01,17,"Pitt Agri. Center","PM2.5","Pitt",35.6412760008938,-77.360126
2024-07-02,28,"Pitt Agri. Center","PM2.5","Pitt",35.6412760008938,-77.360126
2024-07-03,23,"Pitt Agri. Center","PM2.5","Pitt",35.6412760008938,-77.360126
2024-07-04,36,"Pitt Agri. Center","PM2.5","Pitt",35.6412760008938,-77.360126
2024-07-05,47,"Pitt Agri. Center","PM2.5","Pitt",35.6412760008938,-77.360126
2024-07-06,50,"Pitt Agri. Center","PM2.5","Pitt",35.6412760008938,-77.360126
2024-07-07,47,"Pitt Agri. Center","PM2.5","Pitt",35.6412760008938,-77.360126
2024-07-08,32,"Pitt Agri. Center","PM2.5","Pitt",35.6412760008938,-77.360126
2024-07-09,25,"Pitt Agri. Center","PM2.5","Pitt",35.6412760008938,-77.360126
2024-07-10,19,"Pitt Agri. Center","PM2.5","Pitt",35.6412760008938,-77.360126
2024-07-11,18,"Pitt Agri. Center","PM2.5","Pitt",35.6412760008938,-77.360126
2024-07-12,27,"Pitt Agri. Center","PM2.5","Pitt",35.6412760008938,-77.360126
2024-07-13,37,"Pitt Agri. Center","PM2.5","Pitt",35.6412760008938,-77.360126
2024-07-14,56,"Pitt Agri. Center","PM2.5","Pitt",35.6412760008938,-77.360126
2024-07-15,62,"Pitt Agri. Center","PM2.5","Pitt",35.6412760008938,-77.360126
2024-07-16,63,"Pitt Agri. Center","PM2.5","Pitt",35.6412760008938,-77.360126
2024-07-17,53,"Pitt Agri. Center","PM2.5","Pitt",35.6412760008938,-77.360126
2024-07-18,41,"Pitt Agri. Center","PM2.5","Pitt",35.6412760008938,-77.360126
2024-07-19,33,"Pitt Agri. Center","PM2.5","Pitt",35.6412760008938,-77.360126
2024-07-20,24,"Pitt Agri. Center","PM2.5","Pitt",35.6412760008938,-77.360126
2024-07-21,24,"Pitt Agri. Center","PM2.5","Pitt",35.6412760008938,-77.360126
2024-07-22,18,"Pitt Agri. Center","PM2.5","Pitt",35.6412760008938,-77.360126
2024-07-23,52,"Pitt Agri. Center","PM2.5","Pitt",35.6412760008938,-77.360126
2024-07-24,28,"Pitt Agri. Center","PM2.5","Pitt",35.6412760008938,-77.360126
2024-07-25,27,"Pitt Agri. Center","PM2.5","Pitt",35.6412760008938,-77.360126
2024-07-26,20,"Pitt Agri. Center","PM2.5","Pitt",35.6412760008938,-77.360126
2024-07-27,25,"Pitt Agri. Center","PM2.5","Pitt",35.6412760008938,-77.360126
2024-07-28,42,"Pitt Agri. Center","PM2.5","Pitt",35.6412760008938,-77.360126
2024-07-29,55,"Pitt Agri. Center","PM2.5","Pitt",35.6412760008938,-77.360126
2024-07-30,52,"Pitt Agri. Center","PM2.5","Pitt",35.6412760008938,-77.360126
2024-07-31,41,"Pitt Agri. Center","PM2.5","Pitt",35.6412760008938,-77.360126
2024-08-01,55,"Pitt Agri. Center","PM2.5","Pitt",35.6412760008938,-77.360126
2024-08-02,53,"Pitt Agri. Center","PM2.5","Pitt",35.6412760008938,-77.360126
2024-08-03,48,"Pitt Agri. Center","PM2.5","Pitt",35.6412760008938,-77.360126
2024-08-04,18,"Pitt Agri. Center","PM2.5","Pitt",35.6412760008938,-77.360126
2024-08-05,17,"Pitt Agri. Center","PM2.5","Pitt",35.6412760008938,-77.360126
2024-08-06,12,"Pitt Agri. Center","PM2.5","Pitt",35.6412760008938,-77.360126
2024-08-07,11,"Pitt Agri. Center","PM2.5","Pitt",35.6412760008938,-77.360126
2024-08-08,32,"Pitt Agri. Center","PM2.5","Pitt",35.6412760008938,-77.360126
2024-08-09,28,"Pitt Agri. Center","PM2.5","Pitt",35.6412760008938,-77.360126
2024-08-10,44,"Pitt Agri. Center","PM2.5","Pitt",35.6412760008938,-77.360126
2024-08-11,42,"Pitt Agri. Center","PM2.5","Pitt",35.6412760008938,-77.360126
2024-08-12,51,"Pitt Agri. Center","PM2.5","Pitt",35.6412760008938,-77.360126
2024-08-13,47,"Pitt Agri. Center","PM2.5","Pitt",35.6412760008938,-77.360126
2024-08-14,49,"Pitt Agri. Center","PM2.5","Pitt",35.6412760008938,-77.360126
2024-08-15,60,"Pitt Agri. Center","PM2.5","Pitt",35.6412760008938,-77.360126
2024-08-16,68,"Pitt Agri. Center","PM2.5","Pitt",35.6412760008938,-77.360126
2024-08-17,65,"Pitt Agri. Center","PM2.5","Pitt",35.6412760008938,-77.360126
2024-08-18,54,"Pitt Agri. Center","PM2.5","Pitt",35.6412760008938,-77.360126
2024-08-19,26,"Pitt Agri. Center","PM2.5","Pitt",35.6412760008938,-77.360126
2024-08-20,18,"Pitt Agri. Center","PM2.5","Pitt",35.6412760008938,-77.360126
2024-08-21,26,"Pitt Agri. Center","PM2.5","Pitt",35.6412760008938,-77.360126
2024-08-22,30,"Pitt Agri. Center","PM2.5","Pitt",35.6412760008938,-77.360126
2024-08-23,39,"Pitt Agri. Center","PM2.5","Pitt",35.6412760008938,-77.360126
2024-08-24,31,"Pitt Agri. Center","PM2.5","Pitt",35.6412760008938,-77.360126
2024-08-25,32,"Pitt Agri. Center","PM2.5","Pitt",35.6412760008938,-77.360126
2024-08-26,43,"Pitt Agri. Center","PM2.5","Pitt",35.6412760008938,-77.360126
2024-08-27,50,"Pitt Agri. Center","PM2.5","Pitt",35.6412760008938,-77.360126
2024-08-28,62,"Pitt Agri. Center","PM2.5","Pitt",35.6412760008938,-77.360126
2024-08-29,57,"Pitt Agri. Center","PM2.5","Pitt",35.6412760008938,-77.360126
2024-08-30,53,"Pitt Agri. Center","PM2.5","Pitt",35.6412760008938,-77.360126
2024-08-31,39,"Pitt Agri. Center","PM2.5","Pitt",35.6412760008938,-77.360126
2024-09-01,43,"Pitt Agri. Center","PM2.5","Pitt",35.6412760008938,-77.360126
2024-09-02,26,"Pitt Agri. Center","PM2.5","Pitt",35.6412760008938,-77.360126
2024-09-03,23,"Pitt Agri. Center","PM2.5","Pitt",35.6412760008938,-77.360126
2024-09-04,21,"Pitt Agri. Center","PM2.5","Pitt",35.6412760008938,-77.360126
2024-09-05,26,"Pitt Agri. Center","PM2.5","Pitt",35.6412760008938,-77.360126
2024-09-06,23,"Pitt Agri. Center","PM2.5","Pitt",35.6412760008938,-77.360126
2024-09-07,21,"Pitt Agri. Center","PM2.5","Pitt",35.6412760008938,-77.360126
2024-09-08,12,"Pitt Agri. Center","PM2.5","Pitt",35.6412760008938,-77.360126
2024-09-09,18,"Pitt Agri. Center","PM2.5","Pitt",35.6412760008938,-77.360126
2024-09-10,26,"Pitt Agri. Center","PM2.5","Pitt",35.6412760008938,-77.360126
2024-09-11,36,"Pitt Agri. Center","PM2.5","Pitt",35.6412760008938,-77.360126
2024-09-12,32,"Pitt Agri. Center","PM2.5","Pitt",35.6412760008938,-77.360126
2024-09-13,15,"Pitt Agri. Center","PM2.5","Pitt",35.6412760008938,-77.360126
2024-09-14,24,"Pitt Agri. Center","PM2.5","Pitt",35.6412760008938,-77.360126
2024-09-15,38,"Pitt Agri. Center","PM2.5","Pitt",35.6412760008938,-77.360126
2024-09-16,29,"Pitt Agri. Center","PM2.5","Pitt",35.6412760008938,-77.360126
2024-09-17,16,"Pitt Agri. Center","PM2.5","Pitt",35.6412760008938,-77.360126
2024-09-18,14,"Pitt Agri. Center","PM2.5","Pitt",35.6412760008938,-77.360126
2024-09-19,17,"Pitt Agri. Center","PM2.5","Pitt",35.6412760008938,-77.360126
2024-09-20,28,"Pitt Agri. Center","PM2.5","Pitt",35.6412760008938,-77.360126
2024-09-21,21,"Pitt Agri. Center","PM2.5","Pitt",35.6412760008938,-77.360126
2024-09-22,26,"Pitt Agri. Center","PM2.5","Pitt",35.6412760008938,-77.360126
2024-09-23,25,"Pitt Agri. Center","PM2.5","Pitt",35.6412760008938,-77.360126
2024-09-24,25,"Pitt Agri. Center","PM2.5","Pitt",35.6412760008938,-77.360126
2024-09-25,26,"Pitt Agri. Center","PM2.5","Pitt",35.6412760008938,-77.360126
2024-09-26,17,"Pitt Agri. Center","PM2.5","Pitt",35.6412760008938,-77.360126
2024-09-27,22,"Pitt Agri. Center","PM2.5","Pitt",35.6412760008938,-77.360126
2024-09-28,32,"Pitt Agri. Center","PM2.5","Pitt",35.6412760008938,-77.360126
2024-09-29,34,"Pitt Agri. Center","PM2.5","Pitt",35.6412760008938,-77.360126
2024-09-30,50,"Pitt Agri. Center","PM2.5","Pitt",35.6412760008938,-77.360126
2024-10-01,19,"Pitt Agri. Center","PM2.5","Pitt",35.6412760008938,-77.360126
2024-10-02,17,"Pitt Agri. Center","PM2.5","Pitt",35.6412760008938,-77.360126
2024-10-03,19,"Pitt Agri. Center","PM2.5","Pitt",35.6412760008938,-77.360126
2024-10-04,28,"Pitt Agri. Center","PM2.5","Pitt",35.6412760008938,-77.360126
2024-10-05,42,"Pitt Agri. Center","PM2.5","Pitt",35.6412760008938,-77.360126
2024-10-06,37,"Pitt Agri. Center","PM2.5","Pitt",35.6412760008938,-77.360126
2024-10-07,43,"Pitt Agri. Center","PM2.5","Pitt",35.6412760008938,-77.360126
2024-10-08,28,"Pitt Agri. Center","PM2.5","Pitt",35.6412760008938,-77.360126
2024-10-09,20,"Pitt Agri. Center","PM2.5","Pitt",35.6412760008938,-77.360126
2024-10-10,19,"Pitt Agri. Center","PM2.5","Pitt",35.6412760008938,-77.360126
2024-10-11,13,"Pitt Agri. Center","PM2.5","Pitt",35.6412760008938,-77.360126
2024-10-12,32,"Pitt Agri. Center","PM2.5","Pitt",35.6412760008938,-77.360126
2024-10-13,39,"Pitt Agri. Center","PM2.5","Pitt",35.6412760008938,-77.360126
2024-10-14,34,"Pitt Agri. Center","PM2.5","Pitt",35.6412760008938,-77.360126
2024-10-15,11,"Pitt Agri. Center","PM2.5","Pitt",35.6412760008938,-77.360126
2024-10-16,8,"Pitt Agri. Center","PM2.5","Pitt",35.6412760008938,-77.360126
2024-10-17,9,"Pitt Agri. Center","PM2.5","Pitt",35.6412760008938,-77.360126
2024-10-18,25,"Pitt Agri. Center","PM2.5","Pitt",35.6412760008938,-77.360126
2024-10-19,28,"Pitt Agri. Center","PM2.5","Pitt",35.6412760008938,-77.360126
2024-10-20,21,"Pitt Agri. Center","PM2.5","Pitt",35.6412760008938,-77.360126
2024-10-21,27,"Pitt Agri. Center","PM2.5","Pitt",35.6412760008938,-77.360126
2024-10-22,46,"Pitt Agri. Center","PM2.5","Pitt",35.6412760008938,-77.360126
2024-10-23,43,"Pitt Agri. Center","PM2.5","Pitt",35.6412760008938,-77.360126
2024-10-24,44,"Pitt Agri. Center","PM2.5","Pitt",35.6412760008938,-77.360126
2024-10-25,46,"Pitt Agri. Center","PM2.5","Pitt",35.6412760008938,-77.360126
2024-10-26,51,"Pitt Agri. Center","PM2.5","Pitt",35.6412760008938,-77.360126
2024-10-27,24,"Pitt Agri. Center","PM2.5","Pitt",35.6412760008938,-77.360126
2024-10-28,22,"Pitt Agri. Center","PM2.5","Pitt",35.6412760008938,-77.360126
2024-10-29,36,"Pitt Agri. Center","PM2.5","Pitt",35.6412760008938,-77.360126
2024-10-30,40,"Pitt Agri. Center","PM2.5","Pitt",35.6412760008938,-77.360126
2024-10-31,19,"Pitt Agri. Center","PM2.5","Pitt",35.6412760008938,-77.360126
2024-11-01,21,"Pitt Agri. Center","PM2.5","Pitt",35.6412760008938,-77.360126
2024-11-02,29,"Pitt Agri. Center","PM2.5","Pitt",35.6412760008938,-77.360126
2024-11-03,22,"Pitt Agri. Center","PM2.5","Pitt",35.6412760008938,-77.360126
2024-11-04,23,"Pitt Agri. Center","PM2.5","Pitt",35.6412760008938,-77.360126
2024-11-05,17,"Pitt Agri. Center","PM2.5","Pitt",35.6412760008938,-77.360126
2024-11-06,32,"Pitt Agri. Center","PM2.5","Pitt",35.6412760008938,-77.360126
2024-11-07,40,"Pitt Agri. Center","PM2.5","Pitt",35.6412760008938,-77.360126
2024-11-08,55,"Pitt Agri. Center","PM2.5","Pitt",35.6412760008938,-77.360126
2024-11-09,22,"Pitt Agri. Center","PM2.5","Pitt",35.6412760008938,-77.360126
2024-11-10,21,"Pitt Agri. Center","PM2.5","Pitt",35.6412760008938,-77.360126
2024-11-11,26,"Pitt Agri. Center","PM2.5","Pitt",35.6412760008938,-77.360126
2024-11-12,25,"Pitt Agri. Center","PM2.5","Pitt",35.6412760008938,-77.360126
2024-11-13,11,"Pitt Agri. Center","PM2.5","Pitt",35.6412760008938,-77.360126
2024-11-14,15,"Pitt Agri. Center","PM2.5","Pitt",35.6412760008938,-77.360126
2024-11-15,4,"Pitt Agri. Center","PM2.5","Pitt",35.6412760008938,-77.360126
2024-11-16,15,"Pitt Agri. Center","PM2.5","Pitt",35.6412760008938,-77.360126
2024-11-17,27,"Pitt Agri. Center","PM2.5","Pitt",35.6412760008938,-77.360126
2024-11-18,47,"Pitt Agri. Center","PM2.5","Pitt",35.6412760008938,-77.360126
2024-11-19,60,"Pitt Agri. Center","PM2.5","Pitt",35.6412760008938,-77.360126
2024-11-20,49,"Pitt Agri. Center","PM2.5","Pitt",35.6412760008938,-77.360126
2024-11-21,0,"Pitt Agri. Center","PM2.5","Pitt",35.6412760008938,-77.360126
2024-11-22,0,"Pitt Agri. Center","PM2.5","Pitt",35.6412760008938,-77.360126
2024-11-23,0,"Pitt Agri. Center","PM2.5","Pitt",35.6412760008938,-77.360126
2024-11-24,22,"Pitt Agri. Center","PM2.5","Pitt",35.6412760008938,-77.360126
2024-11-25,51,"Pitt Agri. Center","PM2.5","Pitt",35.6412760008938,-77.360126
2024-12-10,52,"Pitt Agri. Center","PM2.5","Pitt",35.6412760008938,-77.360126
2024-12-11,5,"Pitt Agri. Center","PM2.5","Pitt",35.6412760008938,-77.360126
2024-12-12,11,"Pitt Agri. Center","PM2.5","Pitt",35.6412760008938,-77.360126
2024-12-13,33,"Pitt Agri. Center","PM2.5","Pitt",35.6412760008938,-77.360126
2024-12-14,21,"Pitt Agri. Center","PM2.5","Pitt",35.6412760008938,-77.360126
2024-12-15,14,"Pitt Agri. Center","PM2.5","Pitt",35.6412760008938,-77.360126
2024-12-16,22,"Pitt Agri. Center","PM2.5","Pitt",35.6412760008938,-77.360126
2024-12-17,28,"Pitt Agri. Center","PM2.5","Pitt",35.6412760008938,-77.360126
2024-12-18,36,"Pitt Agri. Center","PM2.5","Pitt",35.6412760008938,-77.360126
2024-12-19,10,"Pitt Agri. Center","PM2.5","Pitt",35.6412760008938,-77.360126
2024-12-20,21,"Pitt Agri. Center","PM2.5","Pitt",35.6412760008938,-77.360126
2024-12-21,17,"Pitt Agri. Center","PM2.5","Pitt",35.6412760008938,-77.360126
2024-12-22,11,"Pitt Agri. Center","PM2.5","Pitt",35.6412760008938,-77.360126
2024-12-23,14,"Pitt Agri. Center","PM2.5","Pitt",35.6412760008938,-77.360126
2024-12-24,19,"Pitt Agri. Center","PM2.5","Pitt",35.6412760008938,-77.360126
2024-12-25,21,"Pitt Agri. Center","PM2.5","Pitt",35.6412760008938,-77.360126
2024-12-26,30,"Pitt Agri. Center","PM2.5","Pitt",35.6412760008938,-77.360126
2024-12-27,35,"Pitt Agri. Center","PM2.5","Pitt",35.6412760008938,-77.360126
2024-12-28,10,"Pitt Agri. Center","PM2.5","Pitt",35.6412760008938,-77.360126
2024-12-29,7,"Pitt Agri. Center","PM2.5","Pitt",35.6412760008938,-77.360126
2024-12-30,8,"Pitt Agri. Center","PM2.5","Pitt",35.6412760008938,-77.360126
2024-12-31,33,"Pitt Agri. Center","PM2.5","Pitt",35.6412760008938,-77.360126
2024-01-01,36,"Rockwell","PM2.5","Rowan",35.551868,-80.395039
2024-01-02,24,"Rockwell","PM2.5","Rowan",35.551868,-80.395039
2024-01-03,55,"Rockwell","PM2.5","Rowan",35.551868,-80.395039
2024-01-04,33,"Rockwell","PM2.5","Rowan",35.551868,-80.395039
2024-01-05,43,"Rockwell","PM2.5","Rowan",35.551868,-80.395039
2024-01-06,39,"Rockwell","PM2.5","Rowan",35.551868,-80.395039
2024-01-07,11,"Rockwell","PM2.5","Rowan",35.551868,-80.395039
2024-01-08,27,"Rockwell","PM2.5","Rowan",35.551868,-80.395039
2024-01-09,16,"Rockwell","PM2.5","Rowan",35.551868,-80.395039
2024-01-10,8,"Rockwell","PM2.5","Rowan",35.551868,-80.395039
2024-01-11,58,"Rockwell","PM2.5","Rowan",35.551868,-80.395039
2024-01-12,55,"Rockwell","PM2.5","Rowan",35.551868,-80.395039
2024-01-13,18,"Rockwell","PM2.5","Rowan",35.551868,-80.395039
2024-01-14,28,"Rockwell","PM2.5","Rowan",35.551868,-80.395039
2024-01-15,43,"Rockwell","PM2.5","Rowan",35.551868,-80.395039
2024-01-16,34,"Rockwell","PM2.5","Rowan",35.551868,-80.395039
2024-01-17,24,"Rockwell","PM2.5","Rowan",35.551868,-80.395039
2024-01-18,42,"Rockwell","PM2.5","Rowan",35.551868,-80.395039
2024-01-19,31,"Rockwell","PM2.5","Rowan",35.551868,-80.395039
2024-01-20,23,"Rockwell","PM2.5","Rowan",35.551868,-80.395039
2024-01-21,25,"Rockwell","PM2.5","Rowan",35.551868,-80.395039
2024-01-22,64,"Rockwell","PM2.5","Rowan",35.551868,-80.395039
2024-01-23,66,"Rockwell","PM2.5","Rowan",35.551868,-80.395039
2024-01-24,59,"Rockwell","PM2.5","Rowan",35.551868,-80.395039
2024-01-25,11,"Rockwell","PM2.5","Rowan",35.551868,-80.395039
2024-01-26,25,"Rockwell","PM2.5","Rowan",35.551868,-80.395039
2024-01-27,43,"Rockwell","PM2.5","Rowan",35.551868,-80.395039
2024-01-28,4,"Rockwell","PM2.5","Rowan",35.551868,-80.395039
2024-01-29,2,"Rockwell","PM2.5","Rowan",35.551868,-80.395039
2024-01-30,24,"Rockwell","PM2.5","Rowan",35.551868,-80.395039
2024-01-31,34,"Rockwell","PM2.5","Rowan",35.551868,-80.395039
2024-02-01,39,"Rockwell","PM2.5","Rowan",35.551868,-80.395039
2024-02-02,38,"Rockwell","PM2.5","Rowan",35.551868,-80.395039
2024-02-03,30,"Rockwell","PM2.5","Rowan",35.551868,-80.395039
2024-02-04,54,"Rockwell","PM2.5","Rowan",35.551868,-80.395039
2024-02-05,29,"Rockwell","PM2.5","Rowan",35.551868,-80.395039
2024-02-06,36,"Rockwell","PM2.5","Rowan",35.551868,-80.395039
2024-02-07,36,"Rockwell","PM2.5","Rowan",35.551868,-80.395039
2024-02-08,62,"Rockwell","PM2.5","Rowan",35.551868,-80.395039
2024-02-09,64,"Rockwell","PM2.5","Rowan",35.551868,-80.395039
2024-02-10,57,"Rockwell","PM2.5","Rowan",35.551868,-80.395039
2024-02-11,36,"Rockwell","PM2.5","Rowan",35.551868,-80.395039
2024-02-12,11,"Rockwell","PM2.5","Rowan",35.551868,-80.395039
2024-02-13,8,"Rockwell","PM2.5","Rowan",35.551868,-80.395039
2024-02-14,31,"Rockwell","PM2.5","Rowan",35.551868,-80.395039
2024-02-15,52,"Rockwell","PM2.5","Rowan",35.551868,-80.395039
2024-02-16,46,"Rockwell","PM2.5","Rowan",35.551868,-80.395039
2024-02-17,25,"Rockwell","PM2.5","Rowan",35.551868,-80.395039
2024-02-18,36,"Rockwell","PM2.5","Rowan",35.551868,-80.395039
2024-02-19,57,"Rockwell","PM2.5","Rowan",35.551868,-80.395039
2024-02-20,60,"Rockwell","PM2.5","Rowan",35.551868,-80.395039
2024-02-21,74,"Rockwell","PM2.5","Rowan",35.551868,-80.395039
2024-02-22,71,"Rockwell","PM2.5","Rowan",35.551868,-80.395039
2024-02-23,67,"Rockwell","PM2.5","Rowan",35.551868,-80.395039
2024-02-24,13,"Rockwell","PM2.5","Rowan",35.551868,-80.395039
2024-02-25,16,"Rockwell","PM2.5","Rowan",35.551868,-80.395039
2024-02-26,57,"Rockwell","PM2.5","Rowan",35.551868,-80.395039
2024-02-27,64,"Rockwell","PM2.5","Rowan",35.551868,-80.395039
2024-02-28,39,"Rockwell","PM2.5","Rowan",35.551868,-80.395039
2024-02-29,17,"Rockwell","PM2.5","Rowan",35.551868,-80.395039
2024-03-01,35,"Rockwell","PM2.5","Rowan",35.551868,-80.395039
2024-03-02,23,"Rockwell","PM2.5","Rowan",35.551868,-80.395039
2024-03-03,47,"Rockwell","PM2.5","Rowan",35.551868,-80.395039
2024-03-04,59,"Rockwell","PM2.5","Rowan",35.551868,-80.395039
2024-03-05,42,"Rockwell","PM2.5","Rowan",35.551868,-80.395039
2024-03-06,46,"Rockwell","PM2.5","Rowan",35.551868,-80.395039
2024-03-07,14,"Rockwell","PM2.5","Rowan",35.551868,-80.395039
2024-03-08,27,"Rockwell","PM2.5","Rowan",35.551868,-80.395039
2024-03-09,17,"Rockwell","PM2.5","Rowan",35.551868,-80.395039
2024-03-10,0,"Rockwell","PM2.5","Rowan",35.551868,-80.395039
2024-03-11,12,"Rockwell","PM2.5","Rowan",35.551868,-80.395039
2024-03-12,37,"Rockwell","PM2.5","Rowan",35.551868,-80.395039
2024-03-13,56,"Rockwell","PM2.5","Rowan",35.551868,-80.395039
2024-03-14,66,"Rockwell","PM2.5","Rowan",35.551868,-80.395039
2024-03-15,89,"Rockwell","PM2.5","Rowan",35.551868,-80.395039
2024-03-16,51,"Rockwell","PM2.5","Rowan",35.551868,-80.395039
2024-03-17,37,"Rockwell","PM2.5","Rowan",35.551868,-80.395039
2024-03-18,14,"Rockwell","PM2.5","Rowan",35.551868,-80.395039
2024-03-19,15,"Rockwell","PM2.5","Rowan",35.551868,-80.395039
2024-03-20,36,"Rockwell","PM2.5","Rowan",35.551868,-80.395039
2024-03-21,36,"Rockwell","PM2.5","Rowan",35.551868,-80.395039
2024-03-22,59,"Rockwell","PM2.5","Rowan",35.551868,-80.395039
2024-03-23,13,"Rockwell","PM2.5","Rowan",35.551868,-80.395039
2024-03-24,21,"Rockwell","PM2.5","Rowan",35.551868,-80.395039
2024-03-25,26,"Rockwell","PM2.5","Rowan",35.551868,-80.395039
2024-03-26,49,"Rockwell","PM2.5","Rowan",35.551868,-80.395039
2024-03-27,19,"Rockwell","PM2.5","Rowan",35.551868,-80.395039
2024-03-28,14,"Rockwell","PM2.5","Rowan",35.551868,-80.395039
2024-03-29,23,"Rockwell","PM2.5","Rowan",35.551868,-80.395039
2024-03-30,43,"Rockwell","PM2.5","Rowan",35.551868,-80.395039
2024-03-31,48,"Rockwell","PM2.5","Rowan",35.551868,-80.395039
2024-04-01,59,"Rockwell","PM2.5","Rowan",35.551868,-80.395039
2024-04-02,57,"Rockwell","PM2.5","Rowan",35.551868,-80.395039
2024-04-03,27,"Rockwell","PM2.5","Rowan",35.551868,-80.395039
2024-04-04,17,"Rockwell","PM2.5","Rowan",35.551868,-80.395039
2024-04-05,9,"Rockwell","PM2.5","Rowan",35.551868,-80.395039
2024-04-06,6,"Rockwell","PM2.5","Rowan",35.551868,-80.395039
2024-04-07,52,"Rockwell","PM2.5","Rowan",35.551868,-80.395039
2024-04-08,47,"Rockwell","PM2.5","Rowan",35.551868,-80.395039
2024-04-09,51,"Rockwell","PM2.5","Rowan",35.551868,-80.395039
2024-04-10,51,"Rockwell","PM2.5","Rowan",35.551868,-80.395039
2024-04-11,24,"Rockwell","PM2.5","Rowan",35.551868,-80.395039
2024-04-12,6,"Rockwell","PM2.5","Rowan",35.551868,-80.395039
2024-04-13,18,"Rockwell","PM2.5","Rowan",35.551868,-80.395039
2024-04-14,36,"Rockwell","PM2.5","Rowan",35.551868,-80.395039
2024-04-15,52,"Rockwell","PM2.5","Rowan",35.551868,-80.395039
2024-04-16,61,"Rockwell","PM2.5","Rowan",35.551868,-80.395039
2024-04-17,60,"Rockwell","PM2.5","Rowan",35.551868,-80.395039
2024-04-18,42,"Rockwell","PM2.5","Rowan",35.551868,-80.395039
2024-04-27,50,"Rockwell","PM2.5","Rowan",35.551868,-80.395039
2024-04-28,41,"Rockwell","PM2.5","Rowan",35.551868,-80.395039
2024-04-29,40,"Rockwell","PM2.5","Rowan",35.551868,-80.395039
2024-04-30,42,"Rockwell","PM2.5","Rowan",35.551868,-80.395039
2024-05-01,26,"Rockwell","PM2.5","Rowan",35.551868,-80.395039
2024-05-02,40,"Rockwell","PM2.5","Rowan",35.551868,-80.395039
2024-05-03,53,"Rockwell","PM2.5","Rowan",35.551868,-80.395039
2024-05-04,41,"Rockwell","PM2.5","Rowan",35.551868,-80.395039
2024-05-05,12,"Rockwell","PM2.5","Rowan",35.551868,-80.395039
2024-05-06,47,"Rockwell","PM2.5","Rowan",35.551868,-80.395039
2024-05-07,41,"Rockwell","PM2.5","Rowan",35.551868,-80.395039
2024-05-08,52,"Rockwell","PM2.5","Rowan",35.551868,-80.395039
2024-05-09,20,"Rockwell","PM2.5","Rowan",35.551868,-80.395039
2024-05-10,18,"Rockwell","PM2.5","Rowan",35.551868,-80.395039
2024-05-11,20,"Rockwell","PM2.5","Rowan",35.551868,-80.395039
2024-05-12,22,"Rockwell","PM2.5","Rowan",35.551868,-80.395039
2024-05-13,42,"Rockwell","PM2.5","Rowan",35.551868,-80.395039
2024-05-14,21,"Rockwell","PM2.5","Rowan",35.551868,-80.395039
2024-05-15,15,"Rockwell","PM2.5","Rowan",35.551868,-80.395039
2024-05-16,21,"Rockwell","PM2.5","Rowan",35.551868,-80.395039
2024-05-17,36,"Rockwell","PM2.5","Rowan",35.551868,-80.395039
2024-05-18,29,"Rockwell","PM2.5","Rowan",35.551868,-80.395039
2024-05-19,9,"Rockwell","PM2.5","Rowan",35.551868,-80.395039
2024-05-20,28,"Rockwell","PM2.5","Rowan",35.551868,-80.395039
2024-05-21,39,"Rockwell","PM2.5","Rowan",35.551868,-80.395039
2024-05-22,43,"Rockwell","PM2.5","Rowan",35.551868,-80.395039
2024-05-23,54,"Rockwell","PM2.5","Rowan",35.551868,-80.395039
2024-05-24,37,"Rockwell","PM2.5","Rowan",35.551868,-80.395039
2024-05-25,39,"Rockwell","PM2.5","Rowan",35.551868,-80.395039
2024-05-26,43,"Rockwell","PM2.5","Rowan",35.551868,-80.395039
2024-05-27,40,"Rockwell","PM2.5","Rowan",35.551868,-80.395039
2024-05-28,31,"Rockwell","PM2.5","Rowan",35.551868,-80.395039
2024-05-29,23,"Rockwell","PM2.5","Rowan",35.551868,-80.395039
2024-05-30,23,"Rockwell","PM2.5","Rowan",35.551868,-80.395039
2024-05-31,36,"Rockwell","PM2.5","Rowan",35.551868,-80.395039
2024-06-01,47,"Rockwell","PM2.5","Rowan",35.551868,-80.395039
2024-06-02,31,"Rockwell","PM2.5","Rowan",35.551868,-80.395039
2024-06-03,38,"Rockwell","PM2.5","Rowan",35.551868,-80.395039
2024-06-04,36,"Rockwell","PM2.5","Rowan",35.551868,-80.395039
2024-06-05,40,"Rockwell","PM2.5","Rowan",35.551868,-80.395039
2024-06-06,35,"Rockwell","PM2.5","Rowan",35.551868,-80.395039
2024-06-07,27,"Rockwell","PM2.5","Rowan",35.551868,-80.395039
2024-06-08,34,"Rockwell","PM2.5","Rowan",35.551868,-80.395039
2024-06-09,46,"Rockwell","PM2.5","Rowan",35.551868,-80.395039
2024-06-10,25,"Rockwell","PM2.5","Rowan",35.551868,-80.395039
2024-06-11,39,"Rockwell","PM2.5","Rowan",35.551868,-80.395039
2024-06-12,55,"Rockwell","PM2.5","Rowan",35.551868,-80.395039
2024-06-13,52,"Rockwell","PM2.5","Rowan",35.551868,-80.395039
2024-06-14,56,"Rockwell","PM2.5","Rowan",35.551868,-80.395039
2024-06-15,53,"Rockwell","PM2.5","Rowan",35.551868,-80.395039
2024-06-16,58,"Rockwell","PM2.5","Rowan",35.551868,-80.395039
2024-06-17,52,"Rockwell","PM2.5","Rowan",35.551868,-80.395039
2024-06-18,52,"Rockwell","PM2.5","Rowan",35.551868,-80.395039
2024-06-19,34,"Rockwell","PM2.5","Rowan",35.551868,-80.395039
2024-06-20,37,"Rockwell","PM2.5","Rowan",35.551868,-80.395039
2024-06-21,42,"Rockwell","PM2.5","Rowan",35.551868,-80.395039
2024-06-22,29,"Rockwell","PM2.5","Rowan",35.551868,-80.395039
2024-06-23,33,"Rockwell","PM2.5","Rowan",35.551868,-80.395039
2024-06-24,39,"Rockwell","PM2.5","Rowan",35.551868,-80.395039
2024-06-25,44,"Rockwell","PM2.5","Rowan",35.551868,-80.395039
2024-06-26,60,"Rockwell","PM2.5","Rowan",35.551868,-80.395039
2024-06-27,52,"Rockwell","PM2.5","Rowan",35.551868,-80.395039
2024-06-28,54,"Rockwell","PM2.5","Rowan",35.551868,-80.395039
2024-06-29,44,"Rockwell","PM2.5","Rowan",35.551868,-80.395039
2024-06-30,44,"Rockwell","PM2.5","Rowan",35.551868,-80.395039
2024-07-01,29,"Rockwell","PM2.5","Rowan",35.551868,-80.395039
2024-07-02,27,"Rockwell","PM2.5","Rowan",35.551868,-80.395039
2024-07-03,51,"Rockwell","PM2.5","Rowan",35.551868,-80.395039
2024-07-04,53,"Rockwell","PM2.5","Rowan",35.551868,-80.395039
2024-07-05,52,"Rockwell","PM2.5","Rowan",35.551868,-80.395039
2024-07-06,36,"Rockwell","PM2.5","Rowan",35.551868,-80.395039
2024-07-07,34,"Rockwell","PM2.5","Rowan",35.551868,-80.395039
2024-07-08,28,"Rockwell","PM2.5","Rowan",35.551868,-80.395039
2024-07-09,46,"Rockwell","PM2.5","Rowan",35.551868,-80.395039
2024-07-10,33,"Rockwell","PM2.5","Rowan",35.551868,-80.395039
2024-07-11,19,"Rockwell","PM2.5","Rowan",35.551868,-80.395039
2024-07-12,39,"Rockwell","PM2.5","Rowan",35.551868,-80.395039
2024-07-13,28,"Rockwell","PM2.5","Rowan",35.551868,-80.395039
2024-07-14,54,"Rockwell","PM2.5","Rowan",35.551868,-80.395039
2024-07-15,55,"Rockwell","PM2.5","Rowan",35.551868,-80.395039
2024-07-16,52,"Rockwell","PM2.5","Rowan",35.551868,-80.395039
2024-07-17,48,"Rockwell","PM2.5","Rowan",35.551868,-80.395039
2024-07-18,34,"Rockwell","PM2.5","Rowan",35.551868,-80.395039
2024-07-19,32,"Rockwell","PM2.5","Rowan",35.551868,-80.395039
2024-07-20,17,"Rockwell","PM2.5","Rowan",35.551868,-80.395039
2024-07-21,22,"Rockwell","PM2.5","Rowan",35.551868,-80.395039
2024-07-22,17,"Rockwell","PM2.5","Rowan",35.551868,-80.395039
2024-07-23,29,"Rockwell","PM2.5","Rowan",35.551868,-80.395039
2024-07-24,25,"Rockwell","PM2.5","Rowan",35.551868,-80.395039
2024-07-25,22,"Rockwell","PM2.5","Rowan",35.551868,-80.395039
2024-07-26,44,"Rockwell","PM2.5","Rowan",35.551868,-80.395039
2024-07-27,56,"Rockwell","PM2.5","Rowan",35.551868,-80.395039
2024-07-28,58,"Rockwell","PM2.5","Rowan",35.551868,-80.395039
2024-07-29,49,"Rockwell","PM2.5","Rowan",35.551868,-80.395039
2024-07-30,26,"Rockwell","PM2.5","Rowan",35.551868,-80.395039
2024-07-31,26,"Rockwell","PM2.5","Rowan",35.551868,-80.395039
2024-08-01,45,"Rockwell","PM2.5","Rowan",35.551868,-80.395039
2024-08-02,55,"Rockwell","PM2.5","Rowan",35.551868,-80.395039
2024-08-03,58,"Rockwell","PM2.5","Rowan",35.551868,-80.395039
2024-08-04,36,"Rockwell","PM2.5","Rowan",35.551868,-80.395039
2024-08-05,29,"Rockwell","PM2.5","Rowan",35.551868,-80.395039
2024-08-06,11,"Rockwell","PM2.5","Rowan",35.551868,-80.395039
2024-08-07,8,"Rockwell","PM2.5","Rowan",35.551868,-80.395039
2024-08-08,6,"Rockwell","PM2.5","Rowan",35.551868,-80.395039
2024-08-09,22,"Rockwell","PM2.5","Rowan",35.551868,-80.395039
2024-08-10,48,"Rockwell","PM2.5","Rowan",35.551868,-80.395039
2024-08-11,52,"Rockwell","PM2.5","Rowan",35.551868,-80.395039
2024-08-12,51,"Rockwell","PM2.5","Rowan",35.551868,-80.395039
2024-08-13,49,"Rockwell","PM2.5","Rowan",35.551868,-80.395039
2024-08-14,41,"Rockwell","PM2.5","Rowan",35.551868,-80.395039
2024-08-15,41,"Rockwell","PM2.5","Rowan",35.551868,-80.395039
2024-08-16,57,"Rockwell","PM2.5","Rowan",35.551868,-80.395039
2024-08-17,44,"Rockwell","PM2.5","Rowan",35.551868,-80.395039
2024-08-18,27,"Rockwell","PM2.5","Rowan",35.551868,-80.395039
2024-08-19,16,"Rockwell","PM2.5","Rowan",35.551868,-80.395039
2024-08-20,37,"Rockwell","PM2.5","Rowan",35.551868,-80.395039
2024-08-21,39,"Rockwell","PM2.5","Rowan",35.551868,-80.395039
2024-08-22,29,"Rockwell","PM2.5","Rowan",35.551868,-80.395039
2024-08-23,47,"Rockwell","PM2.5","Rowan",35.551868,-80.395039
2024-08-24,52,"Rockwell","PM2.5","Rowan",35.551868,-80.395039
2024-08-25,53,"Rockwell","PM2.5","Rowan",35.551868,-80.395039
2024-08-26,55,"Rockwell","PM2.5","Rowan",35.551868,-80.395039
2024-08-27,64,"Rockwell","PM2.5","Rowan",35.551868,-80.395039
2024-08-28,68,"Rockwell","PM2.5","Rowan",35.551868,-80.395039
2024-08-29,60,"Rockwell","PM2.5","Rowan",35.551868,-80.395039
2024-08-30,55,"Rockwell","PM2.5","Rowan",35.551868,-80.395039
2024-08-31,54,"Rockwell","PM2.5","Rowan",35.551868,-80.395039
2024-09-01,32,"Rockwell","PM2.5","Rowan",35.551868,-80.395039
2024-09-02,36,"Rockwell","PM2.5","Rowan",35.551868,-80.395039
2024-09-03,18,"Rockwell","PM2.5","Rowan",35.551868,-80.395039
2024-09-04,26,"Rockwell","PM2.5","Rowan",35.551868,-80.395039
2024-09-05,29,"Rockwell","PM2.5","Rowan",35.551868,-80.395039
2024-09-06,37,"Rockwell","PM2.5","Rowan",35.551868,-80.395039
2024-09-07,31,"Rockwell","PM2.5","Rowan",35.551868,-80.395039
2024-09-08,20,"Rockwell","PM2.5","Rowan",35.551868,-80.395039
2024-09-09,33,"Rockwell","PM2.5","Rowan",35.551868,-80.395039
2024-09-10,50,"Rockwell","PM2.5","Rowan",35.551868,-80.395039
2024-09-11,47,"Rockwell","PM2.5","Rowan",35.551868,-80.395039
2024-09-12,45,"Rockwell","PM2.5","Rowan",35.551868,-80.395039
2024-09-13,32,"Rockwell","PM2.5","Rowan",35.551868,-80.395039
2024-09-14,18,"Rockwell","PM2.5","Rowan",35.551868,-80.395039
2024-09-15,32,"Rockwell","PM2.5","Rowan",35.551868,-80.395039
2024-09-16,27,"Rockwell","PM2.5","Rowan",35.551868,-80.395039
2024-09-17,10,"Rockwell","PM2.5","Rowan",35.551868,-80.395039
2024-09-18,52,"Rockwell","PM2.5","Rowan",35.551868,-80.395039
2024-09-19,14,"Rockwell","PM2.5","Rowan",35.551868,-80.395039
2024-09-20,30,"Rockwell","PM2.5","Rowan",35.551868,-80.395039
2024-09-21,47,"Rockwell","PM2.5","Rowan",35.551868,-80.395039
2024-09-22,48,"Rockwell","PM2.5","Rowan",35.551868,-80.395039
2024-09-23,55,"Rockwell","PM2.5","Rowan",35.551868,-80.395039
2024-09-24,51,"Rockwell","PM2.5","Rowan",35.551868,-80.395039
2024-09-25,33,"Rockwell","PM2.5","Rowan",35.551868,-80.395039
2024-09-26,22,"Rockwell","PM2.5","Rowan",35.551868,-80.395039
2024-09-27,23,"Rockwell","PM2.5","Rowan",35.551868,-80.395039
2024-09-28,52,"Rockwell","PM2.5","Rowan",35.551868,-80.395039
2024-09-29,52,"Rockwell","PM2.5","Rowan",35.551868,-80.395039
2024-09-30,58,"Rockwell","PM2.5","Rowan",35.551868,-80.395039
2024-10-01,25,"Rockwell","PM2.5","Rowan",35.551868,-80.395039
2024-10-02,18,"Rockwell","PM2.5","Rowan",35.551868,-80.395039
2024-10-03,49,"Rockwell","PM2.5","Rowan",35.551868,-80.395039
2024-10-04,39,"Rockwell","PM2.5","Rowan",35.551868,-80.395039
2024-10-05,50,"Rockwell","PM2.5","Rowan",35.551868,-80.395039
2024-10-06,56,"Rockwell","PM2.5","Rowan",35.551868,-80.395039
2024-10-07,54,"Rockwell","PM2.5","Rowan",35.551868,-80.395039
2024-10-16,7,"Rockwell","PM2.5","Rowan",35.551868,-80.395039
2024-10-17,23,"Rockwell","PM2.5","Rowan",35.551868,-80.395039
2024-10-18,33,"Rockwell","PM2.5","Rowan",35.551868,-80.395039
2024-10-19,52,"Rockwell","PM2.5","Rowan",35.551868,-80.395039
2024-10-20,54,"Rockwell","PM2.5","Rowan",35.551868,-80.395039
2024-10-21,50,"Rockwell","PM2.5","Rowan",35.551868,-80.395039
2024-10-22,55,"Rockwell","PM2.5","Rowan",35.551868,-80.395039
2024-10-23,51,"Rockwell","PM2.5","Rowan",35.551868,-80.395039
2024-10-24,41,"Rockwell","PM2.5","Rowan",35.551868,-80.395039
2024-10-25,57,"Rockwell","PM2.5","Rowan",35.551868,-80.395039
2024-10-26,57,"Rockwell","PM2.5","Rowan",35.551868,-80.395039
2024-10-27,35,"Rockwell","PM2.5","Rowan",35.551868,-80.395039
2024-10-28,53,"Rockwell","PM2.5","Rowan",35.551868,-80.395039
2024-10-29,52,"Rockwell","PM2.5","Rowan",35.551868,-80.395039
2024-10-30,41,"Rockwell","PM2.5","Rowan",35.551868,-80.395039
2024-10-31,40,"Rockwell","PM2.5","Rowan",35.551868,-80.395039
2024-11-01,47,"Rockwell","PM2.5","Rowan",35.551868,-80.395039
2024-11-02,40,"Rockwell","PM2.5","Rowan",35.551868,-80.395039
2024-11-03,45,"Rockwell","PM2.5","Rowan",35.551868,-80.395039
2024-11-04,38,"Rockwell","PM2.5","Rowan",35.551868,-80.395039
2024-11-05,52,"Rockwell","PM2.5","Rowan",35.551868,-80.395039
2024-11-06,37,"Rockwell","PM2.5","Rowan",35.551868,-80.395039
2024-11-07,29,"Rockwell","PM2.5","Rowan",35.551868,-80.395039
2024-11-08,49,"Rockwell","PM2.5","Rowan",35.551868,-80.395039
2024-11-09,44,"Rockwell","PM2.5","Rowan",35.551868,-80.395039
2024-11-10,52,"Rockwell","PM2.5","Rowan",35.551868,-80.395039
2024-11-11,46,"Rockwell","PM2.5","Rowan",35.551868,-80.395039
2024-11-12,26,"Rockwell","PM2.5","Rowan",35.551868,-80.395039
2024-11-13,17,"Rockwell","PM2.5","Rowan",35.551868,-80.395039
2024-11-14,23,"Rockwell","PM2.5","Rowan",35.551868,-80.395039
2024-11-15,11,"Rockwell","PM2.5","Rowan",35.551868,-80.395039
2024-11-16,31,"Rockwell","PM2.5","Rowan",35.551868,-80.395039
2024-11-17,61,"Rockwell","PM2.5","Rowan",35.551868,-80.395039
2024-11-18,71,"Rockwell","PM2.5","Rowan",35.551868,-80.395039
2024-11-19,59,"Rockwell","PM2.5","Rowan",35.551868,-80.395039
2024-11-20,32,"Rockwell","PM2.5","Rowan",35.551868,-80.395039
2024-11-21,8,"Rockwell","PM2.5","Rowan",35.551868,-80.395039
2024-11-22,3,"Rockwell","PM2.5","Rowan",35.551868,-80.395039
2024-11-23,15,"Rockwell","PM2.5","Rowan",35.551868,-80.395039
2024-11-24,57,"Rockwell","PM2.5","Rowan",35.551868,-80.395039
2024-11-25,55,"Rockwell","PM2.5","Rowan",35.551868,-80.395039
2024-11-26,26,"Rockwell","PM2.5","Rowan",35.551868,-80.395039
2024-11-27,41,"Rockwell","PM2.5","Rowan",35.551868,-80.395039
2024-11-28,34,"Rockwell","PM2.5","Rowan",35.551868,-80.395039
2024-11-29,16,"Rockwell","PM2.5","Rowan",35.551868,-80.395039
2024-11-30,29,"Rockwell","PM2.5","Rowan",35.551868,-80.395039
2024-12-01,40,"Rockwell","PM2.5","Rowan",35.551868,-80.395039
2024-12-02,15,"Rockwell","PM2.5","Rowan",35.551868,-80.395039
2024-12-03,20,"Rockwell","PM2.5","Rowan",35.551868,-80.395039
2024-12-04,53,"Rockwell","PM2.5","Rowan",35.551868,-80.395039
2024-12-05,32,"Rockwell","PM2.5","Rowan",35.551868,-80.395039
2024-12-06,23,"Rockwell","PM2.5","Rowan",35.551868,-80.395039
2024-12-07,59,"Rockwell","PM2.5","Rowan",35.551868,-80.395039
2024-12-08,52,"Rockwell","PM2.5","Rowan",35.551868,-80.395039
2024-12-09,56,"Rockwell","PM2.5","Rowan",35.551868,-80.395039
2024-12-10,51,"Rockwell","PM2.5","Rowan",35.551868,-80.395039
2024-12-11,11,"Rockwell","PM2.5","Rowan",35.551868,-80.395039
2024-12-14,64,"Rockwell","PM2.5","Rowan",35.551868,-80.395039
2024-12-15,42,"Rockwell","PM2.5","Rowan",35.551868,-80.395039
2024-12-16,34,"Rockwell","PM2.5","Rowan",35.551868,-80.395039
2024-12-17,51,"Rockwell","PM2.5","Rowan",35.551868,-80.395039
2024-12-18,54,"Rockwell","PM2.5","Rowan",35.551868,-80.395039
2024-12-19,11,"Rockwell","PM2.5","Rowan",35.551868,-80.395039
2024-12-20,29,"Rockwell","PM2.5","Rowan",35.551868,-80.395039
2024-12-21,7,"Rockwell","PM2.5","Rowan",35.551868,-80.395039
2024-12-22,26,"Rockwell","PM2.5","Rowan",35.551868,-80.395039
2024-12-23,53,"Rockwell","PM2.5","Rowan",35.551868,-80.395039
2024-12-24,59,"Rockwell","PM2.5","Rowan",35.551868,-80.395039
2024-12-25,61,"Rockwell","PM2.5","Rowan",35.551868,-80.395039
2024-12-26,64,"Rockwell","PM2.5","Rowan",35.551868,-80.395039
2024-12-27,54,"Rockwell","PM2.5","Rowan",35.551868,-80.395039
2024-12-28,28,"Rockwell","PM2.5","Rowan",35.551868,-80.395039
2024-12-29,18,"Rockwell","PM2.5","Rowan",35.551868,-80.395039
2024-12-30,16,"Rockwell","PM2.5","Rowan",35.551868,-80.395039
2024-12-31,33,"Rockwell","PM2.5","Rowan",35.551868,-80.395039
2024-01-01,43,"Bryson City","PM2.5","Swain",35.434767,-83.442133
2024-01-02,21,"Bryson City","PM2.5","Swain",35.434767,-83.442133
2024-01-03,34,"Bryson City","PM2.5","Swain",35.434767,-83.442133
2024-01-04,31,"Bryson City","PM2.5","Swain",35.434767,-83.442133
2024-01-05,45,"Bryson City","PM2.5","Swain",35.434767,-83.442133
2024-01-06,16,"Bryson City","PM2.5","Swain",35.434767,-83.442133
2024-01-07,8,"Bryson City","PM2.5","Swain",35.434767,-83.442133
2024-01-08,17,"Bryson City","PM2.5","Swain",35.434767,-83.442133
2024-01-09,8,"Bryson City","PM2.5","Swain",35.434767,-83.442133
2024-01-10,20,"Bryson City","PM2.5","Swain",35.434767,-83.442133
2024-01-11,32,"Bryson City","PM2.5","Swain",35.434767,-83.442133
2024-01-12,33,"Bryson City","PM2.5","Swain",35.434767,-83.442133
2024-01-13,13,"Bryson City","PM2.5","Swain",35.434767,-83.442133
2024-01-14,36,"Bryson City","PM2.5","Swain",35.434767,-83.442133
2024-01-15,43,"Bryson City","PM2.5","Swain",35.434767,-83.442133
2024-01-16,14,"Bryson City","PM2.5","Swain",35.434767,-83.442133
2024-01-17,12,"Bryson City","PM2.5","Swain",35.434767,-83.442133
2024-01-18,32,"Bryson City","PM2.5","Swain",35.434767,-83.442133
2024-01-19,22,"Bryson City","PM2.5","Swain",35.434767,-83.442133
2024-01-20,12,"Bryson City","PM2.5","Swain",35.434767,-83.442133
2024-01-21,30,"Bryson City","PM2.5","Swain",35.434767,-83.442133
2024-01-22,34,"Bryson City","PM2.5","Swain",35.434767,-83.442133
2024-01-23,48,"Bryson City","PM2.5","Swain",35.434767,-83.442133
2024-01-24,32,"Bryson City","PM2.5","Swain",35.434767,-83.442133
2024-01-25,10,"Bryson City","PM2.5","Swain",35.434767,-83.442133
2024-01-26,12,"Bryson City","PM2.5","Swain",35.434767,-83.442133
2024-01-27,17,"Bryson City","PM2.5","Swain",35.434767,-83.442133
2024-01-28,0,"Bryson City","PM2.5","Swain",35.434767,-83.442133
2024-01-29,4,"Bryson City","PM2.5","Swain",35.434767,-83.442133
2024-01-30,9,"Bryson City","PM2.5","Swain",35.434767,-83.442133
2024-01-31,12,"Bryson City","PM2.5","Swain",35.434767,-83.442133
2024-02-01,15,"Bryson City","PM2.5","Swain",35.434767,-83.442133
2024-02-02,41,"Bryson City","PM2.5","Swain",35.434767,-83.442133
2024-02-03,53,"Bryson City","PM2.5","Swain",35.434767,-83.442133
2024-02-04,23,"Bryson City","PM2.5","Swain",35.434767,-83.442133
2024-02-05,18,"Bryson City","PM2.5","Swain",35.434767,-83.442133
2024-02-06,19,"Bryson City","PM2.5","Swain",35.434767,-83.442133
2024-02-07,18,"Bryson City","PM2.5","Swain",35.434767,-83.442133
2024-02-08,48,"Bryson City","PM2.5","Swain",35.434767,-83.442133
2024-02-09,58,"Bryson City","PM2.5","Swain",35.434767,-83.442133
2024-02-10,65,"Bryson City","PM2.5","Swain",35.434767,-83.442133
2024-02-11,35,"Bryson City","PM2.5","Swain",35.434767,-83.442133
2024-02-12,22,"Bryson City","PM2.5","Swain",35.434767,-83.442133
2024-02-13,13,"Bryson City","PM2.5","Swain",35.434767,-83.442133
2024-02-14,21,"Bryson City","PM2.5","Swain",35.434767,-83.442133
2024-02-15,29,"Bryson City","PM2.5","Swain",35.434767,-83.442133
2024-02-16,52,"Bryson City","PM2.5","Swain",35.434767,-83.442133
2024-02-17,16,"Bryson City","PM2.5","Swain",35.434767,-83.442133
2024-02-18,13,"Bryson City","PM2.5","Swain",35.434767,-83.442133
2024-02-19,12,"Bryson City","PM2.5","Swain",35.434767,-83.442133
2024-02-20,32,"Bryson City","PM2.5","Swain",35.434767,-83.442133
2024-02-21,61,"Bryson City","PM2.5","Swain",35.434767,-83.442133
2024-02-22,61,"Bryson City","PM2.5","Swain",35.434767,-83.442133
2024-02-23,20,"Bryson City","PM2.5","Swain",35.434767,-83.442133
2024-02-24,8,"Bryson City","PM2.5","Swain",35.434767,-83.442133
2024-02-25,11,"Bryson City","PM2.5","Swain",35.434767,-83.442133
2024-02-26,49,"Bryson City","PM2.5","Swain",35.434767,-83.442133
2024-02-27,60,"Bryson City","PM2.5","Swain",35.434767,-83.442133
2024-02-28,44,"Bryson City","PM2.5","Swain",35.434767,-83.442133
2024-02-29,11,"Bryson City","PM2.5","Swain",35.434767,-83.442133
2024-03-01,23,"Bryson City","PM2.5","Swain",35.434767,-83.442133
2024-03-02,20,"Bryson City","PM2.5","Swain",35.434767,-83.442133
2024-03-03,23,"Bryson City","PM2.5","Swain",35.434767,-83.442133
2024-03-04,33,"Bryson City","PM2.5","Swain",35.434767,-83.442133
2024-03-05,42,"Bryson City","PM2.5","Swain",35.434767,-83.442133
2024-03-06,19,"Bryson City","PM2.5","Swain",35.434767,-83.442133
2024-03-07,14,"Bryson City","PM2.5","Swain",35.434767,-83.442133
2024-03-08,19,"Bryson City","PM2.5","Swain",35.434767,-83.442133
2024-03-09,7,"Bryson City","PM2.5","Swain",35.434767,-83.442133
2024-03-10,3,"Bryson City","PM2.5","Swain",35.434767,-83.442133
2024-03-11,8,"Bryson City","PM2.5","Swain",35.434767,-83.442133
2024-03-12,27,"Bryson City","PM2.5","Swain",35.434767,-83.442133
2024-03-13,55,"Bryson City","PM2.5","Swain",35.434767,-83.442133
2024-03-14,83,"Bryson City","PM2.5","Swain",35.434767,-83.442133
2024-03-15,58,"Bryson City","PM2.5","Swain",35.434767,-83.442133
2024-03-16,16,"Bryson City","PM2.5","Swain",35.434767,-83.442133
2024-03-17,21,"Bryson City","PM2.5","Swain",35.434767,-83.442133
2024-03-18,11,"Bryson City","PM2.5","Swain",35.434767,-83.442133
2024-03-19,63,"Bryson City","PM2.5","Swain",35.434767,-83.442133
2024-03-20,62,"Bryson City","PM2.5","Swain",35.434767,-83.442133
2024-03-21,37,"Bryson City","PM2.5","Swain",35.434767,-83.442133
2024-03-22,46,"Bryson City","PM2.5","Swain",35.434767,-83.442133
2024-03-23,26,"Bryson City","PM2.5","Swain",35.434767,-83.442133
2024-03-24,21,"Bryson City","PM2.5","Swain",35.434767,-83.442133
2024-03-25,18,"Bryson City","PM2.5","Swain",35.434767,-83.442133
2024-03-26,18,"Bryson City","PM2.5","Swain",35.434767,-83.442133
2024-03-27,17,"Bryson City","PM2.5","Swain",35.434767,-83.442133
2024-03-28,20,"Bryson City","PM2.5","Swain",35.434767,-83.442133
2024-03-29,43,"Bryson City","PM2.5","Swain",35.434767,-83.442133
2024-03-30,53,"Bryson City","PM2.5","Swain",35.434767,-83.442133
2024-03-31,53,"Bryson City","PM2.5","Swain",35.434767,-83.442133
2024-04-01,55,"Bryson City","PM2.5","Swain",35.434767,-83.442133
2024-04-02,58,"Bryson City","PM2.5","Swain",35.434767,-83.442133
2024-04-03,18,"Bryson City","PM2.5","Swain",35.434767,-83.442133
2024-04-04,16,"Bryson City","PM2.5","Swain",35.434767,-83.442133
2024-04-05,7,"Bryson City","PM2.5","Swain",35.434767,-83.442133
2024-04-06,19,"Bryson City","PM2.5","Swain",35.434767,-83.442133
2024-04-07,25,"Bryson City","PM2.5","Swain",35.434767,-83.442133
2024-04-08,52,"Bryson City","PM2.5","Swain",35.434767,-83.442133
2024-04-09,51,"Bryson City","PM2.5","Swain",35.434767,-83.442133
2024-04-10,46,"Bryson City","PM2.5","Swain",35.434767,-83.442133
2024-04-11,19,"Bryson City","PM2.5","Swain",35.434767,-83.442133
2024-04-12,21,"Bryson City","PM2.5","Swain",35.434767,-83.442133
2024-04-13,29,"Bryson City","PM2.5","Swain",35.434767,-83.442133
2024-04-14,46,"Bryson City","PM2.5","Swain",35.434767,-83.442133
2024-04-15,46,"Bryson City","PM2.5","Swain",35.434767,-83.442133
2024-04-16,68,"Bryson City","PM2.5","Swain",35.434767,-83.442133
2024-04-17,47,"Bryson City","PM2.5","Swain",35.434767,-83.442133
2024-04-18,41,"Bryson City","PM2.5","Swain",35.434767,-83.442133
2024-04-19,37,"Bryson City","PM2.5","Swain",35.434767,-83.442133
2024-04-20,24,"Bryson City","PM2.5","Swain",35.434767,-83.442133
2024-04-21,21,"Bryson City","PM2.5","Swain",35.434767,-83.442133
2024-04-22,16,"Bryson City","PM2.5","Swain",35.434767,-83.442133
2024-04-23,52,"Bryson City","PM2.5","Swain",35.434767,-83.442133
2024-04-24,35,"Bryson City","PM2.5","Swain",35.434767,-83.442133
2024-04-25,31,"Bryson City","PM2.5","Swain",35.434767,-83.442133
2024-04-26,51,"Bryson City","PM2.5","Swain",35.434767,-83.442133
2024-04-27,54,"Bryson City","PM2.5","Swain",35.434767,-83.442133
2024-04-28,40,"Bryson City","PM2.5","Swain",35.434767,-83.442133
2024-04-29,33,"Bryson City","PM2.5","Swain",35.434767,-83.442133
2024-04-30,24,"Bryson City","PM2.5","Swain",35.434767,-83.442133
2024-05-01,18,"Bryson City","PM2.5","Swain",35.434767,-83.442133
2024-05-02,39,"Bryson City","PM2.5","Swain",35.434767,-83.442133
2024-05-03,51,"Bryson City","PM2.5","Swain",35.434767,-83.442133
2024-05-04,33,"Bryson City","PM2.5","Swain",35.434767,-83.442133
2024-05-05,28,"Bryson City","PM2.5","Swain",35.434767,-83.442133
2024-05-06,27,"Bryson City","PM2.5","Swain",35.434767,-83.442133
2024-05-07,33,"Bryson City","PM2.5","Swain",35.434767,-83.442133
2024-05-08,36,"Bryson City","PM2.5","Swain",35.434767,-83.442133
2024-05-09,15,"Bryson City","PM2.5","Swain",35.434767,-83.442133
2024-05-10,17,"Bryson City","PM2.5","Swain",35.434767,-83.442133
2024-05-11,30,"Bryson City","PM2.5","Swain",35.434767,-83.442133
2024-05-12,38,"Bryson City","PM2.5","Swain",35.434767,-83.442133
2024-05-13,48,"Bryson City","PM2.5","Swain",35.434767,-83.442133
2024-05-14,26,"Bryson City","PM2.5","Swain",35.434767,-83.442133
2024-05-15,13,"Bryson City","PM2.5","Swain",35.434767,-83.442133
2024-05-16,29,"Bryson City","PM2.5","Swain",35.434767,-83.442133
2024-05-17,34,"Bryson City","PM2.5","Swain",35.434767,-83.442133
2024-05-18,24,"Bryson City","PM2.5","Swain",35.434767,-83.442133
2024-05-19,16,"Bryson City","PM2.5","Swain",35.434767,-83.442133
2024-05-20,24,"Bryson City","PM2.5","Swain",35.434767,-83.442133
2024-05-21,32,"Bryson City","PM2.5","Swain",35.434767,-83.442133
2024-05-22,46,"Bryson City","PM2.5","Swain",35.434767,-83.442133
2024-05-23,45,"Bryson City","PM2.5","Swain",35.434767,-83.442133
2024-05-24,34,"Bryson City","PM2.5","Swain",35.434767,-83.442133
2024-05-25,32,"Bryson City","PM2.5","Swain",35.434767,-83.442133
2024-05-26,48,"Bryson City","PM2.5","Swain",35.434767,-83.442133
2024-05-27,29,"Bryson City","PM2.5","Swain",35.434767,-83.442133
2024-05-28,23,"Bryson City","PM2.5","Swain",35.434767,-83.442133
2024-05-29,24,"Bryson City","PM2.5","Swain",35.434767,-83.442133
2024-05-30,21,"Bryson City","PM2.5","Swain",35.434767,-83.442133
2024-05-31,29,"Bryson City","PM2.5","Swain",35.434767,-83.442133
2024-06-01,44,"Bryson City","PM2.5","Swain",35.434767,-83.442133
2024-06-02,33,"Bryson City","PM2.5","Swain",35.434767,-83.442133
2024-06-03,34,"Bryson City","PM2.5","Swain",35.434767,-83.442133
2024-06-04,31,"Bryson City","PM2.5","Swain",35.434767,-83.442133
2024-06-05,28,"Bryson City","PM2.5","Swain",35.434767,-83.442133
2024-06-06,34,"Bryson City","PM2.5","Swain",35.434767,-83.442133
2024-06-07,34,"Bryson City","PM2.5","Swain",35.434767,-83.442133
2024-06-08,35,"Bryson City","PM2.5","Swain",35.434767,-83.442133
2024-06-09,28,"Bryson City","PM2.5","Swain",35.434767,-83.442133
2024-06-10,26,"Bryson City","PM2.5","Swain",35.434767,-83.442133
2024-06-11,28,"Bryson City","PM2.5","Swain",35.434767,-83.442133
2024-06-12,52,"Bryson City","PM2.5","Swain",35.434767,-83.442133
2024-06-13,57,"Bryson City","PM2.5","Swain",35.434767,-83.442133
2024-06-14,59,"Bryson City","PM2.5","Swain",35.434767,-83.442133
2024-06-15,56,"Bryson City","PM2.5","Swain",35.434767,-83.442133
2024-06-16,53,"Bryson City","PM2.5","Swain",35.434767,-83.442133
2024-06-17,55,"Bryson City","PM2.5","Swain",35.434767,-83.442133
2024-06-18,55,"Bryson City","PM2.5","Swain",35.434767,-83.442133
2024-06-19,51,"Bryson City","PM2.5","Swain",35.434767,-83.442133
2024-06-20,43,"Bryson City","PM2.5","Swain",35.434767,-83.442133
2024-06-26,36,"Bryson City","PM2.5","Swain",35.434767,-83.442133
2024-06-27,45,"Bryson City","PM2.5","Swain",35.434767,-83.442133
2024-06-28,49,"Bryson City","PM2.5","Swain",35.434767,-83.442133
2024-06-29,38,"Bryson City","PM2.5","Swain",35.434767,-83.442133
2024-06-30,43,"Bryson City","PM2.5","Swain",35.434767,-83.442133
2024-07-01,25,"Bryson City","PM2.5","Swain",35.434767,-83.442133
2024-07-02,44,"Bryson City","PM2.5","Swain",35.434767,-83.442133
2024-07-03,38,"Bryson City","PM2.5","Swain",35.434767,-83.442133
2024-07-04,53,"Bryson City","PM2.5","Swain",35.434767,-83.442133
2024-07-05,37,"Bryson City","PM2.5","Swain",35.434767,-83.442133
2024-07-06,26,"Bryson City","PM2.5","Swain",35.434767,-83.442133
2024-07-07,28,"Bryson City","PM2.5","Swain",35.434767,-83.442133
2024-07-08,26,"Bryson City","PM2.5","Swain",35.434767,-83.442133
2024-07-09,27,"Bryson City","PM2.5","Swain",35.434767,-83.442133
2024-07-10,19,"Bryson City","PM2.5","Swain",35.434767,-83.442133
2024-07-11,26,"Bryson City","PM2.5","Swain",35.434767,-83.442133
2024-07-12,40,"Bryson City","PM2.5","Swain",35.434767,-83.442133
2024-07-13,52,"Bryson City","PM2.5","Swain",35.434767,-83.442133
2024-07-14,51,"Bryson City","PM2.5","Swain",35.434767,-83.442133
2024-07-15,53,"Bryson City","PM2.5","Swain",35.434767,-83.442133
2024-07-16,45,"Bryson City","PM2.5","Swain",35.434767,-83.442133
2024-07-17,41,"Bryson City","PM2.5","Swain",35.434767,-83.442133
2024-07-18,29,"Bryson City","PM2.5","Swain",35.434767,-83.442133
2024-07-19,26,"Bryson City","PM2.5","Swain",35.434767,-83.442133
2024-07-20,17,"Bryson City","PM2.5","Swain",35.434767,-83.442133
2024-07-21,14,"Bryson City","PM2.5","Swain",35.434767,-83.442133
2024-07-22,25,"Bryson City","PM2.5","Swain",35.434767,-83.442133
2024-07-23,28,"Bryson City","PM2.5","Swain",35.434767,-83.442133
2024-07-24,28,"Bryson City","PM2.5","Swain",35.434767,-83.442133
2024-07-25,6,"Bryson City","PM2.5","Swain",35.434767,-83.442133
2024-07-26,42,"Bryson City","PM2.5","Swain",35.434767,-83.442133
2024-07-27,55,"Bryson City","PM2.5","Swain",35.434767,-83.442133
2024-07-28,52,"Bryson City","PM2.5","Swain",35.434767,-83.442133
2024-07-29,29,"Bryson City","PM2.5","Swain",35.434767,-83.442133
2024-07-30,28,"Bryson City","PM2.5","Swain",35.434767,-83.442133
2024-07-31,26,"Bryson City","PM2.5","Swain",35.434767,-83.442133
2024-08-01,37,"Bryson City","PM2.5","Swain",35.434767,-83.442133
2024-08-02,70,"Bryson City","PM2.5","Swain",35.434767,-83.442133
2024-08-03,54,"Bryson City","PM2.5","Swain",35.434767,-83.442133
2024-08-04,31,"Bryson City","PM2.5","Swain",35.434767,-83.442133
2024-08-05,44,"Bryson City","PM2.5","Swain",35.434767,-83.442133
2024-08-06,39,"Bryson City","PM2.5","Swain",35.434767,-83.442133
2024-08-07,38,"Bryson City","PM2.5","Swain",35.434767,-83.442133
2024-08-08,24,"Bryson City","PM2.5","Swain",35.434767,-83.442133
2024-08-09,41,"Bryson City","PM2.5","Swain",35.434767,-83.442133
2024-08-10,48,"Bryson City","PM2.5","Swain",35.434767,-83.442133
2024-08-11,43,"Bryson City","PM2.5","Swain",35.434767,-83.442133
2024-08-12,33,"Bryson City","PM2.5","Swain",35.434767,-83.442133
2024-08-13,33,"Bryson City","PM2.5","Swain",35.434767,-83.442133
2024-08-14,34,"Bryson City","PM2.5","Swain",35.434767,-83.442133
2024-08-15,44,"Bryson City","PM2.5","Swain",35.434767,-83.442133
2024-08-16,42,"Bryson City","PM2.5","Swain",35.434767,-83.442133
2024-08-17,24,"Bryson City","PM2.5","Swain",35.434767,-83.442133
2024-08-18,21,"Bryson City","PM2.5","Swain",35.434767,-83.442133
2024-08-19,14,"Bryson City","PM2.5","Swain",35.434767,-83.442133
2024-08-20,33,"Bryson City","PM2.5","Swain",35.434767,-83.442133
2024-08-21,40,"Bryson City","PM2.5","Swain",35.434767,-83.442133
2024-08-22,48,"Bryson City","PM2.5","Swain",35.434767,-83.442133
2024-08-23,52,"Bryson City","PM2.5","Swain",35.434767,-83.442133
2024-08-24,52,"Bryson City","PM2.5","Swain",35.434767,-83.442133
2024-08-25,49,"Bryson City","PM2.5","Swain",35.434767,-83.442133
2024-08-26,55,"Bryson City","PM2.5","Swain",35.434767,-83.442133
2024-08-27,56,"Bryson City","PM2.5","Swain",35.434767,-83.442133
2024-08-28,55,"Bryson City","PM2.5","Swain",35.434767,-83.442133
2024-08-29,55,"Bryson City","PM2.5","Swain",35.434767,-83.442133
2024-08-30,57,"Bryson City","PM2.5","Swain",35.434767,-83.442133
2024-08-31,52,"Bryson City","PM2.5","Swain",35.434767,-83.442133
2024-09-01,29,"Bryson City","PM2.5","Swain",35.434767,-83.442133
2024-09-02,19,"Bryson City","PM2.5","Swain",35.434767,-83.442133
2024-09-03,28,"Bryson City","PM2.5","Swain",35.434767,-83.442133
2024-09-04,22,"Bryson City","PM2.5","Swain",35.434767,-83.442133
2024-09-05,32,"Bryson City","PM2.5","Swain",35.434767,-83.442133
2024-09-06,31,"Bryson City","PM2.5","Swain",35.434767,-83.442133
2024-09-07,24,"Bryson City","PM2.5","Swain",35.434767,-83.442133
2024-09-08,13,"Bryson City","PM2.5","Swain",35.434767,-83.442133
2024-09-09,28,"Bryson City","PM2.5","Swain",35.434767,-83.442133
2024-09-10,28,"Bryson City","PM2.5","Swain",35.434767,-83.442133
2024-09-11,36,"Bryson City","PM2.5","Swain",35.434767,-83.442133
2024-09-12,37,"Bryson City","PM2.5","Swain",35.434767,-83.442133
2024-09-13,22,"Bryson City","PM2.5","Swain",35.434767,-83.442133
2024-09-14,27,"Bryson City","PM2.5","Swain",35.434767,-83.442133
2024-09-15,29,"Bryson City","PM2.5","Swain",35.434767,-83.442133
2024-09-16,28,"Bryson City","PM2.5","Swain",35.434767,-83.442133
2024-09-17,22,"Bryson City","PM2.5","Swain",35.434767,-83.442133
2024-09-18,11,"Bryson City","PM2.5","Swain",35.434767,-83.442133
2024-09-19,18,"Bryson City","PM2.5","Swain",35.434767,-83.442133
2024-09-20,26,"Bryson City","PM2.5","Swain",35.434767,-83.442133
2024-09-21,41,"Bryson City","PM2.5","Swain",35.434767,-83.442133
2024-09-22,30,"Bryson City","PM2.5","Swain",35.434767,-83.442133
2024-09-23,42,"Bryson City","PM2.5","Swain",35.434767,-83.442133
2024-09-24,51,"Bryson City","PM2.5","Swain",35.434767,-83.442133
2024-09-25,36,"Bryson City","PM2.5","Swain",35.434767,-83.442133
2024-09-26,3,"Bryson City","PM2.5","Swain",35.434767,-83.442133
2024-09-28,23,"Bryson City","PM2.5","Swain",35.434767,-83.442133
2024-09-29,7,"Bryson City","PM2.5","Swain",35.434767,-83.442133
2024-09-30,11,"Bryson City","PM2.5","Swain",35.434767,-83.442133
2024-10-01,7,"Bryson City","PM2.5","Swain",35.434767,-83.442133
2024-10-02,15,"Bryson City","PM2.5","Swain",35.434767,-83.442133
2024-10-03,24,"Bryson City","PM2.5","Swain",35.434767,-83.442133
2024-10-04,37,"Bryson City","PM2.5","Swain",35.434767,-83.442133
2024-10-05,34,"Bryson City","PM2.5","Swain",35.434767,-83.442133
2024-10-06,39,"Bryson City","PM2.5","Swain",35.434767,-83.442133
2024-10-07,33,"Bryson City","PM2.5","Swain",35.434767,-83.442133
2024-10-08,38,"Bryson City","PM2.5","Swain",35.434767,-83.442133
2024-10-09,26,"Bryson City","PM2.5","Swain",35.434767,-83.442133
2024-10-10,17,"Bryson City","PM2.5","Swain",35.434767,-83.442133
2024-10-11,23,"Bryson City","PM2.5","Swain",35.434767,-83.442133
2024-10-12,39,"Bryson City","PM2.5","Swain",35.434767,-83.442133
2024-10-13,50,"Bryson City","PM2.5","Swain",35.434767,-83.442133
2024-10-14,29,"Bryson City","PM2.5","Swain",35.434767,-83.442133
2024-10-15,13,"Bryson City","PM2.5","Swain",35.434767,-83.442133
2024-10-16,11,"Bryson City","PM2.5","Swain",35.434767,-83.442133
2024-10-17,17,"Bryson City","PM2.5","Swain",35.434767,-83.442133
2024-10-18,42,"Bryson City","PM2.5","Swain",35.434767,-83.442133
2024-10-19,41,"Bryson City","PM2.5","Swain",35.434767,-83.442133
2024-10-20,27,"Bryson City","PM2.5","Swain",35.434767,-83.442133
2024-10-21,29,"Bryson City","PM2.5","Swain",35.434767,-83.442133
2024-10-22,39,"Bryson City","PM2.5","Swain",35.434767,-83.442133
2024-10-23,50,"Bryson City","PM2.5","Swain",35.434767,-83.442133
2024-10-26,59,"Bryson City","PM2.5","Swain",35.434767,-83.442133
2024-10-27,52,"Bryson City","PM2.5","Swain",35.434767,-83.442133
2024-10-28,34,"Bryson City","PM2.5","Swain",35.434767,-83.442133
2024-10-29,42,"Bryson City","PM2.5","Swain",35.434767,-83.442133
2024-10-30,33,"Bryson City","PM2.5","Swain",35.434767,-83.442133
2024-10-31,28,"Bryson City","PM2.5","Swain",35.434767,-83.442133
2024-11-01,29,"Bryson City","PM2.5","Swain",35.434767,-83.442133
2024-11-02,24,"Bryson City","PM2.5","Swain",35.434767,-83.442133
2024-11-03,38,"Bryson City","PM2.5","Swain",35.434767,-83.442133
2024-11-04,23,"Bryson City","PM2.5","Swain",35.434767,-83.442133
2024-11-05,22,"Bryson City","PM2.5","Swain",35.434767,-83.442133
2024-11-06,23,"Bryson City","PM2.5","Swain",35.434767,-83.442133
2024-11-07,24,"Bryson City","PM2.5","Swain",35.434767,-83.442133
2024-11-08,22,"Bryson City","PM2.5","Swain",35.434767,-83.442133
2024-11-09,33,"Bryson City","PM2.5","Swain",35.434767,-83.442133
2024-11-10,39,"Bryson City","PM2.5","Swain",35.434767,-83.442133
2024-11-11,24,"Bryson City","PM2.5","Swain",35.434767,-83.442133
2024-11-12,24,"Bryson City","PM2.5","Swain",35.434767,-83.442133
2024-11-13,16,"Bryson City","PM2.5","Swain",35.434767,-83.442133
2024-11-14,20,"Bryson City","PM2.5","Swain",35.434767,-83.442133
2024-11-15,14,"Bryson City","PM2.5","Swain",35.434767,-83.442133
2024-11-16,12,"Bryson City","PM2.5","Swain",35.434767,-83.442133
2024-11-17,23,"Bryson City","PM2.5","Swain",35.434767,-83.442133
2024-11-18,51,"Bryson City","PM2.5","Swain",35.434767,-83.442133
2024-11-19,60,"Bryson City","PM2.5","Swain",35.434767,-83.442133
2024-11-20,31,"Bryson City","PM2.5","Swain",35.434767,-83.442133
2024-11-21,6,"Bryson City","PM2.5","Swain",35.434767,-83.442133
2024-11-22,8,"Bryson City","PM2.5","Swain",35.434767,-83.442133
2024-11-23,7,"Bryson City","PM2.5","Swain",35.434767,-83.442133
2024-11-24,26,"Bryson City","PM2.5","Swain",35.434767,-83.442133
2024-11-25,31,"Bryson City","PM2.5","Swain",35.434767,-83.442133
2024-11-26,37,"Bryson City","PM2.5","Swain",35.434767,-83.442133
2024-11-27,30,"Bryson City","PM2.5","Swain",35.434767,-83.442133
2024-11-28,21,"Bryson City","PM2.5","Swain",35.434767,-83.442133
2024-11-29,22,"Bryson City","PM2.5","Swain",35.434767,-83.442133
2024-11-30,8,"Bryson City","PM2.5","Swain",35.434767,-83.442133
2024-12-01,22,"Bryson City","PM2.5","Swain",35.434767,-83.442133
2024-12-02,12,"Bryson City","PM2.5","Swain",35.434767,-83.442133
2024-12-03,19,"Bryson City","PM2.5","Swain",35.434767,-83.442133
2024-12-04,47,"Bryson City","PM2.5","Swain",35.434767,-83.442133
2024-12-05,37,"Bryson City","PM2.5","Swain",35.434767,-83.442133
2024-12-06,21,"Bryson City","PM2.5","Swain",35.434767,-83.442133
2024-12-07,28,"Bryson City","PM2.5","Swain",35.434767,-83.442133
2024-12-08,33,"Bryson City","PM2.5","Swain",35.434767,-83.442133
2024-12-09,32,"Bryson City","PM2.5","Swain",35.434767,-83.442133
2024-12-10,23,"Bryson City","PM2.5","Swain",35.434767,-83.442133
2024-12-11,10,"Bryson City","PM2.5","Swain",35.434767,-83.442133
2024-12-12,19,"Bryson City","PM2.5","Swain",35.434767,-83.442133
2024-12-13,41,"Bryson City","PM2.5","Swain",35.434767,-83.442133
2024-12-14,29,"Bryson City","PM2.5","Swain",35.434767,-83.442133
2024-12-15,19,"Bryson City","PM2.5","Swain",35.434767,-83.442133
2024-12-16,24,"Bryson City","PM2.5","Swain",35.434767,-83.442133
2024-12-17,17,"Bryson City","PM2.5","Swain",35.434767,-83.442133
2024-12-18,26,"Bryson City","PM2.5","Swain",35.434767,-83.442133
2024-12-19,9,"Bryson City","PM2.5","Swain",35.434767,-83.442133
2024-12-20,17,"Bryson City","PM2.5","Swain",35.434767,-83.442133
2024-12-21,21,"Bryson City","PM2.5","Swain",35.434767,-83.442133
2024-12-22,36,"Bryson City","PM2.5","Swain",35.434767,-83.442133
2024-12-23,51,"Bryson City","PM2.5","Swain",35.434767,-83.442133
2024-12-24,63,"Bryson City","PM2.5","Swain",35.434767,-83.442133
2024-12-25,59,"Bryson City","PM2.5","Swain",35.434767,-83.442133
2024-12-26,56,"Bryson City","PM2.5","Swain",35.434767,-83.442133
2024-12-27,27,"Bryson City","PM2.5","Swain",35.434767,-83.442133
2024-12-28,18,"Bryson City","PM2.5","Swain",35.434767,-83.442133
2024-12-29,9,"Bryson City","PM2.5","Swain",35.434767,-83.442133
2024-12-30,24,"Bryson City","PM2.5","Swain",35.434767,-83.442133
2024-12-31,25,"Bryson City","PM2.5","Swain",35.434767,-83.442133
2024-01-01,23,"Old High School","PM2.5","Swain",35.498711,-83.310242
2024-01-04,27,"Old High School","PM2.5","Swain",35.498711,-83.310242
2024-01-07,13,"Old High School","PM2.5","Swain",35.498711,-83.310242
2024-01-08,12,"Old High School","PM2.5","Swain",35.498711,-83.310242
2024-01-11,12,"Old High School","PM2.5","Swain",35.498711,-83.310242
2024-01-14,26,"Old High School","PM2.5","Swain",35.498711,-83.310242
2024-01-17,13,"Old High School","PM2.5","Swain",35.498711,-83.310242
2024-01-22,11,"Old High School","PM2.5","Swain",35.498711,-83.310242
2024-01-25,9,"Old High School","PM2.5","Swain",35.498711,-83.310242
2024-01-28,4,"Old High School","PM2.5","Swain",35.498711,-83.310242
2024-01-31,14,"Old High School","PM2.5","Swain",35.498711,-83.310242
2024-02-03,33,"Old High School","PM2.5","Swain",35.498711,-83.310242
2024-02-06,15,"Old High School","PM2.5","Swain",35.498711,-83.310242
2024-02-09,37,"Old High School","PM2.5","Swain",35.498711,-83.310242
2024-02-12,8,"Old High School","PM2.5","Swain",35.498711,-83.310242
2024-02-15,20,"Old High School","PM2.5","Swain",35.498711,-83.310242
2024-02-18,15,"Old High School","PM2.5","Swain",35.498711,-83.310242
2024-02-21,53,"Old High School","PM2.5","Swain",35.498711,-83.310242
2024-02-24,13,"Old High School","PM2.5","Swain",35.498711,-83.310242
2024-02-27,52,"Old High School","PM2.5","Swain",35.498711,-83.310242
2024-03-01,12,"Old High School","PM2.5","Swain",35.498711,-83.310242
2024-03-04,28,"Old High School","PM2.5","Swain",35.498711,-83.310242
2024-03-07,11,"Old High School","PM2.5","Swain",35.498711,-83.310242
2024-03-10,13,"Old High School","PM2.5","Swain",35.498711,-83.310242
2024-03-13,46,"Old High School","PM2.5","Swain",35.498711,-83.310242
2024-03-16,15,"Old High School","PM2.5","Swain",35.498711,-83.310242
2024-03-19,58,"Old High School","PM2.5","Swain",35.498711,-83.310242
2024-03-25,20,"Old High School","PM2.5","Swain",35.498711,-83.310242
2024-03-28,17,"Old High School","PM2.5","Swain",35.498711,-83.310242
2024-03-29,22,"Old High School","PM2.5","Swain",35.498711,-83.310242
2024-03-31,54,"Old High School","PM2.5","Swain",35.498711,-83.310242
2024-04-03,17,"Old High School","PM2.5","Swain",35.498711,-83.310242
2024-04-09,50,"Old High School","PM2.5","Swain",35.498711,-83.310242
2024-04-12,16,"Old High School","PM2.5","Swain",35.498711,-83.310242
2024-04-13,20,"Old High School","PM2.5","Swain",35.498711,-83.310242
2024-04-15,43,"Old High School","PM2.5","Swain",35.498711,-83.310242
2024-04-21,19,"Old High School","PM2.5","Swain",35.498711,-83.310242
2024-04-24,33,"Old High School","PM2.5","Swain",35.498711,-83.310242
2024-04-27,53,"Old High School","PM2.5","Swain",35.498711,-83.310242
2024-04-30,20,"Old High School","PM2.5","Swain",35.498711,-83.310242
2024-05-03,52,"Old High School","PM2.5","Swain",35.498711,-83.310242
2024-05-06,28,"Old High School","PM2.5","Swain",35.498711,-83.310242
2024-05-09,18,"Old High School","PM2.5","Swain",35.498711,-83.310242
2024-05-12,35,"Old High School","PM2.5","Swain",35.498711,-83.310242
2024-05-15,15,"Old High School","PM2.5","Swain",35.498711,-83.310242
2024-05-18,28,"Old High School","PM2.5","Swain",35.498711,-83.310242
2024-05-21,38,"Old High School","PM2.5","Swain",35.498711,-83.310242
2024-05-24,36,"Old High School","PM2.5","Swain",35.498711,-83.310242
2024-05-27,28,"Old High School","PM2.5","Swain",35.498711,-83.310242
2024-05-30,18,"Old High School","PM2.5","Swain",35.498711,-83.310242
2024-06-08,27,"Old High School","PM2.5","Swain",35.498711,-83.310242
2024-06-09,30,"Old High School","PM2.5","Swain",35.498711,-83.310242
2024-06-11,36,"Old High School","PM2.5","Swain",35.498711,-83.310242
2024-06-12,47,"Old High School","PM2.5","Swain",35.498711,-83.310242
2024-06-17,63,"Old High School","PM2.5","Swain",35.498711,-83.310242
2024-07-14,53,"Old High School","PM2.5","Swain",35.498711,-83.310242
2024-07-17,44,"Old High School","PM2.5","Swain",35.498711,-83.310242
2024-07-20,26,"Old High School","PM2.5","Swain",35.498711,-83.310242
2024-07-23,31,"Old High School","PM2.5","Swain",35.498711,-83.310242
2024-07-26,43,"Old High School","PM2.5","Swain",35.498711,-83.310242
2024-07-29,31,"Old High School","PM2.5","Swain",35.498711,-83.310242
2024-08-01,42,"Old High School","PM2.5","Swain",35.498711,-83.310242
2024-08-04,49,"Old High School","PM2.5","Swain",35.498711,-83.310242
2024-08-10,49,"Old High School","PM2.5","Swain",35.498711,-83.310242
2024-08-13,41,"Old High School","PM2.5","Swain",35.498711,-83.310242
2024-08-16,46,"Old High School","PM2.5","Swain",35.498711,-83.310242
2024-08-19,16,"Old High School","PM2.5","Swain",35.498711,-83.310242
2024-08-22,49,"Old High School","PM2.5","Swain",35.498711,-83.310242
2024-08-25,2,"Old High School","PM2.5","Swain",35.498711,-83.310242
2024-08-28,59,"Old High School","PM2.5","Swain",35.498711,-83.310242
2024-08-31,52,"Old High School","PM2.5","Swain",35.498711,-83.310242
2024-09-03,32,"Old High School","PM2.5","Swain",35.498711,-83.310242
2024-09-06,31,"Old High School","PM2.5","Swain",35.498711,-83.310242
2024-09-09,22,"Old High School","PM2.5","Swain",35.498711,-83.310242
2024-09-12,43,"Old High School","PM2.5","Swain",35.498711,-83.310242
2024-09-15,34,"Old High School","PM2.5","Swain",35.498711,-83.310242
2024-09-18,11,"Old High School","PM2.5","Swain",35.498711,-83.310242
2024-09-21,37,"Old High School","PM2.5","Swain",35.498711,-83.310242
2024-09-24,53,"Old High School","PM2.5","Swain",35.498711,-83.310242
2024-09-27,10,"Old High School","PM2.5","Swain",35.498711,-83.310242
2024-09-30,17,"Old High School","PM2.5","Swain",35.498711,-83.310242
2024-10-03,30,"Old High School","PM2.5","Swain",35.498711,-83.310242
2024-10-06,52,"Old High School","PM2.5","Swain",35.498711,-83.310242
2024-10-09,25,"Old High School","PM2.5","Swain",35.498711,-83.310242
2024-10-12,51,"Old High School","PM2.5","Swain",35.498711,-83.310242
2024-10-15,21,"Old High School","PM2.5","Swain",35.498711,-83.310242
2024-10-18,18,"Old High School","PM2.5","Swain",35.498711,-83.310242
2024-10-21,36,"Old High School","PM2.5","Swain",35.498711,-83.310242
2024-10-24,35,"Old High School","PM2.5","Swain",35.498711,-83.310242
2024-10-27,52,"Old High School","PM2.5","Swain",35.498711,-83.310242
2024-10-30,27,"Old High School","PM2.5","Swain",35.498711,-83.310242
2024-11-02,31,"Old High School","PM2.5","Swain",35.498711,-83.310242
2024-11-05,18,"Old High School","PM2.5","Swain",35.498711,-83.310242
2024-11-08,26,"Old High School","PM2.5","Swain",35.498711,-83.310242
2024-11-11,27,"Old High School","PM2.5","Swain",35.498711,-83.310242
2024-11-14,17,"Old High School","PM2.5","Swain",35.498711,-83.310242
2024-11-17,17,"Old High School","PM2.5","Swain",35.498711,-83.310242
2024-11-20,21,"Old High School","PM2.5","Swain",35.498711,-83.310242
2024-11-23,11,"Old High School","PM2.5","Swain",35.498711,-83.310242
2024-11-26,23,"Old High School","PM2.5","Swain",35.498711,-83.310242
2024-12-02,13,"Old High School","PM2.5","Swain",35.498711,-83.310242
2024-12-08,16,"Old High School","PM2.5","Swain",35.498711,-83.310242
2024-12-14,19,"Old High School","PM2.5","Swain",35.498711,-83.310242
2024-12-20,22,"Old High School","PM2.5","Swain",35.498711,-83.310242
2024-12-26,34,"Old High School","PM2.5","Swain",35.498711,-83.310242
2024-02-12,10,"Old High School","PM2.5","Swain",35.498711,-83.310242
2024-03-02,12,"Old High School","PM2.5","Swain",35.498711,-83.310242
2024-03-07,12,"Old High School","PM2.5","Swain",35.498711,-83.310242
2024-03-19,59,"Old High School","PM2.5","Swain",35.498711,-83.310242
2024-04-07,23,"Old High School","PM2.5","Swain",35.498711,-83.310242
2024-04-12,17,"Old High School","PM2.5","Swain",35.498711,-83.310242
2024-04-24,35,"Old High School","PM2.5","Swain",35.498711,-83.310242
2024-05-06,14,"Old High School","PM2.5","Swain",35.498711,-83.310242
2024-05-18,33,"Old High School","PM2.5","Swain",35.498711,-83.310242
2024-05-30,18,"Old High School","PM2.5","Swain",35.498711,-83.310242
2024-06-12,47,"Old High School","PM2.5","Swain",35.498711,-83.310242
2024-06-24,29,"Old High School","PM2.5","Swain",35.498711,-83.310242
2024-08-07,49,"Old High School","PM2.5","Swain",35.498711,-83.310242
2024-09-03,33,"Old High School","PM2.5","Swain",35.498711,-83.310242
2024-09-15,38,"Old High School","PM2.5","Swain",35.498711,-83.310242
2024-09-27,8,"Old High School","PM2.5","Swain",35.498711,-83.310242
2024-10-09,27,"Old High School","PM2.5","Swain",35.498711,-83.310242
2024-10-21,24,"Old High School","PM2.5","Swain",35.498711,-83.310242
2024-11-02,34,"Old High School","PM2.5","Swain",35.498711,-83.310242
2024-11-14,17,"Old High School","PM2.5","Swain",35.498711,-83.310242
2024-01-01,62,"Millbrook School","PM2.5","Wake",35.856111,-78.574167
2024-01-04,35,"Millbrook School","PM2.5","Wake",35.856111,-78.574167
2024-01-07,14,"Millbrook School","PM2.5","Wake",35.856111,-78.574167
2024-01-16,36,"Millbrook School","PM2.5","Wake",35.856111,-78.574167
2024-01-19,42,"Millbrook School","PM2.5","Wake",35.856111,-78.574167
2024-01-20,26,"Millbrook School","PM2.5","Wake",35.856111,-78.574167
2024-01-22,63,"Millbrook School","PM2.5","Wake",35.856111,-78.574167
2024-01-25,17,"Millbrook School","PM2.5","Wake",35.856111,-78.574167
2024-01-30,23,"Millbrook School","PM2.5","Wake",35.856111,-78.574167
2024-01-31,23,"Millbrook School","PM2.5","Wake",35.856111,-78.574167
2024-02-01,33,"Millbrook School","PM2.5","Wake",35.856111,-78.574167
2024-02-03,24,"Millbrook School","PM2.5","Wake",35.856111,-78.574167
2024-02-06,22,"Millbrook School","PM2.5","Wake",35.856111,-78.574167
2024-02-09,60,"Millbrook School","PM2.5","Wake",35.856111,-78.574167
2024-02-12,21,"Millbrook School","PM2.5","Wake",35.856111,-78.574167
2024-02-15,53,"Millbrook School","PM2.5","Wake",35.856111,-78.574167
2024-02-18,29,"Millbrook School","PM2.5","Wake",35.856111,-78.574167
2024-02-21,30,"Millbrook School","PM2.5","Wake",35.856111,-78.574167
2024-02-24,24,"Millbrook School","PM2.5","Wake",35.856111,-78.574167
2024-02-27,56,"Millbrook School","PM2.5","Wake",35.856111,-78.574167
2024-03-01,39,"Millbrook School","PM2.5","Wake",35.856111,-78.574167
2024-03-04,21,"Millbrook School","PM2.5","Wake",35.856111,-78.574167
2024-03-07,13,"Millbrook School","PM2.5","Wake",35.856111,-78.574167
2024-03-10,9,"Millbrook School","PM2.5","Wake",35.856111,-78.574167
2024-03-16,53,"Millbrook School","PM2.5","Wake",35.856111,-78.574167
2024-03-22,40,"Millbrook School","PM2.5","Wake",35.856111,-78.574167
2024-03-25,32,"Millbrook School","PM2.5","Wake",35.856111,-78.574167
2024-03-28,18,"Millbrook School","PM2.5","Wake",35.856111,-78.574167
2024-03-31,53,"Millbrook School","PM2.5","Wake",35.856111,-78.574167
2024-04-03,51,"Millbrook School","PM2.5","Wake",35.856111,-78.574167
2024-04-06,11,"Millbrook School","PM2.5","Wake",35.856111,-78.574167
2024-04-09,51,"Millbrook School","PM2.5","Wake",35.856111,-78.574167
2024-04-12,21,"Millbrook School","PM2.5","Wake",35.856111,-78.574167
2024-04-15,53,"Millbrook School","PM2.5","Wake",35.856111,-78.574167
2024-04-18,51,"Millbrook School","PM2.5","Wake",35.856111,-78.574167
2024-04-21,26,"Millbrook School","PM2.5","Wake",35.856111,-78.574167
2024-04-24,50,"Millbrook School","PM2.5","Wake",35.856111,-78.574167
2024-04-27,34,"Millbrook School","PM2.5","Wake",35.856111,-78.574167
2024-04-30,48,"Millbrook School","PM2.5","Wake",35.856111,-78.574167
2024-05-03,52,"Millbrook School","PM2.5","Wake",35.856111,-78.574167
2024-05-06,37,"Millbrook School","PM2.5","Wake",35.856111,-78.574167
2024-05-09,31,"Millbrook School","PM2.5","Wake",35.856111,-78.574167
2024-05-12,30,"Millbrook School","PM2.5","Wake",35.856111,-78.574167
2024-05-15,18,"Millbrook School","PM2.5","Wake",35.856111,-78.574167
2024-05-18,27,"Millbrook School","PM2.5","Wake",35.856111,-78.574167
2024-05-21,35,"Millbrook School","PM2.5","Wake",35.856111,-78.574167
2024-05-24,53,"Millbrook School","PM2.5","Wake",35.856111,-78.574167
2024-05-27,45,"Millbrook School","PM2.5","Wake",35.856111,-78.574167
2024-05-30,23,"Millbrook School","PM2.5","Wake",35.856111,-78.574167
2024-06-02,41,"Millbrook School","PM2.5","Wake",35.856111,-78.574167
2024-06-05,43,"Millbrook School","PM2.5","Wake",35.856111,-78.574167
2024-06-08,38,"Millbrook School","PM2.5","Wake",35.856111,-78.574167
2024-06-11,42,"Millbrook School","PM2.5","Wake",35.856111,-78.574167
2024-06-14,55,"Millbrook School","PM2.5","Wake",35.856111,-78.574167
2024-06-17,54,"Millbrook School","PM2.5","Wake",35.856111,-78.574167
2024-06-20,36,"Millbrook School","PM2.5","Wake",35.856111,-78.574167
2024-06-23,31,"Millbrook School","PM2.5","Wake",35.856111,-78.574167
2024-06-26,55,"Millbrook School","PM2.5","Wake",35.856111,-78.574167
2024-06-29,53,"Millbrook School","PM2.5","Wake",35.856111,-78.574167
2024-07-02,30,"Millbrook School","PM2.5","Wake",35.856111,-78.574167
2024-07-05,54,"Millbrook School","PM2.5","Wake",35.856111,-78.574167
2024-07-08,46,"Millbrook School","PM2.5","Wake",35.856111,-78.574167
2024-07-11,32,"Millbrook School","PM2.5","Wake",35.856111,-78.574167
2024-07-14,54,"Millbrook School","PM2.5","Wake",35.856111,-78.574167
2024-07-17,61,"Millbrook School","PM2.5","Wake",35.856111,-78.574167
2024-07-20,31,"Millbrook School","PM2.5","Wake",35.856111,-78.574167
2024-07-23,29,"Millbrook School","PM2.5","Wake",35.856111,-78.574167
2024-07-26,38,"Millbrook School","PM2.5","Wake",35.856111,-78.574167
2024-07-29,55,"Millbrook School","PM2.5","Wake",35.856111,-78.574167
2024-08-01,52,"Millbrook School","PM2.5","Wake",35.856111,-78.574167
2024-08-04,36,"Millbrook School","PM2.5","Wake",35.856111,-78.574167
2024-08-07,28,"Millbrook School","PM2.5","Wake",35.856111,-78.574167
2024-08-10,52,"Millbrook School","PM2.5","Wake",35.856111,-78.574167
2024-08-13,54,"Millbrook School","PM2.5","Wake",35.856111,-78.574167
2024-08-16,64,"Millbrook School","PM2.5","Wake",35.856111,-78.574167
2024-08-19,28,"Millbrook School","PM2.5","Wake",35.856111,-78.574167
2024-08-22,39,"Millbrook School","PM2.5","Wake",35.856111,-78.574167
2024-08-25,57,"Millbrook School","PM2.5","Wake",35.856111,-78.574167
2024-08-31,54,"Millbrook School","PM2.5","Wake",35.856111,-78.574167
2024-09-03,23,"Millbrook School","PM2.5","Wake",35.856111,-78.574167
2024-09-06,40,"Millbrook School","PM2.5","Wake",35.856111,-78.574167
2024-09-09,38,"Millbrook School","PM2.5","Wake",35.856111,-78.574167
2024-09-12,42,"Millbrook School","PM2.5","Wake",35.856111,-78.574167
2024-09-15,47,"Millbrook School","PM2.5","Wake",35.856111,-78.574167
2024-09-21,40,"Millbrook School","PM2.5","Wake",35.856111,-78.574167
2024-09-24,47,"Millbrook School","PM2.5","Wake",35.856111,-78.574167
2024-09-27,31,"Millbrook School","PM2.5","Wake",35.856111,-78.574167
2024-09-30,55,"Millbrook School","PM2.5","Wake",35.856111,-78.574167
2024-10-03,31,"Millbrook School","PM2.5","Wake",35.856111,-78.574167
2024-10-06,54,"Millbrook School","PM2.5","Wake",35.856111,-78.574167
2024-10-12,49,"Millbrook School","PM2.5","Wake",35.856111,-78.574167
2024-10-15,19,"Millbrook School","PM2.5","Wake",35.856111,-78.574167
2024-10-18,27,"Millbrook School","PM2.5","Wake",35.856111,-78.574167
2024-10-21,47,"Millbrook School","PM2.5","Wake",35.856111,-78.574167
2024-10-24,55,"Millbrook School","PM2.5","Wake",35.856111,-78.574167
2024-10-27,34,"Millbrook School","PM2.5","Wake",35.856111,-78.574167
2024-10-30,54,"Millbrook School","PM2.5","Wake",35.856111,-78.574167
2024-11-02,46,"Millbrook School","PM2.5","Wake",35.856111,-78.574167
2024-11-05,40,"Millbrook School","PM2.5","Wake",35.856111,-78.574167
2024-11-08,57,"Millbrook School","PM2.5","Wake",35.856111,-78.574167
2024-11-11,49,"Millbrook School","PM2.5","Wake",35.856111,-78.574167
2024-11-14,28,"Millbrook School","PM2.5","Wake",35.856111,-78.574167
2024-11-17,57,"Millbrook School","PM2.5","Wake",35.856111,-78.574167
2024-11-20,49,"Millbrook School","PM2.5","Wake",35.856111,-78.574167
2024-11-23,11,"Millbrook School","PM2.5","Wake",35.856111,-78.574167
2024-11-26,52,"Millbrook School","PM2.5","Wake",35.856111,-78.574167
2024-11-29,19,"Millbrook School","PM2.5","Wake",35.856111,-78.574167
2024-12-02,21,"Millbrook School","PM2.5","Wake",35.856111,-78.574167
2024-12-03,22,"Millbrook School","PM2.5","Wake",35.856111,-78.574167
2024-12-05,51,"Millbrook School","PM2.5","Wake",35.856111,-78.574167
2024-12-08,52,"Millbrook School","PM2.5","Wake",35.856111,-78.574167
2024-12-11,19,"Millbrook School","PM2.5","Wake",35.856111,-78.574167
2024-12-14,41,"Millbrook School","PM2.5","Wake",35.856111,-78.574167
2024-12-17,55,"Millbrook School","PM2.5","Wake",35.856111,-78.574167
2024-12-20,36,"Millbrook School","PM2.5","Wake",35.856111,-78.574167
2024-12-23,40,"Millbrook School","PM2.5","Wake",35.856111,-78.574167
2024-12-26,52,"Millbrook School","PM2.5","Wake",35.856111,-78.574167
2024-12-29,17,"Millbrook School","PM2.5","Wake",35.856111,-78.574167
2024-01-01,61,"Millbrook School","PM2.5","Wake",35.856111,-78.574167
2024-01-02,32,"Millbrook School","PM2.5","Wake",35.856111,-78.574167
2024-01-03,54,"Millbrook School","PM2.5","Wake",35.856111,-78.574167
2024-01-04,38,"Millbrook School","PM2.5","Wake",35.856111,-78.574167
2024-01-05,34,"Millbrook School","PM2.5","Wake",35.856111,-78.574167
2024-01-06,34,"Millbrook School","PM2.5","Wake",35.856111,-78.574167
2024-01-07,23,"Millbrook School","PM2.5","Wake",35.856111,-78.574167
2024-01-08,23,"Millbrook School","PM2.5","Wake",35.856111,-78.574167
2024-01-09,25,"Millbrook School","PM2.5","Wake",35.856111,-78.574167
2024-01-10,22,"Millbrook School","PM2.5","Wake",35.856111,-78.574167
2024-01-11,54,"Millbrook School","PM2.5","Wake",35.856111,-78.574167
2024-01-12,57,"Millbrook School","PM2.5","Wake",35.856111,-78.574167
2024-01-13,21,"Millbrook School","PM2.5","Wake",35.856111,-78.574167
2024-01-14,28,"Millbrook School","PM2.5","Wake",35.856111,-78.574167
2024-01-15,28,"Millbrook School","PM2.5","Wake",35.856111,-78.574167
2024-01-16,40,"Millbrook School","PM2.5","Wake",35.856111,-78.574167
2024-01-17,29,"Millbrook School","PM2.5","Wake",35.856111,-78.574167
2024-01-18,47,"Millbrook School","PM2.5","Wake",35.856111,-78.574167
2024-01-19,41,"Millbrook School","PM2.5","Wake",35.856111,-78.574167
2024-01-20,27,"Millbrook School","PM2.5","Wake",35.856111,-78.574167
2024-01-21,33,"Millbrook School","PM2.5","Wake",35.856111,-78.574167
2024-01-22,61,"Millbrook School","PM2.5","Wake",35.856111,-78.574167
2024-01-23,63,"Millbrook School","PM2.5","Wake",35.856111,-78.574167
2024-01-24,57,"Millbrook School","PM2.5","Wake",35.856111,-78.574167
2024-01-25,22,"Millbrook School","PM2.5","Wake",35.856111,-78.574167
2024-01-26,35,"Millbrook School","PM2.5","Wake",35.856111,-78.574167
2024-01-27,35,"Millbrook School","PM2.5","Wake",35.856111,-78.574167
2024-01-28,16,"Millbrook School","PM2.5","Wake",35.856111,-78.574167
2024-01-29,6,"Millbrook School","PM2.5","Wake",35.856111,-78.574167
2024-01-30,26,"Millbrook School","PM2.5","Wake",35.856111,-78.574167
2024-01-31,30,"Millbrook School","PM2.5","Wake",35.856111,-78.574167
2024-02-01,33,"Millbrook School","PM2.5","Wake",35.856111,-78.574167
2024-02-02,32,"Millbrook School","PM2.5","Wake",35.856111,-78.574167
2024-02-03,26,"Millbrook School","PM2.5","Wake",35.856111,-78.574167
2024-02-04,37,"Millbrook School","PM2.5","Wake",35.856111,-78.574167
2024-02-05,30,"Millbrook School","PM2.5","Wake",35.856111,-78.574167
2024-02-06,30,"Millbrook School","PM2.5","Wake",35.856111,-78.574167
2024-02-07,32,"Millbrook School","PM2.5","Wake",35.856111,-78.574167
2024-02-08,44,"Millbrook School","PM2.5","Wake",35.856111,-78.574167
2024-02-09,65,"Millbrook School","PM2.5","Wake",35.856111,-78.574167
2024-02-10,57,"Millbrook School","PM2.5","Wake",35.856111,-78.574167
2024-02-11,46,"Millbrook School","PM2.5","Wake",35.856111,-78.574167
2024-02-12,29,"Millbrook School","PM2.5","Wake",35.856111,-78.574167
2024-02-13,14,"Millbrook School","PM2.5","Wake",35.856111,-78.574167
2024-02-14,28,"Millbrook School","PM2.5","Wake",35.856111,-78.574167
2024-02-15,56,"Millbrook School","PM2.5","Wake",35.856111,-78.574167
2024-02-16,37,"Millbrook School","PM2.5","Wake",35.856111,-78.574167
2024-02-17,36,"Millbrook School","PM2.5","Wake",35.856111,-78.574167
2024-02-18,27,"Millbrook School","PM2.5","Wake",35.856111,-78.574167
2024-02-19,33,"Millbrook School","PM2.5","Wake",35.856111,-78.574167
2024-02-20,39,"Millbrook School","PM2.5","Wake",35.856111,-78.574167
2024-02-21,37,"Millbrook School","PM2.5","Wake",35.856111,-78.574167
2024-02-22,72,"Millbrook School","PM2.5","Wake",35.856111,-78.574167
2024-02-23,79,"Millbrook School","PM2.5","Wake",35.856111,-78.574167
2024-02-24,32,"Millbrook School","PM2.5","Wake",35.856111,-78.574167
2024-02-25,31,"Millbrook School","PM2.5","Wake",35.856111,-78.574167
2024-02-26,59,"Millbrook School","PM2.5","Wake",35.856111,-78.574167
2024-02-27,59,"Millbrook School","PM2.5","Wake",35.856111,-78.574167
2024-02-28,51,"Millbrook School","PM2.5","Wake",35.856111,-78.574167
2024-02-29,18,"Millbrook School","PM2.5","Wake",35.856111,-78.574167
2024-03-01,44,"Millbrook School","PM2.5","Wake",35.856111,-78.574167
2024-03-02,19,"Millbrook School","PM2.5","Wake",35.856111,-78.574167
2024-03-03,35,"Millbrook School","PM2.5","Wake",35.856111,-78.574167
2024-03-04,27,"Millbrook School","PM2.5","Wake",35.856111,-78.574167
2024-03-05,17,"Millbrook School","PM2.5","Wake",35.856111,-78.574167
2024-03-06,29,"Millbrook School","PM2.5","Wake",35.856111,-78.574167
2024-03-07,18,"Millbrook School","PM2.5","Wake",35.856111,-78.574167
2024-03-08,19,"Millbrook School","PM2.5","Wake",35.856111,-78.574167
2024-03-09,21,"Millbrook School","PM2.5","Wake",35.856111,-78.574167
2024-03-10,12,"Millbrook School","PM2.5","Wake",35.856111,-78.574167
2024-03-11,11,"Millbrook School","PM2.5","Wake",35.856111,-78.574167
2024-03-19,28,"Millbrook School","PM2.5","Wake",35.856111,-78.574167
2024-03-20,53,"Millbrook School","PM2.5","Wake",35.856111,-78.574167
2024-03-21,50,"Millbrook School","PM2.5","Wake",35.856111,-78.574167
2024-03-22,48,"Millbrook School","PM2.5","Wake",35.856111,-78.574167
2024-03-23,15,"Millbrook School","PM2.5","Wake",35.856111,-78.574167
2024-03-24,20,"Millbrook School","PM2.5","Wake",35.856111,-78.574167
2024-03-25,31,"Millbrook School","PM2.5","Wake",35.856111,-78.574167
2024-03-26,44,"Millbrook School","PM2.5","Wake",35.856111,-78.574167
2024-03-27,38,"Millbrook School","PM2.5","Wake",35.856111,-78.574167
2024-03-28,22,"Millbrook School","PM2.5","Wake",35.856111,-78.574167
2024-03-29,31,"Millbrook School","PM2.5","Wake",35.856111,-78.574167
2024-03-30,46,"Millbrook School","PM2.5","Wake",35.856111,-78.574167
2024-03-31,53,"Millbrook School","PM2.5","Wake",35.856111,-78.574167
2024-04-01,59,"Millbrook School","PM2.5","Wake",35.856111,-78.574167
2024-04-02,71,"Millbrook School","PM2.5","Wake",35.856111,-78.574167
2024-04-03,51,"Millbrook School","PM2.5","Wake",35.856111,-78.574167
2024-04-04,13,"Millbrook School","PM2.5","Wake",35.856111,-78.574167
2024-04-05,12,"Millbrook School","PM2.5","Wake",35.856111,-78.574167
2024-04-06,12,"Millbrook School","PM2.5","Wake",35.856111,-78.574167
2024-04-07,19,"Millbrook School","PM2.5","Wake",35.856111,-78.574167
2024-04-08,51,"Millbrook School","PM2.5","Wake",35.856111,-78.574167
2024-04-09,46,"Millbrook School","PM2.5","Wake",35.856111,-78.574167
2024-04-10,38,"Millbrook School","PM2.5","Wake",35.856111,-78.574167
2024-04-11,30,"Millbrook School","PM2.5","Wake",35.856111,-78.574167
2024-04-12,17,"Millbrook School","PM2.5","Wake",35.856111,-78.574167
2024-04-13,15,"Millbrook School","PM2.5","Wake",35.856111,-78.574167
2024-04-14,32,"Millbrook School","PM2.5","Wake",35.856111,-78.574167
2024-04-15,52,"Millbrook School","PM2.5","Wake",35.856111,-78.574167
2024-04-16,58,"Millbrook School","PM2.5","Wake",35.856111,-78.574167
2024-04-17,57,"Millbrook School","PM2.5","Wake",35.856111,-78.574167
2024-04-18,52,"Millbrook School","PM2.5","Wake",35.856111,-78.574167
2024-04-19,59,"Millbrook School","PM2.5","Wake",35.856111,-78.574167
2024-04-20,61,"Millbrook School","PM2.5","Wake",35.856111,-78.574167
2024-04-21,23,"Millbrook School","PM2.5","Wake",35.856111,-78.574167
2024-04-22,28,"Millbrook School","PM2.5","Wake",35.856111,-78.574167
2024-04-23,39,"Millbrook School","PM2.5","Wake",35.856111,-78.574167
2024-04-24,46,"Millbrook School","PM2.5","Wake",35.856111,-78.574167
2024-04-25,53,"Millbrook School","PM2.5","Wake",35.856111,-78.574167
2024-04-26,44,"Millbrook School","PM2.5","Wake",35.856111,-78.574167
2024-04-27,38,"Millbrook School","PM2.5","Wake",35.856111,-78.574167
2024-04-28,46,"Millbrook School","PM2.5","Wake",35.856111,-78.574167
2024-04-29,56,"Millbrook School","PM2.5","Wake",35.856111,-78.574167
2024-04-30,52,"Millbrook School","PM2.5","Wake",35.856111,-78.574167
2024-05-01,40,"Millbrook School","PM2.5","Wake",35.856111,-78.574167
2024-05-02,49,"Millbrook School","PM2.5","Wake",35.856111,-78.574167
2024-05-03,52,"Millbrook School","PM2.5","Wake",35.856111,-78.574167
2024-05-04,53,"Millbrook School","PM2.5","Wake",35.856111,-78.574167
2024-05-05,29,"Millbrook School","PM2.5","Wake",35.856111,-78.574167
2024-05-06,42,"Millbrook School","PM2.5","Wake",35.856111,-78.574167
2024-05-07,48,"Millbrook School","PM2.5","Wake",35.856111,-78.574167
2024-05-08,56,"Millbrook School","PM2.5","Wake",35.856111,-78.574167
2024-05-09,31,"Millbrook School","PM2.5","Wake",35.856111,-78.574167
2024-05-10,24,"Millbrook School","PM2.5","Wake",35.856111,-78.574167
2024-05-11,17,"Millbrook School","PM2.5","Wake",35.856111,-78.574167
2024-05-12,25,"Millbrook School","PM2.5","Wake",35.856111,-78.574167
2024-05-13,33,"Millbrook School","PM2.5","Wake",35.856111,-78.574167
2024-05-14,25,"Millbrook School","PM2.5","Wake",35.856111,-78.574167
2024-05-15,23,"Millbrook School","PM2.5","Wake",35.856111,-78.574167
2024-05-16,26,"Millbrook School","PM2.5","Wake",35.856111,-78.574167
2024-05-17,44,"Millbrook School","PM2.5","Wake",35.856111,-78.574167
2024-05-18,33,"Millbrook School","PM2.5","Wake",35.856111,-78.574167
2024-05-19,27,"Millbrook School","PM2.5","Wake",35.856111,-78.574167
2024-05-20,35,"Millbrook School","PM2.5","Wake",35.856111,-78.574167
2024-05-21,31,"Millbrook School","PM2.5","Wake",35.856111,-78.574167
2024-05-22,41,"Millbrook School","PM2.5","Wake",35.856111,-78.574167
2024-05-23,48,"Millbrook School","PM2.5","Wake",35.856111,-78.574167
2024-05-24,49,"Millbrook School","PM2.5","Wake",35.856111,-78.574167
2024-05-25,47,"Millbrook School","PM2.5","Wake",35.856111,-78.574167
2024-05-26,52,"Millbrook School","PM2.5","Wake",35.856111,-78.574167
2024-05-27,48,"Millbrook School","PM2.5","Wake",35.856111,-78.574167
2024-05-28,32,"Millbrook School","PM2.5","Wake",35.856111,-78.574167
2024-05-29,24,"Millbrook School","PM2.5","Wake",35.856111,-78.574167
2024-05-30,21,"Millbrook School","PM2.5","Wake",35.856111,-78.574167
2024-05-31,25,"Millbrook School","PM2.5","Wake",35.856111,-78.574167
2024-06-01,42,"Millbrook School","PM2.5","Wake",35.856111,-78.574167
2024-06-02,37,"Millbrook School","PM2.5","Wake",35.856111,-78.574167
2024-06-03,46,"Millbrook School","PM2.5","Wake",35.856111,-78.574167
2024-06-04,53,"Millbrook School","PM2.5","Wake",35.856111,-78.574167
2024-06-05,48,"Millbrook School","PM2.5","Wake",35.856111,-78.574167
2024-06-06,44,"Millbrook School","PM2.5","Wake",35.856111,-78.574167
2024-06-07,28,"Millbrook School","PM2.5","Wake",35.856111,-78.574167
2024-06-08,26,"Millbrook School","PM2.5","Wake",35.856111,-78.574167
2024-06-09,40,"Millbrook School","PM2.5","Wake",35.856111,-78.574167
2024-06-10,26,"Millbrook School","PM2.5","Wake",35.856111,-78.574167
2024-06-11,38,"Millbrook School","PM2.5","Wake",35.856111,-78.574167
2024-06-12,51,"Millbrook School","PM2.5","Wake",35.856111,-78.574167
2024-06-13,53,"Millbrook School","PM2.5","Wake",35.856111,-78.574167
2024-06-14,60,"Millbrook School","PM2.5","Wake",35.856111,-78.574167
2024-06-15,53,"Millbrook School","PM2.5","Wake",35.856111,-78.574167
2024-06-16,44,"Millbrook School","PM2.5","Wake",35.856111,-78.574167
2024-06-17,57,"Millbrook School","PM2.5","Wake",35.856111,-78.574167
2024-06-18,44,"Millbrook School","PM2.5","Wake",35.856111,-78.574167
2024-06-19,41,"Millbrook School","PM2.5","Wake",35.856111,-78.574167
2024-06-20,42,"Millbrook School","PM2.5","Wake",35.856111,-78.574167
2024-06-21,44,"Millbrook School","PM2.5","Wake",35.856111,-78.574167
2024-06-22,31,"Millbrook School","PM2.5","Wake",35.856111,-78.574167
2024-06-23,32,"Millbrook School","PM2.5","Wake",35.856111,-78.574167
2024-06-24,49,"Millbrook School","PM2.5","Wake",35.856111,-78.574167
2024-06-25,48,"Millbrook School","PM2.5","Wake",35.856111,-78.574167
2024-06-26,58,"Millbrook School","PM2.5","Wake",35.856111,-78.574167
2024-06-27,48,"Millbrook School","PM2.5","Wake",35.856111,-78.574167
2024-06-28,50,"Millbrook School","PM2.5","Wake",35.856111,-78.574167
2024-06-29,47,"Millbrook School","PM2.5","Wake",35.856111,-78.574167
2024-06-30,35,"Millbrook School","PM2.5","Wake",35.856111,-78.574167
2024-07-01,19,"Millbrook School","PM2.5","Wake",35.856111,-78.574167
2024-07-02,25,"Millbrook School","PM2.5","Wake",35.856111,-78.574167
2024-07-03,42,"Millbrook School","PM2.5","Wake",35.856111,-78.574167
2024-07-04,56,"Millbrook School","PM2.5","Wake",35.856111,-78.574167
2024-07-05,57,"Millbrook School","PM2.5","Wake",35.856111,-78.574167
2024-07-06,47,"Millbrook School","PM2.5","Wake",35.856111,-78.574167
2024-07-07,51,"Millbrook School","PM2.5","Wake",35.856111,-78.574167
2024-07-08,43,"Millbrook School","PM2.5","Wake",35.856111,-78.574167
2024-07-09,42,"Millbrook School","PM2.5","Wake",35.856111,-78.574167
2024-07-10,46,"Millbrook School","PM2.5","Wake",35.856111,-78.574167
2024-07-11,32,"Millbrook School","PM2.5","Wake",35.856111,-78.574167
2024-07-12,19,"Millbrook School","PM2.5","Wake",35.856111,-78.574167
2024-07-13,31,"Millbrook School","PM2.5","Wake",35.856111,-78.574167
2024-07-14,56,"Millbrook School","PM2.5","Wake",35.856111,-78.574167
2024-07-15,65,"Millbrook School","PM2.5","Wake",35.856111,-78.574167
2024-07-16,67,"Millbrook School","PM2.5","Wake",35.856111,-78.574167
2024-07-17,57,"Millbrook School","PM2.5","Wake",35.856111,-78.574167
2024-07-18,47,"Millbrook School","PM2.5","Wake",35.856111,-78.574167
2024-07-19,48,"Millbrook School","PM2.5","Wake",35.856111,-78.574167
2024-07-20,34,"Millbrook School","PM2.5","Wake",35.856111,-78.574167
2024-07-21,33,"Millbrook School","PM2.5","Wake",35.856111,-78.574167
2024-07-22,20,"Millbrook School","PM2.5","Wake",35.856111,-78.574167
2024-07-23,31,"Millbrook School","PM2.5","Wake",35.856111,-78.574167
2024-07-24,28,"Millbrook School","PM2.5","Wake",35.856111,-78.574167
2024-07-25,23,"Millbrook School","PM2.5","Wake",35.856111,-78.574167
2024-07-26,43,"Millbrook School","PM2.5","Wake",35.856111,-78.574167
2024-07-27,53,"Millbrook School","PM2.5","Wake",35.856111,-78.574167
2024-07-28,50,"Millbrook School","PM2.5","Wake",35.856111,-78.574167
2024-07-29,54,"Millbrook School","PM2.5","Wake",35.856111,-78.574167
2024-07-30,55,"Millbrook School","PM2.5","Wake",35.856111,-78.574167
2024-07-31,50,"Millbrook School","PM2.5","Wake",35.856111,-78.574167
2024-08-01,53,"Millbrook School","PM2.5","Wake",35.856111,-78.574167
2024-08-02,54,"Millbrook School","PM2.5","Wake",35.856111,-78.574167
2024-08-03,55,"Millbrook School","PM2.5","Wake",35.856111,-78.574167
2024-08-04,39,"Millbrook School","PM2.5","Wake",35.856111,-78.574167
2024-08-05,32,"Millbrook School","PM2.5","Wake",35.856111,-78.574167
2024-08-06,23,"Millbrook School","PM2.5","Wake",35.856111,-78.574167
2024-08-07,23,"Millbrook School","PM2.5","Wake",35.856111,-78.574167
2024-08-08,20,"Millbrook School","PM2.5","Wake",35.856111,-78.574167
2024-08-09,23,"Millbrook School","PM2.5","Wake",35.856111,-78.574167
2024-08-10,54,"Millbrook School","PM2.5","Wake",35.856111,-78.574167
2024-08-11,55,"Millbrook School","PM2.5","Wake",35.856111,-78.574167
2024-08-12,56,"Millbrook School","PM2.5","Wake",35.856111,-78.574167
2024-08-13,53,"Millbrook School","PM2.5","Wake",35.856111,-78.574167
2024-08-14,52,"Millbrook School","PM2.5","Wake",35.856111,-78.574167
2024-08-15,55,"Millbrook School","PM2.5","Wake",35.856111,-78.574167
2024-08-16,61,"Millbrook School","PM2.5","Wake",35.856111,-78.574167
2024-08-17,65,"Millbrook School","PM2.5","Wake",35.856111,-78.574167
2024-08-18,52,"Millbrook School","PM2.5","Wake",35.856111,-78.574167
2024-08-19,30,"Millbrook School","PM2.5","Wake",35.856111,-78.574167
2024-08-20,33,"Millbrook School","PM2.5","Wake",35.856111,-78.574167
2024-08-21,32,"Millbrook School","PM2.5","Wake",35.856111,-78.574167
2024-08-22,36,"Millbrook School","PM2.5","Wake",35.856111,-78.574167
2024-08-23,46,"Millbrook School","PM2.5","Wake",35.856111,-78.574167
2024-08-24,42,"Millbrook School","PM2.5","Wake",35.856111,-78.574167
2024-08-25,54,"Millbrook School","PM2.5","Wake",35.856111,-78.574167
2024-08-26,60,"Millbrook School","PM2.5","Wake",35.856111,-78.574167
2024-08-27,66,"Millbrook School","PM2.5","Wake",35.856111,-78.574167
2024-08-28,71,"Millbrook School","PM2.5","Wake",35.856111,-78.574167
2024-08-29,67,"Millbrook School","PM2.5","Wake",35.856111,-78.574167
2024-08-30,56,"Millbrook School","PM2.5","Wake",35.856111,-78.574167
2024-08-31,57,"Millbrook School","PM2.5","Wake",35.856111,-78.574167
2024-09-01,54,"Millbrook School","PM2.5","Wake",35.856111,-78.574167
2024-09-02,44,"Millbrook School","PM2.5","Wake",35.856111,-78.574167
2024-09-03,20,"Millbrook School","PM2.5","Wake",35.856111,-78.574167
2024-09-04,26,"Millbrook School","PM2.5","Wake",35.856111,-78.574167
2024-09-05,31,"Millbrook School","PM2.5","Wake",35.856111,-78.574167
2024-09-06,42,"Millbrook School","PM2.5","Wake",35.856111,-78.574167
2024-09-07,46,"Millbrook School","PM2.5","Wake",35.856111,-78.574167
2024-09-08,24,"Millbrook School","PM2.5","Wake",35.856111,-78.574167
2024-09-09,33,"Millbrook School","PM2.5","Wake",35.856111,-78.574167
2024-09-10,52,"Millbrook School","PM2.5","Wake",35.856111,-78.574167
2024-09-11,52,"Millbrook School","PM2.5","Wake",35.856111,-78.574167
2024-09-12,43,"Millbrook School","PM2.5","Wake",35.856111,-78.574167
2024-09-13,30,"Millbrook School","PM2.5","Wake",35.856111,-78.574167
2024-09-14,41,"Millbrook School","PM2.5","Wake",35.856111,-78.574167
2024-09-15,44,"Millbrook School","PM2.5","Wake",35.856111,-78.574167
2024-09-16,35,"Millbrook School","PM2.5","Wake",35.856111,-78.574167
2024-09-17,22,"Millbrook School","PM2.5","Wake",35.856111,-78.574167
2024-09-18,32,"Millbrook School","PM2.5","Wake",35.856111,-78.574167
2024-09-19,26,"Millbrook School","PM2.5","Wake",35.856111,-78.574167
2024-09-20,42,"Millbrook School","PM2.5","Wake",35.856111,-78.574167
2024-09-21,39,"Millbrook School","PM2.5","Wake",35.856111,-78.574167
2024-09-22,46,"Millbrook School","PM2.5","Wake",35.856111,-78.574167
2024-09-23,48,"Millbrook School","PM2.5","Wake",35.856111,-78.574167
2024-09-24,48,"Millbrook School","PM2.5","Wake",35.856111,-78.574167
2024-09-25,44,"Millbrook School","PM2.5","Wake",35.856111,-78.574167
2024-09-26,28,"Millbrook School","PM2.5","Wake",35.856111,-78.574167
2024-09-27,31,"Millbrook School","PM2.5","Wake",35.856111,-78.574167
2024-09-28,51,"Millbrook School","PM2.5","Wake",35.856111,-78.574167
2024-09-29,55,"Millbrook School","PM2.5","Wake",35.856111,-78.574167
2024-09-30,55,"Millbrook School","PM2.5","Wake",35.856111,-78.574167
2024-10-01,25,"Millbrook School","PM2.5","Wake",35.856111,-78.574167
2024-10-02,31,"Millbrook School","PM2.5","Wake",35.856111,-78.574167
2024-10-03,35,"Millbrook School","PM2.5","Wake",35.856111,-78.574167
2024-10-04,40,"Millbrook School","PM2.5","Wake",35.856111,-78.574167
2024-10-05,53,"Millbrook School","PM2.5","Wake",35.856111,-78.574167
2024-10-06,55,"Millbrook School","PM2.5","Wake",35.856111,-78.574167
2024-10-07,54,"Millbrook School","PM2.5","Wake",35.856111,-78.574167
2024-10-08,45,"Millbrook School","PM2.5","Wake",35.856111,-78.574167
2024-10-09,33,"Millbrook School","PM2.5","Wake",35.856111,-78.574167
2024-10-10,20,"Millbrook School","PM2.5","Wake",35.856111,-78.574167
2024-10-11,24,"Millbrook School","PM2.5","Wake",35.856111,-78.574167
2024-10-12,40,"Millbrook School","PM2.5","Wake",35.856111,-78.574167
2024-10-13,47,"Millbrook School","PM2.5","Wake",35.856111,-78.574167
2024-10-14,41,"Millbrook School","PM2.5","Wake",35.856111,-78.574167
2024-10-15,20,"Millbrook School","PM2.5","Wake",35.856111,-78.574167
2024-10-16,15,"Millbrook School","PM2.5","Wake",35.856111,-78.574167
2024-10-17,17,"Millbrook School","PM2.5","Wake",35.856111,-78.574167
2024-10-18,28,"Millbrook School","PM2.5","Wake",35.856111,-78.574167
2024-10-19,33,"Millbrook School","PM2.5","Wake",35.856111,-78.574167
2024-10-20,43,"Millbrook School","PM2.5","Wake",35.856111,-78.574167
2024-10-21,45,"Millbrook School","PM2.5","Wake",35.856111,-78.574167
2024-10-22,48,"Millbrook School","PM2.5","Wake",35.856111,-78.574167
2024-10-23,54,"Millbrook School","PM2.5","Wake",35.856111,-78.574167
2024-10-24,54,"Millbrook School","PM2.5","Wake",35.856111,-78.574167
2024-10-25,53,"Millbrook School","PM2.5","Wake",35.856111,-78.574167
2024-10-26,58,"Millbrook School","PM2.5","Wake",35.856111,-78.574167
2024-10-27,35,"Millbrook School","PM2.5","Wake",35.856111,-78.574167
2024-10-28,48,"Millbrook School","PM2.5","Wake",35.856111,-78.574167
2024-10-29,51,"Millbrook School","PM2.5","Wake",35.856111,-78.574167
2024-10-30,53,"Millbrook School","PM2.5","Wake",35.856111,-78.574167
2024-10-31,38,"Millbrook School","PM2.5","Wake",35.856111,-78.574167
2024-11-01,36,"Millbrook School","PM2.5","Wake",35.856111,-78.574167
2024-11-02,40,"Millbrook School","PM2.5","Wake",35.856111,-78.574167
2024-11-03,37,"Millbrook School","PM2.5","Wake",35.856111,-78.574167
2024-11-04,34,"Millbrook School","PM2.5","Wake",35.856111,-78.574167
2024-11-05,41,"Millbrook School","PM2.5","Wake",35.856111,-78.574167
2024-11-06,45,"Millbrook School","PM2.5","Wake",35.856111,-78.574167
2024-11-07,48,"Millbrook School","PM2.5","Wake",35.856111,-78.574167
2024-11-08,59,"Millbrook School","PM2.5","Wake",35.856111,-78.574167
2024-11-09,35,"Millbrook School","PM2.5","Wake",35.856111,-78.574167
2024-11-10,47,"Millbrook School","PM2.5","Wake",35.856111,-78.574167
2024-11-11,47,"Millbrook School","PM2.5","Wake",35.856111,-78.574167
2024-11-12,27,"Millbrook School","PM2.5","Wake",35.856111,-78.574167
2024-11-13,23,"Millbrook School","PM2.5","Wake",35.856111,-78.574167
2024-11-14,27,"Millbrook School","PM2.5","Wake",35.856111,-78.574167
2024-11-15,22,"Millbrook School","PM2.5","Wake",35.856111,-78.574167
2024-11-16,25,"Millbrook School","PM2.5","Wake",35.856111,-78.574167
2024-11-17,52,"Millbrook School","PM2.5","Wake",35.856111,-78.574167
2024-11-18,56,"Millbrook School","PM2.5","Wake",35.856111,-78.574167
2024-11-19,66,"Millbrook School","PM2.5","Wake",35.856111,-78.574167
2024-11-20,51,"Millbrook School","PM2.5","Wake",35.856111,-78.574167
2024-11-21,12,"Millbrook School","PM2.5","Wake",35.856111,-78.574167
2024-11-22,10,"Millbrook School","PM2.5","Wake",35.856111,-78.574167
2024-11-23,12,"Millbrook School","PM2.5","Wake",35.856111,-78.574167
2024-11-24,36,"Millbrook School","PM2.5","Wake",35.856111,-78.574167
2024-11-25,64,"Millbrook School","PM2.5","Wake",35.856111,-78.574167
2024-11-26,52,"Millbrook School","PM2.5","Wake",35.856111,-78.574167
2024-11-27,36,"Millbrook School","PM2.5","Wake",35.856111,-78.574167
2024-11-28,41,"Millbrook School","PM2.5","Wake",35.856111,-78.574167
2024-11-29,23,"Millbrook School","PM2.5","Wake",35.856111,-78.574167
2024-11-30,37,"Millbrook School","PM2.5","Wake",35.856111,-78.574167
2024-12-01,53,"Millbrook School","PM2.5","Wake",35.856111,-78.574167
2024-12-02,23,"Millbrook School","PM2.5","Wake",35.856111,-78.574167
2024-12-03,21,"Millbrook School","PM2.5","Wake",35.856111,-78.574167
2024-12-04,52,"Millbrook School","PM2.5","Wake",35.856111,-78.574167
2024-12-05,52,"Millbrook School","PM2.5","Wake",35.856111,-78.574167
2024-12-06,28,"Millbrook School","PM2.5","Wake",35.856111,-78.574167
2024-12-07,56,"Millbrook School","PM2.5","Wake",35.856111,-78.574167
2024-12-08,56,"Millbrook School","PM2.5","Wake",35.856111,-78.574167
2024-12-09,49,"Millbrook School","PM2.5","Wake",35.856111,-78.574167
2024-12-10,60,"Millbrook School","PM2.5","Wake",35.856111,-78.574167
2024-12-11,20,"Millbrook School","PM2.5","Wake",35.856111,-78.574167
2024-12-12,33,"Millbrook School","PM2.5","Wake",35.856111,-78.574167
2024-12-13,51,"Millbrook School","PM2.5","Wake",35.856111,-78.574167
2024-12-14,42,"Millbrook School","PM2.5","Wake",35.856111,-78.574167
2024-12-15,29,"Millbrook School","PM2.5","Wake",35.856111,-78.574167
2024-12-16,48,"Millbrook School","PM2.5","Wake",35.856111,-78.574167
2024-12-17,55,"Millbrook School","PM2.5","Wake",35.856111,-78.574167
2024-12-18,55,"Millbrook School","PM2.5","Wake",35.856111,-78.574167
2024-12-19,21,"Millbrook School","PM2.5","Wake",35.856111,-78.574167
2024-12-20,43,"Millbrook School","PM2.5","Wake",35.856111,-78.574167
2024-12-21,12,"Millbrook School","PM2.5","Wake",35.856111,-78.574167
2024-12-22,24,"Millbrook School","PM2.5","Wake",35.856111,-78.574167
2024-12-23,39,"Millbrook School","PM2.5","Wake",35.856111,-78.574167
2024-12-24,46,"Millbrook School","PM2.5","Wake",35.856111,-78.574167
2024-12-25,48,"Millbrook School","PM2.5","Wake",35.856111,-78.574167
2024-12-26,52,"Millbrook School","PM2.5","Wake",35.856111,-78.574167
2024-12-27,58,"Millbrook School","PM2.5","Wake",35.856111,-78.574167
2024-12-28,46,"Millbrook School","PM2.5","Wake",35.856111,-78.574167
2024-12-29,19,"Millbrook School","PM2.5","Wake",35.856111,-78.574167
2024-12-30,23,"Millbrook School","PM2.5","Wake",35.856111,-78.574167
2024-12-31,43,"Millbrook School","PM2.5","Wake",35.856111,-78.574167
2024-01-01,38,"Triple Oak","PM2.5","Wake",35.8652,-78.8197
2024-01-02,24,"Triple Oak","PM2.5","Wake",35.8652,-78.8197
2024-01-03,51,"Triple Oak","PM2.5","Wake",35.8652,-78.8197
2024-01-04,36,"Triple Oak","PM2.5","Wake",35.8652,-78.8197
2024-01-05,29,"Triple Oak","PM2.5","Wake",35.8652,-78.8197
2024-01-06,29,"Triple Oak","PM2.5","Wake",35.8652,-78.8197
2024-01-07,16,"Triple Oak","PM2.5","Wake",35.8652,-78.8197
2024-01-08,22,"Triple Oak","PM2.5","Wake",35.8652,-78.8197
2024-01-09,17,"Triple Oak","PM2.5","Wake",35.8652,-78.8197
2024-01-10,16,"Triple Oak","PM2.5","Wake",35.8652,-78.8197
2024-01-11,46,"Triple Oak","PM2.5","Wake",35.8652,-78.8197
2024-01-12,47,"Triple Oak","PM2.5","Wake",35.8652,-78.8197
2024-01-13,16,"Triple Oak","PM2.5","Wake",35.8652,-78.8197
2024-01-14,28,"Triple Oak","PM2.5","Wake",35.8652,-78.8197
2024-01-15,31,"Triple Oak","PM2.5","Wake",35.8652,-78.8197
2024-01-16,36,"Triple Oak","PM2.5","Wake",35.8652,-78.8197
2024-01-17,28,"Triple Oak","PM2.5","Wake",35.8652,-78.8197
2024-01-18,49,"Triple Oak","PM2.5","Wake",35.8652,-78.8197
2024-01-19,48,"Triple Oak","PM2.5","Wake",35.8652,-78.8197
2024-01-20,29,"Triple Oak","PM2.5","Wake",35.8652,-78.8197
2024-01-21,26,"Triple Oak","PM2.5","Wake",35.8652,-78.8197
2024-01-22,52,"Triple Oak","PM2.5","Wake",35.8652,-78.8197
2024-01-23,59,"Triple Oak","PM2.5","Wake",35.8652,-78.8197
2024-01-24,52,"Triple Oak","PM2.5","Wake",35.8652,-78.8197
2024-01-25,29,"Triple Oak","PM2.5","Wake",35.8652,-78.8197
2024-01-26,37,"Triple Oak","PM2.5","Wake",35.8652,-78.8197
2024-01-27,34,"Triple Oak","PM2.5","Wake",35.8652,-78.8197
2024-01-28,9,"Triple Oak","PM2.5","Wake",35.8652,-78.8197
2024-01-29,12,"Triple Oak","PM2.5","Wake",35.8652,-78.8197
2024-01-30,34,"Triple Oak","PM2.5","Wake",35.8652,-78.8197
2024-01-31,26,"Triple Oak","PM2.5","Wake",35.8652,-78.8197
2024-02-01,37,"Triple Oak","PM2.5","Wake",35.8652,-78.8197
2024-02-02,40,"Triple Oak","PM2.5","Wake",35.8652,-78.8197
2024-02-03,21,"Triple Oak","PM2.5","Wake",35.8652,-78.8197
2024-02-04,31,"Triple Oak","PM2.5","Wake",35.8652,-78.8197
2024-02-05,24,"Triple Oak","PM2.5","Wake",35.8652,-78.8197
2024-02-06,34,"Triple Oak","PM2.5","Wake",35.8652,-78.8197
2024-02-07,26,"Triple Oak","PM2.5","Wake",35.8652,-78.8197
2024-02-08,48,"Triple Oak","PM2.5","Wake",35.8652,-78.8197
2024-02-09,62,"Triple Oak","PM2.5","Wake",35.8652,-78.8197
2024-02-10,54,"Triple Oak","PM2.5","Wake",35.8652,-78.8197
2024-02-11,47,"Triple Oak","PM2.5","Wake",35.8652,-78.8197
2024-02-12,22,"Triple Oak","PM2.5","Wake",35.8652,-78.8197
2024-02-13,13,"Triple Oak","PM2.5","Wake",35.8652,-78.8197
2024-02-14,37,"Triple Oak","PM2.5","Wake",35.8652,-78.8197
2024-02-15,43,"Triple Oak","PM2.5","Wake",35.8652,-78.8197
2024-02-16,42,"Triple Oak","PM2.5","Wake",35.8652,-78.8197
2024-02-17,31,"Triple Oak","PM2.5","Wake",35.8652,-78.8197
2024-02-18,31,"Triple Oak","PM2.5","Wake",35.8652,-78.8197
2024-02-19,33,"Triple Oak","PM2.5","Wake",35.8652,-78.8197
2024-02-20,39,"Triple Oak","PM2.5","Wake",35.8652,-78.8197
2024-02-21,41,"Triple Oak","PM2.5","Wake",35.8652,-78.8197
2024-02-22,69,"Triple Oak","PM2.5","Wake",35.8652,-78.8197
2024-02-23,72,"Triple Oak","PM2.5","Wake",35.8652,-78.8197
2024-02-24,37,"Triple Oak","PM2.5","Wake",35.8652,-78.8197
2024-02-25,24,"Triple Oak","PM2.5","Wake",35.8652,-78.8197
2024-02-26,58,"Triple Oak","PM2.5","Wake",35.8652,-78.8197
2024-02-27,60,"Triple Oak","PM2.5","Wake",35.8652,-78.8197
2024-02-28,49,"Triple Oak","PM2.5","Wake",35.8652,-78.8197
2024-02-29,21,"Triple Oak","PM2.5","Wake",35.8652,-78.8197
2024-03-01,31,"Triple Oak","PM2.5","Wake",35.8652,-78.8197
2024-03-02,11,"Triple Oak","PM2.5","Wake",35.8652,-78.8197
2024-03-03,27,"Triple Oak","PM2.5","Wake",35.8652,-78.8197
2024-03-04,13,"Triple Oak","PM2.5","Wake",35.8652,-78.8197
2024-03-05,14,"Triple Oak","PM2.5","Wake",35.8652,-78.8197
2024-03-06,27,"Triple Oak","PM2.5","Wake",35.8652,-78.8197
2024-03-07,14,"Triple Oak","PM2.5","Wake",35.8652,-78.8197
2024-03-08,17,"Triple Oak","PM2.5","Wake",35.8652,-78.8197
2024-03-09,20,"Triple Oak","PM2.5","Wake",35.8652,-78.8197
2024-03-10,11,"Triple Oak","PM2.5","Wake",35.8652,-78.8197
2024-03-11,19,"Triple Oak","PM2.5","Wake",35.8652,-78.8197
2024-03-12,32,"Triple Oak","PM2.5","Wake",35.8652,-78.8197
2024-03-13,54,"Triple Oak","PM2.5","Wake",35.8652,-78.8197
2024-03-14,65,"Triple Oak","PM2.5","Wake",35.8652,-78.8197
2024-03-15,81,"Triple Oak","PM2.5","Wake",35.8652,-78.8197
2024-03-16,51,"Triple Oak","PM2.5","Wake",35.8652,-78.8197
2024-03-17,45,"Triple Oak","PM2.5","Wake",35.8652,-78.8197
2024-03-18,24,"Triple Oak","PM2.5","Wake",35.8652,-78.8197
2024-03-19,37,"Triple Oak","PM2.5","Wake",35.8652,-78.8197
2024-03-20,54,"Triple Oak","PM2.5","Wake",35.8652,-78.8197
2024-03-21,39,"Triple Oak","PM2.5","Wake",35.8652,-78.8197
2024-03-22,57,"Triple Oak","PM2.5","Wake",35.8652,-78.8197
2024-03-23,11,"Triple Oak","PM2.5","Wake",35.8652,-78.8197
2024-03-24,26,"Triple Oak","PM2.5","Wake",35.8652,-78.8197
2024-03-25,33,"Triple Oak","PM2.5","Wake",35.8652,-78.8197
2024-03-26,51,"Triple Oak","PM2.5","Wake",35.8652,-78.8197
2024-03-27,31,"Triple Oak","PM2.5","Wake",35.8652,-78.8197
2024-03-28,13,"Triple Oak","PM2.5","Wake",35.8652,-78.8197
2024-03-29,32,"Triple Oak","PM2.5","Wake",35.8652,-78.8197
2024-03-30,51,"Triple Oak","PM2.5","Wake",35.8652,-78.8197
2024-03-31,54,"Triple Oak","PM2.5","Wake",35.8652,-78.8197
2024-04-01,61,"Triple Oak","PM2.5","Wake",35.8652,-78.8197
2024-04-02,68,"Triple Oak","PM2.5","Wake",35.8652,-78.8197
2024-04-03,47,"Triple Oak","PM2.5","Wake",35.8652,-78.8197
2024-04-04,20,"Triple Oak","PM2.5","Wake",35.8652,-78.8197
2024-04-05,19,"Triple Oak","PM2.5","Wake",35.8652,-78.8197
2024-04-06,15,"Triple Oak","PM2.5","Wake",35.8652,-78.8197
2024-04-07,25,"Triple Oak","PM2.5","Wake",35.8652,-78.8197
2024-04-08,55,"Triple Oak","PM2.5","Wake",35.8652,-78.8197
2024-04-09,55,"Triple Oak","PM2.5","Wake",35.8652,-78.8197
2024-04-10,55,"Triple Oak","PM2.5","Wake",35.8652,-78.8197
2024-04-11,30,"Triple Oak","PM2.5","Wake",35.8652,-78.8197
2024-04-12,14,"Triple Oak","PM2.5","Wake",35.8652,-78.8197
2024-04-13,20,"Triple Oak","PM2.5","Wake",35.8652,-78.8197
2024-04-14,43,"Triple Oak","PM2.5","Wake",35.8652,-78.8197
2024-04-15,61,"Triple Oak","PM2.5","Wake",35.8652,-78.8197
2024-04-16,60,"Triple Oak","PM2.5","Wake",35.8652,-78.8197
2024-04-17,63,"Triple Oak","PM2.5","Wake",35.8652,-78.8197
2024-04-18,52,"Triple Oak","PM2.5","Wake",35.8652,-78.8197
2024-04-19,60,"Triple Oak","PM2.5","Wake",35.8652,-78.8197
2024-04-20,54,"Triple Oak","PM2.5","Wake",35.8652,-78.8197
2024-04-21,27,"Triple Oak","PM2.5","Wake",35.8652,-78.8197
2024-04-22,25,"Triple Oak","PM2.5","Wake",35.8652,-78.8197
2024-04-23,50,"Triple Oak","PM2.5","Wake",35.8652,-78.8197
2024-04-24,54,"Triple Oak","PM2.5","Wake",35.8652,-78.8197
2024-04-25,48,"Triple Oak","PM2.5","Wake",35.8652,-78.8197
2024-04-26,40,"Triple Oak","PM2.5","Wake",35.8652,-78.8197
2024-04-27,33,"Triple Oak","PM2.5","Wake",35.8652,-78.8197
2024-04-28,43,"Triple Oak","PM2.5","Wake",35.8652,-78.8197
2024-04-29,56,"Triple Oak","PM2.5","Wake",35.8652,-78.8197
2024-04-30,48,"Triple Oak","PM2.5","Wake",35.8652,-78.8197
2024-05-01,49,"Triple Oak","PM2.5","Wake",35.8652,-78.8197
2024-05-02,52,"Triple Oak","PM2.5","Wake",35.8652,-78.8197
2024-05-03,59,"Triple Oak","PM2.5","Wake",35.8652,-78.8197
2024-05-04,53,"Triple Oak","PM2.5","Wake",35.8652,-78.8197
2024-05-05,34,"Triple Oak","PM2.5","Wake",35.8652,-78.8197
2024-05-06,38,"Triple Oak","PM2.5","Wake",35.8652,-78.8197
2024-05-07,50,"Triple Oak","PM2.5","Wake",35.8652,-78.8197
2024-05-08,58,"Triple Oak","PM2.5","Wake",35.8652,-78.8197
2024-05-09,29,"Triple Oak","PM2.5","Wake",35.8652,-78.8197
2024-05-10,27,"Triple Oak","PM2.5","Wake",35.8652,-78.8197
2024-05-11,22,"Triple Oak","PM2.5","Wake",35.8652,-78.8197
2024-05-12,28,"Triple Oak","PM2.5","Wake",35.8652,-78.8197
2024-05-13,34,"Triple Oak","PM2.5","Wake",35.8652,-78.8197
2024-05-14,28,"Triple Oak","PM2.5","Wake",35.8652,-78.8197
2024-05-15,18,"Triple Oak","PM2.5","Wake",35.8652,-78.8197
2024-05-16,20,"Triple Oak","PM2.5","Wake",35.8652,-78.8197
2024-05-17,42,"Triple Oak","PM2.5","Wake",35.8652,-78.8197
2024-05-18,26,"Triple Oak","PM2.5","Wake",35.8652,-78.8197
2024-05-19,22,"Triple Oak","PM2.5","Wake",35.8652,-78.8197
2024-05-20,34,"Triple Oak","PM2.5","Wake",35.8652,-78.8197
2024-05-21,36,"Triple Oak","PM2.5","Wake",35.8652,-78.8197
2024-05-22,50,"Triple Oak","PM2.5","Wake",35.8652,-78.8197
2024-05-23,51,"Triple Oak","PM2.5","Wake",35.8652,-78.8197
2024-05-24,41,"Triple Oak","PM2.5","Wake",35.8652,-78.8197
2024-05-25,40,"Triple Oak","PM2.5","Wake",35.8652,-78.8197
2024-05-26,49,"Triple Oak","PM2.5","Wake",35.8652,-78.8197
2024-05-27,46,"Triple Oak","PM2.5","Wake",35.8652,-78.8197
2024-05-28,39,"Triple Oak","PM2.5","Wake",35.8652,-78.8197
2024-05-29,29,"Triple Oak","PM2.5","Wake",35.8652,-78.8197
2024-05-30,24,"Triple Oak","PM2.5","Wake",35.8652,-78.8197
2024-05-31,27,"Triple Oak","PM2.5","Wake",35.8652,-78.8197
2024-06-01,43,"Triple Oak","PM2.5","Wake",35.8652,-78.8197
2024-06-02,38,"Triple Oak","PM2.5","Wake",35.8652,-78.8197
2024-06-03,49,"Triple Oak","PM2.5","Wake",35.8652,-78.8197
2024-06-04,52,"Triple Oak","PM2.5","Wake",35.8652,-78.8197
2024-06-05,53,"Triple Oak","PM2.5","Wake",35.8652,-78.8197
2024-06-06,47,"Triple Oak","PM2.5","Wake",35.8652,-78.8197
2024-06-07,39,"Triple Oak","PM2.5","Wake",35.8652,-78.8197
2024-06-08,36,"Triple Oak","PM2.5","Wake",35.8652,-78.8197
2024-06-09,47,"Triple Oak","PM2.5","Wake",35.8652,-78.8197
2024-06-10,27,"Triple Oak","PM2.5","Wake",35.8652,-78.8197
2024-06-11,39,"Triple Oak","PM2.5","Wake",35.8652,-78.8197
2024-06-12,52,"Triple Oak","PM2.5","Wake",35.8652,-78.8197
2024-06-13,52,"Triple Oak","PM2.5","Wake",35.8652,-78.8197
2024-06-14,59,"Triple Oak","PM2.5","Wake",35.8652,-78.8197
2024-06-15,51,"Triple Oak","PM2.5","Wake",35.8652,-78.8197
2024-06-16,48,"Triple Oak","PM2.5","Wake",35.8652,-78.8197
2024-06-17,54,"Triple Oak","PM2.5","Wake",35.8652,-78.8197
2024-06-18,41,"Triple Oak","PM2.5","Wake",35.8652,-78.8197
2024-06-19,42,"Triple Oak","PM2.5","Wake",35.8652,-78.8197
2024-06-20,44,"Triple Oak","PM2.5","Wake",35.8652,-78.8197
2024-06-21,43,"Triple Oak","PM2.5","Wake",35.8652,-78.8197
2024-06-22,34,"Triple Oak","PM2.5","Wake",35.8652,-78.8197
2024-06-23,39,"Triple Oak","PM2.5","Wake",35.8652,-78.8197
2024-06-24,45,"Triple Oak","PM2.5","Wake",35.8652,-78.8197
2024-06-25,50,"Triple Oak","PM2.5","Wake",35.8652,-78.8197
2024-06-26,57,"Triple Oak","PM2.5","Wake",35.8652,-78.8197
2024-06-27,53,"Triple Oak","PM2.5","Wake",35.8652,-78.8197
2024-06-28,52,"Triple Oak","PM2.5","Wake",35.8652,-78.8197
2024-06-29,54,"Triple Oak","PM2.5","Wake",35.8652,-78.8197
2024-06-30,43,"Triple Oak","PM2.5","Wake",35.8652,-78.8197
2024-07-01,28,"Triple Oak","PM2.5","Wake",35.8652,-78.8197
2024-07-02,29,"Triple Oak","PM2.5","Wake",35.8652,-78.8197
2024-07-03,51,"Triple Oak","PM2.5","Wake",35.8652,-78.8197
2024-07-04,54,"Triple Oak","PM2.5","Wake",35.8652,-78.8197
2024-07-05,60,"Triple Oak","PM2.5","Wake",35.8652,-78.8197
2024-07-06,51,"Triple Oak","PM2.5","Wake",35.8652,-78.8197
2024-07-07,52,"Triple Oak","PM2.5","Wake",35.8652,-78.8197
2024-07-08,44,"Triple Oak","PM2.5","Wake",35.8652,-78.8197
2024-07-09,48,"Triple Oak","PM2.5","Wake",35.8652,-78.8197
2024-07-10,56,"Triple Oak","PM2.5","Wake",35.8652,-78.8197
2024-07-11,34,"Triple Oak","PM2.5","Wake",35.8652,-78.8197
2024-07-12,29,"Triple Oak","PM2.5","Wake",35.8652,-78.8197
2024-07-13,29,"Triple Oak","PM2.5","Wake",35.8652,-78.8197
2024-07-14,55,"Triple Oak","PM2.5","Wake",35.8652,-78.8197
2024-07-15,63,"Triple Oak","PM2.5","Wake",35.8652,-78.8197
2024-07-16,64,"Triple Oak","PM2.5","Wake",35.8652,-78.8197
2024-07-17,57,"Triple Oak","PM2.5","Wake",35.8652,-78.8197
2024-07-18,52,"Triple Oak","PM2.5","Wake",35.8652,-78.8197
2024-07-19,48,"Triple Oak","PM2.5","Wake",35.8652,-78.8197
2024-07-20,30,"Triple Oak","PM2.5","Wake",35.8652,-78.8197
2024-07-21,34,"Triple Oak","PM2.5","Wake",35.8652,-78.8197
2024-07-22,29,"Triple Oak","PM2.5","Wake",35.8652,-78.8197
2024-07-23,41,"Triple Oak","PM2.5","Wake",35.8652,-78.8197
2024-07-24,31,"Triple Oak","PM2.5","Wake",35.8652,-78.8197
2024-07-25,27,"Triple Oak","PM2.5","Wake",35.8652,-78.8197
2024-07-26,47,"Triple Oak","PM2.5","Wake",35.8652,-78.8197
2024-07-27,52,"Triple Oak","PM2.5","Wake",35.8652,-78.8197
2024-07-28,52,"Triple Oak","PM2.5","Wake",35.8652,-78.8197
2024-07-29,55,"Triple Oak","PM2.5","Wake",35.8652,-78.8197
2024-07-30,57,"Triple Oak","PM2.5","Wake",35.8652,-78.8197
2024-07-31,49,"Triple Oak","PM2.5","Wake",35.8652,-78.8197
2024-08-01,55,"Triple Oak","PM2.5","Wake",35.8652,-78.8197
2024-08-02,56,"Triple Oak","PM2.5","Wake",35.8652,-78.8197
2024-08-03,57,"Triple Oak","PM2.5","Wake",35.8652,-78.8197
2024-08-04,46,"Triple Oak","PM2.5","Wake",35.8652,-78.8197
2024-08-05,38,"Triple Oak","PM2.5","Wake",35.8652,-78.8197
2024-08-06,23,"Triple Oak","PM2.5","Wake",35.8652,-78.8197
2024-08-07,23,"Triple Oak","PM2.5","Wake",35.8652,-78.8197
2024-08-08,22,"Triple Oak","PM2.5","Wake",35.8652,-78.8197
2024-08-09,24,"Triple Oak","PM2.5","Wake",35.8652,-78.8197
2024-08-10,52,"Triple Oak","PM2.5","Wake",35.8652,-78.8197
2024-08-11,52,"Triple Oak","PM2.5","Wake",35.8652,-78.8197
2024-08-12,55,"Triple Oak","PM2.5","Wake",35.8652,-78.8197
2024-08-13,56,"Triple Oak","PM2.5","Wake",35.8652,-78.8197
2024-08-14,48,"Triple Oak","PM2.5","Wake",35.8652,-78.8197
2024-08-15,52,"Triple Oak","PM2.5","Wake",35.8652,-78.8197
2024-08-16,58,"Triple Oak","PM2.5","Wake",35.8652,-78.8197
2024-08-17,62,"Triple Oak","PM2.5","Wake",35.8652,-78.8197
2024-08-18,52,"Triple Oak","PM2.5","Wake",35.8652,-78.8197
2024-08-19,29,"Triple Oak","PM2.5","Wake",35.8652,-78.8197
2024-08-20,28,"Triple Oak","PM2.5","Wake",35.8652,-78.8197
2024-08-21,27,"Triple Oak","PM2.5","Wake",35.8652,-78.8197
2024-08-22,38,"Triple Oak","PM2.5","Wake",35.8652,-78.8197
2024-08-23,44,"Triple Oak","PM2.5","Wake",35.8652,-78.8197
2024-08-24,41,"Triple Oak","PM2.5","Wake",35.8652,-78.8197
2024-08-25,53,"Triple Oak","PM2.5","Wake",35.8652,-78.8197
2024-08-26,59,"Triple Oak","PM2.5","Wake",35.8652,-78.8197
2024-08-27,74,"Triple Oak","PM2.5","Wake",35.8652,-78.8197
2024-08-28,73,"Triple Oak","PM2.5","Wake",35.8652,-78.8197
2024-08-29,66,"Triple Oak","PM2.5","Wake",35.8652,-78.8197
2024-08-30,57,"Triple Oak","PM2.5","Wake",35.8652,-78.8197
2024-08-31,55,"Triple Oak","PM2.5","Wake",35.8652,-78.8197
2024-09-01,49,"Triple Oak","PM2.5","Wake",35.8652,-78.8197
2024-09-02,39,"Triple Oak","PM2.5","Wake",35.8652,-78.8197
2024-09-03,18,"Triple Oak","PM2.5","Wake",35.8652,-78.8197
2024-09-04,28,"Triple Oak","PM2.5","Wake",35.8652,-78.8197
2024-09-05,26,"Triple Oak","PM2.5","Wake",35.8652,-78.8197
2024-09-06,29,"Triple Oak","PM2.5","Wake",35.8652,-78.8197
2024-09-07,40,"Triple Oak","PM2.5","Wake",35.8652,-78.8197
2024-09-08,18,"Triple Oak","PM2.5","Wake",35.8652,-78.8197
2024-09-09,37,"Triple Oak","PM2.5","Wake",35.8652,-78.8197
2024-09-10,46,"Triple Oak","PM2.5","Wake",35.8652,-78.8197
2024-09-11,52,"Triple Oak","PM2.5","Wake",35.8652,-78.8197
2024-09-12,45,"Triple Oak","PM2.5","Wake",35.8652,-78.8197
2024-09-13,37,"Triple Oak","PM2.5","Wake",35.8652,-78.8197
2024-09-14,32,"Triple Oak","PM2.5","Wake",35.8652,-78.8197
2024-09-15,38,"Triple Oak","PM2.5","Wake",35.8652,-78.8197
2024-09-16,28,"Triple Oak","PM2.5","Wake",35.8652,-78.8197
2024-09-17,33,"Triple Oak","PM2.5","Wake",35.8652,-78.8197
2024-09-18,38,"Triple Oak","PM2.5","Wake",35.8652,-78.8197
2024-09-19,17,"Triple Oak","PM2.5","Wake",35.8652,-78.8197
2024-09-20,43,"Triple Oak","PM2.5","Wake",35.8652,-78.8197
2024-09-21,44,"Triple Oak","PM2.5","Wake",35.8652,-78.8197
2024-09-22,39,"Triple Oak","PM2.5","Wake",35.8652,-78.8197
2024-09-23,49,"Triple Oak","PM2.5","Wake",35.8652,-78.8197
2024-09-24,52,"Triple Oak","PM2.5","Wake",35.8652,-78.8197
2024-09-25,44,"Triple Oak","PM2.5","Wake",35.8652,-78.8197
2024-09-26,28,"Triple Oak","PM2.5","Wake",35.8652,-78.8197
2024-09-27,33,"Triple Oak","PM2.5","Wake",35.8652,-78.8197
2024-09-28,49,"Triple Oak","PM2.5","Wake",35.8652,-78.8197
2024-09-29,54,"Triple Oak","PM2.5","Wake",35.8652,-78.8197
2024-09-30,55,"Triple Oak","PM2.5","Wake",35.8652,-78.8197
2024-10-01,23,"Triple Oak","PM2.5","Wake",35.8652,-78.8197
2024-10-03,32,"Triple Oak","PM2.5","Wake",35.8652,-78.8197
2024-10-04,32,"Triple Oak","PM2.5","Wake",35.8652,-78.8197
2024-10-05,44,"Triple Oak","PM2.5","Wake",35.8652,-78.8197
2024-10-06,51,"Triple Oak","PM2.5","Wake",35.8652,-78.8197
2024-10-07,52,"Triple Oak","PM2.5","Wake",35.8652,-78.8197
2024-10-08,38,"Triple Oak","PM2.5","Wake",35.8652,-78.8197
2024-10-09,32,"Triple Oak","PM2.5","Wake",35.8652,-78.8197
2024-10-10,13,"Triple Oak","PM2.5","Wake",35.8652,-78.8197
2024-10-11,24,"Triple Oak","PM2.5","Wake",35.8652,-78.8197
2024-10-12,44,"Triple Oak","PM2.5","Wake",35.8652,-78.8197
2024-10-13,49,"Triple Oak","PM2.5","Wake",35.8652,-78.8197
2024-10-14,51,"Triple Oak","PM2.5","Wake",35.8652,-78.8197
2024-10-15,28,"Triple Oak","PM2.5","Wake",35.8652,-78.8197
2024-10-24,51,"Triple Oak","PM2.5","Wake",35.8652,-78.8197
2024-10-25,46,"Triple Oak","PM2.5","Wake",35.8652,-78.8197
2024-10-26,52,"Triple Oak","PM2.5","Wake",35.8652,-78.8197
2024-10-27,37,"Triple Oak","PM2.5","Wake",35.8652,-78.8197
2024-10-28,45,"Triple Oak","PM2.5","Wake",35.8652,-78.8197
2024-10-29,49,"Triple Oak","PM2.5","Wake",35.8652,-78.8197
2024-10-30,52,"Triple Oak","PM2.5","Wake",35.8652,-78.8197
2024-10-31,48,"Triple Oak","PM2.5","Wake",35.8652,-78.8197
2024-11-01,46,"Triple Oak","PM2.5","Wake",35.8652,-78.8197
2024-11-02,37,"Triple Oak","PM2.5","Wake",35.8652,-78.8197
2024-11-03,36,"Triple Oak","PM2.5","Wake",35.8652,-78.8197
2024-11-04,29,"Triple Oak","PM2.5","Wake",35.8652,-78.8197
2024-11-05,40,"Triple Oak","PM2.5","Wake",35.8652,-78.8197
2024-11-06,41,"Triple Oak","PM2.5","Wake",35.8652,-78.8197
2024-11-07,57,"Triple Oak","PM2.5","Wake",35.8652,-78.8197
2024-11-08,60,"Triple Oak","PM2.5","Wake",35.8652,-78.8197
2024-11-09,24,"Triple Oak","PM2.5","Wake",35.8652,-78.8197
2024-11-10,30,"Triple Oak","PM2.5","Wake",35.8652,-78.8197
2024-11-11,53,"Triple Oak","PM2.5","Wake",35.8652,-78.8197
2024-11-12,23,"Triple Oak","PM2.5","Wake",35.8652,-78.8197
2024-11-13,19,"Triple Oak","PM2.5","Wake",35.8652,-78.8197
2024-11-14,23,"Triple Oak","PM2.5","Wake",35.8652,-78.8197
2024-11-15,12,"Triple Oak","PM2.5","Wake",35.8652,-78.8197
2024-11-16,14,"Triple Oak","PM2.5","Wake",35.8652,-78.8197
2024-11-17,42,"Triple Oak","PM2.5","Wake",35.8652,-78.8197
2024-11-18,51,"Triple Oak","PM2.5","Wake",35.8652,-78.8197
2024-11-19,58,"Triple Oak","PM2.5","Wake",35.8652,-78.8197
2024-11-20,52,"Triple Oak","PM2.5","Wake",35.8652,-78.8197
2024-11-21,14,"Triple Oak","PM2.5","Wake",35.8652,-78.8197
2024-11-22,14,"Triple Oak","PM2.5","Wake",35.8652,-78.8197
2024-11-23,7,"Triple Oak","PM2.5","Wake",35.8652,-78.8197
2024-11-24,23,"Triple Oak","PM2.5","Wake",35.8652,-78.8197
2024-11-25,55,"Triple Oak","PM2.5","Wake",35.8652,-78.8197
2024-11-26,47,"Triple Oak","PM2.5","Wake",35.8652,-78.8197
2024-11-27,25,"Triple Oak","PM2.5","Wake",35.8652,-78.8197
2024-11-28,32,"Triple Oak","PM2.5","Wake",35.8652,-78.8197
2024-11-29,21,"Triple Oak","PM2.5","Wake",35.8652,-78.8197
2024-11-30,26,"Triple Oak","PM2.5","Wake",35.8652,-78.8197
2024-12-01,41,"Triple Oak","PM2.5","Wake",35.8652,-78.8197
2024-12-02,23,"Triple Oak","PM2.5","Wake",35.8652,-78.8197
2024-12-03,27,"Triple Oak","PM2.5","Wake",35.8652,-78.8197
2024-12-04,51,"Triple Oak","PM2.5","Wake",35.8652,-78.8197
2024-12-05,48,"Triple Oak","PM2.5","Wake",35.8652,-78.8197
2024-12-06,32,"Triple Oak","PM2.5","Wake",35.8652,-78.8197
2024-12-07,42,"Triple Oak","PM2.5","Wake",35.8652,-78.8197
2024-12-08,57,"Triple Oak","PM2.5","Wake",35.8652,-78.8197
2024-12-09,51,"Triple Oak","PM2.5","Wake",35.8652,-78.8197
2024-12-10,57,"Triple Oak","PM2.5","Wake",35.8652,-78.8197
2024-12-11,13,"Triple Oak","PM2.5","Wake",35.8652,-78.8197
2024-12-12,26,"Triple Oak","PM2.5","Wake",35.8652,-78.8197
2024-12-13,43,"Triple Oak","PM2.5","Wake",35.8652,-78.8197
2024-12-14,43,"Triple Oak","PM2.5","Wake",35.8652,-78.8197
2024-12-15,23,"Triple Oak","PM2.5","Wake",35.8652,-78.8197
2024-12-16,26,"Triple Oak","PM2.5","Wake",35.8652,-78.8197
2024-12-17,52,"Triple Oak","PM2.5","Wake",35.8652,-78.8197
2024-12-18,52,"Triple Oak","PM2.5","Wake",35.8652,-78.8197
2024-12-19,4,"Triple Oak","PM2.5","Wake",35.8652,-78.8197
2024-12-20,26,"Triple Oak","PM2.5","Wake",35.8652,-78.8197
2024-12-21,9,"Triple Oak","PM2.5","Wake",35.8652,-78.8197
2024-12-22,26,"Triple Oak","PM2.5","Wake",35.8652,-78.8197
2024-12-23,39,"Triple Oak","PM2.5","Wake",35.8652,-78.8197
2024-12-24,50,"Triple Oak","PM2.5","Wake",35.8652,-78.8197
2024-12-25,40,"Triple Oak","PM2.5","Wake",35.8652,-78.8197
2024-12-26,42,"Triple Oak","PM2.5","Wake",35.8652,-78.8197
2024-12-27,53,"Triple Oak","PM2.5","Wake",35.8652,-78.8197
2024-12-28,45,"Triple Oak","PM2.5","Wake",35.8652,-78.8197
2024-12-29,16,"Triple Oak","PM2.5","Wake",35.8652,-78.8197
2024-12-30,13,"Triple Oak","PM2.5","Wake",35.8652,-78.8197
2024-12-31,31,"Triple Oak","PM2.5","Wake",35.8652,-78.8197
