"Date","Local.Site.Name","County","latitude","longitude","Month","Year","AQI_PM2.5","AQI_Ozone"
2024-01-01,"Bryson City","Swain",35.434767,-83.442133,1,2024,43,NA
2024-01-01,"Castle Hayne","New Hanover",34.364167,-77.838611,1,2024,44.5,NA
2024-01-01,"Clemmons Middle","Forsyth",36.026612,-80.341962,1,2024,47.5,NA
2024-01-01,"Durham Armory","Durham",36.0329550008979,-78.904037,1,2024,61,NA
2024-01-01,"Frying Pan Mountain","Haywood",35.379167,-82.7925,1,2024,14,NA
2024-01-01,"Garinger High School","Mecklenburg",35.2401000008895,-80.785683,1,2024,42,28
2024-01-01,"Hattie Avenue","Forsyth",36.11094,-80.224501,1,2024,48,NA
2024-01-01,"Leggett","Edgecombe",35.988278,-77.5843,1,2024,38,NA
2024-01-01,"Linville Falls","Avery",35.972347,-81.933072,1,2024,14,NA
2024-01-01,"Mendenhall School","Guilford",36.1090060008986,-79.802314,1,2024,53,NA
2024-01-01,"Millbrook School","Wake",35.856111,-78.574167,1,2024,61.5,25
2024-01-01,"Pitt Agri. Center","Pitt",35.6412760008938,-77.360126,1,2024,46,NA
2024-01-01,"West Johnston Co.","Johnston",35.59095,-78.4622,1,2024,46,NA
2024-01-02,"Bryson City","Swain",35.434767,-83.442133,1,2024,21,NA
2024-01-02,"Castle Hayne","New Hanover",34.364167,-77.838611,1,2024,20.5,NA
2024-01-02,"Clemmons Middle","Forsyth",36.026612,-80.341962,1,2024,37,NA
2024-01-02,"Durham Armory","Durham",36.0329550008979,-78.904037,1,2024,49,NA
2024-01-02,"Garinger High School","Mecklenburg",35.2401000008895,-80.785683,1,2024,32,23
2024-01-02,"Hattie Avenue","Forsyth",36.11094,-80.224501,1,2024,33,NA
2024-01-02,"Leggett","Edgecombe",35.988278,-77.5843,1,2024,18,NA
2024-01-02,"Mendenhall School","Guilford",36.1090060008986,-79.802314,1,2024,33,NA
2024-01-02,"Millbrook School","Wake",35.856111,-78.574167,1,2024,32,23
2024-01-02,"Pitt Agri. Center","Pitt",35.6412760008938,-77.360126,1,2024,12,NA
2024-01-02,"West Johnston Co.","Johnston",35.59095,-78.4622,1,2024,19,NA
2024-01-03,"Bryson City","Swain",35.434767,-83.442133,1,2024,34,NA
2024-01-03,"Castle Hayne","New Hanover",34.364167,-77.838611,1,2024,42,NA
2024-01-03,"Clemmons Middle","Forsyth",36.026612,-80.341962,1,2024,58,NA
2024-01-03,"Durham Armory","Durham",36.0329550008979,-78.904037,1,2024,59,NA
2024-01-03,"Garinger High School","Mecklenburg",35.2401000008895,-80.785683,1,2024,52,21
2024-01-03,"Hattie Avenue","Forsyth",36.11094,-80.224501,1,2024,56,NA
2024-01-03,"Leggett","Edgecombe",35.988278,-77.5843,1,2024,41,NA
2024-01-03,"Mendenhall School","Guilford",36.1090060008986,-79.802314,1,2024,55,NA
2024-01-03,"Millbrook School","Wake",35.856111,-78.574167,1,2024,54,21
2024-01-03,"Pitt Agri. Center","Pitt",35.6412760008938,-77.360126,1,2024,52,NA
2024-01-03,"West Johnston Co.","Johnston",35.59095,-78.4622,1,2024,54,NA
2024-01-04,"Bryson City","Swain",35.434767,-83.442133,1,2024,31,NA
2024-01-04,"Castle Hayne","New Hanover",34.364167,-77.838611,1,2024,50.5,NA
2024-01-04,"Clemmons Middle","Forsyth",36.026612,-80.341962,1,2024,32,NA
2024-01-04,"Durham Armory","Durham",36.0329550008979,-78.904037,1,2024,55,NA
2024-01-04,"Frying Pan Mountain","Haywood",35.379167,-82.7925,1,2024,16,NA
2024-01-04,"Garinger High School","Mecklenburg",35.2401000008895,-80.785683,1,2024,33,29
2024-01-04,"Hattie Avenue","Forsyth",36.11094,-80.224501,1,2024,28,NA
2024-01-04,"Leggett","Edgecombe",35.988278,-77.5843,1,2024,38,NA
2024-01-04,"Linville Falls","Avery",35.972347,-81.933072,1,2024,13,NA
2024-01-04,"Mendenhall School","Guilford",36.1090060008986,-79.802314,1,2024,31,NA
2024-01-04,"Millbrook School","Wake",35.856111,-78.574167,1,2024,36.5,28
2024-01-04,"Pitt Agri. Center","Pitt",35.6412760008938,-77.360126,1,2024,39,NA
2024-01-04,"West Johnston Co.","Johnston",35.59095,-78.4622,1,2024,40,NA
2024-01-05,"Bryson City","Swain",35.434767,-83.442133,1,2024,45,NA
2024-01-05,"Castle Hayne","New Hanover",34.364167,-77.838611,1,2024,34.5,NA
2024-01-05,"Clemmons Middle","Forsyth",36.026612,-80.341962,1,2024,54,NA
2024-01-05,"Durham Armory","Durham",36.0329550008979,-78.904037,1,2024,58,NA
2024-01-05,"Garinger High School","Mecklenburg",35.2401000008895,-80.785683,1,2024,35,25
2024-01-05,"Hattie Avenue","Forsyth",36.11094,-80.224501,1,2024,46,NA
2024-01-05,"Leggett","Edgecombe",35.988278,-77.5843,1,2024,21,NA
2024-01-05,"Mendenhall School","Guilford",36.1090060008986,-79.802314,1,2024,51,NA
2024-01-05,"Millbrook School","Wake",35.856111,-78.574167,1,2024,34,30
2024-01-05,"Pitt Agri. Center","Pitt",35.6412760008938,-77.360126,1,2024,25,NA
2024-01-05,"West Johnston Co.","Johnston",35.59095,-78.4622,1,2024,24,NA
2024-01-06,"Bryson City","Swain",35.434767,-83.442133,1,2024,16,NA
2024-01-06,"Castle Hayne","New Hanover",34.364167,-77.838611,1,2024,29,NA
2024-01-06,"Clemmons Middle","Forsyth",36.026612,-80.341962,1,2024,48,NA
2024-01-06,"Durham Armory","Durham",36.0329550008979,-78.904037,1,2024,54,NA
2024-01-06,"Garinger High School","Mecklenburg",35.2401000008895,-80.785683,1,2024,23,21
2024-01-06,"Hattie Avenue","Forsyth",36.11094,-80.224501,1,2024,51,NA
2024-01-06,"Leggett","Edgecombe",35.988278,-77.5843,1,2024,25,NA
2024-01-06,"Mendenhall School","Guilford",36.1090060008986,-79.802314,1,2024,48,NA
2024-01-06,"Millbrook School","Wake",35.856111,-78.574167,1,2024,34,24
2024-01-06,"Pitt Agri. Center","Pitt",35.6412760008938,-77.360126,1,2024,18,NA
2024-01-06,"West Johnston Co.","Johnston",35.59095,-78.4622,1,2024,20,NA
2024-01-07,"Bryson City","Swain",35.434767,-83.442133,1,2024,8,NA
2024-01-07,"Castle Hayne","New Hanover",34.364167,-77.838611,1,2024,22,NA
2024-01-07,"Clemmons Middle","Forsyth",36.026612,-80.341962,1,2024,23.5,NA
2024-01-07,"Durham Armory","Durham",36.0329550008979,-78.904037,1,2024,42,NA
2024-01-07,"Frying Pan Mountain","Haywood",35.379167,-82.7925,1,2024,6,NA
2024-01-07,"Garinger High School","Mecklenburg",35.2401000008895,-80.785683,1,2024,15,31
2024-01-07,"Hattie Avenue","Forsyth",36.11094,-80.224501,1,2024,23,NA
2024-01-07,"Leggett","Edgecombe",35.988278,-77.5843,1,2024,11,NA
2024-01-07,"Linville Falls","Avery",35.972347,-81.933072,1,2024,5,NA
2024-01-07,"Mendenhall School","Guilford",36.1090060008986,-79.802314,1,2024,24,NA
2024-01-07,"Millbrook School","Wake",35.856111,-78.574167,1,2024,18.5,30
2024-01-07,"Pitt Agri. Center","Pitt",35.6412760008938,-77.360126,1,2024,8,NA
2024-01-07,"West Johnston Co.","Johnston",35.59095,-78.4622,1,2024,13,NA
2024-01-08,"Bryson City","Swain",35.434767,-83.442133,1,2024,17,NA
2024-01-08,"Castle Hayne","New Hanover",34.364167,-77.838611,1,2024,23,NA
2024-01-08,"Clemmons Middle","Forsyth",36.026612,-80.341962,1,2024,27,NA
2024-01-08,"Durham Armory","Durham",36.0329550008979,-78.904037,1,2024,49,NA
2024-01-08,"Garinger High School","Mecklenburg",35.2401000008895,-80.785683,1,2024,24,29
2024-01-08,"Hattie Avenue","Forsyth",36.11094,-80.224501,1,2024,26,NA
2024-01-08,"Leggett","Edgecombe",35.988278,-77.5843,1,2024,19,NA
2024-01-08,"Mendenhall School","Guilford",36.1090060008986,-79.802314,1,2024,27,NA
2024-01-08,"Millbrook School","Wake",35.856111,-78.574167,1,2024,23,30
2024-01-08,"Pitt Agri. Center","Pitt",35.6412760008938,-77.360126,1,2024,11,NA
2024-01-08,"West Johnston Co.","Johnston",35.59095,-78.4622,1,2024,23,NA
2024-01-09,"Bryson City","Swain",35.434767,-83.442133,1,2024,8,NA
2024-01-09,"Castle Hayne","New Hanover",34.364167,-77.838611,1,2024,38.5,NA
2024-01-09,"Clemmons Middle","Forsyth",36.026612,-80.341962,1,2024,25,NA
2024-01-09,"Durham Armory","Durham",36.0329550008979,-78.904037,1,2024,36,NA
2024-01-09,"Garinger High School","Mecklenburg",35.2401000008895,-80.785683,1,2024,13,34
2024-01-09,"Hattie Avenue","Forsyth",36.11094,-80.224501,1,2024,22,NA
2024-01-09,"Leggett","Edgecombe",35.988278,-77.5843,1,2024,38,NA
2024-01-09,"Mendenhall School","Guilford",36.1090060008986,-79.802314,1,2024,27,NA
2024-01-09,"Millbrook School","Wake",35.856111,-78.574167,1,2024,25,NA
2024-01-09,"Pitt Agri. Center","Pitt",35.6412760008938,-77.360126,1,2024,27,NA
2024-01-09,"West Johnston Co.","Johnston",35.59095,-78.4622,1,2024,24,NA
2024-01-10,"Bryson City","Swain",35.434767,-83.442133,1,2024,20,NA
2024-01-10,"Castle Hayne","New Hanover",34.364167,-77.838611,1,2024,28.5,NA
2024-01-10,"Clemmons Middle","Forsyth",36.026612,-80.341962,1,2024,21,NA
2024-01-10,"Durham Armory","Durham",36.0329550008979,-78.904037,1,2024,44,NA
2024-01-10,"Garinger High School","Mecklenburg",35.2401000008895,-80.785683,1,2024,11,23
2024-01-10,"Hattie Avenue","Forsyth",36.11094,-80.224501,1,2024,19,NA
2024-01-10,"Leggett","Edgecombe",35.988278,-77.5843,1,2024,3,NA
2024-01-10,"Linville Falls","Avery",35.972347,-81.933072,1,2024,6,NA
2024-01-10,"Mendenhall School","Guilford",36.1090060008986,-79.802314,1,2024,24,NA
2024-01-10,"Millbrook School","Wake",35.856111,-78.574167,1,2024,22,21
2024-01-10,"Pitt Agri. Center","Pitt",35.6412760008938,-77.360126,1,2024,2,NA
2024-01-10,"West Johnston Co.","Johnston",35.59095,-78.4622,1,2024,16,NA
2024-01-11,"Bryson City","Swain",35.434767,-83.442133,1,2024,32,NA
2024-01-11,"Castle Hayne","New Hanover",34.364167,-77.838611,1,2024,29.5,NA
2024-01-11,"Clemmons Middle","Forsyth",36.026612,-80.341962,1,2024,37,NA
2024-01-11,"Durham Armory","Durham",36.0329550008979,-78.904037,1,2024,58,NA
2024-01-11,"Garinger High School","Mecklenburg",35.2401000008895,-80.785683,1,2024,45,28
2024-01-11,"Hattie Avenue","Forsyth",36.11094,-80.224501,1,2024,49,NA
2024-01-11,"Leggett","Edgecombe",35.988278,-77.5843,1,2024,33,NA
2024-01-11,"Mendenhall School","Guilford",36.1090060008986,-79.802314,1,2024,46,NA
2024-01-11,"Millbrook School","Wake",35.856111,-78.574167,1,2024,54,23
2024-01-11,"Pitt Agri. Center","Pitt",35.6412760008938,-77.360126,1,2024,30,NA
2024-01-11,"West Johnston Co.","Johnston",35.59095,-78.4622,1,2024,37,NA
2024-01-12,"Bryson City","Swain",35.434767,-83.442133,1,2024,33,NA
2024-01-12,"Castle Hayne","New Hanover",34.364167,-77.838611,1,2024,42,NA
2024-01-12,"Clemmons Middle","Forsyth",36.026612,-80.341962,1,2024,53,NA
2024-01-12,"Durham Armory","Durham",36.0329550008979,-78.904037,1,2024,58,NA
2024-01-12,"Garinger High School","Mecklenburg",35.2401000008895,-80.785683,1,2024,52,29
2024-01-12,"Hattie Avenue","Forsyth",36.11094,-80.224501,1,2024,49,NA
2024-01-12,"Leggett","Edgecombe",35.988278,-77.5843,1,2024,45,NA
2024-01-12,"Mendenhall School","Guilford",36.1090060008986,-79.802314,1,2024,55,NA
2024-01-12,"Millbrook School","Wake",35.856111,-78.574167,1,2024,57,34
2024-01-12,"Pitt Agri. Center","Pitt",35.6412760008938,-77.360126,1,2024,40,NA
2024-01-12,"West Johnston Co.","Johnston",35.59095,-78.4622,1,2024,44,NA
2024-01-13,"Bryson City","Swain",35.434767,-83.442133,1,2024,13,NA
2024-01-13,"Castle Hayne","New Hanover",34.364167,-77.838611,1,2024,29,NA
2024-01-13,"Clemmons Middle","Forsyth",36.026612,-80.341962,1,2024,23,NA
2024-01-13,"Durham Armory","Durham",36.0329550008979,-78.904037,1,2024,44,NA
2024-01-13,"Frying Pan Mountain","Haywood",35.379167,-82.7925,1,2024,6,NA
2024-01-13,"Garinger High School","Mecklenburg",35.2401000008895,-80.785683,1,2024,28,31
2024-01-13,"Hattie Avenue","Forsyth",36.11094,-80.224501,1,2024,24,NA
2024-01-13,"Leggett","Edgecombe",35.988278,-77.5843,1,2024,0,NA
2024-01-13,"Linville Falls","Avery",35.972347,-81.933072,1,2024,11,NA
2024-01-13,"Mendenhall School","Guilford",36.1090060008986,-79.802314,1,2024,22,NA
2024-01-13,"Millbrook School","Wake",35.856111,-78.574167,1,2024,21,32
2024-01-13,"Pitt Agri. Center","Pitt",35.6412760008938,-77.360126,1,2024,11,NA
2024-01-13,"West Johnston Co.","Johnston",35.59095,-78.4622,1,2024,19,NA
2024-01-14,"Bryson City","Swain",35.434767,-83.442133,1,2024,36,NA
2024-01-14,"Castle Hayne","New Hanover",34.364167,-77.838611,1,2024,25,NA
2024-01-14,"Clemmons Middle","Forsyth",36.026612,-80.341962,1,2024,26,NA
2024-01-14,"Durham Armory","Durham",36.0329550008979,-78.904037,1,2024,53,NA
2024-01-14,"Garinger High School","Mecklenburg",35.2401000008895,-80.785683,1,2024,23,38
2024-01-14,"Hattie Avenue","Forsyth",36.11094,-80.224501,1,2024,25,NA
2024-01-14,"Leggett","Edgecombe",35.988278,-77.5843,1,2024,27,NA
2024-01-14,"Mendenhall School","Guilford",36.1090060008986,-79.802314,1,2024,32,NA
2024-01-14,"Millbrook School","Wake",35.856111,-78.574167,1,2024,28,33
2024-01-14,"Pitt Agri. Center","Pitt",35.6412760008938,-77.360126,1,2024,18,NA
2024-01-14,"West Johnston Co.","Johnston",35.59095,-78.4622,1,2024,27,NA
2024-01-15,"Bryson City","Swain",35.434767,-83.442133,1,2024,43,NA
2024-01-15,"Castle Hayne","New Hanover",34.364167,-77.838611,1,2024,22,NA
2024-01-15,"Clemmons Middle","Forsyth",36.026612,-80.341962,1,2024,34,NA
2024-01-15,"Durham Armory","Durham",36.0329550008979,-78.904037,1,2024,52,NA
2024-01-15,"Garinger High School","Mecklenburg",35.2401000008895,-80.785683,1,2024,44,25
2024-01-15,"Hattie Avenue","Forsyth",36.11094,-80.224501,1,2024,33,NA
2024-01-15,"Leggett","Edgecombe",35.988278,-77.5843,1,2024,22,NA
2024-01-15,"Mendenhall School","Guilford",36.1090060008986,-79.802314,1,2024,39,NA
2024-01-15,"Millbrook School","Wake",35.856111,-78.574167,1,2024,28,23
2024-01-15,"Pitt Agri. Center","Pitt",35.6412760008938,-77.360126,1,2024,24,NA
2024-01-15,"West Johnston Co.","Johnston",35.59095,-78.4622,1,2024,30,NA
2024-01-16,"Bryson City","Swain",35.434767,-83.442133,1,2024,14,NA
2024-01-16,"Castle Hayne","New Hanover",34.364167,-77.838611,1,2024,34.5,NA
2024-01-16,"Clemmons Middle","Forsyth",36.026612,-80.341962,1,2024,33,NA
2024-01-16,"Durham Armory","Durham",36.0329550008979,-78.904037,1,2024,54,NA
2024-01-16,"Frying Pan Mountain","Haywood",35.379167,-82.7925,1,2024,10,NA
2024-01-16,"Garinger High School","Mecklenburg",35.2401000008895,-80.785683,1,2024,47,31
2024-01-16,"Hattie Avenue","Forsyth",36.11094,-80.224501,1,2024,29.5,NA
2024-01-16,"Leggett","Edgecombe",35.988278,-77.5843,1,2024,31,NA
2024-01-16,"Linville Falls","Avery",35.972347,-81.933072,1,2024,17,NA
2024-01-16,"Mendenhall School","Guilford",36.1090060008986,-79.802314,1,2024,39,NA
2024-01-16,"Millbrook School","Wake",35.856111,-78.574167,1,2024,38,29
2024-01-16,"Pitt Agri. Center","Pitt",35.6412760008938,-77.360126,1,2024,29,NA
2024-01-16,"West Johnston Co.","Johnston",35.59095,-78.4622,1,2024,32,NA
2024-01-17,"Bryson City","Swain",35.434767,-83.442133,1,2024,12,NA
2024-01-17,"Castle Hayne","New Hanover",34.364167,-77.838611,1,2024,36,NA
2024-01-17,"Clemmons Middle","Forsyth",36.026612,-80.341962,1,2024,40,NA
2024-01-17,"Durham Armory","Durham",36.0329550008979,-78.904037,1,2024,55,NA
2024-01-17,"Garinger High School","Mecklenburg",35.2401000008895,-80.785683,1,2024,31,30
2024-01-17,"Hattie Avenue","Forsyth",36.11094,-80.224501,1,2024,26,NA
2024-01-17,"Leggett","Edgecombe",35.988278,-77.5843,1,2024,19,NA
2024-01-17,"Millbrook School","Wake",35.856111,-78.574167,1,2024,29,31
2024-01-17,"Pitt Agri. Center","Pitt",35.6412760008938,-77.360126,1,2024,20,NA
2024-01-17,"West Johnston Co.","Johnston",35.59095,-78.4622,1,2024,22,NA
2024-01-18,"Bryson City","Swain",35.434767,-83.442133,1,2024,32,NA
2024-01-18,"Castle Hayne","New Hanover",34.364167,-77.838611,1,2024,40.5,NA
2024-01-18,"Clemmons Middle","Forsyth",36.026612,-80.341962,1,2024,54,NA
2024-01-18,"Durham Armory","Durham",36.0329550008979,-78.904037,1,2024,56,NA
2024-01-18,"Garinger High School","Mecklenburg",35.2401000008895,-80.785683,1,2024,39,33
2024-01-18,"Hattie Avenue","Forsyth",36.11094,-80.224501,1,2024,41,NA
2024-01-18,"Leggett","Edgecombe",35.988278,-77.5843,1,2024,39,NA
2024-01-18,"Millbrook School","Wake",35.856111,-78.574167,1,2024,47,32
2024-01-18,"Pitt Agri. Center","Pitt",35.6412760008938,-77.360126,1,2024,38,NA
2024-01-18,"West Johnston Co.","Johnston",35.59095,-78.4622,1,2024,44,NA
2024-01-19,"Bryson City","Swain",35.434767,-83.442133,1,2024,22,NA
2024-01-19,"Castle Hayne","New Hanover",34.364167,-77.838611,1,2024,37,NA
2024-01-19,"Clemmons Middle","Forsyth",36.026612,-80.341962,1,2024,31.5,NA
2024-01-19,"Durham Armory","Durham",36.0329550008979,-78.904037,1,2024,60,NA
2024-01-19,"Frying Pan Mountain","Haywood",35.379167,-82.7925,1,2024,15,NA
2024-01-19,"Garinger High School","Mecklenburg",35.2401000008895,-80.785683,1,2024,34.5,33
2024-01-19,"Hattie Avenue","Forsyth",36.11094,-80.224501,1,2024,33.5,NA
2024-01-19,"Leggett","Edgecombe",35.988278,-77.5843,1,2024,27,NA
2024-01-19,"Linville Falls","Avery",35.972347,-81.933072,1,2024,23,NA
2024-01-19,"Millbrook School","Wake",35.856111,-78.574167,1,2024,41.5,33
2024-01-19,"Pitt Agri. Center","Pitt",35.6412760008938,-77.360126,1,2024,34,NA
2024-01-19,"West Johnston Co.","Johnston",35.59095,-78.4622,1,2024,43,NA
2024-01-20,"Bryson City","Swain",35.434767,-83.442133,1,2024,12,NA
2024-01-20,"Castle Hayne","New Hanover",34.364167,-77.838611,1,2024,43.5,NA
2024-01-20,"Clemmons Middle","Forsyth",36.026612,-80.341962,1,2024,31,NA
2024-01-20,"Durham Armory","Durham",36.0329550008979,-78.904037,1,2024,55,NA
2024-01-20,"Garinger High School","Mecklenburg",35.2401000008895,-80.785683,1,2024,27,32
2024-01-20,"Hattie Avenue","Forsyth",36.11094,-80.224501,1,2024,29,NA
2024-01-20,"Leggett","Edgecombe",35.988278,-77.5843,1,2024,19,NA
2024-01-20,"Millbrook School","Wake",35.856111,-78.574167,1,2024,26.5,31
2024-01-20,"Pitt Agri. Center","Pitt",35.6412760008938,-77.360126,1,2024,25,NA
2024-01-20,"West Johnston Co.","Johnston",35.59095,-78.4622,1,2024,23,NA
2024-01-21,"Bryson City","Swain",35.434767,-83.442133,1,2024,30,NA
2024-01-21,"Castle Hayne","New Hanover",34.364167,-77.838611,1,2024,27.5,NA
2024-01-21,"Clemmons Middle","Forsyth",36.026612,-80.341962,1,2024,34,NA
2024-01-21,"Durham Armory","Durham",36.0329550008979,-78.904037,1,2024,55,NA
2024-01-21,"Garinger High School","Mecklenburg",35.2401000008895,-80.785683,1,2024,35,31
2024-01-21,"Hattie Avenue","Forsyth",36.11094,-80.224501,1,2024,28,NA
2024-01-21,"Millbrook School","Wake",35.856111,-78.574167,1,2024,33,33
2024-01-21,"Pitt Agri. Center","Pitt",35.6412760008938,-77.360126,1,2024,18,NA
2024-01-21,"West Johnston Co.","Johnston",35.59095,-78.4622,1,2024,29,NA
2024-01-22,"Bryson City","Swain",35.434767,-83.442133,1,2024,34,NA
2024-01-22,"Castle Hayne","New Hanover",34.364167,-77.838611,1,2024,33.5,NA
2024-01-22,"Clemmons Middle","Forsyth",36.026612,-80.341962,1,2024,59,NA
2024-01-22,"Durham Armory","Durham",36.0329550008979,-78.904037,1,2024,68,NA
2024-01-22,"Frying Pan Mountain","Haywood",35.379167,-82.7925,1,2024,4,NA
2024-01-22,"Garinger High School","Mecklenburg",35.2401000008895,-80.785683,1,2024,62.5,33
2024-01-22,"Hattie Avenue","Forsyth",36.11094,-80.224501,1,2024,59,NA
2024-01-22,"Linville Falls","Avery",35.972347,-81.933072,1,2024,16,NA
2024-01-22,"Millbrook School","Wake",35.856111,-78.574167,1,2024,62,32
2024-01-22,"Pitt Agri. Center","Pitt",35.6412760008938,-77.360126,1,2024,46,NA
2024-01-22,"West Johnston Co.","Johnston",35.59095,-78.4622,1,2024,46,NA
2024-01-23,"Bryson City","Swain",35.434767,-83.442133,1,2024,48,NA
2024-01-23,"Castle Hayne","New Hanover",34.364167,-77.838611,1,2024,23.5,NA
2024-01-23,"Clemmons Middle","Forsyth",36.026612,-80.341962,1,2024,80,NA
2024-01-23,"Durham Armory","Durham",36.0329550008979,-78.904037,1,2024,75,NA
2024-01-23,"Garinger High School","Mecklenburg",35.2401000008895,-80.785683,1,2024,61,NA
2024-01-23,"Hattie Avenue","Forsyth",36.11094,-80.224501,1,2024,63,NA
2024-01-23,"Mendenhall School","Guilford",36.1090060008986,-79.802314,1,2024,60,NA
2024-01-23,"Millbrook School","Wake",35.856111,-78.574167,1,2024,63,10
2024-01-23,"Pitt Agri. Center","Pitt",35.6412760008938,-77.360126,1,2024,51,NA
2024-01-23,"West Johnston Co.","Johnston",35.59095,-78.4622,1,2024,55,NA
2024-01-24,"Bryson City","Swain",35.434767,-83.442133,1,2024,32,NA
2024-01-24,"Castle Hayne","New Hanover",34.364167,-77.838611,1,2024,18,NA
2024-01-24,"Clemmons Middle","Forsyth",36.026612,-80.341962,1,2024,61,NA
2024-01-24,"Durham Armory","Durham",36.0329550008979,-78.904037,1,2024,62,NA
2024-01-24,"Garinger High School","Mecklenburg",35.2401000008895,-80.785683,1,2024,54,26
2024-01-24,"Hattie Avenue","Forsyth",36.11094,-80.224501,1,2024,55,NA
2024-01-24,"Mendenhall School","Guilford",36.1090060008986,-79.802314,1,2024,55,NA
2024-01-24,"Millbrook School","Wake",35.856111,-78.574167,1,2024,57,32
2024-01-24,"Pitt Agri. Center","Pitt",35.6412760008938,-77.360126,1,2024,28,NA
2024-01-24,"West Johnston Co.","Johnston",35.59095,-78.4622,1,2024,38,NA
2024-01-25,"Bryson City","Swain",35.434767,-83.442133,1,2024,10,NA
2024-01-25,"Castle Hayne","New Hanover",34.364167,-77.838611,1,2024,15.5,NA
2024-01-25,"Clemmons Middle","Forsyth",36.026612,-80.341962,1,2024,14,NA
2024-01-25,"Durham Armory","Durham",36.0329550008979,-78.904037,1,2024,17,NA
2024-01-25,"Frying Pan Mountain","Haywood",35.379167,-82.7925,1,2024,2,NA
2024-01-25,"Garinger High School","Mecklenburg",35.2401000008895,-80.785683,1,2024,10.5,22
2024-01-25,"Hattie Avenue","Forsyth",36.11094,-80.224501,1,2024,15.5,NA
2024-01-25,"Leggett","Edgecombe",35.988278,-77.5843,1,2024,17,NA
2024-01-25,"Linville Falls","Avery",35.972347,-81.933072,1,2024,5,NA
2024-01-25,"Mendenhall School","Guilford",36.1090060008986,-79.802314,1,2024,17,NA
2024-01-25,"Millbrook School","Wake",35.856111,-78.574167,1,2024,19.5,23
2024-01-25,"Pitt Agri. Center","Pitt",35.6412760008938,-77.360126,1,2024,18,NA
2024-01-25,"West Johnston Co.","Johnston",35.59095,-78.4622,1,2024,6,NA
2024-01-26,"Bryson City","Swain",35.434767,-83.442133,1,2024,12,NA
2024-01-26,"Castle Hayne","New Hanover",34.364167,-77.838611,1,2024,23,NA
2024-01-26,"Clemmons Middle","Forsyth",36.026612,-80.341962,1,2024,48,NA
2024-01-26,"Durham Armory","Durham",36.0329550008979,-78.904037,1,2024,28,NA
2024-01-26,"Garinger High School","Mecklenburg",35.2401000008895,-80.785683,1,2024,24,27
2024-01-26,"Hattie Avenue","Forsyth",36.11094,-80.224501,1,2024,36,NA
2024-01-26,"Leggett","Edgecombe",35.988278,-77.5843,1,2024,18,NA
2024-01-26,"Mendenhall School","Guilford",36.1090060008986,-79.802314,1,2024,29,NA
2024-01-26,"Millbrook School","Wake",35.856111,-78.574167,1,2024,35,22
2024-01-26,"Pitt Agri. Center","Pitt",35.6412760008938,-77.360126,1,2024,31,NA
2024-01-26,"West Johnston Co.","Johnston",35.59095,-78.4622,1,2024,27,NA
2024-01-27,"Bryson City","Swain",35.434767,-83.442133,1,2024,17,NA
2024-01-27,"Castle Hayne","New Hanover",34.364167,-77.838611,1,2024,30.5,NA
2024-01-27,"Clemmons Middle","Forsyth",36.026612,-80.341962,1,2024,37,NA
2024-01-27,"Durham Armory","Durham",36.0329550008979,-78.904037,1,2024,42,NA
2024-01-27,"Garinger High School","Mecklenburg",35.2401000008895,-80.785683,1,2024,34,24
2024-01-27,"Hattie Avenue","Forsyth",36.11094,-80.224501,1,2024,24,NA
2024-01-27,"Leggett","Edgecombe",35.988278,-77.5843,1,2024,19,NA
2024-01-27,"Mendenhall School","Guilford",36.1090060008986,-79.802314,1,2024,24,NA
2024-01-27,"Millbrook School","Wake",35.856111,-78.574167,1,2024,35,26
2024-01-27,"Pitt Agri. Center","Pitt",35.6412760008938,-77.360126,1,2024,27,NA
2024-01-27,"West Johnston Co.","Johnston",35.59095,-78.4622,1,2024,44,NA
2024-01-28,"Bryson City","Swain",35.434767,-83.442133,1,2024,0,NA
2024-01-28,"Castle Hayne","New Hanover",34.364167,-77.838611,1,2024,15,NA
2024-01-28,"Clemmons Middle","Forsyth",36.026612,-80.341962,1,2024,8,NA
2024-01-28,"Durham Armory","Durham",36.0329550008979,-78.904037,1,2024,30,NA
2024-01-28,"Frying Pan Mountain","Haywood",35.379167,-82.7925,1,2024,0,NA
2024-01-28,"Garinger High School","Mecklenburg",35.2401000008895,-80.785683,1,2024,8.5,23
2024-01-28,"Hattie Avenue","Forsyth",36.11094,-80.224501,1,2024,5.5,NA
2024-01-28,"Leggett","Edgecombe",35.988278,-77.5843,1,2024,14,NA
2024-01-28,"Linville Falls","Avery",35.972347,-81.933072,1,2024,2,NA
2024-01-28,"Mendenhall School","Guilford",36.1090060008986,-79.802314,1,2024,8,NA
2024-01-28,"Millbrook School","Wake",35.856111,-78.574167,1,2024,16,24
2024-01-28,"Pitt Agri. Center","Pitt",35.6412760008938,-77.360126,1,2024,16,NA
2024-01-28,"West Johnston Co.","Johnston",35.59095,-78.4622,1,2024,8,NA
2024-01-29,"Bryson City","Swain",35.434767,-83.442133,1,2024,4,NA
2024-01-29,"Castle Hayne","New Hanover",34.364167,-77.838611,1,2024,15,NA
2024-01-29,"Clemmons Middle","Forsyth",36.026612,-80.341962,1,2024,4,NA
2024-01-29,"Durham Armory","Durham",36.0329550008979,-78.904037,1,2024,32,NA
2024-01-29,"Garinger High School","Mecklenburg",35.2401000008895,-80.785683,1,2024,5,32
2024-01-29,"Hattie Avenue","Forsyth",36.11094,-80.224501,1,2024,4,NA
2024-01-29,"Leggett","Edgecombe",35.988278,-77.5843,1,2024,8,NA
2024-01-29,"Mendenhall School","Guilford",36.1090060008986,-79.802314,1,2024,0,NA
2024-01-29,"Millbrook School","Wake",35.856111,-78.574167,1,2024,6,31
2024-01-29,"Pitt Agri. Center","Pitt",35.6412760008938,-77.360126,1,2024,4,NA
2024-01-29,"West Johnston Co.","Johnston",35.59095,-78.4622,1,2024,12,NA
2024-01-30,"Bryson City","Swain",35.434767,-83.442133,1,2024,9,NA
2024-01-30,"Castle Hayne","New Hanover",34.364167,-77.838611,1,2024,24,NA
2024-01-30,"Clemmons Middle","Forsyth",36.026612,-80.341962,1,2024,27,NA
2024-01-30,"Durham Armory","Durham",36.0329550008979,-78.904037,1,2024,49,NA
2024-01-30,"Garinger High School","Mecklenburg",35.2401000008895,-80.785683,1,2024,20,31
2024-01-30,"Hattie Avenue","Forsyth",36.11094,-80.224501,1,2024,28,NA
2024-01-30,"Leggett","Edgecombe",35.988278,-77.5843,1,2024,20,NA
2024-01-30,"Mendenhall School","Guilford",36.1090060008986,-79.802314,1,2024,19,NA
2024-01-30,"Millbrook School","Wake",35.856111,-78.574167,1,2024,24.5,29
2024-01-30,"Pitt Agri. Center","Pitt",35.6412760008938,-77.360126,1,2024,22,NA
2024-01-30,"West Johnston Co.","Johnston",35.59095,-78.4622,1,2024,23,NA
2024-01-31,"Bryson City","Swain",35.434767,-83.442133,1,2024,12,NA
2024-01-31,"Castle Hayne","New Hanover",34.364167,-77.838611,1,2024,31.5,NA
2024-01-31,"Clemmons Middle","Forsyth",36.026612,-80.341962,1,2024,32,NA
2024-01-31,"Durham Armory","Durham",36.0329550008979,-78.904037,1,2024,53,NA
2024-01-31,"Frying Pan Mountain","Haywood",35.379167,-82.7925,1,2024,4,NA
2024-01-31,"Garinger High School","Mecklenburg",35.2401000008895,-80.785683,1,2024,34,28
2024-01-31,"Hattie Avenue","Forsyth",36.11094,-80.224501,1,2024,34,NA
2024-01-31,"Leggett","Edgecombe",35.988278,-77.5843,1,2024,21,NA
2024-01-31,"Linville Falls","Avery",35.972347,-81.933072,1,2024,12,NA
2024-01-31,"Mendenhall School","Guilford",36.1090060008986,-79.802314,1,2024,35,NA
2024-01-31,"Millbrook School","Wake",35.856111,-78.574167,1,2024,26.5,24
2024-01-31,"Pitt Agri. Center","Pitt",35.6412760008938,-77.360126,1,2024,22,NA
2024-01-31,"West Johnston Co.","Johnston",35.59095,-78.4622,1,2024,27,NA
2024-02-01,"Bryson City","Swain",35.434767,-83.442133,2,2024,15,NA
2024-02-01,"Castle Hayne","New Hanover",34.364167,-77.838611,2,2024,42,NA
2024-02-01,"Clemmons Middle","Forsyth",36.026612,-80.341962,2,2024,27,NA
2024-02-01,"Durham Armory","Durham",36.0329550008979,-78.904037,2,2024,54,NA
2024-02-01,"Garinger High School","Mecklenburg",35.2401000008895,-80.785683,2,2024,39,30
2024-02-01,"Hattie Avenue","Forsyth",36.11094,-80.224501,2,2024,28,NA
2024-02-01,"Leggett","Edgecombe",35.988278,-77.5843,2,2024,30,NA
2024-02-01,"Mendenhall School","Guilford",36.1090060008986,-79.802314,2,2024,28,NA
2024-02-01,"Millbrook School","Wake",35.856111,-78.574167,2,2024,33,25
2024-02-01,"Pitt Agri. Center","Pitt",35.6412760008938,-77.360126,2,2024,39,NA
2024-02-01,"West Johnston Co.","Johnston",35.59095,-78.4622,2,2024,53,NA
2024-02-02,"Bryson City","Swain",35.434767,-83.442133,2,2024,41,NA
2024-02-02,"Castle Hayne","New Hanover",34.364167,-77.838611,2,2024,52.5,NA
2024-02-02,"Clemmons Middle","Forsyth",36.026612,-80.341962,2,2024,41,NA
2024-02-02,"Durham Armory","Durham",36.0329550008979,-78.904037,2,2024,56,NA
2024-02-02,"Garinger High School","Mecklenburg",35.2401000008895,-80.785683,2,2024,39,37
2024-02-02,"Hattie Avenue","Forsyth",36.11094,-80.224501,2,2024,40,NA
2024-02-02,"Leggett","Edgecombe",35.988278,-77.5843,2,2024,31,NA
2024-02-02,"Mendenhall School","Guilford",36.1090060008986,-79.802314,2,2024,35,NA
2024-02-02,"Millbrook School","Wake",35.856111,-78.574167,2,2024,32,35
2024-02-02,"Pitt Agri. Center","Pitt",35.6412760008938,-77.360126,2,2024,40,NA
2024-02-02,"West Johnston Co.","Johnston",35.59095,-78.4622,2,2024,41,NA
2024-02-03,"Bryson City","Swain",35.434767,-83.442133,2,2024,53,NA
2024-02-03,"Castle Hayne","New Hanover",34.364167,-77.838611,2,2024,28.5,NA
2024-02-03,"Clemmons Middle","Forsyth",36.026612,-80.341962,2,2024,29,NA
2024-02-03,"Durham Armory","Durham",36.0329550008979,-78.904037,2,2024,55,NA
2024-02-03,"Frying Pan Mountain","Haywood",35.379167,-82.7925,2,2024,19,NA
2024-02-03,"Garinger High School","Mecklenburg",35.2401000008895,-80.785683,2,2024,35,29
2024-02-03,"Hattie Avenue","Forsyth",36.11094,-80.224501,2,2024,29.5,NA
2024-02-03,"Leggett","Edgecombe",35.988278,-77.5843,2,2024,4,NA
2024-02-03,"Linville Falls","Avery",35.972347,-81.933072,2,2024,26,NA
2024-02-03,"Millbrook School","Wake",35.856111,-78.574167,2,2024,25,26
2024-02-03,"Pitt Agri. Center","Pitt",35.6412760008938,-77.360126,2,2024,12,NA
2024-02-03,"West Johnston Co.","Johnston",35.59095,-78.4622,2,2024,41,NA
2024-02-04,"Bryson City","Swain",35.434767,-83.442133,2,2024,23,NA
2024-02-04,"Castle Hayne","New Hanover",34.364167,-77.838611,2,2024,43.5,NA
2024-02-04,"Clemmons Middle","Forsyth",36.026612,-80.341962,2,2024,43,NA
2024-02-04,"Durham Armory","Durham",36.0329550008979,-78.904037,2,2024,54,NA
2024-02-04,"Garinger High School","Mecklenburg",35.2401000008895,-80.785683,2,2024,40,33
2024-02-04,"Hattie Avenue","Forsyth",36.11094,-80.224501,2,2024,37,NA
2024-02-04,"Leggett","Edgecombe",35.988278,-77.5843,2,2024,27,NA
2024-02-04,"Millbrook School","Wake",35.856111,-78.574167,2,2024,37,32
2024-02-04,"Pitt Agri. Center","Pitt",35.6412760008938,-77.360126,2,2024,22,NA
2024-02-04,"West Johnston Co.","Johnston",35.59095,-78.4622,2,2024,33,NA
2024-02-05,"Bryson City","Swain",35.434767,-83.442133,2,2024,18,NA
2024-02-05,"Castle Hayne","New Hanover",34.364167,-77.838611,2,2024,51,NA
2024-02-05,"Clemmons Middle","Forsyth",36.026612,-80.341962,2,2024,31,NA
2024-02-05,"Durham Armory","Durham",36.0329550008979,-78.904037,2,2024,53,NA
2024-02-05,"Garinger High School","Mecklenburg",35.2401000008895,-80.785683,2,2024,33,37
2024-02-05,"Hattie Avenue","Forsyth",36.11094,-80.224501,2,2024,27,NA
2024-02-05,"Leggett","Edgecombe",35.988278,-77.5843,2,2024,27,NA
2024-02-05,"Millbrook School","Wake",35.856111,-78.574167,2,2024,30,39
2024-02-05,"Pitt Agri. Center","Pitt",35.6412760008938,-77.360126,2,2024,25,NA
2024-02-05,"West Johnston Co.","Johnston",35.59095,-78.4622,2,2024,22,NA
2024-02-06,"Bryson City","Swain",35.434767,-83.442133,2,2024,19,NA
2024-02-06,"Castle Hayne","New Hanover",34.364167,-77.838611,2,2024,24,NA
2024-02-06,"Clemmons Middle","Forsyth",36.026612,-80.341962,2,2024,31.5,NA
2024-02-06,"Durham Armory","Durham",36.0329550008979,-78.904037,2,2024,54,NA
2024-02-06,"Frying Pan Mountain","Haywood",35.379167,-82.7925,2,2024,14,NA
2024-02-06,"Garinger High School","Mecklenburg",35.2401000008895,-80.785683,2,2024,36,32
2024-02-06,"Hattie Avenue","Forsyth",36.11094,-80.224501,2,2024,33.5,NA
2024-02-06,"Leggett","Edgecombe",35.988278,-77.5843,2,2024,19,NA
2024-02-06,"Linville Falls","Avery",35.972347,-81.933072,2,2024,22,NA
2024-02-06,"Mendenhall School","Guilford",36.1090060008986,-79.802314,2,2024,32,NA
2024-02-06,"Millbrook School","Wake",35.856111,-78.574167,2,2024,26,36
2024-02-06,"Pitt Agri. Center","Pitt",35.6412760008938,-77.360126,2,2024,18,NA
2024-02-06,"West Johnston Co.","Johnston",35.59095,-78.4622,2,2024,28,NA
2024-02-07,"Bryson City","Swain",35.434767,-83.442133,2,2024,18,NA
2024-02-07,"Castle Hayne","New Hanover",34.364167,-77.838611,2,2024,31,NA
2024-02-07,"Clemmons Middle","Forsyth",36.026612,-80.341962,2,2024,31,NA
2024-02-07,"Durham Armory","Durham",36.0329550008979,-78.904037,2,2024,57,NA
2024-02-07,"Garinger High School","Mecklenburg",35.2401000008895,-80.785683,2,2024,44,35
2024-02-07,"Hattie Avenue","Forsyth",36.11094,-80.224501,2,2024,32,NA
2024-02-07,"Leggett","Edgecombe",35.988278,-77.5843,2,2024,21,NA
2024-02-07,"Mendenhall School","Guilford",36.1090060008986,-79.802314,2,2024,37,NA
2024-02-07,"Millbrook School","Wake",35.856111,-78.574167,2,2024,32,35
2024-02-07,"Pitt Agri. Center","Pitt",35.6412760008938,-77.360126,2,2024,23,NA
2024-02-07,"West Johnston Co.","Johnston",35.59095,-78.4622,2,2024,24,NA
2024-02-08,"Bryson City","Swain",35.434767,-83.442133,2,2024,48,NA
2024-02-08,"Castle Hayne","New Hanover",34.364167,-77.838611,2,2024,36,NA
2024-02-08,"Clemmons Middle","Forsyth",36.026612,-80.341962,2,2024,54,NA
2024-02-08,"Durham Armory","Durham",36.0329550008979,-78.904037,2,2024,58,NA
2024-02-08,"Garinger High School","Mecklenburg",35.2401000008895,-80.785683,2,2024,57,36
2024-02-08,"Hattie Avenue","Forsyth",36.11094,-80.224501,2,2024,55,NA
2024-02-08,"Leggett","Edgecombe",35.988278,-77.5843,2,2024,17,NA
2024-02-08,"Mendenhall School","Guilford",36.1090060008986,-79.802314,2,2024,52,NA
2024-02-08,"Millbrook School","Wake",35.856111,-78.574167,2,2024,44,29
2024-02-08,"Pitt Agri. Center","Pitt",35.6412760008938,-77.360126,2,2024,59,NA
2024-02-08,"West Johnston Co.","Johnston",35.59095,-78.4622,2,2024,32,NA
2024-02-09,"Bryson City","Swain",35.434767,-83.442133,2,2024,58,NA
2024-02-09,"Castle Hayne","New Hanover",34.364167,-77.838611,2,2024,49.5,NA
2024-02-09,"Clemmons Middle","Forsyth",36.026612,-80.341962,2,2024,76,NA
2024-02-09,"Durham Armory","Durham",36.0329550008979,-78.904037,2,2024,72,NA
2024-02-09,"Frying Pan Mountain","Haywood",35.379167,-82.7925,2,2024,9,NA
2024-02-09,"Garinger High School","Mecklenburg",35.2401000008895,-80.785683,2,2024,60.5,30
2024-02-09,"Hattie Avenue","Forsyth",36.11094,-80.224501,2,2024,70.5,NA
2024-02-09,"Leggett","Edgecombe",35.988278,-77.5843,2,2024,70,NA
2024-02-09,"Linville Falls","Avery",35.972347,-81.933072,2,2024,50,NA
2024-02-09,"Mendenhall School","Guilford",36.1090060008986,-79.802314,2,2024,69,NA
2024-02-09,"Millbrook School","Wake",35.856111,-78.574167,2,2024,62.5,27
2024-02-09,"Pitt Agri. Center","Pitt",35.6412760008938,-77.360126,2,2024,53,NA
2024-02-09,"West Johnston Co.","Johnston",35.59095,-78.4622,2,2024,65,NA
2024-02-10,"Bryson City","Swain",35.434767,-83.442133,2,2024,65,NA
2024-02-10,"Castle Hayne","New Hanover",34.364167,-77.838611,2,2024,42,NA
2024-02-10,"Clemmons Middle","Forsyth",36.026612,-80.341962,2,2024,72,NA
2024-02-10,"Durham Armory","Durham",36.0329550008979,-78.904037,2,2024,63,NA
2024-02-10,"Garinger High School","Mecklenburg",35.2401000008895,-80.785683,2,2024,55,34
2024-02-10,"Hattie Avenue","Forsyth",36.11094,-80.224501,2,2024,74,NA
2024-02-10,"Leggett","Edgecombe",35.988278,-77.5843,2,2024,61,NA
2024-02-10,"Mendenhall School","Guilford",36.1090060008986,-79.802314,2,2024,59,NA
2024-02-10,"Millbrook School","Wake",35.856111,-78.574167,2,2024,57,35
2024-02-10,"Pitt Agri. Center","Pitt",35.6412760008938,-77.360126,2,2024,61,NA
2024-02-10,"West Johnston Co.","Johnston",35.59095,-78.4622,2,2024,72,NA
2024-02-11,"Bryson City","Swain",35.434767,-83.442133,2,2024,35,NA
2024-02-11,"Castle Hayne","New Hanover",34.364167,-77.838611,2,2024,26.5,NA
2024-02-11,"Clemmons Middle","Forsyth",36.026612,-80.341962,2,2024,25,NA
2024-02-11,"Durham Armory","Durham",36.0329550008979,-78.904037,2,2024,51,NA
2024-02-11,"Garinger High School","Mecklenburg",35.2401000008895,-80.785683,2,2024,29,25
2024-02-11,"Hattie Avenue","Forsyth",36.11094,-80.224501,2,2024,25,NA
2024-02-11,"Leggett","Edgecombe",35.988278,-77.5843,2,2024,51,NA
2024-02-11,"Mendenhall School","Guilford",36.1090060008986,-79.802314,2,2024,29,NA
2024-02-11,"Millbrook School","Wake",35.856111,-78.574167,2,2024,46,22
2024-02-11,"Pitt Agri. Center","Pitt",35.6412760008938,-77.360126,2,2024,52,NA
2024-02-11,"West Johnston Co.","Johnston",35.59095,-78.4622,2,2024,47,NA
2024-02-12,"Bryson City","Swain",35.434767,-83.442133,2,2024,22,NA
2024-02-12,"Castle Hayne","New Hanover",34.364167,-77.838611,2,2024,18,NA
2024-02-12,"Clemmons Middle","Forsyth",36.026612,-80.341962,2,2024,22.5,NA
2024-02-12,"Durham Armory","Durham",36.0329550008979,-78.904037,2,2024,41,NA
2024-02-12,"Frying Pan Mountain","Haywood",35.379167,-82.7925,2,2024,2,NA
2024-02-12,"Garinger High School","Mecklenburg",35.2401000008895,-80.785683,2,2024,12,33
2024-02-12,"Hattie Avenue","Forsyth",36.11094,-80.224501,2,2024,25,NA
2024-02-12,"Leggett","Edgecombe",35.988278,-77.5843,2,2024,19,NA
2024-02-12,"Linville Falls","Avery",35.972347,-81.933072,2,2024,4,NA
2024-02-12,"Mendenhall School","Guilford",36.1090060008986,-79.802314,2,2024,21,NA
2024-02-12,"Millbrook School","Wake",35.856111,-78.574167,2,2024,25,31
2024-02-12,"Pitt Agri. Center","Pitt",35.6412760008938,-77.360126,2,2024,19,NA
2024-02-12,"West Johnston Co.","Johnston",35.59095,-78.4622,2,2024,18,NA
2024-02-13,"Bryson City","Swain",35.434767,-83.442133,2,2024,13,NA
2024-02-13,"Castle Hayne","New Hanover",34.364167,-77.838611,2,2024,18.5,NA
2024-02-13,"Clemmons Middle","Forsyth",36.026612,-80.341962,2,2024,13,NA
2024-02-13,"Durham Armory","Durham",36.0329550008979,-78.904037,2,2024,37,NA
2024-02-13,"Garinger High School","Mecklenburg",35.2401000008895,-80.785683,2,2024,10,37
2024-02-13,"Hattie Avenue","Forsyth",36.11094,-80.224501,2,2024,14,NA
2024-02-13,"Leggett","Edgecombe",35.988278,-77.5843,2,2024,9,NA
2024-02-13,"Mendenhall School","Guilford",36.1090060008986,-79.802314,2,2024,12,NA
2024-02-13,"Millbrook School","Wake",35.856111,-78.574167,2,2024,14,36
2024-02-13,"Pitt Agri. Center","Pitt",35.6412760008938,-77.360126,2,2024,8,NA
2024-02-13,"West Johnston Co.","Johnston",35.59095,-78.4622,2,2024,14,NA
2024-02-14,"Bryson City","Swain",35.434767,-83.442133,2,2024,21,NA
2024-02-14,"Castle Hayne","New Hanover",34.364167,-77.838611,2,2024,30.5,NA
2024-02-14,"Clemmons Middle","Forsyth",36.026612,-80.341962,2,2024,25,NA
2024-02-14,"Durham Armory","Durham",36.0329550008979,-78.904037,2,2024,55,NA
2024-02-14,"Garinger High School","Mecklenburg",35.2401000008895,-80.785683,2,2024,31,39
2024-02-14,"Hattie Avenue","Forsyth",36.11094,-80.224501,2,2024,26,NA
2024-02-14,"Leggett","Edgecombe",35.988278,-77.5843,2,2024,16,NA
2024-02-14,"Mendenhall School","Guilford",36.1090060008986,-79.802314,2,2024,29,NA
2024-02-14,"Millbrook School","Wake",35.856111,-78.574167,2,2024,28,39
2024-02-14,"Pitt Agri. Center","Pitt",35.6412760008938,-77.360126,2,2024,28,NA
2024-02-14,"West Johnston Co.","Johnston",35.59095,-78.4622,2,2024,26,NA
2024-02-15,"Bryson City","Swain",35.434767,-83.442133,2,2024,29,NA
2024-02-15,"Castle Hayne","New Hanover",34.364167,-77.838611,2,2024,40,NA
2024-02-15,"Clemmons Middle","Forsyth",36.026612,-80.341962,2,2024,36,NA
2024-02-15,"Durham Armory","Durham",36.0329550008979,-78.904037,2,2024,59,NA
2024-02-15,"Frying Pan Mountain","Haywood",35.379167,-82.7925,2,2024,14,NA
2024-02-15,"Garinger High School","Mecklenburg",35.2401000008895,-80.785683,2,2024,41.5,43
2024-02-15,"Hattie Avenue","Forsyth",36.11094,-80.224501,2,2024,37,NA
2024-02-15,"Leggett","Edgecombe",35.988278,-77.5843,2,2024,33,NA
2024-02-15,"Linville Falls","Avery",35.972347,-81.933072,2,2024,23,NA
2024-02-15,"Mendenhall School","Guilford",36.1090060008986,-79.802314,2,2024,36,NA
2024-02-15,"Millbrook School","Wake",35.856111,-78.574167,2,2024,54.5,41
2024-02-15,"Pitt Agri. Center","Pitt",35.6412760008938,-77.360126,2,2024,37,NA
2024-02-15,"West Johnston Co.","Johnston",35.59095,-78.4622,2,2024,39,NA
2024-02-16,"Bryson City","Swain",35.434767,-83.442133,2,2024,52,NA
2024-02-16,"Castle Hayne","New Hanover",34.364167,-77.838611,2,2024,36,NA
2024-02-16,"Clemmons Middle","Forsyth",36.026612,-80.341962,2,2024,40,NA
2024-02-16,"Durham Armory","Durham",36.0329550008979,-78.904037,2,2024,55,NA
2024-02-16,"Garinger High School","Mecklenburg",35.2401000008895,-80.785683,2,2024,49,36
2024-02-16,"Hattie Avenue","Forsyth",36.11094,-80.224501,2,2024,41,NA
2024-02-16,"Leggett","Edgecombe",35.988278,-77.5843,2,2024,30,NA
2024-02-16,"Mendenhall School","Guilford",36.1090060008986,-79.802314,2,2024,39,NA
2024-02-16,"Millbrook School","Wake",35.856111,-78.574167,2,2024,37,36
2024-02-16,"Pitt Agri. Center","Pitt",35.6412760008938,-77.360126,2,2024,33,NA
2024-02-16,"West Johnston Co.","Johnston",35.59095,-78.4622,2,2024,49,NA
2024-02-17,"Bryson City","Swain",35.434767,-83.442133,2,2024,16,NA
2024-02-17,"Castle Hayne","New Hanover",34.364167,-77.838611,2,2024,54,NA
2024-02-17,"Clemmons Middle","Forsyth",36.026612,-80.341962,2,2024,30,NA
2024-02-17,"Durham Armory","Durham",36.0329550008979,-78.904037,2,2024,57,NA
2024-02-17,"Garinger High School","Mecklenburg",35.2401000008895,-80.785683,2,2024,29,36
2024-02-17,"Hattie Avenue","Forsyth",36.11094,-80.224501,2,2024,31,NA
2024-02-17,"Leggett","Edgecombe",35.988278,-77.5843,2,2024,24,NA
2024-02-17,"Mendenhall School","Guilford",36.1090060008986,-79.802314,2,2024,27,NA
2024-02-17,"Millbrook School","Wake",35.856111,-78.574167,2,2024,36,37
2024-02-17,"Pitt Agri. Center","Pitt",35.6412760008938,-77.360126,2,2024,28,NA
2024-02-17,"West Johnston Co.","Johnston",35.59095,-78.4622,2,2024,38,NA
2024-02-18,"Bryson City","Swain",35.434767,-83.442133,2,2024,13,NA
2024-02-18,"Castle Hayne","New Hanover",34.364167,-77.838611,2,2024,24,NA
2024-02-18,"Clemmons Middle","Forsyth",36.026612,-80.341962,2,2024,25.5,NA
2024-02-18,"Durham Armory","Durham",36.0329550008979,-78.904037,2,2024,57,NA
2024-02-18,"Frying Pan Mountain","Haywood",35.379167,-82.7925,2,2024,7,NA
2024-02-18,"Garinger High School","Mecklenburg",35.2401000008895,-80.785683,2,2024,30.5,34
2024-02-18,"Hattie Avenue","Forsyth",36.11094,-80.224501,2,2024,27,NA
2024-02-18,"Leggett","Edgecombe",35.988278,-77.5843,2,2024,22,NA
2024-02-18,"Linville Falls","Avery",35.972347,-81.933072,2,2024,9,NA
2024-02-18,"Mendenhall School","Guilford",36.1090060008986,-79.802314,2,2024,29,NA
2024-02-18,"Millbrook School","Wake",35.856111,-78.574167,2,2024,28,34
2024-02-18,"Pitt Agri. Center","Pitt",35.6412760008938,-77.360126,2,2024,24,NA
2024-02-18,"West Johnston Co.","Johnston",35.59095,-78.4622,2,2024,32,NA
2024-02-19,"Bryson City","Swain",35.434767,-83.442133,2,2024,12,NA
2024-02-19,"Castle Hayne","New Hanover",34.364167,-77.838611,2,2024,34,NA
2024-02-19,"Clemmons Middle","Forsyth",36.026612,-80.341962,2,2024,33,NA
2024-02-19,"Durham Armory","Durham",36.0329550008979,-78.904037,2,2024,61,NA
2024-02-19,"Garinger High School","Mecklenburg",35.2401000008895,-80.785683,2,2024,40,39
2024-02-19,"Hattie Avenue","Forsyth",36.11094,-80.224501,2,2024,30,NA
2024-02-19,"Leggett","Edgecombe",35.988278,-77.5843,2,2024,31,NA
2024-02-19,"Mendenhall School","Guilford",36.1090060008986,-79.802314,2,2024,32,NA
2024-02-19,"Millbrook School","Wake",35.856111,-78.574167,2,2024,33,41
2024-02-19,"Pitt Agri. Center","Pitt",35.6412760008938,-77.360126,2,2024,27,NA
2024-02-19,"West Johnston Co.","Johnston",35.59095,-78.4622,2,2024,36,NA
2024-02-20,"Bryson City","Swain",35.434767,-83.442133,2,2024,32,NA
2024-02-20,"Castle Hayne","New Hanover",34.364167,-77.838611,2,2024,59.5,NA
2024-02-20,"Clemmons Middle","Forsyth",36.026612,-80.341962,2,2024,53,NA
2024-02-20,"Durham Armory","Durham",36.0329550008979,-78.904037,2,2024,61,NA
2024-02-20,"Garinger High School","Mecklenburg",35.2401000008895,-80.785683,2,2024,54,44
2024-02-20,"Hattie Avenue","Forsyth",36.11094,-80.224501,2,2024,48,NA
2024-02-20,"Leggett","Edgecombe",35.988278,-77.5843,2,2024,33,NA
2024-02-20,"Mendenhall School","Guilford",36.1090060008986,-79.802314,2,2024,49,NA
2024-02-20,"Millbrook School","Wake",35.856111,-78.574167,2,2024,39,43
2024-02-20,"Pitt Agri. Center","Pitt",35.6412760008938,-77.360126,2,2024,27,NA
2024-02-20,"West Johnston Co.","Johnston",35.59095,-78.4622,2,2024,34,NA
2024-02-21,"Bryson City","Swain",35.434767,-83.442133,2,2024,61,NA
2024-02-21,"Castle Hayne","New Hanover",34.364167,-77.838611,2,2024,25.5,NA
2024-02-21,"Clemmons Middle","Forsyth",36.026612,-80.341962,2,2024,55,NA
2024-02-21,"Durham Armory","Durham",36.0329550008979,-78.904037,2,2024,61,NA
2024-02-21,"Frying Pan Mountain","Haywood",35.379167,-82.7925,2,2024,47,NA
2024-02-21,"Garinger High School","Mecklenburg",35.2401000008895,-80.785683,2,2024,57,40
2024-02-21,"Hattie Avenue","Forsyth",36.11094,-80.224501,2,2024,55,NA
2024-02-21,"Leggett","Edgecombe",35.988278,-77.5843,2,2024,20,NA
2024-02-21,"Linville Falls","Avery",35.972347,-81.933072,2,2024,52,NA
2024-02-21,"Mendenhall School","Guilford",36.1090060008986,-79.802314,2,2024,54,NA
2024-02-21,"Millbrook School","Wake",35.856111,-78.574167,2,2024,33.5,43
2024-02-21,"Pitt Agri. Center","Pitt",35.6412760008938,-77.360126,2,2024,24,NA
2024-02-21,"West Johnston Co.","Johnston",35.59095,-78.4622,2,2024,33,NA
2024-02-22,"Bryson City","Swain",35.434767,-83.442133,2,2024,61,NA
2024-02-22,"Castle Hayne","New Hanover",34.364167,-77.838611,2,2024,55.5,NA
2024-02-22,"Clemmons Middle","Forsyth",36.026612,-80.341962,2,2024,85,NA
2024-02-22,"Durham Armory","Durham",36.0329550008979,-78.904037,2,2024,80,NA
2024-02-22,"Garinger High School","Mecklenburg",35.2401000008895,-80.785683,2,2024,74,64
2024-02-22,"Hattie Avenue","Forsyth",36.11094,-80.224501,2,2024,88,NA
2024-02-22,"Leggett","Edgecombe",35.988278,-77.5843,2,2024,55,NA
2024-02-22,"Mendenhall School","Guilford",36.1090060008986,-79.802314,2,2024,77,NA
2024-02-22,"Millbrook School","Wake",35.856111,-78.574167,2,2024,72,58
2024-02-22,"Pitt Agri. Center","Pitt",35.6412760008938,-77.360126,2,2024,56,NA
2024-02-22,"West Johnston Co.","Johnston",35.59095,-78.4622,2,2024,65,NA
2024-02-23,"Bryson City","Swain",35.434767,-83.442133,2,2024,20,NA
2024-02-23,"Castle Hayne","New Hanover",34.364167,-77.838611,2,2024,48,NA
2024-02-23,"Clemmons Middle","Forsyth",36.026612,-80.341962,2,2024,78,NA
2024-02-23,"Durham Armory","Durham",36.0329550008979,-78.904037,2,2024,79,NA
2024-02-23,"Garinger High School","Mecklenburg",35.2401000008895,-80.785683,2,2024,63,36
2024-02-23,"Hattie Avenue","Forsyth",36.11094,-80.224501,2,2024,79,NA
2024-02-23,"Leggett","Edgecombe",35.988278,-77.5843,2,2024,59,NA
2024-02-23,"Mendenhall School","Guilford",36.1090060008986,-79.802314,2,2024,73,NA
2024-02-23,"Millbrook School","Wake",35.856111,-78.574167,2,2024,79,29
2024-02-23,"Pitt Agri. Center","Pitt",35.6412760008938,-77.360126,2,2024,58,NA
2024-02-23,"West Johnston Co.","Johnston",35.59095,-78.4622,2,2024,63,NA
2024-02-24,"Bryson City","Swain",35.434767,-83.442133,2,2024,8,NA
2024-02-24,"Castle Hayne","New Hanover",34.364167,-77.838611,2,2024,32.5,NA
2024-02-24,"Clemmons Middle","Forsyth",36.026612,-80.341962,2,2024,21,NA
2024-02-24,"Durham Armory","Durham",36.0329550008979,-78.904037,2,2024,57,NA
2024-02-24,"Frying Pan Mountain","Haywood",35.379167,-82.7925,2,2024,8,NA
2024-02-24,"Garinger High School","Mecklenburg",35.2401000008895,-80.785683,2,2024,21.5,36
2024-02-24,"Hattie Avenue","Forsyth",36.11094,-80.224501,2,2024,20.5,NA
2024-02-24,"Leggett","Edgecombe",35.988278,-77.5843,2,2024,38,NA
2024-02-24,"Linville Falls","Avery",35.972347,-81.933072,2,2024,11,NA
2024-02-24,"Mendenhall School","Guilford",36.1090060008986,-79.802314,2,2024,18,NA
2024-02-24,"Millbrook School","Wake",35.856111,-78.574167,2,2024,28,37
2024-02-24,"Pitt Agri. Center","Pitt",35.6412760008938,-77.360126,2,2024,39,NA
2024-02-24,"West Johnston Co.","Johnston",35.59095,-78.4622,2,2024,28,NA
2024-02-25,"Bryson City","Swain",35.434767,-83.442133,2,2024,11,NA
2024-02-25,"Castle Hayne","New Hanover",34.364167,-77.838611,2,2024,34,NA
2024-02-25,"Clemmons Middle","Forsyth",36.026612,-80.341962,2,2024,26,NA
2024-02-25,"Durham Armory","Durham",36.0329550008979,-78.904037,2,2024,52,NA
2024-02-25,"Garinger High School","Mecklenburg",35.2401000008895,-80.785683,2,2024,25,39
2024-02-25,"Hattie Avenue","Forsyth",36.11094,-80.224501,2,2024,24,NA
2024-02-25,"Mendenhall School","Guilford",36.1090060008986,-79.802314,2,2024,21,NA
2024-02-25,"Millbrook School","Wake",35.856111,-78.574167,2,2024,31,35
2024-02-25,"Pitt Agri. Center","Pitt",35.6412760008938,-77.360126,2,2024,22,NA
2024-02-25,"West Johnston Co.","Johnston",35.59095,-78.4622,2,2024,27,NA
2024-02-26,"Bryson City","Swain",35.434767,-83.442133,2,2024,49,NA
2024-02-26,"Castle Hayne","New Hanover",34.364167,-77.838611,2,2024,56.5,NA
2024-02-26,"Clemmons Middle","Forsyth",36.026612,-80.341962,2,2024,59,NA
2024-02-26,"Durham Armory","Durham",36.0329550008979,-78.904037,2,2024,66,NA
2024-02-26,"Garinger High School","Mecklenburg",35.2401000008895,-80.785683,2,2024,58,48
2024-02-26,"Hattie Avenue","Forsyth",36.11094,-80.224501,2,2024,59,NA
2024-02-26,"Mendenhall School","Guilford",36.1090060008986,-79.802314,2,2024,57,NA
2024-02-26,"Millbrook School","Wake",35.856111,-78.574167,2,2024,59,NA
2024-02-26,"Pitt Agri. Center","Pitt",35.6412760008938,-77.360126,2,2024,52,NA
2024-02-26,"West Johnston Co.","Johnston",35.59095,-78.4622,2,2024,54,NA
2024-02-27,"Bryson City","Swain",35.434767,-83.442133,2,2024,60,NA
2024-02-27,"Castle Hayne","New Hanover",34.364167,-77.838611,2,2024,39.5,NA
2024-02-27,"Clemmons Middle","Forsyth",36.026612,-80.341962,2,2024,67,NA
2024-02-27,"Durham Armory","Durham",36.0329550008979,-78.904037,2,2024,67,NA
2024-02-27,"Frying Pan Mountain","Haywood",35.379167,-82.7925,2,2024,44,NA
2024-02-27,"Garinger High School","Mecklenburg",35.2401000008895,-80.785683,2,2024,59,40
2024-02-27,"Hattie Avenue","Forsyth",36.11094,-80.224501,2,2024,66,NA
2024-02-27,"Linville Falls","Avery",35.972347,-81.933072,2,2024,58,NA
2024-02-27,"Mendenhall School","Guilford",36.1090060008986,-79.802314,2,2024,63,NA
2024-02-27,"Millbrook School","Wake",35.856111,-78.574167,2,2024,57.5,NA
2024-02-27,"Pitt Agri. Center","Pitt",35.6412760008938,-77.360126,2,2024,39,NA
2024-02-27,"West Johnston Co.","Johnston",35.59095,-78.4622,2,2024,54,NA
2024-02-28,"Bryson City","Swain",35.434767,-83.442133,2,2024,44,NA
2024-02-28,"Castle Hayne","New Hanover",34.364167,-77.838611,2,2024,46.5,NA
2024-02-28,"Clemmons Middle","Forsyth",36.026612,-80.341962,2,2024,48,NA
2024-02-28,"Durham Armory","Durham",36.0329550008979,-78.904037,2,2024,58,NA
2024-02-28,"Garinger High School","Mecklenburg",35.2401000008895,-80.785683,2,2024,49,38
2024-02-28,"Hattie Avenue","Forsyth",36.11094,-80.224501,2,2024,50,NA
2024-02-28,"Mendenhall School","Guilford",36.1090060008986,-79.802314,2,2024,52,NA
2024-02-28,"Millbrook School","Wake",35.856111,-78.574167,2,2024,51,NA
2024-02-28,"Pitt Agri. Center","Pitt",35.6412760008938,-77.360126,2,2024,42,NA
2024-02-28,"West Johnston Co.","Johnston",35.59095,-78.4622,2,2024,44,NA
2024-02-29,"Bryson City","Swain",35.434767,-83.442133,2,2024,11,NA
2024-02-29,"Castle Hayne","New Hanover",34.364167,-77.838611,2,2024,21.5,NA
2024-02-29,"Clemmons Middle","Forsyth",36.026612,-80.341962,2,2024,40,NA
2024-02-29,"Durham Armory","Durham",36.0329550008979,-78.904037,2,2024,53,NA
2024-02-29,"Garinger High School","Mecklenburg",35.2401000008895,-80.785683,2,2024,14,33
2024-02-29,"Hattie Avenue","Forsyth",36.11094,-80.224501,2,2024,19,NA
2024-02-29,"Mendenhall School","Guilford",36.1090060008986,-79.802314,2,2024,17,NA
2024-02-29,"Millbrook School","Wake",35.856111,-78.574167,2,2024,18,34
2024-02-29,"Pitt Agri. Center","Pitt",35.6412760008938,-77.360126,2,2024,8,NA
2024-02-29,"West Johnston Co.","Johnston",35.59095,-78.4622,2,2024,21,NA
2024-03-01,"Bryson City","Swain",35.434767,-83.442133,3,2024,23,31
2024-03-01,"Castle Hayne","New Hanover",34.364167,-77.838611,3,2024,30,41
2024-03-01,"Clemmons Middle","Forsyth",36.026612,-80.341962,3,2024,45,27
2024-03-01,"Durham Armory","Durham",36.0329550008979,-78.904037,3,2024,56,31
2024-03-01,"Frying Pan Mountain","Haywood",35.379167,-82.7925,3,2024,4,42
2024-03-01,"Garinger High School","Mecklenburg",35.2401000008895,-80.785683,3,2024,48,23
2024-03-01,"Hattie Avenue","Forsyth",36.11094,-80.224501,3,2024,39.5,27
2024-03-01,"Leggett","Edgecombe",35.988278,-77.5843,3,2024,NA,37
2024-03-01,"Linville Falls","Avery",35.972347,-81.933072,3,2024,21,31
2024-03-01,"Mendenhall School","Guilford",36.1090060008986,-79.802314,3,2024,41,29
2024-03-01,"Millbrook School","Wake",35.856111,-78.574167,3,2024,41.5,33
2024-03-01,"Pitt Agri. Center","Pitt",35.6412760008938,-77.360126,3,2024,21,39
2024-03-01,"West Johnston Co.","Johnston",35.59095,-78.4622,3,2024,34,36
2024-03-02,"Bryson City","Swain",35.434767,-83.442133,3,2024,20,34
2024-03-02,"Castle Hayne","New Hanover",34.364167,-77.838611,3,2024,20.5,34
2024-03-02,"Clemmons Middle","Forsyth",36.026612,-80.341962,3,2024,15,37
2024-03-02,"Durham Armory","Durham",36.0329550008979,-78.904037,3,2024,27,28
2024-03-02,"Frying Pan Mountain","Haywood",35.379167,-82.7925,3,2024,NA,49
2024-03-02,"Garinger High School","Mecklenburg",35.2401000008895,-80.785683,3,2024,31,31
2024-03-02,"Hattie Avenue","Forsyth",36.11094,-80.224501,3,2024,14,35
2024-03-02,"Leggett","Edgecombe",35.988278,-77.5843,3,2024,NA,31
2024-03-02,"Linville Falls","Avery",35.972347,-81.933072,3,2024,NA,37
2024-03-02,"Mendenhall School","Guilford",36.1090060008986,-79.802314,3,2024,18,34
2024-03-02,"Millbrook School","Wake",35.856111,-78.574167,3,2024,19,31
2024-03-02,"Pitt Agri. Center","Pitt",35.6412760008938,-77.360126,3,2024,23,31
2024-03-02,"West Johnston Co.","Johnston",35.59095,-78.4622,3,2024,21,33
2024-03-03,"Bryson City","Swain",35.434767,-83.442133,3,2024,23,35
2024-03-03,"Castle Hayne","New Hanover",34.364167,-77.838611,3,2024,22,29
2024-03-03,"Clemmons Middle","Forsyth",36.026612,-80.341962,3,2024,46,39
2024-03-03,"Durham Armory","Durham",36.0329550008979,-78.904037,3,2024,44,29
2024-03-03,"Frying Pan Mountain","Haywood",35.379167,-82.7925,3,2024,NA,44
2024-03-03,"Garinger High School","Mecklenburg",35.2401000008895,-80.785683,3,2024,48,31
2024-03-03,"Hattie Avenue","Forsyth",36.11094,-80.224501,3,2024,51,35
2024-03-03,"Leggett","Edgecombe",35.988278,-77.5843,3,2024,NA,33
2024-03-03,"Linville Falls","Avery",35.972347,-81.933072,3,2024,NA,38
2024-03-03,"Mendenhall School","Guilford",36.1090060008986,-79.802314,3,2024,52,33
2024-03-03,"Millbrook School","Wake",35.856111,-78.574167,3,2024,35,31
2024-03-03,"Pitt Agri. Center","Pitt",35.6412760008938,-77.360126,3,2024,17,31
2024-03-03,"West Johnston Co.","Johnston",35.59095,-78.4622,3,2024,48,31
2024-03-04,"Bryson City","Swain",35.434767,-83.442133,3,2024,33,31
2024-03-04,"Castle Hayne","New Hanover",34.364167,-77.838611,3,2024,16.5,33
2024-03-04,"Clemmons Middle","Forsyth",36.026612,-80.341962,3,2024,44,40
2024-03-04,"Durham Armory","Durham",36.0329550008979,-78.904037,3,2024,NA,37
2024-03-04,"Frying Pan Mountain","Haywood",35.379167,-82.7925,3,2024,24,34
2024-03-04,"Garinger High School","Mecklenburg",35.2401000008895,-80.785683,3,2024,49.5,36
2024-03-04,"Hattie Avenue","Forsyth",36.11094,-80.224501,3,2024,46.5,36
2024-03-04,"Leggett","Edgecombe",35.988278,-77.5843,3,2024,NA,33
2024-03-04,"Linville Falls","Avery",35.972347,-81.933072,3,2024,58,36
2024-03-04,"Mendenhall School","Guilford",36.1090060008986,-79.802314,3,2024,28,37
2024-03-04,"Millbrook School","Wake",35.856111,-78.574167,3,2024,24,35
2024-03-04,"Pitt Agri. Center","Pitt",35.6412760008938,-77.360126,3,2024,12,30
2024-03-04,"West Johnston Co.","Johnston",35.59095,-78.4622,3,2024,12,36
2024-03-05,"Bryson City","Swain",35.434767,-83.442133,3,2024,42,36
2024-03-05,"Castle Hayne","New Hanover",34.364167,-77.838611,3,2024,19.5,41
2024-03-05,"Clemmons Middle","Forsyth",36.026612,-80.341962,3,2024,36,44
2024-03-05,"Durham Armory","Durham",36.0329550008979,-78.904037,3,2024,NA,29
2024-03-05,"Frying Pan Mountain","Haywood",35.379167,-82.7925,3,2024,NA,40
2024-03-05,"Garinger High School","Mecklenburg",35.2401000008895,-80.785683,3,2024,47,42
2024-03-05,"Hattie Avenue","Forsyth",36.11094,-80.224501,3,2024,34,40
2024-03-05,"Leggett","Edgecombe",35.988278,-77.5843,3,2024,NA,30
2024-03-05,"Linville Falls","Avery",35.972347,-81.933072,3,2024,NA,43
2024-03-05,"Mendenhall School","Guilford",36.1090060008986,-79.802314,3,2024,18,40
2024-03-05,"Millbrook School","Wake",35.856111,-78.574167,3,2024,17,29
2024-03-05,"Pitt Agri. Center","Pitt",35.6412760008938,-77.360126,3,2024,10,28
2024-03-05,"West Johnston Co.","Johnston",35.59095,-78.4622,3,2024,12,35
2024-03-06,"Bryson City","Swain",35.434767,-83.442133,3,2024,19,31
2024-03-06,"Castle Hayne","New Hanover",34.364167,-77.838611,3,2024,22.5,26
2024-03-06,"Clemmons Middle","Forsyth",36.026612,-80.341962,3,2024,48,23
2024-03-06,"Durham Armory","Durham",36.0329550008979,-78.904037,3,2024,27,25
2024-03-06,"Frying Pan Mountain","Haywood",35.379167,-82.7925,3,2024,NA,40
2024-03-06,"Garinger High School","Mecklenburg",35.2401000008895,-80.785683,3,2024,46,29
2024-03-06,"Hattie Avenue","Forsyth",36.11094,-80.224501,3,2024,41,23
2024-03-06,"Leggett","Edgecombe",35.988278,-77.5843,3,2024,NA,23
2024-03-06,"Linville Falls","Avery",35.972347,-81.933072,3,2024,NA,40
2024-03-06,"Mendenhall School","Guilford",36.1090060008986,-79.802314,3,2024,34,21
2024-03-06,"Millbrook School","Wake",35.856111,-78.574167,3,2024,29,26
2024-03-06,"Pitt Agri. Center","Pitt",35.6412760008938,-77.360126,3,2024,13,19
2024-03-06,"West Johnston Co.","Johnston",35.59095,-78.4622,3,2024,24,27
2024-03-07,"Bryson City","Swain",35.434767,-83.442133,3,2024,14,35
2024-03-07,"Castle Hayne","New Hanover",34.364167,-77.838611,3,2024,17.5,34
2024-03-07,"Clemmons Middle","Forsyth",36.026612,-80.341962,3,2024,22.5,40
2024-03-07,"Durham Armory","Durham",36.0329550008979,-78.904037,3,2024,32,36
2024-03-07,"Frying Pan Mountain","Haywood",35.379167,-82.7925,3,2024,4,38
2024-03-07,"Garinger High School","Mecklenburg",35.2401000008895,-80.785683,3,2024,22.5,40
2024-03-07,"Hattie Avenue","Forsyth",36.11094,-80.224501,3,2024,19.5,36
2024-03-07,"Leggett","Edgecombe",35.988278,-77.5843,3,2024,NA,35
2024-03-07,"Linville Falls","Avery",35.972347,-81.933072,3,2024,10,36
2024-03-07,"Mendenhall School","Guilford",36.1090060008986,-79.802314,3,2024,16,36
2024-03-07,"Millbrook School","Wake",35.856111,-78.574167,3,2024,15.5,37
2024-03-07,"Pitt Agri. Center","Pitt",35.6412760008938,-77.360126,3,2024,14,35
2024-03-07,"West Johnston Co.","Johnston",35.59095,-78.4622,3,2024,19,39
2024-03-08,"Bryson City","Swain",35.434767,-83.442133,3,2024,19,32
2024-03-08,"Castle Hayne","New Hanover",34.364167,-77.838611,3,2024,17.5,36
2024-03-08,"Clemmons Middle","Forsyth",36.026612,-80.341962,3,2024,24,36
2024-03-08,"Durham Armory","Durham",36.0329550008979,-78.904037,3,2024,43,35
2024-03-08,"Frying Pan Mountain","Haywood",35.379167,-82.7925,3,2024,NA,35
2024-03-08,"Garinger High School","Mecklenburg",35.2401000008895,-80.785683,3,2024,43,30
2024-03-08,"Hattie Avenue","Forsyth",36.11094,-80.224501,3,2024,22,32
2024-03-08,"Leggett","Edgecombe",35.988278,-77.5843,3,2024,NA,34
2024-03-08,"Linville Falls","Avery",35.972347,-81.933072,3,2024,NA,32
2024-03-08,"Mendenhall School","Guilford",36.1090060008986,-79.802314,3,2024,24,34
2024-03-08,"Millbrook School","Wake",35.856111,-78.574167,3,2024,19,34
2024-03-08,"Pitt Agri. Center","Pitt",35.6412760008938,-77.360126,3,2024,15,34
2024-03-08,"West Johnston Co.","Johnston",35.59095,-78.4622,3,2024,17,36
2024-03-09,"Bryson City","Swain",35.434767,-83.442133,3,2024,7,29
2024-03-09,"Castle Hayne","New Hanover",34.364167,-77.838611,3,2024,29.5,34
2024-03-09,"Clemmons Middle","Forsyth",36.026612,-80.341962,3,2024,15,25
2024-03-09,"Durham Armory","Durham",36.0329550008979,-78.904037,3,2024,18,27
2024-03-09,"Frying Pan Mountain","Haywood",35.379167,-82.7925,3,2024,NA,38
2024-03-09,"Garinger High School","Mecklenburg",35.2401000008895,-80.785683,3,2024,10,22
2024-03-09,"Hattie Avenue","Forsyth",36.11094,-80.224501,3,2024,16,23
2024-03-09,"Leggett","Edgecombe",35.988278,-77.5843,3,2024,NA,29
2024-03-09,"Linville Falls","Avery",35.972347,-81.933072,3,2024,NA,30
2024-03-09,"Mendenhall School","Guilford",36.1090060008986,-79.802314,3,2024,12,23
2024-03-09,"Millbrook School","Wake",35.856111,-78.574167,3,2024,21,28
2024-03-09,"Pitt Agri. Center","Pitt",35.6412760008938,-77.360126,3,2024,23,29
2024-03-09,"West Johnston Co.","Johnston",35.59095,-78.4622,3,2024,24,28
2024-03-10,"Bryson City","Swain",35.434767,-83.442133,3,2024,3,40
2024-03-10,"Castle Hayne","New Hanover",34.364167,-77.838611,3,2024,15.5,42
2024-03-10,"Clemmons Middle","Forsyth",36.026612,-80.341962,3,2024,11,44
2024-03-10,"Durham Armory","Durham",36.0329550008979,-78.904037,3,2024,36,41
2024-03-10,"Frying Pan Mountain","Haywood",35.379167,-82.7925,3,2024,5,42
2024-03-10,"Garinger High School","Mecklenburg",35.2401000008895,-80.785683,3,2024,8.5,41
2024-03-10,"Hattie Avenue","Forsyth",36.11094,-80.224501,3,2024,9.5,39
2024-03-10,"Leggett","Edgecombe",35.988278,-77.5843,3,2024,NA,40
2024-03-10,"Linville Falls","Avery",35.972347,-81.933072,3,2024,7,40
2024-03-10,"Mendenhall School","Guilford",36.1090060008986,-79.802314,3,2024,10,40
2024-03-10,"Millbrook School","Wake",35.856111,-78.574167,3,2024,10.5,42
2024-03-10,"Pitt Agri. Center","Pitt",35.6412760008938,-77.360126,3,2024,1,41
2024-03-10,"West Johnston Co.","Johnston",35.59095,-78.4622,3,2024,11,43
2024-03-11,"Bryson City","Swain",35.434767,-83.442133,3,2024,8,44
2024-03-11,"Castle Hayne","New Hanover",34.364167,-77.838611,3,2024,20,43
2024-03-11,"Clemmons Middle","Forsyth",36.026612,-80.341962,3,2024,9,46
2024-03-11,"Durham Armory","Durham",36.0329550008979,-78.904037,3,2024,51,42
2024-03-11,"Frying Pan Mountain","Haywood",35.379167,-82.7925,3,2024,NA,47
2024-03-11,"Garinger High School","Mecklenburg",35.2401000008895,-80.785683,3,2024,9,43
2024-03-11,"Hattie Avenue","Forsyth",36.11094,-80.224501,3,2024,11,43
2024-03-11,"Leggett","Edgecombe",35.988278,-77.5843,3,2024,NA,42
2024-03-11,"Linville Falls","Avery",35.972347,-81.933072,3,2024,NA,46
2024-03-11,"Mendenhall School","Guilford",36.1090060008986,-79.802314,3,2024,6,43
2024-03-11,"Millbrook School","Wake",35.856111,-78.574167,3,2024,11,43
2024-03-11,"Pitt Agri. Center","Pitt",35.6412760008938,-77.360126,3,2024,11,42
2024-03-11,"West Johnston Co.","Johnston",35.59095,-78.4622,3,2024,17,44
2024-03-12,"Bryson City","Swain",35.434767,-83.442133,3,2024,27,39
2024-03-12,"Castle Hayne","New Hanover",34.364167,-77.838611,3,2024,46,50
2024-03-12,"Clemmons Middle","Forsyth",36.026612,-80.341962,3,2024,21,47
2024-03-12,"Durham Armory","Durham",36.0329550008979,-78.904037,3,2024,54,43
2024-03-12,"Frying Pan Mountain","Haywood",35.379167,-82.7925,3,2024,NA,48
2024-03-12,"Garinger High School","Mecklenburg",35.2401000008895,-80.785683,3,2024,43,43
2024-03-12,"Hattie Avenue","Forsyth",36.11094,-80.224501,3,2024,23,42
2024-03-12,"Leggett","Edgecombe",35.988278,-77.5843,3,2024,NA,45
2024-03-12,"Linville Falls","Avery",35.972347,-81.933072,3,2024,NA,44
2024-03-12,"Mendenhall School","Guilford",36.1090060008986,-79.802314,3,2024,19,43
2024-03-12,"Millbrook School","Wake",35.856111,-78.574167,3,2024,NA,43
2024-03-12,"Pitt Agri. Center","Pitt",35.6412760008938,-77.360126,3,2024,22,44
2024-03-12,"West Johnston Co.","Johnston",35.59095,-78.4622,3,2024,51,43
2024-03-13,"Bryson City","Swain",35.434767,-83.442133,3,2024,55,47
2024-03-13,"Castle Hayne","New Hanover",34.364167,-77.838611,3,2024,59,67
2024-03-13,"Clemmons Middle","Forsyth",36.026612,-80.341962,3,2024,49,67
2024-03-13,"Durham Armory","Durham",36.0329550008979,-78.904037,3,2024,59,48
2024-03-13,"Frying Pan Mountain","Haywood",35.379167,-82.7925,3,2024,NA,58
2024-03-13,"Garinger High School","Mecklenburg",35.2401000008895,-80.785683,3,2024,56,58
2024-03-13,"Hattie Avenue","Forsyth",36.11094,-80.224501,3,2024,50,50
2024-03-13,"Leggett","Edgecombe",35.988278,-77.5843,3,2024,55,50
2024-03-13,"Linville Falls","Avery",35.972347,-81.933072,3,2024,55,50
2024-03-13,"Mendenhall School","Guilford",36.1090060008986,-79.802314,3,2024,41,51
2024-03-13,"Millbrook School","Wake",35.856111,-78.574167,3,2024,NA,50
2024-03-13,"Pitt Agri. Center","Pitt",35.6412760008938,-77.360126,3,2024,56,54
2024-03-13,"West Johnston Co.","Johnston",35.59095,-78.4622,3,2024,65,51
2024-03-14,"Bryson City","Swain",35.434767,-83.442133,3,2024,83,61
2024-03-14,"Castle Hayne","New Hanover",34.364167,-77.838611,3,2024,76.5,97
2024-03-14,"Clemmons Middle","Forsyth",36.026612,-80.341962,3,2024,67,100
2024-03-14,"Durham Armory","Durham",36.0329550008979,-78.904037,3,2024,72,71
2024-03-14,"Frying Pan Mountain","Haywood",35.379167,-82.7925,3,2024,NA,77
2024-03-14,"Garinger High School","Mecklenburg",35.2401000008895,-80.785683,3,2024,69,80
2024-03-14,"Hattie Avenue","Forsyth",36.11094,-80.224501,3,2024,71,80
2024-03-14,"Leggett","Edgecombe",35.988278,-77.5843,3,2024,59,67
2024-03-14,"Linville Falls","Avery",35.972347,-81.933072,3,2024,NA,90
2024-03-14,"Mendenhall School","Guilford",36.1090060008986,-79.802314,3,2024,62,80
2024-03-14,"Millbrook School","Wake",35.856111,-78.574167,3,2024,NA,74
2024-03-14,"Pitt Agri. Center","Pitt",35.6412760008938,-77.360126,3,2024,66,74
2024-03-14,"West Johnston Co.","Johnston",35.59095,-78.4622,3,2024,66,80
2024-03-15,"Bryson City","Swain",35.434767,-83.442133,3,2024,58,33
2024-03-15,"Castle Hayne","New Hanover",34.364167,-77.838611,3,2024,68.5,54
2024-03-15,"Clemmons Middle","Forsyth",36.026612,-80.341962,3,2024,106,39
2024-03-15,"Durham Armory","Durham",36.0329550008979,-78.904037,3,2024,89,44
2024-03-15,"Frying Pan Mountain","Haywood",35.379167,-82.7925,3,2024,NA,36
2024-03-15,"Garinger High School","Mecklenburg",35.2401000008895,-80.785683,3,2024,89,33
2024-03-15,"Hattie Avenue","Forsyth",36.11094,-80.224501,3,2024,111,35
2024-03-15,"Leggett","Edgecombe",35.988278,-77.5843,3,2024,76,50
2024-03-15,"Linville Falls","Avery",35.972347,-81.933072,3,2024,NA,37
2024-03-15,"Mendenhall School","Guilford",36.1090060008986,-79.802314,3,2024,87,39
2024-03-15,"Millbrook School","Wake",35.856111,-78.574167,3,2024,NA,44
2024-03-15,"Pitt Agri. Center","Pitt",35.6412760008938,-77.360126,3,2024,73,54
2024-03-15,"West Johnston Co.","Johnston",35.59095,-78.4622,3,2024,74,47
2024-03-16,"Bryson City","Swain",35.434767,-83.442133,3,2024,16,38
2024-03-16,"Castle Hayne","New Hanover",34.364167,-77.838611,3,2024,53.5,40
2024-03-16,"Clemmons Middle","Forsyth",36.026612,-80.341962,3,2024,51,45
2024-03-16,"Durham Armory","Durham",36.0329550008979,-78.904037,3,2024,55,41
2024-03-16,"Frying Pan Mountain","Haywood",35.379167,-82.7925,3,2024,7,43
2024-03-16,"Garinger High School","Mecklenburg",35.2401000008895,-80.785683,3,2024,52.5,42
2024-03-16,"Hattie Avenue","Forsyth",36.11094,-80.224501,3,2024,47,43
2024-03-16,"Leggett","Edgecombe",35.988278,-77.5843,3,2024,37,39
2024-03-16,"Linville Falls","Avery",35.972347,-81.933072,3,2024,11,44
2024-03-16,"Mendenhall School","Guilford",36.1090060008986,-79.802314,3,2024,41,44
2024-03-16,"Millbrook School","Wake",35.856111,-78.574167,3,2024,53,42
2024-03-16,"Pitt Agri. Center","Pitt",35.6412760008938,-77.360126,3,2024,43,39
2024-03-16,"West Johnston Co.","Johnston",35.59095,-78.4622,3,2024,52,42
2024-03-17,"Bryson City","Swain",35.434767,-83.442133,3,2024,21,42
2024-03-17,"Castle Hayne","New Hanover",34.364167,-77.838611,3,2024,33,41
2024-03-17,"Clemmons Middle","Forsyth",36.026612,-80.341962,3,2024,29,44
2024-03-17,"Durham Armory","Durham",36.0329550008979,-78.904037,3,2024,52,43
2024-03-17,"Frying Pan Mountain","Haywood",35.379167,-82.7925,3,2024,NA,42
2024-03-17,"Garinger High School","Mecklenburg",35.2401000008895,-80.785683,3,2024,33,41
2024-03-17,"Hattie Avenue","Forsyth",36.11094,-80.224501,3,2024,27,42
2024-03-17,"Leggett","Edgecombe",35.988278,-77.5843,3,2024,46,44
2024-03-17,"Linville Falls","Avery",35.972347,-81.933072,3,2024,NA,44
2024-03-17,"Mendenhall School","Guilford",36.1090060008986,-79.802314,3,2024,32,43
2024-03-17,"Millbrook School","Wake",35.856111,-78.574167,3,2024,NA,43
2024-03-17,"Pitt Agri. Center","Pitt",35.6412760008938,-77.360126,3,2024,39,42
2024-03-17,"West Johnston Co.","Johnston",35.59095,-78.4622,3,2024,50,43
2024-03-18,"Bryson City","Swain",35.434767,-83.442133,3,2024,11,40
2024-03-18,"Castle Hayne","New Hanover",34.364167,-77.838611,3,2024,29.5,42
2024-03-18,"Clemmons Middle","Forsyth",36.026612,-80.341962,3,2024,16,47
2024-03-18,"Durham Armory","Durham",36.0329550008979,-78.904037,3,2024,47,44
2024-03-18,"Frying Pan Mountain","Haywood",35.379167,-82.7925,3,2024,NA,42
2024-03-18,"Garinger High School","Mecklenburg",35.2401000008895,-80.785683,3,2024,21,42
2024-03-18,"Hattie Avenue","Forsyth",36.11094,-80.224501,3,2024,17,44
2024-03-18,"Leggett","Edgecombe",35.988278,-77.5843,3,2024,13,43
2024-03-18,"Linville Falls","Avery",35.972347,-81.933072,3,2024,NA,44
2024-03-18,"Mendenhall School","Guilford",36.1090060008986,-79.802314,3,2024,13,44
2024-03-18,"Millbrook School","Wake",35.856111,-78.574167,3,2024,NA,44
2024-03-18,"Pitt Agri. Center","Pitt",35.6412760008938,-77.360126,3,2024,22,43
2024-03-18,"West Johnston Co.","Johnston",35.59095,-78.4622,3,2024,21,45
2024-03-19,"Bryson City","Swain",35.434767,-83.442133,3,2024,63,45
2024-03-19,"Castle Hayne","New Hanover",34.364167,-77.838611,3,2024,28.5,37
2024-03-19,"Clemmons Middle","Forsyth",36.026612,-80.341962,3,2024,24.5,42
2024-03-19,"Durham Armory","Durham",36.0329550008979,-78.904037,3,2024,55,37
2024-03-19,"Frying Pan Mountain","Haywood",35.379167,-82.7925,3,2024,17,44
2024-03-19,"Garinger High School","Mecklenburg",35.2401000008895,-80.785683,3,2024,19.5,37
2024-03-19,"Hattie Avenue","Forsyth",36.11094,-80.224501,3,2024,22,36
2024-03-19,"Leggett","Edgecombe",35.988278,-77.5843,3,2024,24,37
2024-03-19,"Linville Falls","Avery",35.972347,-81.933072,3,2024,18,44
2024-03-19,"Mendenhall School","Guilford",36.1090060008986,-79.802314,3,2024,20,37
2024-03-19,"Millbrook School","Wake",35.856111,-78.574167,3,2024,28,37
2024-03-19,"Pitt Agri. Center","Pitt",35.6412760008938,-77.360126,3,2024,17,36
2024-03-19,"West Johnston Co.","Johnston",35.59095,-78.4622,3,2024,29,37
2024-03-20,"Bryson City","Swain",35.434767,-83.442133,3,2024,62,47
2024-03-20,"Castle Hayne","New Hanover",34.364167,-77.838611,3,2024,59,49
2024-03-20,"Clemmons Middle","Forsyth",36.026612,-80.341962,3,2024,34,49
2024-03-20,"Durham Armory","Durham",36.0329550008979,-78.904037,3,2024,61,46
2024-03-20,"Frying Pan Mountain","Haywood",35.379167,-82.7925,3,2024,NA,48
2024-03-20,"Garinger High School","Mecklenburg",35.2401000008895,-80.785683,3,2024,52,48
2024-03-20,"Hattie Avenue","Forsyth",36.11094,-80.224501,3,2024,38,44
2024-03-20,"Leggett","Edgecombe",35.988278,-77.5843,3,2024,46,49
2024-03-20,"Linville Falls","Avery",35.972347,-81.933072,3,2024,NA,48
2024-03-20,"Mendenhall School","Guilford",36.1090060008986,-79.802314,3,2024,32,45
2024-03-20,"Millbrook School","Wake",35.856111,-78.574167,3,2024,53,47
2024-03-20,"Pitt Agri. Center","Pitt",35.6412760008938,-77.360126,3,2024,58,48
2024-03-20,"West Johnston Co.","Johnston",35.59095,-78.4622,3,2024,54,49
2024-03-21,"Bryson City","Swain",35.434767,-83.442133,3,2024,37,44
2024-03-21,"Castle Hayne","New Hanover",34.364167,-77.838611,3,2024,65,43
2024-03-21,"Clemmons Middle","Forsyth",36.026612,-80.341962,3,2024,30,54
2024-03-21,"Durham Armory","Durham",36.0329550008979,-78.904037,3,2024,NA,44
2024-03-21,"Frying Pan Mountain","Haywood",35.379167,-82.7925,3,2024,NA,54
2024-03-21,"Garinger High School","Mecklenburg",35.2401000008895,-80.785683,3,2024,37,47
2024-03-21,"Hattie Avenue","Forsyth",36.11094,-80.224501,3,2024,24,47
2024-03-21,"Leggett","Edgecombe",35.988278,-77.5843,3,2024,29,44
2024-03-21,"Linville Falls","Avery",35.972347,-81.933072,3,2024,NA,48
2024-03-21,"Mendenhall School","Guilford",36.1090060008986,-79.802314,3,2024,25,48
2024-03-21,"Millbrook School","Wake",35.856111,-78.574167,3,2024,50,44
2024-03-21,"Pitt Agri. Center","Pitt",35.6412760008938,-77.360126,3,2024,39,44
2024-03-21,"West Johnston Co.","Johnston",35.59095,-78.4622,3,2024,55,47
2024-03-22,"Bryson City","Swain",35.434767,-83.442133,3,2024,46,49
2024-03-22,"Castle Hayne","New Hanover",34.364167,-77.838611,3,2024,33.5,44
2024-03-22,"Clemmons Middle","Forsyth",36.026612,-80.341962,3,2024,56,35
2024-03-22,"Durham Armory","Durham",36.0329550008979,-78.904037,3,2024,NA,37
2024-03-22,"Frying Pan Mountain","Haywood",35.379167,-82.7925,3,2024,42,51
2024-03-22,"Garinger High School","Mecklenburg",35.2401000008895,-80.785683,3,2024,58.5,33
2024-03-22,"Hattie Avenue","Forsyth",36.11094,-80.224501,3,2024,54,32
2024-03-22,"Leggett","Edgecombe",35.988278,-77.5843,3,2024,46,40
2024-03-22,"Linville Falls","Avery",35.972347,-81.933072,3,2024,65,44
2024-03-22,"Mendenhall School","Guilford",36.1090060008986,-79.802314,3,2024,55,33
2024-03-22,"Millbrook School","Wake",35.856111,-78.574167,3,2024,44,38
2024-03-22,"Pitt Agri. Center","Pitt",35.6412760008938,-77.360126,3,2024,32,39
2024-03-22,"West Johnston Co.","Johnston",35.59095,-78.4622,3,2024,50,40
2024-03-23,"Bryson City","Swain",35.434767,-83.442133,3,2024,26,39
2024-03-23,"Castle Hayne","New Hanover",34.364167,-77.838611,3,2024,23.5,34
2024-03-23,"Clemmons Middle","Forsyth",36.026612,-80.341962,3,2024,18,44
2024-03-23,"Durham Armory","Durham",36.0329550008979,-78.904037,3,2024,23,36
2024-03-23,"Frying Pan Mountain","Haywood",35.379167,-82.7925,3,2024,NA,61
2024-03-23,"Garinger High School","Mecklenburg",35.2401000008895,-80.785683,3,2024,19,42
2024-03-23,"Hattie Avenue","Forsyth",36.11094,-80.224501,3,2024,18,40
2024-03-23,"Leggett","Edgecombe",35.988278,-77.5843,3,2024,13,35
2024-03-23,"Linville Falls","Avery",35.972347,-81.933072,3,2024,NA,40
2024-03-23,"Mendenhall School","Guilford",36.1090060008986,-79.802314,3,2024,13,38
2024-03-23,"Millbrook School","Wake",35.856111,-78.574167,3,2024,15,37
2024-03-23,"Pitt Agri. Center","Pitt",35.6412760008938,-77.360126,3,2024,16,34
2024-03-23,"West Johnston Co.","Johnston",35.59095,-78.4622,3,2024,16,36
2024-03-24,"Bryson City","Swain",35.434767,-83.442133,3,2024,21,44
2024-03-24,"Castle Hayne","New Hanover",34.364167,-77.838611,3,2024,22.5,44
2024-03-24,"Clemmons Middle","Forsyth",36.026612,-80.341962,3,2024,23,48
2024-03-24,"Durham Armory","Durham",36.0329550008979,-78.904037,3,2024,39,43
2024-03-24,"Frying Pan Mountain","Haywood",35.379167,-82.7925,3,2024,NA,64
2024-03-24,"Garinger High School","Mecklenburg",35.2401000008895,-80.785683,3,2024,20,44
2024-03-24,"Hattie Avenue","Forsyth",36.11094,-80.224501,3,2024,23,44
2024-03-24,"Leggett","Edgecombe",35.988278,-77.5843,3,2024,16,40
2024-03-24,"Linville Falls","Avery",35.972347,-81.933072,3,2024,NA,51
2024-03-24,"Mendenhall School","Guilford",36.1090060008986,-79.802314,3,2024,22,43
2024-03-24,"Millbrook School","Wake",35.856111,-78.574167,3,2024,20,44
2024-03-24,"Pitt Agri. Center","Pitt",35.6412760008938,-77.360126,3,2024,12,42
2024-03-24,"West Johnston Co.","Johnston",35.59095,-78.4622,3,2024,18,44
2024-03-25,"Bryson City","Swain",35.434767,-83.442133,3,2024,18,51
2024-03-25,"Castle Hayne","New Hanover",34.364167,-77.838611,3,2024,42,42
2024-03-25,"Clemmons Middle","Forsyth",36.026612,-80.341962,3,2024,34,58
2024-03-25,"Durham Armory","Durham",36.0329550008979,-78.904037,3,2024,51,44
2024-03-25,"Frying Pan Mountain","Haywood",35.379167,-82.7925,3,2024,14,NA
2024-03-25,"Garinger High School","Mecklenburg",35.2401000008895,-80.785683,3,2024,55,46
2024-03-25,"Hattie Avenue","Forsyth",36.11094,-80.224501,3,2024,29,48
2024-03-25,"Leggett","Edgecombe",35.988278,-77.5843,3,2024,29,NA
2024-03-25,"Linville Falls","Avery",35.972347,-81.933072,3,2024,18,54
2024-03-25,"Mendenhall School","Guilford",36.1090060008986,-79.802314,3,2024,32,46
2024-03-25,"Millbrook School","Wake",35.856111,-78.574167,3,2024,31.5,44
2024-03-25,"Pitt Agri. Center","Pitt",35.6412760008938,-77.360126,3,2024,34,43
2024-03-25,"West Johnston Co.","Johnston",35.59095,-78.4622,3,2024,29,47
2024-03-26,"Bryson City","Swain",35.434767,-83.442133,3,2024,18,34
2024-03-26,"Castle Hayne","New Hanover",34.364167,-77.838611,3,2024,47.5,39
2024-03-26,"Clemmons Middle","Forsyth",36.026612,-80.341962,3,2024,42,35
2024-03-26,"Durham Armory","Durham",36.0329550008979,-78.904037,3,2024,55,38
2024-03-26,"Frying Pan Mountain","Haywood",35.379167,-82.7925,3,2024,NA,41
2024-03-26,"Garinger High School","Mecklenburg",35.2401000008895,-80.785683,3,2024,60,37
2024-03-26,"Hattie Avenue","Forsyth",36.11094,-80.224501,3,2024,42,33
2024-03-26,"Leggett","Edgecombe",35.988278,-77.5843,3,2024,37,NA
2024-03-26,"Linville Falls","Avery",35.972347,-81.933072,3,2024,NA,39
2024-03-26,"Mendenhall School","Guilford",36.1090060008986,-79.802314,3,2024,48,36
2024-03-26,"Millbrook School","Wake",35.856111,-78.574167,3,2024,44,40
2024-03-26,"Pitt Agri. Center","Pitt",35.6412760008938,-77.360126,3,2024,36,36
2024-03-26,"West Johnston Co.","Johnston",35.59095,-78.4622,3,2024,46,41
2024-03-27,"Bryson City","Swain",35.434767,-83.442133,3,2024,17,40
2024-03-27,"Castle Hayne","New Hanover",34.364167,-77.838611,3,2024,24.5,35
2024-03-27,"Clemmons Middle","Forsyth",36.026612,-80.341962,3,2024,19,26
2024-03-27,"Durham Armory","Durham",36.0329550008979,-78.904037,3,2024,45,19
2024-03-27,"Frying Pan Mountain","Haywood",35.379167,-82.7925,3,2024,NA,42
2024-03-27,"Garinger High School","Mecklenburg",35.2401000008895,-80.785683,3,2024,21,19
2024-03-27,"Hattie Avenue","Forsyth",36.11094,-80.224501,3,2024,19,25
2024-03-27,"Linville Falls","Avery",35.972347,-81.933072,3,2024,NA,37
2024-03-27,"Mendenhall School","Guilford",36.1090060008986,-79.802314,3,2024,22,20
2024-03-27,"Millbrook School","Wake",35.856111,-78.574167,3,2024,38,18
2024-03-27,"Pitt Agri. Center","Pitt",35.6412760008938,-77.360126,3,2024,27,23
2024-03-27,"West Johnston Co.","Johnston",35.59095,-78.4622,3,2024,44,20
2024-03-28,"Bryson City","Swain",35.434767,-83.442133,3,2024,20,45
2024-03-28,"Castle Hayne","New Hanover",34.364167,-77.838611,3,2024,18.5,28
2024-03-28,"Clemmons Middle","Forsyth",36.026612,-80.341962,3,2024,24,48
2024-03-28,"Durham Armory","Durham",36.0329550008979,-78.904037,3,2024,32,29
2024-03-28,"Frying Pan Mountain","Haywood",35.379167,-82.7925,3,2024,NA,46
2024-03-28,"Garinger High School","Mecklenburg",35.2401000008895,-80.785683,3,2024,18,42
2024-03-28,"Hattie Avenue","Forsyth",36.11094,-80.224501,3,2024,21.5,44
2024-03-28,"Leggett","Edgecombe",35.988278,-77.5843,3,2024,NA,26
2024-03-28,"Linville Falls","Avery",35.972347,-81.933072,3,2024,14,45
2024-03-28,"Mendenhall School","Guilford",36.1090060008986,-79.802314,3,2024,18,43
2024-03-28,"Millbrook School","Wake",35.856111,-78.574167,3,2024,20,33
2024-03-28,"Pitt Agri. Center","Pitt",35.6412760008938,-77.360126,3,2024,16,24
2024-03-28,"West Johnston Co.","Johnston",35.59095,-78.4622,3,2024,17,26
2024-03-29,"Bryson City","Swain",35.434767,-83.442133,3,2024,43,46
2024-03-29,"Castle Hayne","New Hanover",34.364167,-77.838611,3,2024,35,48
2024-03-29,"Clemmons Middle","Forsyth",36.026612,-80.341962,3,2024,29,54
2024-03-29,"Durham Armory","Durham",36.0329550008979,-78.904037,3,2024,50,48
2024-03-29,"Frying Pan Mountain","Haywood",35.379167,-82.7925,3,2024,NA,50
2024-03-29,"Garinger High School","Mecklenburg",35.2401000008895,-80.785683,3,2024,28,47
2024-03-29,"Hattie Avenue","Forsyth",36.11094,-80.224501,3,2024,32,47
2024-03-29,"Leggett","Edgecombe",35.988278,-77.5843,3,2024,34,48
2024-03-29,"Linville Falls","Avery",35.972347,-81.933072,3,2024,NA,49
2024-03-29,"Mendenhall School","Guilford",36.1090060008986,-79.802314,3,2024,40,48
2024-03-29,"Millbrook School","Wake",35.856111,-78.574167,3,2024,31,50
2024-03-29,"Pitt Agri. Center","Pitt",35.6412760008938,-77.360126,3,2024,39,49
2024-03-29,"West Johnston Co.","Johnston",35.59095,-78.4622,3,2024,35,50
2024-03-30,"Bryson City","Swain",35.434767,-83.442133,3,2024,53,54
2024-03-30,"Castle Hayne","New Hanover",34.364167,-77.838611,3,2024,37.5,64
2024-03-30,"Clemmons Middle","Forsyth",36.026612,-80.341962,3,2024,43,71
2024-03-30,"Durham Armory","Durham",36.0329550008979,-78.904037,3,2024,56,54
2024-03-30,"Frying Pan Mountain","Haywood",35.379167,-82.7925,3,2024,NA,61
2024-03-30,"Garinger High School","Mecklenburg",35.2401000008895,-80.785683,3,2024,52,54
2024-03-30,"Hattie Avenue","Forsyth",36.11094,-80.224501,3,2024,41,54
2024-03-30,"Leggett","Edgecombe",35.988278,-77.5843,3,2024,51,51
2024-03-30,"Linville Falls","Avery",35.972347,-81.933072,3,2024,NA,54
2024-03-30,"Mendenhall School","Guilford",36.1090060008986,-79.802314,3,2024,46,64
2024-03-30,"Millbrook School","Wake",35.856111,-78.574167,3,2024,46,54
2024-03-30,"Pitt Agri. Center","Pitt",35.6412760008938,-77.360126,3,2024,46,54
2024-03-30,"West Johnston Co.","Johnston",35.59095,-78.4622,3,2024,47,54
2024-03-31,"Bryson City","Swain",35.434767,-83.442133,3,2024,53,46
2024-03-31,"Castle Hayne","New Hanover",34.364167,-77.838611,3,2024,50.5,61
2024-03-31,"Clemmons Middle","Forsyth",36.026612,-80.341962,3,2024,47.5,64
2024-03-31,"Durham Armory","Durham",36.0329550008979,-78.904037,3,2024,56,51
2024-03-31,"Frying Pan Mountain","Haywood",35.379167,-82.7925,3,2024,29,48
2024-03-31,"Garinger High School","Mecklenburg",35.2401000008895,-80.785683,3,2024,54,50
2024-03-31,"Hattie Avenue","Forsyth",36.11094,-80.224501,3,2024,50.5,49
2024-03-31,"Leggett","Edgecombe",35.988278,-77.5843,3,2024,52,51
2024-03-31,"Linville Falls","Avery",35.972347,-81.933072,3,2024,30,49
2024-03-31,"Mendenhall School","Guilford",36.1090060008986,-79.802314,3,2024,53,58
2024-03-31,"Millbrook School","Wake",35.856111,-78.574167,3,2024,53,51
2024-03-31,"Pitt Agri. Center","Pitt",35.6412760008938,-77.360126,3,2024,53,51
2024-03-31,"West Johnston Co.","Johnston",35.59095,-78.4622,3,2024,54,58
2024-04-01,"Bryson City","Swain",35.434767,-83.442133,4,2024,55,42
2024-04-01,"Castle Hayne","New Hanover",34.364167,-77.838611,4,2024,48,42
2024-04-01,"Clemmons Middle","Forsyth",36.026612,-80.341962,4,2024,58,50
2024-04-01,"Durham Armory","Durham",36.0329550008979,-78.904037,4,2024,67,44
2024-04-01,"Frying Pan Mountain","Haywood",35.379167,-82.7925,4,2024,NA,46
2024-04-01,"Garinger High School","Mecklenburg",35.2401000008895,-80.785683,4,2024,58,43
2024-04-01,"Hattie Avenue","Forsyth",36.11094,-80.224501,4,2024,58,45
2024-04-01,"Leggett","Edgecombe",35.988278,-77.5843,4,2024,56,44
2024-04-01,"Linville Falls","Avery",35.972347,-81.933072,4,2024,NA,45
2024-04-01,"Mendenhall School","Guilford",36.1090060008986,-79.802314,4,2024,59,47
2024-04-01,"Millbrook School","Wake",35.856111,-78.574167,4,2024,59,43
2024-04-01,"Pitt Agri. Center","Pitt",35.6412760008938,-77.360126,4,2024,55,44
2024-04-01,"West Johnston Co.","Johnston",35.59095,-78.4622,4,2024,71,48
2024-04-02,"Bryson City","Swain",35.434767,-83.442133,4,2024,58,44
2024-04-02,"Castle Hayne","New Hanover",34.364167,-77.838611,4,2024,54.5,43
2024-04-02,"Clemmons Middle","Forsyth",36.026612,-80.341962,4,2024,63,49
2024-04-02,"Durham Armory","Durham",36.0329550008979,-78.904037,4,2024,69,43
2024-04-02,"Frying Pan Mountain","Haywood",35.379167,-82.7925,4,2024,NA,54
2024-04-02,"Garinger High School","Mecklenburg",35.2401000008895,-80.785683,4,2024,57,41
2024-04-02,"Hattie Avenue","Forsyth",36.11094,-80.224501,4,2024,65,45
2024-04-02,"Leggett","Edgecombe",35.988278,-77.5843,4,2024,57,42
2024-04-02,"Linville Falls","Avery",35.972347,-81.933072,4,2024,NA,46
2024-04-02,"Mendenhall School","Guilford",36.1090060008986,-79.802314,4,2024,64,48
2024-04-02,"Millbrook School","Wake",35.856111,-78.574167,4,2024,71,44
2024-04-02,"Pitt Agri. Center","Pitt",35.6412760008938,-77.360126,4,2024,59,39
2024-04-02,"West Johnston Co.","Johnston",35.59095,-78.4622,4,2024,64,45
2024-04-03,"Bryson City","Swain",35.434767,-83.442133,4,2024,18,42
2024-04-03,"Castle Hayne","New Hanover",34.364167,-77.838611,4,2024,50.5,37
2024-04-03,"Clemmons Middle","Forsyth",36.026612,-80.341962,4,2024,36,47
2024-04-03,"Durham Armory","Durham",36.0329550008979,-78.904037,4,2024,54,44
2024-04-03,"Frying Pan Mountain","Haywood",35.379167,-82.7925,4,2024,10,45
2024-04-03,"Garinger High School","Mecklenburg",35.2401000008895,-80.785683,4,2024,23.5,43
2024-04-03,"Hattie Avenue","Forsyth",36.11094,-80.224501,4,2024,39,43
2024-04-03,"Leggett","Edgecombe",35.988278,-77.5843,4,2024,42,30
2024-04-03,"Linville Falls","Avery",35.972347,-81.933072,4,2024,13,44
2024-04-03,"Mendenhall School","Guilford",36.1090060008986,-79.802314,4,2024,37,44
2024-04-03,"Millbrook School","Wake",35.856111,-78.574167,4,2024,51,44
2024-04-03,"Pitt Agri. Center","Pitt",35.6412760008938,-77.360126,4,2024,46,29
2024-04-03,"West Johnston Co.","Johnston",35.59095,-78.4622,4,2024,48,42
2024-04-04,"Bryson City","Swain",35.434767,-83.442133,4,2024,16,37
2024-04-04,"Castle Hayne","New Hanover",34.364167,-77.838611,4,2024,20,42
2024-04-04,"Clemmons Middle","Forsyth",36.026612,-80.341962,4,2024,9,42
2024-04-04,"Durham Armory","Durham",36.0329550008979,-78.904037,4,2024,NA,38
2024-04-04,"Frying Pan Mountain","Haywood",35.379167,-82.7925,4,2024,NA,40
2024-04-04,"Garinger High School","Mecklenburg",35.2401000008895,-80.785683,4,2024,3,38
2024-04-04,"Hattie Avenue","Forsyth",36.11094,-80.224501,4,2024,11,37
2024-04-04,"Leggett","Edgecombe",35.988278,-77.5843,4,2024,6,40
2024-04-04,"Linville Falls","Avery",35.972347,-81.933072,4,2024,NA,40
2024-04-04,"Mendenhall School","Guilford",36.1090060008986,-79.802314,4,2024,11,38
2024-04-04,"Millbrook School","Wake",35.856111,-78.574167,4,2024,13,40
2024-04-04,"Pitt Agri. Center","Pitt",35.6412760008938,-77.360126,4,2024,6,41
2024-04-04,"West Johnston Co.","Johnston",35.59095,-78.4622,4,2024,18,41
2024-04-05,"Bryson City","Swain",35.434767,-83.442133,4,2024,7,32
2024-04-05,"Castle Hayne","New Hanover",34.364167,-77.838611,4,2024,19,43
2024-04-05,"Clemmons Middle","Forsyth",36.026612,-80.341962,4,2024,12,40
2024-04-05,"Durham Armory","Durham",36.0329550008979,-78.904037,4,2024,31,38
2024-04-05,"Frying Pan Mountain","Haywood",35.379167,-82.7925,4,2024,NA,36
2024-04-05,"Garinger High School","Mecklenburg",35.2401000008895,-80.785683,4,2024,7,36
2024-04-05,"Hattie Avenue","Forsyth",36.11094,-80.224501,4,2024,12,35
2024-04-05,"Leggett","Edgecombe",35.988278,-77.5843,4,2024,4,40
2024-04-05,"Linville Falls","Avery",35.972347,-81.933072,4,2024,NA,35
2024-04-05,"Mendenhall School","Guilford",36.1090060008986,-79.802314,4,2024,6,36
2024-04-05,"Millbrook School","Wake",35.856111,-78.574167,4,2024,12,41
2024-04-05,"Pitt Agri. Center","Pitt",35.6412760008938,-77.360126,4,2024,9,44
2024-04-05,"West Johnston Co.","Johnston",35.59095,-78.4622,4,2024,12,43
2024-04-06,"Bryson City","Swain",35.434767,-83.442133,4,2024,19,41
2024-04-06,"Castle Hayne","New Hanover",34.364167,-77.838611,4,2024,15.5,44
2024-04-06,"Clemmons Middle","Forsyth",36.026612,-80.341962,4,2024,11,45
2024-04-06,"Durham Armory","Durham",36.0329550008979,-78.904037,4,2024,28,39
2024-04-06,"Frying Pan Mountain","Haywood",35.379167,-82.7925,4,2024,7,44
2024-04-06,"Garinger High School","Mecklenburg",35.2401000008895,-80.785683,4,2024,8,43
2024-04-06,"Hattie Avenue","Forsyth",36.11094,-80.224501,4,2024,14,41
2024-04-06,"Leggett","Edgecombe",35.988278,-77.5843,4,2024,NA,38
2024-04-06,"Linville Falls","Avery",35.972347,-81.933072,4,2024,7,44
2024-04-06,"Mendenhall School","Guilford",36.1090060008986,-79.802314,4,2024,16,41
2024-04-06,"Millbrook School","Wake",35.856111,-78.574167,4,2024,11.5,41
2024-04-06,"Pitt Agri. Center","Pitt",35.6412760008938,-77.360126,4,2024,6,39
2024-04-06,"West Johnston Co.","Johnston",35.59095,-78.4622,4,2024,13,42
2024-04-07,"Bryson City","Swain",35.434767,-83.442133,4,2024,25,44
2024-04-07,"Castle Hayne","New Hanover",34.364167,-77.838611,4,2024,19,43
2024-04-07,"Clemmons Middle","Forsyth",36.026612,-80.341962,4,2024,18,49
2024-04-07,"Durham Armory","Durham",36.0329550008979,-78.904037,4,2024,32,43
2024-04-07,"Frying Pan Mountain","Haywood",35.379167,-82.7925,4,2024,NA,61
2024-04-07,"Garinger High School","Mecklenburg",35.2401000008895,-80.785683,4,2024,22,47
2024-04-07,"Hattie Avenue","Forsyth",36.11094,-80.224501,4,2024,22,47
2024-04-07,"Leggett","Edgecombe",35.988278,-77.5843,4,2024,NA,42
2024-04-07,"Linville Falls","Avery",35.972347,-81.933072,4,2024,NA,44
2024-04-07,"Mendenhall School","Guilford",36.1090060008986,-79.802314,4,2024,28,47
2024-04-07,"Millbrook School","Wake",35.856111,-78.574167,4,2024,19,44
2024-04-07,"Pitt Agri. Center","Pitt",35.6412760008938,-77.360126,4,2024,12,42
2024-04-07,"West Johnston Co.","Johnston",35.59095,-78.4622,4,2024,26,46
2024-04-08,"Bryson City","Swain",35.434767,-83.442133,4,2024,52,50
2024-04-08,"Castle Hayne","New Hanover",34.364167,-77.838611,4,2024,24.5,46
2024-04-08,"Clemmons Middle","Forsyth",36.026612,-80.341962,4,2024,53,58
2024-04-08,"Durham Armory","Durham",36.0329550008979,-78.904037,4,2024,61,46
2024-04-08,"Frying Pan Mountain","Haywood",35.379167,-82.7925,4,2024,NA,54
2024-04-08,"Garinger High School","Mecklenburg",35.2401000008895,-80.785683,4,2024,46,45
2024-04-08,"Hattie Avenue","Forsyth",36.11094,-80.224501,4,2024,52,49
2024-04-08,"Leggett","Edgecombe",35.988278,-77.5843,4,2024,NA,45
2024-04-08,"Linville Falls","Avery",35.972347,-81.933072,4,2024,NA,49
2024-04-08,"Mendenhall School","Guilford",36.1090060008986,-79.802314,4,2024,56,58
2024-04-08,"Millbrook School","Wake",35.856111,-78.574167,4,2024,51,47
2024-04-08,"Pitt Agri. Center","Pitt",35.6412760008938,-77.360126,4,2024,33,45
2024-04-08,"West Johnston Co.","Johnston",35.59095,-78.4622,4,2024,55,48
2024-04-09,"Bryson City","Swain",35.434767,-83.442133,4,2024,51,39
2024-04-09,"Castle Hayne","New Hanover",34.364167,-77.838611,4,2024,29.5,42
2024-04-09,"Clemmons Middle","Forsyth",36.026612,-80.341962,4,2024,52,41
2024-04-09,"Durham Armory","Durham",36.0329550008979,-78.904037,4,2024,58,41
2024-04-09,"Frying Pan Mountain","Haywood",35.379167,-82.7925,4,2024,41,54
2024-04-09,"Garinger High School","Mecklenburg",35.2401000008895,-80.785683,4,2024,52.5,32
2024-04-09,"Hattie Avenue","Forsyth",36.11094,-80.224501,4,2024,52,33
2024-04-09,"Leggett","Edgecombe",35.988278,-77.5843,4,2024,NA,42
2024-04-09,"Linville Falls","Avery",35.972347,-81.933072,4,2024,41,43
2024-04-09,"Mendenhall School","Guilford",36.1090060008986,-79.802314,4,2024,53,39
2024-04-09,"Millbrook School","Wake",35.856111,-78.574167,4,2024,48.5,38
2024-04-09,"Pitt Agri. Center","Pitt",35.6412760008938,-77.360126,4,2024,42,44
2024-04-09,"West Johnston Co.","Johnston",35.59095,-78.4622,4,2024,44,41
2024-04-10,"Bryson City","Swain",35.434767,-83.442133,4,2024,46,43
2024-04-10,"Castle Hayne","New Hanover",34.364167,-77.838611,4,2024,30.5,46
2024-04-10,"Clemmons Middle","Forsyth",36.026612,-80.341962,4,2024,54,39
2024-04-10,"Durham Armory","Durham",36.0329550008979,-78.904037,4,2024,54,37
2024-04-10,"Frying Pan Mountain","Haywood",35.379167,-82.7925,4,2024,NA,43
2024-04-10,"Garinger High School","Mecklenburg",35.2401000008895,-80.785683,4,2024,42,37
2024-04-10,"Hattie Avenue","Forsyth",36.11094,-80.224501,4,2024,54,36
2024-04-10,"Leggett","Edgecombe",35.988278,-77.5843,4,2024,NA,37
2024-04-10,"Linville Falls","Avery",35.972347,-81.933072,4,2024,NA,40
2024-04-10,"Mendenhall School","Guilford",36.1090060008986,-79.802314,4,2024,52,34
2024-04-10,"Millbrook School","Wake",35.856111,-78.574167,4,2024,38,37
2024-04-10,"Pitt Agri. Center","Pitt",35.6412760008938,-77.360126,4,2024,41,41
2024-04-10,"West Johnston Co.","Johnston",35.59095,-78.4622,4,2024,36,40
2024-04-11,"Bryson City","Swain",35.434767,-83.442133,4,2024,19,41
2024-04-11,"Castle Hayne","New Hanover",34.364167,-77.838611,4,2024,40,40
2024-04-11,"Clemmons Middle","Forsyth",36.026612,-80.341962,4,2024,27,41
2024-04-11,"Durham Armory","Durham",36.0329550008979,-78.904037,4,2024,29,37
2024-04-11,"Frying Pan Mountain","Haywood",35.379167,-82.7925,4,2024,NA,45
2024-04-11,"Garinger High School","Mecklenburg",35.2401000008895,-80.785683,4,2024,9,36
2024-04-11,"Hattie Avenue","Forsyth",36.11094,-80.224501,4,2024,28,38
2024-04-11,"Leggett","Edgecombe",35.988278,-77.5843,4,2024,NA,36
2024-04-11,"Linville Falls","Avery",35.972347,-81.933072,4,2024,NA,44
2024-04-11,"Mendenhall School","Guilford",36.1090060008986,-79.802314,4,2024,23,37
2024-04-11,"Millbrook School","Wake",35.856111,-78.574167,4,2024,30,37
2024-04-11,"Pitt Agri. Center","Pitt",35.6412760008938,-77.360126,4,2024,37,37
2024-04-11,"West Johnston Co.","Johnston",35.59095,-78.4622,4,2024,26,38
2024-04-12,"Bryson City","Swain",35.434767,-83.442133,4,2024,21,43
2024-04-12,"Castle Hayne","New Hanover",34.364167,-77.838611,4,2024,29,48
2024-04-12,"Clemmons Middle","Forsyth",36.026612,-80.341962,4,2024,15,48
2024-04-12,"Durham Armory","Durham",36.0329550008979,-78.904037,4,2024,41,46
2024-04-12,"Frying Pan Mountain","Haywood",35.379167,-82.7925,4,2024,13,44
2024-04-12,"Garinger High School","Mecklenburg",35.2401000008895,-80.785683,4,2024,15,44
2024-04-12,"Hattie Avenue","Forsyth",36.11094,-80.224501,4,2024,16,44
2024-04-12,"Leggett","Edgecombe",35.988278,-77.5843,4,2024,NA,49
2024-04-12,"Linville Falls","Avery",35.972347,-81.933072,4,2024,12,44
2024-04-12,"Mendenhall School","Guilford",36.1090060008986,-79.802314,4,2024,8,45
2024-04-12,"Millbrook School","Wake",35.856111,-78.574167,4,2024,19,49
2024-04-12,"Pitt Agri. Center","Pitt",35.6412760008938,-77.360126,4,2024,21,48
2024-04-12,"West Johnston Co.","Johnston",35.59095,-78.4622,4,2024,16,48
2024-04-13,"Bryson City","Swain",35.434767,-83.442133,4,2024,29,48
2024-04-13,"Castle Hayne","New Hanover",34.364167,-77.838611,4,2024,19,46
2024-04-13,"Clemmons Middle","Forsyth",36.026612,-80.341962,4,2024,15,50
2024-04-13,"Durham Armory","Durham",36.0329550008979,-78.904037,4,2024,36,45
2024-04-13,"Frying Pan Mountain","Haywood",35.379167,-82.7925,4,2024,NA,58
2024-04-13,"Garinger High School","Mecklenburg",35.2401000008895,-80.785683,4,2024,27,47
2024-04-13,"Hattie Avenue","Forsyth",36.11094,-80.224501,4,2024,17,45
2024-04-13,"Leggett","Edgecombe",35.988278,-77.5843,4,2024,22,45
2024-04-13,"Linville Falls","Avery",35.972347,-81.933072,4,2024,NA,49
2024-04-13,"Mendenhall School","Guilford",36.1090060008986,-79.802314,4,2024,22,45
2024-04-13,"Millbrook School","Wake",35.856111,-78.574167,4,2024,15,47
2024-04-13,"Pitt Agri. Center","Pitt",35.6412760008938,-77.360126,4,2024,16,46
2024-04-13,"West Johnston Co.","Johnston",35.59095,-78.4622,4,2024,19,47
2024-04-14,"Bryson City","Swain",35.434767,-83.442133,4,2024,46,71
2024-04-14,"Castle Hayne","New Hanover",34.364167,-77.838611,4,2024,27,58
2024-04-14,"Clemmons Middle","Forsyth",36.026612,-80.341962,4,2024,33,74
2024-04-14,"Durham Armory","Durham",36.0329550008979,-78.904037,4,2024,53,51
2024-04-14,"Frying Pan Mountain","Haywood",35.379167,-82.7925,4,2024,NA,71
2024-04-14,"Garinger High School","Mecklenburg",35.2401000008895,-80.785683,4,2024,55,54
2024-04-14,"Hattie Avenue","Forsyth",36.11094,-80.224501,4,2024,37,58
2024-04-14,"Leggett","Edgecombe",35.988278,-77.5843,4,2024,33,50
2024-04-14,"Linville Falls","Avery",35.972347,-81.933072,4,2024,NA,67
2024-04-14,"Mendenhall School","Guilford",36.1090060008986,-79.802314,4,2024,47,74
2024-04-14,"Millbrook School","Wake",35.856111,-78.574167,4,2024,32,51
2024-04-14,"Pitt Agri. Center","Pitt",35.6412760008938,-77.360126,4,2024,31,49
2024-04-14,"West Johnston Co.","Johnston",35.59095,-78.4622,4,2024,35,54
2024-04-15,"Bryson City","Swain",35.434767,-83.442133,4,2024,46,48
2024-04-15,"Castle Hayne","New Hanover",34.364167,-77.838611,4,2024,51.5,74
2024-04-15,"Clemmons Middle","Forsyth",36.026612,-80.341962,4,2024,51,84
2024-04-15,"Durham Armory","Durham",36.0329550008979,-78.904037,4,2024,57,54
2024-04-15,"Frying Pan Mountain","Haywood",35.379167,-82.7925,4,2024,36,58
2024-04-15,"Garinger High School","Mecklenburg",35.2401000008895,-80.785683,4,2024,53.5,61
2024-04-15,"Hattie Avenue","Forsyth",36.11094,-80.224501,4,2024,53,64
2024-04-15,"Leggett","Edgecombe",35.988278,-77.5843,4,2024,46,64
2024-04-15,"Linville Falls","Avery",35.972347,-81.933072,4,2024,32,51
2024-04-15,"Mendenhall School","Guilford",36.1090060008986,-79.802314,4,2024,56,87
2024-04-15,"Millbrook School","Wake",35.856111,-78.574167,4,2024,52.5,61
2024-04-15,"Pitt Agri. Center","Pitt",35.6412760008938,-77.360126,4,2024,53,58
2024-04-15,"West Johnston Co.","Johnston",35.59095,-78.4622,4,2024,52,61
2024-04-16,"Bryson City","Swain",35.434767,-83.442133,4,2024,68,NA
2024-04-16,"Castle Hayne","New Hanover",34.364167,-77.838611,4,2024,58,61
2024-04-16,"Clemmons Middle","Forsyth",36.026612,-80.341962,4,2024,61,80
2024-04-16,"Durham Armory","Durham",36.0329550008979,-78.904037,4,2024,66,48
2024-04-16,"Frying Pan Mountain","Haywood",35.379167,-82.7925,4,2024,NA,67
2024-04-16,"Garinger High School","Mecklenburg",35.2401000008895,-80.785683,4,2024,59,61
2024-04-16,"Hattie Avenue","Forsyth",36.11094,-80.224501,4,2024,61,67
2024-04-16,"Leggett","Edgecombe",35.988278,-77.5843,4,2024,38,46
2024-04-16,"Linville Falls","Avery",35.972347,-81.933072,4,2024,NA,61
2024-04-16,"Mendenhall School","Guilford",36.1090060008986,-79.802314,4,2024,58,50
2024-04-16,"Millbrook School","Wake",35.856111,-78.574167,4,2024,58,47
2024-04-16,"Pitt Agri. Center","Pitt",35.6412760008938,-77.360126,4,2024,52,46
2024-04-16,"West Johnston Co.","Johnston",35.59095,-78.4622,4,2024,58,48
2024-04-17,"Bryson City","Swain",35.434767,-83.442133,4,2024,47,49
2024-04-17,"Castle Hayne","New Hanover",34.364167,-77.838611,4,2024,45.5,49
2024-04-17,"Clemmons Middle","Forsyth",36.026612,-80.341962,4,2024,67,71
2024-04-17,"Durham Armory","Durham",36.0329550008979,-78.904037,4,2024,71,40
2024-04-17,"Frying Pan Mountain","Haywood",35.379167,-82.7925,4,2024,NA,54
2024-04-17,"Garinger High School","Mecklenburg",35.2401000008895,-80.785683,4,2024,58,45
2024-04-17,"Hattie Avenue","Forsyth",36.11094,-80.224501,4,2024,67,51
2024-04-17,"Leggett","Edgecombe",35.988278,-77.5843,4,2024,54,45
2024-04-17,"Linville Falls","Avery",35.972347,-81.933072,4,2024,NA,51
2024-04-17,"Mendenhall School","Guilford",36.1090060008986,-79.802314,4,2024,64,58
2024-04-17,"Millbrook School","Wake",35.856111,-78.574167,4,2024,57,45
2024-04-17,"Pitt Agri. Center","Pitt",35.6412760008938,-77.360126,4,2024,55,49
2024-04-17,"West Johnston Co.","Johnston",35.59095,-78.4622,4,2024,54,46
2024-04-18,"Bryson City","Swain",35.434767,-83.442133,4,2024,41,47
2024-04-18,"Castle Hayne","New Hanover",34.364167,-77.838611,4,2024,43,45
2024-04-18,"Clemmons Middle","Forsyth",36.026612,-80.341962,4,2024,38.5,47
2024-04-18,"Durham Armory","Durham",36.0329550008979,-78.904037,4,2024,58,43
2024-04-18,"Frying Pan Mountain","Haywood",35.379167,-82.7925,4,2024,28,54
2024-04-18,"Garinger High School","Mecklenburg",35.2401000008895,-80.785683,4,2024,42.5,50
2024-04-18,"Hattie Avenue","Forsyth",36.11094,-80.224501,4,2024,43.5,44
2024-04-18,"Leggett","Edgecombe",35.988278,-77.5843,4,2024,39,44
2024-04-18,"Linville Falls","Avery",35.972347,-81.933072,4,2024,27,49
2024-04-18,"Mendenhall School","Guilford",36.1090060008986,-79.802314,4,2024,42,45
2024-04-18,"Millbrook School","Wake",35.856111,-78.574167,4,2024,51.5,46
2024-04-18,"Pitt Agri. Center","Pitt",35.6412760008938,-77.360126,4,2024,43,45
2024-04-18,"West Johnston Co.","Johnston",35.59095,-78.4622,4,2024,53,49
2024-04-19,"Bryson City","Swain",35.434767,-83.442133,4,2024,37,47
2024-04-19,"Castle Hayne","New Hanover",34.364167,-77.838611,4,2024,45,40
2024-04-19,"Clemmons Middle","Forsyth",36.026612,-80.341962,4,2024,61,58
2024-04-19,"Durham Armory","Durham",36.0329550008979,-78.904037,4,2024,62,43
2024-04-19,"Frying Pan Mountain","Haywood",35.379167,-82.7925,4,2024,NA,49
2024-04-19,"Garinger High School","Mecklenburg",35.2401000008895,-80.785683,4,2024,52,74
2024-04-19,"Hattie Avenue","Forsyth",36.11094,-80.224501,4,2024,59,46
2024-04-19,"Leggett","Edgecombe",35.988278,-77.5843,4,2024,31,38
2024-04-19,"Linville Falls","Avery",35.972347,-81.933072,4,2024,NA,46
2024-04-19,"Mendenhall School","Guilford",36.1090060008986,-79.802314,4,2024,60,39
2024-04-19,"Millbrook School","Wake",35.856111,-78.574167,4,2024,59,43
2024-04-19,"Pitt Agri. Center","Pitt",35.6412760008938,-77.360126,4,2024,35,37
2024-04-19,"West Johnston Co.","Johnston",35.59095,-78.4622,4,2024,60,36
2024-04-20,"Bryson City","Swain",35.434767,-83.442133,4,2024,24,36
2024-04-20,"Castle Hayne","New Hanover",34.364167,-77.838611,4,2024,57,38
2024-04-20,"Clemmons Middle","Forsyth",36.026612,-80.341962,4,2024,53,39
2024-04-20,"Durham Armory","Durham",36.0329550008979,-78.904037,4,2024,61,28
2024-04-20,"Frying Pan Mountain","Haywood",35.379167,-82.7925,4,2024,NA,44
2024-04-20,"Garinger High School","Mecklenburg",35.2401000008895,-80.785683,4,2024,54,40
2024-04-20,"Hattie Avenue","Forsyth",36.11094,-80.224501,4,2024,52,37
2024-04-20,"Leggett","Edgecombe",35.988278,-77.5843,4,2024,46,25
2024-04-20,"Linville Falls","Avery",35.972347,-81.933072,4,2024,NA,41
2024-04-20,"Mendenhall School","Guilford",36.1090060008986,-79.802314,4,2024,55,37
2024-04-20,"Millbrook School","Wake",35.856111,-78.574167,4,2024,61,37
2024-04-20,"Pitt Agri. Center","Pitt",35.6412760008938,-77.360126,4,2024,54,31
2024-04-20,"West Johnston Co.","Johnston",35.59095,-78.4622,4,2024,60,39
2024-04-21,"Bryson City","Swain",35.434767,-83.442133,4,2024,21,32
2024-04-21,"Castle Hayne","New Hanover",34.364167,-77.838611,4,2024,34.5,27
2024-04-21,"Clemmons Middle","Forsyth",36.026612,-80.341962,4,2024,26,31
2024-04-21,"Durham Armory","Durham",36.0329550008979,-78.904037,4,2024,52,25
2024-04-21,"Frying Pan Mountain","Haywood",35.379167,-82.7925,4,2024,9,40
2024-04-21,"Garinger High School","Mecklenburg",35.2401000008895,-80.785683,4,2024,20,33
2024-04-21,"Hattie Avenue","Forsyth",36.11094,-80.224501,4,2024,25,29
2024-04-21,"Leggett","Edgecombe",35.988278,-77.5843,4,2024,15,29
2024-04-21,"Linville Falls","Avery",35.972347,-81.933072,4,2024,17,35
2024-04-21,"Mendenhall School","Guilford",36.1090060008986,-79.802314,4,2024,23,27
2024-04-21,"Millbrook School","Wake",35.856111,-78.574167,4,2024,24.5,28
2024-04-21,"Pitt Agri. Center","Pitt",35.6412760008938,-77.360126,4,2024,34,29
2024-04-21,"West Johnston Co.","Johnston",35.59095,-78.4622,4,2024,26,28
2024-04-22,"Bryson City","Swain",35.434767,-83.442133,4,2024,16,43
2024-04-22,"Castle Hayne","New Hanover",34.364167,-77.838611,4,2024,28.5,37
2024-04-22,"Clemmons Middle","Forsyth",36.026612,-80.341962,4,2024,28,44
2024-04-22,"Durham Armory","Durham",36.0329550008979,-78.904037,4,2024,44,38
2024-04-22,"Frying Pan Mountain","Haywood",35.379167,-82.7925,4,2024,NA,48
2024-04-22,"Garinger High School","Mecklenburg",35.2401000008895,-80.785683,4,2024,24,39
2024-04-22,"Hattie Avenue","Forsyth",36.11094,-80.224501,4,2024,23,43
2024-04-22,"Leggett","Edgecombe",35.988278,-77.5843,4,2024,27,37
2024-04-22,"Linville Falls","Avery",35.972347,-81.933072,4,2024,NA,46
2024-04-22,"Mendenhall School","Guilford",36.1090060008986,-79.802314,4,2024,32,42
2024-04-22,"Millbrook School","Wake",35.856111,-78.574167,4,2024,28,39
2024-04-22,"Pitt Agri. Center","Pitt",35.6412760008938,-77.360126,4,2024,NA,34
2024-04-22,"West Johnston Co.","Johnston",35.59095,-78.4622,4,2024,31,38
2024-04-23,"Bryson City","Swain",35.434767,-83.442133,4,2024,52,48
2024-04-23,"Castle Hayne","New Hanover",34.364167,-77.838611,4,2024,34,51
2024-04-23,"Clemmons Middle","Forsyth",36.026612,-80.341962,4,2024,37,49
2024-04-23,"Durham Armory","Durham",36.0329550008979,-78.904037,4,2024,52,45
2024-04-23,"Frying Pan Mountain","Haywood",35.379167,-82.7925,4,2024,NA,61
2024-04-23,"Garinger High School","Mecklenburg",35.2401000008895,-80.785683,4,2024,36,43
2024-04-23,"Hattie Avenue","Forsyth",36.11094,-80.224501,4,2024,35,46
2024-04-23,"Leggett","Edgecombe",35.988278,-77.5843,4,2024,23,48
2024-04-23,"Linville Falls","Avery",35.972347,-81.933072,4,2024,NA,50
2024-04-23,"Mendenhall School","Guilford",36.1090060008986,-79.802314,4,2024,41,50
2024-04-23,"Millbrook School","Wake",35.856111,-78.574167,4,2024,39,47
2024-04-23,"Pitt Agri. Center","Pitt",35.6412760008938,-77.360126,4,2024,NA,48
2024-04-23,"West Johnston Co.","Johnston",35.59095,-78.4622,4,2024,42,49
2024-04-24,"Bryson City","Swain",35.434767,-83.442133,4,2024,35,48
2024-04-24,"Castle Hayne","New Hanover",34.364167,-77.838611,4,2024,50.5,54
2024-04-24,"Clemmons Middle","Forsyth",36.026612,-80.341962,4,2024,43,44
2024-04-24,"Durham Armory","Durham",36.0329550008979,-78.904037,4,2024,57,37
2024-04-24,"Frying Pan Mountain","Haywood",35.379167,-82.7925,4,2024,30,58
2024-04-24,"Garinger High School","Mecklenburg",35.2401000008895,-80.785683,4,2024,52,46
2024-04-24,"Hattie Avenue","Forsyth",36.11094,-80.224501,4,2024,41.5,42
2024-04-24,"Leggett","Edgecombe",35.988278,-77.5843,4,2024,44,38
2024-04-24,"Linville Falls","Avery",35.972347,-81.933072,4,2024,27,49
2024-04-24,"Mendenhall School","Guilford",36.1090060008986,-79.802314,4,2024,51,43
2024-04-24,"Millbrook School","Wake",35.856111,-78.574167,4,2024,48,36
2024-04-24,"Pitt Agri. Center","Pitt",35.6412760008938,-77.360126,4,2024,NA,44
2024-04-24,"West Johnston Co.","Johnston",35.59095,-78.4622,4,2024,52,42
2024-04-25,"Bryson City","Swain",35.434767,-83.442133,4,2024,31,50
2024-04-25,"Castle Hayne","New Hanover",34.364167,-77.838611,4,2024,58,50
2024-04-25,"Clemmons Middle","Forsyth",36.026612,-80.341962,4,2024,38,71
2024-04-25,"Durham Armory","Durham",36.0329550008979,-78.904037,4,2024,55,48
2024-04-25,"Frying Pan Mountain","Haywood",35.379167,-82.7925,4,2024,NA,64
2024-04-25,"Garinger High School","Mecklenburg",35.2401000008895,-80.785683,4,2024,43,71
2024-04-25,"Hattie Avenue","Forsyth",36.11094,-80.224501,4,2024,31,61
2024-04-25,"Leggett","Edgecombe",35.988278,-77.5843,4,2024,43,44
2024-04-25,"Linville Falls","Avery",35.972347,-81.933072,4,2024,NA,58
2024-04-25,"Mendenhall School","Guilford",36.1090060008986,-79.802314,4,2024,35,49
2024-04-25,"Millbrook School","Wake",35.856111,-78.574167,4,2024,53,48
2024-04-25,"Pitt Agri. Center","Pitt",35.6412760008938,-77.360126,4,2024,NA,46
2024-04-25,"West Johnston Co.","Johnston",35.59095,-78.4622,4,2024,55,50
2024-04-26,"Bryson City","Swain",35.434767,-83.442133,4,2024,51,29
2024-04-26,"Castle Hayne","New Hanover",34.364167,-77.838611,4,2024,46,47
2024-04-26,"Clemmons Middle","Forsyth",36.026612,-80.341962,4,2024,52,47
2024-04-26,"Durham Armory","Durham",36.0329550008979,-78.904037,4,2024,55,42
2024-04-26,"Frying Pan Mountain","Haywood",35.379167,-82.7925,4,2024,NA,44
2024-04-26,"Garinger High School","Mecklenburg",35.2401000008895,-80.785683,4,2024,50,38
2024-04-26,"Hattie Avenue","Forsyth",36.11094,-80.224501,4,2024,51,44
2024-04-26,"Leggett","Edgecombe",35.988278,-77.5843,4,2024,38,42
2024-04-26,"Linville Falls","Avery",35.972347,-81.933072,4,2024,NA,35
2024-04-26,"Mendenhall School","Guilford",36.1090060008986,-79.802314,4,2024,51,44
2024-04-26,"Millbrook School","Wake",35.856111,-78.574167,4,2024,44,44
2024-04-26,"Pitt Agri. Center","Pitt",35.6412760008938,-77.360126,4,2024,NA,43
2024-04-26,"West Johnston Co.","Johnston",35.59095,-78.4622,4,2024,42,45
2024-04-27,"Bryson City","Swain",35.434767,-83.442133,4,2024,54,43
2024-04-27,"Castle Hayne","New Hanover",34.364167,-77.838611,4,2024,28,44
2024-04-27,"Clemmons Middle","Forsyth",36.026612,-80.341962,4,2024,52,49
2024-04-27,"Durham Armory","Durham",36.0329550008979,-78.904037,4,2024,57,45
2024-04-27,"Frying Pan Mountain","Haywood",35.379167,-82.7925,4,2024,22,46
2024-04-27,"Garinger High School","Mecklenburg",35.2401000008895,-80.785683,4,2024,41,44
2024-04-27,"Hattie Avenue","Forsyth",36.11094,-80.224501,4,2024,51,45
2024-04-27,"Leggett","Edgecombe",35.988278,-77.5843,4,2024,29,38
2024-04-27,"Linville Falls","Avery",35.972347,-81.933072,4,2024,41,49
2024-04-27,"Mendenhall School","Guilford",36.1090060008986,-79.802314,4,2024,44,44
2024-04-27,"Millbrook School","Wake",35.856111,-78.574167,4,2024,36,41
2024-04-27,"Pitt Agri. Center","Pitt",35.6412760008938,-77.360126,4,2024,21,38
2024-04-27,"West Johnston Co.","Johnston",35.59095,-78.4622,4,2024,34,43
2024-04-28,"Bryson City","Swain",35.434767,-83.442133,4,2024,40,44
2024-04-28,"Castle Hayne","New Hanover",34.364167,-77.838611,4,2024,27.5,47
2024-04-28,"Clemmons Middle","Forsyth",36.026612,-80.341962,4,2024,44,47
2024-04-28,"Durham Armory","Durham",36.0329550008979,-78.904037,4,2024,54,41
2024-04-28,"Frying Pan Mountain","Haywood",35.379167,-82.7925,4,2024,NA,43
2024-04-28,"Garinger High School","Mecklenburg",35.2401000008895,-80.785683,4,2024,30,41
2024-04-28,"Hattie Avenue","Forsyth",36.11094,-80.224501,4,2024,43,44
2024-04-28,"Leggett","Edgecombe",35.988278,-77.5843,4,2024,53,43
2024-04-28,"Linville Falls","Avery",35.972347,-81.933072,4,2024,NA,44
2024-04-28,"Mendenhall School","Guilford",36.1090060008986,-79.802314,4,2024,43,44
2024-04-28,"Millbrook School","Wake",35.856111,-78.574167,4,2024,46,42
2024-04-28,"Pitt Agri. Center","Pitt",35.6412760008938,-77.360126,4,2024,31,43
2024-04-28,"West Johnston Co.","Johnston",35.59095,-78.4622,4,2024,41,44
2024-04-29,"Bryson City","Swain",35.434767,-83.442133,4,2024,33,46
2024-04-29,"Castle Hayne","New Hanover",34.364167,-77.838611,4,2024,25.5,44
2024-04-29,"Clemmons Middle","Forsyth",36.026612,-80.341962,4,2024,49,77
2024-04-29,"Durham Armory","Durham",36.0329550008979,-78.904037,4,2024,58,46
2024-04-29,"Frying Pan Mountain","Haywood",35.379167,-82.7925,4,2024,NA,44
2024-04-29,"Garinger High School","Mecklenburg",35.2401000008895,-80.785683,4,2024,29,45
2024-04-29,"Hattie Avenue","Forsyth",36.11094,-80.224501,4,2024,44,61
2024-04-29,"Leggett","Edgecombe",35.988278,-77.5843,4,2024,42,47
2024-04-29,"Linville Falls","Avery",35.972347,-81.933072,4,2024,NA,48
2024-04-29,"Mendenhall School","Guilford",36.1090060008986,-79.802314,4,2024,53,58
2024-04-29,"Millbrook School","Wake",35.856111,-78.574167,4,2024,56,49
2024-04-29,"Pitt Agri. Center","Pitt",35.6412760008938,-77.360126,4,2024,34,48
2024-04-29,"West Johnston Co.","Johnston",35.59095,-78.4622,4,2024,48,49
2024-04-30,"Bryson City","Swain",35.434767,-83.442133,4,2024,24,43
2024-04-30,"Castle Hayne","New Hanover",34.364167,-77.838611,4,2024,28,38
2024-04-30,"Clemmons Middle","Forsyth",36.026612,-80.341962,4,2024,44.5,45
2024-04-30,"Durham Armory","Durham",36.0329550008979,-78.904037,4,2024,55,39
2024-04-30,"Frying Pan Mountain","Haywood",35.379167,-82.7925,4,2024,14,49
2024-04-30,"Garinger High School","Mecklenburg",35.2401000008895,-80.785683,4,2024,37.5,38
2024-04-30,"Hattie Avenue","Forsyth",36.11094,-80.224501,4,2024,41.5,41
2024-04-30,"Leggett","Edgecombe",35.988278,-77.5843,4,2024,39,40
2024-04-30,"Linville Falls","Avery",35.972347,-81.933072,4,2024,26,38
2024-04-30,"Mendenhall School","Guilford",36.1090060008986,-79.802314,4,2024,51,43
2024-04-30,"Millbrook School","Wake",35.856111,-78.574167,4,2024,50,42
2024-04-30,"Pitt Agri. Center","Pitt",35.6412760008938,-77.360126,4,2024,22,40
2024-04-30,"West Johnston Co.","Johnston",35.59095,-78.4622,4,2024,46,42
2024-05-01,"Bryson City","Swain",35.434767,-83.442133,5,2024,18,41
2024-05-01,"Castle Hayne","New Hanover",34.364167,-77.838611,5,2024,26.5,37
2024-05-01,"Clemmons Middle","Forsyth",36.026612,-80.341962,5,2024,31,51
2024-05-01,"Durham Armory","Durham",36.0329550008979,-78.904037,5,2024,51,44
2024-05-01,"Frying Pan Mountain","Haywood",35.379167,-82.7925,5,2024,NA,48
2024-05-01,"Garinger High School","Mecklenburg",35.2401000008895,-80.785683,5,2024,28,50
2024-05-01,"Hattie Avenue","Forsyth",36.11094,-80.224501,5,2024,29,46
2024-05-01,"Leggett","Edgecombe",35.988278,-77.5843,5,2024,38,47
2024-05-01,"Linville Falls","Avery",35.972347,-81.933072,5,2024,NA,47
2024-05-01,"Mendenhall School","Guilford",36.1090060008986,-79.802314,5,2024,53,47
2024-05-01,"Millbrook School","Wake",35.856111,-78.574167,5,2024,40,48
2024-05-01,"Pitt Agri. Center","Pitt",35.6412760008938,-77.360126,5,2024,27,44
2024-05-01,"West Johnston Co.","Johnston",35.59095,-78.4622,5,2024,38,54
2024-05-02,"Bryson City","Swain",35.434767,-83.442133,5,2024,39,48
2024-05-02,"Castle Hayne","New Hanover",34.364167,-77.838611,5,2024,29.5,41
2024-05-02,"Clemmons Middle","Forsyth",36.026612,-80.341962,5,2024,43,84
2024-05-02,"Durham Armory","Durham",36.0329550008979,-78.904037,5,2024,56,67
2024-05-02,"Frying Pan Mountain","Haywood",35.379167,-82.7925,5,2024,NA,74
2024-05-02,"Garinger High School","Mecklenburg",35.2401000008895,-80.785683,5,2024,55,67
2024-05-02,"Hattie Avenue","Forsyth",36.11094,-80.224501,5,2024,45,87
2024-05-02,"Leggett","Edgecombe",35.988278,-77.5843,5,2024,39,51
2024-05-02,"Linville Falls","Avery",35.972347,-81.933072,5,2024,NA,58
2024-05-02,"Mendenhall School","Guilford",36.1090060008986,-79.802314,5,2024,57,90
2024-05-02,"Millbrook School","Wake",35.856111,-78.574167,5,2024,49,61
2024-05-02,"Pitt Agri. Center","Pitt",35.6412760008938,-77.360126,5,2024,33,46
2024-05-02,"West Johnston Co.","Johnston",35.59095,-78.4622,5,2024,42,64
2024-05-03,"Bryson City","Swain",35.434767,-83.442133,5,2024,51,31
2024-05-03,"Castle Hayne","New Hanover",34.364167,-77.838611,5,2024,24.5,38
2024-05-03,"Clemmons Middle","Forsyth",36.026612,-80.341962,5,2024,55,61
2024-05-03,"Durham Armory","Durham",36.0329550008979,-78.904037,5,2024,71,54
2024-05-03,"Frying Pan Mountain","Haywood",35.379167,-82.7925,5,2024,40,44
2024-05-03,"Garinger High School","Mecklenburg",35.2401000008895,-80.785683,5,2024,52,46
2024-05-03,"Hattie Avenue","Forsyth",36.11094,-80.224501,5,2024,55.5,51
2024-05-03,"Leggett","Edgecombe",35.988278,-77.5843,5,2024,42,48
2024-05-03,"Linville Falls","Avery",35.972347,-81.933072,5,2024,41,37
2024-05-03,"Mendenhall School","Guilford",36.1090060008986,-79.802314,5,2024,55,61
2024-05-03,"Millbrook School","Wake",35.856111,-78.574167,5,2024,52,54
2024-05-03,"Pitt Agri. Center","Pitt",35.6412760008938,-77.360126,5,2024,42,49
2024-05-03,"West Johnston Co.","Johnston",35.59095,-78.4622,5,2024,49,54
2024-05-04,"Bryson City","Swain",35.434767,-83.442133,5,2024,33,26
2024-05-04,"Castle Hayne","New Hanover",34.364167,-77.838611,5,2024,18,30
2024-05-04,"Clemmons Middle","Forsyth",36.026612,-80.341962,5,2024,41,26
2024-05-04,"Durham Armory","Durham",36.0329550008979,-78.904037,5,2024,52,13
2024-05-04,"Frying Pan Mountain","Haywood",35.379167,-82.7925,5,2024,NA,44
2024-05-04,"Garinger High School","Mecklenburg",35.2401000008895,-80.785683,5,2024,27,28
2024-05-04,"Hattie Avenue","Forsyth",36.11094,-80.224501,5,2024,41,18
2024-05-04,"Leggett","Edgecombe",35.988278,-77.5843,5,2024,34,27
2024-05-04,"Linville Falls","Avery",35.972347,-81.933072,5,2024,NA,38
2024-05-04,"Mendenhall School","Guilford",36.1090060008986,-79.802314,5,2024,45,11
2024-05-04,"Millbrook School","Wake",35.856111,-78.574167,5,2024,53,23
2024-05-04,"Pitt Agri. Center","Pitt",35.6412760008938,-77.360126,5,2024,29,30
2024-05-04,"West Johnston Co.","Johnston",35.59095,-78.4622,5,2024,30,31
2024-05-05,"Bryson City","Swain",35.434767,-83.442133,5,2024,28,38
2024-05-05,"Castle Hayne","New Hanover",34.364167,-77.838611,5,2024,14,29
2024-05-05,"Clemmons Middle","Forsyth",36.026612,-80.341962,5,2024,17,27
2024-05-05,"Durham Armory","Durham",36.0329550008979,-78.904037,5,2024,31,21
2024-05-05,"Frying Pan Mountain","Haywood",35.379167,-82.7925,5,2024,NA,47
2024-05-05,"Garinger High School","Mecklenburg",35.2401000008895,-80.785683,5,2024,14,34
2024-05-05,"Hattie Avenue","Forsyth",36.11094,-80.224501,5,2024,17,23
2024-05-05,"Leggett","Edgecombe",35.988278,-77.5843,5,2024,31,25
2024-05-05,"Linville Falls","Avery",35.972347,-81.933072,5,2024,NA,31
2024-05-05,"Mendenhall School","Guilford",36.1090060008986,-79.802314,5,2024,18,18
2024-05-05,"Millbrook School","Wake",35.856111,-78.574167,5,2024,29,23
2024-05-05,"Pitt Agri. Center","Pitt",35.6412760008938,-77.360126,5,2024,24,28
2024-05-05,"West Johnston Co.","Johnston",35.59095,-78.4622,5,2024,22,24
2024-05-06,"Bryson City","Swain",35.434767,-83.442133,5,2024,27,32
2024-05-06,"Castle Hayne","New Hanover",34.364167,-77.838611,5,2024,17,31
2024-05-06,"Clemmons Middle","Forsyth",36.026612,-80.341962,5,2024,36,41
2024-05-06,"Durham Armory","Durham",36.0329550008979,-78.904037,5,2024,45,31
2024-05-06,"Frying Pan Mountain","Haywood",35.379167,-82.7925,5,2024,28,41
2024-05-06,"Garinger High School","Mecklenburg",35.2401000008895,-80.785683,5,2024,37,31
2024-05-06,"Hattie Avenue","Forsyth",36.11094,-80.224501,5,2024,40,36
2024-05-06,"Leggett","Edgecombe",35.988278,-77.5843,5,2024,36,35
2024-05-06,"Linville Falls","Avery",35.972347,-81.933072,5,2024,22,41
2024-05-06,"Mendenhall School","Guilford",36.1090060008986,-79.802314,5,2024,43,32
2024-05-06,"Millbrook School","Wake",35.856111,-78.574167,5,2024,39.5,31
2024-05-06,"Pitt Agri. Center","Pitt",35.6412760008938,-77.360126,5,2024,26,32
2024-05-06,"West Johnston Co.","Johnston",35.59095,-78.4622,5,2024,33,28
2024-05-07,"Bryson City","Swain",35.434767,-83.442133,5,2024,33,32
2024-05-07,"Castle Hayne","New Hanover",34.364167,-77.838611,5,2024,32,34
2024-05-07,"Clemmons Middle","Forsyth",36.026612,-80.341962,5,2024,38,36
2024-05-07,"Durham Armory","Durham",36.0329550008979,-78.904037,5,2024,46,39
2024-05-07,"Frying Pan Mountain","Haywood",35.379167,-82.7925,5,2024,NA,37
2024-05-07,"Garinger High School","Mecklenburg",35.2401000008895,-80.785683,5,2024,29,32
2024-05-07,"Hattie Avenue","Forsyth",36.11094,-80.224501,5,2024,47,33
2024-05-07,"Leggett","Edgecombe",35.988278,-77.5843,5,2024,47,41
2024-05-07,"Linville Falls","Avery",35.972347,-81.933072,5,2024,NA,34
2024-05-07,"Mendenhall School","Guilford",36.1090060008986,-79.802314,5,2024,37,38
2024-05-07,"Millbrook School","Wake",35.856111,-78.574167,5,2024,48,41
2024-05-07,"Pitt Agri. Center","Pitt",35.6412760008938,-77.360126,5,2024,33,40
2024-05-07,"West Johnston Co.","Johnston",35.59095,-78.4622,5,2024,39,39
2024-05-08,"Bryson City","Swain",35.434767,-83.442133,5,2024,36,39
2024-05-08,"Castle Hayne","New Hanover",34.364167,-77.838611,5,2024,48,36
2024-05-08,"Clemmons Middle","Forsyth",36.026612,-80.341962,5,2024,54,33
2024-05-08,"Durham Armory","Durham",36.0329550008979,-78.904037,5,2024,59,37
2024-05-08,"Frying Pan Mountain","Haywood",35.379167,-82.7925,5,2024,NA,47
2024-05-08,"Garinger High School","Mecklenburg",35.2401000008895,-80.785683,5,2024,42,35
2024-05-08,"Hattie Avenue","Forsyth",36.11094,-80.224501,5,2024,55,29
2024-05-08,"Leggett","Edgecombe",35.988278,-77.5843,5,2024,54,39
2024-05-08,"Linville Falls","Avery",35.972347,-81.933072,5,2024,NA,30
2024-05-08,"Mendenhall School","Guilford",36.1090060008986,-79.802314,5,2024,53,37
2024-05-08,"Millbrook School","Wake",35.856111,-78.574167,5,2024,56,38
2024-05-08,"Pitt Agri. Center","Pitt",35.6412760008938,-77.360126,5,2024,54,39
2024-05-08,"West Johnston Co.","Johnston",35.59095,-78.4622,5,2024,53,33
2024-05-09,"Bryson City","Swain",35.434767,-83.442133,5,2024,15,43
2024-05-09,"Castle Hayne","New Hanover",34.364167,-77.838611,5,2024,29.5,39
2024-05-09,"Clemmons Middle","Forsyth",36.026612,-80.341962,5,2024,24,45
2024-05-09,"Durham Armory","Durham",36.0329550008979,-78.904037,5,2024,39,42
2024-05-09,"Frying Pan Mountain","Haywood",35.379167,-82.7925,5,2024,13,64
2024-05-09,"Garinger High School","Mecklenburg",35.2401000008895,-80.785683,5,2024,15.5,38
2024-05-09,"Hattie Avenue","Forsyth",36.11094,-80.224501,5,2024,26.5,43
2024-05-09,"Leggett","Edgecombe",35.988278,-77.5843,5,2024,37,44
2024-05-09,"Linville Falls","Avery",35.972347,-81.933072,5,2024,NA,44
2024-05-09,"Mendenhall School","Guilford",36.1090060008986,-79.802314,5,2024,24,45
2024-05-09,"Millbrook School","Wake",35.856111,-78.574167,5,2024,31,44
2024-05-09,"Pitt Agri. Center","Pitt",35.6412760008938,-77.360126,5,2024,31,44
2024-05-09,"West Johnston Co.","Johnston",35.59095,-78.4622,5,2024,29,42
2024-05-10,"Bryson City","Swain",35.434767,-83.442133,5,2024,17,44
2024-05-10,"Castle Hayne","New Hanover",34.364167,-77.838611,5,2024,31,37
2024-05-10,"Clemmons Middle","Forsyth",36.026612,-80.341962,5,2024,22,NA
2024-05-10,"Durham Armory","Durham",36.0329550008979,-78.904037,5,2024,41,44
2024-05-10,"Frying Pan Mountain","Haywood",35.379167,-82.7925,5,2024,NA,44
2024-05-10,"Garinger High School","Mecklenburg",35.2401000008895,-80.785683,5,2024,19,43
2024-05-10,"Hattie Avenue","Forsyth",36.11094,-80.224501,5,2024,23,42
2024-05-10,"Leggett","Edgecombe",35.988278,-77.5843,5,2024,28,40
2024-05-10,"Linville Falls","Avery",35.972347,-81.933072,5,2024,NA,45
2024-05-10,"Mendenhall School","Guilford",36.1090060008986,-79.802314,5,2024,27,43
2024-05-10,"Millbrook School","Wake",35.856111,-78.574167,5,2024,24,47
2024-05-10,"Pitt Agri. Center","Pitt",35.6412760008938,-77.360126,5,2024,29,43
2024-05-10,"West Johnston Co.","Johnston",35.59095,-78.4622,5,2024,38,39
2024-05-11,"Bryson City","Swain",35.434767,-83.442133,5,2024,30,41
2024-05-11,"Castle Hayne","New Hanover",34.364167,-77.838611,5,2024,26,33
2024-05-11,"Clemmons Middle","Forsyth",36.026612,-80.341962,5,2024,22,40
2024-05-11,"Durham Armory","Durham",36.0329550008979,-78.904037,5,2024,38,43
2024-05-11,"Frying Pan Mountain","Haywood",35.379167,-82.7925,5,2024,NA,44
2024-05-11,"Garinger High School","Mecklenburg",35.2401000008895,-80.785683,5,2024,20,44
2024-05-11,"Hattie Avenue","Forsyth",36.11094,-80.224501,5,2024,21,40
2024-05-11,"Leggett","Edgecombe",35.988278,-77.5843,5,2024,22,31
2024-05-11,"Linville Falls","Avery",35.972347,-81.933072,5,2024,NA,43
2024-05-11,"Mendenhall School","Guilford",36.1090060008986,-79.802314,5,2024,24,42
2024-05-11,"Millbrook School","Wake",35.856111,-78.574167,5,2024,17,42
2024-05-11,"Pitt Agri. Center","Pitt",35.6412760008938,-77.360126,5,2024,9,32
2024-05-11,"West Johnston Co.","Johnston",35.59095,-78.4622,5,2024,17,41
2024-05-12,"Bryson City","Swain",35.434767,-83.442133,5,2024,38,45
2024-05-12,"Castle Hayne","New Hanover",34.364167,-77.838611,5,2024,31,45
2024-05-12,"Clemmons Middle","Forsyth",36.026612,-80.341962,5,2024,30.5,44
2024-05-12,"Durham Armory","Durham",36.0329550008979,-78.904037,5,2024,43,43
2024-05-12,"Frying Pan Mountain","Haywood",35.379167,-82.7925,5,2024,22,48
2024-05-12,"Garinger High School","Mecklenburg",35.2401000008895,-80.785683,5,2024,38.5,46
2024-05-12,"Hattie Avenue","Forsyth",36.11094,-80.224501,5,2024,37.5,44
2024-05-12,"Leggett","Edgecombe",35.988278,-77.5843,5,2024,29,43
2024-05-12,"Linville Falls","Avery",35.972347,-81.933072,5,2024,NA,47
2024-05-12,"Mendenhall School","Guilford",36.1090060008986,-79.802314,5,2024,27,44
2024-05-12,"Millbrook School","Wake",35.856111,-78.574167,5,2024,27.5,45
2024-05-12,"Pitt Agri. Center","Pitt",35.6412760008938,-77.360126,5,2024,21,44
2024-05-12,"West Johnston Co.","Johnston",35.59095,-78.4622,5,2024,28,48
2024-05-13,"Bryson City","Swain",35.434767,-83.442133,5,2024,48,29
2024-05-13,"Castle Hayne","New Hanover",34.364167,-77.838611,5,2024,27,44
2024-05-13,"Clemmons Middle","Forsyth",36.026612,-80.341962,5,2024,41,42
2024-05-13,"Durham Armory","Durham",36.0329550008979,-78.904037,5,2024,50,44
2024-05-13,"Frying Pan Mountain","Haywood",35.379167,-82.7925,5,2024,NA,41
2024-05-13,"Garinger High School","Mecklenburg",35.2401000008895,-80.785683,5,2024,46,43
2024-05-13,"Hattie Avenue","Forsyth",36.11094,-80.224501,5,2024,36,43
2024-05-13,"Leggett","Edgecombe",35.988278,-77.5843,5,2024,23,41
2024-05-13,"Linville Falls","Avery",35.972347,-81.933072,5,2024,NA,44
2024-05-13,"Mendenhall School","Guilford",36.1090060008986,-79.802314,5,2024,43,43
2024-05-13,"Millbrook School","Wake",35.856111,-78.574167,5,2024,33,44
2024-05-13,"Pitt Agri. Center","Pitt",35.6412760008938,-77.360126,5,2024,17,42
2024-05-13,"West Johnston Co.","Johnston",35.59095,-78.4622,5,2024,33,44
2024-05-14,"Bryson City","Swain",35.434767,-83.442133,5,2024,26,26
2024-05-14,"Castle Hayne","New Hanover",34.364167,-77.838611,5,2024,33.5,43
2024-05-14,"Clemmons Middle","Forsyth",36.026612,-80.341962,5,2024,26,28
2024-05-14,"Durham Armory","Durham",36.0329550008979,-78.904037,5,2024,35,32
2024-05-14,"Frying Pan Mountain","Haywood",35.379167,-82.7925,5,2024,NA,44
2024-05-14,"Garinger High School","Mecklenburg",35.2401000008895,-80.785683,5,2024,18,20
2024-05-14,"Hattie Avenue","Forsyth",36.11094,-80.224501,5,2024,25,30
2024-05-14,"Leggett","Edgecombe",35.988278,-77.5843,5,2024,33,34
2024-05-14,"Linville Falls","Avery",35.972347,-81.933072,5,2024,NA,30
2024-05-14,"Mendenhall School","Guilford",36.1090060008986,-79.802314,5,2024,27,29
2024-05-14,"Millbrook School","Wake",35.856111,-78.574167,5,2024,25,34
2024-05-14,"Pitt Agri. Center","Pitt",35.6412760008938,-77.360126,5,2024,23,34
2024-05-14,"West Johnston Co.","Johnston",35.59095,-78.4622,5,2024,28,36
2024-05-15,"Bryson City","Swain",35.434767,-83.442133,5,2024,13,38
2024-05-15,"Castle Hayne","New Hanover",34.364167,-77.838611,5,2024,39.5,40
2024-05-15,"Clemmons Middle","Forsyth",36.026612,-80.341962,5,2024,28,31
2024-05-15,"Durham Armory","Durham",36.0329550008979,-78.904037,5,2024,28,32
2024-05-15,"Frying Pan Mountain","Haywood",35.379167,-82.7925,5,2024,9,46
2024-05-15,"Garinger High School","Mecklenburg",35.2401000008895,-80.785683,5,2024,17.5,32
2024-05-15,"Hattie Avenue","Forsyth",36.11094,-80.224501,5,2024,27.5,32
2024-05-15,"Leggett","Edgecombe",35.988278,-77.5843,5,2024,13,31
2024-05-15,"Linville Falls","Avery",35.972347,-81.933072,5,2024,13,39
2024-05-15,"Mendenhall School","Guilford",36.1090060008986,-79.802314,5,2024,13,30
2024-05-15,"Millbrook School","Wake",35.856111,-78.574167,5,2024,20.5,34
2024-05-15,"Pitt Agri. Center","Pitt",35.6412760008938,-77.360126,5,2024,17,32
2024-05-15,"West Johnston Co.","Johnston",35.59095,-78.4622,5,2024,21,32
2024-05-16,"Bryson City","Swain",35.434767,-83.442133,5,2024,29,43
2024-05-16,"Castle Hayne","New Hanover",34.364167,-77.838611,5,2024,27,36
2024-05-16,"Clemmons Middle","Forsyth",36.026612,-80.341962,5,2024,26,42
2024-05-16,"Durham Armory","Durham",36.0329550008979,-78.904037,5,2024,24,36
2024-05-16,"Frying Pan Mountain","Haywood",35.379167,-82.7925,5,2024,NA,48
2024-05-16,"Garinger High School","Mecklenburg",35.2401000008895,-80.785683,5,2024,21,44
2024-05-16,"Hattie Avenue","Forsyth",36.11094,-80.224501,5,2024,26,44
2024-05-16,"Leggett","Edgecombe",35.988278,-77.5843,5,2024,22,36
2024-05-16,"Linville Falls","Avery",35.972347,-81.933072,5,2024,NA,41
2024-05-16,"Mendenhall School","Guilford",36.1090060008986,-79.802314,5,2024,17,42
2024-05-16,"Millbrook School","Wake",35.856111,-78.574167,5,2024,26,40
2024-05-16,"Pitt Agri. Center","Pitt",35.6412760008938,-77.360126,5,2024,12,38
2024-05-16,"West Johnston Co.","Johnston",35.59095,-78.4622,5,2024,21,44
2024-05-17,"Bryson City","Swain",35.434767,-83.442133,5,2024,34,19
2024-05-17,"Castle Hayne","New Hanover",34.364167,-77.838611,5,2024,35.5,37
2024-05-17,"Clemmons Middle","Forsyth",36.026612,-80.341962,5,2024,34,35
2024-05-17,"Durham Armory","Durham",36.0329550008979,-78.904037,5,2024,48,40
2024-05-17,"Frying Pan Mountain","Haywood",35.379167,-82.7925,5,2024,NA,41
2024-05-17,"Garinger High School","Mecklenburg",35.2401000008895,-80.785683,5,2024,33,38
2024-05-17,"Hattie Avenue","Forsyth",36.11094,-80.224501,5,2024,38,35
2024-05-17,"Leggett","Edgecombe",35.988278,-77.5843,5,2024,NA,34
2024-05-17,"Linville Falls","Avery",35.972347,-81.933072,5,2024,NA,35
2024-05-17,"Mendenhall School","Guilford",36.1090060008986,-79.802314,5,2024,35,33
2024-05-17,"Millbrook School","Wake",35.856111,-78.574167,5,2024,44,39
2024-05-17,"Pitt Agri. Center","Pitt",35.6412760008938,-77.360126,5,2024,22,34
2024-05-17,"West Johnston Co.","Johnston",35.59095,-78.4622,5,2024,41,41
2024-05-18,"Bryson City","Swain",35.434767,-83.442133,5,2024,24,36
2024-05-18,"Castle Hayne","New Hanover",34.364167,-77.838611,5,2024,40.5,33
2024-05-18,"Clemmons Middle","Forsyth",36.026612,-80.341962,5,2024,36,34
2024-05-18,"Durham Armory","Durham",36.0329550008979,-78.904037,5,2024,38,26
2024-05-18,"Frying Pan Mountain","Haywood",35.379167,-82.7925,5,2024,18,44
2024-05-18,"Garinger High School","Mecklenburg",35.2401000008895,-80.785683,5,2024,23.5,32
2024-05-18,"Hattie Avenue","Forsyth",36.11094,-80.224501,5,2024,37,36
2024-05-18,"Leggett","Edgecombe",35.988278,-77.5843,5,2024,28,27
2024-05-18,"Linville Falls","Avery",35.972347,-81.933072,5,2024,18,31
2024-05-18,"Mendenhall School","Guilford",36.1090060008986,-79.802314,5,2024,31,31
2024-05-18,"Millbrook School","Wake",35.856111,-78.574167,5,2024,30,31
2024-05-18,"Pitt Agri. Center","Pitt",35.6412760008938,-77.360126,5,2024,24,29
2024-05-18,"West Johnston Co.","Johnston",35.59095,-78.4622,5,2024,23,32
2024-05-19,"Bryson City","Swain",35.434767,-83.442133,5,2024,16,36
2024-05-19,"Castle Hayne","New Hanover",34.364167,-77.838611,5,2024,15.5,25
2024-05-19,"Clemmons Middle","Forsyth",36.026612,-80.341962,5,2024,19,40
2024-05-19,"Durham Armory","Durham",36.0329550008979,-78.904037,5,2024,36,31
2024-05-19,"Frying Pan Mountain","Haywood",35.379167,-82.7925,5,2024,NA,43
2024-05-19,"Garinger High School","Mecklenburg",35.2401000008895,-80.785683,5,2024,12,38
2024-05-19,"Hattie Avenue","Forsyth",36.11094,-80.224501,5,2024,20,39
2024-05-19,"Leggett","Edgecombe",35.988278,-77.5843,5,2024,37,30
2024-05-19,"Linville Falls","Avery",35.972347,-81.933072,5,2024,NA,31
2024-05-19,"Mendenhall School","Guilford",36.1090060008986,-79.802314,5,2024,15,33
2024-05-19,"Millbrook School","Wake",35.856111,-78.574167,5,2024,27,34
2024-05-19,"Pitt Agri. Center","Pitt",35.6412760008938,-77.360126,5,2024,14,31
2024-05-19,"West Johnston Co.","Johnston",35.59095,-78.4622,5,2024,19,34
2024-05-20,"Bryson City","Swain",35.434767,-83.442133,5,2024,24,38
2024-05-20,"Castle Hayne","New Hanover",34.364167,-77.838611,5,2024,16.5,29
2024-05-20,"Clemmons Middle","Forsyth",36.026612,-80.341962,5,2024,32,44
2024-05-20,"Durham Armory","Durham",36.0329550008979,-78.904037,5,2024,41,38
2024-05-20,"Frying Pan Mountain","Haywood",35.379167,-82.7925,5,2024,NA,43
2024-05-20,"Garinger High School","Mecklenburg",35.2401000008895,-80.785683,5,2024,25,47
2024-05-20,"Hattie Avenue","Forsyth",36.11094,-80.224501,5,2024,37,43
2024-05-20,"Leggett","Edgecombe",35.988278,-77.5843,5,2024,21,35
2024-05-20,"Linville Falls","Avery",35.972347,-81.933072,5,2024,NA,34
2024-05-20,"Mendenhall School","Guilford",36.1090060008986,-79.802314,5,2024,26,39
2024-05-20,"Millbrook School","Wake",35.856111,-78.574167,5,2024,35,38
2024-05-20,"Pitt Agri. Center","Pitt",35.6412760008938,-77.360126,5,2024,16,35
2024-05-20,"West Johnston Co.","Johnston",35.59095,-78.4622,5,2024,29,37
2024-05-21,"Bryson City","Swain",35.434767,-83.442133,5,2024,32,37
2024-05-21,"Castle Hayne","New Hanover",34.364167,-77.838611,5,2024,11,31
2024-05-21,"Clemmons Middle","Forsyth",36.026612,-80.341962,5,2024,45,49
2024-05-21,"Durham Armory","Durham",36.0329550008979,-78.904037,5,2024,49,44
2024-05-21,"Frying Pan Mountain","Haywood",35.379167,-82.7925,5,2024,29,46
2024-05-21,"Garinger High School","Mecklenburg",35.2401000008895,-80.785683,5,2024,41,61
2024-05-21,"Hattie Avenue","Forsyth",36.11094,-80.224501,5,2024,46,64
2024-05-21,"Leggett","Edgecombe",35.988278,-77.5843,5,2024,20,33
2024-05-21,"Linville Falls","Avery",35.972347,-81.933072,5,2024,34,41
2024-05-21,"Mendenhall School","Guilford",36.1090060008986,-79.802314,5,2024,37,58
2024-05-21,"Millbrook School","Wake",35.856111,-78.574167,5,2024,33,42
2024-05-21,"Pitt Agri. Center","Pitt",35.6412760008938,-77.360126,5,2024,8,30
2024-05-21,"West Johnston Co.","Johnston",35.59095,-78.4622,5,2024,28,43
2024-05-22,"Bryson City","Swain",35.434767,-83.442133,5,2024,46,44
2024-05-22,"Castle Hayne","New Hanover",34.364167,-77.838611,5,2024,7.5,31
2024-05-22,"Clemmons Middle","Forsyth",36.026612,-80.341962,5,2024,52,51
2024-05-22,"Durham Armory","Durham",36.0329550008979,-78.904037,5,2024,62,50
2024-05-22,"Frying Pan Mountain","Haywood",35.379167,-82.7925,5,2024,NA,61
2024-05-22,"Garinger High School","Mecklenburg",35.2401000008895,-80.785683,5,2024,43,51
2024-05-22,"Hattie Avenue","Forsyth",36.11094,-80.224501,5,2024,53,61
2024-05-22,"Leggett","Edgecombe",35.988278,-77.5843,5,2024,34,44
2024-05-22,"Linville Falls","Avery",35.972347,-81.933072,5,2024,NA,44
2024-05-22,"Mendenhall School","Guilford",36.1090060008986,-79.802314,5,2024,51,49
2024-05-22,"Millbrook School","Wake",35.856111,-78.574167,5,2024,41,50
2024-05-22,"Pitt Agri. Center","Pitt",35.6412760008938,-77.360126,5,2024,18,43
2024-05-22,"West Johnston Co.","Johnston",35.59095,-78.4622,5,2024,42,48
2024-05-23,"Bryson City","Swain",35.434767,-83.442133,5,2024,45,35
2024-05-23,"Castle Hayne","New Hanover",34.364167,-77.838611,5,2024,19.5,42
2024-05-23,"Clemmons Middle","Forsyth",36.026612,-80.341962,5,2024,52,43
2024-05-23,"Durham Armory","Durham",36.0329550008979,-78.904037,5,2024,60,49
2024-05-23,"Frying Pan Mountain","Haywood",35.379167,-82.7925,5,2024,NA,44
2024-05-23,"Garinger High School","Mecklenburg",35.2401000008895,-80.785683,5,2024,51,46
2024-05-23,"Hattie Avenue","Forsyth",36.11094,-80.224501,5,2024,54,43
2024-05-23,"Leggett","Edgecombe",35.988278,-77.5843,5,2024,45,47
2024-05-23,"Linville Falls","Avery",35.972347,-81.933072,5,2024,NA,36
2024-05-23,"Mendenhall School","Guilford",36.1090060008986,-79.802314,5,2024,52,46
2024-05-23,"Millbrook School","Wake",35.856111,-78.574167,5,2024,48,54
2024-05-23,"Pitt Agri. Center","Pitt",35.6412760008938,-77.360126,5,2024,34,47
2024-05-23,"West Johnston Co.","Johnston",35.59095,-78.4622,5,2024,53,45
2024-05-24,"Bryson City","Swain",35.434767,-83.442133,5,2024,34,36
2024-05-24,"Castle Hayne","New Hanover",34.364167,-77.838611,5,2024,32.5,36
2024-05-24,"Clemmons Middle","Forsyth",36.026612,-80.341962,5,2024,28,43
2024-05-24,"Durham Armory","Durham",36.0329550008979,-78.904037,5,2024,47,41
2024-05-24,"Frying Pan Mountain","Haywood",35.379167,-82.7925,5,2024,NA,48
2024-05-24,"Garinger High School","Mecklenburg",35.2401000008895,-80.785683,5,2024,36,47
2024-05-24,"Hattie Avenue","Forsyth",36.11094,-80.224501,5,2024,31.5,42
2024-05-24,"Leggett","Edgecombe",35.988278,-77.5843,5,2024,45,40
2024-05-24,"Linville Falls","Avery",35.972347,-81.933072,5,2024,24,47
2024-05-24,"Mendenhall School","Guilford",36.1090060008986,-79.802314,5,2024,39,41
2024-05-24,"Millbrook School","Wake",35.856111,-78.574167,5,2024,51,41
2024-05-24,"Pitt Agri. Center","Pitt",35.6412760008938,-77.360126,5,2024,47,40
2024-05-24,"West Johnston Co.","Johnston",35.59095,-78.4622,5,2024,34,42
2024-05-25,"Bryson City","Swain",35.434767,-83.442133,5,2024,32,38
2024-05-25,"Castle Hayne","New Hanover",34.364167,-77.838611,5,2024,39.5,44
2024-05-25,"Clemmons Middle","Forsyth",36.026612,-80.341962,5,2024,28,43
2024-05-25,"Durham Armory","Durham",36.0329550008979,-78.904037,5,2024,46,44
2024-05-25,"Frying Pan Mountain","Haywood",35.379167,-82.7925,5,2024,NA,58
2024-05-25,"Garinger High School","Mecklenburg",35.2401000008895,-80.785683,5,2024,32,46
2024-05-25,"Hattie Avenue","Forsyth",36.11094,-80.224501,5,2024,34,44
2024-05-25,"Leggett","Edgecombe",35.988278,-77.5843,5,2024,42,39
2024-05-25,"Linville Falls","Avery",35.972347,-81.933072,5,2024,NA,37
2024-05-25,"Mendenhall School","Guilford",36.1090060008986,-79.802314,5,2024,44,47
2024-05-25,"Millbrook School","Wake",35.856111,-78.574167,5,2024,47,50
2024-05-25,"Pitt Agri. Center","Pitt",35.6412760008938,-77.360126,5,2024,32,38
2024-05-25,"West Johnston Co.","Johnston",35.59095,-78.4622,5,2024,38,45
2024-05-26,"Bryson City","Swain",35.434767,-83.442133,5,2024,48,31
2024-05-26,"Castle Hayne","New Hanover",34.364167,-77.838611,5,2024,42,44
2024-05-26,"Clemmons Middle","Forsyth",36.026612,-80.341962,5,2024,42,44
2024-05-26,"Durham Armory","Durham",36.0329550008979,-78.904037,5,2024,52,45
2024-05-26,"Frying Pan Mountain","Haywood",35.379167,-82.7925,5,2024,NA,39
2024-05-26,"Garinger High School","Mecklenburg",35.2401000008895,-80.785683,5,2024,42,46
2024-05-26,"Hattie Avenue","Forsyth",36.11094,-80.224501,5,2024,49,48
2024-05-26,"Leggett","Edgecombe",35.988278,-77.5843,5,2024,52,42
2024-05-26,"Linville Falls","Avery",35.972347,-81.933072,5,2024,NA,42
2024-05-26,"Mendenhall School","Guilford",36.1090060008986,-79.802314,5,2024,46,46
2024-05-26,"Millbrook School","Wake",35.856111,-78.574167,5,2024,52,48
2024-05-26,"Pitt Agri. Center","Pitt",35.6412760008938,-77.360126,5,2024,46,44
2024-05-26,"West Johnston Co.","Johnston",35.59095,-78.4622,5,2024,52,46
2024-05-27,"Bryson City","Swain",35.434767,-83.442133,5,2024,29,44
2024-05-27,"Castle Hayne","New Hanover",34.364167,-77.838611,5,2024,53.5,31
2024-05-27,"Clemmons Middle","Forsyth",36.026612,-80.341962,5,2024,29,48
2024-05-27,"Durham Armory","Durham",36.0329550008979,-78.904037,5,2024,46,38
2024-05-27,"Frying Pan Mountain","Haywood",35.379167,-82.7925,5,2024,NA,46
2024-05-27,"Garinger High School","Mecklenburg",35.2401000008895,-80.785683,5,2024,37.5,47
2024-05-27,"Hattie Avenue","Forsyth",36.11094,-80.224501,5,2024,40,47
2024-05-27,"Leggett","Edgecombe",35.988278,-77.5843,5,2024,47,26
2024-05-27,"Linville Falls","Avery",35.972347,-81.933072,5,2024,25,40
2024-05-27,"Mendenhall School","Guilford",36.1090060008986,-79.802314,5,2024,33,49
2024-05-27,"Millbrook School","Wake",35.856111,-78.574167,5,2024,46.5,36
2024-05-27,"Pitt Agri. Center","Pitt",35.6412760008938,-77.360126,5,2024,50,29
2024-05-27,"West Johnston Co.","Johnston",35.59095,-78.4622,5,2024,42,32
2024-05-28,"Bryson City","Swain",35.434767,-83.442133,5,2024,23,46
2024-05-28,"Castle Hayne","New Hanover",34.364167,-77.838611,5,2024,55,41
2024-05-28,"Clemmons Middle","Forsyth",36.026612,-80.341962,5,2024,27,45
2024-05-28,"Durham Armory","Durham",36.0329550008979,-78.904037,5,2024,42,43
2024-05-28,"Frying Pan Mountain","Haywood",35.379167,-82.7925,5,2024,NA,46
2024-05-28,"Garinger High School","Mecklenburg",35.2401000008895,-80.785683,5,2024,19,47
2024-05-28,"Hattie Avenue","Forsyth",36.11094,-80.224501,5,2024,28,44
2024-05-28,"Leggett","Edgecombe",35.988278,-77.5843,5,2024,32,42
2024-05-28,"Linville Falls","Avery",35.972347,-81.933072,5,2024,NA,46
2024-05-28,"Mendenhall School","Guilford",36.1090060008986,-79.802314,5,2024,26,46
2024-05-28,"Millbrook School","Wake",35.856111,-78.574167,5,2024,32,46
2024-05-28,"Pitt Agri. Center","Pitt",35.6412760008938,-77.360126,5,2024,40,45
2024-05-28,"West Johnston Co.","Johnston",35.59095,-78.4622,5,2024,43,51
2024-05-29,"Bryson City","Swain",35.434767,-83.442133,5,2024,24,48
2024-05-29,"Castle Hayne","New Hanover",34.364167,-77.838611,5,2024,47.5,48
2024-05-29,"Clemmons Middle","Forsyth",36.026612,-80.341962,5,2024,23,50
2024-05-29,"Durham Armory","Durham",36.0329550008979,-78.904037,5,2024,39,51
2024-05-29,"Frying Pan Mountain","Haywood",35.379167,-82.7925,5,2024,NA,51
2024-05-29,"Garinger High School","Mecklenburg",35.2401000008895,-80.785683,5,2024,21,51
2024-05-29,"Hattie Avenue","Forsyth",36.11094,-80.224501,5,2024,23,48
2024-05-29,"Leggett","Edgecombe",35.988278,-77.5843,5,2024,39,49
2024-05-29,"Linville Falls","Avery",35.972347,-81.933072,5,2024,NA,48
2024-05-29,"Mendenhall School","Guilford",36.1090060008986,-79.802314,5,2024,23,50
2024-05-29,"Millbrook School","Wake",35.856111,-78.574167,5,2024,24,61
2024-05-29,"Pitt Agri. Center","Pitt",35.6412760008938,-77.360126,5,2024,33,50
2024-05-29,"West Johnston Co.","Johnston",35.59095,-78.4622,5,2024,36,61
2024-05-30,"Bryson City","Swain",35.434767,-83.442133,5,2024,21,39
2024-05-30,"Castle Hayne","New Hanover",34.364167,-77.838611,5,2024,38,47
2024-05-30,"Clemmons Middle","Forsyth",36.026612,-80.341962,5,2024,30.5,42
2024-05-30,"Durham Armory","Durham",36.0329550008979,-78.904037,5,2024,33,41
2024-05-30,"Frying Pan Mountain","Haywood",35.379167,-82.7925,5,2024,NA,44
2024-05-30,"Garinger High School","Mecklenburg",35.2401000008895,-80.785683,5,2024,26.5,46
2024-05-30,"Hattie Avenue","Forsyth",36.11094,-80.224501,5,2024,24.5,42
2024-05-30,"Leggett","Edgecombe",35.988278,-77.5843,5,2024,24,38
2024-05-30,"Linville Falls","Avery",35.972347,-81.933072,5,2024,13,41
2024-05-30,"Mendenhall School","Guilford",36.1090060008986,-79.802314,5,2024,17,40
2024-05-30,"Millbrook School","Wake",35.856111,-78.574167,5,2024,22,42
2024-05-30,"Pitt Agri. Center","Pitt",35.6412760008938,-77.360126,5,2024,21,39
2024-05-30,"West Johnston Co.","Johnston",35.59095,-78.4622,5,2024,21,45
2024-05-31,"Bryson City","Swain",35.434767,-83.442133,5,2024,29,37
2024-05-31,"Castle Hayne","New Hanover",34.364167,-77.838611,5,2024,42.5,46
2024-05-31,"Clemmons Middle","Forsyth",36.026612,-80.341962,5,2024,27,51
2024-05-31,"Durham Armory","Durham",36.0329550008979,-78.904037,5,2024,44,44
2024-05-31,"Frying Pan Mountain","Haywood",35.379167,-82.7925,5,2024,NA,48
2024-05-31,"Garinger High School","Mecklenburg",35.2401000008895,-80.785683,5,2024,41,74
2024-05-31,"Hattie Avenue","Forsyth",36.11094,-80.224501,5,2024,27,58
2024-05-31,"Leggett","Edgecombe",35.988278,-77.5843,5,2024,28,46
2024-05-31,"Linville Falls","Avery",35.972347,-81.933072,5,2024,NA,40
2024-05-31,"Mendenhall School","Guilford",36.1090060008986,-79.802314,5,2024,29,46
2024-05-31,"Millbrook School","Wake",35.856111,-78.574167,5,2024,25,45
2024-05-31,"Pitt Agri. Center","Pitt",35.6412760008938,-77.360126,5,2024,27,46
2024-05-31,"West Johnston Co.","Johnston",35.59095,-78.4622,5,2024,25,47
2024-06-01,"Bryson City","Swain",35.434767,-83.442133,6,2024,44,44
2024-06-01,"Castle Hayne","New Hanover",34.364167,-77.838611,6,2024,59.5,51
2024-06-01,"Clemmons Middle","Forsyth",36.026612,-80.341962,6,2024,41,51
2024-06-01,"Durham Armory","Durham",36.0329550008979,-78.904037,6,2024,52,61
2024-06-01,"Frying Pan Mountain","Haywood",35.379167,-82.7925,6,2024,NA,54
2024-06-01,"Garinger High School","Mecklenburg",35.2401000008895,-80.785683,6,2024,55,58
2024-06-01,"Hattie Avenue","Forsyth",36.11094,-80.224501,6,2024,43,54
2024-06-01,"Leggett","Edgecombe",35.988278,-77.5843,6,2024,38,51
2024-06-01,"Linville Falls","Avery",35.972347,-81.933072,6,2024,NA,58
2024-06-01,"Mendenhall School","Guilford",36.1090060008986,-79.802314,6,2024,46,50
2024-06-01,"Millbrook School","Wake",35.856111,-78.574167,6,2024,42,51
2024-06-01,"Pitt Agri. Center","Pitt",35.6412760008938,-77.360126,6,2024,35,64
2024-06-01,"West Johnston Co.","Johnston",35.59095,-78.4622,6,2024,46,51
2024-06-02,"Bryson City","Swain",35.434767,-83.442133,6,2024,33,24
2024-06-02,"Castle Hayne","New Hanover",34.364167,-77.838611,6,2024,21,50
2024-06-02,"Clemmons Middle","Forsyth",36.026612,-80.341962,6,2024,38,41
2024-06-02,"Durham Armory","Durham",36.0329550008979,-78.904037,6,2024,53,40
2024-06-02,"Frying Pan Mountain","Haywood",35.379167,-82.7925,6,2024,14,41
2024-06-02,"Garinger High School","Mecklenburg",35.2401000008895,-80.785683,6,2024,37.5,42
2024-06-02,"Hattie Avenue","Forsyth",36.11094,-80.224501,6,2024,41.5,43
2024-06-02,"Leggett","Edgecombe",35.988278,-77.5843,6,2024,53,44
2024-06-02,"Linville Falls","Avery",35.972347,-81.933072,6,2024,28,36
2024-06-02,"Mendenhall School","Guilford",36.1090060008986,-79.802314,6,2024,47,44
2024-06-02,"Millbrook School","Wake",35.856111,-78.574167,6,2024,39,44
2024-06-02,"Pitt Agri. Center","Pitt",35.6412760008938,-77.360126,6,2024,26,47
2024-06-02,"West Johnston Co.","Johnston",35.59095,-78.4622,6,2024,52,45
2024-06-03,"Bryson City","Swain",35.434767,-83.442133,6,2024,34,33
2024-06-03,"Castle Hayne","New Hanover",34.364167,-77.838611,6,2024,22.5,43
2024-06-03,"Clemmons Middle","Forsyth",36.026612,-80.341962,6,2024,45,35
2024-06-03,"Durham Armory","Durham",36.0329550008979,-78.904037,6,2024,46,37
2024-06-03,"Frying Pan Mountain","Haywood",35.379167,-82.7925,6,2024,NA,42
2024-06-03,"Garinger High School","Mecklenburg",35.2401000008895,-80.785683,6,2024,39,42
2024-06-03,"Hattie Avenue","Forsyth",36.11094,-80.224501,6,2024,52,39
2024-06-03,"Leggett","Edgecombe",35.988278,-77.5843,6,2024,33,36
2024-06-03,"Linville Falls","Avery",35.972347,-81.933072,6,2024,NA,35
2024-06-03,"Mendenhall School","Guilford",36.1090060008986,-79.802314,6,2024,43,40
2024-06-03,"Millbrook School","Wake",35.856111,-78.574167,6,2024,46,35
2024-06-03,"Pitt Agri. Center","Pitt",35.6412760008938,-77.360126,6,2024,29,37
2024-06-03,"West Johnston Co.","Johnston",35.59095,-78.4622,6,2024,44,39
2024-06-04,"Bryson City","Swain",35.434767,-83.442133,6,2024,31,32
2024-06-04,"Castle Hayne","New Hanover",34.364167,-77.838611,6,2024,22.5,41
2024-06-04,"Clemmons Middle","Forsyth",36.026612,-80.341962,6,2024,51,43
2024-06-04,"Durham Armory","Durham",36.0329550008979,-78.904037,6,2024,51,40
2024-06-04,"Frying Pan Mountain","Haywood",35.379167,-82.7925,6,2024,NA,35
2024-06-04,"Garinger High School","Mecklenburg",35.2401000008895,-80.785683,6,2024,42,44
2024-06-04,"Hattie Avenue","Forsyth",36.11094,-80.224501,6,2024,53,46
2024-06-04,"Leggett","Edgecombe",35.988278,-77.5843,6,2024,52,42
2024-06-04,"Linville Falls","Avery",35.972347,-81.933072,6,2024,NA,37
2024-06-04,"Mendenhall School","Guilford",36.1090060008986,-79.802314,6,2024,44,42
2024-06-04,"Millbrook School","Wake",35.856111,-78.574167,6,2024,53,43
2024-06-04,"Pitt Agri. Center","Pitt",35.6412760008938,-77.360126,6,2024,45,43
2024-06-04,"West Johnston Co.","Johnston",35.59095,-78.4622,6,2024,54,44
2024-06-05,"Bryson City","Swain",35.434767,-83.442133,6,2024,28,28
2024-06-05,"Castle Hayne","New Hanover",34.364167,-77.838611,6,2024,17,36
2024-06-05,"Clemmons Middle","Forsyth",36.026612,-80.341962,6,2024,48,35
2024-06-05,"Durham Armory","Durham",36.0329550008979,-78.904037,6,2024,51,36
2024-06-05,"Frying Pan Mountain","Haywood",35.379167,-82.7925,6,2024,NA,44
2024-06-05,"Garinger High School","Mecklenburg",35.2401000008895,-80.785683,6,2024,33,31
2024-06-05,"Hattie Avenue","Forsyth",36.11094,-80.224501,6,2024,50.5,37
2024-06-05,"Leggett","Edgecombe",35.988278,-77.5843,6,2024,41,34
2024-06-05,"Linville Falls","Avery",35.972347,-81.933072,6,2024,24,29
2024-06-05,"Mendenhall School","Guilford",36.1090060008986,-79.802314,6,2024,46,37
2024-06-05,"Millbrook School","Wake",35.856111,-78.574167,6,2024,45.5,38
2024-06-05,"Pitt Agri. Center","Pitt",35.6412760008938,-77.360126,6,2024,35,34
2024-06-05,"West Johnston Co.","Johnston",35.59095,-78.4622,6,2024,44,38
2024-06-06,"Bryson City","Swain",35.434767,-83.442133,6,2024,34,38
2024-06-06,"Castle Hayne","New Hanover",34.364167,-77.838611,6,2024,31,34
2024-06-06,"Clemmons Middle","Forsyth",36.026612,-80.341962,6,2024,39,40
2024-06-06,"Durham Armory","Durham",36.0329550008979,-78.904037,6,2024,43,40
2024-06-06,"Frying Pan Mountain","Haywood",35.379167,-82.7925,6,2024,NA,47
2024-06-06,"Garinger High School","Mecklenburg",35.2401000008895,-80.785683,6,2024,37,36
2024-06-06,"Hattie Avenue","Forsyth",36.11094,-80.224501,6,2024,41,40
2024-06-06,"Leggett","Edgecombe",35.988278,-77.5843,6,2024,34,41
2024-06-06,"Linville Falls","Avery",35.972347,-81.933072,6,2024,NA,42
2024-06-06,"Mendenhall School","Guilford",36.1090060008986,-79.802314,6,2024,42,41
2024-06-06,"Millbrook School","Wake",35.856111,-78.574167,6,2024,44,40
2024-06-06,"Pitt Agri. Center","Pitt",35.6412760008938,-77.360126,6,2024,41,41
2024-06-06,"West Johnston Co.","Johnston",35.59095,-78.4622,6,2024,46,39
2024-06-07,"Bryson City","Swain",35.434767,-83.442133,6,2024,34,49
2024-06-07,"Castle Hayne","New Hanover",34.364167,-77.838611,6,2024,47.5,42
2024-06-07,"Clemmons Middle","Forsyth",36.026612,-80.341962,6,2024,26,51
2024-06-07,"Durham Armory","Durham",36.0329550008979,-78.904037,6,2024,48,54
2024-06-07,"Frying Pan Mountain","Haywood",35.379167,-82.7925,6,2024,NA,49
2024-06-07,"Garinger High School","Mecklenburg",35.2401000008895,-80.785683,6,2024,33,51
2024-06-07,"Hattie Avenue","Forsyth",36.11094,-80.224501,6,2024,29,48
2024-06-07,"Leggett","Edgecombe",35.988278,-77.5843,6,2024,33,54
2024-06-07,"Linville Falls","Avery",35.972347,-81.933072,6,2024,NA,48
2024-06-07,"Mendenhall School","Guilford",36.1090060008986,-79.802314,6,2024,31,51
2024-06-07,"Millbrook School","Wake",35.856111,-78.574167,6,2024,28,74
2024-06-07,"Pitt Agri. Center","Pitt",35.6412760008938,-77.360126,6,2024,34,64
2024-06-07,"West Johnston Co.","Johnston",35.59095,-78.4622,6,2024,37,64
2024-06-08,"Bryson City","Swain",35.434767,-83.442133,6,2024,35,45
2024-06-08,"Castle Hayne","New Hanover",34.364167,-77.838611,6,2024,37.5,51
2024-06-08,"Clemmons Middle","Forsyth",36.026612,-80.341962,6,2024,30,61
2024-06-08,"Durham Armory","Durham",36.0329550008979,-78.904037,6,2024,51,74
2024-06-08,"Frying Pan Mountain","Haywood",35.379167,-82.7925,6,2024,24,49
2024-06-08,"Garinger High School","Mecklenburg",35.2401000008895,-80.785683,6,2024,35,97
2024-06-08,"Hattie Avenue","Forsyth",36.11094,-80.224501,6,2024,33.5,67
2024-06-08,"Leggett","Edgecombe",35.988278,-77.5843,6,2024,44,64
2024-06-08,"Linville Falls","Avery",35.972347,-81.933072,6,2024,25,51
2024-06-08,"Mendenhall School","Guilford",36.1090060008986,-79.802314,6,2024,39,71
2024-06-08,"Millbrook School","Wake",35.856111,-78.574167,6,2024,32,77
2024-06-08,"Pitt Agri. Center","Pitt",35.6412760008938,-77.360126,6,2024,29,74
2024-06-08,"West Johnston Co.","Johnston",35.59095,-78.4622,6,2024,41,84
2024-06-09,"Bryson City","Swain",35.434767,-83.442133,6,2024,28,38
2024-06-09,"Castle Hayne","New Hanover",34.364167,-77.838611,6,2024,49,61
2024-06-09,"Clemmons Middle","Forsyth",36.026612,-80.341962,6,2024,37,42
2024-06-09,"Durham Armory","Durham",36.0329550008979,-78.904037,6,2024,53,47
2024-06-09,"Frying Pan Mountain","Haywood",35.379167,-82.7925,6,2024,NA,42
2024-06-09,"Garinger High School","Mecklenburg",35.2401000008895,-80.785683,6,2024,40,46
2024-06-09,"Hattie Avenue","Forsyth",36.11094,-80.224501,6,2024,39,43
2024-06-09,"Leggett","Edgecombe",35.988278,-77.5843,6,2024,53,49
2024-06-09,"Linville Falls","Avery",35.972347,-81.933072,6,2024,NA,41
2024-06-09,"Mendenhall School","Guilford",36.1090060008986,-79.802314,6,2024,48,45
2024-06-09,"Millbrook School","Wake",35.856111,-78.574167,6,2024,40,49
2024-06-09,"Pitt Agri. Center","Pitt",35.6412760008938,-77.360126,6,2024,52,51
2024-06-09,"West Johnston Co.","Johnston",35.59095,-78.4622,6,2024,49,49
2024-06-10,"Bryson City","Swain",35.434767,-83.442133,6,2024,26,46
2024-06-10,"Castle Hayne","New Hanover",34.364167,-77.838611,6,2024,44,31
2024-06-10,"Clemmons Middle","Forsyth",36.026612,-80.341962,6,2024,22,49
2024-06-10,"Durham Armory","Durham",36.0329550008979,-78.904037,6,2024,38,51
2024-06-10,"Frying Pan Mountain","Haywood",35.379167,-82.7925,6,2024,NA,46
2024-06-10,"Garinger High School","Mecklenburg",35.2401000008895,-80.785683,6,2024,32,54
2024-06-10,"Hattie Avenue","Forsyth",36.11094,-80.224501,6,2024,22,47
2024-06-10,"Leggett","Edgecombe",35.988278,-77.5843,6,2024,32,50
2024-06-10,"Linville Falls","Avery",35.972347,-81.933072,6,2024,NA,45
2024-06-10,"Mendenhall School","Guilford",36.1090060008986,-79.802314,6,2024,23,49
2024-06-10,"Millbrook School","Wake",35.856111,-78.574167,6,2024,26,64
2024-06-10,"Pitt Agri. Center","Pitt",35.6412760008938,-77.360126,6,2024,34,50
2024-06-10,"West Johnston Co.","Johnston",35.59095,-78.4622,6,2024,43,67
2024-06-11,"Bryson City","Swain",35.434767,-83.442133,6,2024,28,38
2024-06-11,"Castle Hayne","New Hanover",34.364167,-77.838611,6,2024,43.5,67
2024-06-11,"Clemmons Middle","Forsyth",36.026612,-80.341962,6,2024,39.5,45
2024-06-11,"Durham Armory","Durham",36.0329550008979,-78.904037,6,2024,51,43
2024-06-11,"Frying Pan Mountain","Haywood",35.379167,-82.7925,6,2024,24,43
2024-06-11,"Garinger High School","Mecklenburg",35.2401000008895,-80.785683,6,2024,48.5,51
2024-06-11,"Hattie Avenue","Forsyth",36.11094,-80.224501,6,2024,43,44
2024-06-11,"Leggett","Edgecombe",35.988278,-77.5843,6,2024,44,45
2024-06-11,"Linville Falls","Avery",35.972347,-81.933072,6,2024,24,43
2024-06-11,"Mendenhall School","Guilford",36.1090060008986,-79.802314,6,2024,35,40
2024-06-11,"Millbrook School","Wake",35.856111,-78.574167,6,2024,40,44
2024-06-11,"Pitt Agri. Center","Pitt",35.6412760008938,-77.360126,6,2024,48,48
2024-06-11,"West Johnston Co.","Johnston",35.59095,-78.4622,6,2024,47,48
2024-06-12,"Bryson City","Swain",35.434767,-83.442133,6,2024,52,44
2024-06-12,"Castle Hayne","New Hanover",34.364167,-77.838611,6,2024,27,48
2024-06-12,"Clemmons Middle","Forsyth",36.026612,-80.341962,6,2024,57,64
2024-06-12,"Durham Armory","Durham",36.0329550008979,-78.904037,6,2024,55,64
2024-06-12,"Frying Pan Mountain","Haywood",35.379167,-82.7925,6,2024,NA,40
2024-06-12,"Garinger High School","Mecklenburg",35.2401000008895,-80.785683,6,2024,56,71
2024-06-12,"Hattie Avenue","Forsyth",36.11094,-80.224501,6,2024,56,71
2024-06-12,"Leggett","Edgecombe",35.988278,-77.5843,6,2024,44,46
2024-06-12,"Linville Falls","Avery",35.972347,-81.933072,6,2024,NA,47
2024-06-12,"Mendenhall School","Guilford",36.1090060008986,-79.802314,6,2024,53,50
2024-06-12,"Millbrook School","Wake",35.856111,-78.574167,6,2024,51,54
2024-06-12,"Pitt Agri. Center","Pitt",35.6412760008938,-77.360126,6,2024,39,47
2024-06-12,"West Johnston Co.","Johnston",35.59095,-78.4622,6,2024,52,61
2024-06-13,"Bryson City","Swain",35.434767,-83.442133,6,2024,57,49
2024-06-13,"Castle Hayne","New Hanover",34.364167,-77.838611,6,2024,30,47
2024-06-13,"Clemmons Middle","Forsyth",36.026612,-80.341962,6,2024,59,54
2024-06-13,"Durham Armory","Durham",36.0329550008979,-78.904037,6,2024,58,51
2024-06-13,"Frying Pan Mountain","Haywood",35.379167,-82.7925,6,2024,NA,47
2024-06-13,"Garinger High School","Mecklenburg",35.2401000008895,-80.785683,6,2024,50,58
2024-06-13,"Hattie Avenue","Forsyth",36.11094,-80.224501,6,2024,58,64
2024-06-13,"Leggett","Edgecombe",35.988278,-77.5843,6,2024,44,45
2024-06-13,"Linville Falls","Avery",35.972347,-81.933072,6,2024,NA,48
2024-06-13,"Mendenhall School","Guilford",36.1090060008986,-79.802314,6,2024,55,61
2024-06-13,"Millbrook School","Wake",35.856111,-78.574167,6,2024,53,58
2024-06-13,"Pitt Agri. Center","Pitt",35.6412760008938,-77.360126,6,2024,41,45
2024-06-13,"West Johnston Co.","Johnston",35.59095,-78.4622,6,2024,54,61
2024-06-14,"Bryson City","Swain",35.434767,-83.442133,6,2024,59,45
2024-06-14,"Castle Hayne","New Hanover",34.364167,-77.838611,6,2024,36,49
2024-06-14,"Clemmons Middle","Forsyth",36.026612,-80.341962,6,2024,65,58
2024-06-14,"Durham Armory","Durham",36.0329550008979,-78.904037,6,2024,59,64
2024-06-14,"Frying Pan Mountain","Haywood",35.379167,-82.7925,6,2024,45,47
2024-06-14,"Garinger High School","Mecklenburg",35.2401000008895,-80.785683,6,2024,55.5,93
2024-06-14,"Hattie Avenue","Forsyth",36.11094,-80.224501,6,2024,61.5,54
2024-06-14,"Leggett","Edgecombe",35.988278,-77.5843,6,2024,55,54
2024-06-14,"Linville Falls","Avery",35.972347,-81.933072,6,2024,50,47
2024-06-14,"Mendenhall School","Guilford",36.1090060008986,-79.802314,6,2024,58,64
2024-06-14,"Millbrook School","Wake",35.856111,-78.574167,6,2024,57.5,80
2024-06-14,"Pitt Agri. Center","Pitt",35.6412760008938,-77.360126,6,2024,52,51
2024-06-14,"West Johnston Co.","Johnston",35.59095,-78.4622,6,2024,56,71
2024-06-15,"Bryson City","Swain",35.434767,-83.442133,6,2024,56,44
2024-06-15,"Castle Hayne","New Hanover",34.364167,-77.838611,6,2024,54,50
2024-06-15,"Clemmons Middle","Forsyth",36.026612,-80.341962,6,2024,57,87
2024-06-15,"Durham Armory","Durham",36.0329550008979,-78.904037,6,2024,53,49
2024-06-15,"Frying Pan Mountain","Haywood",35.379167,-82.7925,6,2024,NA,44
2024-06-15,"Garinger High School","Mecklenburg",35.2401000008895,-80.785683,6,2024,57,64
2024-06-15,"Hattie Avenue","Forsyth",36.11094,-80.224501,6,2024,57,77
2024-06-15,"Leggett","Edgecombe",35.988278,-77.5843,6,2024,50,67
2024-06-15,"Linville Falls","Avery",35.972347,-81.933072,6,2024,NA,45
2024-06-15,"Mendenhall School","Guilford",36.1090060008986,-79.802314,6,2024,50,58
2024-06-15,"Millbrook School","Wake",35.856111,-78.574167,6,2024,53,71
2024-06-15,"Pitt Agri. Center","Pitt",35.6412760008938,-77.360126,6,2024,50,64
2024-06-15,"West Johnston Co.","Johnston",35.59095,-78.4622,6,2024,54,71
2024-06-16,"Bryson City","Swain",35.434767,-83.442133,6,2024,53,40
2024-06-16,"Castle Hayne","New Hanover",34.364167,-77.838611,6,2024,25,64
2024-06-16,"Clemmons Middle","Forsyth",36.026612,-80.341962,6,2024,52,44
2024-06-16,"Durham Armory","Durham",36.0329550008979,-78.904037,6,2024,54,54
2024-06-16,"Frying Pan Mountain","Haywood",35.379167,-82.7925,6,2024,NA,34
2024-06-16,"Garinger High School","Mecklenburg",35.2401000008895,-80.785683,6,2024,59,44
2024-06-16,"Hattie Avenue","Forsyth",36.11094,-80.224501,6,2024,52,45
2024-06-16,"Leggett","Edgecombe",35.988278,-77.5843,6,2024,37,49
2024-06-16,"Linville Falls","Avery",35.972347,-81.933072,6,2024,NA,37
2024-06-16,"Mendenhall School","Guilford",36.1090060008986,-79.802314,6,2024,51,43
2024-06-16,"Millbrook School","Wake",35.856111,-78.574167,6,2024,44,54
2024-06-16,"Pitt Agri. Center","Pitt",35.6412760008938,-77.360126,6,2024,34,48
2024-06-16,"West Johnston Co.","Johnston",35.59095,-78.4622,6,2024,48,64
2024-06-17,"Bryson City","Swain",35.434767,-83.442133,6,2024,55,32
2024-06-17,"Castle Hayne","New Hanover",34.364167,-77.838611,6,2024,26,44
2024-06-17,"Clemmons Middle","Forsyth",36.026612,-80.341962,6,2024,56,44
2024-06-17,"Durham Armory","Durham",36.0329550008979,-78.904037,6,2024,56,49
2024-06-17,"Frying Pan Mountain","Haywood",35.379167,-82.7925,6,2024,41,35
2024-06-17,"Garinger High School","Mecklenburg",35.2401000008895,-80.785683,6,2024,50.5,46
2024-06-17,"Hattie Avenue","Forsyth",36.11094,-80.224501,6,2024,56,46
2024-06-17,"Leggett","Edgecombe",35.988278,-77.5843,6,2024,49,45
2024-06-17,"Linville Falls","Avery",35.972347,-81.933072,6,2024,56,33
2024-06-17,"Mendenhall School","Guilford",36.1090060008986,-79.802314,6,2024,51,45
2024-06-17,"Millbrook School","Wake",35.856111,-78.574167,6,2024,55.5,54
2024-06-17,"Pitt Agri. Center","Pitt",35.6412760008938,-77.360126,6,2024,48,42
2024-06-17,"West Johnston Co.","Johnston",35.59095,-78.4622,6,2024,53,48
2024-06-18,"Bryson City","Swain",35.434767,-83.442133,6,2024,55,40
2024-06-18,"Castle Hayne","New Hanover",34.364167,-77.838611,6,2024,21,40
2024-06-18,"Clemmons Middle","Forsyth",36.026612,-80.341962,6,2024,56,46
2024-06-18,"Durham Armory","Durham",36.0329550008979,-78.904037,6,2024,50,48
2024-06-18,"Frying Pan Mountain","Haywood",35.379167,-82.7925,6,2024,NA,43
2024-06-18,"Garinger High School","Mecklenburg",35.2401000008895,-80.785683,6,2024,49,44
2024-06-18,"Hattie Avenue","Forsyth",36.11094,-80.224501,6,2024,56,50
2024-06-18,"Leggett","Edgecombe",35.988278,-77.5843,6,2024,39,44
2024-06-18,"Linville Falls","Avery",35.972347,-81.933072,6,2024,NA,42
2024-06-18,"Mendenhall School","Guilford",36.1090060008986,-79.802314,6,2024,52,47
2024-06-18,"Millbrook School","Wake",35.856111,-78.574167,6,2024,44,47
2024-06-18,"Pitt Agri. Center","Pitt",35.6412760008938,-77.360126,6,2024,34,39
2024-06-18,"West Johnston Co.","Johnston",35.59095,-78.4622,6,2024,37,48
2024-06-19,"Bryson City","Swain",35.434767,-83.442133,6,2024,51,33
2024-06-19,"Castle Hayne","New Hanover",34.364167,-77.838611,6,2024,24.5,41
2024-06-19,"Clemmons Middle","Forsyth",36.026612,-80.341962,6,2024,51,47
2024-06-19,"Durham Armory","Durham",36.0329550008979,-78.904037,6,2024,52,42
2024-06-19,"Frying Pan Mountain","Haywood",35.379167,-82.7925,6,2024,NA,44
2024-06-19,"Garinger High School","Mecklenburg",35.2401000008895,-80.785683,6,2024,36,42
2024-06-19,"Hattie Avenue","Forsyth",36.11094,-80.224501,6,2024,50,71
2024-06-19,"Leggett","Edgecombe",35.988278,-77.5843,6,2024,32,39
2024-06-19,"Linville Falls","Avery",35.972347,-81.933072,6,2024,NA,38
2024-06-19,"Mendenhall School","Guilford",36.1090060008986,-79.802314,6,2024,34,51
2024-06-19,"Millbrook School","Wake",35.856111,-78.574167,6,2024,41,43
2024-06-19,"Pitt Agri. Center","Pitt",35.6412760008938,-77.360126,6,2024,28,39
2024-06-19,"West Johnston Co.","Johnston",35.59095,-78.4622,6,2024,36,43
2024-06-20,"Bryson City","Swain",35.434767,-83.442133,6,2024,43,38
2024-06-20,"Castle Hayne","New Hanover",34.364167,-77.838611,6,2024,24.5,39
2024-06-20,"Clemmons Middle","Forsyth",36.026612,-80.341962,6,2024,51,46
2024-06-20,"Durham Armory","Durham",36.0329550008979,-78.904037,6,2024,49,40
2024-06-20,"Frying Pan Mountain","Haywood",35.379167,-82.7925,6,2024,NA,46
2024-06-20,"Garinger High School","Mecklenburg",35.2401000008895,-80.785683,6,2024,47,40
2024-06-20,"Hattie Avenue","Forsyth",36.11094,-80.224501,6,2024,47.5,58
2024-06-20,"Leggett","Edgecombe",35.988278,-77.5843,6,2024,28,36
2024-06-20,"Linville Falls","Avery",35.972347,-81.933072,6,2024,31,40
2024-06-20,"Mendenhall School","Guilford",36.1090060008986,-79.802314,6,2024,48,44
2024-06-20,"Millbrook School","Wake",35.856111,-78.574167,6,2024,39,42
2024-06-20,"Pitt Agri. Center","Pitt",35.6412760008938,-77.360126,6,2024,27,33
2024-06-20,"West Johnston Co.","Johnston",35.59095,-78.4622,6,2024,33,40
2024-06-21,"Bryson City","Swain",35.434767,-83.442133,6,2024,NA,35
2024-06-21,"Castle Hayne","New Hanover",34.364167,-77.838611,6,2024,21,19
2024-06-21,"Clemmons Middle","Forsyth",36.026612,-80.341962,6,2024,52,50
2024-06-21,"Durham Armory","Durham",36.0329550008979,-78.904037,6,2024,53,48
2024-06-21,"Frying Pan Mountain","Haywood",35.379167,-82.7925,6,2024,NA,47
2024-06-21,"Garinger High School","Mecklenburg",35.2401000008895,-80.785683,6,2024,49,45
2024-06-21,"Hattie Avenue","Forsyth",36.11094,-80.224501,6,2024,54,67
2024-06-21,"Leggett","Edgecombe",35.988278,-77.5843,6,2024,38,40
2024-06-21,"Linville Falls","Avery",35.972347,-81.933072,6,2024,NA,42
2024-06-21,"Mendenhall School","Guilford",36.1090060008986,-79.802314,6,2024,53,51
2024-06-21,"Millbrook School","Wake",35.856111,-78.574167,6,2024,44,46
2024-06-21,"Pitt Agri. Center","Pitt",35.6412760008938,-77.360126,6,2024,29,34
2024-06-21,"West Johnston Co.","Johnston",35.59095,-78.4622,6,2024,45,44
2024-06-22,"Bryson City","Swain",35.434767,-83.442133,6,2024,NA,37
2024-06-22,"Castle Hayne","New Hanover",34.364167,-77.838611,6,2024,23,19
2024-06-22,"Clemmons Middle","Forsyth",36.026612,-80.341962,6,2024,41,33
2024-06-22,"Durham Armory","Durham",36.0329550008979,-78.904037,6,2024,34,24
2024-06-22,"Garinger High School","Mecklenburg",35.2401000008895,-80.785683,6,2024,29,28
2024-06-22,"Hattie Avenue","Forsyth",36.11094,-80.224501,6,2024,43,36
2024-06-22,"Leggett","Edgecombe",35.988278,-77.5843,6,2024,37,29
2024-06-22,"Linville Falls","Avery",35.972347,-81.933072,6,2024,NA,46
2024-06-22,"Mendenhall School","Guilford",36.1090060008986,-79.802314,6,2024,42,31
2024-06-22,"Millbrook School","Wake",35.856111,-78.574167,6,2024,31,27
2024-06-22,"Pitt Agri. Center","Pitt",35.6412760008938,-77.360126,6,2024,25,26
2024-06-22,"West Johnston Co.","Johnston",35.59095,-78.4622,6,2024,32,30
2024-06-23,"Bryson City","Swain",35.434767,-83.442133,6,2024,NA,43
2024-06-23,"Castle Hayne","New Hanover",34.364167,-77.838611,6,2024,20,26
2024-06-23,"Clemmons Middle","Forsyth",36.026612,-80.341962,6,2024,42.5,37
2024-06-23,"Durham Armory","Durham",36.0329550008979,-78.904037,6,2024,39,29
2024-06-23,"Frying Pan Mountain","Haywood",35.379167,-82.7925,6,2024,37,43
2024-06-23,"Garinger High School","Mecklenburg",35.2401000008895,-80.785683,6,2024,39,32
2024-06-23,"Hattie Avenue","Forsyth",36.11094,-80.224501,6,2024,44.5,39
2024-06-23,"Leggett","Edgecombe",35.988278,-77.5843,6,2024,31,31
2024-06-23,"Linville Falls","Avery",35.972347,-81.933072,6,2024,44,42
2024-06-23,"Mendenhall School","Guilford",36.1090060008986,-79.802314,6,2024,44,34
2024-06-23,"Millbrook School","Wake",35.856111,-78.574167,6,2024,31.5,30
2024-06-23,"Pitt Agri. Center","Pitt",35.6412760008938,-77.360126,6,2024,26,27
2024-06-23,"West Johnston Co.","Johnston",35.59095,-78.4622,6,2024,27,31
2024-06-24,"Bryson City","Swain",35.434767,-83.442133,6,2024,NA,51
2024-06-24,"Castle Hayne","New Hanover",34.364167,-77.838611,6,2024,46.5,38
2024-06-24,"Clemmons Middle","Forsyth",36.026612,-80.341962,6,2024,37,51
2024-06-24,"Durham Armory","Durham",36.0329550008979,-78.904037,6,2024,51,49
2024-06-24,"Garinger High School","Mecklenburg",35.2401000008895,-80.785683,6,2024,49,64
2024-06-24,"Hattie Avenue","Forsyth",36.11094,-80.224501,6,2024,38,61
2024-06-24,"Leggett","Edgecombe",35.988278,-77.5843,6,2024,50,42
2024-06-24,"Linville Falls","Avery",35.972347,-81.933072,6,2024,NA,58
2024-06-24,"Mendenhall School","Guilford",36.1090060008986,-79.802314,6,2024,38,50
2024-06-24,"Millbrook School","Wake",35.856111,-78.574167,6,2024,49,61
2024-06-24,"Pitt Agri. Center","Pitt",35.6412760008938,-77.360126,6,2024,50,42
2024-06-24,"West Johnston Co.","Johnston",35.59095,-78.4622,6,2024,53,64
2024-06-25,"Bryson City","Swain",35.434767,-83.442133,6,2024,NA,41
2024-06-25,"Castle Hayne","New Hanover",34.364167,-77.838611,6,2024,36,43
2024-06-25,"Clemmons Middle","Forsyth",36.026612,-80.341962,6,2024,42,64
2024-06-25,"Durham Armory","Durham",36.0329550008979,-78.904037,6,2024,51,77
2024-06-25,"Frying Pan Mountain","Haywood",35.379167,-82.7925,6,2024,NA,54
2024-06-25,"Garinger High School","Mecklenburg",35.2401000008895,-80.785683,6,2024,52,115
2024-06-25,"Hattie Avenue","Forsyth",36.11094,-80.224501,6,2024,43,71
2024-06-25,"Leggett","Edgecombe",35.988278,-77.5843,6,2024,44,50
2024-06-25,"Linville Falls","Avery",35.972347,-81.933072,6,2024,NA,47
2024-06-25,"Mendenhall School","Guilford",36.1090060008986,-79.802314,6,2024,39,67
2024-06-25,"Millbrook School","Wake",35.856111,-78.574167,6,2024,48,80
2024-06-25,"Pitt Agri. Center","Pitt",35.6412760008938,-77.360126,6,2024,37,48
2024-06-25,"West Johnston Co.","Johnston",35.59095,-78.4622,6,2024,47,77
2024-06-26,"Bryson City","Swain",35.434767,-83.442133,6,2024,36,48
2024-06-26,"Castle Hayne","New Hanover",34.364167,-77.838611,6,2024,16,30
2024-06-26,"Clemmons Middle","Forsyth",36.026612,-80.341962,6,2024,60,100
2024-06-26,"Durham Armory","Durham",36.0329550008979,-78.904037,6,2024,58,58
2024-06-26,"Frying Pan Mountain","Haywood",35.379167,-82.7925,6,2024,NA,90
2024-06-26,"Garinger High School","Mecklenburg",35.2401000008895,-80.785683,6,2024,59,74
2024-06-26,"Hattie Avenue","Forsyth",36.11094,-80.224501,6,2024,61,105
2024-06-26,"Leggett","Edgecombe",35.988278,-77.5843,6,2024,33,67
2024-06-26,"Linville Falls","Avery",35.972347,-81.933072,6,2024,29,61
2024-06-26,"Mendenhall School","Guilford",36.1090060008986,-79.802314,6,2024,62,84
2024-06-26,"Millbrook School","Wake",35.856111,-78.574167,6,2024,56.5,74
2024-06-26,"Pitt Agri. Center","Pitt",35.6412760008938,-77.360126,6,2024,48,46
2024-06-26,"West Johnston Co.","Johnston",35.59095,-78.4622,6,2024,54,84
2024-06-27,"Bryson City","Swain",35.434767,-83.442133,6,2024,45,34
2024-06-27,"Castle Hayne","New Hanover",34.364167,-77.838611,6,2024,36,39
2024-06-27,"Clemmons Middle","Forsyth",36.026612,-80.341962,6,2024,51,40
2024-06-27,"Durham Armory","Durham",36.0329550008979,-78.904037,6,2024,54,43
2024-06-27,"Frying Pan Mountain","Haywood",35.379167,-82.7925,6,2024,NA,38
2024-06-27,"Garinger High School","Mecklenburg",35.2401000008895,-80.785683,6,2024,53,51
2024-06-27,"Hattie Avenue","Forsyth",36.11094,-80.224501,6,2024,53,49
2024-06-27,"Leggett","Edgecombe",35.988278,-77.5843,6,2024,49,44
2024-06-27,"Linville Falls","Avery",35.972347,-81.933072,6,2024,NA,36
2024-06-27,"Mendenhall School","Guilford",36.1090060008986,-79.802314,6,2024,41,46
2024-06-27,"Millbrook School","Wake",35.856111,-78.574167,6,2024,48,45
2024-06-27,"Pitt Agri. Center","Pitt",35.6412760008938,-77.360126,6,2024,48,43
2024-06-27,"West Johnston Co.","Johnston",35.59095,-78.4622,6,2024,47,NA
2024-06-28,"Bryson City","Swain",35.434767,-83.442133,6,2024,49,35
2024-06-28,"Castle Hayne","New Hanover",34.364167,-77.838611,6,2024,37,45
2024-06-28,"Clemmons Middle","Forsyth",36.026612,-80.341962,6,2024,53,67
2024-06-28,"Durham Armory","Durham",36.0329550008979,-78.904037,6,2024,53,67
2024-06-28,"Frying Pan Mountain","Haywood",35.379167,-82.7925,6,2024,NA,39
2024-06-28,"Garinger High School","Mecklenburg",35.2401000008895,-80.785683,6,2024,56,51
2024-06-28,"Hattie Avenue","Forsyth",36.11094,-80.224501,6,2024,55,77
2024-06-28,"Leggett","Edgecombe",35.988278,-77.5843,6,2024,41,61
2024-06-28,"Linville Falls","Avery",35.972347,-81.933072,6,2024,NA,50
2024-06-28,"Mendenhall School","Guilford",36.1090060008986,-79.802314,6,2024,52,74
2024-06-28,"Millbrook School","Wake",35.856111,-78.574167,6,2024,50,67
2024-06-28,"Pitt Agri. Center","Pitt",35.6412760008938,-77.360126,6,2024,36,49
2024-06-28,"West Johnston Co.","Johnston",35.59095,-78.4622,6,2024,52,64
2024-06-29,"Bryson City","Swain",35.434767,-83.442133,6,2024,38,29
2024-06-29,"Castle Hayne","New Hanover",34.364167,-77.838611,6,2024,19,30
2024-06-29,"Clemmons Middle","Forsyth",36.026612,-80.341962,6,2024,41,36
2024-06-29,"Durham Armory","Durham",36.0329550008979,-78.904037,6,2024,51,43
2024-06-29,"Frying Pan Mountain","Haywood",35.379167,-82.7925,6,2024,14,33
2024-06-29,"Garinger High School","Mecklenburg",35.2401000008895,-80.785683,6,2024,34,35
2024-06-29,"Hattie Avenue","Forsyth",36.11094,-80.224501,6,2024,50,39
2024-06-29,"Leggett","Edgecombe",35.988278,-77.5843,6,2024,46,36
2024-06-29,"Linville Falls","Avery",35.972347,-81.933072,6,2024,33,28
2024-06-29,"Mendenhall School","Guilford",36.1090060008986,-79.802314,6,2024,49,37
2024-06-29,"Millbrook School","Wake",35.856111,-78.574167,6,2024,50,45
2024-06-29,"Pitt Agri. Center","Pitt",35.6412760008938,-77.360126,6,2024,37,33
2024-06-29,"West Johnston Co.","Johnston",35.59095,-78.4622,6,2024,47,42
2024-06-30,"Bryson City","Swain",35.434767,-83.442133,6,2024,43,32
2024-06-30,"Castle Hayne","New Hanover",34.364167,-77.838611,6,2024,17.5,24
2024-06-30,"Clemmons Middle","Forsyth",36.026612,-80.341962,6,2024,37,36
2024-06-30,"Durham Armory","Durham",36.0329550008979,-78.904037,6,2024,44,34
2024-06-30,"Garinger High School","Mecklenburg",35.2401000008895,-80.785683,6,2024,36,42
2024-06-30,"Hattie Avenue","Forsyth",36.11094,-80.224501,6,2024,46,37
2024-06-30,"Leggett","Edgecombe",35.988278,-77.5843,6,2024,39,33
2024-06-30,"Linville Falls","Avery",35.972347,-81.933072,6,2024,NA,31
2024-06-30,"Mendenhall School","Guilford",36.1090060008986,-79.802314,6,2024,47,42
2024-06-30,"Millbrook School","Wake",35.856111,-78.574167,6,2024,35,34
2024-06-30,"Pitt Agri. Center","Pitt",35.6412760008938,-77.360126,6,2024,37,31
2024-06-30,"West Johnston Co.","Johnston",35.59095,-78.4622,6,2024,33,32
2024-07-01,"Bryson City","Swain",35.434767,-83.442133,7,2024,25,42
2024-07-01,"Castle Hayne","New Hanover",34.364167,-77.838611,7,2024,26,30
2024-07-01,"Clemmons Middle","Forsyth",36.026612,-80.341962,7,2024,34,49
2024-07-01,"Durham Armory","Durham",36.0329550008979,-78.904037,7,2024,35,33
2024-07-01,"Frying Pan Mountain","Haywood",35.379167,-82.7925,7,2024,NA,44
2024-07-01,"Garinger High School","Mecklenburg",35.2401000008895,-80.785683,7,2024,41,50
2024-07-01,"Hattie Avenue","Forsyth",36.11094,-80.224501,7,2024,37,48
2024-07-01,"Leggett","Edgecombe",35.988278,-77.5843,7,2024,15,34
2024-07-01,"Linville Falls","Avery",35.972347,-81.933072,7,2024,NA,46
2024-07-01,"Mendenhall School","Guilford",36.1090060008986,-79.802314,7,2024,28,42
2024-07-01,"Millbrook School","Wake",35.856111,-78.574167,7,2024,19,37
2024-07-01,"Pitt Agri. Center","Pitt",35.6412760008938,-77.360126,7,2024,17,33
2024-07-01,"West Johnston Co.","Johnston",35.59095,-78.4622,7,2024,19,36
2024-07-02,"Bryson City","Swain",35.434767,-83.442133,7,2024,44,41
2024-07-02,"Castle Hayne","New Hanover",34.364167,-77.838611,7,2024,15,41
2024-07-02,"Clemmons Middle","Forsyth",36.026612,-80.341962,7,2024,22,71
2024-07-02,"Durham Armory","Durham",36.0329550008979,-78.904037,7,2024,44,54
2024-07-02,"Frying Pan Mountain","Haywood",35.379167,-82.7925,7,2024,NA,44
2024-07-02,"Garinger High School","Mecklenburg",35.2401000008895,-80.785683,7,2024,28.5,49
2024-07-02,"Hattie Avenue","Forsyth",36.11094,-80.224501,7,2024,24,84
2024-07-02,"Leggett","Edgecombe",35.988278,-77.5843,7,2024,30,42
2024-07-02,"Linville Falls","Avery",35.972347,-81.933072,7,2024,21,47
2024-07-02,"Mendenhall School","Guilford",36.1090060008986,-79.802314,7,2024,26,58
2024-07-02,"Millbrook School","Wake",35.856111,-78.574167,7,2024,27.5,54
2024-07-02,"Pitt Agri. Center","Pitt",35.6412760008938,-77.360126,7,2024,28,44
2024-07-02,"West Johnston Co.","Johnston",35.59095,-78.4622,7,2024,41,54
2024-07-03,"Bryson City","Swain",35.434767,-83.442133,7,2024,38,39
2024-07-03,"Castle Hayne","New Hanover",34.364167,-77.838611,7,2024,12.5,38
2024-07-03,"Clemmons Middle","Forsyth",36.026612,-80.341962,7,2024,44,64
2024-07-03,"Durham Armory","Durham",36.0329550008979,-78.904037,7,2024,54,67
2024-07-03,"Frying Pan Mountain","Haywood",35.379167,-82.7925,7,2024,NA,38
2024-07-03,"Garinger High School","Mecklenburg",35.2401000008895,-80.785683,7,2024,49,74
2024-07-03,"Hattie Avenue","Forsyth",36.11094,-80.224501,7,2024,49,67
2024-07-03,"Leggett","Edgecombe",35.988278,-77.5843,7,2024,39,50
2024-07-03,"Linville Falls","Avery",35.972347,-81.933072,7,2024,NA,47
2024-07-03,"Mendenhall School","Guilford",36.1090060008986,-79.802314,7,2024,51,51
2024-07-03,"Millbrook School","Wake",35.856111,-78.574167,7,2024,42,71
2024-07-03,"Pitt Agri. Center","Pitt",35.6412760008938,-77.360126,7,2024,23,47
2024-07-03,"West Johnston Co.","Johnston",35.59095,-78.4622,7,2024,52,77
2024-07-04,"Bryson City","Swain",35.434767,-83.442133,7,2024,53,36
2024-07-04,"Castle Hayne","New Hanover",34.364167,-77.838611,7,2024,17,37
2024-07-04,"Clemmons Middle","Forsyth",36.026612,-80.341962,7,2024,58,45
2024-07-04,"Durham Armory","Durham",36.0329550008979,-78.904037,7,2024,56,42
2024-07-04,"Frying Pan Mountain","Haywood",35.379167,-82.7925,7,2024,NA,31
2024-07-04,"Garinger High School","Mecklenburg",35.2401000008895,-80.785683,7,2024,61,39
2024-07-04,"Hattie Avenue","Forsyth",36.11094,-80.224501,7,2024,68,46
2024-07-04,"Leggett","Edgecombe",35.988278,-77.5843,7,2024,42,48
2024-07-04,"Linville Falls","Avery",35.972347,-81.933072,7,2024,NA,38
2024-07-04,"Mendenhall School","Guilford",36.1090060008986,-79.802314,7,2024,61,46
2024-07-04,"Millbrook School","Wake",35.856111,-78.574167,7,2024,56,45
2024-07-04,"Pitt Agri. Center","Pitt",35.6412760008938,-77.360126,7,2024,36,45
2024-07-04,"West Johnston Co.","Johnston",35.59095,-78.4622,7,2024,53,45
2024-07-05,"Bryson City","Swain",35.434767,-83.442133,7,2024,37,23
2024-07-05,"Castle Hayne","New Hanover",34.364167,-77.838611,7,2024,21,35
2024-07-05,"Clemmons Middle","Forsyth",36.026612,-80.341962,7,2024,50,38
2024-07-05,"Durham Armory","Durham",36.0329550008979,-78.904037,7,2024,60,32
2024-07-05,"Frying Pan Mountain","Haywood",35.379167,-82.7925,7,2024,23,42
2024-07-05,"Garinger High School","Mecklenburg",35.2401000008895,-80.785683,7,2024,52.5,37
2024-07-05,"Hattie Avenue","Forsyth",36.11094,-80.224501,7,2024,57,41
2024-07-05,"Leggett","Edgecombe",35.988278,-77.5843,7,2024,53,43
2024-07-05,"Linville Falls","Avery",35.972347,-81.933072,7,2024,33,27
2024-07-05,"Mendenhall School","Guilford",36.1090060008986,-79.802314,7,2024,65,41
2024-07-05,"Millbrook School","Wake",35.856111,-78.574167,7,2024,55.5,41
2024-07-05,"Pitt Agri. Center","Pitt",35.6412760008938,-77.360126,7,2024,47,41
2024-07-05,"West Johnston Co.","Johnston",35.59095,-78.4622,7,2024,53,42
2024-07-06,"Bryson City","Swain",35.434767,-83.442133,7,2024,26,32
2024-07-06,"Castle Hayne","New Hanover",34.364167,-77.838611,7,2024,30,34
2024-07-06,"Clemmons Middle","Forsyth",36.026612,-80.341962,7,2024,29,44
2024-07-06,"Durham Armory","Durham",36.0329550008979,-78.904037,7,2024,44,39
2024-07-06,"Frying Pan Mountain","Haywood",35.379167,-82.7925,7,2024,NA,44
2024-07-06,"Garinger High School","Mecklenburg",35.2401000008895,-80.785683,7,2024,28,45
2024-07-06,"Hattie Avenue","Forsyth",36.11094,-80.224501,7,2024,35,46
2024-07-06,"Leggett","Edgecombe",35.988278,-77.5843,7,2024,51,45
2024-07-06,"Linville Falls","Avery",35.972347,-81.933072,7,2024,NA,31
2024-07-06,"Mendenhall School","Guilford",36.1090060008986,-79.802314,7,2024,35,51
2024-07-06,"Millbrook School","Wake",35.856111,-78.574167,7,2024,47,48
2024-07-06,"Pitt Agri. Center","Pitt",35.6412760008938,-77.360126,7,2024,50,40
2024-07-06,"West Johnston Co.","Johnston",35.59095,-78.4622,7,2024,58,40
2024-07-07,"Bryson City","Swain",35.434767,-83.442133,7,2024,28,26
2024-07-07,"Castle Hayne","New Hanover",34.364167,-77.838611,7,2024,23.5,31
2024-07-07,"Clemmons Middle","Forsyth",36.026612,-80.341962,7,2024,32,29
2024-07-07,"Durham Armory","Durham",36.0329550008979,-78.904037,7,2024,42,28
2024-07-07,"Frying Pan Mountain","Haywood",35.379167,-82.7925,7,2024,NA,34
2024-07-07,"Garinger High School","Mecklenburg",35.2401000008895,-80.785683,7,2024,27,35
2024-07-07,"Hattie Avenue","Forsyth",36.11094,-80.224501,7,2024,39,31
2024-07-07,"Leggett","Edgecombe",35.988278,-77.5843,7,2024,44,35
2024-07-07,"Linville Falls","Avery",35.972347,-81.933072,7,2024,NA,30
2024-07-07,"Mendenhall School","Guilford",36.1090060008986,-79.802314,7,2024,38,29
2024-07-07,"Millbrook School","Wake",35.856111,-78.574167,7,2024,51,28
2024-07-07,"Pitt Agri. Center","Pitt",35.6412760008938,-77.360126,7,2024,47,38
2024-07-07,"West Johnston Co.","Johnston",35.59095,-78.4622,7,2024,46,31
2024-07-08,"Bryson City","Swain",35.434767,-83.442133,7,2024,26,31
2024-07-08,"Castle Hayne","New Hanover",34.364167,-77.838611,7,2024,15,27
2024-07-08,"Clemmons Middle","Forsyth",36.026612,-80.341962,7,2024,34,44
2024-07-08,"Durham Armory","Durham",36.0329550008979,-78.904037,7,2024,40,35
2024-07-08,"Frying Pan Mountain","Haywood",35.379167,-82.7925,7,2024,21,36
2024-07-08,"Garinger High School","Mecklenburg",35.2401000008895,-80.785683,7,2024,29,74
2024-07-08,"Hattie Avenue","Forsyth",36.11094,-80.224501,7,2024,46,58
2024-07-08,"Leggett","Edgecombe",35.988278,-77.5843,7,2024,NA,39
2024-07-08,"Linville Falls","Avery",35.972347,-81.933072,7,2024,25,26
2024-07-08,"Mendenhall School","Guilford",36.1090060008986,-79.802314,7,2024,43,47
2024-07-08,"Millbrook School","Wake",35.856111,-78.574167,7,2024,44.5,44
2024-07-08,"Pitt Agri. Center","Pitt",35.6412760008938,-77.360126,7,2024,32,33
2024-07-08,"West Johnston Co.","Johnston",35.59095,-78.4622,7,2024,41,39
2024-07-09,"Bryson City","Swain",35.434767,-83.442133,7,2024,27,25
2024-07-09,"Castle Hayne","New Hanover",34.364167,-77.838611,7,2024,12.5,24
2024-07-09,"Clemmons Middle","Forsyth",36.026612,-80.341962,7,2024,36,50
2024-07-09,"Durham Armory","Durham",36.0329550008979,-78.904037,7,2024,41,NA
2024-07-09,"Frying Pan Mountain","Haywood",35.379167,-82.7925,7,2024,NA,26
2024-07-09,"Garinger High School","Mecklenburg",35.2401000008895,-80.785683,7,2024,38,45
2024-07-09,"Hattie Avenue","Forsyth",36.11094,-80.224501,7,2024,43,64
2024-07-09,"Leggett","Edgecombe",35.988278,-77.5843,7,2024,NA,33
2024-07-09,"Linville Falls","Avery",35.972347,-81.933072,7,2024,NA,31
2024-07-09,"Mendenhall School","Guilford",36.1090060008986,-79.802314,7,2024,53,43
2024-07-09,"Millbrook School","Wake",35.856111,-78.574167,7,2024,42,42
2024-07-09,"Pitt Agri. Center","Pitt",35.6412760008938,-77.360126,7,2024,25,30
2024-07-09,"West Johnston Co.","Johnston",35.59095,-78.4622,7,2024,44,39
2024-07-10,"Bryson City","Swain",35.434767,-83.442133,7,2024,19,36
2024-07-10,"Castle Hayne","New Hanover",34.364167,-77.838611,7,2024,12.5,29
2024-07-10,"Clemmons Middle","Forsyth",36.026612,-80.341962,7,2024,30,46
2024-07-10,"Durham Armory","Durham",36.0329550008979,-78.904037,7,2024,51,38
2024-07-10,"Frying Pan Mountain","Haywood",35.379167,-82.7925,7,2024,NA,50
2024-07-10,"Garinger High School","Mecklenburg",35.2401000008895,-80.785683,7,2024,28,41
2024-07-10,"Hattie Avenue","Forsyth",36.11094,-80.224501,7,2024,35,48
2024-07-10,"Leggett","Edgecombe",35.988278,-77.5843,7,2024,21,32
2024-07-10,"Linville Falls","Avery",35.972347,-81.933072,7,2024,NA,44
2024-07-10,"Mendenhall School","Guilford",36.1090060008986,-79.802314,7,2024,37,40
2024-07-10,"Millbrook School","Wake",35.856111,-78.574167,7,2024,46,36
2024-07-10,"Pitt Agri. Center","Pitt",35.6412760008938,-77.360126,7,2024,19,27
2024-07-10,"West Johnston Co.","Johnston",35.59095,-78.4622,7,2024,46,37
2024-07-11,"Bryson City","Swain",35.434767,-83.442133,7,2024,26,41
2024-07-11,"Castle Hayne","New Hanover",34.364167,-77.838611,7,2024,14.5,26
2024-07-11,"Clemmons Middle","Forsyth",36.026612,-80.341962,7,2024,22.5,51
2024-07-11,"Durham Armory","Durham",36.0329550008979,-78.904037,7,2024,37,45
2024-07-11,"Frying Pan Mountain","Haywood",35.379167,-82.7925,7,2024,18,58
2024-07-11,"Garinger High School","Mecklenburg",35.2401000008895,-80.785683,7,2024,24.5,74
2024-07-11,"Hattie Avenue","Forsyth",36.11094,-80.224501,7,2024,26.5,61
2024-07-11,"Leggett","Edgecombe",35.988278,-77.5843,7,2024,24,26
2024-07-11,"Linville Falls","Avery",35.972347,-81.933072,7,2024,20,42
2024-07-11,"Mendenhall School","Guilford",36.1090060008986,-79.802314,7,2024,22,49
2024-07-11,"Millbrook School","Wake",35.856111,-78.574167,7,2024,32,44
2024-07-11,"Pitt Agri. Center","Pitt",35.6412760008938,-77.360126,7,2024,18,20
2024-07-11,"West Johnston Co.","Johnston",35.59095,-78.4622,7,2024,39,42
2024-07-12,"Bryson City","Swain",35.434767,-83.442133,7,2024,40,42
2024-07-12,"Castle Hayne","New Hanover",34.364167,-77.838611,7,2024,32.5,29
2024-07-12,"Clemmons Middle","Forsyth",36.026612,-80.341962,7,2024,28,30
2024-07-12,"Durham Armory","Durham",36.0329550008979,-78.904037,7,2024,21,24
2024-07-12,"Frying Pan Mountain","Haywood",35.379167,-82.7925,7,2024,NA,45
2024-07-12,"Garinger High School","Mecklenburg",35.2401000008895,-80.785683,7,2024,37,32
2024-07-12,"Hattie Avenue","Forsyth",36.11094,-80.224501,7,2024,30,32
2024-07-12,"Leggett","Edgecombe",35.988278,-77.5843,7,2024,11,24
2024-07-12,"Linville Falls","Avery",35.972347,-81.933072,7,2024,NA,43
2024-07-12,"Mendenhall School","Guilford",36.1090060008986,-79.802314,7,2024,26,30
2024-07-12,"Millbrook School","Wake",35.856111,-78.574167,7,2024,19,22
2024-07-12,"Pitt Agri. Center","Pitt",35.6412760008938,-77.360126,7,2024,27,22
2024-07-12,"West Johnston Co.","Johnston",35.59095,-78.4622,7,2024,22,21
2024-07-13,"Bryson City","Swain",35.434767,-83.442133,7,2024,52,44
2024-07-13,"Castle Hayne","New Hanover",34.364167,-77.838611,7,2024,24.5,35
2024-07-13,"Clemmons Middle","Forsyth",36.026612,-80.341962,7,2024,25,46
2024-07-13,"Durham Armory","Durham",36.0329550008979,-78.904037,7,2024,24,32
2024-07-13,"Frying Pan Mountain","Haywood",35.379167,-82.7925,7,2024,NA,58
2024-07-13,"Garinger High School","Mecklenburg",35.2401000008895,-80.785683,7,2024,31,77
2024-07-13,"Hattie Avenue","Forsyth",36.11094,-80.224501,7,2024,29,51
2024-07-13,"Leggett","Edgecombe",35.988278,-77.5843,7,2024,29,28
2024-07-13,"Linville Falls","Avery",35.972347,-81.933072,7,2024,NA,40
2024-07-13,"Mendenhall School","Guilford",36.1090060008986,-79.802314,7,2024,27,44
2024-07-13,"Millbrook School","Wake",35.856111,-78.574167,7,2024,31,36
2024-07-13,"Pitt Agri. Center","Pitt",35.6412760008938,-77.360126,7,2024,37,31
2024-07-13,"West Johnston Co.","Johnston",35.59095,-78.4622,7,2024,35,31
2024-07-14,"Bryson City","Swain",35.434767,-83.442133,7,2024,51,40
2024-07-14,"Castle Hayne","New Hanover",34.364167,-77.838611,7,2024,47.5,44
2024-07-14,"Clemmons Middle","Forsyth",36.026612,-80.341962,7,2024,53,44
2024-07-14,"Durham Armory","Durham",36.0329550008979,-78.904037,7,2024,56,47
2024-07-14,"Frying Pan Mountain","Haywood",35.379167,-82.7925,7,2024,43,61
2024-07-14,"Garinger High School","Mecklenburg",35.2401000008895,-80.785683,7,2024,53,50
2024-07-14,"Hattie Avenue","Forsyth",36.11094,-80.224501,7,2024,55.5,50
2024-07-14,"Leggett","Edgecombe",35.988278,-77.5843,7,2024,53,41
2024-07-14,"Linville Falls","Avery",35.972347,-81.933072,7,2024,40,47
2024-07-14,"Mendenhall School","Guilford",36.1090060008986,-79.802314,7,2024,54,58
2024-07-14,"Millbrook School","Wake",35.856111,-78.574167,7,2024,55,47
2024-07-14,"Pitt Agri. Center","Pitt",35.6412760008938,-77.360126,7,2024,56,47
2024-07-14,"West Johnston Co.","Johnston",35.59095,-78.4622,7,2024,55,46
2024-07-15,"Bryson City","Swain",35.434767,-83.442133,7,2024,53,38
2024-07-15,"Castle Hayne","New Hanover",34.364167,-77.838611,7,2024,56,41
2024-07-15,"Clemmons Middle","Forsyth",36.026612,-80.341962,7,2024,55,50
2024-07-15,"Durham Armory","Durham",36.0329550008979,-78.904037,7,2024,64,77
2024-07-15,"Frying Pan Mountain","Haywood",35.379167,-82.7925,7,2024,NA,42
2024-07-15,"Garinger High School","Mecklenburg",35.2401000008895,-80.785683,7,2024,57,80
2024-07-15,"Hattie Avenue","Forsyth",36.11094,-80.224501,7,2024,58,64
2024-07-15,"Leggett","Edgecombe",35.988278,-77.5843,7,2024,58,46
2024-07-15,"Linville Falls","Avery",35.972347,-81.933072,7,2024,NA,40
2024-07-15,"Mendenhall School","Guilford",36.1090060008986,-79.802314,7,2024,59,100
2024-07-15,"Millbrook School","Wake",35.856111,-78.574167,7,2024,65,93
2024-07-15,"Pitt Agri. Center","Pitt",35.6412760008938,-77.360126,7,2024,62,49
2024-07-15,"West Johnston Co.","Johnston",35.59095,-78.4622,7,2024,61,51
2024-07-16,"Bryson City","Swain",35.434767,-83.442133,7,2024,45,29
2024-07-16,"Castle Hayne","New Hanover",34.364167,-77.838611,7,2024,50.5,40
2024-07-16,"Clemmons Middle","Forsyth",36.026612,-80.341962,7,2024,55,43
2024-07-16,"Durham Armory","Durham",36.0329550008979,-78.904037,7,2024,63,45
2024-07-16,"Garinger High School","Mecklenburg",35.2401000008895,-80.785683,7,2024,53,49
2024-07-16,"Hattie Avenue","Forsyth",36.11094,-80.224501,7,2024,59,47
2024-07-16,"Leggett","Edgecombe",35.988278,-77.5843,7,2024,60,50
2024-07-16,"Linville Falls","Avery",35.972347,-81.933072,7,2024,NA,28
2024-07-16,"Mendenhall School","Guilford",36.1090060008986,-79.802314,7,2024,58,64
2024-07-16,"Millbrook School","Wake",35.856111,-78.574167,7,2024,67,58
2024-07-16,"Pitt Agri. Center","Pitt",35.6412760008938,-77.360126,7,2024,63,44
2024-07-16,"West Johnston Co.","Johnston",35.59095,-78.4622,7,2024,62,67
2024-07-17,"Bryson City","Swain",35.434767,-83.442133,7,2024,41,30
2024-07-17,"Castle Hayne","New Hanover",34.364167,-77.838611,7,2024,31,33
2024-07-17,"Clemmons Middle","Forsyth",36.026612,-80.341962,7,2024,44,44
2024-07-17,"Durham Armory","Durham",36.0329550008979,-78.904037,7,2024,56,42
2024-07-17,"Frying Pan Mountain","Haywood",35.379167,-82.7925,7,2024,39,43
2024-07-17,"Garinger High School","Mecklenburg",35.2401000008895,-80.785683,7,2024,45,46
2024-07-17,"Hattie Avenue","Forsyth",36.11094,-80.224501,7,2024,50.5,45
2024-07-17,"Leggett","Edgecombe",35.988278,-77.5843,7,2024,55,40
2024-07-17,"Linville Falls","Avery",35.972347,-81.933072,7,2024,39,28
2024-07-17,"Mendenhall School","Guilford",36.1090060008986,-79.802314,7,2024,51,51
2024-07-17,"Millbrook School","Wake",35.856111,-78.574167,7,2024,59,NA
2024-07-17,"Pitt Agri. Center","Pitt",35.6412760008938,-77.360126,7,2024,53,35
2024-07-17,"West Johnston Co.","Johnston",35.59095,-78.4622,7,2024,55,43
2024-07-18,"Bryson City","Swain",35.434767,-83.442133,7,2024,29,40
2024-07-18,"Castle Hayne","New Hanover",34.364167,-77.838611,7,2024,28.5,29
2024-07-18,"Clemmons Middle","Forsyth",36.026612,-80.341962,7,2024,34,43
2024-07-18,"Durham Armory","Durham",36.0329550008979,-78.904037,7,2024,49,38
2024-07-18,"Frying Pan Mountain","Haywood",35.379167,-82.7925,7,2024,NA,39
2024-07-18,"Garinger High School","Mecklenburg",35.2401000008895,-80.785683,7,2024,40,47
2024-07-18,"Hattie Avenue","Forsyth",36.11094,-80.224501,7,2024,39,44
2024-07-18,"Leggett","Edgecombe",35.988278,-77.5843,7,2024,40,36
2024-07-18,"Linville Falls","Avery",35.972347,-81.933072,7,2024,NA,33
2024-07-18,"Mendenhall School","Guilford",36.1090060008986,-79.802314,7,2024,46,46
2024-07-18,"Millbrook School","Wake",35.856111,-78.574167,7,2024,47,NA
2024-07-18,"Pitt Agri. Center","Pitt",35.6412760008938,-77.360126,7,2024,41,34
2024-07-18,"West Johnston Co.","Johnston",35.59095,-78.4622,7,2024,52,39
2024-07-19,"Bryson City","Swain",35.434767,-83.442133,7,2024,26,27
2024-07-19,"Castle Hayne","New Hanover",34.364167,-77.838611,7,2024,NA,22
2024-07-19,"Clemmons Middle","Forsyth",36.026612,-80.341962,7,2024,41,46
2024-07-19,"Durham Armory","Durham",36.0329550008979,-78.904037,7,2024,53,37
2024-07-19,"Frying Pan Mountain","Haywood",35.379167,-82.7925,7,2024,NA,41
2024-07-19,"Garinger High School","Mecklenburg",35.2401000008895,-80.785683,7,2024,31,32
2024-07-19,"Hattie Avenue","Forsyth",36.11094,-80.224501,7,2024,46,46
2024-07-19,"Leggett","Edgecombe",35.988278,-77.5843,7,2024,36,33
2024-07-19,"Linville Falls","Avery",35.972347,-81.933072,7,2024,NA,37
2024-07-19,"Mendenhall School","Guilford",36.1090060008986,-79.802314,7,2024,45,42
2024-07-19,"Millbrook School","Wake",35.856111,-78.574167,7,2024,48,35
2024-07-19,"Pitt Agri. Center","Pitt",35.6412760008938,-77.360126,7,2024,33,33
2024-07-19,"West Johnston Co.","Johnston",35.59095,-78.4622,7,2024,37,36
2024-07-20,"Bryson City","Swain",35.434767,-83.442133,7,2024,17,28
2024-07-20,"Castle Hayne","New Hanover",34.364167,-77.838611,7,2024,NA,20
2024-07-20,"Clemmons Middle","Forsyth",36.026612,-80.341962,7,2024,24,32
2024-07-20,"Durham Armory","Durham",36.0329550008979,-78.904037,7,2024,33,32
2024-07-20,"Frying Pan Mountain","Haywood",35.379167,-82.7925,7,2024,11,31
2024-07-20,"Garinger High School","Mecklenburg",35.2401000008895,-80.785683,7,2024,36.5,33
2024-07-20,"Hattie Avenue","Forsyth",36.11094,-80.224501,7,2024,26,32
2024-07-20,"Leggett","Edgecombe",35.988278,-77.5843,7,2024,31,32
2024-07-20,"Linville Falls","Avery",35.972347,-81.933072,7,2024,21,31
2024-07-20,"Mendenhall School","Guilford",36.1090060008986,-79.802314,7,2024,28,33
2024-07-20,"Millbrook School","Wake",35.856111,-78.574167,7,2024,32.5,34
2024-07-20,"Pitt Agri. Center","Pitt",35.6412760008938,-77.360126,7,2024,24,32
2024-07-20,"West Johnston Co.","Johnston",35.59095,-78.4622,7,2024,34,32
2024-07-21,"Bryson City","Swain",35.434767,-83.442133,7,2024,14,27
2024-07-21,"Castle Hayne","New Hanover",34.364167,-77.838611,7,2024,NA,26
2024-07-21,"Clemmons Middle","Forsyth",36.026612,-80.341962,7,2024,19,31
2024-07-21,"Durham Armory","Durham",36.0329550008979,-78.904037,7,2024,34,42
2024-07-21,"Frying Pan Mountain","Haywood",35.379167,-82.7925,7,2024,NA,35
2024-07-21,"Garinger High School","Mecklenburg",35.2401000008895,-80.785683,7,2024,13,24
2024-07-21,"Hattie Avenue","Forsyth",36.11094,-80.224501,7,2024,27,37
2024-07-21,"Leggett","Edgecombe",35.988278,-77.5843,7,2024,31,32
2024-07-21,"Linville Falls","Avery",35.972347,-81.933072,7,2024,NA,25
2024-07-21,"Mendenhall School","Guilford",36.1090060008986,-79.802314,7,2024,31,44
2024-07-21,"Millbrook School","Wake",35.856111,-78.574167,7,2024,33,40
2024-07-21,"Pitt Agri. Center","Pitt",35.6412760008938,-77.360126,7,2024,24,32
2024-07-21,"West Johnston Co.","Johnston",35.59095,-78.4622,7,2024,29,31
2024-07-22,"Bryson City","Swain",35.434767,-83.442133,7,2024,25,30
2024-07-22,"Castle Hayne","New Hanover",34.364167,-77.838611,7,2024,NA,18
2024-07-22,"Clemmons Middle","Forsyth",36.026612,-80.341962,7,2024,22,36
2024-07-22,"Durham Armory","Durham",36.0329550008979,-78.904037,7,2024,22,29
2024-07-22,"Frying Pan Mountain","Haywood",35.379167,-82.7925,7,2024,NA,36
2024-07-22,"Garinger High School","Mecklenburg",35.2401000008895,-80.785683,7,2024,18,33
2024-07-22,"Hattie Avenue","Forsyth",36.11094,-80.224501,7,2024,27,38
2024-07-22,"Leggett","Edgecombe",35.988278,-77.5843,7,2024,18,28
2024-07-22,"Linville Falls","Avery",35.972347,-81.933072,7,2024,NA,30
2024-07-22,"Mendenhall School","Guilford",36.1090060008986,-79.802314,7,2024,26,39
2024-07-22,"Millbrook School","Wake",35.856111,-78.574167,7,2024,20,31
2024-07-22,"Pitt Agri. Center","Pitt",35.6412760008938,-77.360126,7,2024,18,25
2024-07-22,"West Johnston Co.","Johnston",35.59095,-78.4622,7,2024,13,27
2024-07-23,"Bryson City","Swain",35.434767,-83.442133,7,2024,28,27
2024-07-23,"Castle Hayne","New Hanover",34.364167,-77.838611,7,2024,NA,23
2024-07-23,"Clemmons Middle","Forsyth",36.026612,-80.341962,7,2024,30.5,38
2024-07-23,"Durham Armory","Durham",36.0329550008979,-78.904037,7,2024,34,31
2024-07-23,"Frying Pan Mountain","Haywood",35.379167,-82.7925,7,2024,18,36
2024-07-23,"Garinger High School","Mecklenburg",35.2401000008895,-80.785683,7,2024,24,31
2024-07-23,"Hattie Avenue","Forsyth",36.11094,-80.224501,7,2024,30,41
2024-07-23,"Leggett","Edgecombe",35.988278,-77.5843,7,2024,NA,27
2024-07-23,"Linville Falls","Avery",35.972347,-81.933072,7,2024,24,30
2024-07-23,"Mendenhall School","Guilford",36.1090060008986,-79.802314,7,2024,31,39
2024-07-23,"Millbrook School","Wake",35.856111,-78.574167,7,2024,30,32
2024-07-23,"Pitt Agri. Center","Pitt",35.6412760008938,-77.360126,7,2024,52,26
2024-07-23,"West Johnston Co.","Johnston",35.59095,-78.4622,7,2024,43,28
2024-07-24,"Bryson City","Swain",35.434767,-83.442133,7,2024,28,26
2024-07-24,"Castle Hayne","New Hanover",34.364167,-77.838611,7,2024,NA,26
2024-07-24,"Clemmons Middle","Forsyth",36.026612,-80.341962,7,2024,32,34
2024-07-24,"Durham Armory","Durham",36.0329550008979,-78.904037,7,2024,23,29
2024-07-24,"Frying Pan Mountain","Haywood",35.379167,-82.7925,7,2024,NA,30
2024-07-24,"Garinger High School","Mecklenburg",35.2401000008895,-80.785683,7,2024,18,37
2024-07-24,"Hattie Avenue","Forsyth",36.11094,-80.224501,7,2024,40,38
2024-07-24,"Leggett","Edgecombe",35.988278,-77.5843,7,2024,NA,31
2024-07-24,"Linville Falls","Avery",35.972347,-81.933072,7,2024,NA,30
2024-07-24,"Mendenhall School","Guilford",36.1090060008986,-79.802314,7,2024,31,40
2024-07-24,"Millbrook School","Wake",35.856111,-78.574167,7,2024,28,31
2024-07-24,"Pitt Agri. Center","Pitt",35.6412760008938,-77.360126,7,2024,28,25
2024-07-24,"West Johnston Co.","Johnston",35.59095,-78.4622,7,2024,27,30
2024-07-25,"Bryson City","Swain",35.434767,-83.442133,7,2024,6,19
2024-07-25,"Castle Hayne","New Hanover",34.364167,-77.838611,7,2024,22,18
2024-07-25,"Clemmons Middle","Forsyth",36.026612,-80.341962,7,2024,22,23
2024-07-25,"Durham Armory","Durham",36.0329550008979,-78.904037,7,2024,21,24
2024-07-25,"Frying Pan Mountain","Haywood",35.379167,-82.7925,7,2024,NA,31
2024-07-25,"Garinger High School","Mecklenburg",35.2401000008895,-80.785683,7,2024,21,29
2024-07-25,"Hattie Avenue","Forsyth",36.11094,-80.224501,7,2024,26,27
2024-07-25,"Leggett","Edgecombe",35.988278,-77.5843,7,2024,NA,23
2024-07-25,"Linville Falls","Avery",35.972347,-81.933072,7,2024,NA,23
2024-07-25,"Mendenhall School","Guilford",36.1090060008986,-79.802314,7,2024,22,27
2024-07-25,"Millbrook School","Wake",35.856111,-78.574167,7,2024,23,24
2024-07-25,"Pitt Agri. Center","Pitt",35.6412760008938,-77.360126,7,2024,27,24
2024-07-25,"West Johnston Co.","Johnston",35.59095,-78.4622,7,2024,24,27
2024-07-26,"Bryson City","Swain",35.434767,-83.442133,7,2024,42,24
2024-07-26,"Castle Hayne","New Hanover",34.364167,-77.838611,7,2024,14,23
2024-07-26,"Clemmons Middle","Forsyth",36.026612,-80.341962,7,2024,50,36
2024-07-26,"Durham Armory","Durham",36.0329550008979,-78.904037,7,2024,47,30
2024-07-26,"Frying Pan Mountain","Haywood",35.379167,-82.7925,7,2024,46,42
2024-07-26,"Garinger High School","Mecklenburg",35.2401000008895,-80.785683,7,2024,39.5,36
2024-07-26,"Hattie Avenue","Forsyth",36.11094,-80.224501,7,2024,50.5,38
2024-07-26,"Leggett","Edgecombe",35.988278,-77.5843,7,2024,NA,30
2024-07-26,"Linville Falls","Avery",35.972347,-81.933072,7,2024,56,31
2024-07-26,"Mendenhall School","Guilford",36.1090060008986,-79.802314,7,2024,51,33
2024-07-26,"Millbrook School","Wake",35.856111,-78.574167,7,2024,40.5,30
2024-07-26,"Pitt Agri. Center","Pitt",35.6412760008938,-77.360126,7,2024,20,24
2024-07-26,"West Johnston Co.","Johnston",35.59095,-78.4622,7,2024,32,26
2024-07-27,"Bryson City","Swain",35.434767,-83.442133,7,2024,55,31
2024-07-27,"Castle Hayne","New Hanover",34.364167,-77.838611,7,2024,32,41
2024-07-27,"Clemmons Middle","Forsyth",36.026612,-80.341962,7,2024,59,49
2024-07-27,"Durham Armory","Durham",36.0329550008979,-78.904037,7,2024,59,42
2024-07-27,"Frying Pan Mountain","Haywood",35.379167,-82.7925,7,2024,NA,32
2024-07-27,"Garinger High School","Mecklenburg",35.2401000008895,-80.785683,7,2024,56,42
2024-07-27,"Hattie Avenue","Forsyth",36.11094,-80.224501,7,2024,63,49
2024-07-27,"Leggett","Edgecombe",35.988278,-77.5843,7,2024,NA,38
2024-07-27,"Linville Falls","Avery",35.972347,-81.933072,7,2024,NA,35
2024-07-27,"Mendenhall School","Guilford",36.1090060008986,-79.802314,7,2024,60,47
2024-07-27,"Millbrook School","Wake",35.856111,-78.574167,7,2024,53,40
2024-07-27,"Pitt Agri. Center","Pitt",35.6412760008938,-77.360126,7,2024,25,43
2024-07-27,"West Johnston Co.","Johnston",35.59095,-78.4622,7,2024,49,42
2024-07-28,"Bryson City","Swain",35.434767,-83.442133,7,2024,52,25
2024-07-28,"Castle Hayne","New Hanover",34.364167,-77.838611,7,2024,42.5,45
2024-07-28,"Clemmons Middle","Forsyth",36.026612,-80.341962,7,2024,59,43
2024-07-28,"Durham Armory","Durham",36.0329550008979,-78.904037,7,2024,56,47
2024-07-28,"Frying Pan Mountain","Haywood",35.379167,-82.7925,7,2024,NA,28
2024-07-28,"Garinger High School","Mecklenburg",35.2401000008895,-80.785683,7,2024,57,44
2024-07-28,"Hattie Avenue","Forsyth",36.11094,-80.224501,7,2024,62,47
2024-07-28,"Leggett","Edgecombe",35.988278,-77.5843,7,2024,NA,44
2024-07-28,"Linville Falls","Avery",35.972347,-81.933072,7,2024,NA,31
2024-07-28,"Mendenhall School","Guilford",36.1090060008986,-79.802314,7,2024,61,46
2024-07-28,"Millbrook School","Wake",35.856111,-78.574167,7,2024,50,49
2024-07-28,"Pitt Agri. Center","Pitt",35.6412760008938,-77.360126,7,2024,42,46
2024-07-28,"West Johnston Co.","Johnston",35.59095,-78.4622,7,2024,52,50
2024-07-29,"Bryson City","Swain",35.434767,-83.442133,7,2024,29,26
2024-07-29,"Castle Hayne","New Hanover",34.364167,-77.838611,7,2024,53,38
2024-07-29,"Clemmons Middle","Forsyth",36.026612,-80.341962,7,2024,48.5,31
2024-07-29,"Durham Armory","Durham",36.0329550008979,-78.904037,7,2024,57,32
2024-07-29,"Frying Pan Mountain","Haywood",35.379167,-82.7925,7,2024,18,35
2024-07-29,"Garinger High School","Mecklenburg",35.2401000008895,-80.785683,7,2024,48,NA
2024-07-29,"Hattie Avenue","Forsyth",36.11094,-80.224501,7,2024,54,33
2024-07-29,"Leggett","Edgecombe",35.988278,-77.5843,7,2024,NA,38
2024-07-29,"Linville Falls","Avery",35.972347,-81.933072,7,2024,24,26
2024-07-29,"Mendenhall School","Guilford",36.1090060008986,-79.802314,7,2024,53,33
2024-07-29,"Millbrook School","Wake",35.856111,-78.574167,7,2024,54.5,29
2024-07-29,"Pitt Agri. Center","Pitt",35.6412760008938,-77.360126,7,2024,55,40
2024-07-29,"West Johnston Co.","Johnston",35.59095,-78.4622,7,2024,53,29
2024-07-30,"Bryson City","Swain",35.434767,-83.442133,7,2024,28,24
2024-07-30,"Castle Hayne","New Hanover",34.364167,-77.838611,7,2024,36.5,40
2024-07-30,"Clemmons Middle","Forsyth",36.026612,-80.341962,7,2024,34,44
2024-07-30,"Durham Armory","Durham",36.0329550008979,-78.904037,7,2024,55,30
2024-07-30,"Frying Pan Mountain","Haywood",35.379167,-82.7925,7,2024,NA,51
2024-07-30,"Garinger High School","Mecklenburg",35.2401000008895,-80.785683,7,2024,21,34
2024-07-30,"Hattie Avenue","Forsyth",36.11094,-80.224501,7,2024,43,47
2024-07-30,"Leggett","Edgecombe",35.988278,-77.5843,7,2024,52,35
2024-07-30,"Linville Falls","Avery",35.972347,-81.933072,7,2024,NA,35
2024-07-30,"Mendenhall School","Guilford",36.1090060008986,-79.802314,7,2024,39,48
2024-07-30,"Millbrook School","Wake",35.856111,-78.574167,7,2024,55,37
2024-07-30,"Pitt Agri. Center","Pitt",35.6412760008938,-77.360126,7,2024,52,38
2024-07-30,"West Johnston Co.","Johnston",35.59095,-78.4622,7,2024,49,38
2024-07-31,"Bryson City","Swain",35.434767,-83.442133,7,2024,26,28
2024-07-31,"Castle Hayne","New Hanover",34.364167,-77.838611,7,2024,29,44
2024-07-31,"Clemmons Middle","Forsyth",36.026612,-80.341962,7,2024,37,43
2024-07-31,"Durham Armory","Durham",36.0329550008979,-78.904037,7,2024,46,47
2024-07-31,"Frying Pan Mountain","Haywood",35.379167,-82.7925,7,2024,NA,44
2024-07-31,"Garinger High School","Mecklenburg",35.2401000008895,-80.785683,7,2024,22,54
2024-07-31,"Hattie Avenue","Forsyth",36.11094,-80.224501,7,2024,44,47
2024-07-31,"Leggett","Edgecombe",35.988278,-77.5843,7,2024,46,41
2024-07-31,"Linville Falls","Avery",35.972347,-81.933072,7,2024,NA,39
2024-07-31,"Mendenhall School","Guilford",36.1090060008986,-79.802314,7,2024,37,51
2024-07-31,"Millbrook School","Wake",35.856111,-78.574167,7,2024,50,50
2024-07-31,"Pitt Agri. Center","Pitt",35.6412760008938,-77.360126,7,2024,41,42
2024-07-31,"West Johnston Co.","Johnston",35.59095,-78.4622,7,2024,52,43
2024-08-01,"Bryson City","Swain",35.434767,-83.442133,8,2024,37,21
2024-08-01,"Castle Hayne","New Hanover",34.364167,-77.838611,8,2024,46.5,41
2024-08-01,"Clemmons Middle","Forsyth",36.026612,-80.341962,8,2024,38,43
2024-08-01,"Durham Armory","Durham",36.0329550008979,-78.904037,8,2024,52,42
2024-08-01,"Frying Pan Mountain","Haywood",35.379167,-82.7925,8,2024,31,27
2024-08-01,"Garinger High School","Mecklenburg",35.2401000008895,-80.785683,8,2024,40,77
2024-08-01,"Hattie Avenue","Forsyth",36.11094,-80.224501,8,2024,42,46
2024-08-01,"Leggett","Edgecombe",35.988278,-77.5843,8,2024,53,44
2024-08-01,"Linville Falls","Avery",35.972347,-81.933072,8,2024,31,26
2024-08-01,"Mendenhall School","Guilford",36.1090060008986,-79.802314,8,2024,47,45
2024-08-01,"Millbrook School","Wake",35.856111,-78.574167,8,2024,52.5,54
2024-08-01,"Pitt Agri. Center","Pitt",35.6412760008938,-77.360126,8,2024,55,44
2024-08-01,"West Johnston Co.","Johnston",35.59095,-78.4622,8,2024,56,47
2024-08-02,"Bryson City","Swain",35.434767,-83.442133,8,2024,70,27
2024-08-02,"Castle Hayne","New Hanover",34.364167,-77.838611,8,2024,41,33
2024-08-02,"Clemmons Middle","Forsyth",36.026612,-80.341962,8,2024,50,35
2024-08-02,"Durham Armory","Durham",36.0329550008979,-78.904037,8,2024,55,36
2024-08-02,"Frying Pan Mountain","Haywood",35.379167,-82.7925,8,2024,NA,43
2024-08-02,"Garinger High School","Mecklenburg",35.2401000008895,-80.785683,8,2024,60,31
2024-08-02,"Hattie Avenue","Forsyth",36.11094,-80.224501,8,2024,54,37
2024-08-02,"Leggett","Edgecombe",35.988278,-77.5843,8,2024,57,35
2024-08-02,"Linville Falls","Avery",35.972347,-81.933072,8,2024,NA,27
2024-08-02,"Mendenhall School","Guilford",36.1090060008986,-79.802314,8,2024,56,38
2024-08-02,"Millbrook School","Wake",35.856111,-78.574167,8,2024,54,39
2024-08-02,"Pitt Agri. Center","Pitt",35.6412760008938,-77.360126,8,2024,53,33
2024-08-02,"West Johnston Co.","Johnston",35.59095,-78.4622,8,2024,54,33
2024-08-03,"Bryson City","Swain",35.434767,-83.442133,8,2024,54,42
2024-08-03,"Castle Hayne","New Hanover",34.364167,-77.838611,8,2024,42,19
2024-08-03,"Clemmons Middle","Forsyth",36.026612,-80.341962,8,2024,56,36
2024-08-03,"Durham Armory","Durham",36.0329550008979,-78.904037,8,2024,57,34
2024-08-03,"Frying Pan Mountain","Haywood",35.379167,-82.7925,8,2024,NA,42
2024-08-03,"Garinger High School","Mecklenburg",35.2401000008895,-80.785683,8,2024,58,32
2024-08-03,"Hattie Avenue","Forsyth",36.11094,-80.224501,8,2024,62,38
2024-08-03,"Leggett","Edgecombe",35.988278,-77.5843,8,2024,54,29
2024-08-03,"Linville Falls","Avery",35.972347,-81.933072,8,2024,NA,34
2024-08-03,"Mendenhall School","Guilford",36.1090060008986,-79.802314,8,2024,59,34
2024-08-03,"Millbrook School","Wake",35.856111,-78.574167,8,2024,55,31
2024-08-03,"Pitt Agri. Center","Pitt",35.6412760008938,-77.360126,8,2024,48,27
2024-08-04,"Bryson City","Swain",35.434767,-83.442133,8,2024,31,37
2024-08-04,"Castle Hayne","New Hanover",34.364167,-77.838611,8,2024,21.5,23
2024-08-04,"Clemmons Middle","Forsyth",36.026612,-80.341962,8,2024,38.5,42
2024-08-04,"Durham Armory","Durham",36.0329550008979,-78.904037,8,2024,43,35
2024-08-04,"Frying Pan Mountain","Haywood",35.379167,-82.7925,8,2024,22,41
2024-08-04,"Garinger High School","Mecklenburg",35.2401000008895,-80.785683,8,2024,44,44
2024-08-04,"Hattie Avenue","Forsyth",36.11094,-80.224501,8,2024,41,41
2024-08-04,"Leggett","Edgecombe",35.988278,-77.5843,8,2024,31,31
2024-08-04,"Linville Falls","Avery",35.972347,-81.933072,8,2024,29,38
2024-08-04,"Mendenhall School","Guilford",36.1090060008986,-79.802314,8,2024,43,44
2024-08-04,"Millbrook School","Wake",35.856111,-78.574167,8,2024,37.5,31
2024-08-04,"Pitt Agri. Center","Pitt",35.6412760008938,-77.360126,8,2024,18,30
2024-08-04,"West Johnston Co.","Johnston",35.59095,-78.4622,8,2024,26,32
2024-08-05,"Bryson City","Swain",35.434767,-83.442133,8,2024,44,42
2024-08-05,"Clemmons Middle","Forsyth",36.026612,-80.341962,8,2024,34,44
2024-08-05,"Durham Armory","Durham",36.0329550008979,-78.904037,8,2024,36,40
2024-08-05,"Frying Pan Mountain","Haywood",35.379167,-82.7925,8,2024,NA,37
2024-08-05,"Garinger High School","Mecklenburg",35.2401000008895,-80.785683,8,2024,17,24
2024-08-05,"Hattie Avenue","Forsyth",36.11094,-80.224501,8,2024,46,47
2024-08-05,"Leggett","Edgecombe",35.988278,-77.5843,8,2024,14,22
2024-08-05,"Linville Falls","Avery",35.972347,-81.933072,8,2024,NA,40
2024-08-05,"Mendenhall School","Guilford",36.1090060008986,-79.802314,8,2024,41,42
2024-08-05,"Millbrook School","Wake",35.856111,-78.574167,8,2024,32,30
2024-08-05,"Pitt Agri. Center","Pitt",35.6412760008938,-77.360126,8,2024,17,19
2024-08-05,"West Johnston Co.","Johnston",35.59095,-78.4622,8,2024,24,24
2024-08-06,"Bryson City","Swain",35.434767,-83.442133,8,2024,39,31
2024-08-06,"Castle Hayne","New Hanover",34.364167,-77.838611,8,2024,25,24
2024-08-06,"Clemmons Middle","Forsyth",36.026612,-80.341962,8,2024,19,24
2024-08-06,"Durham Armory","Durham",36.0329550008979,-78.904037,8,2024,18,17
2024-08-06,"Frying Pan Mountain","Haywood",35.379167,-82.7925,8,2024,NA,27
2024-08-06,"Garinger High School","Mecklenburg",35.2401000008895,-80.785683,8,2024,14,17
2024-08-06,"Hattie Avenue","Forsyth",36.11094,-80.224501,8,2024,22,26
2024-08-06,"Leggett","Edgecombe",35.988278,-77.5843,8,2024,12,15
2024-08-06,"Linville Falls","Avery",35.972347,-81.933072,8,2024,NA,25
2024-08-06,"Mendenhall School","Guilford",36.1090060008986,-79.802314,8,2024,18,20
2024-08-06,"Millbrook School","Wake",35.856111,-78.574167,8,2024,23,15
2024-08-06,"Pitt Agri. Center","Pitt",35.6412760008938,-77.360126,8,2024,12,14
2024-08-06,"West Johnston Co.","Johnston",35.59095,-78.4622,8,2024,17,17
2024-08-07,"Bryson City","Swain",35.434767,-83.442133,8,2024,38,35
2024-08-07,"Castle Hayne","New Hanover",34.364167,-77.838611,8,2024,33,37
2024-08-07,"Clemmons Middle","Forsyth",36.026612,-80.341962,8,2024,21,24
2024-08-07,"Durham Armory","Durham",36.0329550008979,-78.904037,8,2024,18,24
2024-08-07,"Frying Pan Mountain","Haywood",35.379167,-82.7925,8,2024,19,31
2024-08-07,"Garinger High School","Mecklenburg",35.2401000008895,-80.785683,8,2024,12.5,28
2024-08-07,"Hattie Avenue","Forsyth",36.11094,-80.224501,8,2024,31.5,26
2024-08-07,"Leggett","Edgecombe",35.988278,-77.5843,8,2024,17,19
2024-08-07,"Linville Falls","Avery",35.972347,-81.933072,8,2024,12,28
2024-08-07,"Mendenhall School","Guilford",36.1090060008986,-79.802314,8,2024,26,22
2024-08-07,"Millbrook School","Wake",35.856111,-78.574167,8,2024,25.5,25
2024-08-07,"Pitt Agri. Center","Pitt",35.6412760008938,-77.360126,8,2024,11,19
2024-08-07,"West Johnston Co.","Johnston",35.59095,-78.4622,8,2024,14,28
2024-08-08,"Bryson City","Swain",35.434767,-83.442133,8,2024,24,22
2024-08-08,"Castle Hayne","New Hanover",34.364167,-77.838611,8,2024,44,39
2024-08-08,"Clemmons Middle","Forsyth",36.026612,-80.341962,8,2024,13,28
2024-08-08,"Durham Armory","Durham",36.0329550008979,-78.904037,8,2024,16,27
2024-08-08,"Frying Pan Mountain","Haywood",35.379167,-82.7925,8,2024,NA,31
2024-08-08,"Garinger High School","Mecklenburg",35.2401000008895,-80.785683,8,2024,0,27
2024-08-08,"Hattie Avenue","Forsyth",36.11094,-80.224501,8,2024,15,30
2024-08-08,"Leggett","Edgecombe",35.988278,-77.5843,8,2024,27,33
2024-08-08,"Linville Falls","Avery",35.972347,-81.933072,8,2024,NA,26
2024-08-08,"Mendenhall School","Guilford",36.1090060008986,-79.802314,8,2024,14,27
2024-08-08,"Millbrook School","Wake",35.856111,-78.574167,8,2024,20,27
2024-08-08,"Pitt Agri. Center","Pitt",35.6412760008938,-77.360126,8,2024,32,33
2024-08-08,"West Johnston Co.","Johnston",35.59095,-78.4622,8,2024,14,30
2024-08-09,"Bryson City","Swain",35.434767,-83.442133,8,2024,41,42
2024-08-09,"Castle Hayne","New Hanover",34.364167,-77.838611,8,2024,23,36
2024-08-09,"Clemmons Middle","Forsyth",36.026612,-80.341962,8,2024,22,31
2024-08-09,"Durham Armory","Durham",36.0329550008979,-78.904037,8,2024,21,28
2024-08-09,"Frying Pan Mountain","Haywood",35.379167,-82.7925,8,2024,NA,37
2024-08-09,"Garinger High School","Mecklenburg",35.2401000008895,-80.785683,8,2024,22,47
2024-08-09,"Hattie Avenue","Forsyth",36.11094,-80.224501,8,2024,28,32
2024-08-09,"Leggett","Edgecombe",35.988278,-77.5843,8,2024,27,30
2024-08-09,"Linville Falls","Avery",35.972347,-81.933072,8,2024,NA,35
2024-08-09,"Mendenhall School","Guilford",36.1090060008986,-79.802314,8,2024,25,34
2024-08-09,"Millbrook School","Wake",35.856111,-78.574167,8,2024,23,27
2024-08-09,"Pitt Agri. Center","Pitt",35.6412760008938,-77.360126,8,2024,28,31
2024-08-09,"West Johnston Co.","Johnston",35.59095,-78.4622,8,2024,22,31
2024-08-10,"Bryson City","Swain",35.434767,-83.442133,8,2024,48,38
2024-08-10,"Castle Hayne","New Hanover",34.364167,-77.838611,8,2024,56.5,37
2024-08-10,"Clemmons Middle","Forsyth",36.026612,-80.341962,8,2024,43,39
2024-08-10,"Durham Armory","Durham",36.0329550008979,-78.904037,8,2024,52,42
2024-08-10,"Frying Pan Mountain","Haywood",35.379167,-82.7925,8,2024,37,41
2024-08-10,"Garinger High School","Mecklenburg",35.2401000008895,-80.785683,8,2024,46.5,47
2024-08-10,"Hattie Avenue","Forsyth",36.11094,-80.224501,8,2024,53.5,44
2024-08-10,"Leggett","Edgecombe",35.988278,-77.5843,8,2024,47,32
2024-08-10,"Linville Falls","Avery",35.972347,-81.933072,8,2024,43,40
2024-08-10,"Mendenhall School","Guilford",36.1090060008986,-79.802314,8,2024,46,43
2024-08-10,"Millbrook School","Wake",35.856111,-78.574167,8,2024,53,40
2024-08-10,"Pitt Agri. Center","Pitt",35.6412760008938,-77.360126,8,2024,44,27
2024-08-10,"West Johnston Co.","Johnston",35.59095,-78.4622,8,2024,55,38
2024-08-11,"Bryson City","Swain",35.434767,-83.442133,8,2024,43,36
2024-08-11,"Castle Hayne","New Hanover",34.364167,-77.838611,8,2024,37,30
2024-08-11,"Clemmons Middle","Forsyth",36.026612,-80.341962,8,2024,51,67
2024-08-11,"Durham Armory","Durham",36.0329550008979,-78.904037,8,2024,53,31
2024-08-11,"Frying Pan Mountain","Haywood",35.379167,-82.7925,8,2024,NA,44
2024-08-11,"Garinger High School","Mecklenburg",35.2401000008895,-80.785683,8,2024,49,43
2024-08-11,"Hattie Avenue","Forsyth",36.11094,-80.224501,8,2024,53,77
2024-08-11,"Leggett","Edgecombe",35.988278,-77.5843,8,2024,52,26
2024-08-11,"Linville Falls","Avery",35.972347,-81.933072,8,2024,NA,37
2024-08-11,"Mendenhall School","Guilford",36.1090060008986,-79.802314,8,2024,51,38
2024-08-11,"Millbrook School","Wake",35.856111,-78.574167,8,2024,55,33
2024-08-11,"Pitt Agri. Center","Pitt",35.6412760008938,-77.360126,8,2024,42,31
2024-08-11,"West Johnston Co.","Johnston",35.59095,-78.4622,8,2024,52,31
2024-08-12,"Bryson City","Swain",35.434767,-83.442133,8,2024,33,32
2024-08-12,"Castle Hayne","New Hanover",34.364167,-77.838611,8,2024,39.5,31
2024-08-12,"Clemmons Middle","Forsyth",36.026612,-80.341962,8,2024,43,44
2024-08-12,"Durham Armory","Durham",36.0329550008979,-78.904037,8,2024,54,36
2024-08-12,"Frying Pan Mountain","Haywood",35.379167,-82.7925,8,2024,NA,32
2024-08-12,"Garinger High School","Mecklenburg",35.2401000008895,-80.785683,8,2024,48,42
2024-08-12,"Hattie Avenue","Forsyth",36.11094,-80.224501,8,2024,47,44
2024-08-12,"Leggett","Edgecombe",35.988278,-77.5843,8,2024,52,29
2024-08-12,"Linville Falls","Avery",35.972347,-81.933072,8,2024,NA,34
2024-08-12,"Mendenhall School","Guilford",36.1090060008986,-79.802314,8,2024,44,36
2024-08-12,"Millbrook School","Wake",35.856111,-78.574167,8,2024,56,33
2024-08-12,"Pitt Agri. Center","Pitt",35.6412760008938,-77.360126,8,2024,51,31
2024-08-12,"West Johnston Co.","Johnston",35.59095,-78.4622,8,2024,52,32
2024-08-13,"Bryson City","Swain",35.434767,-83.442133,8,2024,33,39
2024-08-13,"Castle Hayne","New Hanover",34.364167,-77.838611,8,2024,36,43
2024-08-13,"Clemmons Middle","Forsyth",36.026612,-80.341962,8,2024,41,20
2024-08-13,"Durham Armory","Durham",36.0329550008979,-78.904037,8,2024,57,26
2024-08-13,"Frying Pan Mountain","Haywood",35.379167,-82.7925,8,2024,34,45
2024-08-13,"Garinger High School","Mecklenburg",35.2401000008895,-80.785683,8,2024,53.5,32
2024-08-13,"Hattie Avenue","Forsyth",36.11094,-80.224501,8,2024,43,28
2024-08-13,"Leggett","Edgecombe",35.988278,-77.5843,8,2024,47,37
2024-08-13,"Linville Falls","Avery",35.972347,-81.933072,8,2024,36,31
2024-08-13,"Mendenhall School","Guilford",36.1090060008986,-79.802314,8,2024,48,21
2024-08-13,"Millbrook School","Wake",35.856111,-78.574167,8,2024,53.5,37
2024-08-13,"Pitt Agri. Center","Pitt",35.6412760008938,-77.360126,8,2024,47,41
2024-08-13,"West Johnston Co.","Johnston",35.59095,-78.4622,8,2024,49,37
2024-08-14,"Bryson City","Swain",35.434767,-83.442133,8,2024,34,36
2024-08-14,"Clemmons Middle","Forsyth",36.026612,-80.341962,8,2024,43,48
2024-08-14,"Durham Armory","Durham",36.0329550008979,-78.904037,8,2024,53,42
2024-08-14,"Frying Pan Mountain","Haywood",35.379167,-82.7925,8,2024,NA,34
2024-08-14,"Garinger High School","Mecklenburg",35.2401000008895,-80.785683,8,2024,46,51
2024-08-14,"Hattie Avenue","Forsyth",36.11094,-80.224501,8,2024,52,46
2024-08-14,"Leggett","Edgecombe",35.988278,-77.5843,8,2024,39,35
2024-08-14,"Linville Falls","Avery",35.972347,-81.933072,8,2024,NA,35
2024-08-14,"Mendenhall School","Guilford",36.1090060008986,-79.802314,8,2024,44,37
2024-08-14,"Millbrook School","Wake",35.856111,-78.574167,8,2024,52,43
2024-08-14,"Pitt Agri. Center","Pitt",35.6412760008938,-77.360126,8,2024,49,36
2024-08-14,"West Johnston Co.","Johnston",35.59095,-78.4622,8,2024,47,46
2024-08-15,"Bryson City","Swain",35.434767,-83.442133,8,2024,44,39
2024-08-15,"Castle Hayne","New Hanover",34.364167,-77.838611,8,2024,51,44
2024-08-15,"Clemmons Middle","Forsyth",36.026612,-80.341962,8,2024,52,44
2024-08-15,"Durham Armory","Durham",36.0329550008979,-78.904037,8,2024,55,40
2024-08-15,"Frying Pan Mountain","Haywood",35.379167,-82.7925,8,2024,NA,42
2024-08-15,"Garinger High School","Mecklenburg",35.2401000008895,-80.785683,8,2024,52,44
2024-08-15,"Hattie Avenue","Forsyth",36.11094,-80.224501,8,2024,54,47
2024-08-15,"Leggett","Edgecombe",35.988278,-77.5843,8,2024,56,45
2024-08-15,"Linville Falls","Avery",35.972347,-81.933072,8,2024,NA,44
2024-08-15,"Mendenhall School","Guilford",36.1090060008986,-79.802314,8,2024,50,45
2024-08-15,"Millbrook School","Wake",35.856111,-78.574167,8,2024,55,40
2024-08-15,"Pitt Agri. Center","Pitt",35.6412760008938,-77.360126,8,2024,60,48
2024-08-15,"West Johnston Co.","Johnston",35.59095,-78.4622,8,2024,52,42
2024-08-16,"Bryson City","Swain",35.434767,-83.442133,8,2024,42,34
2024-08-16,"Castle Hayne","New Hanover",34.364167,-77.838611,8,2024,61,49
2024-08-16,"Clemmons Middle","Forsyth",36.026612,-80.341962,8,2024,53,50
2024-08-16,"Durham Armory","Durham",36.0329550008979,-78.904037,8,2024,59,48
2024-08-16,"Frying Pan Mountain","Haywood",35.379167,-82.7925,8,2024,39,41
2024-08-16,"Garinger High School","Mecklenburg",35.2401000008895,-80.785683,8,2024,55.5,42
2024-08-16,"Hattie Avenue","Forsyth",36.11094,-80.224501,8,2024,58,51
2024-08-16,"Leggett","Edgecombe",35.988278,-77.5843,8,2024,63,46
2024-08-16,"Linville Falls","Avery",35.972347,-81.933072,8,2024,41,32
2024-08-16,"Mendenhall School","Guilford",36.1090060008986,-79.802314,8,2024,59,47
2024-08-16,"Millbrook School","Wake",35.856111,-78.574167,8,2024,62.5,61
2024-08-16,"Pitt Agri. Center","Pitt",35.6412760008938,-77.360126,8,2024,68,46
2024-08-16,"West Johnston Co.","Johnston",35.59095,-78.4622,8,2024,57,46
2024-08-17,"Bryson City","Swain",35.434767,-83.442133,8,2024,24,36
2024-08-17,"Castle Hayne","New Hanover",34.364167,-77.838611,8,2024,61,44
2024-08-17,"Clemmons Middle","Forsyth",36.026612,-80.341962,8,2024,32,35
2024-08-17,"Durham Armory","Durham",36.0329550008979,-78.904037,8,2024,62,39
2024-08-17,"Frying Pan Mountain","Haywood",35.379167,-82.7925,8,2024,NA,44
2024-08-17,"Garinger High School","Mecklenburg",35.2401000008895,-80.785683,8,2024,46,41
2024-08-17,"Hattie Avenue","Forsyth",36.11094,-80.224501,8,2024,42,39
2024-08-17,"Leggett","Edgecombe",35.988278,-77.5843,8,2024,62,37
2024-08-17,"Linville Falls","Avery",35.972347,-81.933072,8,2024,NA,37
2024-08-17,"Mendenhall School","Guilford",36.1090060008986,-79.802314,8,2024,54,41
2024-08-17,"Millbrook School","Wake",35.856111,-78.574167,8,2024,65,42
2024-08-17,"Pitt Agri. Center","Pitt",35.6412760008938,-77.360126,8,2024,65,41
2024-08-17,"West Johnston Co.","Johnston",35.59095,-78.4622,8,2024,63,43
2024-08-18,"Bryson City","Swain",35.434767,-83.442133,8,2024,21,34
2024-08-18,"Castle Hayne","New Hanover",34.364167,-77.838611,8,2024,53,40
2024-08-18,"Clemmons Middle","Forsyth",36.026612,-80.341962,8,2024,33,37
2024-08-18,"Durham Armory","Durham",36.0329550008979,-78.904037,8,2024,53,36
2024-08-18,"Frying Pan Mountain","Haywood",35.379167,-82.7925,8,2024,NA,43
2024-08-18,"Garinger High School","Mecklenburg",35.2401000008895,-80.785683,8,2024,28,44
2024-08-18,"Hattie Avenue","Forsyth",36.11094,-80.224501,8,2024,39,40
2024-08-18,"Leggett","Edgecombe",35.988278,-77.5843,8,2024,55,39
2024-08-18,"Linville Falls","Avery",35.972347,-81.933072,8,2024,NA,40
2024-08-18,"Mendenhall School","Guilford",36.1090060008986,-79.802314,8,2024,34,43
2024-08-18,"Millbrook School","Wake",35.856111,-78.574167,8,2024,52,41
2024-08-18,"Pitt Agri. Center","Pitt",35.6412760008938,-77.360126,8,2024,54,41
2024-08-18,"West Johnston Co.","Johnston",35.59095,-78.4622,8,2024,44,44
2024-08-19,"Bryson City","Swain",35.434767,-83.442133,8,2024,14,29
2024-08-19,"Castle Hayne","New Hanover",34.364167,-77.838611,8,2024,37,37
2024-08-19,"Clemmons Middle","Forsyth",36.026612,-80.341962,8,2024,25,29
2024-08-19,"Durham Armory","Durham",36.0329550008979,-78.904037,8,2024,31,36
2024-08-19,"Frying Pan Mountain","Haywood",35.379167,-82.7925,8,2024,8,33
2024-08-19,"Garinger High School","Mecklenburg",35.2401000008895,-80.785683,8,2024,28.5,40
2024-08-19,"Hattie Avenue","Forsyth",36.11094,-80.224501,8,2024,27,32
2024-08-19,"Leggett","Edgecombe",35.988278,-77.5843,8,2024,32,33
2024-08-19,"Linville Falls","Avery",35.972347,-81.933072,8,2024,18,32
2024-08-19,"Mendenhall School","Guilford",36.1090060008986,-79.802314,8,2024,23,34
2024-08-19,"Millbrook School","Wake",35.856111,-78.574167,8,2024,29,41
2024-08-19,"Pitt Agri. Center","Pitt",35.6412760008938,-77.360126,8,2024,26,36
2024-08-19,"West Johnston Co.","Johnston",35.59095,-78.4622,8,2024,33,43
2024-08-20,"Bryson City","Swain",35.434767,-83.442133,8,2024,33,37
2024-08-20,"Castle Hayne","New Hanover",34.364167,-77.838611,8,2024,18,32
2024-08-20,"Clemmons Middle","Forsyth",36.026612,-80.341962,8,2024,43,37
2024-08-20,"Durham Armory","Durham",36.0329550008979,-78.904037,8,2024,49,31
2024-08-20,"Frying Pan Mountain","Haywood",35.379167,-82.7925,8,2024,NA,40
2024-08-20,"Garinger High School","Mecklenburg",35.2401000008895,-80.785683,8,2024,34,44
2024-08-20,"Hattie Avenue","Forsyth",36.11094,-80.224501,8,2024,47,38
2024-08-20,"Leggett","Edgecombe",35.988278,-77.5843,8,2024,32,32
2024-08-20,"Linville Falls","Avery",35.972347,-81.933072,8,2024,NA,36
2024-08-20,"Mendenhall School","Guilford",36.1090060008986,-79.802314,8,2024,41,36
2024-08-20,"Millbrook School","Wake",35.856111,-78.574167,8,2024,33,31
2024-08-20,"Pitt Agri. Center","Pitt",35.6412760008938,-77.360126,8,2024,18,30
2024-08-20,"West Johnston Co.","Johnston",35.59095,-78.4622,8,2024,28,32
2024-08-21,"Bryson City","Swain",35.434767,-83.442133,8,2024,40,37
2024-08-21,"Castle Hayne","New Hanover",34.364167,-77.838611,8,2024,33,39
2024-08-21,"Clemmons Middle","Forsyth",36.026612,-80.341962,8,2024,43,45
2024-08-21,"Durham Armory","Durham",36.0329550008979,-78.904037,8,2024,52,39
2024-08-21,"Frying Pan Mountain","Haywood",35.379167,-82.7925,8,2024,NA,32
2024-08-21,"Garinger High School","Mecklenburg",35.2401000008895,-80.785683,8,2024,37,44
2024-08-21,"Hattie Avenue","Forsyth",36.11094,-80.224501,8,2024,43,43
2024-08-21,"Leggett","Edgecombe",35.988278,-77.5843,8,2024,24,36
2024-08-21,"Linville Falls","Avery",35.972347,-81.933072,8,2024,NA,36
2024-08-21,"Mendenhall School","Guilford",36.1090060008986,-79.802314,8,2024,37,41
2024-08-21,"Millbrook School","Wake",35.856111,-78.574167,8,2024,32,38
2024-08-21,"Pitt Agri. Center","Pitt",35.6412760008938,-77.360126,8,2024,26,37
2024-08-21,"West Johnston Co.","Johnston",35.59095,-78.4622,8,2024,25,41
2024-08-22,"Bryson City","Swain",35.434767,-83.442133,8,2024,48,43
2024-08-22,"Castle Hayne","New Hanover",34.364167,-77.838611,8,2024,24,40
2024-08-22,"Clemmons Middle","Forsyth",36.026612,-80.341962,8,2024,47,48
2024-08-22,"Durham Armory","Durham",36.0329550008979,-78.904037,8,2024,46,40
2024-08-22,"Frying Pan Mountain","Haywood",35.379167,-82.7925,8,2024,32,44
2024-08-22,"Garinger High School","Mecklenburg",35.2401000008895,-80.785683,8,2024,40.5,42
2024-08-22,"Hattie Avenue","Forsyth",36.11094,-80.224501,8,2024,52,54
2024-08-22,"Leggett","Edgecombe",35.988278,-77.5843,8,2024,24,38
2024-08-22,"Linville Falls","Avery",35.972347,-81.933072,8,2024,38,40
2024-08-22,"Mendenhall School","Guilford",36.1090060008986,-79.802314,8,2024,41,43
2024-08-22,"Millbrook School","Wake",35.856111,-78.574167,8,2024,37.5,41
2024-08-22,"Pitt Agri. Center","Pitt",35.6412760008938,-77.360126,8,2024,30,39
2024-08-22,"West Johnston Co.","Johnston",35.59095,-78.4622,8,2024,32,43
2024-08-23,"Bryson City","Swain",35.434767,-83.442133,8,2024,52,46
2024-08-23,"Castle Hayne","New Hanover",34.364167,-77.838611,8,2024,31,35
2024-08-23,"Clemmons Middle","Forsyth",36.026612,-80.341962,8,2024,50,54
2024-08-23,"Durham Armory","Durham",36.0329550008979,-78.904037,8,2024,54,42
2024-08-23,"Frying Pan Mountain","Haywood",35.379167,-82.7925,8,2024,NA,49
2024-08-23,"Garinger High School","Mecklenburg",35.2401000008895,-80.785683,8,2024,52,42
2024-08-23,"Hattie Avenue","Forsyth",36.11094,-80.224501,8,2024,52,48
2024-08-23,"Leggett","Edgecombe",35.988278,-77.5843,8,2024,33,41
2024-08-23,"Linville Falls","Avery",35.972347,-81.933072,8,2024,NA,43
2024-08-23,"Mendenhall School","Guilford",36.1090060008986,-79.802314,8,2024,53,42
2024-08-23,"Millbrook School","Wake",35.856111,-78.574167,8,2024,46,42
2024-08-23,"Pitt Agri. Center","Pitt",35.6412760008938,-77.360126,8,2024,39,43
2024-08-23,"West Johnston Co.","Johnston",35.59095,-78.4622,8,2024,38,44
2024-08-24,"Bryson City","Swain",35.434767,-83.442133,8,2024,52,37
2024-08-24,"Castle Hayne","New Hanover",34.364167,-77.838611,8,2024,30,34
2024-08-24,"Clemmons Middle","Forsyth",36.026612,-80.341962,8,2024,54,49
2024-08-24,"Durham Armory","Durham",36.0329550008979,-78.904037,8,2024,55,51
2024-08-24,"Frying Pan Mountain","Haywood",35.379167,-82.7925,8,2024,NA,50
2024-08-24,"Garinger High School","Mecklenburg",35.2401000008895,-80.785683,8,2024,55,47
2024-08-24,"Hattie Avenue","Forsyth",36.11094,-80.224501,8,2024,56,45
2024-08-24,"Leggett","Edgecombe",35.988278,-77.5843,8,2024,32,41
2024-08-24,"Linville Falls","Avery",35.972347,-81.933072,8,2024,NA,40
2024-08-24,"Mendenhall School","Guilford",36.1090060008986,-79.802314,8,2024,54,45
2024-08-24,"Millbrook School","Wake",35.856111,-78.574167,8,2024,42,43
2024-08-24,"Pitt Agri. Center","Pitt",35.6412760008938,-77.360126,8,2024,31,36
2024-08-24,"West Johnston Co.","Johnston",35.59095,-78.4622,8,2024,49,46
2024-08-25,"Bryson City","Swain",35.434767,-83.442133,8,2024,49,41
2024-08-25,"Castle Hayne","New Hanover",34.364167,-77.838611,8,2024,20.5,27
2024-08-25,"Clemmons Middle","Forsyth",36.026612,-80.341962,8,2024,56,51
2024-08-25,"Durham Armory","Durham",36.0329550008979,-78.904037,8,2024,57,48
2024-08-25,"Frying Pan Mountain","Haywood",35.379167,-82.7925,8,2024,47,74
2024-08-25,"Garinger High School","Mecklenburg",35.2401000008895,-80.785683,8,2024,56,48
2024-08-25,"Hattie Avenue","Forsyth",36.11094,-80.224501,8,2024,57,49
2024-08-25,"Leggett","Edgecombe",35.988278,-77.5843,8,2024,34,33
2024-08-25,"Linville Falls","Avery",35.972347,-81.933072,8,2024,48,44
2024-08-25,"Mendenhall School","Guilford",36.1090060008986,-79.802314,8,2024,54,46
2024-08-25,"Millbrook School","Wake",35.856111,-78.574167,8,2024,55.5,45
2024-08-25,"Pitt Agri. Center","Pitt",35.6412760008938,-77.360126,8,2024,32,32
2024-08-25,"West Johnston Co.","Johnston",35.59095,-78.4622,8,2024,41,44
2024-08-26,"Bryson City","Swain",35.434767,-83.442133,8,2024,55,44
2024-08-26,"Castle Hayne","New Hanover",34.364167,-77.838611,8,2024,13.5,23
2024-08-26,"Clemmons Middle","Forsyth",36.026612,-80.341962,8,2024,59,54
2024-08-26,"Durham Armory","Durham",36.0329550008979,-78.904037,8,2024,60,97
2024-08-26,"Frying Pan Mountain","Haywood",35.379167,-82.7925,8,2024,NA,54
2024-08-26,"Garinger High School","Mecklenburg",35.2401000008895,-80.785683,8,2024,59,71
2024-08-26,"Hattie Avenue","Forsyth",36.11094,-80.224501,8,2024,64,105
2024-08-26,"Leggett","Edgecombe",35.988278,-77.5843,8,2024,48,42
2024-08-26,"Linville Falls","Avery",35.972347,-81.933072,8,2024,NA,39
2024-08-26,"Mendenhall School","Guilford",36.1090060008986,-79.802314,8,2024,59,122
2024-08-26,"Millbrook School","Wake",35.856111,-78.574167,8,2024,60,61
2024-08-26,"Pitt Agri. Center","Pitt",35.6412760008938,-77.360126,8,2024,43,41
2024-08-26,"West Johnston Co.","Johnston",35.59095,-78.4622,8,2024,52,46
2024-08-27,"Bryson City","Swain",35.434767,-83.442133,8,2024,56,44
2024-08-27,"Castle Hayne","New Hanover",34.364167,-77.838611,8,2024,14,28
2024-08-27,"Clemmons Middle","Forsyth",36.026612,-80.341962,8,2024,63,97
2024-08-27,"Durham Armory","Durham",36.0329550008979,-78.904037,8,2024,69,58
2024-08-27,"Frying Pan Mountain","Haywood",35.379167,-82.7925,8,2024,NA,61
2024-08-27,"Garinger High School","Mecklenburg",35.2401000008895,-80.785683,8,2024,60,136
2024-08-27,"Hattie Avenue","Forsyth",36.11094,-80.224501,8,2024,69,112
2024-08-27,"Leggett","Edgecombe",35.988278,-77.5843,8,2024,57,49
2024-08-27,"Linville Falls","Avery",35.972347,-81.933072,8,2024,NA,41
2024-08-27,"Mendenhall School","Guilford",36.1090060008986,-79.802314,8,2024,64,54
2024-08-27,"Millbrook School","Wake",35.856111,-78.574167,8,2024,66,112
2024-08-27,"Pitt Agri. Center","Pitt",35.6412760008938,-77.360126,8,2024,50,47
2024-08-27,"West Johnston Co.","Johnston",35.59095,-78.4622,8,2024,58,NA
2024-08-28,"Bryson City","Swain",35.434767,-83.442133,8,2024,55,42
2024-08-28,"Castle Hayne","New Hanover",34.364167,-77.838611,8,2024,22.5,34
2024-08-28,"Clemmons Middle","Forsyth",36.026612,-80.341962,8,2024,64,58
2024-08-28,"Durham Armory","Durham",36.0329550008979,-78.904037,8,2024,73,58
2024-08-28,"Frying Pan Mountain","Haywood",35.379167,-82.7925,8,2024,54,48
2024-08-28,"Garinger High School","Mecklenburg",35.2401000008895,-80.785683,8,2024,60.5,71
2024-08-28,"Hattie Avenue","Forsyth",36.11094,-80.224501,8,2024,68,71
2024-08-28,"Leggett","Edgecombe",35.988278,-77.5843,8,2024,64,80
2024-08-28,"Linville Falls","Avery",35.972347,-81.933072,8,2024,54,46
2024-08-28,"Mendenhall School","Guilford",36.1090060008986,-79.802314,8,2024,67,87
2024-08-28,"Millbrook School","Wake",35.856111,-78.574167,8,2024,71,97
2024-08-28,"Pitt Agri. Center","Pitt",35.6412760008938,-77.360126,8,2024,62,67
2024-08-28,"West Johnston Co.","Johnston",35.59095,-78.4622,8,2024,62,48
2024-08-29,"Bryson City","Swain",35.434767,-83.442133,8,2024,55,46
2024-08-29,"Castle Hayne","New Hanover",34.364167,-77.838611,8,2024,20.5,34
2024-08-29,"Clemmons Middle","Forsyth",36.026612,-80.341962,8,2024,60,50
2024-08-29,"Durham Armory","Durham",36.0329550008979,-78.904037,8,2024,66,54
2024-08-29,"Frying Pan Mountain","Haywood",35.379167,-82.7925,8,2024,NA,50
2024-08-29,"Garinger High School","Mecklenburg",35.2401000008895,-80.785683,8,2024,58,93
2024-08-29,"Hattie Avenue","Forsyth",36.11094,-80.224501,8,2024,66,67
2024-08-29,"Leggett","Edgecombe",35.988278,-77.5843,8,2024,63,49
2024-08-29,"Linville Falls","Avery",35.972347,-81.933072,8,2024,NA,39
2024-08-29,"Mendenhall School","Guilford",36.1090060008986,-79.802314,8,2024,63,67
2024-08-29,"Millbrook School","Wake",35.856111,-78.574167,8,2024,67,51
2024-08-29,"Pitt Agri. Center","Pitt",35.6412760008938,-77.360126,8,2024,57,45
2024-08-29,"West Johnston Co.","Johnston",35.59095,-78.4622,8,2024,60,49
2024-08-30,"Bryson City","Swain",35.434767,-83.442133,8,2024,57,39
2024-08-30,"Castle Hayne","New Hanover",34.364167,-77.838611,8,2024,15.5,24
2024-08-30,"Clemmons Middle","Forsyth",36.026612,-80.341962,8,2024,52,46
2024-08-30,"Durham Armory","Durham",36.0329550008979,-78.904037,8,2024,58,43
2024-08-30,"Frying Pan Mountain","Haywood",35.379167,-82.7925,8,2024,NA,42
2024-08-30,"Garinger High School","Mecklenburg",35.2401000008895,-80.785683,8,2024,44,44
2024-08-30,"Hattie Avenue","Forsyth",36.11094,-80.224501,8,2024,55,64
2024-08-30,"Leggett","Edgecombe",35.988278,-77.5843,8,2024,34,35
2024-08-30,"Linville Falls","Avery",35.972347,-81.933072,8,2024,NA,30
2024-08-30,"Mendenhall School","Guilford",36.1090060008986,-79.802314,8,2024,54,51
2024-08-30,"Millbrook School","Wake",35.856111,-78.574167,8,2024,56,43
2024-08-30,"Pitt Agri. Center","Pitt",35.6412760008938,-77.360126,8,2024,53,35
2024-08-30,"West Johnston Co.","Johnston",35.59095,-78.4622,8,2024,46,35
2024-08-31,"Bryson City","Swain",35.434767,-83.442133,8,2024,52,32
2024-08-31,"Castle Hayne","New Hanover",34.364167,-77.838611,8,2024,20,34
2024-08-31,"Clemmons Middle","Forsyth",36.026612,-80.341962,8,2024,43,42
2024-08-31,"Durham Armory","Durham",36.0329550008979,-78.904037,8,2024,51,40
2024-08-31,"Frying Pan Mountain","Haywood",35.379167,-82.7925,8,2024,39,40
2024-08-31,"Garinger High School","Mecklenburg",35.2401000008895,-80.785683,8,2024,45,51
2024-08-31,"Hattie Avenue","Forsyth",36.11094,-80.224501,8,2024,54.5,46
2024-08-31,"Leggett","Edgecombe",35.988278,-77.5843,8,2024,47,32
2024-08-31,"Linville Falls","Avery",35.972347,-81.933072,8,2024,45,34
2024-08-31,"Mendenhall School","Guilford",36.1090060008986,-79.802314,8,2024,52,45
2024-08-31,"Millbrook School","Wake",35.856111,-78.574167,8,2024,55.5,49
2024-08-31,"Pitt Agri. Center","Pitt",35.6412760008938,-77.360126,8,2024,39,38
2024-08-31,"West Johnston Co.","Johnston",35.59095,-78.4622,8,2024,54,43
2024-09-01,"Bryson City","Swain",35.434767,-83.442133,9,2024,29,30
2024-09-01,"Castle Hayne","New Hanover",34.364167,-77.838611,9,2024,13.5,26
2024-09-01,"Clemmons Middle","Forsyth",36.026612,-80.341962,9,2024,31,35
2024-09-01,"Durham Armory","Durham",36.0329550008979,-78.904037,9,2024,42,34
2024-09-01,"Frying Pan Mountain","Haywood",35.379167,-82.7925,9,2024,NA,36
2024-09-01,"Garinger High School","Mecklenburg",35.2401000008895,-80.785683,9,2024,34,31
2024-09-01,"Hattie Avenue","Forsyth",36.11094,-80.224501,9,2024,37,39
2024-09-01,"Leggett","Edgecombe",35.988278,-77.5843,9,2024,47,24
2024-09-01,"Linville Falls","Avery",35.972347,-81.933072,9,2024,NA,31
2024-09-01,"Mendenhall School","Guilford",36.1090060008986,-79.802314,9,2024,39,39
2024-09-01,"Millbrook School","Wake",35.856111,-78.574167,9,2024,54,32
2024-09-01,"Pitt Agri. Center","Pitt",35.6412760008938,-77.360126,9,2024,43,33
2024-09-01,"West Johnston Co.","Johnston",35.59095,-78.4622,9,2024,43,31
2024-09-02,"Bryson City","Swain",35.434767,-83.442133,9,2024,19,29
2024-09-02,"Castle Hayne","New Hanover",34.364167,-77.838611,9,2024,11.5,22
2024-09-02,"Clemmons Middle","Forsyth",36.026612,-80.341962,9,2024,35,39
2024-09-02,"Durham Armory","Durham",36.0329550008979,-78.904037,9,2024,42,31
2024-09-02,"Frying Pan Mountain","Haywood",35.379167,-82.7925,9,2024,NA,39
2024-09-02,"Garinger High School","Mecklenburg",35.2401000008895,-80.785683,9,2024,32,40
2024-09-02,"Hattie Avenue","Forsyth",36.11094,-80.224501,9,2024,43,37
2024-09-02,"Leggett","Edgecombe",35.988278,-77.5843,9,2024,33,20
2024-09-02,"Linville Falls","Avery",35.972347,-81.933072,9,2024,NA,32
2024-09-02,"Mendenhall School","Guilford",36.1090060008986,-79.802314,9,2024,40,33
2024-09-02,"Millbrook School","Wake",35.856111,-78.574167,9,2024,44,30
2024-09-02,"Pitt Agri. Center","Pitt",35.6412760008938,-77.360126,9,2024,26,26
2024-09-02,"West Johnston Co.","Johnston",35.59095,-78.4622,9,2024,32,29
2024-09-03,"Bryson City","Swain",35.434767,-83.442133,9,2024,28,31
2024-09-03,"Castle Hayne","New Hanover",34.364167,-77.838611,9,2024,34,32
2024-09-03,"Clemmons Middle","Forsyth",36.026612,-80.341962,9,2024,20,33
2024-09-03,"Durham Armory","Durham",36.0329550008979,-78.904037,9,2024,36,31
2024-09-03,"Frying Pan Mountain","Haywood",35.379167,-82.7925,9,2024,13,30
2024-09-03,"Garinger High School","Mecklenburg",35.2401000008895,-80.785683,9,2024,24.5,38
2024-09-03,"Hattie Avenue","Forsyth",36.11094,-80.224501,9,2024,21,33
2024-09-03,"Leggett","Edgecombe",35.988278,-77.5843,9,2024,21,31
2024-09-03,"Linville Falls","Avery",35.972347,-81.933072,9,2024,17,31
2024-09-03,"Mendenhall School","Guilford",36.1090060008986,-79.802314,9,2024,16,30
2024-09-03,"Millbrook School","Wake",35.856111,-78.574167,9,2024,21.5,34
2024-09-03,"Pitt Agri. Center","Pitt",35.6412760008938,-77.360126,9,2024,23,33
2024-09-03,"West Johnston Co.","Johnston",35.59095,-78.4622,9,2024,19,35
2024-09-04,"Bryson City","Swain",35.434767,-83.442133,9,2024,22,30
2024-09-04,"Castle Hayne","New Hanover",34.364167,-77.838611,9,2024,22.5,32
2024-09-04,"Clemmons Middle","Forsyth",36.026612,-80.341962,9,2024,23,41
2024-09-04,"Durham Armory","Durham",36.0329550008979,-78.904037,9,2024,39,31
2024-09-04,"Frying Pan Mountain","Haywood",35.379167,-82.7925,9,2024,NA,32
2024-09-04,"Garinger High School","Mecklenburg",35.2401000008895,-80.785683,9,2024,24,38
2024-09-04,"Hattie Avenue","Forsyth",36.11094,-80.224501,9,2024,24,41
2024-09-04,"Leggett","Edgecombe",35.988278,-77.5843,9,2024,23,32
2024-09-04,"Linville Falls","Avery",35.972347,-81.933072,9,2024,NA,37
2024-09-04,"Mendenhall School","Guilford",36.1090060008986,-79.802314,9,2024,27,32
2024-09-04,"Millbrook School","Wake",35.856111,-78.574167,9,2024,26,31
2024-09-04,"Pitt Agri. Center","Pitt",35.6412760008938,-77.360126,9,2024,21,30
2024-09-04,"West Johnston Co.","Johnston",35.59095,-78.4622,9,2024,18,35
2024-09-05,"Bryson City","Swain",35.434767,-83.442133,9,2024,32,34
2024-09-05,"Castle Hayne","New Hanover",34.364167,-77.838611,9,2024,23.5,29
2024-09-05,"Clemmons Middle","Forsyth",36.026612,-80.341962,9,2024,28,40
2024-09-05,"Durham Armory","Durham",36.0329550008979,-78.904037,9,2024,36,36
2024-09-05,"Frying Pan Mountain","Haywood",35.379167,-82.7925,9,2024,NA,43
2024-09-05,"Garinger High School","Mecklenburg",35.2401000008895,-80.785683,9,2024,29,44
2024-09-05,"Hattie Avenue","Forsyth",36.11094,-80.224501,9,2024,31,41
2024-09-05,"Leggett","Edgecombe",35.988278,-77.5843,9,2024,23,31
2024-09-05,"Linville Falls","Avery",35.972347,-81.933072,9,2024,NA,30
2024-09-05,"Mendenhall School","Guilford",36.1090060008986,-79.802314,9,2024,26,37
2024-09-05,"Millbrook School","Wake",35.856111,-78.574167,9,2024,31,33
2024-09-05,"Pitt Agri. Center","Pitt",35.6412760008938,-77.360126,9,2024,26,32
2024-09-05,"West Johnston Co.","Johnston",35.59095,-78.4622,9,2024,27,33
2024-09-06,"Bryson City","Swain",35.434767,-83.442133,9,2024,31,30
2024-09-06,"Castle Hayne","New Hanover",34.364167,-77.838611,9,2024,24,25
2024-09-06,"Clemmons Middle","Forsyth",36.026612,-80.341962,9,2024,33,51
2024-09-06,"Durham Armory","Durham",36.0329550008979,-78.904037,9,2024,47,36
2024-09-06,"Frying Pan Mountain","Haywood",35.379167,-82.7925,9,2024,21,38
2024-09-06,"Garinger High School","Mecklenburg",35.2401000008895,-80.785683,9,2024,40,43
2024-09-06,"Hattie Avenue","Forsyth",36.11094,-80.224501,9,2024,34.5,48
2024-09-06,"Leggett","Edgecombe",35.988278,-77.5843,9,2024,32,32
2024-09-06,"Linville Falls","Avery",35.972347,-81.933072,9,2024,26,32
2024-09-06,"Mendenhall School","Guilford",36.1090060008986,-79.802314,9,2024,34,45
2024-09-06,"Millbrook School","Wake",35.856111,-78.574167,9,2024,41,38
2024-09-06,"Pitt Agri. Center","Pitt",35.6412760008938,-77.360126,9,2024,23,31
2024-09-06,"West Johnston Co.","Johnston",35.59095,-78.4622,9,2024,30,38
2024-09-07,"Bryson City","Swain",35.434767,-83.442133,9,2024,24,33
2024-09-07,"Castle Hayne","New Hanover",34.364167,-77.838611,9,2024,11.5,22
2024-09-07,"Clemmons Middle","Forsyth",36.026612,-80.341962,9,2024,31,36
2024-09-07,"Durham Armory","Durham",36.0329550008979,-78.904037,9,2024,52,39
2024-09-07,"Frying Pan Mountain","Haywood",35.379167,-82.7925,9,2024,NA,33
2024-09-07,"Garinger High School","Mecklenburg",35.2401000008895,-80.785683,9,2024,36,42
2024-09-07,"Hattie Avenue","Forsyth",36.11094,-80.224501,9,2024,34,36
2024-09-07,"Leggett","Edgecombe",35.988278,-77.5843,9,2024,31,21
2024-09-07,"Linville Falls","Avery",35.972347,-81.933072,9,2024,NA,32
2024-09-07,"Mendenhall School","Guilford",36.1090060008986,-79.802314,9,2024,33,36
2024-09-07,"Millbrook School","Wake",35.856111,-78.574167,9,2024,46,38
2024-09-07,"Pitt Agri. Center","Pitt",35.6412760008938,-77.360126,9,2024,21,23
2024-09-07,"West Johnston Co.","Johnston",35.59095,-78.4622,9,2024,41,37
2024-09-08,"Bryson City","Swain",35.434767,-83.442133,9,2024,13,31
2024-09-08,"Castle Hayne","New Hanover",34.364167,-77.838611,9,2024,19.5,19
2024-09-08,"Clemmons Middle","Forsyth",36.026612,-80.341962,9,2024,18,38
2024-09-08,"Durham Armory","Durham",36.0329550008979,-78.904037,9,2024,40,36
2024-09-08,"Frying Pan Mountain","Haywood",35.379167,-82.7925,9,2024,NA,31
2024-09-08,"Garinger High School","Mecklenburg",35.2401000008895,-80.785683,9,2024,21,33
2024-09-08,"Hattie Avenue","Forsyth",36.11094,-80.224501,9,2024,20,41
2024-09-08,"Leggett","Edgecombe",35.988278,-77.5843,9,2024,17,31
2024-09-08,"Linville Falls","Avery",35.972347,-81.933072,9,2024,NA,32
2024-09-08,"Mendenhall School","Guilford",36.1090060008986,-79.802314,9,2024,21,37
2024-09-08,"Millbrook School","Wake",35.856111,-78.574167,9,2024,24,33
2024-09-08,"Pitt Agri. Center","Pitt",35.6412760008938,-77.360126,9,2024,12,28
2024-09-08,"West Johnston Co.","Johnston",35.59095,-78.4622,9,2024,20,34
2024-09-09,"Bryson City","Swain",35.434767,-83.442133,9,2024,28,31
2024-09-09,"Castle Hayne","New Hanover",34.364167,-77.838611,9,2024,14.5,37
2024-09-09,"Clemmons Middle","Forsyth",36.026612,-80.341962,9,2024,29,42
2024-09-09,"Durham Armory","Durham",36.0329550008979,-78.904037,9,2024,51,40
2024-09-09,"Frying Pan Mountain","Haywood",35.379167,-82.7925,9,2024,17,37
2024-09-09,"Garinger High School","Mecklenburg",35.2401000008895,-80.785683,9,2024,35.5,42
2024-09-09,"Hattie Avenue","Forsyth",36.11094,-80.224501,9,2024,34.5,47
2024-09-09,"Leggett","Edgecombe",35.988278,-77.5843,9,2024,10,33
2024-09-09,"Linville Falls","Avery",35.972347,-81.933072,9,2024,18,35
2024-09-09,"Mendenhall School","Guilford",36.1090060008986,-79.802314,9,2024,31,44
2024-09-09,"Millbrook School","Wake",35.856111,-78.574167,9,2024,35.5,35
2024-09-09,"Pitt Agri. Center","Pitt",35.6412760008938,-77.360126,9,2024,18,34
2024-09-09,"West Johnston Co.","Johnston",35.59095,-78.4622,9,2024,31,36
2024-09-10,"Bryson City","Swain",35.434767,-83.442133,9,2024,28,33
2024-09-10,"Castle Hayne","New Hanover",34.364167,-77.838611,9,2024,18,40
2024-09-10,"Clemmons Middle","Forsyth",36.026612,-80.341962,9,2024,29,64
2024-09-10,"Durham Armory","Durham",36.0329550008979,-78.904037,9,2024,52,41
2024-09-10,"Frying Pan Mountain","Haywood",35.379167,-82.7925,9,2024,NA,58
2024-09-10,"Garinger High School","Mecklenburg",35.2401000008895,-80.785683,9,2024,47,51
2024-09-10,"Hattie Avenue","Forsyth",36.11094,-80.224501,9,2024,32,47
2024-09-10,"Leggett","Edgecombe",35.988278,-77.5843,9,2024,28,38
2024-09-10,"Linville Falls","Avery",35.972347,-81.933072,9,2024,NA,39
2024-09-10,"Mendenhall School","Guilford",36.1090060008986,-79.802314,9,2024,36,45
2024-09-10,"Millbrook School","Wake",35.856111,-78.574167,9,2024,52,54
2024-09-10,"Pitt Agri. Center","Pitt",35.6412760008938,-77.360126,9,2024,26,38
2024-09-10,"West Johnston Co.","Johnston",35.59095,-78.4622,9,2024,44,48
2024-09-11,"Bryson City","Swain",35.434767,-83.442133,9,2024,36,44
2024-09-11,"Castle Hayne","New Hanover",34.364167,-77.838611,9,2024,25,42
2024-09-11,"Clemmons Middle","Forsyth",36.026612,-80.341962,9,2024,38,50
2024-09-11,"Durham Armory","Durham",36.0329550008979,-78.904037,9,2024,55,45
2024-09-11,"Frying Pan Mountain","Haywood",35.379167,-82.7925,9,2024,NA,46
2024-09-11,"Garinger High School","Mecklenburg",35.2401000008895,-80.785683,9,2024,55,42
2024-09-11,"Hattie Avenue","Forsyth",36.11094,-80.224501,9,2024,43,64
2024-09-11,"Leggett","Edgecombe",35.988278,-77.5843,9,2024,30,44
2024-09-11,"Linville Falls","Avery",35.972347,-81.933072,9,2024,NA,54
2024-09-11,"Mendenhall School","Guilford",36.1090060008986,-79.802314,9,2024,43,49
2024-09-11,"Millbrook School","Wake",35.856111,-78.574167,9,2024,52,46
2024-09-11,"Pitt Agri. Center","Pitt",35.6412760008938,-77.360126,9,2024,36,42
2024-09-11,"West Johnston Co.","Johnston",35.59095,-78.4622,9,2024,45,46
2024-09-12,"Bryson City","Swain",35.434767,-83.442133,9,2024,37,38
2024-09-12,"Castle Hayne","New Hanover",34.364167,-77.838611,9,2024,28.5,40
2024-09-12,"Clemmons Middle","Forsyth",36.026612,-80.341962,9,2024,47,51
2024-09-12,"Durham Armory","Durham",36.0329550008979,-78.904037,9,2024,56,42
2024-09-12,"Frying Pan Mountain","Haywood",35.379167,-82.7925,9,2024,26,42
2024-09-12,"Garinger High School","Mecklenburg",35.2401000008895,-80.785683,9,2024,48,45
2024-09-12,"Hattie Avenue","Forsyth",36.11094,-80.224501,9,2024,48,46
2024-09-12,"Leggett","Edgecombe",35.988278,-77.5843,9,2024,37,38
2024-09-12,"Linville Falls","Avery",35.972347,-81.933072,9,2024,38,50
2024-09-12,"Mendenhall School","Guilford",36.1090060008986,-79.802314,9,2024,50,45
2024-09-12,"Millbrook School","Wake",35.856111,-78.574167,9,2024,42.5,42
2024-09-12,"Pitt Agri. Center","Pitt",35.6412760008938,-77.360126,9,2024,32,38
2024-09-12,"West Johnston Co.","Johnston",35.59095,-78.4622,9,2024,39,43
2024-09-13,"Bryson City","Swain",35.434767,-83.442133,9,2024,22,31
2024-09-13,"Castle Hayne","New Hanover",34.364167,-77.838611,9,2024,12,24
2024-09-13,"Clemmons Middle","Forsyth",36.026612,-80.341962,9,2024,37,29
2024-09-13,"Durham Armory","Durham",36.0329550008979,-78.904037,9,2024,45,20
2024-09-13,"Frying Pan Mountain","Haywood",35.379167,-82.7925,9,2024,NA,31
2024-09-13,"Garinger High School","Mecklenburg",35.2401000008895,-80.785683,9,2024,27,31
2024-09-13,"Hattie Avenue","Forsyth",36.11094,-80.224501,9,2024,41,29
2024-09-13,"Leggett","Edgecombe",35.988278,-77.5843,9,2024,27,25
2024-09-13,"Linville Falls","Avery",35.972347,-81.933072,9,2024,NA,35
2024-09-13,"Mendenhall School","Guilford",36.1090060008986,-79.802314,9,2024,34,24
2024-09-13,"Millbrook School","Wake",35.856111,-78.574167,9,2024,30,24
2024-09-13,"Pitt Agri. Center","Pitt",35.6412760008938,-77.360126,9,2024,15,23
2024-09-13,"West Johnston Co.","Johnston",35.59095,-78.4622,9,2024,19,27
2024-09-14,"Bryson City","Swain",35.434767,-83.442133,9,2024,27,31
2024-09-14,"Castle Hayne","New Hanover",34.364167,-77.838611,9,2024,15.5,24
2024-09-14,"Clemmons Middle","Forsyth",36.026612,-80.341962,9,2024,27,31
2024-09-14,"Durham Armory","Durham",36.0329550008979,-78.904037,9,2024,34,29
2024-09-14,"Frying Pan Mountain","Haywood",35.379167,-82.7925,9,2024,NA,30
2024-09-14,"Garinger High School","Mecklenburg",35.2401000008895,-80.785683,9,2024,26,32
2024-09-14,"Hattie Avenue","Forsyth",36.11094,-80.224501,9,2024,31,31
2024-09-14,"Leggett","Edgecombe",35.988278,-77.5843,9,2024,32,28
2024-09-14,"Linville Falls","Avery",35.972347,-81.933072,9,2024,NA,33
2024-09-14,"Mendenhall School","Guilford",36.1090060008986,-79.802314,9,2024,28,29
2024-09-14,"Millbrook School","Wake",35.856111,-78.574167,9,2024,41,31
2024-09-14,"Pitt Agri. Center","Pitt",35.6412760008938,-77.360126,9,2024,24,27
2024-09-14,"West Johnston Co.","Johnston",35.59095,-78.4622,9,2024,27,32
2024-09-15,"Bryson City","Swain",35.434767,-83.442133,9,2024,29,30
2024-09-15,"Castle Hayne","New Hanover",34.364167,-77.838611,9,2024,35.5,27
2024-09-15,"Clemmons Middle","Forsyth",36.026612,-80.341962,9,2024,33,29
2024-09-15,"Durham Armory","Durham",36.0329550008979,-78.904037,9,2024,43,26
2024-09-15,"Frying Pan Mountain","Haywood",35.379167,-82.7925,9,2024,6,31
2024-09-15,"Garinger High School","Mecklenburg",35.2401000008895,-80.785683,9,2024,33.5,28
2024-09-15,"Hattie Avenue","Forsyth",36.11094,-80.224501,9,2024,35.5,29
2024-09-15,"Leggett","Edgecombe",35.988278,-77.5843,9,2024,37,26
2024-09-15,"Linville Falls","Avery",35.972347,-81.933072,9,2024,19,31
2024-09-15,"Mendenhall School","Guilford",36.1090060008986,-79.802314,9,2024,34,25
2024-09-15,"Millbrook School","Wake",35.856111,-78.574167,9,2024,45.5,29
2024-09-15,"Pitt Agri. Center","Pitt",35.6412760008938,-77.360126,9,2024,38,28
2024-09-15,"West Johnston Co.","Johnston",35.59095,-78.4622,9,2024,36,30
2024-09-16,"Bryson City","Swain",35.434767,-83.442133,9,2024,28,NA
2024-09-16,"Castle Hayne","New Hanover",34.364167,-77.838611,9,2024,2,32
2024-09-16,"Clemmons Middle","Forsyth",36.026612,-80.341962,9,2024,34,28
2024-09-16,"Durham Armory","Durham",36.0329550008979,-78.904037,9,2024,38,27
2024-09-16,"Frying Pan Mountain","Haywood",35.379167,-82.7925,9,2024,NA,37
2024-09-16,"Garinger High School","Mecklenburg",35.2401000008895,-80.785683,9,2024,28,27
2024-09-16,"Hattie Avenue","Forsyth",36.11094,-80.224501,9,2024,37,29
2024-09-16,"Leggett","Edgecombe",35.988278,-77.5843,9,2024,29,25
2024-09-16,"Linville Falls","Avery",35.972347,-81.933072,9,2024,NA,31
2024-09-16,"Mendenhall School","Guilford",36.1090060008986,-79.802314,9,2024,29,26
2024-09-16,"Millbrook School","Wake",35.856111,-78.574167,9,2024,35,28
2024-09-16,"Pitt Agri. Center","Pitt",35.6412760008938,-77.360126,9,2024,29,27
2024-09-16,"West Johnston Co.","Johnston",35.59095,-78.4622,9,2024,24,30
2024-09-17,"Bryson City","Swain",35.434767,-83.442133,9,2024,22,NA
2024-09-17,"Castle Hayne","New Hanover",34.364167,-77.838611,9,2024,2,31
2024-09-17,"Clemmons Middle","Forsyth",36.026612,-80.341962,9,2024,20,20
2024-09-17,"Durham Armory","Durham",36.0329550008979,-78.904037,9,2024,12,21
2024-09-17,"Frying Pan Mountain","Haywood",35.379167,-82.7925,9,2024,NA,27
2024-09-17,"Garinger High School","Mecklenburg",35.2401000008895,-80.785683,9,2024,11,19
2024-09-17,"Hattie Avenue","Forsyth",36.11094,-80.224501,9,2024,20,21
2024-09-17,"Leggett","Edgecombe",35.988278,-77.5843,9,2024,8,24
2024-09-17,"Linville Falls","Avery",35.972347,-81.933072,9,2024,NA,30
2024-09-17,"Mendenhall School","Guilford",36.1090060008986,-79.802314,9,2024,18,21
2024-09-17,"Millbrook School","Wake",35.856111,-78.574167,9,2024,22,21
2024-09-17,"Pitt Agri. Center","Pitt",35.6412760008938,-77.360126,9,2024,16,24
2024-09-17,"West Johnston Co.","Johnston",35.59095,-78.4622,9,2024,20,25
2024-09-18,"Bryson City","Swain",35.434767,-83.442133,9,2024,11,19
2024-09-18,"Castle Hayne","New Hanover",34.364167,-77.838611,9,2024,27,NA
2024-09-18,"Clemmons Middle","Forsyth",36.026612,-80.341962,9,2024,41,40
2024-09-18,"Durham Armory","Durham",36.0329550008979,-78.904037,9,2024,28,27
2024-09-18,"Frying Pan Mountain","Haywood",35.379167,-82.7925,9,2024,4,35
2024-09-18,"Garinger High School","Mecklenburg",35.2401000008895,-80.785683,9,2024,48,30
2024-09-18,"Hattie Avenue","Forsyth",36.11094,-80.224501,9,2024,32.5,36
2024-09-18,"Leggett","Edgecombe",35.988278,-77.5843,9,2024,19,23
2024-09-18,"Linville Falls","Avery",35.972347,-81.933072,9,2024,26,28
2024-09-18,"Mendenhall School","Guilford",36.1090060008986,-79.802314,9,2024,34,33
2024-09-18,"Millbrook School","Wake",35.856111,-78.574167,9,2024,32,36
2024-09-18,"Pitt Agri. Center","Pitt",35.6412760008938,-77.360126,9,2024,14,28
2024-09-18,"West Johnston Co.","Johnston",35.59095,-78.4622,9,2024,37,NA
2024-09-19,"Bryson City","Swain",35.434767,-83.442133,9,2024,18,24
2024-09-19,"Castle Hayne","New Hanover",34.364167,-77.838611,9,2024,26,28
2024-09-19,"Clemmons Middle","Forsyth",36.026612,-80.341962,9,2024,17,27
2024-09-19,"Durham Armory","Durham",36.0329550008979,-78.904037,9,2024,17,21
2024-09-19,"Frying Pan Mountain","Haywood",35.379167,-82.7925,9,2024,NA,35
2024-09-19,"Garinger High School","Mecklenburg",35.2401000008895,-80.785683,9,2024,30,31
2024-09-19,"Hattie Avenue","Forsyth",36.11094,-80.224501,9,2024,18,23
2024-09-19,"Leggett","Edgecombe",35.988278,-77.5843,9,2024,22,21
2024-09-19,"Linville Falls","Avery",35.972347,-81.933072,9,2024,NA,22
2024-09-19,"Mendenhall School","Guilford",36.1090060008986,-79.802314,9,2024,16,25
2024-09-19,"Millbrook School","Wake",35.856111,-78.574167,9,2024,26,21
2024-09-19,"Pitt Agri. Center","Pitt",35.6412760008938,-77.360126,9,2024,17,24
2024-09-19,"West Johnston Co.","Johnston",35.59095,-78.4622,9,2024,16,NA
2024-09-20,"Bryson City","Swain",35.434767,-83.442133,9,2024,26,32
2024-09-20,"Castle Hayne","New Hanover",34.364167,-77.838611,9,2024,20.5,35
2024-09-20,"Clemmons Middle","Forsyth",36.026612,-80.341962,9,2024,27,36
2024-09-20,"Durham Armory","Durham",36.0329550008979,-78.904037,9,2024,38,33
2024-09-20,"Frying Pan Mountain","Haywood",35.379167,-82.7925,9,2024,NA,50
2024-09-20,"Garinger High School","Mecklenburg",35.2401000008895,-80.785683,9,2024,34,44
2024-09-20,"Hattie Avenue","Forsyth",36.11094,-80.224501,9,2024,32,32
2024-09-20,"Leggett","Edgecombe",35.988278,-77.5843,9,2024,37,42
2024-09-20,"Linville Falls","Avery",35.972347,-81.933072,9,2024,NA,37
2024-09-20,"Mendenhall School","Guilford",36.1090060008986,-79.802314,9,2024,24,30
2024-09-20,"Millbrook School","Wake",35.856111,-78.574167,9,2024,42,40
2024-09-20,"Pitt Agri. Center","Pitt",35.6412760008938,-77.360126,9,2024,28,41
2024-09-20,"West Johnston Co.","Johnston",35.59095,-78.4622,9,2024,35,39
2024-09-21,"Bryson City","Swain",35.434767,-83.442133,9,2024,41,40
2024-09-21,"Castle Hayne","New Hanover",34.364167,-77.838611,9,2024,14.5,37
2024-09-21,"Clemmons Middle","Forsyth",36.026612,-80.341962,9,2024,44.5,44
2024-09-21,"Durham Armory","Durham",36.0329550008979,-78.904037,9,2024,53,37
2024-09-21,"Frying Pan Mountain","Haywood",35.379167,-82.7925,9,2024,28,47
2024-09-21,"Garinger High School","Mecklenburg",35.2401000008895,-80.785683,9,2024,50,46
2024-09-21,"Hattie Avenue","Forsyth",36.11094,-80.224501,9,2024,51,45
2024-09-21,"Leggett","Edgecombe",35.988278,-77.5843,9,2024,23,38
2024-09-21,"Linville Falls","Avery",35.972347,-81.933072,9,2024,33,35
2024-09-21,"Mendenhall School","Guilford",36.1090060008986,-79.802314,9,2024,53,44
2024-09-21,"Millbrook School","Wake",35.856111,-78.574167,9,2024,39.5,42
2024-09-21,"Pitt Agri. Center","Pitt",35.6412760008938,-77.360126,9,2024,21,39
2024-09-21,"West Johnston Co.","Johnston",35.59095,-78.4622,9,2024,42,41
2024-09-22,"Bryson City","Swain",35.434767,-83.442133,9,2024,30,39
2024-09-22,"Castle Hayne","New Hanover",34.364167,-77.838611,9,2024,24,31
2024-09-22,"Clemmons Middle","Forsyth",36.026612,-80.341962,9,2024,46,54
2024-09-22,"Durham Armory","Durham",36.0329550008979,-78.904037,9,2024,43,30
2024-09-22,"Frying Pan Mountain","Haywood",35.379167,-82.7925,9,2024,NA,45
2024-09-22,"Garinger High School","Mecklenburg",35.2401000008895,-80.785683,9,2024,52,48
2024-09-22,"Hattie Avenue","Forsyth",36.11094,-80.224501,9,2024,52,49
2024-09-22,"Leggett","Edgecombe",35.988278,-77.5843,9,2024,34,30
2024-09-22,"Linville Falls","Avery",35.972347,-81.933072,9,2024,NA,37
2024-09-22,"Mendenhall School","Guilford",36.1090060008986,-79.802314,9,2024,49,39
2024-09-22,"Millbrook School","Wake",35.856111,-78.574167,9,2024,46,30
2024-09-22,"Pitt Agri. Center","Pitt",35.6412760008938,-77.360126,9,2024,26,32
2024-09-22,"West Johnston Co.","Johnston",35.59095,-78.4622,9,2024,44,33
2024-09-23,"Bryson City","Swain",35.434767,-83.442133,9,2024,42,38
2024-09-23,"Castle Hayne","New Hanover",34.364167,-77.838611,9,2024,21,35
2024-09-23,"Clemmons Middle","Forsyth",36.026612,-80.341962,9,2024,53,19
2024-09-23,"Durham Armory","Durham",36.0329550008979,-78.904037,9,2024,53,31
2024-09-23,"Frying Pan Mountain","Haywood",35.379167,-82.7925,9,2024,NA,41
2024-09-23,"Garinger High School","Mecklenburg",35.2401000008895,-80.785683,9,2024,52,19
2024-09-23,"Hattie Avenue","Forsyth",36.11094,-80.224501,9,2024,56,19
2024-09-23,"Leggett","Edgecombe",35.988278,-77.5843,9,2024,23,31
2024-09-23,"Linville Falls","Avery",35.972347,-81.933072,9,2024,NA,34
2024-09-23,"Mendenhall School","Guilford",36.1090060008986,-79.802314,9,2024,53,19
2024-09-23,"Millbrook School","Wake",35.856111,-78.574167,9,2024,48,35
2024-09-23,"Pitt Agri. Center","Pitt",35.6412760008938,-77.360126,9,2024,25,33
2024-09-23,"West Johnston Co.","Johnston",35.59095,-78.4622,9,2024,40,33
2024-09-24,"Bryson City","Swain",35.434767,-83.442133,9,2024,51,30
2024-09-24,"Castle Hayne","New Hanover",34.364167,-77.838611,9,2024,23.5,32
2024-09-24,"Clemmons Middle","Forsyth",36.026612,-80.341962,9,2024,53,24
2024-09-24,"Durham Armory","Durham",36.0329550008979,-78.904037,9,2024,56,24
2024-09-24,"Frying Pan Mountain","Haywood",35.379167,-82.7925,9,2024,51,37
2024-09-24,"Garinger High School","Mecklenburg",35.2401000008895,-80.785683,9,2024,56,33
2024-09-24,"Hattie Avenue","Forsyth",36.11094,-80.224501,9,2024,55.5,24
2024-09-24,"Leggett","Edgecombe",35.988278,-77.5843,9,2024,27,20
2024-09-24,"Linville Falls","Avery",35.972347,-81.933072,9,2024,38,31
2024-09-24,"Mendenhall School","Guilford",36.1090060008986,-79.802314,9,2024,57,22
2024-09-24,"Millbrook School","Wake",35.856111,-78.574167,9,2024,47.5,24
2024-09-24,"Pitt Agri. Center","Pitt",35.6412760008938,-77.360126,9,2024,25,26
2024-09-24,"West Johnston Co.","Johnston",35.59095,-78.4622,9,2024,41,24
2024-09-25,"Bryson City","Swain",35.434767,-83.442133,9,2024,36,26
2024-09-25,"Castle Hayne","New Hanover",34.364167,-77.838611,9,2024,18.5,36
2024-09-25,"Clemmons Middle","Forsyth",36.026612,-80.341962,9,2024,34,33
2024-09-25,"Durham Armory","Durham",36.0329550008979,-78.904037,9,2024,50,32
2024-09-25,"Garinger High School","Mecklenburg",35.2401000008895,-80.785683,9,2024,32,37
2024-09-25,"Hattie Avenue","Forsyth",36.11094,-80.224501,9,2024,37,35
2024-09-25,"Leggett","Edgecombe",35.988278,-77.5843,9,2024,29,26
2024-09-25,"Linville Falls","Avery",35.972347,-81.933072,9,2024,NA,36
2024-09-25,"Mendenhall School","Guilford",36.1090060008986,-79.802314,9,2024,39,34
2024-09-25,"Millbrook School","Wake",35.856111,-78.574167,9,2024,44,32
2024-09-25,"Pitt Agri. Center","Pitt",35.6412760008938,-77.360126,9,2024,26,30
2024-09-25,"West Johnston Co.","Johnston",35.59095,-78.4622,9,2024,34,33
2024-09-26,"Bryson City","Swain",35.434767,-83.442133,9,2024,3,22
2024-09-26,"Castle Hayne","New Hanover",34.364167,-77.838611,9,2024,11.5,28
2024-09-26,"Clemmons Middle","Forsyth",36.026612,-80.341962,9,2024,23,23
2024-09-26,"Durham Armory","Durham",36.0329550008979,-78.904037,9,2024,30,20
2024-09-26,"Garinger High School","Mecklenburg",35.2401000008895,-80.785683,9,2024,13,26
2024-09-26,"Hattie Avenue","Forsyth",36.11094,-80.224501,9,2024,29,23
2024-09-26,"Leggett","Edgecombe",35.988278,-77.5843,9,2024,17,19
2024-09-26,"Linville Falls","Avery",35.972347,-81.933072,9,2024,NA,37
2024-09-26,"Mendenhall School","Guilford",36.1090060008986,-79.802314,9,2024,23,19
2024-09-26,"Millbrook School","Wake",35.856111,-78.574167,9,2024,28,20
2024-09-26,"Pitt Agri. Center","Pitt",35.6412760008938,-77.360126,9,2024,17,24
2024-09-26,"West Johnston Co.","Johnston",35.59095,-78.4622,9,2024,23,19
2024-09-27,"Castle Hayne","New Hanover",34.364167,-77.838611,9,2024,26.5,NA
2024-09-27,"Clemmons Middle","Forsyth",36.026612,-80.341962,9,2024,20,25
2024-09-27,"Durham Armory","Durham",36.0329550008979,-78.904037,9,2024,32,21
2024-09-27,"Hattie Avenue","Forsyth",36.11094,-80.224501,9,2024,27,23
2024-09-27,"Leggett","Edgecombe",35.988278,-77.5843,9,2024,19,20
2024-09-27,"Mendenhall School","Guilford",36.1090060008986,-79.802314,9,2024,26,24
2024-09-27,"Millbrook School","Wake",35.856111,-78.574167,9,2024,31,22
2024-09-27,"Pitt Agri. Center","Pitt",35.6412760008938,-77.360126,9,2024,22,22
2024-09-27,"West Johnston Co.","Johnston",35.59095,-78.4622,9,2024,24,24
2024-09-28,"Bryson City","Swain",35.434767,-83.442133,9,2024,23,28
2024-09-28,"Castle Hayne","New Hanover",34.364167,-77.838611,9,2024,20.5,41
2024-09-28,"Clemmons Middle","Forsyth",36.026612,-80.341962,9,2024,43,38
2024-09-28,"Durham Armory","Durham",36.0329550008979,-78.904037,9,2024,54,39
2024-09-28,"Garinger High School","Mecklenburg",35.2401000008895,-80.785683,9,2024,56,36
2024-09-28,"Hattie Avenue","Forsyth",36.11094,-80.224501,9,2024,56,39
2024-09-28,"Leggett","Edgecombe",35.988278,-77.5843,9,2024,32,34
2024-09-28,"Mendenhall School","Guilford",36.1090060008986,-79.802314,9,2024,52,40
2024-09-28,"Millbrook School","Wake",35.856111,-78.574167,9,2024,51,40
2024-09-28,"Pitt Agri. Center","Pitt",35.6412760008938,-77.360126,9,2024,32,36
2024-09-28,"West Johnston Co.","Johnston",35.59095,-78.4622,9,2024,40,40
2024-09-29,"Bryson City","Swain",35.434767,-83.442133,9,2024,7,18
2024-09-29,"Castle Hayne","New Hanover",34.364167,-77.838611,9,2024,33,36
2024-09-29,"Clemmons Middle","Forsyth",36.026612,-80.341962,9,2024,43,38
2024-09-29,"Durham Armory","Durham",36.0329550008979,-78.904037,9,2024,56,36
2024-09-29,"Garinger High School","Mecklenburg",35.2401000008895,-80.785683,9,2024,54,34
2024-09-29,"Hattie Avenue","Forsyth",36.11094,-80.224501,9,2024,58,38
2024-09-29,"Leggett","Edgecombe",35.988278,-77.5843,9,2024,NA,33
2024-09-29,"Mendenhall School","Guilford",36.1090060008986,-79.802314,9,2024,57,32
2024-09-29,"Millbrook School","Wake",35.856111,-78.574167,9,2024,55,34
2024-09-29,"Pitt Agri. Center","Pitt",35.6412760008938,-77.360126,9,2024,34,31
2024-09-29,"West Johnston Co.","Johnston",35.59095,-78.4622,9,2024,47,31
2024-09-30,"Bryson City","Swain",35.434767,-83.442133,9,2024,11,19
2024-09-30,"Castle Hayne","New Hanover",34.364167,-77.838611,9,2024,26.5,36
2024-09-30,"Clemmons Middle","Forsyth",36.026612,-80.341962,9,2024,46,31
2024-09-30,"Durham Armory","Durham",36.0329550008979,-78.904037,9,2024,57,22
2024-09-30,"Garinger High School","Mecklenburg",35.2401000008895,-80.785683,9,2024,56.5,34
2024-09-30,"Hattie Avenue","Forsyth",36.11094,-80.224501,9,2024,59,32
2024-09-30,"Leggett","Edgecombe",35.988278,-77.5843,9,2024,NA,24
2024-09-30,"Mendenhall School","Guilford",36.1090060008986,-79.802314,9,2024,59,25
2024-09-30,"Millbrook School","Wake",35.856111,-78.574167,9,2024,55,27
2024-09-30,"Pitt Agri. Center","Pitt",35.6412760008938,-77.360126,9,2024,50,25
2024-09-30,"West Johnston Co.","Johnston",35.59095,-78.4622,9,2024,49,31
2024-10-01,"Bryson City","Swain",35.434767,-83.442133,10,2024,7,21
2024-10-01,"Castle Hayne","New Hanover",34.364167,-77.838611,10,2024,44.5,33
2024-10-01,"Clemmons Middle","Forsyth",36.026612,-80.341962,10,2024,18,22
2024-10-01,"Durham Armory","Durham",36.0329550008979,-78.904037,10,2024,31,18
2024-10-01,"Garinger High School","Mecklenburg",35.2401000008895,-80.785683,10,2024,43,28
2024-10-01,"Hattie Avenue","Forsyth",36.11094,-80.224501,10,2024,22,22
2024-10-01,"Leggett","Edgecombe",35.988278,-77.5843,10,2024,19,23
2024-10-01,"Mendenhall School","Guilford",36.1090060008986,-79.802314,10,2024,11,21
2024-10-01,"Millbrook School","Wake",35.856111,-78.574167,10,2024,25,20
2024-10-01,"Pitt Agri. Center","Pitt",35.6412760008938,-77.360126,10,2024,19,26
2024-10-01,"West Johnston Co.","Johnston",35.59095,-78.4622,10,2024,16,20
2024-10-02,"Bryson City","Swain",35.434767,-83.442133,10,2024,15,28
2024-10-02,"Castle Hayne","New Hanover",34.364167,-77.838611,10,2024,13.5,23
2024-10-02,"Clemmons Middle","Forsyth",36.026612,-80.341962,10,2024,20,31
2024-10-02,"Durham Armory","Durham",36.0329550008979,-78.904037,10,2024,33,23
2024-10-02,"Garinger High School","Mecklenburg",35.2401000008895,-80.785683,10,2024,24,35
2024-10-02,"Hattie Avenue","Forsyth",36.11094,-80.224501,10,2024,24,32
2024-10-02,"Leggett","Edgecombe",35.988278,-77.5843,10,2024,26,21
2024-10-02,"Mendenhall School","Guilford",36.1090060008986,-79.802314,10,2024,18,29
2024-10-02,"Millbrook School","Wake",35.856111,-78.574167,10,2024,31,23
2024-10-02,"Pitt Agri. Center","Pitt",35.6412760008938,-77.360126,10,2024,17,22
2024-10-02,"West Johnston Co.","Johnston",35.59095,-78.4622,10,2024,19,23
2024-10-03,"Bryson City","Swain",35.434767,-83.442133,10,2024,24,26
2024-10-03,"Castle Hayne","New Hanover",34.364167,-77.838611,10,2024,13.5,28
2024-10-03,"Clemmons Middle","Forsyth",36.026612,-80.341962,10,2024,36,32
2024-10-03,"Durham Armory","Durham",36.0329550008979,-78.904037,10,2024,37,28
2024-10-03,"Garinger High School","Mecklenburg",35.2401000008895,-80.785683,10,2024,42.5,36
2024-10-03,"Hattie Avenue","Forsyth",36.11094,-80.224501,10,2024,44,33
2024-10-03,"Leggett","Edgecombe",35.988278,-77.5843,10,2024,16,29
2024-10-03,"Mendenhall School","Guilford",36.1090060008986,-79.802314,10,2024,37,29
2024-10-03,"Millbrook School","Wake",35.856111,-78.574167,10,2024,33,27
2024-10-03,"Pitt Agri. Center","Pitt",35.6412760008938,-77.360126,10,2024,19,28
2024-10-03,"West Johnston Co.","Johnston",35.59095,-78.4622,10,2024,22,30
2024-10-04,"Bryson City","Swain",35.434767,-83.442133,10,2024,37,27
2024-10-04,"Castle Hayne","New Hanover",34.364167,-77.838611,10,2024,17.5,35
2024-10-04,"Clemmons Middle","Forsyth",36.026612,-80.341962,10,2024,40,31
2024-10-04,"Durham Armory","Durham",36.0329550008979,-78.904037,10,2024,52,37
2024-10-04,"Garinger High School","Mecklenburg",35.2401000008895,-80.785683,10,2024,41,36
2024-10-04,"Hattie Avenue","Forsyth",36.11094,-80.224501,10,2024,44,32
2024-10-04,"Leggett","Edgecombe",35.988278,-77.5843,10,2024,18,31
2024-10-04,"Mendenhall School","Guilford",36.1090060008986,-79.802314,10,2024,39,31
2024-10-04,"Millbrook School","Wake",35.856111,-78.574167,10,2024,40,35
2024-10-04,"Pitt Agri. Center","Pitt",35.6412760008938,-77.360126,10,2024,28,31
2024-10-04,"West Johnston Co.","Johnston",35.59095,-78.4622,10,2024,32,34
2024-10-05,"Bryson City","Swain",35.434767,-83.442133,10,2024,34,33
2024-10-05,"Castle Hayne","New Hanover",34.364167,-77.838611,10,2024,27,33
2024-10-05,"Clemmons Middle","Forsyth",36.026612,-80.341962,10,2024,46,54
2024-10-05,"Durham Armory","Durham",36.0329550008979,-78.904037,10,2024,53,39
2024-10-05,"Garinger High School","Mecklenburg",35.2401000008895,-80.785683,10,2024,52,50
2024-10-05,"Hattie Avenue","Forsyth",36.11094,-80.224501,10,2024,48,54
2024-10-05,"Leggett","Edgecombe",35.988278,-77.5843,10,2024,46,30
2024-10-05,"Mendenhall School","Guilford",36.1090060008986,-79.802314,10,2024,46,50
2024-10-05,"Millbrook School","Wake",35.856111,-78.574167,10,2024,53,30
2024-10-05,"Pitt Agri. Center","Pitt",35.6412760008938,-77.360126,10,2024,42,31
2024-10-05,"West Johnston Co.","Johnston",35.59095,-78.4622,10,2024,52,31
2024-10-06,"Bryson City","Swain",35.434767,-83.442133,10,2024,39,38
2024-10-06,"Castle Hayne","New Hanover",34.364167,-77.838611,10,2024,36.5,44
2024-10-06,"Clemmons Middle","Forsyth",36.026612,-80.341962,10,2024,53,32
2024-10-06,"Durham Armory","Durham",36.0329550008979,-78.904037,10,2024,57,44
2024-10-06,"Garinger High School","Mecklenburg",35.2401000008895,-80.785683,10,2024,57,36
2024-10-06,"Hattie Avenue","Forsyth",36.11094,-80.224501,10,2024,56,36
2024-10-06,"Leggett","Edgecombe",35.988278,-77.5843,10,2024,40,38
2024-10-06,"Mendenhall School","Guilford",36.1090060008986,-79.802314,10,2024,54,39
2024-10-06,"Millbrook School","Wake",35.856111,-78.574167,10,2024,54.5,44
2024-10-06,"Pitt Agri. Center","Pitt",35.6412760008938,-77.360126,10,2024,37,43
2024-10-06,"West Johnston Co.","Johnston",35.59095,-78.4622,10,2024,51,45
2024-10-07,"Bryson City","Swain",35.434767,-83.442133,10,2024,33,37
2024-10-07,"Castle Hayne","New Hanover",34.364167,-77.838611,10,2024,41.5,48
2024-10-07,"Clemmons Middle","Forsyth",36.026612,-80.341962,10,2024,54,39
2024-10-07,"Durham Armory","Durham",36.0329550008979,-78.904037,10,2024,54,38
2024-10-07,"Garinger High School","Mecklenburg",35.2401000008895,-80.785683,10,2024,57,47
2024-10-07,"Hattie Avenue","Forsyth",36.11094,-80.224501,10,2024,55,44
2024-10-07,"Leggett","Edgecombe",35.988278,-77.5843,10,2024,42,40
2024-10-07,"Mendenhall School","Guilford",36.1090060008986,-79.802314,10,2024,51,42
2024-10-07,"Millbrook School","Wake",35.856111,-78.574167,10,2024,54,43
2024-10-07,"Pitt Agri. Center","Pitt",35.6412760008938,-77.360126,10,2024,43,43
2024-10-07,"West Johnston Co.","Johnston",35.59095,-78.4622,10,2024,49,42
2024-10-08,"Bryson City","Swain",35.434767,-83.442133,10,2024,38,38
2024-10-08,"Castle Hayne","New Hanover",34.364167,-77.838611,10,2024,52.5,35
2024-10-08,"Clemmons Middle","Forsyth",36.026612,-80.341962,10,2024,51,38
2024-10-08,"Durham Armory","Durham",36.0329550008979,-78.904037,10,2024,53,33
2024-10-08,"Garinger High School","Mecklenburg",35.2401000008895,-80.785683,10,2024,48,41
2024-10-08,"Hattie Avenue","Forsyth",36.11094,-80.224501,10,2024,52,37
2024-10-08,"Leggett","Edgecombe",35.988278,-77.5843,10,2024,32,32
2024-10-08,"Mendenhall School","Guilford",36.1090060008986,-79.802314,10,2024,42,34
2024-10-08,"Millbrook School","Wake",35.856111,-78.574167,10,2024,45,33
2024-10-08,"Pitt Agri. Center","Pitt",35.6412760008938,-77.360126,10,2024,28,31
2024-10-08,"West Johnston Co.","Johnston",35.59095,-78.4622,10,2024,35,35
2024-10-09,"Bryson City","Swain",35.434767,-83.442133,10,2024,26,32
2024-10-09,"Castle Hayne","New Hanover",34.364167,-77.838611,10,2024,26,33
2024-10-09,"Clemmons Middle","Forsyth",36.026612,-80.341962,10,2024,35.5,44
2024-10-09,"Durham Armory","Durham",36.0329550008979,-78.904037,10,2024,52,37
2024-10-09,"Garinger High School","Mecklenburg",35.2401000008895,-80.785683,10,2024,54,43
2024-10-09,"Hattie Avenue","Forsyth",36.11094,-80.224501,10,2024,37.5,44
2024-10-09,"Leggett","Edgecombe",35.988278,-77.5843,10,2024,26,35
2024-10-09,"Mendenhall School","Guilford",36.1090060008986,-79.802314,10,2024,29,43
2024-10-09,"Millbrook School","Wake",35.856111,-78.574167,10,2024,33,38
2024-10-09,"Pitt Agri. Center","Pitt",35.6412760008938,-77.360126,10,2024,20,36
2024-10-09,"West Johnston Co.","Johnston",35.59095,-78.4622,10,2024,35,39
2024-10-10,"Bryson City","Swain",35.434767,-83.442133,10,2024,17,44
2024-10-10,"Castle Hayne","New Hanover",34.364167,-77.838611,10,2024,21.5,33
2024-10-10,"Clemmons Middle","Forsyth",36.026612,-80.341962,10,2024,21,35
2024-10-10,"Durham Armory","Durham",36.0329550008979,-78.904037,10,2024,48,32
2024-10-10,"Garinger High School","Mecklenburg",35.2401000008895,-80.785683,10,2024,29,41
2024-10-10,"Hattie Avenue","Forsyth",36.11094,-80.224501,10,2024,21,33
2024-10-10,"Leggett","Edgecombe",35.988278,-77.5843,10,2024,NA,32
2024-10-10,"Mendenhall School","Guilford",36.1090060008986,-79.802314,10,2024,24,35
2024-10-10,"Millbrook School","Wake",35.856111,-78.574167,10,2024,20,33
2024-10-10,"Pitt Agri. Center","Pitt",35.6412760008938,-77.360126,10,2024,19,32
2024-10-10,"West Johnston Co.","Johnston",35.59095,-78.4622,10,2024,27,35
2024-10-11,"Bryson City","Swain",35.434767,-83.442133,10,2024,23,36
2024-10-11,"Castle Hayne","New Hanover",34.364167,-77.838611,10,2024,13.5,27
2024-10-11,"Clemmons Middle","Forsyth",36.026612,-80.341962,10,2024,25,35
2024-10-11,"Durham Armory","Durham",36.0329550008979,-78.904037,10,2024,46,27
2024-10-11,"Garinger High School","Mecklenburg",35.2401000008895,-80.785683,10,2024,47,32
2024-10-11,"Hattie Avenue","Forsyth",36.11094,-80.224501,10,2024,24,33
2024-10-11,"Leggett","Edgecombe",35.988278,-77.5843,10,2024,NA,27
2024-10-11,"Mendenhall School","Guilford",36.1090060008986,-79.802314,10,2024,NA,34
2024-10-11,"Millbrook School","Wake",35.856111,-78.574167,10,2024,24,28
2024-10-11,"Pitt Agri. Center","Pitt",35.6412760008938,-77.360126,10,2024,13,27
2024-10-11,"West Johnston Co.","Johnston",35.59095,-78.4622,10,2024,29,31
2024-10-12,"Bryson City","Swain",35.434767,-83.442133,10,2024,39,34
2024-10-12,"Castle Hayne","New Hanover",34.364167,-77.838611,10,2024,32,38
2024-10-12,"Clemmons Middle","Forsyth",36.026612,-80.341962,10,2024,48,39
2024-10-12,"Durham Armory","Durham",36.0329550008979,-78.904037,10,2024,55,42
2024-10-12,"Garinger High School","Mecklenburg",35.2401000008895,-80.785683,10,2024,55,43
2024-10-12,"Hattie Avenue","Forsyth",36.11094,-80.224501,10,2024,36,41
2024-10-12,"Leggett","Edgecombe",35.988278,-77.5843,10,2024,34,42
2024-10-12,"Mendenhall School","Guilford",36.1090060008986,-79.802314,10,2024,NA,44
2024-10-12,"Millbrook School","Wake",35.856111,-78.574167,10,2024,44.5,41
2024-10-12,"Pitt Agri. Center","Pitt",35.6412760008938,-77.360126,10,2024,32,42
2024-10-12,"West Johnston Co.","Johnston",35.59095,-78.4622,10,2024,53,41
2024-10-13,"Bryson City","Swain",35.434767,-83.442133,10,2024,50,36
2024-10-13,"Castle Hayne","New Hanover",34.364167,-77.838611,10,2024,36.5,46
2024-10-13,"Clemmons Middle","Forsyth",36.026612,-80.341962,10,2024,51,44
2024-10-13,"Durham Armory","Durham",36.0329550008979,-78.904037,10,2024,54,44
2024-10-13,"Garinger High School","Mecklenburg",35.2401000008895,-80.785683,10,2024,56,44
2024-10-13,"Hattie Avenue","Forsyth",36.11094,-80.224501,10,2024,54,46
2024-10-13,"Leggett","Edgecombe",35.988278,-77.5843,10,2024,47,44
2024-10-13,"Mendenhall School","Guilford",36.1090060008986,-79.802314,10,2024,NA,47
2024-10-13,"Millbrook School","Wake",35.856111,-78.574167,10,2024,47,45
2024-10-13,"Pitt Agri. Center","Pitt",35.6412760008938,-77.360126,10,2024,39,44
2024-10-13,"West Johnston Co.","Johnston",35.59095,-78.4622,10,2024,53,46
2024-10-14,"Bryson City","Swain",35.434767,-83.442133,10,2024,29,34
2024-10-14,"Castle Hayne","New Hanover",34.364167,-77.838611,10,2024,48,44
2024-10-14,"Clemmons Middle","Forsyth",36.026612,-80.341962,10,2024,38,40
2024-10-14,"Durham Armory","Durham",36.0329550008979,-78.904037,10,2024,NA,41
2024-10-14,"Garinger High School","Mecklenburg",35.2401000008895,-80.785683,10,2024,44,43
2024-10-14,"Hattie Avenue","Forsyth",36.11094,-80.224501,10,2024,44,37
2024-10-14,"Leggett","Edgecombe",35.988278,-77.5843,10,2024,38,42
2024-10-14,"Mendenhall School","Guilford",36.1090060008986,-79.802314,10,2024,NA,39
2024-10-14,"Millbrook School","Wake",35.856111,-78.574167,10,2024,41,43
2024-10-14,"Pitt Agri. Center","Pitt",35.6412760008938,-77.360126,10,2024,34,44
2024-10-14,"West Johnston Co.","Johnston",35.59095,-78.4622,10,2024,42,46
2024-10-15,"Bryson City","Swain",35.434767,-83.442133,10,2024,13,29
2024-10-15,"Castle Hayne","New Hanover",34.364167,-77.838611,10,2024,25,31
2024-10-15,"Clemmons Middle","Forsyth",36.026612,-80.341962,10,2024,25,29
2024-10-15,"Durham Armory","Durham",36.0329550008979,-78.904037,10,2024,NA,30
2024-10-15,"Garinger High School","Mecklenburg",35.2401000008895,-80.785683,10,2024,18,30
2024-10-15,"Hattie Avenue","Forsyth",36.11094,-80.224501,10,2024,23.5,30
2024-10-15,"Leggett","Edgecombe",35.988278,-77.5843,10,2024,16,31
2024-10-15,"Mendenhall School","Guilford",36.1090060008986,-79.802314,10,2024,NA,29
2024-10-15,"Millbrook School","Wake",35.856111,-78.574167,10,2024,19.5,31
2024-10-15,"Pitt Agri. Center","Pitt",35.6412760008938,-77.360126,10,2024,11,31
2024-10-15,"West Johnston Co.","Johnston",35.59095,-78.4622,10,2024,48,33
2024-10-16,"Bryson City","Swain",35.434767,-83.442133,10,2024,11,30
2024-10-16,"Castle Hayne","New Hanover",34.364167,-77.838611,10,2024,21.5,23
2024-10-16,"Clemmons Middle","Forsyth",36.026612,-80.341962,10,2024,13,25
2024-10-16,"Durham Armory","Durham",36.0329550008979,-78.904037,10,2024,NA,25
2024-10-16,"Garinger High School","Mecklenburg",35.2401000008895,-80.785683,10,2024,8,26
2024-10-16,"Hattie Avenue","Forsyth",36.11094,-80.224501,10,2024,15,25
2024-10-16,"Leggett","Edgecombe",35.988278,-77.5843,10,2024,14,27
2024-10-16,"Mendenhall School","Guilford",36.1090060008986,-79.802314,10,2024,9,25
2024-10-16,"Millbrook School","Wake",35.856111,-78.574167,10,2024,15,26
2024-10-16,"Pitt Agri. Center","Pitt",35.6412760008938,-77.360126,10,2024,8,26
2024-10-16,"West Johnston Co.","Johnston",35.59095,-78.4622,10,2024,18,29
2024-10-17,"Bryson City","Swain",35.434767,-83.442133,10,2024,17,30
2024-10-17,"Castle Hayne","New Hanover",34.364167,-77.838611,10,2024,16,32
2024-10-17,"Clemmons Middle","Forsyth",36.026612,-80.341962,10,2024,23,32
2024-10-17,"Durham Armory","Durham",36.0329550008979,-78.904037,10,2024,NA,31
2024-10-17,"Garinger High School","Mecklenburg",35.2401000008895,-80.785683,10,2024,22,33
2024-10-17,"Hattie Avenue","Forsyth",36.11094,-80.224501,10,2024,33,34
2024-10-17,"Leggett","Edgecombe",35.988278,-77.5843,10,2024,19,31
2024-10-17,"Mendenhall School","Guilford",36.1090060008986,-79.802314,10,2024,24,32
2024-10-17,"Millbrook School","Wake",35.856111,-78.574167,10,2024,17,31
2024-10-17,"Pitt Agri. Center","Pitt",35.6412760008938,-77.360126,10,2024,9,31
2024-10-17,"West Johnston Co.","Johnston",35.59095,-78.4622,10,2024,21,32
2024-10-18,"Bryson City","Swain",35.434767,-83.442133,10,2024,42,32
2024-10-18,"Castle Hayne","New Hanover",34.364167,-77.838611,10,2024,23,34
2024-10-18,"Clemmons Middle","Forsyth",36.026612,-80.341962,10,2024,28,33
2024-10-18,"Durham Armory","Durham",36.0329550008979,-78.904037,10,2024,NA,33
2024-10-18,"Frying Pan Mountain","Haywood",35.379167,-82.7925,10,2024,13,47
2024-10-18,"Garinger High School","Mecklenburg",35.2401000008895,-80.785683,10,2024,47.5,35
2024-10-18,"Hattie Avenue","Forsyth",36.11094,-80.224501,10,2024,29,34
2024-10-18,"Leggett","Edgecombe",35.988278,-77.5843,10,2024,15,33
2024-10-18,"Mendenhall School","Guilford",36.1090060008986,-79.802314,10,2024,34,35
2024-10-18,"Millbrook School","Wake",35.856111,-78.574167,10,2024,27.5,34
2024-10-18,"Pitt Agri. Center","Pitt",35.6412760008938,-77.360126,10,2024,25,32
2024-10-18,"West Johnston Co.","Johnston",35.59095,-78.4622,10,2024,31,35
2024-10-19,"Bryson City","Swain",35.434767,-83.442133,10,2024,41,32
2024-10-19,"Castle Hayne","New Hanover",34.364167,-77.838611,10,2024,27,33
2024-10-19,"Clemmons Middle","Forsyth",36.026612,-80.341962,10,2024,32,40
2024-10-19,"Durham Armory","Durham",36.0329550008979,-78.904037,10,2024,44,37
2024-10-19,"Frying Pan Mountain","Haywood",35.379167,-82.7925,10,2024,NA,47
2024-10-19,"Garinger High School","Mecklenburg",35.2401000008895,-80.785683,10,2024,48,42
2024-10-19,"Hattie Avenue","Forsyth",36.11094,-80.224501,10,2024,26,38
2024-10-19,"Leggett","Edgecombe",35.988278,-77.5843,10,2024,27,35
2024-10-19,"Mendenhall School","Guilford",36.1090060008986,-79.802314,10,2024,46,40
2024-10-19,"Millbrook School","Wake",35.856111,-78.574167,10,2024,33,39
2024-10-19,"Pitt Agri. Center","Pitt",35.6412760008938,-77.360126,10,2024,28,34
2024-10-19,"West Johnston Co.","Johnston",35.59095,-78.4622,10,2024,39,39
2024-10-20,"Bryson City","Swain",35.434767,-83.442133,10,2024,27,31
2024-10-20,"Castle Hayne","New Hanover",34.364167,-77.838611,10,2024,24,30
2024-10-20,"Clemmons Middle","Forsyth",36.026612,-80.341962,10,2024,35,40
2024-10-20,"Durham Armory","Durham",36.0329550008979,-78.904037,10,2024,39,38
2024-10-20,"Frying Pan Mountain","Haywood",35.379167,-82.7925,10,2024,NA,44
2024-10-20,"Garinger High School","Mecklenburg",35.2401000008895,-80.785683,10,2024,55,44
2024-10-20,"Hattie Avenue","Forsyth",36.11094,-80.224501,10,2024,43,40
2024-10-20,"Leggett","Edgecombe",35.988278,-77.5843,10,2024,32,32
2024-10-20,"Mendenhall School","Guilford",36.1090060008986,-79.802314,10,2024,47,40
2024-10-20,"Millbrook School","Wake",35.856111,-78.574167,10,2024,43,39
2024-10-20,"Pitt Agri. Center","Pitt",35.6412760008938,-77.360126,10,2024,21,32
2024-10-20,"West Johnston Co.","Johnston",35.59095,-78.4622,10,2024,53,39
2024-10-21,"Bryson City","Swain",35.434767,-83.442133,10,2024,29,32
2024-10-21,"Castle Hayne","New Hanover",34.364167,-77.838611,10,2024,28,36
2024-10-21,"Clemmons Middle","Forsyth",36.026612,-80.341962,10,2024,44.5,42
2024-10-21,"Durham Armory","Durham",36.0329550008979,-78.904037,10,2024,NA,41
2024-10-21,"Frying Pan Mountain","Haywood",35.379167,-82.7925,10,2024,18,48
2024-10-21,"Garinger High School","Mecklenburg",35.2401000008895,-80.785683,10,2024,56.5,44
2024-10-21,"Hattie Avenue","Forsyth",36.11094,-80.224501,10,2024,42.5,44
2024-10-21,"Leggett","Edgecombe",35.988278,-77.5843,10,2024,28,43
2024-10-21,"Mendenhall School","Guilford",36.1090060008986,-79.802314,10,2024,36,41
2024-10-21,"Millbrook School","Wake",35.856111,-78.574167,10,2024,46,42
2024-10-21,"Pitt Agri. Center","Pitt",35.6412760008938,-77.360126,10,2024,27,44
2024-10-21,"West Johnston Co.","Johnston",35.59095,-78.4622,10,2024,60,45
2024-10-22,"Bryson City","Swain",35.434767,-83.442133,10,2024,39,39
2024-10-22,"Castle Hayne","New Hanover",34.364167,-77.838611,10,2024,37,35
2024-10-22,"Clemmons Middle","Forsyth",36.026612,-80.341962,10,2024,37,44
2024-10-22,"Durham Armory","Durham",36.0329550008979,-78.904037,10,2024,NA,44
2024-10-22,"Frying Pan Mountain","Haywood",35.379167,-82.7925,10,2024,NA,45
2024-10-22,"Garinger High School","Mecklenburg",35.2401000008895,-80.785683,10,2024,NA,47
2024-10-22,"Hattie Avenue","Forsyth",36.11094,-80.224501,10,2024,49,50
2024-10-22,"Leggett","Edgecombe",35.988278,-77.5843,10,2024,39,44
2024-10-22,"Mendenhall School","Guilford",36.1090060008986,-79.802314,10,2024,52,54
2024-10-22,"Millbrook School","Wake",35.856111,-78.574167,10,2024,48,46
2024-10-22,"Pitt Agri. Center","Pitt",35.6412760008938,-77.360126,10,2024,46,44
2024-10-22,"West Johnston Co.","Johnston",35.59095,-78.4622,10,2024,52,47
2024-10-23,"Bryson City","Swain",35.434767,-83.442133,10,2024,50,36
2024-10-23,"Castle Hayne","New Hanover",34.364167,-77.838611,10,2024,36,33
2024-10-23,"Clemmons Middle","Forsyth",36.026612,-80.341962,10,2024,43,47
2024-10-23,"Durham Armory","Durham",36.0329550008979,-78.904037,10,2024,NA,44
2024-10-23,"Frying Pan Mountain","Haywood",35.379167,-82.7925,10,2024,NA,48
2024-10-23,"Garinger High School","Mecklenburg",35.2401000008895,-80.785683,10,2024,NA,44
2024-10-23,"Hattie Avenue","Forsyth",36.11094,-80.224501,10,2024,51,45
2024-10-23,"Leggett","Edgecombe",35.988278,-77.5843,10,2024,46,39
2024-10-23,"Mendenhall School","Guilford",36.1090060008986,-79.802314,10,2024,47,51
2024-10-23,"Millbrook School","Wake",35.856111,-78.574167,10,2024,54,43
2024-10-23,"Pitt Agri. Center","Pitt",35.6412760008938,-77.360126,10,2024,43,35
2024-10-23,"West Johnston Co.","Johnston",35.59095,-78.4622,10,2024,55,44
2024-10-24,"Bryson City","Swain",35.434767,-83.442133,10,2024,NA,42
2024-10-24,"Castle Hayne","New Hanover",34.364167,-77.838611,10,2024,58,47
2024-10-24,"Clemmons Middle","Forsyth",36.026612,-80.341962,10,2024,52,44
2024-10-24,"Durham Armory","Durham",36.0329550008979,-78.904037,10,2024,52,44
2024-10-24,"Frying Pan Mountain","Haywood",35.379167,-82.7925,10,2024,NA,64
2024-10-24,"Garinger High School","Mecklenburg",35.2401000008895,-80.785683,10,2024,55,50
2024-10-24,"Hattie Avenue","Forsyth",36.11094,-80.224501,10,2024,54,45
2024-10-24,"Leggett","Edgecombe",35.988278,-77.5843,10,2024,43,40
2024-10-24,"Mendenhall School","Guilford",36.1090060008986,-79.802314,10,2024,50,44
2024-10-24,"Millbrook School","Wake",35.856111,-78.574167,10,2024,54.5,43
2024-10-24,"Pitt Agri. Center","Pitt",35.6412760008938,-77.360126,10,2024,44,41
2024-10-24,"West Johnston Co.","Johnston",35.59095,-78.4622,10,2024,NA,45
2024-10-25,"Bryson City","Swain",35.434767,-83.442133,10,2024,NA,41
2024-10-25,"Castle Hayne","New Hanover",34.364167,-77.838611,10,2024,46,42
2024-10-25,"Clemmons Middle","Forsyth",36.026612,-80.341962,10,2024,57,51
2024-10-25,"Durham Armory","Durham",36.0329550008979,-78.904037,10,2024,51,40
2024-10-25,"Frying Pan Mountain","Haywood",35.379167,-82.7925,10,2024,NA,49
2024-10-25,"Garinger High School","Mecklenburg",35.2401000008895,-80.785683,10,2024,NA,49
2024-10-25,"Hattie Avenue","Forsyth",36.11094,-80.224501,10,2024,60,51
2024-10-25,"Leggett","Edgecombe",35.988278,-77.5843,10,2024,34,39
2024-10-25,"Mendenhall School","Guilford",36.1090060008986,-79.802314,10,2024,56,50
2024-10-25,"Millbrook School","Wake",35.856111,-78.574167,10,2024,53,40
2024-10-25,"Pitt Agri. Center","Pitt",35.6412760008938,-77.360126,10,2024,46,42
2024-10-25,"West Johnston Co.","Johnston",35.59095,-78.4622,10,2024,NA,43
2024-10-26,"Bryson City","Swain",35.434767,-83.442133,10,2024,59,42
2024-10-26,"Castle Hayne","New Hanover",34.364167,-77.838611,10,2024,58,44
2024-10-26,"Clemmons Middle","Forsyth",36.026612,-80.341962,10,2024,57,42
2024-10-26,"Durham Armory","Durham",36.0329550008979,-78.904037,10,2024,49,43
2024-10-26,"Frying Pan Mountain","Haywood",35.379167,-82.7925,10,2024,NA,48
2024-10-26,"Garinger High School","Mecklenburg",35.2401000008895,-80.785683,10,2024,61,50
2024-10-26,"Hattie Avenue","Forsyth",36.11094,-80.224501,10,2024,58,45
2024-10-26,"Leggett","Edgecombe",35.988278,-77.5843,10,2024,53,39
2024-10-26,"Mendenhall School","Guilford",36.1090060008986,-79.802314,10,2024,55,43
2024-10-26,"Millbrook School","Wake",35.856111,-78.574167,10,2024,58,42
2024-10-26,"Pitt Agri. Center","Pitt",35.6412760008938,-77.360126,10,2024,51,41
2024-10-26,"West Johnston Co.","Johnston",35.59095,-78.4622,10,2024,57,43
2024-10-27,"Bryson City","Swain",35.434767,-83.442133,10,2024,52,31
2024-10-27,"Castle Hayne","New Hanover",34.364167,-77.838611,10,2024,31,29
2024-10-27,"Clemmons Middle","Forsyth",36.026612,-80.341962,10,2024,35,29
2024-10-27,"Durham Armory","Durham",36.0329550008979,-78.904037,10,2024,36,27
2024-10-27,"Frying Pan Mountain","Haywood",35.379167,-82.7925,10,2024,NA,38
2024-10-27,"Garinger High School","Mecklenburg",35.2401000008895,-80.785683,10,2024,44,30
2024-10-27,"Hattie Avenue","Forsyth",36.11094,-80.224501,10,2024,35.5,30
2024-10-27,"Leggett","Edgecombe",35.988278,-77.5843,10,2024,36,25
2024-10-27,"Mendenhall School","Guilford",36.1090060008986,-79.802314,10,2024,40,26
2024-10-27,"Millbrook School","Wake",35.856111,-78.574167,10,2024,34.5,27
2024-10-27,"Pitt Agri. Center","Pitt",35.6412760008938,-77.360126,10,2024,24,25
2024-10-27,"West Johnston Co.","Johnston",35.59095,-78.4622,10,2024,38,30
2024-10-28,"Bryson City","Swain",35.434767,-83.442133,10,2024,34,37
2024-10-28,"Castle Hayne","New Hanover",34.364167,-77.838611,10,2024,28,35
2024-10-28,"Clemmons Middle","Forsyth",36.026612,-80.341962,10,2024,47,36
2024-10-28,"Durham Armory","Durham",36.0329550008979,-78.904037,10,2024,47,35
2024-10-28,"Frying Pan Mountain","Haywood",35.379167,-82.7925,10,2024,NA,58
2024-10-28,"Garinger High School","Mecklenburg",35.2401000008895,-80.785683,10,2024,54,41
2024-10-28,"Hattie Avenue","Forsyth",36.11094,-80.224501,10,2024,53,38
2024-10-28,"Leggett","Edgecombe",35.988278,-77.5843,10,2024,26,36
2024-10-28,"Mendenhall School","Guilford",36.1090060008986,-79.802314,10,2024,48,36
2024-10-28,"Millbrook School","Wake",35.856111,-78.574167,10,2024,48,36
2024-10-28,"Pitt Agri. Center","Pitt",35.6412760008938,-77.360126,10,2024,22,37
2024-10-28,"West Johnston Co.","Johnston",35.59095,-78.4622,10,2024,37,39
2024-10-29,"Bryson City","Swain",35.434767,-83.442133,10,2024,42,37
2024-10-29,"Castle Hayne","New Hanover",34.364167,-77.838611,10,2024,25,31
2024-10-29,"Clemmons Middle","Forsyth",36.026612,-80.341962,10,2024,54,44
2024-10-29,"Durham Armory","Durham",36.0329550008979,-78.904037,10,2024,52,38
2024-10-29,"Frying Pan Mountain","Haywood",35.379167,-82.7925,10,2024,NA,44
2024-10-29,"Garinger High School","Mecklenburg",35.2401000008895,-80.785683,10,2024,54,37
2024-10-29,"Hattie Avenue","Forsyth",36.11094,-80.224501,10,2024,58,44
2024-10-29,"Leggett","Edgecombe",35.988278,-77.5843,10,2024,34,35
2024-10-29,"Mendenhall School","Guilford",36.1090060008986,-79.802314,10,2024,52,42
2024-10-29,"Millbrook School","Wake",35.856111,-78.574167,10,2024,51,36
2024-10-29,"Pitt Agri. Center","Pitt",35.6412760008938,-77.360126,10,2024,36,33
2024-10-29,"West Johnston Co.","Johnston",35.59095,-78.4622,10,2024,56,35
2024-10-30,"Bryson City","Swain",35.434767,-83.442133,10,2024,33,35
2024-10-30,"Castle Hayne","New Hanover",34.364167,-77.838611,10,2024,27,40
2024-10-30,"Clemmons Middle","Forsyth",36.026612,-80.341962,10,2024,52,41
2024-10-30,"Durham Armory","Durham",36.0329550008979,-78.904037,10,2024,48,34
2024-10-30,"Frying Pan Mountain","Haywood",35.379167,-82.7925,10,2024,7,33
2024-10-30,"Garinger High School","Mecklenburg",35.2401000008895,-80.785683,10,2024,55,37
2024-10-30,"Hattie Avenue","Forsyth",36.11094,-80.224501,10,2024,56,39
2024-10-30,"Leggett","Edgecombe",35.988278,-77.5843,10,2024,37,31
2024-10-30,"Mendenhall School","Guilford",36.1090060008986,-79.802314,10,2024,52,38
2024-10-30,"Millbrook School","Wake",35.856111,-78.574167,10,2024,53.5,33
2024-10-30,"Pitt Agri. Center","Pitt",35.6412760008938,-77.360126,10,2024,40,31
2024-10-30,"West Johnston Co.","Johnston",35.59095,-78.4622,10,2024,53,37
2024-10-31,"Bryson City","Swain",35.434767,-83.442133,10,2024,28,36
2024-10-31,"Castle Hayne","New Hanover",34.364167,-77.838611,10,2024,17.5,36
2024-10-31,"Clemmons Middle","Forsyth",36.026612,-80.341962,10,2024,46,NA
2024-10-31,"Durham Armory","Durham",36.0329550008979,-78.904037,10,2024,42,33
2024-10-31,"Frying Pan Mountain","Haywood",35.379167,-82.7925,10,2024,NA,38
2024-10-31,"Garinger High School","Mecklenburg",35.2401000008895,-80.785683,10,2024,47,35
2024-10-31,"Hattie Avenue","Forsyth",36.11094,-80.224501,10,2024,49,NA
2024-10-31,"Leggett","Edgecombe",35.988278,-77.5843,10,2024,32,34
2024-10-31,"Mendenhall School","Guilford",36.1090060008986,-79.802314,10,2024,49,38
2024-10-31,"Millbrook School","Wake",35.856111,-78.574167,10,2024,38,34
2024-10-31,"Pitt Agri. Center","Pitt",35.6412760008938,-77.360126,10,2024,19,34
2024-10-31,"West Johnston Co.","Johnston",35.59095,-78.4622,10,2024,31,37
2024-11-01,"Bryson City","Swain",35.434767,-83.442133,11,2024,29,NA
2024-11-01,"Castle Hayne","New Hanover",34.364167,-77.838611,11,2024,16,NA
2024-11-01,"Clemmons Middle","Forsyth",36.026612,-80.341962,11,2024,44,NA
2024-11-01,"Durham Armory","Durham",36.0329550008979,-78.904037,11,2024,26,NA
2024-11-01,"Frying Pan Mountain","Haywood",35.379167,-82.7925,11,2024,NA,33
2024-11-01,"Garinger High School","Mecklenburg",35.2401000008895,-80.785683,11,2024,48,27
2024-11-01,"Hattie Avenue","Forsyth",36.11094,-80.224501,11,2024,50,NA
2024-11-01,"Leggett","Edgecombe",35.988278,-77.5843,11,2024,34,NA
2024-11-01,"Mendenhall School","Guilford",36.1090060008986,-79.802314,11,2024,42,NA
2024-11-01,"Millbrook School","Wake",35.856111,-78.574167,11,2024,36,31
2024-11-01,"Pitt Agri. Center","Pitt",35.6412760008938,-77.360126,11,2024,21,34
2024-11-01,"West Johnston Co.","Johnston",35.59095,-78.4622,11,2024,38,NA
2024-11-02,"Bryson City","Swain",35.434767,-83.442133,11,2024,24,NA
2024-11-02,"Castle Hayne","New Hanover",34.364167,-77.838611,11,2024,38,NA
2024-11-02,"Clemmons Middle","Forsyth",36.026612,-80.341962,11,2024,35.5,NA
2024-11-02,"Durham Armory","Durham",36.0329550008979,-78.904037,11,2024,37,NA
2024-11-02,"Frying Pan Mountain","Haywood",35.379167,-82.7925,11,2024,15,30
2024-11-02,"Garinger High School","Mecklenburg",35.2401000008895,-80.785683,11,2024,52.5,31
2024-11-02,"Hattie Avenue","Forsyth",36.11094,-80.224501,11,2024,37.5,NA
2024-11-02,"Leggett","Edgecombe",35.988278,-77.5843,11,2024,35,NA
2024-11-02,"Mendenhall School","Guilford",36.1090060008986,-79.802314,11,2024,37,NA
2024-11-02,"Millbrook School","Wake",35.856111,-78.574167,11,2024,43,34
2024-11-02,"Pitt Agri. Center","Pitt",35.6412760008938,-77.360126,11,2024,29,31
2024-11-02,"West Johnston Co.","Johnston",35.59095,-78.4622,11,2024,53,NA
2024-11-03,"Bryson City","Swain",35.434767,-83.442133,11,2024,38,NA
2024-11-03,"Castle Hayne","New Hanover",34.364167,-77.838611,11,2024,24.5,NA
2024-11-03,"Clemmons Middle","Forsyth",36.026612,-80.341962,11,2024,37,NA
2024-11-03,"Durham Armory","Durham",36.0329550008979,-78.904037,11,2024,44,NA
2024-11-03,"Frying Pan Mountain","Haywood",35.379167,-82.7925,11,2024,NA,38
2024-11-03,"Garinger High School","Mecklenburg",35.2401000008895,-80.785683,11,2024,52,36
2024-11-03,"Hattie Avenue","Forsyth",36.11094,-80.224501,11,2024,37,NA
2024-11-03,"Leggett","Edgecombe",35.988278,-77.5843,11,2024,38,NA
2024-11-03,"Mendenhall School","Guilford",36.1090060008986,-79.802314,11,2024,44,NA
2024-11-03,"Millbrook School","Wake",35.856111,-78.574167,11,2024,37,37
2024-11-03,"Pitt Agri. Center","Pitt",35.6412760008938,-77.360126,11,2024,22,36
2024-11-03,"West Johnston Co.","Johnston",35.59095,-78.4622,11,2024,37,NA
2024-11-04,"Bryson City","Swain",35.434767,-83.442133,11,2024,23,NA
2024-11-04,"Castle Hayne","New Hanover",34.364167,-77.838611,11,2024,25,NA
2024-11-04,"Clemmons Middle","Forsyth",36.026612,-80.341962,11,2024,33,NA
2024-11-04,"Durham Armory","Durham",36.0329550008979,-78.904037,11,2024,28,NA
2024-11-04,"Frying Pan Mountain","Haywood",35.379167,-82.7925,11,2024,NA,35
2024-11-04,"Garinger High School","Mecklenburg",35.2401000008895,-80.785683,11,2024,37,30
2024-11-04,"Hattie Avenue","Forsyth",36.11094,-80.224501,11,2024,33,NA
2024-11-04,"Leggett","Edgecombe",35.988278,-77.5843,11,2024,28,NA
2024-11-04,"Mendenhall School","Guilford",36.1090060008986,-79.802314,11,2024,37,NA
2024-11-04,"Millbrook School","Wake",35.856111,-78.574167,11,2024,34,31
2024-11-04,"Pitt Agri. Center","Pitt",35.6412760008938,-77.360126,11,2024,23,NA
2024-11-04,"West Johnston Co.","Johnston",35.59095,-78.4622,11,2024,26,NA
2024-11-05,"Bryson City","Swain",35.434767,-83.442133,11,2024,22,NA
2024-11-05,"Castle Hayne","New Hanover",34.364167,-77.838611,11,2024,27,NA
2024-11-05,"Clemmons Middle","Forsyth",36.026612,-80.341962,11,2024,41,NA
2024-11-05,"Durham Armory","Durham",36.0329550008979,-78.904037,11,2024,41,NA
2024-11-05,"Frying Pan Mountain","Haywood",35.379167,-82.7925,11,2024,1,29
2024-11-05,"Garinger High School","Mecklenburg",35.2401000008895,-80.785683,11,2024,44,20
2024-11-05,"Hattie Avenue","Forsyth",36.11094,-80.224501,11,2024,43.5,NA
2024-11-05,"Leggett","Edgecombe",35.988278,-77.5843,11,2024,26,NA
2024-11-05,"Mendenhall School","Guilford",36.1090060008986,-79.802314,11,2024,47,NA
2024-11-05,"Millbrook School","Wake",35.856111,-78.574167,11,2024,40.5,31
2024-11-05,"Pitt Agri. Center","Pitt",35.6412760008938,-77.360126,11,2024,17,NA
2024-11-05,"West Johnston Co.","Johnston",35.59095,-78.4622,11,2024,31,NA
2024-11-06,"Bryson City","Swain",35.434767,-83.442133,11,2024,23,NA
2024-11-06,"Castle Hayne","New Hanover",34.364167,-77.838611,11,2024,28,NA
2024-11-06,"Clemmons Middle","Forsyth",36.026612,-80.341962,11,2024,44,NA
2024-11-06,"Durham Armory","Durham",36.0329550008979,-78.904037,11,2024,37,NA
2024-11-06,"Frying Pan Mountain","Haywood",35.379167,-82.7925,11,2024,NA,28
2024-11-06,"Garinger High School","Mecklenburg",35.2401000008895,-80.785683,11,2024,31,23
2024-11-06,"Hattie Avenue","Forsyth",36.11094,-80.224501,11,2024,46,NA
2024-11-06,"Leggett","Edgecombe",35.988278,-77.5843,11,2024,35,NA
2024-11-06,"Mendenhall School","Guilford",36.1090060008986,-79.802314,11,2024,47,NA
2024-11-06,"Millbrook School","Wake",35.856111,-78.574167,11,2024,45,29
2024-11-06,"Pitt Agri. Center","Pitt",35.6412760008938,-77.360126,11,2024,32,NA
2024-11-06,"West Johnston Co.","Johnston",35.59095,-78.4622,11,2024,51,NA
2024-11-07,"Bryson City","Swain",35.434767,-83.442133,11,2024,24,NA
2024-11-07,"Castle Hayne","New Hanover",34.364167,-77.838611,11,2024,32,NA
2024-11-07,"Clemmons Middle","Forsyth",36.026612,-80.341962,11,2024,29,NA
2024-11-07,"Durham Armory","Durham",36.0329550008979,-78.904037,11,2024,52,NA
2024-11-07,"Frying Pan Mountain","Haywood",35.379167,-82.7925,11,2024,NA,31
2024-11-07,"Garinger High School","Mecklenburg",35.2401000008895,-80.785683,11,2024,24,24
2024-11-07,"Hattie Avenue","Forsyth",36.11094,-80.224501,11,2024,32,NA
2024-11-07,"Leggett","Edgecombe",35.988278,-77.5843,11,2024,44,NA
2024-11-07,"Mendenhall School","Guilford",36.1090060008986,-79.802314,11,2024,33,NA
2024-11-07,"Millbrook School","Wake",35.856111,-78.574167,11,2024,48,25
2024-11-07,"Pitt Agri. Center","Pitt",35.6412760008938,-77.360126,11,2024,40,NA
2024-11-07,"West Johnston Co.","Johnston",35.59095,-78.4622,11,2024,52,NA
2024-11-08,"Bryson City","Swain",35.434767,-83.442133,11,2024,22,NA
2024-11-08,"Castle Hayne","New Hanover",34.364167,-77.838611,11,2024,37,NA
2024-11-08,"Clemmons Middle","Forsyth",36.026612,-80.341962,11,2024,39.5,NA
2024-11-08,"Durham Armory","Durham",36.0329550008979,-78.904037,11,2024,56,NA
2024-11-08,"Frying Pan Mountain","Haywood",35.379167,-82.7925,11,2024,18,33
2024-11-08,"Garinger High School","Mecklenburg",35.2401000008895,-80.785683,11,2024,43,27
2024-11-08,"Hattie Avenue","Forsyth",36.11094,-80.224501,11,2024,47,NA
2024-11-08,"Leggett","Edgecombe",35.988278,-77.5843,11,2024,57,NA
2024-11-08,"Linville Falls","Avery",35.972347,-81.933072,11,2024,27,NA
2024-11-08,"Mendenhall School","Guilford",36.1090060008986,-79.802314,11,2024,45,NA
2024-11-08,"Millbrook School","Wake",35.856111,-78.574167,11,2024,58,27
2024-11-08,"Pitt Agri. Center","Pitt",35.6412760008938,-77.360126,11,2024,55,NA
2024-11-08,"West Johnston Co.","Johnston",35.59095,-78.4622,11,2024,56,NA
2024-11-09,"Bryson City","Swain",35.434767,-83.442133,11,2024,33,NA
2024-11-09,"Castle Hayne","New Hanover",34.364167,-77.838611,11,2024,36,NA
2024-11-09,"Clemmons Middle","Forsyth",36.026612,-80.341962,11,2024,33,NA
2024-11-09,"Durham Armory","Durham",36.0329550008979,-78.904037,11,2024,42,NA
2024-11-09,"Frying Pan Mountain","Haywood",35.379167,-82.7925,11,2024,NA,36
2024-11-09,"Garinger High School","Mecklenburg",35.2401000008895,-80.785683,11,2024,31,37
2024-11-09,"Hattie Avenue","Forsyth",36.11094,-80.224501,11,2024,26,NA
2024-11-09,"Leggett","Edgecombe",35.988278,-77.5843,11,2024,26,NA
2024-11-09,"Mendenhall School","Guilford",36.1090060008986,-79.802314,11,2024,36,NA
2024-11-09,"Millbrook School","Wake",35.856111,-78.574167,11,2024,35,34
2024-11-09,"Pitt Agri. Center","Pitt",35.6412760008938,-77.360126,11,2024,22,NA
2024-11-09,"West Johnston Co.","Johnston",35.59095,-78.4622,11,2024,33,NA
2024-11-10,"Bryson City","Swain",35.434767,-83.442133,11,2024,39,NA
2024-11-10,"Castle Hayne","New Hanover",34.364167,-77.838611,11,2024,18.5,NA
2024-11-10,"Clemmons Middle","Forsyth",36.026612,-80.341962,11,2024,44,NA
2024-11-10,"Durham Armory","Durham",36.0329550008979,-78.904037,11,2024,46,NA
2024-11-10,"Frying Pan Mountain","Haywood",35.379167,-82.7925,11,2024,NA,35
2024-11-10,"Garinger High School","Mecklenburg",35.2401000008895,-80.785683,11,2024,47,23
2024-11-10,"Hattie Avenue","Forsyth",36.11094,-80.224501,11,2024,36,NA
2024-11-10,"Leggett","Edgecombe",35.988278,-77.5843,11,2024,31,NA
2024-11-10,"Mendenhall School","Guilford",36.1090060008986,-79.802314,11,2024,46,NA
2024-11-10,"Millbrook School","Wake",35.856111,-78.574167,11,2024,47,26
2024-11-10,"Pitt Agri. Center","Pitt",35.6412760008938,-77.360126,11,2024,21,NA
2024-11-10,"West Johnston Co.","Johnston",35.59095,-78.4622,11,2024,44,NA
2024-11-11,"Bryson City","Swain",35.434767,-83.442133,11,2024,24,NA
2024-11-11,"Castle Hayne","New Hanover",34.364167,-77.838611,11,2024,22,NA
2024-11-11,"Clemmons Middle","Forsyth",36.026612,-80.341962,11,2024,46,NA
2024-11-11,"Durham Armory","Durham",36.0329550008979,-78.904037,11,2024,42,NA
2024-11-11,"Frying Pan Mountain","Haywood",35.379167,-82.7925,11,2024,10,39
2024-11-11,"Garinger High School","Mecklenburg",35.2401000008895,-80.785683,11,2024,44.5,14
2024-11-11,"Hattie Avenue","Forsyth",36.11094,-80.224501,11,2024,34,NA
2024-11-11,"Leggett","Edgecombe",35.988278,-77.5843,11,2024,29,NA
2024-11-11,"Linville Falls","Avery",35.972347,-81.933072,11,2024,13,NA
2024-11-11,"Mendenhall School","Guilford",36.1090060008986,-79.802314,11,2024,47,NA
2024-11-11,"Millbrook School","Wake",35.856111,-78.574167,11,2024,48,19
2024-11-11,"Pitt Agri. Center","Pitt",35.6412760008938,-77.360126,11,2024,26,NA
2024-11-11,"West Johnston Co.","Johnston",35.59095,-78.4622,11,2024,40,NA
2024-11-12,"Bryson City","Swain",35.434767,-83.442133,11,2024,24,NA
2024-11-12,"Castle Hayne","New Hanover",34.364167,-77.838611,11,2024,39.5,NA
2024-11-12,"Clemmons Middle","Forsyth",36.026612,-80.341962,11,2024,25,NA
2024-11-12,"Durham Armory","Durham",36.0329550008979,-78.904037,11,2024,20,NA
2024-11-12,"Frying Pan Mountain","Haywood",35.379167,-82.7925,11,2024,NA,44
2024-11-12,"Garinger High School","Mecklenburg",35.2401000008895,-80.785683,11,2024,34,35
2024-11-12,"Hattie Avenue","Forsyth",36.11094,-80.224501,11,2024,24,NA
2024-11-12,"Leggett","Edgecombe",35.988278,-77.5843,11,2024,22,NA
2024-11-12,"Mendenhall School","Guilford",36.1090060008986,-79.802314,11,2024,24,NA
2024-11-12,"Millbrook School","Wake",35.856111,-78.574167,11,2024,27,33
2024-11-12,"Pitt Agri. Center","Pitt",35.6412760008938,-77.360126,11,2024,25,NA
2024-11-12,"West Johnston Co.","Johnston",35.59095,-78.4622,11,2024,29,NA
2024-11-13,"Bryson City","Swain",35.434767,-83.442133,11,2024,16,NA
2024-11-13,"Castle Hayne","New Hanover",34.364167,-77.838611,11,2024,28.5,NA
2024-11-13,"Clemmons Middle","Forsyth",36.026612,-80.341962,11,2024,16,NA
2024-11-13,"Durham Armory","Durham",36.0329550008979,-78.904037,11,2024,19,NA
2024-11-13,"Frying Pan Mountain","Haywood",35.379167,-82.7925,11,2024,NA,31
2024-11-13,"Garinger High School","Mecklenburg",35.2401000008895,-80.785683,11,2024,27,31
2024-11-13,"Hattie Avenue","Forsyth",36.11094,-80.224501,11,2024,13,NA
2024-11-13,"Leggett","Edgecombe",35.988278,-77.5843,11,2024,27,NA
2024-11-13,"Mendenhall School","Guilford",36.1090060008986,-79.802314,11,2024,18,NA
2024-11-13,"Millbrook School","Wake",35.856111,-78.574167,11,2024,23,31
2024-11-13,"Pitt Agri. Center","Pitt",35.6412760008938,-77.360126,11,2024,11,NA
2024-11-13,"West Johnston Co.","Johnston",35.59095,-78.4622,11,2024,19,NA
2024-11-14,"Bryson City","Swain",35.434767,-83.442133,11,2024,20,NA
2024-11-14,"Castle Hayne","New Hanover",34.364167,-77.838611,11,2024,19.5,NA
2024-11-14,"Clemmons Middle","Forsyth",36.026612,-80.341962,11,2024,25,NA
2024-11-14,"Durham Armory","Durham",36.0329550008979,-78.904037,11,2024,33,NA
2024-11-14,"Frying Pan Mountain","Haywood",35.379167,-82.7925,11,2024,5,33
2024-11-14,"Garinger High School","Mecklenburg",35.2401000008895,-80.785683,11,2024,22.5,19
2024-11-14,"Hattie Avenue","Forsyth",36.11094,-80.224501,11,2024,20.5,NA
2024-11-14,"Leggett","Edgecombe",35.988278,-77.5843,11,2024,21,NA
2024-11-14,"Linville Falls","Avery",35.972347,-81.933072,11,2024,12,NA
2024-11-14,"Mendenhall School","Guilford",36.1090060008986,-79.802314,11,2024,27,NA
2024-11-14,"Millbrook School","Wake",35.856111,-78.574167,11,2024,27.5,24
2024-11-14,"Pitt Agri. Center","Pitt",35.6412760008938,-77.360126,11,2024,15,NA
2024-11-14,"West Johnston Co.","Johnston",35.59095,-78.4622,11,2024,29,NA
2024-11-15,"Bryson City","Swain",35.434767,-83.442133,11,2024,14,NA
2024-11-15,"Castle Hayne","New Hanover",34.364167,-77.838611,11,2024,17,NA
2024-11-15,"Clemmons Middle","Forsyth",36.026612,-80.341962,11,2024,20,NA
2024-11-15,"Durham Armory","Durham",36.0329550008979,-78.904037,11,2024,21,NA
2024-11-15,"Frying Pan Mountain","Haywood",35.379167,-82.7925,11,2024,NA,42
2024-11-15,"Garinger High School","Mecklenburg",35.2401000008895,-80.785683,11,2024,23,24
2024-11-15,"Hattie Avenue","Forsyth",36.11094,-80.224501,11,2024,16,NA
2024-11-15,"Leggett","Edgecombe",35.988278,-77.5843,11,2024,7,NA
2024-11-15,"Mendenhall School","Guilford",36.1090060008986,-79.802314,11,2024,13,NA
2024-11-15,"Millbrook School","Wake",35.856111,-78.574167,11,2024,22,27
2024-11-15,"Pitt Agri. Center","Pitt",35.6412760008938,-77.360126,11,2024,4,NA
2024-11-15,"West Johnston Co.","Johnston",35.59095,-78.4622,11,2024,10,NA
2024-11-16,"Bryson City","Swain",35.434767,-83.442133,11,2024,12,NA
2024-11-16,"Castle Hayne","New Hanover",34.364167,-77.838611,11,2024,28.5,NA
2024-11-16,"Clemmons Middle","Forsyth",36.026612,-80.341962,11,2024,25,NA
2024-11-16,"Durham Armory","Durham",36.0329550008979,-78.904037,11,2024,19,NA
2024-11-16,"Frying Pan Mountain","Haywood",35.379167,-82.7925,11,2024,NA,61
2024-11-16,"Garinger High School","Mecklenburg",35.2401000008895,-80.785683,11,2024,52,27
2024-11-16,"Hattie Avenue","Forsyth",36.11094,-80.224501,11,2024,28,NA
2024-11-16,"Leggett","Edgecombe",35.988278,-77.5843,11,2024,13,NA
2024-11-16,"Mendenhall School","Guilford",36.1090060008986,-79.802314,11,2024,37,NA
2024-11-16,"Millbrook School","Wake",35.856111,-78.574167,11,2024,25,28
2024-11-16,"Pitt Agri. Center","Pitt",35.6412760008938,-77.360126,11,2024,15,NA
2024-11-16,"West Johnston Co.","Johnston",35.59095,-78.4622,11,2024,38,NA
2024-11-17,"Bryson City","Swain",35.434767,-83.442133,11,2024,23,NA
2024-11-17,"Castle Hayne","New Hanover",34.364167,-77.838611,11,2024,39.5,NA
2024-11-17,"Clemmons Middle","Forsyth",36.026612,-80.341962,11,2024,56,NA
2024-11-17,"Durham Armory","Durham",36.0329550008979,-78.904037,11,2024,51,NA
2024-11-17,"Frying Pan Mountain","Haywood",35.379167,-82.7925,11,2024,6,48
2024-11-17,"Garinger High School","Mecklenburg",35.2401000008895,-80.785683,11,2024,66,33
2024-11-17,"Hattie Avenue","Forsyth",36.11094,-80.224501,11,2024,47.5,NA
2024-11-17,"Leggett","Edgecombe",35.988278,-77.5843,11,2024,27,NA
2024-11-17,"Linville Falls","Avery",35.972347,-81.933072,11,2024,19,NA
2024-11-17,"Mendenhall School","Guilford",36.1090060008986,-79.802314,11,2024,53,NA
2024-11-17,"Millbrook School","Wake",35.856111,-78.574167,11,2024,54.5,31
2024-11-17,"Pitt Agri. Center","Pitt",35.6412760008938,-77.360126,11,2024,27,NA
2024-11-17,"West Johnston Co.","Johnston",35.59095,-78.4622,11,2024,46,NA
2024-11-18,"Bryson City","Swain",35.434767,-83.442133,11,2024,51,NA
2024-11-18,"Clemmons Middle","Forsyth",36.026612,-80.341962,11,2024,58,NA
2024-11-18,"Durham Armory","Durham",36.0329550008979,-78.904037,11,2024,54,NA
2024-11-18,"Frying Pan Mountain","Haywood",35.379167,-82.7925,11,2024,NA,45
2024-11-18,"Garinger High School","Mecklenburg",35.2401000008895,-80.785683,11,2024,63,33
2024-11-18,"Hattie Avenue","Forsyth",36.11094,-80.224501,11,2024,55,NA
2024-11-18,"Mendenhall School","Guilford",36.1090060008986,-79.802314,11,2024,59,NA
2024-11-18,"Millbrook School","Wake",35.856111,-78.574167,11,2024,56,32
2024-11-18,"Pitt Agri. Center","Pitt",35.6412760008938,-77.360126,11,2024,47,NA
2024-11-18,"West Johnston Co.","Johnston",35.59095,-78.4622,11,2024,50,NA
2024-11-19,"Bryson City","Swain",35.434767,-83.442133,11,2024,60,NA
2024-11-19,"Castle Hayne","New Hanover",34.364167,-77.838611,11,2024,60.5,NA
2024-11-19,"Clemmons Middle","Forsyth",36.026612,-80.341962,11,2024,56,NA
2024-11-19,"Durham Armory","Durham",36.0329550008979,-78.904037,11,2024,60,NA
2024-11-19,"Frying Pan Mountain","Haywood",35.379167,-82.7925,11,2024,NA,40
2024-11-19,"Garinger High School","Mecklenburg",35.2401000008895,-80.785683,11,2024,59,27
2024-11-19,"Hattie Avenue","Forsyth",36.11094,-80.224501,11,2024,55,NA
2024-11-19,"Mendenhall School","Guilford",36.1090060008986,-79.802314,11,2024,58,NA
2024-11-19,"Millbrook School","Wake",35.856111,-78.574167,11,2024,66,29
2024-11-19,"Pitt Agri. Center","Pitt",35.6412760008938,-77.360126,11,2024,60,NA
2024-11-19,"West Johnston Co.","Johnston",35.59095,-78.4622,11,2024,67,NA
2024-11-20,"Bryson City","Swain",35.434767,-83.442133,11,2024,31,NA
2024-11-20,"Castle Hayne","New Hanover",34.364167,-77.838611,11,2024,39,NA
2024-11-20,"Clemmons Middle","Forsyth",36.026612,-80.341962,11,2024,42,NA
2024-11-20,"Durham Armory","Durham",36.0329550008979,-78.904037,11,2024,53,NA
2024-11-20,"Frying Pan Mountain","Haywood",35.379167,-82.7925,11,2024,NA,34
2024-11-20,"Garinger High School","Mecklenburg",35.2401000008895,-80.785683,11,2024,35,23
2024-11-20,"Hattie Avenue","Forsyth",36.11094,-80.224501,11,2024,34.5,NA
2024-11-20,"Leggett","Edgecombe",35.988278,-77.5843,11,2024,48,NA
2024-11-20,"Mendenhall School","Guilford",36.1090060008986,-79.802314,11,2024,43,NA
2024-11-20,"Millbrook School","Wake",35.856111,-78.574167,11,2024,50,31
2024-11-20,"Pitt Agri. Center","Pitt",35.6412760008938,-77.360126,11,2024,49,NA
2024-11-20,"West Johnston Co.","Johnston",35.59095,-78.4622,11,2024,52,NA
2024-11-21,"Bryson City","Swain",35.434767,-83.442133,11,2024,6,NA
2024-11-21,"Castle Hayne","New Hanover",34.364167,-77.838611,11,2024,19,NA
2024-11-21,"Clemmons Middle","Forsyth",36.026612,-80.341962,11,2024,12,NA
2024-11-21,"Frying Pan Mountain","Haywood",35.379167,-82.7925,11,2024,NA,35
2024-11-21,"Garinger High School","Mecklenburg",35.2401000008895,-80.785683,11,2024,12,31
2024-11-21,"Hattie Avenue","Forsyth",36.11094,-80.224501,11,2024,10,NA
2024-11-21,"Leggett","Edgecombe",35.988278,-77.5843,11,2024,9,NA
2024-11-21,"Mendenhall School","Guilford",36.1090060008986,-79.802314,11,2024,12,NA
2024-11-21,"Millbrook School","Wake",35.856111,-78.574167,11,2024,12,33
2024-11-21,"Pitt Agri. Center","Pitt",35.6412760008938,-77.360126,11,2024,0,NA
2024-11-21,"West Johnston Co.","Johnston",35.59095,-78.4622,11,2024,6,NA
2024-11-22,"Bryson City","Swain",35.434767,-83.442133,11,2024,8,NA
2024-11-22,"Castle Hayne","New Hanover",34.364167,-77.838611,11,2024,25,NA
2024-11-22,"Clemmons Middle","Forsyth",36.026612,-80.341962,11,2024,11,NA
2024-11-22,"Durham Armory","Durham",36.0329550008979,-78.904037,11,2024,17,NA
2024-11-22,"Frying Pan Mountain","Haywood",35.379167,-82.7925,11,2024,NA,25
2024-11-22,"Garinger High School","Mecklenburg",35.2401000008895,-80.785683,11,2024,9,18
2024-11-22,"Hattie Avenue","Forsyth",36.11094,-80.224501,11,2024,12,NA
2024-11-22,"Leggett","Edgecombe",35.988278,-77.5843,11,2024,11,NA
2024-11-22,"Mendenhall School","Guilford",36.1090060008986,-79.802314,11,2024,5,NA
2024-11-22,"Millbrook School","Wake",35.856111,-78.574167,11,2024,10,18
2024-11-22,"Pitt Agri. Center","Pitt",35.6412760008938,-77.360126,11,2024,0,NA
2024-11-22,"West Johnston Co.","Johnston",35.59095,-78.4622,11,2024,1,NA
2024-11-23,"Bryson City","Swain",35.434767,-83.442133,11,2024,7,NA
2024-11-23,"Castle Hayne","New Hanover",34.364167,-77.838611,11,2024,19.5,NA
2024-11-23,"Clemmons Middle","Forsyth",36.026612,-80.341962,11,2024,7,NA
2024-11-23,"Durham Armory","Durham",36.0329550008979,-78.904037,11,2024,18,NA
2024-11-23,"Frying Pan Mountain","Haywood",35.379167,-82.7925,11,2024,2,44
2024-11-23,"Garinger High School","Mecklenburg",35.2401000008895,-80.785683,11,2024,43,23
2024-11-23,"Hattie Avenue","Forsyth",36.11094,-80.224501,11,2024,7.5,NA
2024-11-23,"Leggett","Edgecombe",35.988278,-77.5843,11,2024,6,NA
2024-11-23,"Mendenhall School","Guilford",36.1090060008986,-79.802314,11,2024,9,NA
2024-11-23,"Millbrook School","Wake",35.856111,-78.574167,11,2024,11.5,20
2024-11-23,"Pitt Agri. Center","Pitt",35.6412760008938,-77.360126,11,2024,0,NA
2024-11-23,"West Johnston Co.","Johnston",35.59095,-78.4622,11,2024,12,NA
2024-11-24,"Bryson City","Swain",35.434767,-83.442133,11,2024,26,NA
2024-11-24,"Castle Hayne","New Hanover",34.364167,-77.838611,11,2024,32.5,NA
2024-11-24,"Clemmons Middle","Forsyth",36.026612,-80.341962,11,2024,29,NA
2024-11-24,"Durham Armory","Durham",36.0329550008979,-78.904037,11,2024,42,NA
2024-11-24,"Frying Pan Mountain","Haywood",35.379167,-82.7925,11,2024,NA,46
2024-11-24,"Garinger High School","Mecklenburg",35.2401000008895,-80.785683,11,2024,72,29
2024-11-24,"Hattie Avenue","Forsyth",36.11094,-80.224501,11,2024,44,NA
2024-11-24,"Leggett","Edgecombe",35.988278,-77.5843,11,2024,20,NA
2024-11-24,"Mendenhall School","Guilford",36.1090060008986,-79.802314,11,2024,46,NA
2024-11-24,"Millbrook School","Wake",35.856111,-78.574167,11,2024,36,24
2024-11-24,"Pitt Agri. Center","Pitt",35.6412760008938,-77.360126,11,2024,22,NA
2024-11-24,"West Johnston Co.","Johnston",35.59095,-78.4622,11,2024,18,NA
2024-11-25,"Bryson City","Swain",35.434767,-83.442133,11,2024,31,NA
2024-11-25,"Castle Hayne","New Hanover",34.364167,-77.838611,11,2024,46,NA
2024-11-25,"Clemmons Middle","Forsyth",36.026612,-80.341962,11,2024,50,NA
2024-11-25,"Durham Armory","Durham",36.0329550008979,-78.904037,11,2024,56,NA
2024-11-25,"Frying Pan Mountain","Haywood",35.379167,-82.7925,11,2024,NA,43
2024-11-25,"Garinger High School","Mecklenburg",35.2401000008895,-80.785683,11,2024,55,32
2024-11-25,"Hattie Avenue","Forsyth",36.11094,-80.224501,11,2024,55,NA
2024-11-25,"Leggett","Edgecombe",35.988278,-77.5843,11,2024,44,NA
2024-11-25,"Mendenhall School","Guilford",36.1090060008986,-79.802314,11,2024,64,NA
2024-11-25,"Millbrook School","Wake",35.856111,-78.574167,11,2024,64,27
2024-11-25,"Pitt Agri. Center","Pitt",35.6412760008938,-77.360126,11,2024,51,NA
2024-11-25,"West Johnston Co.","Johnston",35.59095,-78.4622,11,2024,55,NA
2024-11-26,"Bryson City","Swain",35.434767,-83.442133,11,2024,37,NA
2024-11-26,"Castle Hayne","New Hanover",34.364167,-77.838611,11,2024,39,NA
2024-11-26,"Clemmons Middle","Forsyth",36.026612,-80.341962,11,2024,44,NA
2024-11-26,"Durham Armory","Durham",36.0329550008979,-78.904037,11,2024,55,NA
2024-11-26,"Frying Pan Mountain","Haywood",35.379167,-82.7925,11,2024,9,40
2024-11-26,"Garinger High School","Mecklenburg",35.2401000008895,-80.785683,11,2024,37,27
2024-11-26,"Hattie Avenue","Forsyth",36.11094,-80.224501,11,2024,46,NA
2024-11-26,"Leggett","Edgecombe",35.988278,-77.5843,11,2024,41,NA
2024-11-26,"Mendenhall School","Guilford",36.1090060008986,-79.802314,11,2024,50,NA
2024-11-26,"Millbrook School","Wake",35.856111,-78.574167,11,2024,52,28
2024-11-26,"West Johnston Co.","Johnston",35.59095,-78.4622,11,2024,52,NA
2024-11-27,"Bryson City","Swain",35.434767,-83.442133,11,2024,30,NA
2024-11-27,"Castle Hayne","New Hanover",34.364167,-77.838611,11,2024,42,NA
2024-11-27,"Clemmons Middle","Forsyth",36.026612,-80.341962,11,2024,51,NA
2024-11-27,"Durham Armory","Durham",36.0329550008979,-78.904037,11,2024,48,NA
2024-11-27,"Garinger High School","Mecklenburg",35.2401000008895,-80.785683,11,2024,52,26
2024-11-27,"Hattie Avenue","Forsyth",36.11094,-80.224501,11,2024,52,NA
2024-11-27,"Leggett","Edgecombe",35.988278,-77.5843,11,2024,24,NA
2024-11-27,"Mendenhall School","Guilford",36.1090060008986,-79.802314,11,2024,40,NA
2024-11-27,"Millbrook School","Wake",35.856111,-78.574167,11,2024,36,27
2024-11-27,"West Johnston Co.","Johnston",35.59095,-78.4622,11,2024,42,NA
2024-11-28,"Bryson City","Swain",35.434767,-83.442133,11,2024,21,NA
2024-11-28,"Castle Hayne","New Hanover",34.364167,-77.838611,11,2024,35.5,NA
2024-11-28,"Clemmons Middle","Forsyth",36.026612,-80.341962,11,2024,48,NA
2024-11-28,"Durham Armory","Durham",36.0329550008979,-78.904037,11,2024,53,NA
2024-11-28,"Frying Pan Mountain","Haywood",35.379167,-82.7925,11,2024,NA,31
2024-11-28,"Garinger High School","Mecklenburg",35.2401000008895,-80.785683,11,2024,44,26
2024-11-28,"Hattie Avenue","Forsyth",36.11094,-80.224501,11,2024,52,NA
2024-11-28,"Leggett","Edgecombe",35.988278,-77.5843,11,2024,30,NA
2024-11-28,"Mendenhall School","Guilford",36.1090060008986,-79.802314,11,2024,37,NA
2024-11-28,"Millbrook School","Wake",35.856111,-78.574167,11,2024,41,28
2024-11-28,"West Johnston Co.","Johnston",35.59095,-78.4622,11,2024,36,NA
2024-11-29,"Bryson City","Swain",35.434767,-83.442133,11,2024,22,NA
2024-11-29,"Castle Hayne","New Hanover",34.364167,-77.838611,11,2024,30.5,NA
2024-11-29,"Clemmons Middle","Forsyth",36.026612,-80.341962,11,2024,29,NA
2024-11-29,"Durham Armory","Durham",36.0329550008979,-78.904037,11,2024,27,NA
2024-11-29,"Frying Pan Mountain","Haywood",35.379167,-82.7925,11,2024,13,34
2024-11-29,"Garinger High School","Mecklenburg",35.2401000008895,-80.785683,11,2024,25.5,29
2024-11-29,"Hattie Avenue","Forsyth",36.11094,-80.224501,11,2024,32,NA
2024-11-29,"Leggett","Edgecombe",35.988278,-77.5843,11,2024,15,NA
2024-11-29,"Linville Falls","Avery",35.972347,-81.933072,11,2024,20,NA
2024-11-29,"Mendenhall School","Guilford",36.1090060008986,-79.802314,11,2024,22,NA
2024-11-29,"Millbrook School","Wake",35.856111,-78.574167,11,2024,21,31
2024-11-29,"West Johnston Co.","Johnston",35.59095,-78.4622,11,2024,15,NA
2024-11-30,"Bryson City","Swain",35.434767,-83.442133,11,2024,8,NA
2024-11-30,"Castle Hayne","New Hanover",34.364167,-77.838611,11,2024,29,NA
2024-11-30,"Clemmons Middle","Forsyth",36.026612,-80.341962,11,2024,27,NA
2024-11-30,"Durham Armory","Durham",36.0329550008979,-78.904037,11,2024,35,NA
2024-11-30,"Garinger High School","Mecklenburg",35.2401000008895,-80.785683,11,2024,48,33
2024-11-30,"Hattie Avenue","Forsyth",36.11094,-80.224501,11,2024,27,NA
2024-11-30,"Leggett","Edgecombe",35.988278,-77.5843,11,2024,19,NA
2024-11-30,"Mendenhall School","Guilford",36.1090060008986,-79.802314,11,2024,28,NA
2024-11-30,"Millbrook School","Wake",35.856111,-78.574167,11,2024,37,34
2024-11-30,"West Johnston Co.","Johnston",35.59095,-78.4622,11,2024,17,NA
2024-12-01,"Bryson City","Swain",35.434767,-83.442133,12,2024,22,NA
2024-12-01,"Castle Hayne","New Hanover",34.364167,-77.838611,12,2024,38,NA
2024-12-01,"Clemmons Middle","Forsyth",36.026612,-80.341962,12,2024,38,NA
2024-12-01,"Durham Armory","Durham",36.0329550008979,-78.904037,12,2024,47,NA
2024-12-01,"Garinger High School","Mecklenburg",35.2401000008895,-80.785683,12,2024,63,30
2024-12-01,"Hattie Avenue","Forsyth",36.11094,-80.224501,12,2024,34,NA
2024-12-01,"Leggett","Edgecombe",35.988278,-77.5843,12,2024,29,NA
2024-12-01,"Mendenhall School","Guilford",36.1090060008986,-79.802314,12,2024,32,NA
2024-12-01,"Millbrook School","Wake",35.856111,-78.574167,12,2024,53,31
2024-12-01,"West Johnston Co.","Johnston",35.59095,-78.4622,12,2024,43,NA
2024-12-02,"Bryson City","Swain",35.434767,-83.442133,12,2024,12,NA
2024-12-02,"Castle Hayne","New Hanover",34.364167,-77.838611,12,2024,31,NA
2024-12-02,"Clemmons Middle","Forsyth",36.026612,-80.341962,12,2024,24,NA
2024-12-02,"Durham Armory","Durham",36.0329550008979,-78.904037,12,2024,31,NA
2024-12-02,"Frying Pan Mountain","Haywood",35.379167,-82.7925,12,2024,12,NA
2024-12-02,"Garinger High School","Mecklenburg",35.2401000008895,-80.785683,12,2024,32,32
2024-12-02,"Hattie Avenue","Forsyth",36.11094,-80.224501,12,2024,33,NA
2024-12-02,"Leggett","Edgecombe",35.988278,-77.5843,12,2024,17,NA
2024-12-02,"Linville Falls","Avery",35.972347,-81.933072,12,2024,11,NA
2024-12-02,"Mendenhall School","Guilford",36.1090060008986,-79.802314,12,2024,19,NA
2024-12-02,"Millbrook School","Wake",35.856111,-78.574167,12,2024,22,33
2024-12-02,"West Johnston Co.","Johnston",35.59095,-78.4622,12,2024,11,NA
2024-12-03,"Bryson City","Swain",35.434767,-83.442133,12,2024,19,NA
2024-12-03,"Castle Hayne","New Hanover",34.364167,-77.838611,12,2024,36,NA
2024-12-03,"Clemmons Middle","Forsyth",36.026612,-80.341962,12,2024,33,NA
2024-12-03,"Durham Armory","Durham",36.0329550008979,-78.904037,12,2024,32,NA
2024-12-03,"Garinger High School","Mecklenburg",35.2401000008895,-80.785683,12,2024,29,26
2024-12-03,"Hattie Avenue","Forsyth",36.11094,-80.224501,12,2024,33,NA
2024-12-03,"Leggett","Edgecombe",35.988278,-77.5843,12,2024,17,NA
2024-12-03,"Mendenhall School","Guilford",36.1090060008986,-79.802314,12,2024,23,NA
2024-12-03,"Millbrook School","Wake",35.856111,-78.574167,12,2024,21.5,27
2024-12-03,"West Johnston Co.","Johnston",35.59095,-78.4622,12,2024,12,NA
2024-12-04,"Bryson City","Swain",35.434767,-83.442133,12,2024,47,NA
2024-12-04,"Castle Hayne","New Hanover",34.364167,-77.838611,12,2024,40,NA
2024-12-04,"Clemmons Middle","Forsyth",36.026612,-80.341962,12,2024,53,NA
2024-12-04,"Durham Armory","Durham",36.0329550008979,-78.904037,12,2024,51,NA
2024-12-04,"Garinger High School","Mecklenburg",35.2401000008895,-80.785683,12,2024,52,32
2024-12-04,"Hattie Avenue","Forsyth",36.11094,-80.224501,12,2024,55,NA
2024-12-04,"Leggett","Edgecombe",35.988278,-77.5843,12,2024,42,NA
2024-12-04,"Mendenhall School","Guilford",36.1090060008986,-79.802314,12,2024,52,NA
2024-12-04,"Millbrook School","Wake",35.856111,-78.574167,12,2024,52,31
2024-12-04,"West Johnston Co.","Johnston",35.59095,-78.4622,12,2024,35,NA
2024-12-05,"Bryson City","Swain",35.434767,-83.442133,12,2024,37,NA
2024-12-05,"Castle Hayne","New Hanover",34.364167,-77.838611,12,2024,50.5,NA
2024-12-05,"Clemmons Middle","Forsyth",36.026612,-80.341962,12,2024,47,NA
2024-12-05,"Durham Armory","Durham",36.0329550008979,-78.904037,12,2024,59,NA
2024-12-05,"Garinger High School","Mecklenburg",35.2401000008895,-80.785683,12,2024,47.5,35
2024-12-05,"Hattie Avenue","Forsyth",36.11094,-80.224501,12,2024,49,NA
2024-12-05,"Leggett","Edgecombe",35.988278,-77.5843,12,2024,44,NA
2024-12-05,"Linville Falls","Avery",35.972347,-81.933072,12,2024,16,NA
2024-12-05,"Mendenhall School","Guilford",36.1090060008986,-79.802314,12,2024,46,NA
2024-12-05,"Millbrook School","Wake",35.856111,-78.574167,12,2024,51.5,34
2024-12-05,"West Johnston Co.","Johnston",35.59095,-78.4622,12,2024,42,NA
2024-12-06,"Bryson City","Swain",35.434767,-83.442133,12,2024,21,NA
2024-12-06,"Castle Hayne","New Hanover",34.364167,-77.838611,12,2024,36,NA
2024-12-06,"Clemmons Middle","Forsyth",36.026612,-80.341962,12,2024,29,NA
2024-12-06,"Durham Armory","Durham",36.0329550008979,-78.904037,12,2024,46,NA
2024-12-06,"Garinger High School","Mecklenburg",35.2401000008895,-80.785683,12,2024,38,30
2024-12-06,"Hattie Avenue","Forsyth",36.11094,-80.224501,12,2024,26,NA
2024-12-06,"Leggett","Edgecombe",35.988278,-77.5843,12,2024,11,NA
2024-12-06,"Mendenhall School","Guilford",36.1090060008986,-79.802314,12,2024,26,NA
2024-12-06,"Millbrook School","Wake",35.856111,-78.574167,12,2024,28,28
2024-12-06,"West Johnston Co.","Johnston",35.59095,-78.4622,12,2024,10,NA
2024-12-07,"Bryson City","Swain",35.434767,-83.442133,12,2024,28,NA
2024-12-07,"Castle Hayne","New Hanover",34.364167,-77.838611,12,2024,36.5,NA
2024-12-07,"Clemmons Middle","Forsyth",36.026612,-80.341962,12,2024,50,NA
2024-12-07,"Durham Armory","Durham",36.0329550008979,-78.904037,12,2024,42,NA
2024-12-07,"Garinger High School","Mecklenburg",35.2401000008895,-80.785683,12,2024,63,31
2024-12-07,"Hattie Avenue","Forsyth",36.11094,-80.224501,12,2024,52,NA
2024-12-07,"Leggett","Edgecombe",35.988278,-77.5843,12,2024,24,NA
2024-12-07,"Mendenhall School","Guilford",36.1090060008986,-79.802314,12,2024,46,NA
2024-12-07,"Millbrook School","Wake",35.856111,-78.574167,12,2024,56,31
2024-12-07,"West Johnston Co.","Johnston",35.59095,-78.4622,12,2024,32,NA
2024-12-08,"Bryson City","Swain",35.434767,-83.442133,12,2024,33,NA
2024-12-08,"Castle Hayne","New Hanover",34.364167,-77.838611,12,2024,41.5,NA
2024-12-08,"Clemmons Middle","Forsyth",36.026612,-80.341962,12,2024,49.5,NA
2024-12-08,"Durham Armory","Durham",36.0329550008979,-78.904037,12,2024,57,NA
2024-12-08,"Frying Pan Mountain","Haywood",35.379167,-82.7925,12,2024,5,NA
2024-12-08,"Garinger High School","Mecklenburg",35.2401000008895,-80.785683,12,2024,52.5,34
2024-12-08,"Hattie Avenue","Forsyth",36.11094,-80.224501,12,2024,51.5,NA
2024-12-08,"Leggett","Edgecombe",35.988278,-77.5843,12,2024,53,NA
2024-12-08,"Linville Falls","Avery",35.972347,-81.933072,12,2024,6,NA
2024-12-08,"Mendenhall School","Guilford",36.1090060008986,-79.802314,12,2024,52,NA
2024-12-08,"Millbrook School","Wake",35.856111,-78.574167,12,2024,54,35
2024-12-08,"West Johnston Co.","Johnston",35.59095,-78.4622,12,2024,54,NA
2024-12-09,"Bryson City","Swain",35.434767,-83.442133,12,2024,32,NA
2024-12-09,"Castle Hayne","New Hanover",34.364167,-77.838611,12,2024,44.5,NA
2024-12-09,"Clemmons Middle","Forsyth",36.026612,-80.341962,12,2024,57,NA
2024-12-09,"Durham Armory","Durham",36.0329550008979,-78.904037,12,2024,56,NA
2024-12-09,"Garinger High School","Mecklenburg",35.2401000008895,-80.785683,12,2024,53,19
2024-12-09,"Hattie Avenue","Forsyth",36.11094,-80.224501,12,2024,57,NA
2024-12-09,"Leggett","Edgecombe",35.988278,-77.5843,12,2024,47,NA
2024-12-09,"Mendenhall School","Guilford",36.1090060008986,-79.802314,12,2024,56,NA
2024-12-09,"Millbrook School","Wake",35.856111,-78.574167,12,2024,49,27
2024-12-09,"West Johnston Co.","Johnston",35.59095,-78.4622,12,2024,58,NA
2024-12-10,"Bryson City","Swain",35.434767,-83.442133,12,2024,23,NA
2024-12-10,"Castle Hayne","New Hanover",34.364167,-77.838611,12,2024,24.5,NA
2024-12-10,"Clemmons Middle","Forsyth",36.026612,-80.341962,12,2024,58,NA
2024-12-10,"Durham Armory","Durham",36.0329550008979,-78.904037,12,2024,57,NA
2024-12-10,"Garinger High School","Mecklenburg",35.2401000008895,-80.785683,12,2024,45,27
2024-12-10,"Hattie Avenue","Forsyth",36.11094,-80.224501,12,2024,57,NA
2024-12-10,"Leggett","Edgecombe",35.988278,-77.5843,12,2024,57,NA
2024-12-10,"Mendenhall School","Guilford",36.1090060008986,-79.802314,12,2024,55,NA
2024-12-10,"Millbrook School","Wake",35.856111,-78.574167,12,2024,60,26
2024-12-10,"Pitt Agri. Center","Pitt",35.6412760008938,-77.360126,12,2024,52,NA
2024-12-10,"West Johnston Co.","Johnston",35.59095,-78.4622,12,2024,57,NA
2024-12-11,"Bryson City","Swain",35.434767,-83.442133,12,2024,10,NA
2024-12-11,"Castle Hayne","New Hanover",34.364167,-77.838611,12,2024,24.5,NA
2024-12-11,"Clemmons Middle","Forsyth",36.026612,-80.341962,12,2024,14,NA
2024-12-11,"Durham Armory","Durham",36.0329550008979,-78.904037,12,2024,21,NA
2024-12-11,"Frying Pan Mountain","Haywood",35.379167,-82.7925,12,2024,6,NA
2024-12-11,"Garinger High School","Mecklenburg",35.2401000008895,-80.785683,12,2024,17.5,26
2024-12-11,"Hattie Avenue","Forsyth",36.11094,-80.224501,12,2024,18.5,NA
2024-12-11,"Leggett","Edgecombe",35.988278,-77.5843,12,2024,18,NA
2024-12-11,"Linville Falls","Avery",35.972347,-81.933072,12,2024,6,NA
2024-12-11,"Mendenhall School","Guilford",36.1090060008986,-79.802314,12,2024,13,NA
2024-12-11,"Millbrook School","Wake",35.856111,-78.574167,12,2024,19.5,NA
2024-12-11,"Pitt Agri. Center","Pitt",35.6412760008938,-77.360126,12,2024,5,NA
2024-12-11,"West Johnston Co.","Johnston",35.59095,-78.4622,12,2024,14,NA
2024-12-12,"Bryson City","Swain",35.434767,-83.442133,12,2024,19,NA
2024-12-12,"Castle Hayne","New Hanover",34.364167,-77.838611,12,2024,32,NA
2024-12-12,"Clemmons Middle","Forsyth",36.026612,-80.341962,12,2024,22,NA
2024-12-12,"Durham Armory","Durham",36.0329550008979,-78.904037,12,2024,47,NA
2024-12-12,"Garinger High School","Mecklenburg",35.2401000008895,-80.785683,12,2024,42,31
2024-12-12,"Hattie Avenue","Forsyth",36.11094,-80.224501,12,2024,36,NA
2024-12-12,"Leggett","Edgecombe",35.988278,-77.5843,12,2024,22,NA
2024-12-12,"Mendenhall School","Guilford",36.1090060008986,-79.802314,12,2024,31,NA
2024-12-12,"Millbrook School","Wake",35.856111,-78.574167,12,2024,33,NA
2024-12-12,"Pitt Agri. Center","Pitt",35.6412760008938,-77.360126,12,2024,11,NA
2024-12-12,"West Johnston Co.","Johnston",35.59095,-78.4622,12,2024,8,NA
2024-12-13,"Bryson City","Swain",35.434767,-83.442133,12,2024,41,NA
2024-12-13,"Castle Hayne","New Hanover",34.364167,-77.838611,12,2024,42,NA
2024-12-13,"Clemmons Middle","Forsyth",36.026612,-80.341962,12,2024,51,NA
2024-12-13,"Durham Armory","Durham",36.0329550008979,-78.904037,12,2024,57,NA
2024-12-13,"Garinger High School","Mecklenburg",35.2401000008895,-80.785683,12,2024,56,24
2024-12-13,"Hattie Avenue","Forsyth",36.11094,-80.224501,12,2024,57,NA
2024-12-13,"Leggett","Edgecombe",35.988278,-77.5843,12,2024,33,NA
2024-12-13,"Mendenhall School","Guilford",36.1090060008986,-79.802314,12,2024,52,NA
2024-12-13,"Millbrook School","Wake",35.856111,-78.574167,12,2024,51,24
2024-12-13,"Pitt Agri. Center","Pitt",35.6412760008938,-77.360126,12,2024,33,NA
2024-12-13,"West Johnston Co.","Johnston",35.59095,-78.4622,12,2024,31,NA
2024-12-14,"Bryson City","Swain",35.434767,-83.442133,12,2024,29,NA
2024-12-14,"Castle Hayne","New Hanover",34.364167,-77.838611,12,2024,32,NA
2024-12-14,"Clemmons Middle","Forsyth",36.026612,-80.341962,12,2024,46.5,NA
2024-12-14,"Durham Armory","Durham",36.0329550008979,-78.904037,12,2024,55,NA
2024-12-14,"Frying Pan Mountain","Haywood",35.379167,-82.7925,12,2024,23,NA
2024-12-14,"Garinger High School","Mecklenburg",35.2401000008895,-80.785683,12,2024,55,23
2024-12-14,"Hattie Avenue","Forsyth",36.11094,-80.224501,12,2024,50.5,NA
2024-12-14,"Leggett","Edgecombe",35.988278,-77.5843,12,2024,34,NA
2024-12-14,"Linville Falls","Avery",35.972347,-81.933072,12,2024,26,NA
2024-12-14,"Mendenhall School","Guilford",36.1090060008986,-79.802314,12,2024,53,NA
2024-12-14,"Millbrook School","Wake",35.856111,-78.574167,12,2024,41.5,26
2024-12-14,"Pitt Agri. Center","Pitt",35.6412760008938,-77.360126,12,2024,21,NA
2024-12-14,"West Johnston Co.","Johnston",35.59095,-78.4622,12,2024,36,NA
2024-12-15,"Bryson City","Swain",35.434767,-83.442133,12,2024,19,NA
2024-12-15,"Castle Hayne","New Hanover",34.364167,-77.838611,12,2024,21.5,NA
2024-12-15,"Clemmons Middle","Forsyth",36.026612,-80.341962,12,2024,41,NA
2024-12-15,"Durham Armory","Durham",36.0329550008979,-78.904037,12,2024,44,NA
2024-12-15,"Garinger High School","Mecklenburg",35.2401000008895,-80.785683,12,2024,40,21
2024-12-15,"Hattie Avenue","Forsyth",36.11094,-80.224501,12,2024,42,NA
2024-12-15,"Leggett","Edgecombe",35.988278,-77.5843,12,2024,26,NA
2024-12-15,"Mendenhall School","Guilford",36.1090060008986,-79.802314,12,2024,29,NA
2024-12-15,"Millbrook School","Wake",35.856111,-78.574167,12,2024,29,27
2024-12-15,"Pitt Agri. Center","Pitt",35.6412760008938,-77.360126,12,2024,14,NA
2024-12-15,"West Johnston Co.","Johnston",35.59095,-78.4622,12,2024,27,NA
2024-12-16,"Bryson City","Swain",35.434767,-83.442133,12,2024,24,NA
2024-12-16,"Castle Hayne","New Hanover",34.364167,-77.838611,12,2024,19.5,NA
2024-12-16,"Clemmons Middle","Forsyth",36.026612,-80.341962,12,2024,44,NA
2024-12-16,"Durham Armory","Durham",36.0329550008979,-78.904037,12,2024,47,NA
2024-12-16,"Garinger High School","Mecklenburg",35.2401000008895,-80.785683,12,2024,42,14
2024-12-16,"Hattie Avenue","Forsyth",36.11094,-80.224501,12,2024,45,NA
2024-12-16,"Leggett","Edgecombe",35.988278,-77.5843,12,2024,23,NA
2024-12-16,"Mendenhall School","Guilford",36.1090060008986,-79.802314,12,2024,34,NA
2024-12-16,"Millbrook School","Wake",35.856111,-78.574167,12,2024,48,9
2024-12-16,"Pitt Agri. Center","Pitt",35.6412760008938,-77.360126,12,2024,22,NA
2024-12-16,"West Johnston Co.","Johnston",35.59095,-78.4622,12,2024,39,NA
2024-12-17,"Bryson City","Swain",35.434767,-83.442133,12,2024,17,NA
2024-12-17,"Castle Hayne","New Hanover",34.364167,-77.838611,12,2024,19,NA
2024-12-17,"Clemmons Middle","Forsyth",36.026612,-80.341962,12,2024,49,NA
2024-12-17,"Durham Armory","Durham",36.0329550008979,-78.904037,12,2024,56,NA
2024-12-17,"Frying Pan Mountain","Haywood",35.379167,-82.7925,12,2024,6,NA
2024-12-17,"Garinger High School","Mecklenburg",35.2401000008895,-80.785683,12,2024,51,23
2024-12-17,"Hattie Avenue","Forsyth",36.11094,-80.224501,12,2024,45.5,NA
2024-12-17,"Leggett","Edgecombe",35.988278,-77.5843,12,2024,34,NA
2024-12-17,"Linville Falls","Avery",35.972347,-81.933072,12,2024,13,NA
2024-12-17,"Mendenhall School","Guilford",36.1090060008986,-79.802314,12,2024,46,NA
2024-12-17,"Millbrook School","Wake",35.856111,-78.574167,12,2024,55,26
2024-12-17,"Pitt Agri. Center","Pitt",35.6412760008938,-77.360126,12,2024,28,NA
2024-12-17,"West Johnston Co.","Johnston",35.59095,-78.4622,12,2024,62,NA
2024-12-18,"Bryson City","Swain",35.434767,-83.442133,12,2024,26,NA
2024-12-18,"Castle Hayne","New Hanover",34.364167,-77.838611,12,2024,17,NA
2024-12-18,"Clemmons Middle","Forsyth",36.026612,-80.341962,12,2024,54,NA
2024-12-18,"Durham Armory","Durham",36.0329550008979,-78.904037,12,2024,53,NA
2024-12-18,"Garinger High School","Mecklenburg",35.2401000008895,-80.785683,12,2024,50,25
2024-12-18,"Hattie Avenue","Forsyth",36.11094,-80.224501,12,2024,51,NA
2024-12-18,"Leggett","Edgecombe",35.988278,-77.5843,12,2024,49,NA
2024-12-18,"Mendenhall School","Guilford",36.1090060008986,-79.802314,12,2024,52,NA
2024-12-18,"Millbrook School","Wake",35.856111,-78.574167,12,2024,55,21
2024-12-18,"Pitt Agri. Center","Pitt",35.6412760008938,-77.360126,12,2024,36,NA
2024-12-18,"West Johnston Co.","Johnston",35.59095,-78.4622,12,2024,55,NA
2024-12-19,"Bryson City","Swain",35.434767,-83.442133,12,2024,9,NA
2024-12-19,"Castle Hayne","New Hanover",34.364167,-77.838611,12,2024,25.5,NA
2024-12-19,"Clemmons Middle","Forsyth",36.026612,-80.341962,12,2024,17,NA
2024-12-19,"Durham Armory","Durham",36.0329550008979,-78.904037,12,2024,28,NA
2024-12-19,"Garinger High School","Mecklenburg",35.2401000008895,-80.785683,12,2024,26,26
2024-12-19,"Hattie Avenue","Forsyth",36.11094,-80.224501,12,2024,16,NA
2024-12-19,"Leggett","Edgecombe",35.988278,-77.5843,12,2024,12,NA
2024-12-19,"Mendenhall School","Guilford",36.1090060008986,-79.802314,12,2024,9,NA
2024-12-19,"Millbrook School","Wake",35.856111,-78.574167,12,2024,21,25
2024-12-19,"Pitt Agri. Center","Pitt",35.6412760008938,-77.360126,12,2024,10,NA
2024-12-19,"West Johnston Co.","Johnston",35.59095,-78.4622,12,2024,20,NA
2024-12-20,"Bryson City","Swain",35.434767,-83.442133,12,2024,17,NA
2024-12-20,"Castle Hayne","New Hanover",34.364167,-77.838611,12,2024,37,NA
2024-12-20,"Clemmons Middle","Forsyth",36.026612,-80.341962,12,2024,29,NA
2024-12-20,"Durham Armory","Durham",36.0329550008979,-78.904037,12,2024,48,NA
2024-12-20,"Frying Pan Mountain","Haywood",35.379167,-82.7925,12,2024,7,NA
2024-12-20,"Garinger High School","Mecklenburg",35.2401000008895,-80.785683,12,2024,34.5,21
2024-12-20,"Hattie Avenue","Forsyth",36.11094,-80.224501,12,2024,27.5,NA
2024-12-20,"Leggett","Edgecombe",35.988278,-77.5843,12,2024,24,NA
2024-12-20,"Linville Falls","Avery",35.972347,-81.933072,12,2024,13,NA
2024-12-20,"Mendenhall School","Guilford",36.1090060008986,-79.802314,12,2024,21,NA
2024-12-20,"Millbrook School","Wake",35.856111,-78.574167,12,2024,39.5,19
2024-12-20,"Pitt Agri. Center","Pitt",35.6412760008938,-77.360126,12,2024,21,NA
2024-12-20,"West Johnston Co.","Johnston",35.59095,-78.4622,12,2024,32,NA
2024-12-21,"Bryson City","Swain",35.434767,-83.442133,12,2024,21,NA
2024-12-21,"Castle Hayne","New Hanover",34.364167,-77.838611,12,2024,33,NA
2024-12-21,"Clemmons Middle","Forsyth",36.026612,-80.341962,12,2024,22,NA
2024-12-21,"Durham Armory","Durham",36.0329550008979,-78.904037,12,2024,26,NA
2024-12-21,"Garinger High School","Mecklenburg",35.2401000008895,-80.785683,12,2024,21,28
2024-12-21,"Hattie Avenue","Forsyth",36.11094,-80.224501,12,2024,13,NA
2024-12-21,"Leggett","Edgecombe",35.988278,-77.5843,12,2024,15,NA
2024-12-21,"Mendenhall School","Guilford",36.1090060008986,-79.802314,12,2024,7,NA
2024-12-21,"Millbrook School","Wake",35.856111,-78.574167,12,2024,12,27
2024-12-21,"Pitt Agri. Center","Pitt",35.6412760008938,-77.360126,12,2024,17,NA
2024-12-21,"West Johnston Co.","Johnston",35.59095,-78.4622,12,2024,0,NA
2024-12-22,"Bryson City","Swain",35.434767,-83.442133,12,2024,36,NA
2024-12-22,"Castle Hayne","New Hanover",34.364167,-77.838611,12,2024,26.5,NA
2024-12-22,"Clemmons Middle","Forsyth",36.026612,-80.341962,12,2024,29,NA
2024-12-22,"Durham Armory","Durham",36.0329550008979,-78.904037,12,2024,44,NA
2024-12-22,"Garinger High School","Mecklenburg",35.2401000008895,-80.785683,12,2024,27,32
2024-12-22,"Hattie Avenue","Forsyth",36.11094,-80.224501,12,2024,41,NA
2024-12-22,"Leggett","Edgecombe",35.988278,-77.5843,12,2024,15,NA
2024-12-22,"Mendenhall School","Guilford",36.1090060008986,-79.802314,12,2024,44,NA
2024-12-22,"Millbrook School","Wake",35.856111,-78.574167,12,2024,24,33
2024-12-22,"Pitt Agri. Center","Pitt",35.6412760008938,-77.360126,12,2024,11,NA
2024-12-22,"West Johnston Co.","Johnston",35.59095,-78.4622,12,2024,3,NA
2024-12-23,"Bryson City","Swain",35.434767,-83.442133,12,2024,51,NA
2024-12-23,"Castle Hayne","New Hanover",34.364167,-77.838611,12,2024,31.5,NA
2024-12-23,"Clemmons Middle","Forsyth",36.026612,-80.341962,12,2024,59,NA
2024-12-23,"Durham Armory","Durham",36.0329550008979,-78.904037,12,2024,57,NA
2024-12-23,"Frying Pan Mountain","Haywood",35.379167,-82.7925,12,2024,11,NA
2024-12-23,"Garinger High School","Mecklenburg",35.2401000008895,-80.785683,12,2024,52.5,32
2024-12-23,"Hattie Avenue","Forsyth",36.11094,-80.224501,12,2024,57.5,NA
2024-12-23,"Leggett","Edgecombe",35.988278,-77.5843,12,2024,21,NA
2024-12-23,"Linville Falls","Avery",35.972347,-81.933072,12,2024,23,NA
2024-12-23,"Mendenhall School","Guilford",36.1090060008986,-79.802314,12,2024,60,NA
2024-12-23,"Millbrook School","Wake",35.856111,-78.574167,12,2024,39.5,32
2024-12-23,"Pitt Agri. Center","Pitt",35.6412760008938,-77.360126,12,2024,14,NA
2024-12-23,"West Johnston Co.","Johnston",35.59095,-78.4622,12,2024,18,NA
2024-12-24,"Bryson City","Swain",35.434767,-83.442133,12,2024,63,NA
2024-12-24,"Castle Hayne","New Hanover",34.364167,-77.838611,12,2024,20,NA
2024-12-24,"Clemmons Middle","Forsyth",36.026612,-80.341962,12,2024,62,NA
2024-12-24,"Durham Armory","Durham",36.0329550008979,-78.904037,12,2024,58,NA
2024-12-24,"Garinger High School","Mecklenburg",35.2401000008895,-80.785683,12,2024,68,27
2024-12-24,"Hattie Avenue","Forsyth",36.11094,-80.224501,12,2024,61,NA
2024-12-24,"Leggett","Edgecombe",35.988278,-77.5843,12,2024,26,NA
2024-12-24,"Mendenhall School","Guilford",36.1090060008986,-79.802314,12,2024,59,NA
2024-12-24,"Millbrook School","Wake",35.856111,-78.574167,12,2024,46,30
2024-12-24,"Pitt Agri. Center","Pitt",35.6412760008938,-77.360126,12,2024,19,NA
2024-12-24,"West Johnston Co.","Johnston",35.59095,-78.4622,12,2024,41,NA
2024-12-25,"Bryson City","Swain",35.434767,-83.442133,12,2024,59,NA
2024-12-25,"Castle Hayne","New Hanover",34.364167,-77.838611,12,2024,37.5,NA
2024-12-25,"Clemmons Middle","Forsyth",36.026612,-80.341962,12,2024,53,NA
2024-12-25,"Durham Armory","Durham",36.0329550008979,-78.904037,12,2024,65,NA
2024-12-25,"Garinger High School","Mecklenburg",35.2401000008895,-80.785683,12,2024,59,34
2024-12-25,"Hattie Avenue","Forsyth",36.11094,-80.224501,12,2024,47,NA
2024-12-25,"Leggett","Edgecombe",35.988278,-77.5843,12,2024,32,NA
2024-12-25,"Mendenhall School","Guilford",36.1090060008986,-79.802314,12,2024,51,NA
2024-12-25,"Millbrook School","Wake",35.856111,-78.574167,12,2024,48,29
2024-12-25,"Pitt Agri. Center","Pitt",35.6412760008938,-77.360126,12,2024,21,NA
2024-12-25,"West Johnston Co.","Johnston",35.59095,-78.4622,12,2024,38,NA
2024-12-26,"Bryson City","Swain",35.434767,-83.442133,12,2024,56,NA
2024-12-26,"Castle Hayne","New Hanover",34.364167,-77.838611,12,2024,36,NA
2024-12-26,"Clemmons Middle","Forsyth",36.026612,-80.341962,12,2024,55,NA
2024-12-26,"Durham Armory","Durham",36.0329550008979,-78.904037,12,2024,57,NA
2024-12-26,"Frying Pan Mountain","Haywood",35.379167,-82.7925,12,2024,19,NA
2024-12-26,"Garinger High School","Mecklenburg",35.2401000008895,-80.785683,12,2024,53.5,29
2024-12-26,"Hattie Avenue","Forsyth",36.11094,-80.224501,12,2024,56,NA
2024-12-26,"Leggett","Edgecombe",35.988278,-77.5843,12,2024,48,NA
2024-12-26,"Linville Falls","Avery",35.972347,-81.933072,12,2024,38,NA
2024-12-26,"Mendenhall School","Guilford",36.1090060008986,-79.802314,12,2024,51,NA
2024-12-26,"Millbrook School","Wake",35.856111,-78.574167,12,2024,52,28
2024-12-26,"Pitt Agri. Center","Pitt",35.6412760008938,-77.360126,12,2024,30,NA
2024-12-26,"West Johnston Co.","Johnston",35.59095,-78.4622,12,2024,39,NA
2024-12-27,"Bryson City","Swain",35.434767,-83.442133,12,2024,27,NA
2024-12-27,"Castle Hayne","New Hanover",34.364167,-77.838611,12,2024,31,NA
2024-12-27,"Clemmons Middle","Forsyth",36.026612,-80.341962,12,2024,59,NA
2024-12-27,"Durham Armory","Durham",36.0329550008979,-78.904037,12,2024,62,NA
2024-12-27,"Garinger High School","Mecklenburg",35.2401000008895,-80.785683,12,2024,56,20
2024-12-27,"Hattie Avenue","Forsyth",36.11094,-80.224501,12,2024,58,NA
2024-12-27,"Leggett","Edgecombe",35.988278,-77.5843,12,2024,52,NA
2024-12-27,"Mendenhall School","Guilford",36.1090060008986,-79.802314,12,2024,55,NA
2024-12-27,"Millbrook School","Wake",35.856111,-78.574167,12,2024,58,22
2024-12-27,"Pitt Agri. Center","Pitt",35.6412760008938,-77.360126,12,2024,35,NA
2024-12-27,"West Johnston Co.","Johnston",35.59095,-78.4622,12,2024,49,NA
2024-12-28,"Bryson City","Swain",35.434767,-83.442133,12,2024,18,NA
2024-12-28,"Castle Hayne","New Hanover",34.364167,-77.838611,12,2024,17,NA
2024-12-28,"Clemmons Middle","Forsyth",36.026612,-80.341962,12,2024,25,NA
2024-12-28,"Durham Armory","Durham",36.0329550008979,-78.904037,12,2024,57,NA
2024-12-28,"Garinger High School","Mecklenburg",35.2401000008895,-80.785683,12,2024,28,16
2024-12-28,"Hattie Avenue","Forsyth",36.11094,-80.224501,12,2024,27,NA
2024-12-28,"Leggett","Edgecombe",35.988278,-77.5843,12,2024,25,NA
2024-12-28,"Mendenhall School","Guilford",36.1090060008986,-79.802314,12,2024,31,NA
2024-12-28,"Millbrook School","Wake",35.856111,-78.574167,12,2024,46,30
2024-12-28,"Pitt Agri. Center","Pitt",35.6412760008938,-77.360126,12,2024,10,NA
2024-12-28,"West Johnston Co.","Johnston",35.59095,-78.4622,12,2024,36,NA
2024-12-29,"Bryson City","Swain",35.434767,-83.442133,12,2024,9,NA
2024-12-29,"Castle Hayne","New Hanover",34.364167,-77.838611,12,2024,21.5,NA
2024-12-29,"Clemmons Middle","Forsyth",36.026612,-80.341962,12,2024,19,NA
2024-12-29,"Durham Armory","Durham",36.0329550008979,-78.904037,12,2024,23,NA
2024-12-29,"Frying Pan Mountain","Haywood",35.379167,-82.7925,12,2024,2,NA
2024-12-29,"Garinger High School","Mecklenburg",35.2401000008895,-80.785683,12,2024,16,34
2024-12-29,"Hattie Avenue","Forsyth",36.11094,-80.224501,12,2024,20.5,NA
2024-12-29,"Leggett","Edgecombe",35.988278,-77.5843,12,2024,12,NA
2024-12-29,"Linville Falls","Avery",35.972347,-81.933072,12,2024,4,NA
2024-12-29,"Mendenhall School","Guilford",36.1090060008986,-79.802314,12,2024,17,NA
2024-12-29,"Millbrook School","Wake",35.856111,-78.574167,12,2024,18,36
2024-12-29,"Pitt Agri. Center","Pitt",35.6412760008938,-77.360126,12,2024,7,NA
2024-12-29,"West Johnston Co.","Johnston",35.59095,-78.4622,12,2024,8,NA
2024-12-30,"Bryson City","Swain",35.434767,-83.442133,12,2024,24,NA
2024-12-30,"Castle Hayne","New Hanover",34.364167,-77.838611,12,2024,25,NA
2024-12-30,"Clemmons Middle","Forsyth",36.026612,-80.341962,12,2024,23,NA
2024-12-30,"Durham Armory","Durham",36.0329550008979,-78.904037,12,2024,39,NA
2024-12-30,"Garinger High School","Mecklenburg",35.2401000008895,-80.785683,12,2024,32,29
2024-12-30,"Hattie Avenue","Forsyth",36.11094,-80.224501,12,2024,32,NA
2024-12-30,"Leggett","Edgecombe",35.988278,-77.5843,12,2024,9,NA
2024-12-30,"Mendenhall School","Guilford",36.1090060008986,-79.802314,12,2024,19,NA
2024-12-30,"Millbrook School","Wake",35.856111,-78.574167,12,2024,23,32
2024-12-30,"Pitt Agri. Center","Pitt",35.6412760008938,-77.360126,12,2024,8,NA
2024-12-30,"West Johnston Co.","Johnston",35.59095,-78.4622,12,2024,11,NA
2024-12-31,"Bryson City","Swain",35.434767,-83.442133,12,2024,25,NA
2024-12-31,"Castle Hayne","New Hanover",34.364167,-77.838611,12,2024,35.5,NA
2024-12-31,"Clemmons Middle","Forsyth",36.026612,-80.341962,12,2024,53,NA
2024-12-31,"Durham Armory","Durham",36.0329550008979,-78.904037,12,2024,36,NA
2024-12-31,"Garinger High School","Mecklenburg",35.2401000008895,-80.785683,12,2024,48,NA
2024-12-31,"Hattie Avenue","Forsyth",36.11094,-80.224501,12,2024,54,NA
2024-12-31,"Leggett","Edgecombe",35.988278,-77.5843,12,2024,21,NA
2024-12-31,"Mendenhall School","Guilford",36.1090060008986,-79.802314,12,2024,46,NA
2024-12-31,"Millbrook School","Wake",35.856111,-78.574167,12,2024,43,NA
2024-12-31,"Pitt Agri. Center","Pitt",35.6412760008938,-77.360126,12,2024,33,NA
2024-12-31,"West Johnston Co.","Johnston",35.59095,-78.4622,12,2024,31,NA
2025-01-01,"Bryson City","Swain",35.434767,-83.442133,1,2025,7,NA
2025-01-01,"Castle Hayne","New Hanover",34.364167,-77.838611,1,2025,23,NA
2025-01-01,"Clemmons Middle","Forsyth",36.026612,-80.341962,1,2025,6.5,NA
2025-01-01,"Durham Armory","Durham",36.0329550008979,-78.904037,1,2025,18,NA
2025-01-01,"Garinger High School","Mecklenburg",35.2401000008895,-80.785683,1,2025,13,30
2025-01-01,"Hattie Avenue","Forsyth",36.11094,-80.224501,1,2025,7,NA
2025-01-01,"Leggett","Edgecombe",35.988278,-77.5843,1,2025,4,NA
2025-01-01,"Linville Falls","Avery",35.972347,-81.933072,1,2025,4,NA
2025-01-01,"Mendenhall School","Guilford",36.1090060008986,-79.802314,1,2025,8,NA
2025-01-01,"Millbrook School","Wake",35.856111,-78.574167,1,2025,11.5,31
2025-01-01,"Pitt Agri. Center","Pitt",35.6412760008938,-77.360126,1,2025,0,NA
2025-01-01,"West Johnston Co.","Johnston",35.59095,-78.4622,1,2025,0,NA
2025-01-02,"Bryson City","Swain",35.434767,-83.442133,1,2025,11,NA
2025-01-02,"Castle Hayne","New Hanover",34.364167,-77.838611,1,2025,27,NA
2025-01-02,"Clemmons Middle","Forsyth",36.026612,-80.341962,1,2025,26,NA
2025-01-02,"Durham Armory","Durham",36.0329550008979,-78.904037,1,2025,33,NA
2025-01-02,"Garinger High School","Mecklenburg",35.2401000008895,-80.785683,1,2025,43,29
2025-01-02,"Hattie Avenue","Forsyth",36.11094,-80.224501,1,2025,22,NA
2025-01-02,"Leggett","Edgecombe",35.988278,-77.5843,1,2025,16,NA
2025-01-02,"Mendenhall School","Guilford",36.1090060008986,-79.802314,1,2025,22,NA
2025-01-02,"Millbrook School","Wake",35.856111,-78.574167,1,2025,23,29
2025-01-02,"Pitt Agri. Center","Pitt",35.6412760008938,-77.360126,1,2025,9,NA
2025-01-02,"West Johnston Co.","Johnston",35.59095,-78.4622,1,2025,3,NA
2025-01-03,"Bryson City","Swain",35.434767,-83.442133,1,2025,25,NA
2025-01-03,"Castle Hayne","New Hanover",34.364167,-77.838611,1,2025,35.5,NA
2025-01-03,"Clemmons Middle","Forsyth",36.026612,-80.341962,1,2025,25,NA
2025-01-03,"Durham Armory","Durham",36.0329550008979,-78.904037,1,2025,37,NA
2025-01-03,"Garinger High School","Mecklenburg",35.2401000008895,-80.785683,1,2025,40,30
2025-01-03,"Hattie Avenue","Forsyth",36.11094,-80.224501,1,2025,23,NA
2025-01-03,"Leggett","Edgecombe",35.988278,-77.5843,1,2025,22,NA
2025-01-03,"Mendenhall School","Guilford",36.1090060008986,-79.802314,1,2025,14,NA
2025-01-03,"Millbrook School","Wake",35.856111,-78.574167,1,2025,27,31
2025-01-03,"Pitt Agri. Center","Pitt",35.6412760008938,-77.360126,1,2025,15,NA
2025-01-03,"West Johnston Co.","Johnston",35.59095,-78.4622,1,2025,21,NA
2025-01-04,"Bryson City","Swain",35.434767,-83.442133,1,2025,3,NA
2025-01-04,"Castle Hayne","New Hanover",34.364167,-77.838611,1,2025,29,NA
2025-01-04,"Clemmons Middle","Forsyth",36.026612,-80.341962,1,2025,18,NA
2025-01-04,"Durham Armory","Durham",36.0329550008979,-78.904037,1,2025,16,NA
2025-01-04,"Frying Pan Mountain","Haywood",35.379167,-82.7925,1,2025,4,NA
2025-01-04,"Garinger High School","Mecklenburg",35.2401000008895,-80.785683,1,2025,28,31
2025-01-04,"Hattie Avenue","Forsyth",36.11094,-80.224501,1,2025,15,NA
2025-01-04,"Leggett","Edgecombe",35.988278,-77.5843,1,2025,13,NA
2025-01-04,"Linville Falls","Avery",35.972347,-81.933072,1,2025,7,NA
2025-01-04,"Mendenhall School","Guilford",36.1090060008986,-79.802314,1,2025,12,NA
2025-01-04,"Millbrook School","Wake",35.856111,-78.574167,1,2025,19.5,29
2025-01-04,"Pitt Agri. Center","Pitt",35.6412760008938,-77.360126,1,2025,8,NA
2025-01-04,"West Johnston Co.","Johnston",35.59095,-78.4622,1,2025,0,NA
2025-01-05,"Bryson City","Swain",35.434767,-83.442133,1,2025,28,NA
2025-01-05,"Castle Hayne","New Hanover",34.364167,-77.838611,1,2025,36.5,NA
2025-01-05,"Clemmons Middle","Forsyth",36.026612,-80.341962,1,2025,49,NA
2025-01-05,"Durham Armory","Durham",36.0329550008979,-78.904037,1,2025,19,NA
2025-01-05,"Garinger High School","Mecklenburg",35.2401000008895,-80.785683,1,2025,53,24
2025-01-05,"Hattie Avenue","Forsyth",36.11094,-80.224501,1,2025,28,NA
2025-01-05,"Leggett","Edgecombe",35.988278,-77.5843,1,2025,15,NA
2025-01-05,"Mendenhall School","Guilford",36.1090060008986,-79.802314,1,2025,31,NA
2025-01-05,"Millbrook School","Wake",35.856111,-78.574167,1,2025,19,33
2025-01-05,"Pitt Agri. Center","Pitt",35.6412760008938,-77.360126,1,2025,9,NA
2025-01-05,"West Johnston Co.","Johnston",35.59095,-78.4622,1,2025,9,NA
2025-01-06,"Bryson City","Swain",35.434767,-83.442133,1,2025,13,NA
2025-01-06,"Castle Hayne","New Hanover",34.364167,-77.838611,1,2025,31.5,NA
2025-01-06,"Clemmons Middle","Forsyth",36.026612,-80.341962,1,2025,42,NA
2025-01-06,"Durham Armory","Durham",36.0329550008979,-78.904037,1,2025,23,NA
2025-01-06,"Garinger High School","Mecklenburg",35.2401000008895,-80.785683,1,2025,48,22
2025-01-06,"Hattie Avenue","Forsyth",36.11094,-80.224501,1,2025,39,NA
2025-01-06,"Leggett","Edgecombe",35.988278,-77.5843,1,2025,33,NA
2025-01-06,"Mendenhall School","Guilford",36.1090060008986,-79.802314,1,2025,25,NA
2025-01-06,"Millbrook School","Wake",35.856111,-78.574167,1,2025,22,24
2025-01-06,"Pitt Agri. Center","Pitt",35.6412760008938,-77.360126,1,2025,10,NA
2025-01-06,"West Johnston Co.","Johnston",35.59095,-78.4622,1,2025,17,NA
2025-01-07,"Bryson City","Swain",35.434767,-83.442133,1,2025,11,NA
2025-01-07,"Castle Hayne","New Hanover",34.364167,-77.838611,1,2025,29.5,NA
2025-01-07,"Clemmons Middle","Forsyth",36.026612,-80.341962,1,2025,15.5,NA
2025-01-07,"Durham Armory","Durham",36.0329550008979,-78.904037,1,2025,25,NA
2025-01-07,"Frying Pan Mountain","Haywood",35.379167,-82.7925,1,2025,5,NA
2025-01-07,"Garinger High School","Mecklenburg",35.2401000008895,-80.785683,1,2025,19,27
2025-01-07,"Hattie Avenue","Forsyth",36.11094,-80.224501,1,2025,17,NA
2025-01-07,"Leggett","Edgecombe",35.988278,-77.5843,1,2025,19,NA
2025-01-07,"Linville Falls","Avery",35.972347,-81.933072,1,2025,8,NA
2025-01-07,"Mendenhall School","Guilford",36.1090060008986,-79.802314,1,2025,18,NA
2025-01-07,"Millbrook School","Wake",35.856111,-78.574167,1,2025,17.5,29
2025-01-07,"Pitt Agri. Center","Pitt",35.6412760008938,-77.360126,1,2025,14,NA
2025-01-07,"West Johnston Co.","Johnston",35.59095,-78.4622,1,2025,4,NA
2025-01-08,"Bryson City","Swain",35.434767,-83.442133,1,2025,9,NA
2025-01-08,"Castle Hayne","New Hanover",34.364167,-77.838611,1,2025,38,NA
2025-01-08,"Clemmons Middle","Forsyth",36.026612,-80.341962,1,2025,33,NA
2025-01-08,"Durham Armory","Durham",36.0329550008979,-78.904037,1,2025,27,NA
2025-01-08,"Garinger High School","Mecklenburg",35.2401000008895,-80.785683,1,2025,37,25
2025-01-08,"Hattie Avenue","Forsyth",36.11094,-80.224501,1,2025,28,NA
2025-01-08,"Leggett","Edgecombe",35.988278,-77.5843,1,2025,23,NA
2025-01-08,"Mendenhall School","Guilford",36.1090060008986,-79.802314,1,2025,21,NA
2025-01-08,"Millbrook School","Wake",35.856111,-78.574167,1,2025,25,31
2025-01-08,"Pitt Agri. Center","Pitt",35.6412760008938,-77.360126,1,2025,22,NA
2025-01-08,"West Johnston Co.","Johnston",35.59095,-78.4622,1,2025,7,NA
2025-01-09,"Bryson City","Swain",35.434767,-83.442133,1,2025,17,NA
2025-01-09,"Castle Hayne","New Hanover",34.364167,-77.838611,1,2025,43,NA
2025-01-09,"Clemmons Middle","Forsyth",36.026612,-80.341962,1,2025,33,NA
2025-01-09,"Garinger High School","Mecklenburg",35.2401000008895,-80.785683,1,2025,34,35
2025-01-09,"Hattie Avenue","Forsyth",36.11094,-80.224501,1,2025,31,NA
2025-01-09,"Leggett","Edgecombe",35.988278,-77.5843,1,2025,25,NA
2025-01-09,"Mendenhall School","Guilford",36.1090060008986,-79.802314,1,2025,19,NA
2025-01-09,"Millbrook School","Wake",35.856111,-78.574167,1,2025,26,33
2025-01-09,"Pitt Agri. Center","Pitt",35.6412760008938,-77.360126,1,2025,26,NA
2025-01-09,"West Johnston Co.","Johnston",35.59095,-78.4622,1,2025,8,NA
2025-01-10,"Bryson City","Swain",35.434767,-83.442133,1,2025,38,NA
2025-01-10,"Castle Hayne","New Hanover",34.364167,-77.838611,1,2025,58.5,NA
2025-01-10,"Clemmons Middle","Forsyth",36.026612,-80.341962,1,2025,52,NA
2025-01-10,"Frying Pan Mountain","Haywood",35.379167,-82.7925,1,2025,1,NA
2025-01-10,"Garinger High School","Mecklenburg",35.2401000008895,-80.785683,1,2025,50.5,23
2025-01-10,"Hattie Avenue","Forsyth",36.11094,-80.224501,1,2025,48,NA
2025-01-10,"Leggett","Edgecombe",35.988278,-77.5843,1,2025,33,NA
2025-01-10,"Linville Falls","Avery",35.972347,-81.933072,1,2025,23,NA
2025-01-10,"Mendenhall School","Guilford",36.1090060008986,-79.802314,1,2025,45,NA
2025-01-10,"Millbrook School","Wake",35.856111,-78.574167,1,2025,45.5,25
2025-01-10,"Pitt Agri. Center","Pitt",35.6412760008938,-77.360126,1,2025,31,NA
2025-01-10,"West Johnston Co.","Johnston",35.59095,-78.4622,1,2025,26,NA
2025-01-11,"Bryson City","Swain",35.434767,-83.442133,1,2025,19,NA
2025-01-11,"Castle Hayne","New Hanover",34.364167,-77.838611,1,2025,30.5,NA
2025-01-11,"Clemmons Middle","Forsyth",36.026612,-80.341962,1,2025,54,NA
2025-01-11,"Durham Armory","Durham",36.0329550008979,-78.904037,1,2025,42,NA
2025-01-11,"Garinger High School","Mecklenburg",35.2401000008895,-80.785683,1,2025,31,30
2025-01-11,"Hattie Avenue","Forsyth",36.11094,-80.224501,1,2025,56,NA
2025-01-11,"Leggett","Edgecombe",35.988278,-77.5843,1,2025,22,NA
2025-01-11,"Mendenhall School","Guilford",36.1090060008986,-79.802314,1,2025,49,NA
2025-01-11,"Millbrook School","Wake",35.856111,-78.574167,1,2025,34,31
2025-01-11,"Pitt Agri. Center","Pitt",35.6412760008938,-77.360126,1,2025,18,NA
2025-01-11,"West Johnston Co.","Johnston",35.59095,-78.4622,1,2025,24,NA
2025-01-12,"Bryson City","Swain",35.434767,-83.442133,1,2025,32,NA
2025-01-12,"Castle Hayne","New Hanover",34.364167,-77.838611,1,2025,39,NA
2025-01-12,"Clemmons Middle","Forsyth",36.026612,-80.341962,1,2025,45,NA
2025-01-12,"Durham Armory","Durham",36.0329550008979,-78.904037,1,2025,48,NA
2025-01-12,"Garinger High School","Mecklenburg",35.2401000008895,-80.785683,1,2025,44,33
2025-01-12,"Hattie Avenue","Forsyth",36.11094,-80.224501,1,2025,50,NA
2025-01-12,"Leggett","Edgecombe",35.988278,-77.5843,1,2025,23,NA
2025-01-12,"Mendenhall School","Guilford",36.1090060008986,-79.802314,1,2025,54,NA
2025-01-12,"Millbrook School","Wake",35.856111,-78.574167,1,2025,51,30
2025-01-12,"Pitt Agri. Center","Pitt",35.6412760008938,-77.360126,1,2025,28,NA
2025-01-12,"West Johnston Co.","Johnston",35.59095,-78.4622,1,2025,22,NA
2025-01-13,"Bryson City","Swain",35.434767,-83.442133,1,2025,38,NA
2025-01-13,"Castle Hayne","New Hanover",34.364167,-77.838611,1,2025,45.5,NA
2025-01-13,"Clemmons Middle","Forsyth",36.026612,-80.341962,1,2025,62.5,NA
2025-01-13,"Durham Armory","Durham",36.0329550008979,-78.904037,1,2025,55,NA
2025-01-13,"Frying Pan Mountain","Haywood",35.379167,-82.7925,1,2025,13,NA
2025-01-13,"Garinger High School","Mecklenburg",35.2401000008895,-80.785683,1,2025,55.5,26
2025-01-13,"Hattie Avenue","Forsyth",36.11094,-80.224501,1,2025,48.5,NA
2025-01-13,"Leggett","Edgecombe",35.988278,-77.5843,1,2025,34,NA
2025-01-13,"Linville Falls","Avery",35.972347,-81.933072,1,2025,28,NA
2025-01-13,"Mendenhall School","Guilford",36.1090060008986,-79.802314,1,2025,46,NA
2025-01-13,"Millbrook School","Wake",35.856111,-78.574167,1,2025,52.5,30
2025-01-13,"Pitt Agri. Center","Pitt",35.6412760008938,-77.360126,1,2025,43,NA
2025-01-13,"West Johnston Co.","Johnston",35.59095,-78.4622,1,2025,50,NA
2025-01-14,"Bryson City","Swain",35.434767,-83.442133,1,2025,13,NA
2025-01-14,"Castle Hayne","New Hanover",34.364167,-77.838611,1,2025,48,NA
2025-01-14,"Clemmons Middle","Forsyth",36.026612,-80.341962,1,2025,23,NA
2025-01-14,"Durham Armory","Durham",36.0329550008979,-78.904037,1,2025,30,NA
2025-01-14,"Garinger High School","Mecklenburg",35.2401000008895,-80.785683,1,2025,30,36
2025-01-14,"Hattie Avenue","Forsyth",36.11094,-80.224501,1,2025,21,NA
2025-01-14,"Leggett","Edgecombe",35.988278,-77.5843,1,2025,28,NA
2025-01-14,"Mendenhall School","Guilford",36.1090060008986,-79.802314,1,2025,17,NA
2025-01-14,"Millbrook School","Wake",35.856111,-78.574167,1,2025,24,35
2025-01-14,"Pitt Agri. Center","Pitt",35.6412760008938,-77.360126,1,2025,25,NA
2025-01-14,"West Johnston Co.","Johnston",35.59095,-78.4622,1,2025,18,NA
2025-01-15,"Bryson City","Swain",35.434767,-83.442133,1,2025,17,NA
2025-01-15,"Castle Hayne","New Hanover",34.364167,-77.838611,1,2025,42,NA
2025-01-15,"Clemmons Middle","Forsyth",36.026612,-80.341962,1,2025,38,NA
2025-01-15,"Durham Armory","Durham",36.0329550008979,-78.904037,1,2025,42,NA
2025-01-15,"Garinger High School","Mecklenburg",35.2401000008895,-80.785683,1,2025,39,32
2025-01-15,"Hattie Avenue","Forsyth",36.11094,-80.224501,1,2025,43,NA
2025-01-15,"Leggett","Edgecombe",35.988278,-77.5843,1,2025,21,NA
2025-01-15,"Mendenhall School","Guilford",36.1090060008986,-79.802314,1,2025,32,NA
2025-01-15,"Millbrook School","Wake",35.856111,-78.574167,1,2025,34,31
2025-01-15,"Pitt Agri. Center","Pitt",35.6412760008938,-77.360126,1,2025,17,NA
2025-01-15,"West Johnston Co.","Johnston",35.59095,-78.4622,1,2025,7,NA
2025-01-16,"Bryson City","Swain",35.434767,-83.442133,1,2025,24,NA
2025-01-16,"Castle Hayne","New Hanover",34.364167,-77.838611,1,2025,55,NA
2025-01-16,"Clemmons Middle","Forsyth",36.026612,-80.341962,1,2025,53,NA
2025-01-16,"Durham Armory","Durham",36.0329550008979,-78.904037,1,2025,52,NA
2025-01-16,"Frying Pan Mountain","Haywood",35.379167,-82.7925,1,2025,7,NA
2025-01-16,"Garinger High School","Mecklenburg",35.2401000008895,-80.785683,1,2025,47.5,36
2025-01-16,"Hattie Avenue","Forsyth",36.11094,-80.224501,1,2025,50.5,NA
2025-01-16,"Leggett","Edgecombe",35.988278,-77.5843,1,2025,45,NA
2025-01-16,"Mendenhall School","Guilford",36.1090060008986,-79.802314,1,2025,54,NA
2025-01-16,"Millbrook School","Wake",35.856111,-78.574167,1,2025,53,33
2025-01-16,"Pitt Agri. Center","Pitt",35.6412760008938,-77.360126,1,2025,44,NA
2025-01-16,"West Johnston Co.","Johnston",35.59095,-78.4622,1,2025,39,NA
2025-01-17,"Bryson City","Swain",35.434767,-83.442133,1,2025,27,NA
2025-01-17,"Castle Hayne","New Hanover",34.364167,-77.838611,1,2025,42,NA
2025-01-17,"Clemmons Middle","Forsyth",36.026612,-80.341962,1,2025,38,NA
2025-01-17,"Durham Armory","Durham",36.0329550008979,-78.904037,1,2025,32,NA
2025-01-17,"Garinger High School","Mecklenburg",35.2401000008895,-80.785683,1,2025,37,35
2025-01-17,"Hattie Avenue","Forsyth",36.11094,-80.224501,1,2025,41,NA
2025-01-17,"Leggett","Edgecombe",35.988278,-77.5843,1,2025,26,NA
2025-01-17,"Mendenhall School","Guilford",36.1090060008986,-79.802314,1,2025,30,NA
2025-01-17,"Millbrook School","Wake",35.856111,-78.574167,1,2025,37,33
2025-01-17,"Pitt Agri. Center","Pitt",35.6412760008938,-77.360126,1,2025,22,NA
2025-01-17,"West Johnston Co.","Johnston",35.59095,-78.4622,1,2025,23,NA
2025-01-18,"Bryson City","Swain",35.434767,-83.442133,1,2025,47,NA
2025-01-18,"Castle Hayne","New Hanover",34.364167,-77.838611,1,2025,37.5,NA
2025-01-18,"Clemmons Middle","Forsyth",36.026612,-80.341962,1,2025,52,NA
2025-01-18,"Durham Armory","Durham",36.0329550008979,-78.904037,1,2025,52,NA
2025-01-18,"Garinger High School","Mecklenburg",35.2401000008895,-80.785683,1,2025,40,29
2025-01-18,"Hattie Avenue","Forsyth",36.11094,-80.224501,1,2025,54,NA
2025-01-18,"Leggett","Edgecombe",35.988278,-77.5843,1,2025,41,NA
2025-01-18,"Mendenhall School","Guilford",36.1090060008986,-79.802314,1,2025,52,NA
2025-01-18,"Millbrook School","Wake",35.856111,-78.574167,1,2025,58,24
2025-01-18,"Pitt Agri. Center","Pitt",35.6412760008938,-77.360126,1,2025,35,NA
2025-01-18,"West Johnston Co.","Johnston",35.59095,-78.4622,1,2025,52,NA
2025-01-19,"Bryson City","Swain",35.434767,-83.442133,1,2025,11,NA
2025-01-19,"Castle Hayne","New Hanover",34.364167,-77.838611,1,2025,35,NA
2025-01-19,"Clemmons Middle","Forsyth",36.026612,-80.341962,1,2025,55,NA
2025-01-19,"Durham Armory","Durham",36.0329550008979,-78.904037,1,2025,54,NA
2025-01-19,"Frying Pan Mountain","Haywood",35.379167,-82.7925,1,2025,20,NA
2025-01-19,"Garinger High School","Mecklenburg",35.2401000008895,-80.785683,1,2025,39,26
2025-01-19,"Hattie Avenue","Forsyth",36.11094,-80.224501,1,2025,51,NA
2025-01-19,"Leggett","Edgecombe",35.988278,-77.5843,1,2025,37,NA
2025-01-19,"Linville Falls","Avery",35.972347,-81.933072,1,2025,47,NA
2025-01-19,"Mendenhall School","Guilford",36.1090060008986,-79.802314,1,2025,42,NA
2025-01-19,"Millbrook School","Wake",35.856111,-78.574167,1,2025,53.5,30
2025-01-19,"Pitt Agri. Center","Pitt",35.6412760008938,-77.360126,1,2025,21,NA
2025-01-19,"West Johnston Co.","Johnston",35.59095,-78.4622,1,2025,35,NA
2025-01-20,"Bryson City","Swain",35.434767,-83.442133,1,2025,9,NA
2025-01-20,"Castle Hayne","New Hanover",34.364167,-77.838611,1,2025,28.5,NA
2025-01-20,"Clemmons Middle","Forsyth",36.026612,-80.341962,1,2025,36,NA
2025-01-20,"Durham Armory","Durham",36.0329550008979,-78.904037,1,2025,21,NA
2025-01-20,"Garinger High School","Mecklenburg",35.2401000008895,-80.785683,1,2025,21,33
2025-01-20,"Hattie Avenue","Forsyth",36.11094,-80.224501,1,2025,21,NA
2025-01-20,"Leggett","Edgecombe",35.988278,-77.5843,1,2025,15,NA
2025-01-20,"Mendenhall School","Guilford",36.1090060008986,-79.802314,1,2025,17,NA
2025-01-20,"Millbrook School","Wake",35.856111,-78.574167,1,2025,19,34
2025-01-20,"Pitt Agri. Center","Pitt",35.6412760008938,-77.360126,1,2025,13,NA
2025-01-20,"West Johnston Co.","Johnston",35.59095,-78.4622,1,2025,4,NA
2025-01-21,"Bryson City","Swain",35.434767,-83.442133,1,2025,7,NA
2025-01-21,"Castle Hayne","New Hanover",34.364167,-77.838611,1,2025,36.5,NA
2025-01-21,"Clemmons Middle","Forsyth",36.026612,-80.341962,1,2025,35,NA
2025-01-21,"Durham Armory","Durham",36.0329550008979,-78.904037,1,2025,31,NA
2025-01-21,"Garinger High School","Mecklenburg",35.2401000008895,-80.785683,1,2025,25,28
2025-01-21,"Hattie Avenue","Forsyth",36.11094,-80.224501,1,2025,29,NA
2025-01-21,"Leggett","Edgecombe",35.988278,-77.5843,1,2025,21,NA
2025-01-21,"Mendenhall School","Guilford",36.1090060008986,-79.802314,1,2025,12,NA
2025-01-21,"Millbrook School","Wake",35.856111,-78.574167,1,2025,23,31
2025-01-21,"Pitt Agri. Center","Pitt",35.6412760008938,-77.360126,1,2025,21,NA
2025-01-21,"West Johnston Co.","Johnston",35.59095,-78.4622,1,2025,2,NA
2025-01-22,"Bryson City","Swain",35.434767,-83.442133,1,2025,27,NA
2025-01-22,"Castle Hayne","New Hanover",34.364167,-77.838611,1,2025,41.5,NA
2025-01-22,"Clemmons Middle","Forsyth",36.026612,-80.341962,1,2025,52,NA
2025-01-22,"Durham Armory","Durham",36.0329550008979,-78.904037,1,2025,40,NA
2025-01-22,"Garinger High School","Mecklenburg",35.2401000008895,-80.785683,1,2025,44.5,33
2025-01-22,"Hattie Avenue","Forsyth",36.11094,-80.224501,1,2025,41.5,NA
2025-01-22,"Leggett","Edgecombe",35.988278,-77.5843,1,2025,25,NA
2025-01-22,"Linville Falls","Avery",35.972347,-81.933072,1,2025,18,NA
2025-01-22,"Mendenhall School","Guilford",36.1090060008986,-79.802314,1,2025,44,NA
2025-01-22,"Millbrook School","Wake",35.856111,-78.574167,1,2025,42.5,31
2025-01-22,"Pitt Agri. Center","Pitt",35.6412760008938,-77.360126,1,2025,26,NA
2025-01-22,"West Johnston Co.","Johnston",35.59095,-78.4622,1,2025,15,NA
2025-01-23,"Bryson City","Swain",35.434767,-83.442133,1,2025,42,NA
2025-01-23,"Castle Hayne","New Hanover",34.364167,-77.838611,1,2025,50,NA
2025-01-23,"Clemmons Middle","Forsyth",36.026612,-80.341962,1,2025,74,NA
2025-01-23,"Durham Armory","Durham",36.0329550008979,-78.904037,1,2025,59,NA
2025-01-23,"Garinger High School","Mecklenburg",35.2401000008895,-80.785683,1,2025,57,29
2025-01-23,"Hattie Avenue","Forsyth",36.11094,-80.224501,1,2025,63,NA
2025-01-23,"Leggett","Edgecombe",35.988278,-77.5843,1,2025,44,NA
2025-01-23,"Mendenhall School","Guilford",36.1090060008986,-79.802314,1,2025,58,NA
2025-01-23,"Millbrook School","Wake",35.856111,-78.574167,1,2025,55,28
2025-01-23,"Pitt Agri. Center","Pitt",35.6412760008938,-77.360126,1,2025,48,NA
2025-01-23,"West Johnston Co.","Johnston",35.59095,-78.4622,1,2025,37,NA
2025-01-24,"Bryson City","Swain",35.434767,-83.442133,1,2025,39,NA
2025-01-24,"Castle Hayne","New Hanover",34.364167,-77.838611,1,2025,53,NA
2025-01-24,"Clemmons Middle","Forsyth",36.026612,-80.341962,1,2025,70,NA
2025-01-24,"Durham Armory","Durham",36.0329550008979,-78.904037,1,2025,55,NA
2025-01-24,"Garinger High School","Mecklenburg",35.2401000008895,-80.785683,1,2025,66,34
2025-01-24,"Hattie Avenue","Forsyth",36.11094,-80.224501,1,2025,62,NA
2025-01-24,"Leggett","Edgecombe",35.988278,-77.5843,1,2025,36,NA
2025-01-24,"Mendenhall School","Guilford",36.1090060008986,-79.802314,1,2025,57,NA
2025-01-24,"Millbrook School","Wake",35.856111,-78.574167,1,2025,57,34
2025-01-24,"Pitt Agri. Center","Pitt",35.6412760008938,-77.360126,1,2025,53,NA
2025-01-24,"West Johnston Co.","Johnston",35.59095,-78.4622,1,2025,32,NA
2025-01-25,"Bryson City","Swain",35.434767,-83.442133,1,2025,49,NA
2025-01-25,"Castle Hayne","New Hanover",34.364167,-77.838611,1,2025,46,NA
2025-01-25,"Clemmons Middle","Forsyth",36.026612,-80.341962,1,2025,55,NA
2025-01-25,"Durham Armory","Durham",36.0329550008979,-78.904037,1,2025,55,NA
2025-01-25,"Frying Pan Mountain","Haywood",35.379167,-82.7925,1,2025,6,NA
2025-01-25,"Garinger High School","Mecklenburg",35.2401000008895,-80.785683,1,2025,67.5,36
2025-01-25,"Hattie Avenue","Forsyth",36.11094,-80.224501,1,2025,55,NA
2025-01-25,"Leggett","Edgecombe",35.988278,-77.5843,1,2025,37,NA
2025-01-25,"Linville Falls","Avery",35.972347,-81.933072,1,2025,18,NA
2025-01-25,"Mendenhall School","Guilford",36.1090060008986,-79.802314,1,2025,56,NA
2025-01-25,"Millbrook School","Wake",35.856111,-78.574167,1,2025,57.5,33
2025-01-25,"Pitt Agri. Center","Pitt",35.6412760008938,-77.360126,1,2025,41,NA
2025-01-25,"West Johnston Co.","Johnston",35.59095,-78.4622,1,2025,43,NA
2025-01-26,"Bryson City","Swain",35.434767,-83.442133,1,2025,54,NA
2025-01-26,"Castle Hayne","New Hanover",34.364167,-77.838611,1,2025,39,NA
2025-01-26,"Clemmons Middle","Forsyth",36.026612,-80.341962,1,2025,61,NA
2025-01-26,"Durham Armory","Durham",36.0329550008979,-78.904037,1,2025,57,NA
2025-01-26,"Garinger High School","Mecklenburg",35.2401000008895,-80.785683,1,2025,57,36
2025-01-26,"Hattie Avenue","Forsyth",36.11094,-80.224501,1,2025,55,NA
2025-01-26,"Leggett","Edgecombe",35.988278,-77.5843,1,2025,43,NA
2025-01-26,"Mendenhall School","Guilford",36.1090060008986,-79.802314,1,2025,56,NA
2025-01-26,"Millbrook School","Wake",35.856111,-78.574167,1,2025,55,39
2025-01-26,"Pitt Agri. Center","Pitt",35.6412760008938,-77.360126,1,2025,47,NA
2025-01-26,"West Johnston Co.","Johnston",35.59095,-78.4622,1,2025,49,NA
2025-01-27,"Bryson City","Swain",35.434767,-83.442133,1,2025,43,NA
2025-01-27,"Castle Hayne","New Hanover",34.364167,-77.838611,1,2025,43.5,NA
2025-01-27,"Clemmons Middle","Forsyth",36.026612,-80.341962,1,2025,54,NA
2025-01-27,"Durham Armory","Durham",36.0329550008979,-78.904037,1,2025,52,NA
2025-01-27,"Garinger High School","Mecklenburg",35.2401000008895,-80.785683,1,2025,48,23
2025-01-27,"Hattie Avenue","Forsyth",36.11094,-80.224501,1,2025,55,NA
2025-01-27,"Leggett","Edgecombe",35.988278,-77.5843,1,2025,43,NA
2025-01-27,"Mendenhall School","Guilford",36.1090060008986,-79.802314,1,2025,55,NA
2025-01-27,"Millbrook School","Wake",35.856111,-78.574167,1,2025,52,30
2025-01-27,"Pitt Agri. Center","Pitt",35.6412760008938,-77.360126,1,2025,42,NA
2025-01-27,"West Johnston Co.","Johnston",35.59095,-78.4622,1,2025,50,NA
2025-01-28,"Bryson City","Swain",35.434767,-83.442133,1,2025,19,NA
2025-01-28,"Castle Hayne","New Hanover",34.364167,-77.838611,1,2025,33.5,NA
2025-01-28,"Clemmons Middle","Forsyth",36.026612,-80.341962,1,2025,35,NA
2025-01-28,"Durham Armory","Durham",36.0329550008979,-78.904037,1,2025,44,NA
2025-01-28,"Frying Pan Mountain","Haywood",35.379167,-82.7925,1,2025,10,NA
2025-01-28,"Garinger High School","Mecklenburg",35.2401000008895,-80.785683,1,2025,27,35
2025-01-28,"Hattie Avenue","Forsyth",36.11094,-80.224501,1,2025,28.5,NA
2025-01-28,"Leggett","Edgecombe",35.988278,-77.5843,1,2025,31,NA
2025-01-28,"Linville Falls","Avery",35.972347,-81.933072,1,2025,13,NA
2025-01-28,"Mendenhall School","Guilford",36.1090060008986,-79.802314,1,2025,34,NA
2025-01-28,"Millbrook School","Wake",35.856111,-78.574167,1,2025,42,36
2025-01-28,"Pitt Agri. Center","Pitt",35.6412760008938,-77.360126,1,2025,21,NA
2025-01-28,"West Johnston Co.","Johnston",35.59095,-78.4622,1,2025,24,NA
2025-01-29,"Bryson City","Swain",35.434767,-83.442133,1,2025,21,NA
2025-01-29,"Castle Hayne","New Hanover",34.364167,-77.838611,1,2025,37,NA
2025-01-29,"Clemmons Middle","Forsyth",36.026612,-80.341962,1,2025,29,NA
2025-01-29,"Durham Armory","Durham",36.0329550008979,-78.904037,1,2025,32,NA
2025-01-29,"Garinger High School","Mecklenburg",35.2401000008895,-80.785683,1,2025,33.5,38
2025-01-29,"Hattie Avenue","Forsyth",36.11094,-80.224501,1,2025,30,NA
2025-01-29,"Leggett","Edgecombe",35.988278,-77.5843,1,2025,27,NA
2025-01-29,"Mendenhall School","Guilford",36.1090060008986,-79.802314,1,2025,38,NA
2025-01-29,"Millbrook School","Wake",35.856111,-78.574167,1,2025,29,39
2025-01-29,"Pitt Agri. Center","Pitt",35.6412760008938,-77.360126,1,2025,26,NA
2025-01-29,"West Johnston Co.","Johnston",35.59095,-78.4622,1,2025,43,NA
2025-01-30,"Bryson City","Swain",35.434767,-83.442133,1,2025,54,NA
2025-01-30,"Castle Hayne","New Hanover",34.364167,-77.838611,1,2025,36,NA
2025-01-30,"Clemmons Middle","Forsyth",36.026612,-80.341962,1,2025,41,NA
2025-01-30,"Durham Armory","Durham",36.0329550008979,-78.904037,1,2025,31,NA
2025-01-30,"Garinger High School","Mecklenburg",35.2401000008895,-80.785683,1,2025,41,37
2025-01-30,"Hattie Avenue","Forsyth",36.11094,-80.224501,1,2025,31,NA
2025-01-30,"Leggett","Edgecombe",35.988278,-77.5843,1,2025,22,NA
2025-01-30,"Mendenhall School","Guilford",36.1090060008986,-79.802314,1,2025,34,NA
2025-01-30,"Millbrook School","Wake",35.856111,-78.574167,1,2025,27,39
2025-01-30,"Pitt Agri. Center","Pitt",35.6412760008938,-77.360126,1,2025,21,NA
2025-01-30,"West Johnston Co.","Johnston",35.59095,-78.4622,1,2025,28,NA
2025-01-31,"Bryson City","Swain",35.434767,-83.442133,1,2025,47,NA
2025-01-31,"Castle Hayne","New Hanover",34.364167,-77.838611,1,2025,33,NA
2025-01-31,"Clemmons Middle","Forsyth",36.026612,-80.341962,1,2025,53,NA
2025-01-31,"Durham Armory","Durham",36.0329550008979,-78.904037,1,2025,49,NA
2025-01-31,"Frying Pan Mountain","Haywood",35.379167,-82.7925,1,2025,20,NA
2025-01-31,"Garinger High School","Mecklenburg",35.2401000008895,-80.785683,1,2025,49,38
2025-01-31,"Hattie Avenue","Forsyth",36.11094,-80.224501,1,2025,56.5,NA
2025-01-31,"Leggett","Edgecombe",35.988278,-77.5843,1,2025,49,NA
2025-01-31,"Linville Falls","Avery",35.972347,-81.933072,1,2025,41,NA
2025-01-31,"Mendenhall School","Guilford",36.1090060008986,-79.802314,1,2025,51,NA
2025-01-31,"Millbrook School","Wake",35.856111,-78.574167,1,2025,53,40
2025-01-31,"Pitt Agri. Center","Pitt",35.6412760008938,-77.360126,1,2025,36,NA
2025-01-31,"West Johnston Co.","Johnston",35.59095,-78.4622,1,2025,52,NA
2025-02-01,"Bryson City","Swain",35.434767,-83.442133,2,2025,32,NA
2025-02-01,"Castle Hayne","New Hanover",34.364167,-77.838611,2,2025,29,NA
2025-02-01,"Clemmons Middle","Forsyth",36.026612,-80.341962,2,2025,27,NA
2025-02-01,"Durham Armory","Durham",36.0329550008979,-78.904037,2,2025,30,NA
2025-02-01,"Garinger High School","Mecklenburg",35.2401000008895,-80.785683,2,2025,23,37
2025-02-01,"Hattie Avenue","Forsyth",36.11094,-80.224501,2,2025,28,NA
2025-02-01,"Leggett","Edgecombe",35.988278,-77.5843,2,2025,13,NA
2025-02-01,"Mendenhall School","Guilford",36.1090060008986,-79.802314,2,2025,20,NA
2025-02-01,"Millbrook School","Wake",35.856111,-78.574167,2,2025,22,33
2025-02-01,"Pitt Agri. Center","Pitt",35.6412760008938,-77.360126,2,2025,10,NA
2025-02-01,"West Johnston Co.","Johnston",35.59095,-78.4622,2,2025,7,NA
2025-02-02,"Bryson City","Swain",35.434767,-83.442133,2,2025,49,NA
2025-02-02,"Castle Hayne","New Hanover",34.364167,-77.838611,2,2025,25,NA
2025-02-02,"Clemmons Middle","Forsyth",36.026612,-80.341962,2,2025,30,NA
2025-02-02,"Durham Armory","Durham",36.0329550008979,-78.904037,2,2025,27,NA
2025-02-02,"Garinger High School","Mecklenburg",35.2401000008895,-80.785683,2,2025,43,35
2025-02-02,"Hattie Avenue","Forsyth",36.11094,-80.224501,2,2025,31,NA
2025-02-02,"Leggett","Edgecombe",35.988278,-77.5843,2,2025,21,NA
2025-02-02,"Mendenhall School","Guilford",36.1090060008986,-79.802314,2,2025,32,NA
2025-02-02,"Millbrook School","Wake",35.856111,-78.574167,2,2025,23,32
2025-02-02,"Pitt Agri. Center","Pitt",35.6412760008938,-77.360126,2,2025,12,NA
2025-02-02,"West Johnston Co.","Johnston",35.59095,-78.4622,2,2025,17,NA
2025-02-03,"Bryson City","Swain",35.434767,-83.442133,2,2025,46,NA
2025-02-03,"Castle Hayne","New Hanover",34.364167,-77.838611,2,2025,34,NA
2025-02-03,"Clemmons Middle","Forsyth",36.026612,-80.341962,2,2025,57,NA
2025-02-03,"Durham Armory","Durham",36.0329550008979,-78.904037,2,2025,51,NA
2025-02-03,"Frying Pan Mountain","Haywood",35.379167,-82.7925,2,2025,18,NA
2025-02-03,"Garinger High School","Mecklenburg",35.2401000008895,-80.785683,2,2025,56.5,36
2025-02-03,"Hattie Avenue","Forsyth",36.11094,-80.224501,2,2025,55,NA
2025-02-03,"Leggett","Edgecombe",35.988278,-77.5843,2,2025,31,NA
2025-02-03,"Linville Falls","Avery",35.972347,-81.933072,2,2025,31,NA
2025-02-03,"Mendenhall School","Guilford",36.1090060008986,-79.802314,2,2025,55,NA
2025-02-03,"Millbrook School","Wake",35.856111,-78.574167,2,2025,46.5,32
2025-02-03,"Pitt Agri. Center","Pitt",35.6412760008938,-77.360126,2,2025,29,NA
2025-02-03,"West Johnston Co.","Johnston",35.59095,-78.4622,2,2025,39,NA
2025-02-04,"Bryson City","Swain",35.434767,-83.442133,2,2025,52,NA
2025-02-04,"Castle Hayne","New Hanover",34.364167,-77.838611,2,2025,49,NA
2025-02-04,"Clemmons Middle","Forsyth",36.026612,-80.341962,2,2025,38,NA
2025-02-04,"Durham Armory","Durham",36.0329550008979,-78.904037,2,2025,57,NA
2025-02-04,"Garinger High School","Mecklenburg",35.2401000008895,-80.785683,2,2025,56,41
2025-02-04,"Hattie Avenue","Forsyth",36.11094,-80.224501,2,2025,53,NA
2025-02-04,"Leggett","Edgecombe",35.988278,-77.5843,2,2025,48,NA
2025-02-04,"Mendenhall School","Guilford",36.1090060008986,-79.802314,2,2025,49,NA
2025-02-04,"Millbrook School","Wake",35.856111,-78.574167,2,2025,53,41
2025-02-04,"Pitt Agri. Center","Pitt",35.6412760008938,-77.360126,2,2025,46,NA
2025-02-04,"West Johnston Co.","Johnston",35.59095,-78.4622,2,2025,51,NA
2025-02-05,"Bryson City","Swain",35.434767,-83.442133,2,2025,49,NA
2025-02-05,"Castle Hayne","New Hanover",34.364167,-77.838611,2,2025,46,NA
2025-02-05,"Clemmons Middle","Forsyth",36.026612,-80.341962,2,2025,33,NA
2025-02-05,"Durham Armory","Durham",36.0329550008979,-78.904037,2,2025,43,NA
2025-02-05,"Garinger High School","Mecklenburg",35.2401000008895,-80.785683,2,2025,52,31
2025-02-05,"Hattie Avenue","Forsyth",36.11094,-80.224501,2,2025,32,NA
2025-02-05,"Leggett","Edgecombe",35.988278,-77.5843,2,2025,26,NA
2025-02-05,"Mendenhall School","Guilford",36.1090060008986,-79.802314,2,2025,22,NA
2025-02-05,"Millbrook School","Wake",35.856111,-78.574167,2,2025,29,31
2025-02-05,"Pitt Agri. Center","Pitt",35.6412760008938,-77.360126,2,2025,12,NA
2025-02-05,"West Johnston Co.","Johnston",35.59095,-78.4622,2,2025,20,NA
2025-02-06,"Bryson City","Swain",35.434767,-83.442133,2,2025,46,NA
2025-02-06,"Castle Hayne","New Hanover",34.364167,-77.838611,2,2025,57,NA
2025-02-06,"Clemmons Middle","Forsyth",36.026612,-80.341962,2,2025,57,NA
2025-02-06,"Durham Armory","Durham",36.0329550008979,-78.904037,2,2025,55,NA
2025-02-06,"Frying Pan Mountain","Haywood",35.379167,-82.7925,2,2025,23,NA
2025-02-06,"Garinger High School","Mecklenburg",35.2401000008895,-80.785683,2,2025,56,31
2025-02-06,"Hattie Avenue","Forsyth",36.11094,-80.224501,2,2025,58.5,NA
2025-02-06,"Leggett","Edgecombe",35.988278,-77.5843,2,2025,36,NA
2025-02-06,"Linville Falls","Avery",35.972347,-81.933072,2,2025,39,NA
2025-02-06,"Mendenhall School","Guilford",36.1090060008986,-79.802314,2,2025,55,NA
2025-02-06,"Millbrook School","Wake",35.856111,-78.574167,2,2025,58,19
2025-02-06,"Pitt Agri. Center","Pitt",35.6412760008938,-77.360126,2,2025,47,NA
2025-02-06,"West Johnston Co.","Johnston",35.59095,-78.4622,2,2025,57,NA
2025-02-07,"Bryson City","Swain",35.434767,-83.442133,2,2025,19,NA
2025-02-07,"Castle Hayne","New Hanover",34.364167,-77.838611,2,2025,56,NA
2025-02-07,"Clemmons Middle","Forsyth",36.026612,-80.341962,2,2025,38,NA
2025-02-07,"Durham Armory","Durham",36.0329550008979,-78.904037,2,2025,46,NA
2025-02-07,"Garinger High School","Mecklenburg",35.2401000008895,-80.785683,2,2025,47,34
2025-02-07,"Hattie Avenue","Forsyth",36.11094,-80.224501,2,2025,39,NA
2025-02-07,"Leggett","Edgecombe",35.988278,-77.5843,2,2025,36,NA
2025-02-07,"Mendenhall School","Guilford",36.1090060008986,-79.802314,2,2025,24,NA
2025-02-07,"Millbrook School","Wake",35.856111,-78.574167,2,2025,44,41
2025-02-07,"Pitt Agri. Center","Pitt",35.6412760008938,-77.360126,2,2025,36,NA
2025-02-07,"West Johnston Co.","Johnston",35.59095,-78.4622,2,2025,44,NA
2025-02-08,"Bryson City","Swain",35.434767,-83.442133,2,2025,32,NA
2025-02-08,"Castle Hayne","New Hanover",34.364167,-77.838611,2,2025,49,NA
2025-02-08,"Clemmons Middle","Forsyth",36.026612,-80.341962,2,2025,30,NA
2025-02-08,"Durham Armory","Durham",36.0329550008979,-78.904037,2,2025,44,NA
2025-02-08,"Garinger High School","Mecklenburg",35.2401000008895,-80.785683,2,2025,53,29
2025-02-08,"Hattie Avenue","Forsyth",36.11094,-80.224501,2,2025,35,NA
2025-02-08,"Leggett","Edgecombe",35.988278,-77.5843,2,2025,34,NA
2025-02-08,"Mendenhall School","Guilford",36.1090060008986,-79.802314,2,2025,28,NA
2025-02-08,"Millbrook School","Wake",35.856111,-78.574167,2,2025,37,25
2025-02-08,"Pitt Agri. Center","Pitt",35.6412760008938,-77.360126,2,2025,21,NA
2025-02-08,"West Johnston Co.","Johnston",35.59095,-78.4622,2,2025,34,NA
2025-02-09,"Bryson City","Swain",35.434767,-83.442133,2,2025,21,NA
2025-02-09,"Castle Hayne","New Hanover",34.364167,-77.838611,2,2025,53.5,NA
2025-02-09,"Clemmons Middle","Forsyth",36.026612,-80.341962,2,2025,38,NA
2025-02-09,"Durham Armory","Durham",36.0329550008979,-78.904037,2,2025,46,NA
2025-02-09,"Frying Pan Mountain","Haywood",35.379167,-82.7925,2,2025,14,NA
2025-02-09,"Garinger High School","Mecklenburg",35.2401000008895,-80.785683,2,2025,41,39
2025-02-09,"Hattie Avenue","Forsyth",36.11094,-80.224501,2,2025,38,NA
2025-02-09,"Leggett","Edgecombe",35.988278,-77.5843,2,2025,36,NA
2025-02-09,"Linville Falls","Avery",35.972347,-81.933072,2,2025,17,NA
2025-02-09,"Mendenhall School","Guilford",36.1090060008986,-79.802314,2,2025,38,NA
2025-02-09,"Millbrook School","Wake",35.856111,-78.574167,2,2025,46,35
2025-02-09,"Pitt Agri. Center","Pitt",35.6412760008938,-77.360126,2,2025,43,NA
2025-02-09,"West Johnston Co.","Johnston",35.59095,-78.4622,2,2025,46,NA
2025-02-10,"Bryson City","Swain",35.434767,-83.442133,2,2025,18,NA
2025-02-10,"Castle Hayne","New Hanover",34.364167,-77.838611,2,2025,25.5,NA
2025-02-10,"Clemmons Middle","Forsyth",36.026612,-80.341962,2,2025,34,NA
2025-02-10,"Durham Armory","Durham",36.0329550008979,-78.904037,2,2025,37,NA
2025-02-10,"Garinger High School","Mecklenburg",35.2401000008895,-80.785683,2,2025,28,26
2025-02-10,"Hattie Avenue","Forsyth",36.11094,-80.224501,2,2025,32,NA
2025-02-10,"Leggett","Edgecombe",35.988278,-77.5843,2,2025,26,NA
2025-02-10,"Mendenhall School","Guilford",36.1090060008986,-79.802314,2,2025,19,NA
2025-02-10,"Millbrook School","Wake",35.856111,-78.574167,2,2025,32,30
2025-02-10,"Pitt Agri. Center","Pitt",35.6412760008938,-77.360126,2,2025,16,NA
2025-02-10,"West Johnston Co.","Johnston",35.59095,-78.4622,2,2025,27,NA
2025-02-11,"Bryson City","Swain",35.434767,-83.442133,2,2025,21,NA
2025-02-11,"Castle Hayne","New Hanover",34.364167,-77.838611,2,2025,33,NA
2025-02-11,"Clemmons Middle","Forsyth",36.026612,-80.341962,2,2025,51,NA
2025-02-11,"Durham Armory","Durham",36.0329550008979,-78.904037,2,2025,45,NA
2025-02-11,"Garinger High School","Mecklenburg",35.2401000008895,-80.785683,2,2025,39,28
2025-02-11,"Hattie Avenue","Forsyth",36.11094,-80.224501,2,2025,52,NA
2025-02-11,"Leggett","Edgecombe",35.988278,-77.5843,2,2025,31,NA
2025-02-11,"Mendenhall School","Guilford",36.1090060008986,-79.802314,2,2025,40,NA
2025-02-11,"Millbrook School","Wake",35.856111,-78.574167,2,2025,39,29
2025-02-11,"Pitt Agri. Center","Pitt",35.6412760008938,-77.360126,2,2025,27,NA
2025-02-11,"West Johnston Co.","Johnston",35.59095,-78.4622,2,2025,30,NA
2025-02-12,"Bryson City","Swain",35.434767,-83.442133,2,2025,23,NA
2025-02-12,"Castle Hayne","New Hanover",34.364167,-77.838611,2,2025,18.5,NA
2025-02-12,"Clemmons Middle","Forsyth",36.026612,-80.341962,2,2025,10,NA
2025-02-12,"Durham Armory","Durham",36.0329550008979,-78.904037,2,2025,14,NA
2025-02-12,"Frying Pan Mountain","Haywood",35.379167,-82.7925,2,2025,2,NA
2025-02-12,"Garinger High School","Mecklenburg",35.2401000008895,-80.785683,2,2025,8,20
2025-02-12,"Hattie Avenue","Forsyth",36.11094,-80.224501,2,2025,8.5,NA
2025-02-12,"Leggett","Edgecombe",35.988278,-77.5843,2,2025,11,NA
2025-02-12,"Linville Falls","Avery",35.972347,-81.933072,2,2025,18,NA
2025-02-12,"Mendenhall School","Guilford",36.1090060008986,-79.802314,2,2025,2,NA
2025-02-12,"Millbrook School","Wake",35.856111,-78.574167,2,2025,10.5,27
2025-02-12,"Pitt Agri. Center","Pitt",35.6412760008938,-77.360126,2,2025,6,NA
2025-02-12,"West Johnston Co.","Johnston",35.59095,-78.4622,2,2025,16,NA
2025-02-13,"Bryson City","Swain",35.434767,-83.442133,2,2025,15,NA
2025-02-13,"Castle Hayne","New Hanover",34.364167,-77.838611,2,2025,32.5,NA
2025-02-13,"Clemmons Middle","Forsyth",36.026612,-80.341962,2,2025,21,NA
2025-02-13,"Durham Armory","Durham",36.0329550008979,-78.904037,2,2025,19,NA
2025-02-13,"Garinger High School","Mecklenburg",35.2401000008895,-80.785683,2,2025,19,NA
2025-02-13,"Hattie Avenue","Forsyth",36.11094,-80.224501,2,2025,22,NA
2025-02-13,"Leggett","Edgecombe",35.988278,-77.5843,2,2025,14,NA
2025-02-13,"Mendenhall School","Guilford",36.1090060008986,-79.802314,2,2025,10,NA
2025-02-13,"Millbrook School","Wake",35.856111,-78.574167,2,2025,21,25
2025-02-13,"Pitt Agri. Center","Pitt",35.6412760008938,-77.360126,2,2025,14,NA
2025-02-13,"West Johnston Co.","Johnston",35.59095,-78.4622,2,2025,24,NA
2025-02-14,"Bryson City","Swain",35.434767,-83.442133,2,2025,34,NA
2025-02-14,"Castle Hayne","New Hanover",34.364167,-77.838611,2,2025,30,NA
2025-02-14,"Clemmons Middle","Forsyth",36.026612,-80.341962,2,2025,33,NA
2025-02-14,"Durham Armory","Durham",36.0329550008979,-78.904037,2,2025,34,NA
2025-02-14,"Garinger High School","Mecklenburg",35.2401000008895,-80.785683,2,2025,38,35
2025-02-14,"Hattie Avenue","Forsyth",36.11094,-80.224501,2,2025,33,NA
2025-02-14,"Leggett","Edgecombe",35.988278,-77.5843,2,2025,25,NA
2025-02-14,"Mendenhall School","Guilford",36.1090060008986,-79.802314,2,2025,32,NA
2025-02-14,"Millbrook School","Wake",35.856111,-78.574167,2,2025,38,34
2025-02-14,"Pitt Agri. Center","Pitt",35.6412760008938,-77.360126,2,2025,18,NA
2025-02-14,"West Johnston Co.","Johnston",35.59095,-78.4622,2,2025,28,NA
2025-02-15,"Bryson City","Swain",35.434767,-83.442133,2,2025,46,NA
2025-02-15,"Castle Hayne","New Hanover",34.364167,-77.838611,2,2025,29,NA
2025-02-15,"Clemmons Middle","Forsyth",36.026612,-80.341962,2,2025,41,NA
2025-02-15,"Durham Armory","Durham",36.0329550008979,-78.904037,2,2025,32,NA
2025-02-15,"Frying Pan Mountain","Haywood",35.379167,-82.7925,2,2025,8,NA
2025-02-15,"Garinger High School","Mecklenburg",35.2401000008895,-80.785683,2,2025,39,23
2025-02-15,"Hattie Avenue","Forsyth",36.11094,-80.224501,2,2025,39,NA
2025-02-15,"Leggett","Edgecombe",35.988278,-77.5843,2,2025,24,NA
2025-02-15,"Linville Falls","Avery",35.972347,-81.933072,2,2025,22,NA
2025-02-15,"Mendenhall School","Guilford",36.1090060008986,-79.802314,2,2025,34,NA
2025-02-15,"Millbrook School","Wake",35.856111,-78.574167,2,2025,28,29
2025-02-15,"Pitt Agri. Center","Pitt",35.6412760008938,-77.360126,2,2025,17,NA
2025-02-15,"West Johnston Co.","Johnston",35.59095,-78.4622,2,2025,36,NA
2025-02-16,"Bryson City","Swain",35.434767,-83.442133,2,2025,19,NA
2025-02-16,"Castle Hayne","New Hanover",34.364167,-77.838611,2,2025,27,NA
2025-02-16,"Clemmons Middle","Forsyth",36.026612,-80.341962,2,2025,14,NA
2025-02-16,"Durham Armory","Durham",36.0329550008979,-78.904037,2,2025,15,NA
2025-02-16,"Garinger High School","Mecklenburg",35.2401000008895,-80.785683,2,2025,24,33
2025-02-16,"Hattie Avenue","Forsyth",36.11094,-80.224501,2,2025,16,NA
2025-02-16,"Leggett","Edgecombe",35.988278,-77.5843,2,2025,14,NA
2025-02-16,"Mendenhall School","Guilford",36.1090060008986,-79.802314,2,2025,9,NA
2025-02-16,"Millbrook School","Wake",35.856111,-78.574167,2,2025,17,33
2025-02-16,"Pitt Agri. Center","Pitt",35.6412760008938,-77.360126,2,2025,9,NA
2025-02-16,"West Johnston Co.","Johnston",35.59095,-78.4622,2,2025,24,NA
2025-02-17,"Bryson City","Swain",35.434767,-83.442133,2,2025,19,NA
2025-02-17,"Castle Hayne","New Hanover",34.364167,-77.838611,2,2025,20.5,NA
2025-02-17,"Clemmons Middle","Forsyth",36.026612,-80.341962,2,2025,20,NA
2025-02-17,"Durham Armory","Durham",36.0329550008979,-78.904037,2,2025,21,NA
2025-02-17,"Garinger High School","Mecklenburg",35.2401000008895,-80.785683,2,2025,28,39
2025-02-17,"Hattie Avenue","Forsyth",36.11094,-80.224501,2,2025,19,NA
2025-02-17,"Leggett","Edgecombe",35.988278,-77.5843,2,2025,17,NA
2025-02-17,"Mendenhall School","Guilford",36.1090060008986,-79.802314,2,2025,13,NA
2025-02-17,"Millbrook School","Wake",35.856111,-78.574167,2,2025,18,38
2025-02-17,"Pitt Agri. Center","Pitt",35.6412760008938,-77.360126,2,2025,11,NA
2025-02-17,"West Johnston Co.","Johnston",35.59095,-78.4622,2,2025,12,NA
2025-02-18,"Bryson City","Swain",35.434767,-83.442133,2,2025,34,NA
2025-02-18,"Castle Hayne","New Hanover",34.364167,-77.838611,2,2025,30.5,NA
2025-02-18,"Clemmons Middle","Forsyth",36.026612,-80.341962,2,2025,29,NA
2025-02-18,"Durham Armory","Durham",36.0329550008979,-78.904037,2,2025,19,NA
2025-02-18,"Frying Pan Mountain","Haywood",35.379167,-82.7925,2,2025,10,NA
2025-02-18,"Garinger High School","Mecklenburg",35.2401000008895,-80.785683,2,2025,47,37
2025-02-18,"Hattie Avenue","Forsyth",36.11094,-80.224501,2,2025,25,NA
2025-02-18,"Leggett","Edgecombe",35.988278,-77.5843,2,2025,13,NA
2025-02-18,"Linville Falls","Avery",35.972347,-81.933072,2,2025,14,NA
2025-02-18,"Mendenhall School","Guilford",36.1090060008986,-79.802314,2,2025,19,NA
2025-02-18,"Millbrook School","Wake",35.856111,-78.574167,2,2025,22.5,38
2025-02-18,"Pitt Agri. Center","Pitt",35.6412760008938,-77.360126,2,2025,16,NA
2025-02-18,"West Johnston Co.","Johnston",35.59095,-78.4622,2,2025,24,NA
2025-02-19,"Bryson City","Swain",35.434767,-83.442133,2,2025,42,NA
2025-02-19,"Castle Hayne","New Hanover",34.364167,-77.838611,2,2025,25.5,NA
2025-02-19,"Clemmons Middle","Forsyth",36.026612,-80.341962,2,2025,31,NA
2025-02-19,"Durham Armory","Durham",36.0329550008979,-78.904037,2,2025,37,NA
2025-02-19,"Garinger High School","Mecklenburg",35.2401000008895,-80.785683,2,2025,51,27
2025-02-19,"Hattie Avenue","Forsyth",36.11094,-80.224501,2,2025,30,NA
2025-02-19,"Leggett","Edgecombe",35.988278,-77.5843,2,2025,23,NA
2025-02-19,"Mendenhall School","Guilford",36.1090060008986,-79.802314,2,2025,29,NA
2025-02-19,"Millbrook School","Wake",35.856111,-78.574167,2,2025,28,30
2025-02-19,"Pitt Agri. Center","Pitt",35.6412760008938,-77.360126,2,2025,18,NA
2025-02-19,"West Johnston Co.","Johnston",35.59095,-78.4622,2,2025,17,NA
2025-02-20,"Bryson City","Swain",35.434767,-83.442133,2,2025,22,NA
2025-02-20,"Castle Hayne","New Hanover",34.364167,-77.838611,2,2025,47,NA
2025-02-20,"Clemmons Middle","Forsyth",36.026612,-80.341962,2,2025,33,NA
2025-02-20,"Durham Armory","Durham",36.0329550008979,-78.904037,2,2025,32,NA
2025-02-20,"Garinger High School","Mecklenburg",35.2401000008895,-80.785683,2,2025,39,35
2025-02-20,"Hattie Avenue","Forsyth",36.11094,-80.224501,2,2025,32,NA
2025-02-20,"Leggett","Edgecombe",35.988278,-77.5843,2,2025,25,NA
2025-02-20,"Mendenhall School","Guilford",36.1090060008986,-79.802314,2,2025,27,NA
2025-02-20,"Millbrook School","Wake",35.856111,-78.574167,2,2025,23,35
2025-02-20,"Pitt Agri. Center","Pitt",35.6412760008938,-77.360126,2,2025,22,NA
2025-02-20,"West Johnston Co.","Johnston",35.59095,-78.4622,2,2025,19,NA
2025-02-21,"Bryson City","Swain",35.434767,-83.442133,2,2025,16,NA
2025-02-21,"Castle Hayne","New Hanover",34.364167,-77.838611,2,2025,38.5,NA
2025-02-21,"Clemmons Middle","Forsyth",36.026612,-80.341962,2,2025,22,NA
2025-02-21,"Durham Armory","Durham",36.0329550008979,-78.904037,2,2025,28,NA
2025-02-21,"Frying Pan Mountain","Haywood",35.379167,-82.7925,2,2025,6,NA
2025-02-21,"Garinger High School","Mecklenburg",35.2401000008895,-80.785683,2,2025,33,32
2025-02-21,"Hattie Avenue","Forsyth",36.11094,-80.224501,2,2025,16.5,NA
2025-02-21,"Leggett","Edgecombe",35.988278,-77.5843,2,2025,22,NA
2025-02-21,"Linville Falls","Avery",35.972347,-81.933072,2,2025,9,NA
2025-02-21,"Mendenhall School","Guilford",36.1090060008986,-79.802314,2,2025,24,NA
2025-02-21,"Millbrook School","Wake",35.856111,-78.574167,2,2025,22,35
2025-02-21,"Pitt Agri. Center","Pitt",35.6412760008938,-77.360126,2,2025,19,NA
2025-02-21,"West Johnston Co.","Johnston",35.59095,-78.4622,2,2025,16,NA
2025-02-22,"Bryson City","Swain",35.434767,-83.442133,2,2025,51,NA
2025-02-22,"Castle Hayne","New Hanover",34.364167,-77.838611,2,2025,56,NA
2025-02-22,"Clemmons Middle","Forsyth",36.026612,-80.341962,2,2025,31,NA
2025-02-22,"Durham Armory","Durham",36.0329550008979,-78.904037,2,2025,36,NA
2025-02-22,"Garinger High School","Mecklenburg",35.2401000008895,-80.785683,2,2025,42,40
2025-02-22,"Hattie Avenue","Forsyth",36.11094,-80.224501,2,2025,30,NA
2025-02-22,"Leggett","Edgecombe",35.988278,-77.5843,2,2025,25,NA
2025-02-22,"Mendenhall School","Guilford",36.1090060008986,-79.802314,2,2025,29,NA
2025-02-22,"Millbrook School","Wake",35.856111,-78.574167,2,2025,31,33
2025-02-22,"Pitt Agri. Center","Pitt",35.6412760008938,-77.360126,2,2025,32,NA
2025-02-22,"West Johnston Co.","Johnston",35.59095,-78.4622,2,2025,27,NA
2025-02-23,"Bryson City","Swain",35.434767,-83.442133,2,2025,51,NA
2025-02-23,"Castle Hayne","New Hanover",34.364167,-77.838611,2,2025,46.5,NA
2025-02-23,"Clemmons Middle","Forsyth",36.026612,-80.341962,2,2025,44,NA
2025-02-23,"Durham Armory","Durham",36.0329550008979,-78.904037,2,2025,44,NA
2025-02-23,"Garinger High School","Mecklenburg",35.2401000008895,-80.785683,2,2025,55,44
2025-02-23,"Hattie Avenue","Forsyth",36.11094,-80.224501,2,2025,33,NA
2025-02-23,"Leggett","Edgecombe",35.988278,-77.5843,2,2025,32,NA
2025-02-23,"Mendenhall School","Guilford",36.1090060008986,-79.802314,2,2025,46,NA
2025-02-23,"Millbrook School","Wake",35.856111,-78.574167,2,2025,43,41
2025-02-23,"Pitt Agri. Center","Pitt",35.6412760008938,-77.360126,2,2025,42,NA
2025-02-23,"West Johnston Co.","Johnston",35.59095,-78.4622,2,2025,47,NA
2025-02-24,"Bryson City","Swain",35.434767,-83.442133,2,2025,35,NA
2025-02-24,"Castle Hayne","New Hanover",34.364167,-77.838611,2,2025,61.5,NA
2025-02-24,"Clemmons Middle","Forsyth",36.026612,-80.341962,2,2025,52.5,NA
2025-02-24,"Durham Armory","Durham",36.0329550008979,-78.904037,2,2025,40,NA
2025-02-24,"Frying Pan Mountain","Haywood",35.379167,-82.7925,2,2025,15,NA
2025-02-24,"Garinger High School","Mecklenburg",35.2401000008895,-80.785683,2,2025,66,50
2025-02-24,"Hattie Avenue","Forsyth",36.11094,-80.224501,2,2025,42,NA
2025-02-24,"Leggett","Edgecombe",35.988278,-77.5843,2,2025,31,NA
2025-02-24,"Linville Falls","Avery",35.972347,-81.933072,2,2025,14,NA
2025-02-24,"Mendenhall School","Guilford",36.1090060008986,-79.802314,2,2025,43,NA
2025-02-24,"Millbrook School","Wake",35.856111,-78.574167,2,2025,52,43
2025-02-24,"Pitt Agri. Center","Pitt",35.6412760008938,-77.360126,2,2025,38,NA
2025-02-24,"West Johnston Co.","Johnston",35.59095,-78.4622,2,2025,53,NA
2025-02-25,"Bryson City","Swain",35.434767,-83.442133,2,2025,41,NA
2025-02-25,"Castle Hayne","New Hanover",34.364167,-77.838611,2,2025,69,NA
2025-02-25,"Clemmons Middle","Forsyth",36.026612,-80.341962,2,2025,52,NA
2025-02-25,"Durham Armory","Durham",36.0329550008979,-78.904037,2,2025,55,NA
2025-02-25,"Garinger High School","Mecklenburg",35.2401000008895,-80.785683,2,2025,62,49
2025-02-25,"Hattie Avenue","Forsyth",36.11094,-80.224501,2,2025,58,46
2025-02-25,"Leggett","Edgecombe",35.988278,-77.5843,2,2025,51,NA
2025-02-25,"Mendenhall School","Guilford",36.1090060008986,-79.802314,2,2025,48,NA
2025-02-25,"Millbrook School","Wake",35.856111,-78.574167,2,2025,61,47
2025-02-25,"Pitt Agri. Center","Pitt",35.6412760008938,-77.360126,2,2025,58,NA
2025-02-25,"West Johnston Co.","Johnston",35.59095,-78.4622,2,2025,60,NA
2025-02-26,"Bryson City","Swain",35.434767,-83.442133,2,2025,29,NA
2025-02-26,"Castle Hayne","New Hanover",34.364167,-77.838611,2,2025,78,NA
2025-02-26,"Clemmons Middle","Forsyth",36.026612,-80.341962,2,2025,39,NA
2025-02-26,"Durham Armory","Durham",36.0329550008979,-78.904037,2,2025,49,NA
2025-02-26,"Garinger High School","Mecklenburg",35.2401000008895,-80.785683,2,2025,59,51
2025-02-26,"Hattie Avenue","Forsyth",36.11094,-80.224501,2,2025,33,54
2025-02-26,"Leggett","Edgecombe",35.988278,-77.5843,2,2025,46,NA
2025-02-26,"Mendenhall School","Guilford",36.1090060008986,-79.802314,2,2025,33,NA
2025-02-26,"Millbrook School","Wake",35.856111,-78.574167,2,2025,53,42
2025-02-26,"Pitt Agri. Center","Pitt",35.6412760008938,-77.360126,2,2025,51,NA
2025-02-26,"West Johnston Co.","Johnston",35.59095,-78.4622,2,2025,57,NA
2025-02-27,"Bryson City","Swain",35.434767,-83.442133,2,2025,34,NA
2025-02-27,"Castle Hayne","New Hanover",34.364167,-77.838611,2,2025,69,NA
2025-02-27,"Clemmons Middle","Forsyth",36.026612,-80.341962,2,2025,55,45
2025-02-27,"Durham Armory","Durham",36.0329550008979,-78.904037,2,2025,65,NA
2025-02-27,"Frying Pan Mountain","Haywood",35.379167,-82.7925,2,2025,25,NA
2025-02-27,"Garinger High School","Mecklenburg",35.2401000008895,-80.785683,2,2025,57.5,46
2025-02-27,"Hattie Avenue","Forsyth",36.11094,-80.224501,2,2025,55.5,44
2025-02-27,"Leggett","Edgecombe",35.988278,-77.5843,2,2025,62,NA
2025-02-27,"Linville Falls","Avery",35.972347,-81.933072,2,2025,30,NA
2025-02-27,"Mendenhall School","Guilford",36.1090060008986,-79.802314,2,2025,55,NA
2025-02-27,"Millbrook School","Wake",35.856111,-78.574167,2,2025,65,47
2025-02-27,"Pitt Agri. Center","Pitt",35.6412760008938,-77.360126,2,2025,61,NA
2025-02-27,"West Johnston Co.","Johnston",35.59095,-78.4622,2,2025,64,NA
2025-02-28,"Bryson City","Swain",35.434767,-83.442133,2,2025,19,NA
2025-02-28,"Castle Hayne","New Hanover",34.364167,-77.838611,2,2025,26,NA
2025-02-28,"Clemmons Middle","Forsyth",36.026612,-80.341962,2,2025,13,45
2025-02-28,"Durham Armory","Durham",36.0329550008979,-78.904037,2,2025,23,NA
2025-02-28,"Garinger High School","Mecklenburg",35.2401000008895,-80.785683,2,2025,19,45
2025-02-28,"Hattie Avenue","Forsyth",36.11094,-80.224501,2,2025,14,44
2025-02-28,"Leggett","Edgecombe",35.988278,-77.5843,2,2025,19,NA
2025-02-28,"Mendenhall School","Guilford",36.1090060008986,-79.802314,2,2025,12,NA
2025-02-28,"Millbrook School","Wake",35.856111,-78.574167,2,2025,24,42
2025-02-28,"Pitt Agri. Center","Pitt",35.6412760008938,-77.360126,2,2025,17,NA
2025-02-28,"West Johnston Co.","Johnston",35.59095,-78.4622,2,2025,16,NA
2025-03-01,"Bryson City","Swain",35.434767,-83.442133,3,2025,17,43
2025-03-01,"Castle Hayne","New Hanover",34.364167,-77.838611,3,2025,57.5,51
2025-03-01,"Clemmons Middle","Forsyth",36.026612,-80.341962,3,2025,28,48
2025-03-01,"Durham Armory","Durham",36.0329550008979,-78.904037,3,2025,45,NA
2025-03-01,"Frying Pan Mountain","Haywood",35.379167,-82.7925,3,2025,NA,46
2025-03-01,"Garinger High School","Mecklenburg",35.2401000008895,-80.785683,3,2025,32,49
2025-03-01,"Hattie Avenue","Forsyth",36.11094,-80.224501,3,2025,29,47
2025-03-01,"Leggett","Edgecombe",35.988278,-77.5843,3,2025,36,0
2025-03-01,"Linville Falls","Avery",35.972347,-81.933072,3,2025,NA,47
2025-03-01,"Mendenhall School","Guilford",36.1090060008986,-79.802314,3,2025,24,47
2025-03-01,"Millbrook School","Wake",35.856111,-78.574167,3,2025,37,48
2025-03-01,"Pitt Agri. Center","Pitt",35.6412760008938,-77.360126,3,2025,35,49
2025-03-01,"West Johnston Co.","Johnston",35.59095,-78.4622,3,2025,39,NA
2025-03-02,"Bryson City","Swain",35.434767,-83.442133,3,2025,12,40
2025-03-02,"Castle Hayne","New Hanover",34.364167,-77.838611,3,2025,22.5,36
2025-03-02,"Clemmons Middle","Forsyth",36.026612,-80.341962,3,2025,18,41
2025-03-02,"Durham Armory","Durham",36.0329550008979,-78.904037,3,2025,23,NA
2025-03-02,"Frying Pan Mountain","Haywood",35.379167,-82.7925,3,2025,16,45
2025-03-02,"Garinger High School","Mecklenburg",35.2401000008895,-80.785683,3,2025,25.5,40
2025-03-02,"Hattie Avenue","Forsyth",36.11094,-80.224501,3,2025,21.5,41
2025-03-02,"Leggett","Edgecombe",35.988278,-77.5843,3,2025,19,0
2025-03-02,"Linville Falls","Avery",35.972347,-81.933072,3,2025,23,43
2025-03-02,"Mendenhall School","Guilford",36.1090060008986,-79.802314,3,2025,22,39
2025-03-02,"Millbrook School","Wake",35.856111,-78.574167,3,2025,18,38
2025-03-02,"Pitt Agri. Center","Pitt",35.6412760008938,-77.360126,3,2025,12,39
2025-03-02,"West Johnston Co.","Johnston",35.59095,-78.4622,3,2025,9,NA
2025-03-03,"Bryson City","Swain",35.434767,-83.442133,3,2025,27,42
2025-03-03,"Castle Hayne","New Hanover",34.364167,-77.838611,3,2025,28.5,41
2025-03-03,"Clemmons Middle","Forsyth",36.026612,-80.341962,3,2025,48,44
2025-03-03,"Durham Armory","Durham",36.0329550008979,-78.904037,3,2025,32,NA
2025-03-03,"Frying Pan Mountain","Haywood",35.379167,-82.7925,3,2025,NA,47
2025-03-03,"Garinger High School","Mecklenburg",35.2401000008895,-80.785683,3,2025,40,42
2025-03-03,"Hattie Avenue","Forsyth",36.11094,-80.224501,3,2025,33,44
2025-03-03,"Leggett","Edgecombe",35.988278,-77.5843,3,2025,24,0
2025-03-03,"Linville Falls","Avery",35.972347,-81.933072,3,2025,NA,44
2025-03-03,"Mendenhall School","Guilford",36.1090060008986,-79.802314,3,2025,31,41
2025-03-03,"Millbrook School","Wake",35.856111,-78.574167,3,2025,39,40
2025-03-03,"Pitt Agri. Center","Pitt",35.6412760008938,-77.360126,3,2025,17,42
2025-03-03,"West Johnston Co.","Johnston",35.59095,-78.4622,3,2025,37,NA
2025-03-04,"Bryson City","Swain",35.434767,-83.442133,3,2025,48,43
2025-03-04,"Castle Hayne","New Hanover",34.364167,-77.838611,3,2025,25,42
2025-03-04,"Clemmons Middle","Forsyth",36.026612,-80.341962,3,2025,35,44
2025-03-04,"Durham Armory","Durham",36.0329550008979,-78.904037,3,2025,51,43
2025-03-04,"Frying Pan Mountain","Haywood",35.379167,-82.7925,3,2025,NA,44
2025-03-04,"Garinger High School","Mecklenburg",35.2401000008895,-80.785683,3,2025,29,42
2025-03-04,"Hattie Avenue","Forsyth",36.11094,-80.224501,3,2025,34,44
2025-03-04,"Leggett","Edgecombe",35.988278,-77.5843,3,2025,26,NA
2025-03-04,"Linville Falls","Avery",35.972347,-81.933072,3,2025,NA,44
2025-03-04,"Mendenhall School","Guilford",36.1090060008986,-79.802314,3,2025,32,43
2025-03-04,"Millbrook School","Wake",35.856111,-78.574167,3,2025,34,40
2025-03-04,"Pitt Agri. Center","Pitt",35.6412760008938,-77.360126,3,2025,17,43
2025-03-04,"West Johnston Co.","Johnston",35.59095,-78.4622,3,2025,42,NA
2025-03-05,"Bryson City","Swain",35.434767,-83.442133,3,2025,25,35
2025-03-05,"Castle Hayne","New Hanover",34.364167,-77.838611,3,2025,52.5,38
2025-03-05,"Clemmons Middle","Forsyth",36.026612,-80.341962,3,2025,34,44
2025-03-05,"Durham Armory","Durham",36.0329550008979,-78.904037,3,2025,25,37
2025-03-05,"Garinger High School","Mecklenburg",35.2401000008895,-80.785683,3,2025,38,42
2025-03-05,"Hattie Avenue","Forsyth",36.11094,-80.224501,3,2025,33,44
2025-03-05,"Leggett","Edgecombe",35.988278,-77.5843,3,2025,32,NA
2025-03-05,"Linville Falls","Avery",35.972347,-81.933072,3,2025,20,45
2025-03-05,"Mendenhall School","Guilford",36.1090060008986,-79.802314,3,2025,33,43
2025-03-05,"Millbrook School","Wake",35.856111,-78.574167,3,2025,31,35
2025-03-05,"Pitt Agri. Center","Pitt",35.6412760008938,-77.360126,3,2025,30,38
2025-03-05,"West Johnston Co.","Johnston",35.59095,-78.4622,3,2025,31,NA
2025-03-06,"Bryson City","Swain",35.434767,-83.442133,3,2025,13,36
2025-03-06,"Castle Hayne","New Hanover",34.364167,-77.838611,3,2025,25,32
2025-03-06,"Clemmons Middle","Forsyth",36.026612,-80.341962,3,2025,9,36
2025-03-06,"Durham Armory","Durham",36.0329550008979,-78.904037,3,2025,12,34
2025-03-06,"Frying Pan Mountain","Haywood",35.379167,-82.7925,3,2025,NA,42
2025-03-06,"Garinger High School","Mecklenburg",35.2401000008895,-80.785683,3,2025,7,35
2025-03-06,"Hattie Avenue","Forsyth",36.11094,-80.224501,3,2025,10,35
2025-03-06,"Leggett","Edgecombe",35.988278,-77.5843,3,2025,11,36
2025-03-06,"Linville Falls","Avery",35.972347,-81.933072,3,2025,NA,38
2025-03-06,"Mendenhall School","Guilford",36.1090060008986,-79.802314,3,2025,6,34
2025-03-06,"Millbrook School","Wake",35.856111,-78.574167,3,2025,11,33
2025-03-06,"Pitt Agri. Center","Pitt",35.6412760008938,-77.360126,3,2025,3,34
2025-03-06,"West Johnston Co.","Johnston",35.59095,-78.4622,3,2025,0,36
2025-03-07,"Bryson City","Swain",35.434767,-83.442133,3,2025,20,32
2025-03-07,"Castle Hayne","New Hanover",34.364167,-77.838611,3,2025,25,38
2025-03-07,"Clemmons Middle","Forsyth",36.026612,-80.341962,3,2025,23,35
2025-03-07,"Durham Armory","Durham",36.0329550008979,-78.904037,3,2025,46,36
2025-03-07,"Frying Pan Mountain","Haywood",35.379167,-82.7925,3,2025,NA,45
2025-03-07,"Garinger High School","Mecklenburg",35.2401000008895,-80.785683,3,2025,26,39
2025-03-07,"Hattie Avenue","Forsyth",36.11094,-80.224501,3,2025,25,33
2025-03-07,"Leggett","Edgecombe",35.988278,-77.5843,3,2025,30,39
2025-03-07,"Linville Falls","Avery",35.972347,-81.933072,3,2025,NA,41
2025-03-07,"Mendenhall School","Guilford",36.1090060008986,-79.802314,3,2025,22,33
2025-03-07,"Millbrook School","Wake",35.856111,-78.574167,3,2025,47,34
2025-03-07,"Pitt Agri. Center","Pitt",35.6412760008938,-77.360126,3,2025,12,38
2025-03-07,"West Johnston Co.","Johnston",35.59095,-78.4622,3,2025,26,40
2025-03-08,"Bryson City","Swain",35.434767,-83.442133,3,2025,41,43
2025-03-08,"Castle Hayne","New Hanover",34.364167,-77.838611,3,2025,55,45
2025-03-08,"Clemmons Middle","Forsyth",36.026612,-80.341962,3,2025,32,43
2025-03-08,"Durham Armory","Durham",36.0329550008979,-78.904037,3,2025,59,42
2025-03-08,"Frying Pan Mountain","Haywood",35.379167,-82.7925,3,2025,27,46
2025-03-08,"Garinger High School","Mecklenburg",35.2401000008895,-80.785683,3,2025,52,44
2025-03-08,"Hattie Avenue","Forsyth",36.11094,-80.224501,3,2025,46.5,41
2025-03-08,"Leggett","Edgecombe",35.988278,-77.5843,3,2025,47,44
2025-03-08,"Linville Falls","Avery",35.972347,-81.933072,3,2025,26,42
2025-03-08,"Mendenhall School","Guilford",36.1090060008986,-79.802314,3,2025,34,42
2025-03-08,"Millbrook School","Wake",35.856111,-78.574167,3,2025,50,43
2025-03-08,"Pitt Agri. Center","Pitt",35.6412760008938,-77.360126,3,2025,51,46
2025-03-08,"West Johnston Co.","Johnston",35.59095,-78.4622,3,2025,NA,47
2025-03-09,"Bryson City","Swain",35.434767,-83.442133,3,2025,25,40
2025-03-09,"Castle Hayne","New Hanover",34.364167,-77.838611,3,2025,37.5,37
2025-03-09,"Clemmons Middle","Forsyth",36.026612,-80.341962,3,2025,22,44
2025-03-09,"Durham Armory","Durham",36.0329550008979,-78.904037,3,2025,16,41
2025-03-09,"Frying Pan Mountain","Haywood",35.379167,-82.7925,3,2025,NA,44
2025-03-09,"Garinger High School","Mecklenburg",35.2401000008895,-80.785683,3,2025,23,43
2025-03-09,"Hattie Avenue","Forsyth",36.11094,-80.224501,3,2025,24,44
2025-03-09,"Leggett","Edgecombe",35.988278,-77.5843,3,2025,32,44
2025-03-09,"Linville Falls","Avery",35.972347,-81.933072,3,2025,NA,44
2025-03-09,"Mendenhall School","Guilford",36.1090060008986,-79.802314,3,2025,22,44
2025-03-09,"Millbrook School","Wake",35.856111,-78.574167,3,2025,26,41
2025-03-09,"Pitt Agri. Center","Pitt",35.6412760008938,-77.360126,3,2025,23,41
2025-03-09,"West Johnston Co.","Johnston",35.59095,-78.4622,3,2025,NA,43
2025-03-10,"Bryson City","Swain",35.434767,-83.442133,3,2025,29,40
2025-03-10,"Castle Hayne","New Hanover",34.364167,-77.838611,3,2025,37,38
2025-03-10,"Clemmons Middle","Forsyth",36.026612,-80.341962,3,2025,30,43
2025-03-10,"Durham Armory","Durham",36.0329550008979,-78.904037,3,2025,36,40
2025-03-10,"Frying Pan Mountain","Haywood",35.379167,-82.7925,3,2025,NA,48
2025-03-10,"Garinger High School","Mecklenburg",35.2401000008895,-80.785683,3,2025,46,30
2025-03-10,"Hattie Avenue","Forsyth",36.11094,-80.224501,3,2025,34,44
2025-03-10,"Leggett","Edgecombe",35.988278,-77.5843,3,2025,28,41
2025-03-10,"Linville Falls","Avery",35.972347,-81.933072,3,2025,NA,43
2025-03-10,"Mendenhall School","Guilford",36.1090060008986,-79.802314,3,2025,26,38
2025-03-10,"Millbrook School","Wake",35.856111,-78.574167,3,2025,44,39
2025-03-10,"Pitt Agri. Center","Pitt",35.6412760008938,-77.360126,3,2025,31,41
2025-03-10,"West Johnston Co.","Johnston",35.59095,-78.4622,3,2025,NA,41
2025-03-11,"Bryson City","Swain",35.434767,-83.442133,3,2025,30,48
2025-03-11,"Castle Hayne","New Hanover",34.364167,-77.838611,3,2025,26.5,43
2025-03-11,"Clemmons Middle","Forsyth",36.026612,-80.341962,3,2025,31,64
2025-03-11,"Durham Armory","Durham",36.0329550008979,-78.904037,3,2025,35,48
2025-03-11,"Frying Pan Mountain","Haywood",35.379167,-82.7925,3,2025,20,74
2025-03-11,"Garinger High School","Mecklenburg",35.2401000008895,-80.785683,3,2025,34,49
2025-03-11,"Hattie Avenue","Forsyth",36.11094,-80.224501,3,2025,30,64
2025-03-11,"Leggett","Edgecombe",35.988278,-77.5843,3,2025,22,46
2025-03-11,"Linville Falls","Avery",35.972347,-81.933072,3,2025,21,51
2025-03-11,"Mendenhall School","Guilford",36.1090060008986,-79.802314,3,2025,30,58
2025-03-11,"Millbrook School","Wake",35.856111,-78.574167,3,2025,32.5,47
2025-03-11,"Pitt Agri. Center","Pitt",35.6412760008938,-77.360126,3,2025,25,44
2025-03-11,"West Johnston Co.","Johnston",35.59095,-78.4622,3,2025,NA,51
2025-03-12,"Bryson City","Swain",35.434767,-83.442133,3,2025,44,49
2025-03-12,"Castle Hayne","New Hanover",34.364167,-77.838611,3,2025,51,74
2025-03-12,"Clemmons Middle","Forsyth",36.026612,-80.341962,3,2025,52,87
2025-03-12,"Durham Armory","Durham",36.0329550008979,-78.904037,3,2025,55,71
2025-03-12,"Frying Pan Mountain","Haywood",35.379167,-82.7925,3,2025,NA,74
2025-03-12,"Garinger High School","Mecklenburg",35.2401000008895,-80.785683,3,2025,53,74
2025-03-12,"Hattie Avenue","Forsyth",36.11094,-80.224501,3,2025,52,84
2025-03-12,"Leggett","Edgecombe",35.988278,-77.5843,3,2025,51,64
2025-03-12,"Linville Falls","Avery",35.972347,-81.933072,3,2025,NA,71
2025-03-12,"Mendenhall School","Guilford",36.1090060008986,-79.802314,3,2025,54,77
2025-03-12,"Millbrook School","Wake",35.856111,-78.574167,3,2025,53,64
2025-03-12,"Pitt Agri. Center","Pitt",35.6412760008938,-77.360126,3,2025,53,71
2025-03-12,"West Johnston Co.","Johnston",35.59095,-78.4622,3,2025,54,84
2025-03-13,"Bryson City","Swain",35.434767,-83.442133,3,2025,53,50
2025-03-13,"Castle Hayne","New Hanover",34.364167,-77.838611,3,2025,65.5,64
2025-03-13,"Clemmons Middle","Forsyth",36.026612,-80.341962,3,2025,62,84
2025-03-13,"Durham Armory","Durham",36.0329550008979,-78.904037,3,2025,68,45
2025-03-13,"Frying Pan Mountain","Haywood",35.379167,-82.7925,3,2025,NA,74
2025-03-13,"Garinger High School","Mecklenburg",35.2401000008895,-80.785683,3,2025,68,54
2025-03-13,"Hattie Avenue","Forsyth",36.11094,-80.224501,3,2025,63,80
2025-03-13,"Leggett","Edgecombe",35.988278,-77.5843,3,2025,60,37
2025-03-13,"Linville Falls","Avery",35.972347,-81.933072,3,2025,NA,67
2025-03-13,"Mendenhall School","Guilford",36.1090060008986,-79.802314,3,2025,59,51
2025-03-13,"Millbrook School","Wake",35.856111,-78.574167,3,2025,69,49
2025-03-13,"Pitt Agri. Center","Pitt",35.6412760008938,-77.360126,3,2025,60,49
2025-03-13,"West Johnston Co.","Johnston",35.59095,-78.4622,3,2025,66,64
2025-03-14,"Bryson City","Swain",35.434767,-83.442133,3,2025,52,49
2025-03-14,"Castle Hayne","New Hanover",34.364167,-77.838611,3,2025,57.5,31
2025-03-14,"Clemmons Middle","Forsyth",36.026612,-80.341962,3,2025,66,50
2025-03-14,"Durham Armory","Durham",36.0329550008979,-78.904037,3,2025,NA,31
2025-03-14,"Frying Pan Mountain","Haywood",35.379167,-82.7925,3,2025,52,64
2025-03-14,"Garinger High School","Mecklenburg",35.2401000008895,-80.785683,3,2025,75,48
2025-03-14,"Hattie Avenue","Forsyth",36.11094,-80.224501,3,2025,66,50
2025-03-14,"Leggett","Edgecombe",35.988278,-77.5843,3,2025,53,33
2025-03-14,"Linville Falls","Avery",35.972347,-81.933072,3,2025,57,67
2025-03-14,"Mendenhall School","Guilford",36.1090060008986,-79.802314,3,2025,61,42
2025-03-14,"Millbrook School","Wake",35.856111,-78.574167,3,2025,61.5,30
2025-03-14,"Pitt Agri. Center","Pitt",35.6412760008938,-77.360126,3,2025,52,33
2025-03-14,"West Johnston Co.","Johnston",35.59095,-78.4622,3,2025,56,31
2025-03-15,"Bryson City","Swain",35.434767,-83.442133,3,2025,51,44
2025-03-15,"Castle Hayne","New Hanover",34.364167,-77.838611,3,2025,33,37
2025-03-15,"Clemmons Middle","Forsyth",36.026612,-80.341962,3,2025,63,36
2025-03-15,"Durham Armory","Durham",36.0329550008979,-78.904037,3,2025,54,35
2025-03-15,"Frying Pan Mountain","Haywood",35.379167,-82.7925,3,2025,NA,41
2025-03-15,"Garinger High School","Mecklenburg",35.2401000008895,-80.785683,3,2025,55,36
2025-03-15,"Hattie Avenue","Forsyth",36.11094,-80.224501,3,2025,63,37
2025-03-15,"Leggett","Edgecombe",35.988278,-77.5843,3,2025,58,39
2025-03-15,"Linville Falls","Avery",35.972347,-81.933072,3,2025,NA,41
2025-03-15,"Mendenhall School","Guilford",36.1090060008986,-79.802314,3,2025,59,34
2025-03-15,"Millbrook School","Wake",35.856111,-78.574167,3,2025,58,33
2025-03-15,"Pitt Agri. Center","Pitt",35.6412760008938,-77.360126,3,2025,43,38
2025-03-15,"West Johnston Co.","Johnston",35.59095,-78.4622,3,2025,55,40
2025-03-16,"Bryson City","Swain",35.434767,-83.442133,3,2025,50,43
2025-03-16,"Castle Hayne","New Hanover",34.364167,-77.838611,3,2025,45.5,34
2025-03-16,"Clemmons Middle","Forsyth",36.026612,-80.341962,3,2025,43,41
2025-03-16,"Durham Armory","Durham",36.0329550008979,-78.904037,3,2025,38,33
2025-03-16,"Garinger High School","Mecklenburg",35.2401000008895,-80.785683,3,2025,42,39
2025-03-16,"Hattie Avenue","Forsyth",36.11094,-80.224501,3,2025,46,41
2025-03-16,"Leggett","Edgecombe",35.988278,-77.5843,3,2025,31,34
2025-03-16,"Linville Falls","Avery",35.972347,-81.933072,3,2025,NA,43
2025-03-16,"Mendenhall School","Guilford",36.1090060008986,-79.802314,3,2025,37,36
2025-03-16,"Millbrook School","Wake",35.856111,-78.574167,3,2025,27,31
2025-03-16,"Pitt Agri. Center","Pitt",35.6412760008938,-77.360126,3,2025,29,33
2025-03-16,"West Johnston Co.","Johnston",35.59095,-78.4622,3,2025,23,32
2025-03-17,"Bryson City","Swain",35.434767,-83.442133,3,2025,23,36
2025-03-17,"Castle Hayne","New Hanover",34.364167,-77.838611,3,2025,41,31
2025-03-17,"Clemmons Middle","Forsyth",36.026612,-80.341962,3,2025,20,32
2025-03-17,"Durham Armory","Durham",36.0329550008979,-78.904037,3,2025,43,31
2025-03-17,"Frying Pan Mountain","Haywood",35.379167,-82.7925,3,2025,8,44
2025-03-17,"Garinger High School","Mecklenburg",35.2401000008895,-80.785683,3,2025,17,33
2025-03-17,"Hattie Avenue","Forsyth",36.11094,-80.224501,3,2025,21.5,33
2025-03-17,"Leggett","Edgecombe",35.988278,-77.5843,3,2025,28,31
2025-03-17,"Linville Falls","Avery",35.972347,-81.933072,3,2025,11,33
2025-03-17,"Mendenhall School","Guilford",36.1090060008986,-79.802314,3,2025,19,31
2025-03-17,"Millbrook School","Wake",35.856111,-78.574167,3,2025,27.5,30
2025-03-17,"Pitt Agri. Center","Pitt",35.6412760008938,-77.360126,3,2025,25,31
2025-03-17,"West Johnston Co.","Johnston",35.59095,-78.4622,3,2025,23,31
2025-03-18,"Bryson City","Swain",35.434767,-83.442133,3,2025,28,42
2025-03-18,"Castle Hayne","New Hanover",34.364167,-77.838611,3,2025,21.5,41
2025-03-18,"Clemmons Middle","Forsyth",36.026612,-80.341962,3,2025,22,46
2025-03-18,"Durham Armory","Durham",36.0329550008979,-78.904037,3,2025,NA,42
2025-03-18,"Frying Pan Mountain","Haywood",35.379167,-82.7925,3,2025,NA,48
2025-03-18,"Garinger High School","Mecklenburg",35.2401000008895,-80.785683,3,2025,14,42
2025-03-18,"Hattie Avenue","Forsyth",36.11094,-80.224501,3,2025,19,44
2025-03-18,"Leggett","Edgecombe",35.988278,-77.5843,3,2025,16,41
2025-03-18,"Linville Falls","Avery",35.972347,-81.933072,3,2025,NA,47
2025-03-18,"Mendenhall School","Guilford",36.1090060008986,-79.802314,3,2025,13,43
2025-03-18,"Millbrook School","Wake",35.856111,-78.574167,3,2025,18,41
2025-03-18,"Pitt Agri. Center","Pitt",35.6412760008938,-77.360126,3,2025,14,40
2025-03-18,"West Johnston Co.","Johnston",35.59095,-78.4622,3,2025,21,44
2025-03-19,"Bryson City","Swain",35.434767,-83.442133,3,2025,38,47
2025-03-19,"Castle Hayne","New Hanover",34.364167,-77.838611,3,2025,56.5,58
2025-03-19,"Clemmons Middle","Forsyth",36.026612,-80.341962,3,2025,52,67
2025-03-19,"Durham Armory","Durham",36.0329550008979,-78.904037,3,2025,NA,67
2025-03-19,"Frying Pan Mountain","Haywood",35.379167,-82.7925,3,2025,NA,50
2025-03-19,"Garinger High School","Mecklenburg",35.2401000008895,-80.785683,3,2025,52,50
2025-03-19,"Hattie Avenue","Forsyth",36.11094,-80.224501,3,2025,52,67
2025-03-19,"Leggett","Edgecombe",35.988278,-77.5843,3,2025,32,47
2025-03-19,"Linville Falls","Avery",35.972347,-81.933072,3,2025,NA,58
2025-03-19,"Mendenhall School","Guilford",36.1090060008986,-79.802314,3,2025,59,74
2025-03-19,"Millbrook School","Wake",35.856111,-78.574167,3,2025,57,58
2025-03-19,"Pitt Agri. Center","Pitt",35.6412760008938,-77.360126,3,2025,32,45
2025-03-19,"West Johnston Co.","Johnston",35.59095,-78.4622,3,2025,60,64
2025-03-20,"Bryson City","Swain",35.434767,-83.442133,3,2025,25,32
2025-03-20,"Castle Hayne","New Hanover",34.364167,-77.838611,3,2025,53.5,45
2025-03-20,"Clemmons Middle","Forsyth",36.026612,-80.341962,3,2025,56,41
2025-03-20,"Durham Armory","Durham",36.0329550008979,-78.904037,3,2025,NA,39
2025-03-20,"Frying Pan Mountain","Haywood",35.379167,-82.7925,3,2025,NA,40
2025-03-20,"Garinger High School","Mecklenburg",35.2401000008895,-80.785683,3,2025,52.5,41
2025-03-20,"Hattie Avenue","Forsyth",36.11094,-80.224501,3,2025,58.5,40
2025-03-20,"Leggett","Edgecombe",35.988278,-77.5843,3,2025,51,42
2025-03-20,"Linville Falls","Avery",35.972347,-81.933072,3,2025,51,38
2025-03-20,"Mendenhall School","Guilford",36.1090060008986,-79.802314,3,2025,58,40
2025-03-20,"Millbrook School","Wake",35.856111,-78.574167,3,2025,56.5,39
2025-03-20,"Pitt Agri. Center","Pitt",35.6412760008938,-77.360126,3,2025,37,43
2025-03-20,"West Johnston Co.","Johnston",35.59095,-78.4622,3,2025,54,44
2025-03-21,"Bryson City","Swain",35.434767,-83.442133,3,2025,16,43
2025-03-21,"Castle Hayne","New Hanover",34.364167,-77.838611,3,2025,19,39
2025-03-21,"Clemmons Middle","Forsyth",36.026612,-80.341962,3,2025,20,45
2025-03-21,"Durham Armory","Durham",36.0329550008979,-78.904037,3,2025,NA,41
2025-03-21,"Frying Pan Mountain","Haywood",35.379167,-82.7925,3,2025,NA,46
2025-03-21,"Garinger High School","Mecklenburg",35.2401000008895,-80.785683,3,2025,19,44
2025-03-21,"Hattie Avenue","Forsyth",36.11094,-80.224501,3,2025,22,44
2025-03-21,"Leggett","Edgecombe",35.988278,-77.5843,3,2025,11,40
2025-03-21,"Linville Falls","Avery",35.972347,-81.933072,3,2025,NA,44
2025-03-21,"Mendenhall School","Guilford",36.1090060008986,-79.802314,3,2025,14,43
2025-03-21,"Millbrook School","Wake",35.856111,-78.574167,3,2025,15,40
2025-03-21,"Pitt Agri. Center","Pitt",35.6412760008938,-77.360126,3,2025,1,40
2025-03-21,"West Johnston Co.","Johnston",35.59095,-78.4622,3,2025,9,43
2025-03-22,"Bryson City","Swain",35.434767,-83.442133,3,2025,19,46
2025-03-22,"Castle Hayne","New Hanover",34.364167,-77.838611,3,2025,55,49
2025-03-22,"Clemmons Middle","Forsyth",36.026612,-80.341962,3,2025,49,50
2025-03-22,"Durham Armory","Durham",36.0329550008979,-78.904037,3,2025,NA,49
2025-03-22,"Frying Pan Mountain","Haywood",35.379167,-82.7925,3,2025,NA,48
2025-03-22,"Garinger High School","Mecklenburg",35.2401000008895,-80.785683,3,2025,42,54
2025-03-22,"Hattie Avenue","Forsyth",36.11094,-80.224501,3,2025,53,50
2025-03-22,"Leggett","Edgecombe",35.988278,-77.5843,3,2025,37,50
2025-03-22,"Linville Falls","Avery",35.972347,-81.933072,3,2025,NA,49
2025-03-22,"Mendenhall School","Guilford",36.1090060008986,-79.802314,3,2025,37,48
2025-03-22,"Millbrook School","Wake",35.856111,-78.574167,3,2025,46,47
2025-03-22,"Pitt Agri. Center","Pitt",35.6412760008938,-77.360126,3,2025,39,48
2025-03-22,"West Johnston Co.","Johnston",35.59095,-78.4622,3,2025,48,51
2025-03-23,"Bryson City","Swain",35.434767,-83.442133,3,2025,20,58
2025-03-23,"Castle Hayne","New Hanover",34.364167,-77.838611,3,2025,46,41
2025-03-23,"Clemmons Middle","Forsyth",36.026612,-80.341962,3,2025,24,50
2025-03-23,"Durham Armory","Durham",36.0329550008979,-78.904037,3,2025,NA,46
2025-03-23,"Frying Pan Mountain","Haywood",35.379167,-82.7925,3,2025,NA,61
2025-03-23,"Garinger High School","Mecklenburg",35.2401000008895,-80.785683,3,2025,35.5,48
2025-03-23,"Hattie Avenue","Forsyth",36.11094,-80.224501,3,2025,28,50
2025-03-23,"Leggett","Edgecombe",35.988278,-77.5843,3,2025,30,43
2025-03-23,"Linville Falls","Avery",35.972347,-81.933072,3,2025,44,61
2025-03-23,"Mendenhall School","Guilford",36.1090060008986,-79.802314,3,2025,22,47
2025-03-23,"Millbrook School","Wake",35.856111,-78.574167,3,2025,38,44
2025-03-23,"Pitt Agri. Center","Pitt",35.6412760008938,-77.360126,3,2025,31,41
2025-03-23,"West Johnston Co.","Johnston",35.59095,-78.4622,3,2025,42,46
2025-03-24,"Bryson City","Swain",35.434767,-83.442133,3,2025,28,44
2025-03-24,"Castle Hayne","New Hanover",34.364167,-77.838611,3,2025,54,NA
2025-03-24,"Clemmons Middle","Forsyth",36.026612,-80.341962,3,2025,53,42
2025-03-24,"Durham Armory","Durham",36.0329550008979,-78.904037,3,2025,NA,36
2025-03-24,"Frying Pan Mountain","Haywood",35.379167,-82.7925,3,2025,NA,45
2025-03-24,"Garinger High School","Mecklenburg",35.2401000008895,-80.785683,3,2025,54,40
2025-03-24,"Hattie Avenue","Forsyth",36.11094,-80.224501,3,2025,55,41
2025-03-24,"Leggett","Edgecombe",35.988278,-77.5843,3,2025,42,45
2025-03-24,"Linville Falls","Avery",35.972347,-81.933072,3,2025,NA,45
2025-03-24,"Mendenhall School","Guilford",36.1090060008986,-79.802314,3,2025,55,37
2025-03-24,"Millbrook School","Wake",35.856111,-78.574167,3,2025,53,37
2025-03-24,"Pitt Agri. Center","Pitt",35.6412760008938,-77.360126,3,2025,46,46
2025-03-24,"West Johnston Co.","Johnston",35.59095,-78.4622,3,2025,53,44
2025-03-25,"Bryson City","Swain",35.434767,-83.442133,3,2025,19,47
2025-03-25,"Castle Hayne","New Hanover",34.364167,-77.838611,3,2025,112.5,48
2025-03-25,"Clemmons Middle","Forsyth",36.026612,-80.341962,3,2025,15,50
2025-03-25,"Durham Armory","Durham",36.0329550008979,-78.904037,3,2025,NA,45
2025-03-25,"Frying Pan Mountain","Haywood",35.379167,-82.7925,3,2025,NA,46
2025-03-25,"Garinger High School","Mecklenburg",35.2401000008895,-80.785683,3,2025,20,49
2025-03-25,"Hattie Avenue","Forsyth",36.11094,-80.224501,3,2025,16,49
2025-03-25,"Leggett","Edgecombe",35.988278,-77.5843,3,2025,15,49
2025-03-25,"Linville Falls","Avery",35.972347,-81.933072,3,2025,NA,48
2025-03-25,"Mendenhall School","Guilford",36.1090060008986,-79.802314,3,2025,12,48
2025-03-25,"Millbrook School","Wake",35.856111,-78.574167,3,2025,23,45
2025-03-25,"Pitt Agri. Center","Pitt",35.6412760008938,-77.360126,3,2025,11,48
2025-03-25,"West Johnston Co.","Johnston",35.59095,-78.4622,3,2025,23,50
2025-03-26,"Bryson City","Swain",35.434767,-83.442133,3,2025,24,47
2025-03-26,"Castle Hayne","New Hanover",34.364167,-77.838611,3,2025,100.5,45
2025-03-26,"Clemmons Middle","Forsyth",36.026612,-80.341962,3,2025,21.5,47
2025-03-26,"Durham Armory","Durham",36.0329550008979,-78.904037,3,2025,NA,44
2025-03-26,"Frying Pan Mountain","Haywood",35.379167,-82.7925,3,2025,18,47
2025-03-26,"Garinger High School","Mecklenburg",35.2401000008895,-80.785683,3,2025,21,46
2025-03-26,"Hattie Avenue","Forsyth",36.11094,-80.224501,3,2025,19.5,46
2025-03-26,"Leggett","Edgecombe",35.988278,-77.5843,3,2025,17,45
2025-03-26,"Linville Falls","Avery",35.972347,-81.933072,3,2025,14,46
2025-03-26,"Mendenhall School","Guilford",36.1090060008986,-79.802314,3,2025,17,44
2025-03-26,"Millbrook School","Wake",35.856111,-78.574167,3,2025,21.5,44
2025-03-26,"Pitt Agri. Center","Pitt",35.6412760008938,-77.360126,3,2025,12,44
2025-03-26,"West Johnston Co.","Johnston",35.59095,-78.4622,3,2025,17,46
2025-03-27,"Bryson City","Swain",35.434767,-83.442133,3,2025,37,43
2025-03-27,"Castle Hayne","New Hanover",34.364167,-77.838611,3,2025,68.5,46
2025-03-27,"Clemmons Middle","Forsyth",36.026612,-80.341962,3,2025,23,54
2025-03-27,"Durham Armory","Durham",36.0329550008979,-78.904037,3,2025,54,49
2025-03-27,"Frying Pan Mountain","Haywood",35.379167,-82.7925,3,2025,NA,49
2025-03-27,"Garinger High School","Mecklenburg",35.2401000008895,-80.785683,3,2025,37,48
2025-03-27,"Hattie Avenue","Forsyth",36.11094,-80.224501,3,2025,28,51
2025-03-27,"Leggett","Edgecombe",35.988278,-77.5843,3,2025,21,49
2025-03-27,"Linville Falls","Avery",35.972347,-81.933072,3,2025,NA,51
2025-03-27,"Mendenhall School","Guilford",36.1090060008986,-79.802314,3,2025,24,49
2025-03-27,"Millbrook School","Wake",35.856111,-78.574167,3,2025,24,48
2025-03-27,"Pitt Agri. Center","Pitt",35.6412760008938,-77.360126,3,2025,26,47
2025-03-27,"West Johnston Co.","Johnston",35.59095,-78.4622,3,2025,22,50
2025-03-28,"Bryson City","Swain",35.434767,-83.442133,3,2025,56,51
2025-03-28,"Castle Hayne","New Hanover",34.364167,-77.838611,3,2025,27,46
2025-03-28,"Clemmons Middle","Forsyth",36.026612,-80.341962,3,2025,52,77
2025-03-28,"Durham Armory","Durham",36.0329550008979,-78.904037,3,2025,56,58
2025-03-28,"Frying Pan Mountain","Haywood",35.379167,-82.7925,3,2025,NA,61
2025-03-28,"Garinger High School","Mecklenburg",35.2401000008895,-80.785683,3,2025,48,58
2025-03-28,"Hattie Avenue","Forsyth",36.11094,-80.224501,3,2025,54,77
2025-03-28,"Leggett","Edgecombe",35.988278,-77.5843,3,2025,42,58
2025-03-28,"Linville Falls","Avery",35.972347,-81.933072,3,2025,NA,80
2025-03-28,"Mendenhall School","Guilford",36.1090060008986,-79.802314,3,2025,47,71
2025-03-28,"Millbrook School","Wake",35.856111,-78.574167,3,2025,51,58
2025-03-28,"Pitt Agri. Center","Pitt",35.6412760008938,-77.360126,3,2025,27,50
2025-03-28,"West Johnston Co.","Johnston",35.59095,-78.4622,3,2025,47,64
2025-03-29,"Bryson City","Swain",35.434767,-83.442133,3,2025,66,37
2025-03-29,"Castle Hayne","New Hanover",34.364167,-77.838611,3,2025,26.5,42
2025-03-29,"Clemmons Middle","Forsyth",36.026612,-80.341962,3,2025,41,46
2025-03-29,"Durham Armory","Durham",36.0329550008979,-78.904037,3,2025,51,41
2025-03-29,"Frying Pan Mountain","Haywood",35.379167,-82.7925,3,2025,41,44
2025-03-29,"Garinger High School","Mecklenburg",35.2401000008895,-80.785683,3,2025,37.5,43
2025-03-29,"Hattie Avenue","Forsyth",36.11094,-80.224501,3,2025,41.5,46
2025-03-29,"Leggett","Edgecombe",35.988278,-77.5843,3,2025,37,44
2025-03-29,"Linville Falls","Avery",35.972347,-81.933072,3,2025,68,46
2025-03-29,"Mendenhall School","Guilford",36.1090060008986,-79.802314,3,2025,35,45
2025-03-29,"Millbrook School","Wake",35.856111,-78.574167,3,2025,40,41
2025-03-29,"Pitt Agri. Center","Pitt",35.6412760008938,-77.360126,3,2025,28,40
2025-03-29,"West Johnston Co.","Johnston",35.59095,-78.4622,3,2025,32,44
2025-03-30,"Bryson City","Swain",35.434767,-83.442133,3,2025,34,27
2025-03-30,"Castle Hayne","New Hanover",34.364167,-77.838611,3,2025,23,39
2025-03-30,"Clemmons Middle","Forsyth",36.026612,-80.341962,3,2025,36,43
2025-03-30,"Durham Armory","Durham",36.0329550008979,-78.904037,3,2025,49,38
2025-03-30,"Frying Pan Mountain","Haywood",35.379167,-82.7925,3,2025,NA,32
2025-03-30,"Garinger High School","Mecklenburg",35.2401000008895,-80.785683,3,2025,33,40
2025-03-30,"Hattie Avenue","Forsyth",36.11094,-80.224501,3,2025,39,44
2025-03-30,"Leggett","Edgecombe",35.988278,-77.5843,3,2025,29,41
2025-03-30,"Linville Falls","Avery",35.972347,-81.933072,3,2025,NA,38
2025-03-30,"Mendenhall School","Guilford",36.1090060008986,-79.802314,3,2025,29,40
2025-03-30,"Millbrook School","Wake",35.856111,-78.574167,3,2025,29,37
2025-03-30,"Pitt Agri. Center","Pitt",35.6412760008938,-77.360126,3,2025,26,38
2025-03-30,"West Johnston Co.","Johnston",35.59095,-78.4622,3,2025,27,40
2025-03-31,"Bryson City","Swain",35.434767,-83.442133,3,2025,14,35
2025-03-31,"Castle Hayne","New Hanover",34.364167,-77.838611,3,2025,21,32
2025-03-31,"Clemmons Middle","Forsyth",36.026612,-80.341962,3,2025,33,31
2025-03-31,"Durham Armory","Durham",36.0329550008979,-78.904037,3,2025,50,31
2025-03-31,"Frying Pan Mountain","Haywood",35.379167,-82.7925,3,2025,NA,44
2025-03-31,"Garinger High School","Mecklenburg",35.2401000008895,-80.785683,3,2025,32,24
2025-03-31,"Hattie Avenue","Forsyth",36.11094,-80.224501,3,2025,33,31
2025-03-31,"Leggett","Edgecombe",35.988278,-77.5843,3,2025,29,32
2025-03-31,"Linville Falls","Avery",35.972347,-81.933072,3,2025,NA,40
2025-03-31,"Mendenhall School","Guilford",36.1090060008986,-79.802314,3,2025,32,31
2025-03-31,"Millbrook School","Wake",35.856111,-78.574167,3,2025,39,31
2025-03-31,"Pitt Agri. Center","Pitt",35.6412760008938,-77.360126,3,2025,25,31
2025-03-31,"West Johnston Co.","Johnston",35.59095,-78.4622,3,2025,26,32
2025-04-01,"Bryson City","Swain",35.434767,-83.442133,4,2025,12,38
2025-04-01,"Castle Hayne","New Hanover",34.364167,-77.838611,4,2025,32,32
2025-04-01,"Clemmons Middle","Forsyth",36.026612,-80.341962,4,2025,10,37
2025-04-01,"Durham Armory","Durham",36.0329550008979,-78.904037,4,2025,16,31
2025-04-01,"Frying Pan Mountain","Haywood",35.379167,-82.7925,4,2025,8,37
2025-04-01,"Garinger High School","Mecklenburg",35.2401000008895,-80.785683,4,2025,14.5,37
2025-04-01,"Hattie Avenue","Forsyth",36.11094,-80.224501,4,2025,10.5,34
2025-04-01,"Leggett","Edgecombe",35.988278,-77.5843,4,2025,15,NA
2025-04-01,"Linville Falls","Avery",35.972347,-81.933072,4,2025,4,37
2025-04-01,"Mendenhall School","Guilford",36.1090060008986,-79.802314,4,2025,9,32
2025-04-01,"Millbrook School","Wake",35.856111,-78.574167,4,2025,15,31
2025-04-01,"Pitt Agri. Center","Pitt",35.6412760008938,-77.360126,4,2025,9,31
2025-04-01,"West Johnston Co.","Johnston",35.59095,-78.4622,4,2025,10,34
2025-04-02,"Bryson City","Swain",35.434767,-83.442133,4,2025,33,27
2025-04-02,"Castle Hayne","New Hanover",34.364167,-77.838611,4,2025,37.5,37
2025-04-02,"Clemmons Middle","Forsyth",36.026612,-80.341962,4,2025,39,32
2025-04-02,"Durham Armory","Durham",36.0329550008979,-78.904037,4,2025,36,37
2025-04-02,"Frying Pan Mountain","Haywood",35.379167,-82.7925,4,2025,NA,30
2025-04-02,"Garinger High School","Mecklenburg",35.2401000008895,-80.785683,4,2025,52,28
2025-04-02,"Hattie Avenue","Forsyth",36.11094,-80.224501,4,2025,37,32
2025-04-02,"Leggett","Edgecombe",35.988278,-77.5843,4,2025,27,40
2025-04-02,"Linville Falls","Avery",35.972347,-81.933072,4,2025,NA,28
2025-04-02,"Mendenhall School","Guilford",36.1090060008986,-79.802314,4,2025,48,35
2025-04-02,"Millbrook School","Wake",35.856111,-78.574167,4,2025,34,37
2025-04-02,"Pitt Agri. Center","Pitt",35.6412760008938,-77.360126,4,2025,23,37
2025-04-02,"West Johnston Co.","Johnston",35.59095,-78.4622,4,2025,38,39
2025-04-03,"Bryson City","Swain",35.434767,-83.442133,4,2025,41,34
2025-04-03,"Castle Hayne","New Hanover",34.364167,-77.838611,4,2025,39,23
2025-04-03,"Clemmons Middle","Forsyth",36.026612,-80.341962,4,2025,47,31
2025-04-03,"Durham Armory","Durham",36.0329550008979,-78.904037,4,2025,52,28
2025-04-03,"Frying Pan Mountain","Haywood",35.379167,-82.7925,4,2025,NA,30
2025-04-03,"Garinger High School","Mecklenburg",35.2401000008895,-80.785683,4,2025,40,27
2025-04-03,"Hattie Avenue","Forsyth",36.11094,-80.224501,4,2025,51,29
2025-04-03,"Leggett","Edgecombe",35.988278,-77.5843,4,2025,37,31
2025-04-03,"Linville Falls","Avery",35.972347,-81.933072,4,2025,NA,31
2025-04-03,"Mendenhall School","Guilford",36.1090060008986,-79.802314,4,2025,46,28
2025-04-03,"Millbrook School","Wake",35.856111,-78.574167,4,2025,53,31
2025-04-03,"Pitt Agri. Center","Pitt",35.6412760008938,-77.360126,4,2025,41,28
2025-04-03,"West Johnston Co.","Johnston",35.59095,-78.4622,4,2025,39,31
2025-04-04,"Bryson City","Swain",35.434767,-83.442133,4,2025,35,36
2025-04-04,"Castle Hayne","New Hanover",34.364167,-77.838611,4,2025,38.5,27
2025-04-04,"Clemmons Middle","Forsyth",36.026612,-80.341962,4,2025,52,38
2025-04-04,"Durham Armory","Durham",36.0329550008979,-78.904037,4,2025,55,31
2025-04-04,"Frying Pan Mountain","Haywood",35.379167,-82.7925,4,2025,31,33
2025-04-04,"Garinger High School","Mecklenburg",35.2401000008895,-80.785683,4,2025,51.5,32
2025-04-04,"Hattie Avenue","Forsyth",36.11094,-80.224501,4,2025,53,38
2025-04-04,"Leggett","Edgecombe",35.988278,-77.5843,4,2025,48,32
2025-04-04,"Linville Falls","Avery",35.972347,-81.933072,4,2025,34,32
2025-04-04,"Mendenhall School","Guilford",36.1090060008986,-79.802314,4,2025,51,37
2025-04-04,"Millbrook School","Wake",35.856111,-78.574167,4,2025,57.5,32
2025-04-04,"Pitt Agri. Center","Pitt",35.6412760008938,-77.360126,4,2025,44,30
2025-04-04,"West Johnston Co.","Johnston",35.59095,-78.4622,4,2025,54,32
2025-04-05,"Bryson City","Swain",35.434767,-83.442133,4,2025,38,44
2025-04-05,"Castle Hayne","New Hanover",34.364167,-77.838611,4,2025,23.5,32
2025-04-05,"Clemmons Middle","Forsyth",36.026612,-80.341962,4,2025,52,38
2025-04-05,"Durham Armory","Durham",36.0329550008979,-78.904037,4,2025,55,33
2025-04-05,"Frying Pan Mountain","Haywood",35.379167,-82.7925,4,2025,NA,41
2025-04-05,"Garinger High School","Mecklenburg",35.2401000008895,-80.785683,4,2025,46,35
2025-04-05,"Hattie Avenue","Forsyth",36.11094,-80.224501,4,2025,52,38
2025-04-05,"Leggett","Edgecombe",35.988278,-77.5843,4,2025,50,31
2025-04-05,"Linville Falls","Avery",35.972347,-81.933072,4,2025,NA,43
2025-04-05,"Mendenhall School","Guilford",36.1090060008986,-79.802314,4,2025,53,35
2025-04-05,"Millbrook School","Wake",35.856111,-78.574167,4,2025,55,31
2025-04-05,"Pitt Agri. Center","Pitt",35.6412760008938,-77.360126,4,2025,29,29
2025-04-05,"West Johnston Co.","Johnston",35.59095,-78.4622,4,2025,46,32
2025-04-06,"Bryson City","Swain",35.434767,-83.442133,4,2025,16,32
2025-04-06,"Castle Hayne","New Hanover",34.364167,-77.838611,4,2025,36,31
2025-04-06,"Clemmons Middle","Forsyth",36.026612,-80.341962,4,2025,32,46
2025-04-06,"Durham Armory","Durham",36.0329550008979,-78.904037,4,2025,36,40
2025-04-06,"Frying Pan Mountain","Haywood",35.379167,-82.7925,4,2025,NA,42
2025-04-06,"Garinger High School","Mecklenburg",35.2401000008895,-80.785683,4,2025,34,38
2025-04-06,"Hattie Avenue","Forsyth",36.11094,-80.224501,4,2025,37,45
2025-04-06,"Leggett","Edgecombe",35.988278,-77.5843,4,2025,39,36
2025-04-06,"Linville Falls","Avery",35.972347,-81.933072,4,2025,NA,45
2025-04-06,"Mendenhall School","Guilford",36.1090060008986,-79.802314,4,2025,34,45
2025-04-06,"Millbrook School","Wake",35.856111,-78.574167,4,2025,42,36
2025-04-06,"Pitt Agri. Center","Pitt",35.6412760008938,-77.360126,4,2025,32,34
2025-04-06,"West Johnston Co.","Johnston",35.59095,-78.4622,4,2025,36,35
2025-04-07,"Bryson City","Swain",35.434767,-83.442133,4,2025,8,28
2025-04-07,"Castle Hayne","New Hanover",34.364167,-77.838611,4,2025,36.5,33
2025-04-07,"Clemmons Middle","Forsyth",36.026612,-80.341962,4,2025,27.5,29
2025-04-07,"Durham Armory","Durham",36.0329550008979,-78.904037,4,2025,37,24
2025-04-07,"Frying Pan Mountain","Haywood",35.379167,-82.7925,4,2025,8,44
2025-04-07,"Garinger High School","Mecklenburg",35.2401000008895,-80.785683,4,2025,31.5,28
2025-04-07,"Hattie Avenue","Forsyth",36.11094,-80.224501,4,2025,30,28
2025-04-07,"Leggett","Edgecombe",35.988278,-77.5843,4,2025,36,28
2025-04-07,"Linville Falls","Avery",35.972347,-81.933072,4,2025,8,43
2025-04-07,"Mendenhall School","Guilford",36.1090060008986,-79.802314,4,2025,38,27
2025-04-07,"Millbrook School","Wake",35.856111,-78.574167,4,2025,39.5,24
2025-04-07,"Pitt Agri. Center","Pitt",35.6412760008938,-77.360126,4,2025,29,31
2025-04-07,"West Johnston Co.","Johnston",35.59095,-78.4622,4,2025,38,26
2025-04-08,"Bryson City","Swain",35.434767,-83.442133,4,2025,25,48
2025-04-08,"Castle Hayne","New Hanover",34.364167,-77.838611,4,2025,31.5,43
2025-04-08,"Clemmons Middle","Forsyth",36.026612,-80.341962,4,2025,23,50
2025-04-08,"Durham Armory","Durham",36.0329550008979,-78.904037,4,2025,31.5,44
2025-04-08,"Frying Pan Mountain","Haywood",35.379167,-82.7925,4,2025,NA,49
2025-04-08,"Garinger High School","Mecklenburg",35.2401000008895,-80.785683,4,2025,30,51
2025-04-08,"Hattie Avenue","Forsyth",36.11094,-80.224501,4,2025,23,49
2025-04-08,"Leggett","Edgecombe",35.988278,-77.5843,4,2025,23,37
2025-04-08,"Linville Falls","Avery",35.972347,-81.933072,4,2025,NA,48
2025-04-08,"Mendenhall School","Guilford",36.1090060008986,-79.802314,4,2025,19,47
2025-04-08,"Millbrook School","Wake",35.856111,-78.574167,4,2025,21,45
2025-04-08,"Pitt Agri. Center","Pitt",35.6412760008938,-77.360126,4,2025,13,37
2025-04-08,"West Johnston Co.","Johnston",35.59095,-78.4622,4,2025,21,48
2025-04-09,"Bryson City","Swain",35.434767,-83.442133,4,2025,27,46
2025-04-09,"Castle Hayne","New Hanover",34.364167,-77.838611,4,2025,54.5,44
2025-04-09,"Clemmons Middle","Forsyth",36.026612,-80.341962,4,2025,24,48
2025-04-09,"Durham Armory","Durham",36.0329550008979,-78.904037,4,2025,34,46
2025-04-09,"Frying Pan Mountain","Haywood",35.379167,-82.7925,4,2025,NA,48
2025-04-09,"Garinger High School","Mecklenburg",35.2401000008895,-80.785683,4,2025,36,47
2025-04-09,"Hattie Avenue","Forsyth",36.11094,-80.224501,4,2025,23,49
2025-04-09,"Leggett","Edgecombe",35.988278,-77.5843,4,2025,26,45
2025-04-09,"Linville Falls","Avery",35.972347,-81.933072,4,2025,NA,48
2025-04-09,"Mendenhall School","Guilford",36.1090060008986,-79.802314,4,2025,21,45
2025-04-09,"Millbrook School","Wake",35.856111,-78.574167,4,2025,23,44
2025-04-09,"Pitt Agri. Center","Pitt",35.6412760008938,-77.360126,4,2025,23,44
2025-04-09,"West Johnston Co.","Johnston",35.59095,-78.4622,4,2025,26,46
2025-04-10,"Bryson City","Swain",35.434767,-83.442133,4,2025,51,37
2025-04-10,"Castle Hayne","New Hanover",34.364167,-77.838611,4,2025,53,46
2025-04-10,"Clemmons Middle","Forsyth",36.026612,-80.341962,4,2025,52,38
2025-04-10,"Durham Armory","Durham",36.0329550008979,-78.904037,4,2025,39.5,44
2025-04-10,"Frying Pan Mountain","Haywood",35.379167,-82.7925,4,2025,NA,61
2025-04-10,"Garinger High School","Mecklenburg",35.2401000008895,-80.785683,4,2025,49,41
2025-04-10,"Hattie Avenue","Forsyth",36.11094,-80.224501,4,2025,47.5,40
2025-04-10,"Leggett","Edgecombe",35.988278,-77.5843,4,2025,34,45
2025-04-10,"Linville Falls","Avery",35.972347,-81.933072,4,2025,33,38
2025-04-10,"Mendenhall School","Guilford",36.1090060008986,-79.802314,4,2025,38,42
2025-04-10,"Millbrook School","Wake",35.856111,-78.574167,4,2025,31,45
2025-04-10,"Pitt Agri. Center","Pitt",35.6412760008938,-77.360126,4,2025,25,44
2025-04-10,"West Johnston Co.","Johnston",35.59095,-78.4622,4,2025,32,48
2025-04-11,"Bryson City","Swain",35.434767,-83.442133,4,2025,23,40
2025-04-11,"Castle Hayne","New Hanover",34.364167,-77.838611,4,2025,29.5,45
2025-04-11,"Clemmons Middle","Forsyth",36.026612,-80.341962,4,2025,35,36
2025-04-11,"Durham Armory","Durham",36.0329550008979,-78.904037,4,2025,38,30
2025-04-11,"Frying Pan Mountain","Haywood",35.379167,-82.7925,4,2025,NA,44
2025-04-11,"Garinger High School","Mecklenburg",35.2401000008895,-80.785683,4,2025,29,40
2025-04-11,"Hattie Avenue","Forsyth",36.11094,-80.224501,4,2025,27,35
2025-04-11,"Leggett","Edgecombe",35.988278,-77.5843,4,2025,17,32
2025-04-11,"Linville Falls","Avery",35.972347,-81.933072,4,2025,NA,45
2025-04-11,"Mendenhall School","Guilford",36.1090060008986,-79.802314,4,2025,21,31
2025-04-11,"Millbrook School","Wake",35.856111,-78.574167,4,2025,24,37
2025-04-11,"Pitt Agri. Center","Pitt",35.6412760008938,-77.360126,4,2025,15,35
2025-04-11,"West Johnston Co.","Johnston",35.59095,-78.4622,4,2025,24,42
2025-04-12,"Bryson City","Swain",35.434767,-83.442133,4,2025,27,42
2025-04-12,"Castle Hayne","New Hanover",34.364167,-77.838611,4,2025,21,34
2025-04-12,"Clemmons Middle","Forsyth",36.026612,-80.341962,4,2025,38,40
2025-04-12,"Durham Armory","Durham",36.0329550008979,-78.904037,4,2025,27,33
2025-04-12,"Frying Pan Mountain","Haywood",35.379167,-82.7925,4,2025,NA,46
2025-04-12,"Garinger High School","Mecklenburg",35.2401000008895,-80.785683,4,2025,40,38
2025-04-12,"Hattie Avenue","Forsyth",36.11094,-80.224501,4,2025,36,40
2025-04-12,"Leggett","Edgecombe",35.988278,-77.5843,4,2025,14,30
2025-04-12,"Linville Falls","Avery",35.972347,-81.933072,4,2025,NA,42
2025-04-12,"Mendenhall School","Guilford",36.1090060008986,-79.802314,4,2025,18,37
2025-04-12,"Millbrook School","Wake",35.856111,-78.574167,4,2025,18,36
2025-04-12,"Pitt Agri. Center","Pitt",35.6412760008938,-77.360126,4,2025,7,32
2025-04-12,"West Johnston Co.","Johnston",35.59095,-78.4622,4,2025,16,33
2025-04-13,"Bryson City","Swain",35.434767,-83.442133,4,2025,26,42
2025-04-13,"Castle Hayne","New Hanover",34.364167,-77.838611,4,2025,36,41
2025-04-13,"Clemmons Middle","Forsyth",36.026612,-80.341962,4,2025,26,47
2025-04-13,"Durham Armory","Durham",36.0329550008979,-78.904037,4,2025,28.5,43
2025-04-13,"Frying Pan Mountain","Haywood",35.379167,-82.7925,4,2025,NA,67
2025-04-13,"Garinger High School","Mecklenburg",35.2401000008895,-80.785683,4,2025,43,48
2025-04-13,"Hattie Avenue","Forsyth",36.11094,-80.224501,4,2025,25,47
2025-04-13,"Leggett","Edgecombe",35.988278,-77.5843,4,2025,29,43
2025-04-13,"Linville Falls","Avery",35.972347,-81.933072,4,2025,18,48
2025-04-13,"Mendenhall School","Guilford",36.1090060008986,-79.802314,4,2025,28,44
2025-04-13,"Millbrook School","Wake",35.856111,-78.574167,4,2025,27,44
2025-04-13,"Pitt Agri. Center","Pitt",35.6412760008938,-77.360126,4,2025,23,44
2025-04-13,"West Johnston Co.","Johnston",35.59095,-78.4622,4,2025,31,45
2025-04-14,"Bryson City","Swain",35.434767,-83.442133,4,2025,49,71
2025-04-14,"Castle Hayne","New Hanover",34.364167,-77.838611,4,2025,52,51
2025-04-14,"Clemmons Middle","Forsyth",36.026612,-80.341962,4,2025,53,77
2025-04-14,"Durham Armory","Durham",36.0329550008979,-78.904037,4,2025,53,51
2025-04-14,"Frying Pan Mountain","Haywood",35.379167,-82.7925,4,2025,NA,77
2025-04-14,"Garinger High School","Mecklenburg",35.2401000008895,-80.785683,4,2025,52,77
2025-04-14,"Hattie Avenue","Forsyth",36.11094,-80.224501,4,2025,53,71
2025-04-14,"Leggett","Edgecombe",35.988278,-77.5843,4,2025,52,58
2025-04-14,"Linville Falls","Avery",35.972347,-81.933072,4,2025,NA,67
2025-04-14,"Mendenhall School","Guilford",36.1090060008986,-79.802314,4,2025,52,67
2025-04-14,"Millbrook School","Wake",35.856111,-78.574167,4,2025,54,48
2025-04-14,"Pitt Agri. Center","Pitt",35.6412760008938,-77.360126,4,2025,52,50
2025-04-14,"West Johnston Co.","Johnston",35.59095,-78.4622,4,2025,57,50
2025-04-15,"Bryson City","Swain",35.434767,-83.442133,4,2025,32,44
2025-04-15,"Castle Hayne","New Hanover",34.364167,-77.838611,4,2025,60,46
2025-04-15,"Clemmons Middle","Forsyth",36.026612,-80.341962,4,2025,36,45
2025-04-15,"Durham Armory","Durham",36.0329550008979,-78.904037,4,2025,48,44
2025-04-15,"Frying Pan Mountain","Haywood",35.379167,-82.7925,4,2025,NA,45
2025-04-15,"Garinger High School","Mecklenburg",35.2401000008895,-80.785683,4,2025,46,44
2025-04-15,"Hattie Avenue","Forsyth",36.11094,-80.224501,4,2025,35,44
2025-04-15,"Leggett","Edgecombe",35.988278,-77.5843,4,2025,53,44
2025-04-15,"Linville Falls","Avery",35.972347,-81.933072,4,2025,NA,44
2025-04-15,"Mendenhall School","Guilford",36.1090060008986,-79.802314,4,2025,37,43
2025-04-15,"Millbrook School","Wake",35.856111,-78.574167,4,2025,43,44
2025-04-15,"Pitt Agri. Center","Pitt",35.6412760008938,-77.360126,4,2025,51,45
2025-04-15,"West Johnston Co.","Johnston",35.59095,-78.4622,4,2025,43,48
2025-04-16,"Bryson City","Swain",35.434767,-83.442133,4,2025,22,49
2025-04-16,"Castle Hayne","New Hanover",34.364167,-77.838611,4,2025,32.5,45
2025-04-16,"Clemmons Middle","Forsyth",36.026612,-80.341962,4,2025,26,47
2025-04-16,"Durham Armory","Durham",36.0329550008979,-78.904037,4,2025,33.5,44
2025-04-16,"Frying Pan Mountain","Haywood",35.379167,-82.7925,4,2025,NA,54
2025-04-16,"Garinger High School","Mecklenburg",35.2401000008895,-80.785683,4,2025,32,47
2025-04-16,"Hattie Avenue","Forsyth",36.11094,-80.224501,4,2025,30,47
2025-04-16,"Leggett","Edgecombe",35.988278,-77.5843,4,2025,28,44
2025-04-16,"Linville Falls","Avery",35.972347,-81.933072,4,2025,17,48
2025-04-16,"Mendenhall School","Guilford",36.1090060008986,-79.802314,4,2025,22,46
2025-04-16,"Millbrook School","Wake",35.856111,-78.574167,4,2025,26.5,45
2025-04-16,"Pitt Agri. Center","Pitt",35.6412760008938,-77.360126,4,2025,19,44
2025-04-16,"West Johnston Co.","Johnston",35.59095,-78.4622,4,2025,32,48
2025-04-17,"Bryson City","Swain",35.434767,-83.442133,4,2025,30,50
2025-04-17,"Castle Hayne","New Hanover",34.364167,-77.838611,4,2025,52,51
2025-04-17,"Clemmons Middle","Forsyth",36.026612,-80.341962,4,2025,34,61
2025-04-17,"Durham Armory","Durham",36.0329550008979,-78.904037,4,2025,42.5,51
2025-04-17,"Frying Pan Mountain","Haywood",35.379167,-82.7925,4,2025,NA,58
2025-04-17,"Garinger High School","Mecklenburg",35.2401000008895,-80.785683,4,2025,46,77
2025-04-17,"Hattie Avenue","Forsyth",36.11094,-80.224501,4,2025,34,67
2025-04-17,"Leggett","Edgecombe",35.988278,-77.5843,4,2025,26,48
2025-04-17,"Linville Falls","Avery",35.972347,-81.933072,4,2025,NA,67
2025-04-17,"Mendenhall School","Guilford",36.1090060008986,-79.802314,4,2025,37,61
2025-04-17,"Millbrook School","Wake",35.856111,-78.574167,4,2025,33,54
2025-04-17,"Pitt Agri. Center","Pitt",35.6412760008938,-77.360126,4,2025,32,48
2025-04-17,"West Johnston Co.","Johnston",35.59095,-78.4622,4,2025,46,54
2025-04-18,"Bryson City","Swain",35.434767,-83.442133,4,2025,62,87
2025-04-18,"Castle Hayne","New Hanover",34.364167,-77.838611,4,2025,42,51
2025-04-18,"Clemmons Middle","Forsyth",36.026612,-80.341962,4,2025,55,90
2025-04-18,"Durham Armory","Durham",36.0329550008979,-78.904037,4,2025,56.5,58
2025-04-18,"Frying Pan Mountain","Haywood",35.379167,-82.7925,4,2025,NA,84
2025-04-18,"Garinger High School","Mecklenburg",35.2401000008895,-80.785683,4,2025,55,71
2025-04-18,"Hattie Avenue","Forsyth",36.11094,-80.224501,4,2025,55,90
2025-04-18,"Leggett","Edgecombe",35.988278,-77.5843,4,2025,41,54
2025-04-18,"Linville Falls","Avery",35.972347,-81.933072,4,2025,NA,90
2025-04-18,"Mendenhall School","Guilford",36.1090060008986,-79.802314,4,2025,54,64
2025-04-18,"Millbrook School","Wake",35.856111,-78.574167,4,2025,53,51
2025-04-18,"Pitt Agri. Center","Pitt",35.6412760008938,-77.360126,4,2025,33,50
2025-04-18,"West Johnston Co.","Johnston",35.59095,-78.4622,4,2025,52,61
2025-04-19,"Bryson City","Swain",35.434767,-83.442133,4,2025,80,64
2025-04-19,"Castle Hayne","New Hanover",34.364167,-77.838611,4,2025,23.5,44
2025-04-19,"Clemmons Middle","Forsyth",36.026612,-80.341962,4,2025,55,44
2025-04-19,"Durham Armory","Durham",36.0329550008979,-78.904037,4,2025,53.5,41
2025-04-19,"Frying Pan Mountain","Haywood",35.379167,-82.7925,4,2025,NA,74
2025-04-19,"Garinger High School","Mecklenburg",35.2401000008895,-80.785683,4,2025,53.5,45
2025-04-19,"Hattie Avenue","Forsyth",36.11094,-80.224501,4,2025,58,46
2025-04-19,"Leggett","Edgecombe",35.988278,-77.5843,4,2025,39,44
2025-04-19,"Linville Falls","Avery",35.972347,-81.933072,4,2025,54,51
2025-04-19,"Mendenhall School","Guilford",36.1090060008986,-79.802314,4,2025,54,44
2025-04-19,"Millbrook School","Wake",35.856111,-78.574167,4,2025,46.5,43
2025-04-19,"Pitt Agri. Center","Pitt",35.6412760008938,-77.360126,4,2025,33,41
2025-04-19,"West Johnston Co.","Johnston",35.59095,-78.4622,4,2025,43,45
2025-04-20,"Bryson City","Swain",35.434767,-83.442133,4,2025,76,54
2025-04-20,"Castle Hayne","New Hanover",34.364167,-77.838611,4,2025,37.5,38
2025-04-20,"Clemmons Middle","Forsyth",36.026612,-80.341962,4,2025,60,45
2025-04-20,"Durham Armory","Durham",36.0329550008979,-78.904037,4,2025,57.5,40
2025-04-20,"Frying Pan Mountain","Haywood",35.379167,-82.7925,4,2025,NA,50
2025-04-20,"Garinger High School","Mecklenburg",35.2401000008895,-80.785683,4,2025,51,38
2025-04-20,"Hattie Avenue","Forsyth",36.11094,-80.224501,4,2025,61,47
2025-04-20,"Leggett","Edgecombe",35.988278,-77.5843,4,2025,51,41
2025-04-20,"Linville Falls","Avery",35.972347,-81.933072,4,2025,NA,50
2025-04-20,"Mendenhall School","Guilford",36.1090060008986,-79.802314,4,2025,57,43
2025-04-20,"Millbrook School","Wake",35.856111,-78.574167,4,2025,54,39
2025-04-20,"Pitt Agri. Center","Pitt",35.6412760008938,-77.360126,4,2025,57,40
2025-04-20,"West Johnston Co.","Johnston",35.59095,-78.4622,4,2025,53,37
2025-04-21,"Bryson City","Swain",35.434767,-83.442133,4,2025,44,45
2025-04-21,"Castle Hayne","New Hanover",34.364167,-77.838611,4,2025,46,46
2025-04-21,"Clemmons Middle","Forsyth",36.026612,-80.341962,4,2025,53,47
2025-04-21,"Durham Armory","Durham",36.0329550008979,-78.904037,4,2025,56.5,44
2025-04-21,"Frying Pan Mountain","Haywood",35.379167,-82.7925,4,2025,NA,49
2025-04-21,"Garinger High School","Mecklenburg",35.2401000008895,-80.785683,4,2025,50,46
2025-04-21,"Hattie Avenue","Forsyth",36.11094,-80.224501,4,2025,54,47
2025-04-21,"Leggett","Edgecombe",35.988278,-77.5843,4,2025,52,46
2025-04-21,"Linville Falls","Avery",35.972347,-81.933072,4,2025,NA,46
2025-04-21,"Mendenhall School","Guilford",36.1090060008986,-79.802314,4,2025,52,49
2025-04-21,"Millbrook School","Wake",35.856111,-78.574167,4,2025,57,46
2025-04-21,"Pitt Agri. Center","Pitt",35.6412760008938,-77.360126,4,2025,42,44
2025-04-21,"West Johnston Co.","Johnston",35.59095,-78.4622,4,2025,42,49
2025-04-22,"Bryson City","Swain",35.434767,-83.442133,4,2025,34,31
2025-04-22,"Castle Hayne","New Hanover",34.364167,-77.838611,4,2025,45,44
2025-04-22,"Clemmons Middle","Forsyth",36.026612,-80.341962,4,2025,53,39
2025-04-22,"Durham Armory","Durham",36.0329550008979,-78.904037,4,2025,55.5,40
2025-04-22,"Frying Pan Mountain","Haywood",35.379167,-82.7925,4,2025,NA,44
2025-04-22,"Garinger High School","Mecklenburg",35.2401000008895,-80.785683,4,2025,52,44
2025-04-22,"Hattie Avenue","Forsyth",36.11094,-80.224501,4,2025,53,37
2025-04-22,"Leggett","Edgecombe",35.988278,-77.5843,4,2025,54,43
2025-04-22,"Linville Falls","Avery",35.972347,-81.933072,4,2025,24,42
2025-04-22,"Mendenhall School","Guilford",36.1090060008986,-79.802314,4,2025,46,37
2025-04-22,"Millbrook School","Wake",35.856111,-78.574167,4,2025,55.5,43
2025-04-22,"Pitt Agri. Center","Pitt",35.6412760008938,-77.360126,4,2025,53,42
2025-04-22,"West Johnston Co.","Johnston",35.59095,-78.4622,4,2025,57,40
2025-04-23,"Bryson City","Swain",35.434767,-83.442133,4,2025,16,38
2025-04-23,"Castle Hayne","New Hanover",34.364167,-77.838611,4,2025,50.5,34
2025-04-23,"Clemmons Middle","Forsyth",36.026612,-80.341962,4,2025,39,71
2025-04-23,"Durham Armory","Durham",36.0329550008979,-78.904037,4,2025,50.5,48
2025-04-23,"Frying Pan Mountain","Haywood",35.379167,-82.7925,4,2025,NA,44
2025-04-23,"Garinger High School","Mecklenburg",35.2401000008895,-80.785683,4,2025,46,46
2025-04-23,"Hattie Avenue","Forsyth",36.11094,-80.224501,4,2025,39,67
2025-04-23,"Leggett","Edgecombe",35.988278,-77.5843,4,2025,53,44
2025-04-23,"Linville Falls","Avery",35.972347,-81.933072,4,2025,NA,45
2025-04-23,"Mendenhall School","Guilford",36.1090060008986,-79.802314,4,2025,42,48
2025-04-23,"Millbrook School","Wake",35.856111,-78.574167,4,2025,52,43
2025-04-23,"Pitt Agri. Center","Pitt",35.6412760008938,-77.360126,4,2025,56,42
2025-04-23,"West Johnston Co.","Johnston",35.59095,-78.4622,4,2025,57,41
2025-04-24,"Bryson City","Swain",35.434767,-83.442133,4,2025,27,32
2025-04-24,"Castle Hayne","New Hanover",34.364167,-77.838611,4,2025,50.5,38
2025-04-24,"Clemmons Middle","Forsyth",36.026612,-80.341962,4,2025,55,39
2025-04-24,"Durham Armory","Durham",36.0329550008979,-78.904037,4,2025,57,51
2025-04-24,"Frying Pan Mountain","Haywood",35.379167,-82.7925,4,2025,NA,41
2025-04-24,"Garinger High School","Mecklenburg",35.2401000008895,-80.785683,4,2025,55,26
2025-04-24,"Hattie Avenue","Forsyth",36.11094,-80.224501,4,2025,55,40
2025-04-24,"Leggett","Edgecombe",35.988278,-77.5843,4,2025,48,47
2025-04-24,"Linville Falls","Avery",35.972347,-81.933072,4,2025,NA,42
2025-04-24,"Mendenhall School","Guilford",36.1090060008986,-79.802314,4,2025,55,46
2025-04-24,"Millbrook School","Wake",35.856111,-78.574167,4,2025,58,51
2025-04-24,"Pitt Agri. Center","Pitt",35.6412760008938,-77.360126,4,2025,51,46
2025-04-24,"West Johnston Co.","Johnston",35.59095,-78.4622,4,2025,53,51
2025-04-25,"Bryson City","Swain",35.434767,-83.442133,4,2025,47,35
2025-04-25,"Castle Hayne","New Hanover",34.364167,-77.838611,4,2025,39.5,44
2025-04-25,"Clemmons Middle","Forsyth",36.026612,-80.341962,4,2025,61,39
2025-04-25,"Durham Armory","Durham",36.0329550008979,-78.904037,4,2025,54.5,36
2025-04-25,"Frying Pan Mountain","Haywood",35.379167,-82.7925,4,2025,19,40
2025-04-25,"Garinger High School","Mecklenburg",35.2401000008895,-80.785683,4,2025,50,38
2025-04-25,"Hattie Avenue","Forsyth",36.11094,-80.224501,4,2025,60,40
2025-04-25,"Leggett","Edgecombe",35.988278,-77.5843,4,2025,40,44
2025-04-25,"Linville Falls","Avery",35.972347,-81.933072,4,2025,32,34
2025-04-25,"Mendenhall School","Guilford",36.1090060008986,-79.802314,4,2025,54,38
2025-04-25,"Millbrook School","Wake",35.856111,-78.574167,4,2025,54.5,41
2025-04-25,"Pitt Agri. Center","Pitt",35.6412760008938,-77.360126,4,2025,30,42
2025-04-25,"West Johnston Co.","Johnston",35.59095,-78.4622,4,2025,55,44
2025-04-26,"Bryson City","Swain",35.434767,-83.442133,4,2025,33,40
2025-04-26,"Castle Hayne","New Hanover",34.364167,-77.838611,4,2025,33,35
2025-04-26,"Clemmons Middle","Forsyth",36.026612,-80.341962,4,2025,38,37
2025-04-26,"Durham Armory","Durham",36.0329550008979,-78.904037,4,2025,45,37
2025-04-26,"Frying Pan Mountain","Haywood",35.379167,-82.7925,4,2025,NA,43
2025-04-26,"Garinger High School","Mecklenburg",35.2401000008895,-80.785683,4,2025,33,40
2025-04-26,"Hattie Avenue","Forsyth",36.11094,-80.224501,4,2025,38,38
2025-04-26,"Leggett","Edgecombe",35.988278,-77.5843,4,2025,35,40
2025-04-26,"Linville Falls","Avery",35.972347,-81.933072,4,2025,NA,44
2025-04-26,"Mendenhall School","Guilford",36.1090060008986,-79.802314,4,2025,34,35
2025-04-26,"Millbrook School","Wake",35.856111,-78.574167,4,2025,41,38
2025-04-26,"Pitt Agri. Center","Pitt",35.6412760008938,-77.360126,4,2025,34,40
2025-04-26,"West Johnston Co.","Johnston",35.59095,-78.4622,4,2025,36,37
2025-04-27,"Bryson City","Swain",35.434767,-83.442133,4,2025,31,45
2025-04-27,"Castle Hayne","New Hanover",34.364167,-77.838611,4,2025,32.5,42
2025-04-27,"Clemmons Middle","Forsyth",36.026612,-80.341962,4,2025,28,49
2025-04-27,"Durham Armory","Durham",36.0329550008979,-78.904037,4,2025,30,44
2025-04-27,"Frying Pan Mountain","Haywood",35.379167,-82.7925,4,2025,NA,64
2025-04-27,"Garinger High School","Mecklenburg",35.2401000008895,-80.785683,4,2025,28,54
2025-04-27,"Hattie Avenue","Forsyth",36.11094,-80.224501,4,2025,33,50
2025-04-27,"Leggett","Edgecombe",35.988278,-77.5843,4,2025,17,44
2025-04-27,"Linville Falls","Avery",35.972347,-81.933072,4,2025,NA,46
2025-04-27,"Mendenhall School","Guilford",36.1090060008986,-79.802314,4,2025,23,45
2025-04-27,"Millbrook School","Wake",35.856111,-78.574167,4,2025,24,44
2025-04-27,"Pitt Agri. Center","Pitt",35.6412760008938,-77.360126,4,2025,16,44
2025-04-27,"West Johnston Co.","Johnston",35.59095,-78.4622,4,2025,18,44
2025-04-28,"Bryson City","Swain",35.434767,-83.442133,4,2025,36,45
2025-04-28,"Castle Hayne","New Hanover",34.364167,-77.838611,4,2025,32.5,49
2025-04-28,"Clemmons Middle","Forsyth",36.026612,-80.341962,4,2025,36,50
2025-04-28,"Durham Armory","Durham",36.0329550008979,-78.904037,4,2025,30.5,61
2025-04-28,"Frying Pan Mountain","Haywood",35.379167,-82.7925,4,2025,24,50
2025-04-28,"Garinger High School","Mecklenburg",35.2401000008895,-80.785683,4,2025,44,51
2025-04-28,"Hattie Avenue","Forsyth",36.11094,-80.224501,4,2025,38,58
2025-04-28,"Leggett","Edgecombe",35.988278,-77.5843,4,2025,17,46
2025-04-28,"Linville Falls","Avery",35.972347,-81.933072,4,2025,26,50
2025-04-28,"Mendenhall School","Guilford",36.1090060008986,-79.802314,4,2025,34,49
2025-04-28,"Millbrook School","Wake",35.856111,-78.574167,4,2025,31,47
2025-04-28,"Pitt Agri. Center","Pitt",35.6412760008938,-77.360126,4,2025,21,45
2025-04-28,"West Johnston Co.","Johnston",35.59095,-78.4622,4,2025,35,50
2025-04-29,"Bryson City","Swain",35.434767,-83.442133,4,2025,47,42
2025-04-29,"Castle Hayne","New Hanover",34.364167,-77.838611,4,2025,54.5,45
2025-04-29,"Clemmons Middle","Forsyth",36.026612,-80.341962,4,2025,49,47
2025-04-29,"Durham Armory","Durham",36.0329550008979,-78.904037,4,2025,54.5,47
2025-04-29,"Frying Pan Mountain","Haywood",35.379167,-82.7925,4,2025,NA,43
2025-04-29,"Garinger High School","Mecklenburg",35.2401000008895,-80.785683,4,2025,42,44
2025-04-29,"Hattie Avenue","Forsyth",36.11094,-80.224501,4,2025,47,49
2025-04-29,"Leggett","Edgecombe",35.988278,-77.5843,4,2025,31,51
2025-04-29,"Linville Falls","Avery",35.972347,-81.933072,4,2025,NA,46
2025-04-29,"Mendenhall School","Guilford",36.1090060008986,-79.802314,4,2025,41,51
2025-04-29,"Millbrook School","Wake",35.856111,-78.574167,4,2025,43,49
2025-04-29,"Pitt Agri. Center","Pitt",35.6412760008938,-77.360126,4,2025,32,48
2025-04-29,"West Johnston Co.","Johnston",35.59095,-78.4622,4,2025,36,51
2025-04-30,"Bryson City","Swain",35.434767,-83.442133,4,2025,51,37
2025-04-30,"Castle Hayne","New Hanover",34.364167,-77.838611,4,2025,39,42
2025-04-30,"Clemmons Middle","Forsyth",36.026612,-80.341962,4,2025,52,44
2025-04-30,"Durham Armory","Durham",36.0329550008979,-78.904037,4,2025,55.5,43
2025-04-30,"Frying Pan Mountain","Haywood",35.379167,-82.7925,4,2025,NA,44
2025-04-30,"Garinger High School","Mecklenburg",35.2401000008895,-80.785683,4,2025,52,44
2025-04-30,"Hattie Avenue","Forsyth",36.11094,-80.224501,4,2025,53,44
2025-04-30,"Leggett","Edgecombe",35.988278,-77.5843,4,2025,53,46
2025-04-30,"Linville Falls","Avery",35.972347,-81.933072,4,2025,NA,37
2025-04-30,"Mendenhall School","Guilford",36.1090060008986,-79.802314,4,2025,52,43
2025-04-30,"Millbrook School","Wake",35.856111,-78.574167,4,2025,54,42
2025-04-30,"Pitt Agri. Center","Pitt",35.6412760008938,-77.360126,4,2025,44,44
2025-04-30,"West Johnston Co.","Johnston",35.59095,-78.4622,4,2025,54,NA
2025-05-01,"Bryson City","Swain",35.434767,-83.442133,5,2025,46,37
2025-05-01,"Castle Hayne","New Hanover",34.364167,-77.838611,5,2025,28,43
2025-05-01,"Clemmons Middle","Forsyth",36.026612,-80.341962,5,2025,52.5,45
2025-05-01,"Durham Armory","Durham",36.0329550008979,-78.904037,5,2025,56.5,42
2025-05-01,"Frying Pan Mountain","Haywood",35.379167,-82.7925,5,2025,34,46
2025-05-01,"Garinger High School","Mecklenburg",35.2401000008895,-80.785683,5,2025,50,43
2025-05-01,"Hattie Avenue","Forsyth",36.11094,-80.224501,5,2025,54,45
2025-05-01,"Leggett","Edgecombe",35.988278,-77.5843,5,2025,53,47
2025-05-01,"Linville Falls","Avery",35.972347,-81.933072,5,2025,41,42
2025-05-01,"Mendenhall School","Guilford",36.1090060008986,-79.802314,5,2025,60,46
2025-05-01,"Millbrook School","Wake",35.856111,-78.574167,5,2025,55.5,44
2025-05-01,"Pitt Agri. Center","Pitt",35.6412760008938,-77.360126,5,2025,39,44
2025-05-01,"West Johnston Co.","Johnston",35.59095,-78.4622,5,2025,52,47
2025-05-02,"Bryson City","Swain",35.434767,-83.442133,5,2025,31,30
2025-05-02,"Castle Hayne","New Hanover",34.364167,-77.838611,5,2025,35,41
2025-05-02,"Clemmons Middle","Forsyth",36.026612,-80.341962,5,2025,48,47
2025-05-02,"Durham Armory","Durham",36.0329550008979,-78.904037,5,2025,49.5,44
2025-05-02,"Frying Pan Mountain","Haywood",35.379167,-82.7925,5,2025,NA,44
2025-05-02,"Garinger High School","Mecklenburg",35.2401000008895,-80.785683,5,2025,44,43
2025-05-02,"Hattie Avenue","Forsyth",36.11094,-80.224501,5,2025,51,48
2025-05-02,"Leggett","Edgecombe",35.988278,-77.5843,5,2025,42,46
2025-05-02,"Linville Falls","Avery",35.972347,-81.933072,5,2025,NA,44
2025-05-02,"Mendenhall School","Guilford",36.1090060008986,-79.802314,5,2025,52,49
2025-05-02,"Millbrook School","Wake",35.856111,-78.574167,5,2025,48,45
2025-05-02,"Pitt Agri. Center","Pitt",35.6412760008938,-77.360126,5,2025,47,42
2025-05-02,"West Johnston Co.","Johnston",35.59095,-78.4622,5,2025,42,44
2025-05-03,"Bryson City","Swain",35.434767,-83.442133,5,2025,12,28
2025-05-03,"Castle Hayne","New Hanover",34.364167,-77.838611,5,2025,34.5,42
2025-05-03,"Clemmons Middle","Forsyth",36.026612,-80.341962,5,2025,43,34
2025-05-03,"Durham Armory","Durham",36.0329550008979,-78.904037,5,2025,37.5,40
2025-05-03,"Frying Pan Mountain","Haywood",35.379167,-82.7925,5,2025,NA,46
2025-05-03,"Garinger High School","Mecklenburg",35.2401000008895,-80.785683,5,2025,42,31
2025-05-03,"Hattie Avenue","Forsyth",36.11094,-80.224501,5,2025,46,35
2025-05-03,"Leggett","Edgecombe",35.988278,-77.5843,5,2025,39,42
2025-05-03,"Linville Falls","Avery",35.972347,-81.933072,5,2025,NA,39
2025-05-03,"Mendenhall School","Guilford",36.1090060008986,-79.802314,5,2025,41,32
2025-05-03,"Millbrook School","Wake",35.856111,-78.574167,5,2025,37,39
2025-05-03,"Pitt Agri. Center","Pitt",35.6412760008938,-77.360126,5,2025,40,40
2025-05-03,"West Johnston Co.","Johnston",35.59095,-78.4622,5,2025,31,39
2025-05-04,"Bryson City","Swain",35.434767,-83.442133,5,2025,16,36
2025-05-04,"Castle Hayne","New Hanover",34.364167,-77.838611,5,2025,28,40
2025-05-04,"Clemmons Middle","Forsyth",36.026612,-80.341962,5,2025,21,43
2025-05-04,"Durham Armory","Durham",36.0329550008979,-78.904037,5,2025,29.5,39
2025-05-04,"Frying Pan Mountain","Haywood",35.379167,-82.7925,5,2025,11,42
2025-05-04,"Garinger High School","Mecklenburg",35.2401000008895,-80.785683,5,2025,16,40
2025-05-04,"Hattie Avenue","Forsyth",36.11094,-80.224501,5,2025,23.5,44
2025-05-04,"Leggett","Edgecombe",35.988278,-77.5843,5,2025,26,33
2025-05-04,"Linville Falls","Avery",35.972347,-81.933072,5,2025,11,41
2025-05-04,"Mendenhall School","Guilford",36.1090060008986,-79.802314,5,2025,16,43
2025-05-04,"Millbrook School","Wake",35.856111,-78.574167,5,2025,33.5,35
2025-05-04,"Pitt Agri. Center","Pitt",35.6412760008938,-77.360126,5,2025,21,30
2025-05-04,"West Johnston Co.","Johnston",35.59095,-78.4622,5,2025,22,35
2025-05-05,"Bryson City","Swain",35.434767,-83.442133,5,2025,21,35
2025-05-05,"Castle Hayne","New Hanover",34.364167,-77.838611,5,2025,25,41
2025-05-05,"Clemmons Middle","Forsyth",36.026612,-80.341962,5,2025,33,47
2025-05-05,"Durham Armory","Durham",36.0329550008979,-78.904037,5,2025,42,34
2025-05-05,"Frying Pan Mountain","Haywood",35.379167,-82.7925,5,2025,NA,43
2025-05-05,"Garinger High School","Mecklenburg",35.2401000008895,-80.785683,5,2025,24,44
2025-05-05,"Hattie Avenue","Forsyth",36.11094,-80.224501,5,2025,33,47
2025-05-05,"Leggett","Edgecombe",35.988278,-77.5843,5,2025,21,36
2025-05-05,"Linville Falls","Avery",35.972347,-81.933072,5,2025,NA,41
2025-05-05,"Mendenhall School","Guilford",36.1090060008986,-79.802314,5,2025,30,44
2025-05-05,"Millbrook School","Wake",35.856111,-78.574167,5,2025,34,33
2025-05-05,"Pitt Agri. Center","Pitt",35.6412760008938,-77.360126,5,2025,28,32
2025-05-05,"West Johnston Co.","Johnston",35.59095,-78.4622,5,2025,32,36
2025-05-06,"Bryson City","Swain",35.434767,-83.442133,5,2025,26,41
2025-05-06,"Castle Hayne","New Hanover",34.364167,-77.838611,5,2025,31.5,48
2025-05-06,"Clemmons Middle","Forsyth",36.026612,-80.341962,5,2025,26,47
2025-05-06,"Durham Armory","Durham",36.0329550008979,-78.904037,5,2025,37.5,44
2025-05-06,"Frying Pan Mountain","Haywood",35.379167,-82.7925,5,2025,NA,46
2025-05-06,"Garinger High School","Mecklenburg",35.2401000008895,-80.785683,5,2025,31,47
2025-05-06,"Hattie Avenue","Forsyth",36.11094,-80.224501,5,2025,29,47
2025-05-06,"Leggett","Edgecombe",35.988278,-77.5843,5,2025,28,46
2025-05-06,"Linville Falls","Avery",35.972347,-81.933072,5,2025,NA,42
2025-05-06,"Mendenhall School","Guilford",36.1090060008986,-79.802314,5,2025,28,46
2025-05-06,"Millbrook School","Wake",35.856111,-78.574167,5,2025,30,44
2025-05-06,"Pitt Agri. Center","Pitt",35.6412760008938,-77.360126,5,2025,37,47
2025-05-06,"West Johnston Co.","Johnston",35.59095,-78.4622,5,2025,33,45
2025-05-07,"Bryson City","Swain",35.434767,-83.442133,5,2025,29,25
2025-05-07,"Castle Hayne","New Hanover",34.364167,-77.838611,5,2025,43,48
2025-05-07,"Clemmons Middle","Forsyth",36.026612,-80.341962,5,2025,34.5,44
2025-05-07,"Durham Armory","Durham",36.0329550008979,-78.904037,5,2025,41.5,44
2025-05-07,"Frying Pan Mountain","Haywood",35.379167,-82.7925,5,2025,11,39
2025-05-07,"Garinger High School","Mecklenburg",35.2401000008895,-80.785683,5,2025,41.5,43
2025-05-07,"Hattie Avenue","Forsyth",36.11094,-80.224501,5,2025,38,45
2025-05-07,"Leggett","Edgecombe",35.988278,-77.5843,5,2025,37,45
2025-05-07,"Linville Falls","Avery",35.972347,-81.933072,5,2025,20,44
2025-05-07,"Mendenhall School","Guilford",36.1090060008986,-79.802314,5,2025,32,48
2025-05-07,"Millbrook School","Wake",35.856111,-78.574167,5,2025,36,44
2025-05-07,"Pitt Agri. Center","Pitt",35.6412760008938,-77.360126,5,2025,38,48
2025-05-07,"West Johnston Co.","Johnston",35.59095,-78.4622,5,2025,39,45
2025-05-08,"Bryson City","Swain",35.434767,-83.442133,5,2025,31,37
2025-05-08,"Castle Hayne","New Hanover",34.364167,-77.838611,5,2025,52,50
2025-05-08,"Clemmons Middle","Forsyth",36.026612,-80.341962,5,2025,36,44
2025-05-08,"Durham Armory","Durham",36.0329550008979,-78.904037,5,2025,51,47
2025-05-08,"Frying Pan Mountain","Haywood",35.379167,-82.7925,5,2025,NA,51
2025-05-08,"Garinger High School","Mecklenburg",35.2401000008895,-80.785683,5,2025,43,47
2025-05-08,"Hattie Avenue","Forsyth",36.11094,-80.224501,5,2025,41,49
2025-05-08,"Leggett","Edgecombe",35.988278,-77.5843,5,2025,52,58
2025-05-08,"Linville Falls","Avery",35.972347,-81.933072,5,2025,NA,43
2025-05-08,"Mendenhall School","Guilford",36.1090060008986,-79.802314,5,2025,41,51
2025-05-08,"Millbrook School","Wake",35.856111,-78.574167,5,2025,50,49
2025-05-08,"Pitt Agri. Center","Pitt",35.6412760008938,-77.360126,5,2025,47,47
2025-05-08,"West Johnston Co.","Johnston",35.59095,-78.4622,5,2025,52,43
2025-05-09,"Bryson City","Swain",35.434767,-83.442133,5,2025,23,41
2025-05-09,"Castle Hayne","New Hanover",34.364167,-77.838611,5,2025,30,44
2025-05-09,"Clemmons Middle","Forsyth",36.026612,-80.341962,5,2025,30,45
2025-05-09,"Durham Armory","Durham",36.0329550008979,-78.904037,5,2025,35,42
2025-05-09,"Frying Pan Mountain","Haywood",35.379167,-82.7925,5,2025,NA,48
2025-05-09,"Garinger High School","Mecklenburg",35.2401000008895,-80.785683,5,2025,22,47
2025-05-09,"Hattie Avenue","Forsyth",36.11094,-80.224501,5,2025,30,46
2025-05-09,"Leggett","Edgecombe",35.988278,-77.5843,5,2025,31,43
2025-05-09,"Mendenhall School","Guilford",36.1090060008986,-79.802314,5,2025,26,44
2025-05-09,"Millbrook School","Wake",35.856111,-78.574167,5,2025,30,44
2025-05-09,"Pitt Agri. Center","Pitt",35.6412760008938,-77.360126,5,2025,23,48
2025-05-09,"West Johnston Co.","Johnston",35.59095,-78.4622,5,2025,21,48
2025-05-10,"Bryson City","Swain",35.434767,-83.442133,5,2025,33,26
2025-05-10,"Castle Hayne","New Hanover",34.364167,-77.838611,5,2025,32.5,41
2025-05-10,"Clemmons Middle","Forsyth",36.026612,-80.341962,5,2025,33,48
2025-05-10,"Durham Armory","Durham",36.0329550008979,-78.904037,5,2025,33,43
2025-05-10,"Frying Pan Mountain","Haywood",35.379167,-82.7925,5,2025,22,44
2025-05-10,"Garinger High School","Mecklenburg",35.2401000008895,-80.785683,5,2025,30.5,37
2025-05-10,"Hattie Avenue","Forsyth",36.11094,-80.224501,5,2025,28,49
2025-05-10,"Leggett","Edgecombe",35.988278,-77.5843,5,2025,27,48
2025-05-10,"Linville Falls","Avery",35.972347,-81.933072,5,2025,NA,43
2025-05-10,"Mendenhall School","Guilford",36.1090060008986,-79.802314,5,2025,29,44
2025-05-10,"Millbrook School","Wake",35.856111,-78.574167,5,2025,28,43
2025-05-10,"Pitt Agri. Center","Pitt",35.6412760008938,-77.360126,5,2025,23,47
2025-05-10,"West Johnston Co.","Johnston",35.59095,-78.4622,5,2025,31,42
2025-05-11,"Bryson City","Swain",35.434767,-83.442133,5,2025,22,33
2025-05-11,"Castle Hayne","New Hanover",34.364167,-77.838611,5,2025,21.5,36
2025-05-11,"Clemmons Middle","Forsyth",36.026612,-80.341962,5,2025,41,37
2025-05-11,"Durham Armory","Durham",36.0329550008979,-78.904037,5,2025,51.5,22
2025-05-11,"Frying Pan Mountain","Haywood",35.379167,-82.7925,5,2025,NA,36
2025-05-11,"Garinger High School","Mecklenburg",35.2401000008895,-80.785683,5,2025,47,30
2025-05-11,"Hattie Avenue","Forsyth",36.11094,-80.224501,5,2025,42,36
2025-05-11,"Leggett","Edgecombe",35.988278,-77.5843,5,2025,38,36
2025-05-11,"Linville Falls","Avery",35.972347,-81.933072,5,2025,NA,40
2025-05-11,"Mendenhall School","Guilford",36.1090060008986,-79.802314,5,2025,46,31
2025-05-11,"Millbrook School","Wake",35.856111,-78.574167,5,2025,41,32
2025-05-11,"Pitt Agri. Center","Pitt",35.6412760008938,-77.360126,5,2025,33,35
2025-05-11,"West Johnston Co.","Johnston",35.59095,-78.4622,5,2025,48,27
2025-05-12,"Bryson City","Swain",35.434767,-83.442133,5,2025,20,23
2025-05-12,"Castle Hayne","New Hanover",34.364167,-77.838611,5,2025,24,23
2025-05-12,"Clemmons Middle","Forsyth",36.026612,-80.341962,5,2025,24,24
2025-05-12,"Durham Armory","Durham",36.0329550008979,-78.904037,5,2025,29.5,25
2025-05-12,"Frying Pan Mountain","Haywood",35.379167,-82.7925,5,2025,NA,39
2025-05-12,"Garinger High School","Mecklenburg",35.2401000008895,-80.785683,5,2025,18,22
2025-05-12,"Hattie Avenue","Forsyth",36.11094,-80.224501,5,2025,25,25
2025-05-12,"Leggett","Edgecombe",35.988278,-77.5843,5,2025,22,31
2025-05-12,"Linville Falls","Avery",35.972347,-81.933072,5,2025,NA,33
2025-05-12,"Mendenhall School","Guilford",36.1090060008986,-79.802314,5,2025,24,24
2025-05-12,"Millbrook School","Wake",35.856111,-78.574167,5,2025,27,25
2025-05-12,"Pitt Agri. Center","Pitt",35.6412760008938,-77.360126,5,2025,24,29
2025-05-12,"West Johnston Co.","Johnston",35.59095,-78.4622,5,2025,23,28
2025-05-13,"Bryson City","Swain",35.434767,-83.442133,5,2025,16,36
2025-05-13,"Castle Hayne","New Hanover",34.364167,-77.838611,5,2025,23.5,32
2025-05-13,"Clemmons Middle","Forsyth",36.026612,-80.341962,5,2025,30,39
2025-05-13,"Durham Armory","Durham",36.0329550008979,-78.904037,5,2025,21.5,30
2025-05-13,"Frying Pan Mountain","Haywood",35.379167,-82.7925,5,2025,9,41
2025-05-13,"Garinger High School","Mecklenburg",35.2401000008895,-80.785683,5,2025,18,39
2025-05-13,"Hattie Avenue","Forsyth",36.11094,-80.224501,5,2025,24.5,42
2025-05-13,"Leggett","Edgecombe",35.988278,-77.5843,5,2025,18,30
2025-05-13,"Linville Falls","Avery",35.972347,-81.933072,5,2025,11,43
2025-05-13,"Mendenhall School","Guilford",36.1090060008986,-79.802314,5,2025,17,37
2025-05-13,"Millbrook School","Wake",35.856111,-78.574167,5,2025,19,32
2025-05-13,"Pitt Agri. Center","Pitt",35.6412760008938,-77.360126,5,2025,9,25
2025-05-13,"West Johnston Co.","Johnston",35.59095,-78.4622,5,2025,19,29
2025-05-14,"Bryson City","Swain",35.434767,-83.442133,5,2025,27,35
2025-05-14,"Castle Hayne","New Hanover",34.364167,-77.838611,5,2025,40,38
2025-05-14,"Clemmons Middle","Forsyth",36.026612,-80.341962,5,2025,29,39
2025-05-14,"Durham Armory","Durham",36.0329550008979,-78.904037,5,2025,36.5,32
2025-05-14,"Frying Pan Mountain","Haywood",35.379167,-82.7925,5,2025,NA,46
2025-05-14,"Garinger High School","Mecklenburg",35.2401000008895,-80.785683,5,2025,23,42
2025-05-14,"Hattie Avenue","Forsyth",36.11094,-80.224501,5,2025,24,41
2025-05-14,"Leggett","Edgecombe",35.988278,-77.5843,5,2025,33,37
2025-05-14,"Linville Falls","Avery",35.972347,-81.933072,5,2025,NA,41
2025-05-14,"Mendenhall School","Guilford",36.1090060008986,-79.802314,5,2025,31,31
2025-05-14,"Millbrook School","Wake",35.856111,-78.574167,5,2025,31,34
2025-05-14,"Pitt Agri. Center","Pitt",35.6412760008938,-77.360126,5,2025,29,35
2025-05-14,"West Johnston Co.","Johnston",35.59095,-78.4622,5,2025,26,36
2025-05-15,"Bryson City","Swain",35.434767,-83.442133,5,2025,45,39
2025-05-15,"Castle Hayne","New Hanover",34.364167,-77.838611,5,2025,42,45
2025-05-15,"Clemmons Middle","Forsyth",36.026612,-80.341962,5,2025,52,48
2025-05-15,"Durham Armory","Durham",36.0329550008979,-78.904037,5,2025,51.5,35
2025-05-15,"Frying Pan Mountain","Haywood",35.379167,-82.7925,5,2025,NA,46
2025-05-15,"Garinger High School","Mecklenburg",35.2401000008895,-80.785683,5,2025,47,44
2025-05-15,"Hattie Avenue","Forsyth",36.11094,-80.224501,5,2025,51,51
2025-05-15,"Leggett","Edgecombe",35.988278,-77.5843,5,2025,53,40
2025-05-15,"Linville Falls","Avery",35.972347,-81.933072,5,2025,NA,42
2025-05-15,"Mendenhall School","Guilford",36.1090060008986,-79.802314,5,2025,52,48
2025-05-15,"Millbrook School","Wake",35.856111,-78.574167,5,2025,54,39
2025-05-15,"Pitt Agri. Center","Pitt",35.6412760008938,-77.360126,5,2025,51,36
2025-05-15,"West Johnston Co.","Johnston",35.59095,-78.4622,5,2025,50,42
2025-05-16,"Bryson City","Swain",35.434767,-83.442133,5,2025,51,22
2025-05-16,"Castle Hayne","New Hanover",34.364167,-77.838611,5,2025,56,38
2025-05-16,"Clemmons Middle","Forsyth",36.026612,-80.341962,5,2025,59,32
2025-05-16,"Durham Armory","Durham",36.0329550008979,-78.904037,5,2025,56,35
2025-05-16,"Frying Pan Mountain","Haywood",35.379167,-82.7925,5,2025,40,42
2025-05-16,"Garinger High School","Mecklenburg",35.2401000008895,-80.785683,5,2025,57.5,44
2025-05-16,"Hattie Avenue","Forsyth",36.11094,-80.224501,5,2025,55.5,35
2025-05-16,"Leggett","Edgecombe",35.988278,-77.5843,5,2025,59,38
2025-05-16,"Linville Falls","Avery",35.972347,-81.933072,5,2025,51,34
2025-05-16,"Mendenhall School","Guilford",36.1090060008986,-79.802314,5,2025,54,37
2025-05-16,"Millbrook School","Wake",35.856111,-78.574167,5,2025,58.5,39
2025-05-16,"Pitt Agri. Center","Pitt",35.6412760008938,-77.360126,5,2025,58,42
2025-05-16,"West Johnston Co.","Johnston",35.59095,-78.4622,5,2025,58,39
2025-05-17,"Bryson City","Swain",35.434767,-83.442133,5,2025,26,46
2025-05-17,"Castle Hayne","New Hanover",34.364167,-77.838611,5,2025,54.5,34
2025-05-17,"Clemmons Middle","Forsyth",36.026612,-80.341962,5,2025,31,44
2025-05-17,"Durham Armory","Durham",36.0329550008979,-78.904037,5,2025,37,41
2025-05-17,"Frying Pan Mountain","Haywood",35.379167,-82.7925,5,2025,NA,48
2025-05-17,"Garinger High School","Mecklenburg",35.2401000008895,-80.785683,5,2025,33,41
2025-05-17,"Hattie Avenue","Forsyth",36.11094,-80.224501,5,2025,27,44
2025-05-17,"Leggett","Edgecombe",35.988278,-77.5843,5,2025,47,44
2025-05-17,"Linville Falls","Avery",35.972347,-81.933072,5,2025,NA,48
2025-05-17,"Mendenhall School","Guilford",36.1090060008986,-79.802314,5,2025,28,44
2025-05-17,"Millbrook School","Wake",35.856111,-78.574167,5,2025,39,41
2025-05-17,"Pitt Agri. Center","Pitt",35.6412760008938,-77.360126,5,2025,47,41
2025-05-17,"West Johnston Co.","Johnston",35.59095,-78.4622,5,2025,48,43
2025-05-18,"Bryson City","Swain",35.434767,-83.442133,5,2025,37,45
2025-05-18,"Castle Hayne","New Hanover",34.364167,-77.838611,5,2025,43.5,44
2025-05-18,"Clemmons Middle","Forsyth",36.026612,-80.341962,5,2025,22,44
2025-05-18,"Durham Armory","Durham",36.0329550008979,-78.904037,5,2025,32.5,43
2025-05-18,"Frying Pan Mountain","Haywood",35.379167,-82.7925,5,2025,NA,48
2025-05-18,"Garinger High School","Mecklenburg",35.2401000008895,-80.785683,5,2025,29,44
2025-05-18,"Hattie Avenue","Forsyth",36.11094,-80.224501,5,2025,23,44
2025-05-18,"Leggett","Edgecombe",35.988278,-77.5843,5,2025,29,40
2025-05-18,"Linville Falls","Avery",35.972347,-81.933072,5,2025,NA,47
2025-05-18,"Mendenhall School","Guilford",36.1090060008986,-79.802314,5,2025,23,44
2025-05-18,"Millbrook School","Wake",35.856111,-78.574167,5,2025,26,44
2025-05-18,"Pitt Agri. Center","Pitt",35.6412760008938,-77.360126,5,2025,26,43
2025-05-18,"West Johnston Co.","Johnston",35.59095,-78.4622,5,2025,36,45
2025-05-19,"Bryson City","Swain",35.434767,-83.442133,5,2025,33,31
2025-05-19,"Castle Hayne","New Hanover",34.364167,-77.838611,5,2025,46,42
2025-05-19,"Clemmons Middle","Forsyth",36.026612,-80.341962,5,2025,39.5,46
2025-05-19,"Durham Armory","Durham",36.0329550008979,-78.904037,5,2025,31.5,48
2025-05-19,"Frying Pan Mountain","Haywood",35.379167,-82.7925,5,2025,24,39
2025-05-19,"Garinger High School","Mecklenburg",35.2401000008895,-80.785683,5,2025,45.5,47
2025-05-19,"Hattie Avenue","Forsyth",36.11094,-80.224501,5,2025,32.5,45
2025-05-19,"Leggett","Edgecombe",35.988278,-77.5843,5,2025,32,44
2025-05-19,"Linville Falls","Avery",35.972347,-81.933072,5,2025,26,40
2025-05-19,"Mendenhall School","Guilford",36.1090060008986,-79.802314,5,2025,26,48
2025-05-19,"Millbrook School","Wake",35.856111,-78.574167,5,2025,32,49
2025-05-19,"Pitt Agri. Center","Pitt",35.6412760008938,-77.360126,5,2025,32,48
2025-05-19,"West Johnston Co.","Johnston",35.59095,-78.4622,5,2025,39,50
2025-05-20,"Bryson City","Swain",35.434767,-83.442133,5,2025,39,28
2025-05-20,"Castle Hayne","New Hanover",34.364167,-77.838611,5,2025,40.5,45
2025-05-20,"Clemmons Middle","Forsyth",36.026612,-80.341962,5,2025,37,49
2025-05-20,"Durham Armory","Durham",36.0329550008979,-78.904037,5,2025,41,50
2025-05-20,"Frying Pan Mountain","Haywood",35.379167,-82.7925,5,2025,NA,34
2025-05-20,"Garinger High School","Mecklenburg",35.2401000008895,-80.785683,5,2025,53,44
2025-05-20,"Hattie Avenue","Forsyth",36.11094,-80.224501,5,2025,34,58
2025-05-20,"Leggett","Edgecombe",35.988278,-77.5843,5,2025,34,42
2025-05-20,"Linville Falls","Avery",35.972347,-81.933072,5,2025,NA,37
2025-05-20,"Mendenhall School","Guilford",36.1090060008986,-79.802314,5,2025,38,47
2025-05-20,"Millbrook School","Wake",35.856111,-78.574167,5,2025,37,47
2025-05-20,"Pitt Agri. Center","Pitt",35.6412760008938,-77.360126,5,2025,30,43
2025-05-20,"West Johnston Co.","Johnston",35.59095,-78.4622,5,2025,45,NA
2025-05-21,"Bryson City","Swain",35.434767,-83.442133,5,2025,18,43
2025-05-21,"Castle Hayne","New Hanover",34.364167,-77.838611,5,2025,50.5,43
2025-05-21,"Clemmons Middle","Forsyth",36.026612,-80.341962,5,2025,38,44
2025-05-21,"Durham Armory","Durham",36.0329550008979,-78.904037,5,2025,38,34
2025-05-21,"Frying Pan Mountain","Haywood",35.379167,-82.7925,5,2025,NA,45
2025-05-21,"Garinger High School","Mecklenburg",35.2401000008895,-80.785683,5,2025,40,43
2025-05-21,"Hattie Avenue","Forsyth",36.11094,-80.224501,5,2025,34,40
2025-05-21,"Leggett","Edgecombe",35.988278,-77.5843,5,2025,31,30
2025-05-21,"Linville Falls","Avery",35.972347,-81.933072,5,2025,NA,44
2025-05-21,"Mendenhall School","Guilford",36.1090060008986,-79.802314,5,2025,44,40
2025-05-21,"Millbrook School","Wake",35.856111,-78.574167,5,2025,39,32
2025-05-21,"Pitt Agri. Center","Pitt",35.6412760008938,-77.360126,5,2025,30,36
2025-05-21,"West Johnston Co.","Johnston",35.59095,-78.4622,5,2025,37,NA
2025-05-22,"Bryson City","Swain",35.434767,-83.442133,5,2025,14,49
2025-05-22,"Castle Hayne","New Hanover",34.364167,-77.838611,5,2025,33,50
2025-05-22,"Clemmons Middle","Forsyth",36.026612,-80.341962,5,2025,14,48
2025-05-22,"Durham Armory","Durham",36.0329550008979,-78.904037,5,2025,32,45
2025-05-22,"Frying Pan Mountain","Haywood",35.379167,-82.7925,5,2025,12,50
2025-05-22,"Garinger High School","Mecklenburg",35.2401000008895,-80.785683,5,2025,18.5,50
2025-05-22,"Hattie Avenue","Forsyth",36.11094,-80.224501,5,2025,16.5,46
2025-05-22,"Leggett","Edgecombe",35.988278,-77.5843,5,2025,21,44
2025-05-22,"Linville Falls","Avery",35.972347,-81.933072,5,2025,12,49
2025-05-22,"Mendenhall School","Guilford",36.1090060008986,-79.802314,5,2025,17,45
2025-05-22,"Millbrook School","Wake",35.856111,-78.574167,5,2025,23,47
2025-05-22,"Pitt Agri. Center","Pitt",35.6412760008938,-77.360126,5,2025,21,46
2025-05-22,"West Johnston Co.","Johnston",35.59095,-78.4622,5,2025,18,46
2025-05-23,"Bryson City","Swain",35.434767,-83.442133,5,2025,23,42
2025-05-23,"Castle Hayne","New Hanover",34.364167,-77.838611,5,2025,33,47
2025-05-23,"Clemmons Middle","Forsyth",36.026612,-80.341962,5,2025,14,40
2025-05-23,"Durham Armory","Durham",36.0329550008979,-78.904037,5,2025,20.5,40
2025-05-23,"Frying Pan Mountain","Haywood",35.379167,-82.7925,5,2025,NA,42
2025-05-23,"Garinger High School","Mecklenburg",35.2401000008895,-80.785683,5,2025,14,44
2025-05-23,"Hattie Avenue","Forsyth",36.11094,-80.224501,5,2025,13,37
2025-05-23,"Leggett","Edgecombe",35.988278,-77.5843,5,2025,23,NA
2025-05-23,"Linville Falls","Avery",35.972347,-81.933072,5,2025,NA,41
2025-05-23,"Mendenhall School","Guilford",36.1090060008986,-79.802314,5,2025,16,37
2025-05-23,"Millbrook School","Wake",35.856111,-78.574167,5,2025,14,42
2025-05-23,"Pitt Agri. Center","Pitt",35.6412760008938,-77.360126,5,2025,10,44
2025-05-23,"West Johnston Co.","Johnston",35.59095,-78.4622,5,2025,13,42
2025-05-24,"Bryson City","Swain",35.434767,-83.442133,5,2025,31,31
2025-05-24,"Castle Hayne","New Hanover",34.364167,-77.838611,5,2025,24,44
2025-05-24,"Clemmons Middle","Forsyth",36.026612,-80.341962,5,2025,24,43
2025-05-24,"Durham Armory","Durham",36.0329550008979,-78.904037,5,2025,30,45
2025-05-24,"Frying Pan Mountain","Haywood",35.379167,-82.7925,5,2025,NA,45
2025-05-24,"Garinger High School","Mecklenburg",35.2401000008895,-80.785683,5,2025,31,44
2025-05-24,"Hattie Avenue","Forsyth",36.11094,-80.224501,5,2025,23,43
2025-05-24,"Leggett","Edgecombe",35.988278,-77.5843,5,2025,28,44
2025-05-24,"Linville Falls","Avery",35.972347,-81.933072,5,2025,NA,43
2025-05-24,"Mendenhall School","Guilford",36.1090060008986,-79.802314,5,2025,24,44
2025-05-24,"Millbrook School","Wake",35.856111,-78.574167,5,2025,22,45
2025-05-24,"Pitt Agri. Center","Pitt",35.6412760008938,-77.360126,5,2025,22,46
2025-05-24,"West Johnston Co.","Johnston",35.59095,-78.4622,5,2025,29,44
2025-05-25,"Bryson City","Swain",35.434767,-83.442133,5,2025,36,29
2025-05-25,"Castle Hayne","New Hanover",34.364167,-77.838611,5,2025,35.5,43
2025-05-25,"Clemmons Middle","Forsyth",36.026612,-80.341962,5,2025,36,42
2025-05-25,"Durham Armory","Durham",36.0329550008979,-78.904037,5,2025,33.5,41
2025-05-25,"Frying Pan Mountain","Haywood",35.379167,-82.7925,5,2025,12,33
2025-05-25,"Garinger High School","Mecklenburg",35.2401000008895,-80.785683,5,2025,53.5,39
2025-05-25,"Hattie Avenue","Forsyth",36.11094,-80.224501,5,2025,33.5,45
2025-05-25,"Leggett","Edgecombe",35.988278,-77.5843,5,2025,36,39
2025-05-25,"Linville Falls","Avery",35.972347,-81.933072,5,2025,26,40
2025-05-25,"Mendenhall School","Guilford",36.1090060008986,-79.802314,5,2025,37,40
2025-05-25,"Millbrook School","Wake",35.856111,-78.574167,5,2025,32.5,41
2025-05-25,"Pitt Agri. Center","Pitt",35.6412760008938,-77.360126,5,2025,34,41
2025-05-25,"West Johnston Co.","Johnston",35.59095,-78.4622,5,2025,39,39
2025-05-26,"Bryson City","Swain",35.434767,-83.442133,5,2025,23,31
2025-05-26,"Castle Hayne","New Hanover",34.364167,-77.838611,5,2025,29,31
2025-05-26,"Clemmons Middle","Forsyth",36.026612,-80.341962,5,2025,33,26
2025-05-26,"Durham Armory","Durham",36.0329550008979,-78.904037,5,2025,44.5,28
2025-05-26,"Frying Pan Mountain","Haywood",35.379167,-82.7925,5,2025,NA,27
2025-05-26,"Garinger High School","Mecklenburg",35.2401000008895,-80.785683,5,2025,53,30
2025-05-26,"Hattie Avenue","Forsyth",36.11094,-80.224501,5,2025,28,25
2025-05-26,"Leggett","Edgecombe",35.988278,-77.5843,5,2025,30,31
2025-05-26,"Linville Falls","Avery",35.972347,-81.933072,5,2025,NA,29
2025-05-26,"Mendenhall School","Guilford",36.1090060008986,-79.802314,5,2025,33,21
2025-05-26,"Millbrook School","Wake",35.856111,-78.574167,5,2025,31,31
2025-05-26,"Pitt Agri. Center","Pitt",35.6412760008938,-77.360126,5,2025,17,32
2025-05-26,"West Johnston Co.","Johnston",35.59095,-78.4622,5,2025,29,32
2025-05-27,"Bryson City","Swain",35.434767,-83.442133,5,2025,18,18
2025-05-27,"Castle Hayne","New Hanover",34.364167,-77.838611,5,2025,22,33
2025-05-27,"Clemmons Middle","Forsyth",36.026612,-80.341962,5,2025,15,29
2025-05-27,"Durham Armory","Durham",36.0329550008979,-78.904037,5,2025,16.5,NA
2025-05-27,"Frying Pan Mountain","Haywood",35.379167,-82.7925,5,2025,NA,31
2025-05-27,"Garinger High School","Mecklenburg",35.2401000008895,-80.785683,5,2025,5,25
2025-05-27,"Hattie Avenue","Forsyth",36.11094,-80.224501,5,2025,12,31
2025-05-27,"Leggett","Edgecombe",35.988278,-77.5843,5,2025,22,30
2025-05-27,"Linville Falls","Avery",35.972347,-81.933072,5,2025,NA,29
2025-05-27,"Mendenhall School","Guilford",36.1090060008986,-79.802314,5,2025,11,27
2025-05-27,"Millbrook School","Wake",35.856111,-78.574167,5,2025,17,25
2025-05-27,"Pitt Agri. Center","Pitt",35.6412760008938,-77.360126,5,2025,14,27
2025-05-27,"West Johnston Co.","Johnston",35.59095,-78.4622,5,2025,16,29
2025-05-28,"Bryson City","Swain",35.434767,-83.442133,5,2025,39,26
2025-05-28,"Castle Hayne","New Hanover",34.364167,-77.838611,5,2025,28.5,26
2025-05-28,"Clemmons Middle","Forsyth",36.026612,-80.341962,5,2025,14,24
2025-05-28,"Durham Armory","Durham",36.0329550008979,-78.904037,5,2025,13.5,25
2025-05-28,"Frying Pan Mountain","Haywood",35.379167,-82.7925,5,2025,14,36
2025-05-28,"Garinger High School","Mecklenburg",35.2401000008895,-80.785683,5,2025,19.5,24
2025-05-28,"Hattie Avenue","Forsyth",36.11094,-80.224501,5,2025,12,26
2025-05-28,"Leggett","Edgecombe",35.988278,-77.5843,5,2025,19,26
2025-05-28,"Linville Falls","Avery",35.972347,-81.933072,5,2025,12,27
2025-05-28,"Mendenhall School","Guilford",36.1090060008986,-79.802314,5,2025,14,27
2025-05-28,"Millbrook School","Wake",35.856111,-78.574167,5,2025,16,24
2025-05-28,"Pitt Agri. Center","Pitt",35.6412760008938,-77.360126,5,2025,17,26
2025-05-28,"West Johnston Co.","Johnston",35.59095,-78.4622,5,2025,18,24
2025-05-29,"Bryson City","Swain",35.434767,-83.442133,5,2025,32,24
2025-05-29,"Castle Hayne","New Hanover",34.364167,-77.838611,5,2025,40,26
2025-05-29,"Clemmons Middle","Forsyth",36.026612,-80.341962,5,2025,38,31
2025-05-29,"Durham Armory","Durham",36.0329550008979,-78.904037,5,2025,32.5,30
2025-05-29,"Frying Pan Mountain","Haywood",35.379167,-82.7925,5,2025,NA,41
2025-05-29,"Garinger High School","Mecklenburg",35.2401000008895,-80.785683,5,2025,34,31
2025-05-29,"Hattie Avenue","Forsyth",36.11094,-80.224501,5,2025,33,31
2025-05-29,"Leggett","Edgecombe",35.988278,-77.5843,5,2025,31,27
2025-05-29,"Linville Falls","Avery",35.972347,-81.933072,5,2025,NA,29
2025-05-29,"Mendenhall School","Guilford",36.1090060008986,-79.802314,5,2025,29,32
2025-05-29,"Millbrook School","Wake",35.856111,-78.574167,5,2025,37,31
2025-05-29,"Pitt Agri. Center","Pitt",35.6412760008938,-77.360126,5,2025,28,26
2025-05-29,"West Johnston Co.","Johnston",35.59095,-78.4622,5,2025,37,25
2025-05-30,"Bryson City","Swain",35.434767,-83.442133,5,2025,14,41
2025-05-30,"Castle Hayne","New Hanover",34.364167,-77.838611,5,2025,23.5,32
2025-05-30,"Clemmons Middle","Forsyth",36.026612,-80.341962,5,2025,22,44
2025-05-30,"Durham Armory","Durham",36.0329550008979,-78.904037,5,2025,22.5,37
2025-05-30,"Frying Pan Mountain","Haywood",35.379167,-82.7925,5,2025,NA,44
2025-05-30,"Garinger High School","Mecklenburg",35.2401000008895,-80.785683,5,2025,24,35
2025-05-30,"Hattie Avenue","Forsyth",36.11094,-80.224501,5,2025,19,41
2025-05-30,"Leggett","Edgecombe",35.988278,-77.5843,5,2025,28,38
2025-05-30,"Linville Falls","Avery",35.972347,-81.933072,5,2025,NA,44
2025-05-30,"Mendenhall School","Guilford",36.1090060008986,-79.802314,5,2025,17,41
2025-05-30,"Millbrook School","Wake",35.856111,-78.574167,5,2025,26,34
2025-05-30,"Pitt Agri. Center","Pitt",35.6412760008938,-77.360126,5,2025,23,33
2025-05-30,"West Johnston Co.","Johnston",35.59095,-78.4622,5,2025,21,35
2025-05-31,"Bryson City","Swain",35.434767,-83.442133,5,2025,48,48
2025-05-31,"Castle Hayne","New Hanover",34.364167,-77.838611,5,2025,43.5,44
2025-05-31,"Clemmons Middle","Forsyth",36.026612,-80.341962,5,2025,52.5,44
2025-05-31,"Durham Armory","Durham",36.0329550008979,-78.904037,5,2025,52.5,42
2025-05-31,"Frying Pan Mountain","Haywood",35.379167,-82.7925,5,2025,53,51
2025-05-31,"Garinger High School","Mecklenburg",35.2401000008895,-80.785683,5,2025,49,45
2025-05-31,"Hattie Avenue","Forsyth",36.11094,-80.224501,5,2025,52,43
2025-05-31,"Leggett","Edgecombe",35.988278,-77.5843,5,2025,46,44
2025-05-31,"Linville Falls","Avery",35.972347,-81.933072,5,2025,48,48
2025-05-31,"Mendenhall School","Guilford",36.1090060008986,-79.802314,5,2025,45,42
2025-05-31,"Millbrook School","Wake",35.856111,-78.574167,5,2025,45.5,44
2025-05-31,"Pitt Agri. Center","Pitt",35.6412760008938,-77.360126,5,2025,34,46
2025-05-31,"West Johnston Co.","Johnston",35.59095,-78.4622,5,2025,43,45
2025-06-01,"Bryson City","Swain",35.434767,-83.442133,6,2025,54,44
2025-06-01,"Castle Hayne","New Hanover",34.364167,-77.838611,6,2025,52,51
2025-06-01,"Clemmons Middle","Forsyth",36.026612,-80.341962,6,2025,62,44
2025-06-01,"Durham Armory","Durham",36.0329550008979,-78.904037,6,2025,53.5,44
2025-06-01,"Frying Pan Mountain","Haywood",35.379167,-82.7925,6,2025,NA,47
2025-06-01,"Garinger High School","Mecklenburg",35.2401000008895,-80.785683,6,2025,58,50
2025-06-01,"Hattie Avenue","Forsyth",36.11094,-80.224501,6,2025,58,45
2025-06-01,"Leggett","Edgecombe",35.988278,-77.5843,6,2025,44,44
2025-06-01,"Linville Falls","Avery",35.972347,-81.933072,6,2025,NA,46
2025-06-01,"Mendenhall School","Guilford",36.1090060008986,-79.802314,6,2025,55,44
2025-06-01,"Millbrook School","Wake",35.856111,-78.574167,6,2025,53,45
2025-06-01,"Pitt Agri. Center","Pitt",35.6412760008938,-77.360126,6,2025,44,44
2025-06-01,"West Johnston Co.","Johnston",35.59095,-78.4622,6,2025,49,45
2025-06-02,"Bryson City","Swain",35.434767,-83.442133,6,2025,62,44
2025-06-02,"Castle Hayne","New Hanover",34.364167,-77.838611,6,2025,53.5,40
2025-06-02,"Clemmons Middle","Forsyth",36.026612,-80.341962,6,2025,43,67
2025-06-02,"Durham Armory","Durham",36.0329550008979,-78.904037,6,2025,39,43
2025-06-02,"Frying Pan Mountain","Haywood",35.379167,-82.7925,6,2025,NA,44
2025-06-02,"Garinger High School","Mecklenburg",35.2401000008895,-80.785683,6,2025,50,50
2025-06-02,"Hattie Avenue","Forsyth",36.11094,-80.224501,6,2025,29,67
2025-06-02,"Leggett","Edgecombe",35.988278,-77.5843,6,2025,33,44
2025-06-02,"Linville Falls","Avery",35.972347,-81.933072,6,2025,NA,46
2025-06-02,"Mendenhall School","Guilford",36.1090060008986,-79.802314,6,2025,23,46
2025-06-02,"Millbrook School","Wake",35.856111,-78.574167,6,2025,41,44
2025-06-02,"Pitt Agri. Center","Pitt",35.6412760008938,-77.360126,6,2025,36,44
2025-06-02,"West Johnston Co.","Johnston",35.59095,-78.4622,6,2025,35,45
2025-06-03,"Bryson City","Swain",35.434767,-83.442133,6,2025,68,48
2025-06-03,"Castle Hayne","New Hanover",34.364167,-77.838611,6,2025,48.5,49
2025-06-03,"Clemmons Middle","Forsyth",36.026612,-80.341962,6,2025,54,51
2025-06-03,"Durham Armory","Durham",36.0329550008979,-78.904037,6,2025,43,77
2025-06-03,"Frying Pan Mountain","Haywood",35.379167,-82.7925,6,2025,57,49
2025-06-03,"Garinger High School","Mecklenburg",35.2401000008895,-80.785683,6,2025,53.5,61
2025-06-03,"Hattie Avenue","Forsyth",36.11094,-80.224501,6,2025,53,64
2025-06-03,"Leggett","Edgecombe",35.988278,-77.5843,6,2025,37,49
2025-06-03,"Linville Falls","Avery",35.972347,-81.933072,6,2025,55,50
2025-06-03,"Mendenhall School","Guilford",36.1090060008986,-79.802314,6,2025,51,58
2025-06-03,"Millbrook School","Wake",35.856111,-78.574167,6,2025,46.5,58
2025-06-03,"Pitt Agri. Center","Pitt",35.6412760008938,-77.360126,6,2025,34,44
2025-06-03,"West Johnston Co.","Johnston",35.59095,-78.4622,6,2025,46,50
2025-06-04,"Bryson City","Swain",35.434767,-83.442133,6,2025,68,44
2025-06-04,"Castle Hayne","New Hanover",34.364167,-77.838611,6,2025,30,47
2025-06-04,"Clemmons Middle","Forsyth",36.026612,-80.341962,6,2025,67,51
2025-06-04,"Durham Armory","Durham",36.0329550008979,-78.904037,6,2025,56.5,71
2025-06-04,"Frying Pan Mountain","Haywood",35.379167,-82.7925,6,2025,NA,44
2025-06-04,"Garinger High School","Mecklenburg",35.2401000008895,-80.785683,6,2025,61,49
2025-06-04,"Hattie Avenue","Forsyth",36.11094,-80.224501,6,2025,61,64
2025-06-04,"Leggett","Edgecombe",35.988278,-77.5843,6,2025,44,49
2025-06-04,"Linville Falls","Avery",35.972347,-81.933072,6,2025,NA,49
2025-06-04,"Mendenhall School","Guilford",36.1090060008986,-79.802314,6,2025,59,49
2025-06-04,"Millbrook School","Wake",35.856111,-78.574167,6,2025,51,54
2025-06-04,"Pitt Agri. Center","Pitt",35.6412760008938,-77.360126,6,2025,40,44
2025-06-04,"West Johnston Co.","Johnston",35.59095,-78.4622,6,2025,51,50
2025-06-05,"Bryson City","Swain",35.434767,-83.442133,6,2025,60,36
2025-06-05,"Castle Hayne","New Hanover",34.364167,-77.838611,6,2025,30,23
2025-06-05,"Clemmons Middle","Forsyth",36.026612,-80.341962,6,2025,52,30
2025-06-05,"Durham Armory","Durham",36.0329550008979,-78.904037,6,2025,36.5,24
2025-06-05,"Frying Pan Mountain","Haywood",35.379167,-82.7925,6,2025,NA,40
2025-06-05,"Garinger High School","Mecklenburg",35.2401000008895,-80.785683,6,2025,19,25
2025-06-05,"Hattie Avenue","Forsyth",36.11094,-80.224501,6,2025,43,30
2025-06-05,"Leggett","Edgecombe",35.988278,-77.5843,6,2025,39,25
2025-06-05,"Linville Falls","Avery",35.972347,-81.933072,6,2025,NA,31
2025-06-05,"Mendenhall School","Guilford",36.1090060008986,-79.802314,6,2025,50,17
2025-06-05,"Millbrook School","Wake",35.856111,-78.574167,6,2025,39,20
2025-06-05,"Pitt Agri. Center","Pitt",35.6412760008938,-77.360126,6,2025,31,21
2025-06-05,"West Johnston Co.","Johnston",35.59095,-78.4622,6,2025,40,21
2025-06-06,"Bryson City","Swain",35.434767,-83.442133,6,2025,54,32
2025-06-06,"Castle Hayne","New Hanover",34.364167,-77.838611,6,2025,38,27
2025-06-06,"Clemmons Middle","Forsyth",36.026612,-80.341962,6,2025,52,40
2025-06-06,"Durham Armory","Durham",36.0329550008979,-78.904037,6,2025,52,42
2025-06-06,"Frying Pan Mountain","Haywood",35.379167,-82.7925,6,2025,43,36
2025-06-06,"Garinger High School","Mecklenburg",35.2401000008895,-80.785683,6,2025,52,48
2025-06-06,"Hattie Avenue","Forsyth",36.11094,-80.224501,6,2025,46,41
2025-06-06,"Leggett","Edgecombe",35.988278,-77.5843,6,2025,43,35
2025-06-06,"Linville Falls","Avery",35.972347,-81.933072,6,2025,51,37
2025-06-06,"Mendenhall School","Guilford",36.1090060008986,-79.802314,6,2025,51,45
2025-06-06,"Millbrook School","Wake",35.856111,-78.574167,6,2025,50.5,41
2025-06-06,"Pitt Agri. Center","Pitt",35.6412760008938,-77.360126,6,2025,42,33
2025-06-06,"West Johnston Co.","Johnston",35.59095,-78.4622,6,2025,63,40
2025-06-07,"Bryson City","Swain",35.434767,-83.442133,6,2025,12,38
2025-06-07,"Castle Hayne","New Hanover",34.364167,-77.838611,6,2025,53.5,31
2025-06-07,"Clemmons Middle","Forsyth",36.026612,-80.341962,6,2025,31,37
2025-06-07,"Durham Armory","Durham",36.0329550008979,-78.904037,6,2025,33.5,36
2025-06-07,"Frying Pan Mountain","Haywood",35.379167,-82.7925,6,2025,NA,43
2025-06-07,"Garinger High School","Mecklenburg",35.2401000008895,-80.785683,6,2025,34,40
2025-06-07,"Hattie Avenue","Forsyth",36.11094,-80.224501,6,2025,25,35
2025-06-07,"Leggett","Edgecombe",35.988278,-77.5843,6,2025,48,41
2025-06-07,"Linville Falls","Avery",35.972347,-81.933072,6,2025,NA,35
2025-06-07,"Mendenhall School","Guilford",36.1090060008986,-79.802314,6,2025,32,37
2025-06-07,"Millbrook School","Wake",35.856111,-78.574167,6,2025,38,35
2025-06-07,"Pitt Agri. Center","Pitt",35.6412760008938,-77.360126,6,2025,54,38
2025-06-07,"West Johnston Co.","Johnston",35.59095,-78.4622,6,2025,43,35
2025-06-08,"Bryson City","Swain",35.434767,-83.442133,6,2025,26,41
2025-06-08,"Castle Hayne","New Hanover",34.364167,-77.838611,6,2025,37,30
2025-06-08,"Clemmons Middle","Forsyth",36.026612,-80.341962,6,2025,29,34
2025-06-08,"Durham Armory","Durham",36.0329550008979,-78.904037,6,2025,35,31
2025-06-08,"Frying Pan Mountain","Haywood",35.379167,-82.7925,6,2025,NA,42
2025-06-08,"Garinger High School","Mecklenburg",35.2401000008895,-80.785683,6,2025,41,36
2025-06-08,"Hattie Avenue","Forsyth",36.11094,-80.224501,6,2025,23,36
2025-06-08,"Leggett","Edgecombe",35.988278,-77.5843,6,2025,49,35
2025-06-08,"Linville Falls","Avery",35.972347,-81.933072,6,2025,NA,42
2025-06-08,"Mendenhall School","Guilford",36.1090060008986,-79.802314,6,2025,34,35
2025-06-08,"Millbrook School","Wake",35.856111,-78.574167,6,2025,39,32
2025-06-08,"Pitt Agri. Center","Pitt",35.6412760008938,-77.360126,6,2025,31,31
2025-06-08,"West Johnston Co.","Johnston",35.59095,-78.4622,6,2025,50,31
2025-06-09,"Bryson City","Swain",35.434767,-83.442133,6,2025,24,34
2025-06-09,"Castle Hayne","New Hanover",34.364167,-77.838611,6,2025,40.5,36
2025-06-09,"Clemmons Middle","Forsyth",36.026612,-80.341962,6,2025,31,46
2025-06-09,"Durham Armory","Durham",36.0329550008979,-78.904037,6,2025,34,44
2025-06-09,"Frying Pan Mountain","Haywood",35.379167,-82.7925,6,2025,19,42
2025-06-09,"Garinger High School","Mecklenburg",35.2401000008895,-80.785683,6,2025,34,46
2025-06-09,"Hattie Avenue","Forsyth",36.11094,-80.224501,6,2025,23,49
2025-06-09,"Leggett","Edgecombe",35.988278,-77.5843,6,2025,46,44
2025-06-09,"Linville Falls","Avery",35.972347,-81.933072,6,2025,26,42
2025-06-09,"Mendenhall School","Guilford",36.1090060008986,-79.802314,6,2025,27,51
2025-06-09,"Millbrook School","Wake",35.856111,-78.574167,6,2025,36,44
2025-06-09,"Pitt Agri. Center","Pitt",35.6412760008938,-77.360126,6,2025,48,43
2025-06-09,"West Johnston Co.","Johnston",35.59095,-78.4622,6,2025,43,43
2025-06-10,"Bryson City","Swain",35.434767,-83.442133,6,2025,23,35
2025-06-10,"Castle Hayne","New Hanover",34.364167,-77.838611,6,2025,28,28
2025-06-10,"Clemmons Middle","Forsyth",36.026612,-80.341962,6,2025,32,37
2025-06-10,"Durham Armory","Durham",36.0329550008979,-78.904037,6,2025,33.5,33
2025-06-10,"Frying Pan Mountain","Haywood",35.379167,-82.7925,6,2025,NA,49
2025-06-10,"Garinger High School","Mecklenburg",35.2401000008895,-80.785683,6,2025,28,33
2025-06-10,"Hattie Avenue","Forsyth",36.11094,-80.224501,6,2025,24,42
2025-06-10,"Leggett","Edgecombe",35.988278,-77.5843,6,2025,30,36
2025-06-10,"Linville Falls","Avery",35.972347,-81.933072,6,2025,NA,40
2025-06-10,"Mendenhall School","Guilford",36.1090060008986,-79.802314,6,2025,33,41
2025-06-10,"Millbrook School","Wake",35.856111,-78.574167,6,2025,34,33
2025-06-10,"Pitt Agri. Center","Pitt",35.6412760008938,-77.360126,6,2025,25,26
2025-06-10,"West Johnston Co.","Johnston",35.59095,-78.4622,6,2025,30,31
2025-06-11,"Bryson City","Swain",35.434767,-83.442133,6,2025,57,44
2025-06-11,"Castle Hayne","New Hanover",34.364167,-77.838611,6,2025,27,29
2025-06-11,"Clemmons Middle","Forsyth",36.026612,-80.341962,6,2025,56,61
2025-06-11,"Durham Armory","Durham",36.0329550008979,-78.904037,6,2025,51,41
2025-06-11,"Frying Pan Mountain","Haywood",35.379167,-82.7925,6,2025,NA,42
2025-06-11,"Garinger High School","Mecklenburg",35.2401000008895,-80.785683,6,2025,52,77
2025-06-11,"Hattie Avenue","Forsyth",36.11094,-80.224501,6,2025,52,67
2025-06-11,"Leggett","Edgecombe",35.988278,-77.5843,6,2025,42,42
2025-06-11,"Linville Falls","Avery",35.972347,-81.933072,6,2025,NA,44
2025-06-11,"Mendenhall School","Guilford",36.1090060008986,-79.802314,6,2025,54,43
2025-06-11,"Millbrook School","Wake",35.856111,-78.574167,6,2025,48,43
2025-06-11,"Pitt Agri. Center","Pitt",35.6412760008938,-77.360126,6,2025,39,32
2025-06-11,"West Johnston Co.","Johnston",35.59095,-78.4622,6,2025,46,NA
2025-06-12,"Bryson City","Swain",35.434767,-83.442133,6,2025,53,32
2025-06-12,"Castle Hayne","New Hanover",34.364167,-77.838611,6,2025,23.5,24
2025-06-12,"Clemmons Middle","Forsyth",36.026612,-80.341962,6,2025,62,51
2025-06-12,"Durham Armory","Durham",36.0329550008979,-78.904037,6,2025,46,44
2025-06-12,"Frying Pan Mountain","Haywood",35.379167,-82.7925,6,2025,31,31
2025-06-12,"Garinger High School","Mecklenburg",35.2401000008895,-80.785683,6,2025,51,44
2025-06-12,"Hattie Avenue","Forsyth",36.11094,-80.224501,6,2025,59.5,80
2025-06-12,"Leggett","Edgecombe",35.988278,-77.5843,6,2025,51,46
2025-06-12,"Linville Falls","Avery",35.972347,-81.933072,6,2025,41,39
2025-06-12,"Mendenhall School","Guilford",36.1090060008986,-79.802314,6,2025,59,77
2025-06-12,"Millbrook School","Wake",35.856111,-78.574167,6,2025,46,40
2025-06-12,"Pitt Agri. Center","Pitt",35.6412760008938,-77.360126,6,2025,37,36
2025-06-12,"West Johnston Co.","Johnston",35.59095,-78.4622,6,2025,44,40
2025-06-13,"Bryson City","Swain",35.434767,-83.442133,6,2025,23,23
2025-06-13,"Castle Hayne","New Hanover",34.364167,-77.838611,6,2025,39,16
2025-06-13,"Clemmons Middle","Forsyth",36.026612,-80.341962,6,2025,25,34
2025-06-13,"Durham Armory","Durham",36.0329550008979,-78.904037,6,2025,29.5,26
2025-06-13,"Frying Pan Mountain","Haywood",35.379167,-82.7925,6,2025,NA,23
2025-06-13,"Garinger High School","Mecklenburg",35.2401000008895,-80.785683,6,2025,18,29
2025-06-13,"Hattie Avenue","Forsyth",36.11094,-80.224501,6,2025,19,35
2025-06-13,"Leggett","Edgecombe",35.988278,-77.5843,6,2025,35,25
2025-06-13,"Linville Falls","Avery",35.972347,-81.933072,6,2025,NA,26
2025-06-13,"Mendenhall School","Guilford",36.1090060008986,-79.802314,6,2025,27,32
2025-06-13,"Millbrook School","Wake",35.856111,-78.574167,6,2025,36,21
2025-06-13,"Pitt Agri. Center","Pitt",35.6412760008938,-77.360126,6,2025,29,20
2025-06-13,"West Johnston Co.","Johnston",35.59095,-78.4622,6,2025,36,24
2025-06-14,"Bryson City","Swain",35.434767,-83.442133,6,2025,26,25
2025-06-14,"Castle Hayne","New Hanover",34.364167,-77.838611,6,2025,30.5,18
2025-06-14,"Clemmons Middle","Forsyth",36.026612,-80.341962,6,2025,22,31
2025-06-14,"Durham Armory","Durham",36.0329550008979,-78.904037,6,2025,24.5,27
2025-06-14,"Frying Pan Mountain","Haywood",35.379167,-82.7925,6,2025,NA,31
2025-06-14,"Garinger High School","Mecklenburg",35.2401000008895,-80.785683,6,2025,23,28
2025-06-14,"Hattie Avenue","Forsyth",36.11094,-80.224501,6,2025,17,33
2025-06-14,"Leggett","Edgecombe",35.988278,-77.5843,6,2025,38,29
2025-06-14,"Linville Falls","Avery",35.972347,-81.933072,6,2025,NA,27
2025-06-14,"Mendenhall School","Guilford",36.1090060008986,-79.802314,6,2025,18,32
2025-06-14,"Millbrook School","Wake",35.856111,-78.574167,6,2025,34,28
2025-06-14,"Pitt Agri. Center","Pitt",35.6412760008938,-77.360126,6,2025,43,24
2025-06-14,"West Johnston Co.","Johnston",35.59095,-78.4622,6,2025,34,29
2025-06-15,"Bryson City","Swain",35.434767,-83.442133,6,2025,28,28
2025-06-15,"Castle Hayne","New Hanover",34.364167,-77.838611,6,2025,27.5,24
2025-06-15,"Clemmons Middle","Forsyth",36.026612,-80.341962,6,2025,28,31
2025-06-15,"Durham Armory","Durham",36.0329550008979,-78.904037,6,2025,34.5,23
2025-06-15,"Frying Pan Mountain","Haywood",35.379167,-82.7925,6,2025,18,31
2025-06-15,"Garinger High School","Mecklenburg",35.2401000008895,-80.785683,6,2025,27,28
2025-06-15,"Hattie Avenue","Forsyth",36.11094,-80.224501,6,2025,23.5,32
2025-06-15,"Leggett","Edgecombe",35.988278,-77.5843,6,2025,39,28
2025-06-15,"Linville Falls","Avery",35.972347,-81.933072,6,2025,18,26
2025-06-15,"Mendenhall School","Guilford",36.1090060008986,-79.802314,6,2025,29,31
2025-06-15,"Millbrook School","Wake",35.856111,-78.574167,6,2025,39.5,25
2025-06-15,"Pitt Agri. Center","Pitt",35.6412760008938,-77.360126,6,2025,35,29
2025-06-15,"West Johnston Co.","Johnston",35.59095,-78.4622,6,2025,35,28
2025-06-16,"Bryson City","Swain",35.434767,-83.442133,6,2025,29,25
2025-06-16,"Castle Hayne","New Hanover",34.364167,-77.838611,6,2025,32,26
2025-06-16,"Clemmons Middle","Forsyth",36.026612,-80.341962,6,2025,31,32
2025-06-16,"Durham Armory","Durham",36.0329550008979,-78.904037,6,2025,23.5,NA
2025-06-16,"Frying Pan Mountain","Haywood",35.379167,-82.7925,6,2025,NA,29
2025-06-16,"Garinger High School","Mecklenburg",35.2401000008895,-80.785683,6,2025,37,31
2025-06-16,"Hattie Avenue","Forsyth",36.11094,-80.224501,6,2025,21,33
2025-06-16,"Leggett","Edgecombe",35.988278,-77.5843,6,2025,33,27
2025-06-16,"Linville Falls","Avery",35.972347,-81.933072,6,2025,NA,27
2025-06-16,"Mendenhall School","Guilford",36.1090060008986,-79.802314,6,2025,28,34
2025-06-16,"Millbrook School","Wake",35.856111,-78.574167,6,2025,39,31
2025-06-16,"Pitt Agri. Center","Pitt",35.6412760008938,-77.360126,6,2025,32,24
2025-06-16,"West Johnston Co.","Johnston",35.59095,-78.4622,6,2025,37,32
2025-06-17,"Bryson City","Swain",35.434767,-83.442133,6,2025,21,25
2025-06-17,"Castle Hayne","New Hanover",34.364167,-77.838611,6,2025,32,25
2025-06-17,"Clemmons Middle","Forsyth",36.026612,-80.341962,6,2025,29,37
2025-06-17,"Durham Armory","Durham",36.0329550008979,-78.904037,6,2025,32,32
2025-06-17,"Frying Pan Mountain","Haywood",35.379167,-82.7925,6,2025,NA,39
2025-06-17,"Garinger High School","Mecklenburg",35.2401000008895,-80.785683,6,2025,34,29
2025-06-17,"Hattie Avenue","Forsyth",36.11094,-80.224501,6,2025,21,39
2025-06-17,"Leggett","Edgecombe",35.988278,-77.5843,6,2025,47,34
2025-06-17,"Linville Falls","Avery",35.972347,-81.933072,6,2025,NA,28
2025-06-17,"Mendenhall School","Guilford",36.1090060008986,-79.802314,6,2025,35,40
2025-06-17,"Millbrook School","Wake",35.856111,-78.574167,6,2025,39,32
2025-06-17,"Pitt Agri. Center","Pitt",35.6412760008938,-77.360126,6,2025,39,31
2025-06-17,"West Johnston Co.","Johnston",35.59095,-78.4622,6,2025,36,28
2025-06-18,"Bryson City","Swain",35.434767,-83.442133,6,2025,26,23
2025-06-18,"Castle Hayne","New Hanover",34.364167,-77.838611,6,2025,34,28
2025-06-18,"Clemmons Middle","Forsyth",36.026612,-80.341962,6,2025,23,39
2025-06-18,"Durham Armory","Durham",36.0329550008979,-78.904037,6,2025,34.5,32
2025-06-18,"Frying Pan Mountain","Haywood",35.379167,-82.7925,6,2025,27,30
2025-06-18,"Garinger High School","Mecklenburg",35.2401000008895,-80.785683,6,2025,29.5,30
2025-06-18,"Hattie Avenue","Forsyth",36.11094,-80.224501,6,2025,21.5,39
2025-06-18,"Leggett","Edgecombe",35.988278,-77.5843,6,2025,41,34
2025-06-18,"Linville Falls","Avery",35.972347,-81.933072,6,2025,18,30
2025-06-18,"Mendenhall School","Guilford",36.1090060008986,-79.802314,6,2025,22,38
2025-06-18,"Millbrook School","Wake",35.856111,-78.574167,6,2025,36,31
2025-06-18,"Pitt Agri. Center","Pitt",35.6412760008938,-77.360126,6,2025,38,31
2025-06-18,"West Johnston Co.","Johnston",35.59095,-78.4622,6,2025,45,32
2025-06-19,"Bryson City","Swain",35.434767,-83.442133,6,2025,24,43
2025-06-19,"Castle Hayne","New Hanover",34.364167,-77.838611,6,2025,32.5,31
2025-06-19,"Clemmons Middle","Forsyth",36.026612,-80.341962,6,2025,31,34
2025-06-19,"Durham Armory","Durham",36.0329550008979,-78.904037,6,2025,31.5,31
2025-06-19,"Frying Pan Mountain","Haywood",35.379167,-82.7925,6,2025,NA,44
2025-06-19,"Garinger High School","Mecklenburg",35.2401000008895,-80.785683,6,2025,31,28
2025-06-19,"Hattie Avenue","Forsyth",36.11094,-80.224501,6,2025,22,37
2025-06-19,"Leggett","Edgecombe",35.988278,-77.5843,6,2025,48,39
2025-06-19,"Linville Falls","Avery",35.972347,-81.933072,6,2025,NA,31
2025-06-19,"Mendenhall School","Guilford",36.1090060008986,-79.802314,6,2025,31,34
2025-06-19,"Millbrook School","Wake",35.856111,-78.574167,6,2025,33,31
2025-06-19,"Pitt Agri. Center","Pitt",35.6412760008938,-77.360126,6,2025,42,32
2025-06-19,"West Johnston Co.","Johnston",35.59095,-78.4622,6,2025,44,36
2025-06-20,"Bryson City","Swain",35.434767,-83.442133,6,2025,27,37
2025-06-20,"Castle Hayne","New Hanover",34.364167,-77.838611,6,2025,38,32
2025-06-20,"Clemmons Middle","Forsyth",36.026612,-80.341962,6,2025,32,71
2025-06-20,"Durham Armory","Durham",36.0329550008979,-78.904037,6,2025,33,47
2025-06-20,"Frying Pan Mountain","Haywood",35.379167,-82.7925,6,2025,NA,34
2025-06-20,"Garinger High School","Mecklenburg",35.2401000008895,-80.785683,6,2025,33,58
2025-06-20,"Hattie Avenue","Forsyth",36.11094,-80.224501,6,2025,26,67
2025-06-20,"Leggett","Edgecombe",35.988278,-77.5843,6,2025,26,42
2025-06-20,"Linville Falls","Avery",35.972347,-81.933072,6,2025,NA,44
2025-06-20,"Mendenhall School","Guilford",36.1090060008986,-79.802314,6,2025,23,44
2025-06-20,"Millbrook School","Wake",35.856111,-78.574167,6,2025,33,44
2025-06-20,"Pitt Agri. Center","Pitt",35.6412760008938,-77.360126,6,2025,24,38
2025-06-20,"West Johnston Co.","Johnston",35.59095,-78.4622,6,2025,55,46
2025-06-21,"Bryson City","Swain",35.434767,-83.442133,6,2025,42,39
2025-06-21,"Castle Hayne","New Hanover",34.364167,-77.838611,6,2025,28,30
2025-06-21,"Clemmons Middle","Forsyth",36.026612,-80.341962,6,2025,43,54
2025-06-21,"Durham Armory","Durham",36.0329550008979,-78.904037,6,2025,46.5,54
2025-06-21,"Frying Pan Mountain","Haywood",35.379167,-82.7925,6,2025,28,44
2025-06-21,"Garinger High School","Mecklenburg",35.2401000008895,-80.785683,6,2025,52,67
2025-06-21,"Hattie Avenue","Forsyth",36.11094,-80.224501,6,2025,42.5,74
2025-06-21,"Leggett","Edgecombe",35.988278,-77.5843,6,2025,46,40
2025-06-21,"Linville Falls","Avery",35.972347,-81.933072,6,2025,32,38
2025-06-21,"Mendenhall School","Guilford",36.1090060008986,-79.802314,6,2025,41,50
2025-06-21,"Millbrook School","Wake",35.856111,-78.574167,6,2025,52.5,46
2025-06-21,"Pitt Agri. Center","Pitt",35.6412760008938,-77.360126,6,2025,43,34
2025-06-21,"West Johnston Co.","Johnston",35.59095,-78.4622,6,2025,50,47
2025-06-22,"Bryson City","Swain",35.434767,-83.442133,6,2025,45,36
2025-06-22,"Castle Hayne","New Hanover",34.364167,-77.838611,6,2025,22.5,27
2025-06-22,"Clemmons Middle","Forsyth",36.026612,-80.341962,6,2025,53,43
2025-06-22,"Durham Armory","Durham",36.0329550008979,-78.904037,6,2025,52,48
2025-06-22,"Frying Pan Mountain","Haywood",35.379167,-82.7925,6,2025,NA,48
2025-06-22,"Garinger High School","Mecklenburg",35.2401000008895,-80.785683,6,2025,56,67
2025-06-22,"Hattie Avenue","Forsyth",36.11094,-80.224501,6,2025,38,46
2025-06-22,"Leggett","Edgecombe",35.988278,-77.5843,6,2025,55,44
2025-06-22,"Linville Falls","Avery",35.972347,-81.933072,6,2025,NA,37
2025-06-22,"Mendenhall School","Guilford",36.1090060008986,-79.802314,6,2025,56,46
2025-06-22,"Millbrook School","Wake",35.856111,-78.574167,6,2025,57,47
2025-06-22,"Pitt Agri. Center","Pitt",35.6412760008938,-77.360126,6,2025,46,36
2025-06-22,"West Johnston Co.","Johnston",35.59095,-78.4622,6,2025,56,43
2025-06-23,"Bryson City","Swain",35.434767,-83.442133,6,2025,45,32
2025-06-23,"Castle Hayne","New Hanover",34.364167,-77.838611,6,2025,39,37
2025-06-23,"Clemmons Middle","Forsyth",36.026612,-80.341962,6,2025,58,43
2025-06-23,"Durham Armory","Durham",36.0329550008979,-78.904037,6,2025,57.5,42
2025-06-23,"Frying Pan Mountain","Haywood",35.379167,-82.7925,6,2025,NA,43
2025-06-23,"Garinger High School","Mecklenburg",35.2401000008895,-80.785683,6,2025,57,71
2025-06-23,"Hattie Avenue","Forsyth",36.11094,-80.224501,6,2025,41,50
2025-06-23,"Leggett","Edgecombe",35.988278,-77.5843,6,2025,58,44
2025-06-23,"Linville Falls","Avery",35.972347,-81.933072,6,2025,NA,35
2025-06-23,"Mendenhall School","Guilford",36.1090060008986,-79.802314,6,2025,57,36
2025-06-23,"Millbrook School","Wake",35.856111,-78.574167,6,2025,64,45
2025-06-23,"Pitt Agri. Center","Pitt",35.6412760008938,-77.360126,6,2025,54,43
2025-06-23,"West Johnston Co.","Johnston",35.59095,-78.4622,6,2025,62,64
2025-06-24,"Bryson City","Swain",35.434767,-83.442133,6,2025,47,31
2025-06-24,"Castle Hayne","New Hanover",34.364167,-77.838611,6,2025,59.5,44
2025-06-24,"Clemmons Middle","Forsyth",36.026612,-80.341962,6,2025,61.5,44
2025-06-24,"Durham Armory","Durham",36.0329550008979,-78.904037,6,2025,62,42
2025-06-24,"Frying Pan Mountain","Haywood",35.379167,-82.7925,6,2025,49,41
2025-06-24,"Garinger High School","Mecklenburg",35.2401000008895,-80.785683,6,2025,61,46
2025-06-24,"Hattie Avenue","Forsyth",36.11094,-80.224501,6,2025,62,44
2025-06-24,"Leggett","Edgecombe",35.988278,-77.5843,6,2025,67,NA
2025-06-24,"Linville Falls","Avery",35.972347,-81.933072,6,2025,52,34
2025-06-24,"Mendenhall School","Guilford",36.1090060008986,-79.802314,6,2025,63,38
2025-06-24,"Millbrook School","Wake",35.856111,-78.574167,6,2025,67,37
2025-06-24,"Pitt Agri. Center","Pitt",35.6412760008938,-77.360126,6,2025,67,44
2025-06-24,"West Johnston Co.","Johnston",35.59095,-78.4622,6,2025,68,NA
2025-06-25,"Bryson City","Swain",35.434767,-83.442133,6,2025,51,22
2025-06-25,"Castle Hayne","New Hanover",34.364167,-77.838611,6,2025,63,41
2025-06-25,"Clemmons Middle","Forsyth",36.026612,-80.341962,6,2025,62,42
2025-06-25,"Durham Armory","Durham",36.0329550008979,-78.904037,6,2025,62,31
2025-06-25,"Frying Pan Mountain","Haywood",35.379167,-82.7925,6,2025,NA,43
2025-06-25,"Garinger High School","Mecklenburg",35.2401000008895,-80.785683,6,2025,61,74
2025-06-25,"Hattie Avenue","Forsyth",36.11094,-80.224501,6,2025,62,41
2025-06-25,"Leggett","Edgecombe",35.988278,-77.5843,6,2025,58,NA
2025-06-25,"Linville Falls","Avery",35.972347,-81.933072,6,2025,NA,29
2025-06-25,"Mendenhall School","Guilford",36.1090060008986,-79.802314,6,2025,63,33
2025-06-25,"Millbrook School","Wake",35.856111,-78.574167,6,2025,67,47
2025-06-25,"Pitt Agri. Center","Pitt",35.6412760008938,-77.360126,6,2025,70,43
2025-06-25,"West Johnston Co.","Johnston",35.59095,-78.4622,6,2025,62,NA
2025-06-26,"Bryson City","Swain",35.434767,-83.442133,6,2025,44,29
2025-06-26,"Castle Hayne","New Hanover",34.364167,-77.838611,6,2025,52,47
2025-06-26,"Clemmons Middle","Forsyth",36.026612,-80.341962,6,2025,53,49
2025-06-26,"Durham Armory","Durham",36.0329550008979,-78.904037,6,2025,58,67
2025-06-26,"Frying Pan Mountain","Haywood",35.379167,-82.7925,6,2025,NA,44
2025-06-26,"Garinger High School","Mecklenburg",35.2401000008895,-80.785683,6,2025,52,67
2025-06-26,"Hattie Avenue","Forsyth",36.11094,-80.224501,6,2025,53,71
2025-06-26,"Leggett","Edgecombe",35.988278,-77.5843,6,2025,61,48
2025-06-26,"Mendenhall School","Guilford",36.1090060008986,-79.802314,6,2025,52,54
2025-06-26,"Millbrook School","Wake",35.856111,-78.574167,6,2025,62,64
2025-06-26,"Pitt Agri. Center","Pitt",35.6412760008938,-77.360126,6,2025,58,50
2025-06-26,"West Johnston Co.","Johnston",35.59095,-78.4622,6,2025,61,67
2025-06-27,"Bryson City","Swain",35.434767,-83.442133,6,2025,44,29
2025-06-27,"Castle Hayne","New Hanover",34.364167,-77.838611,6,2025,34.5,37
2025-06-27,"Clemmons Middle","Forsyth",36.026612,-80.341962,6,2025,53,47
2025-06-27,"Durham Armory","Durham",36.0329550008979,-78.904037,6,2025,50.5,54
2025-06-27,"Frying Pan Mountain","Haywood",35.379167,-82.7925,6,2025,36,44
2025-06-27,"Garinger High School","Mecklenburg",35.2401000008895,-80.785683,6,2025,51,58
2025-06-27,"Hattie Avenue","Forsyth",36.11094,-80.224501,6,2025,53,50
2025-06-27,"Leggett","Edgecombe",35.988278,-77.5843,6,2025,65,46
2025-06-27,"Mendenhall School","Guilford",36.1090060008986,-79.802314,6,2025,46,41
2025-06-27,"Millbrook School","Wake",35.856111,-78.574167,6,2025,57,58
2025-06-27,"Pitt Agri. Center","Pitt",35.6412760008938,-77.360126,6,2025,56,43
2025-06-27,"West Johnston Co.","Johnston",35.59095,-78.4622,6,2025,57,47
2025-06-28,"Bryson City","Swain",35.434767,-83.442133,6,2025,29,31
2025-06-28,"Castle Hayne","New Hanover",34.364167,-77.838611,6,2025,19.5,31
2025-06-28,"Clemmons Middle","Forsyth",36.026612,-80.341962,6,2025,51,44
2025-06-28,"Durham Armory","Durham",36.0329550008979,-78.904037,6,2025,46.5,37
2025-06-28,"Frying Pan Mountain","Haywood",35.379167,-82.7925,6,2025,NA,40
2025-06-28,"Garinger High School","Mecklenburg",35.2401000008895,-80.785683,6,2025,52,46
2025-06-28,"Hattie Avenue","Forsyth",36.11094,-80.224501,6,2025,51,44
2025-06-28,"Leggett","Edgecombe",35.988278,-77.5843,6,2025,56,44
2025-06-28,"Mendenhall School","Guilford",36.1090060008986,-79.802314,6,2025,50,40
2025-06-28,"Millbrook School","Wake",35.856111,-78.574167,6,2025,54,42
2025-06-28,"Pitt Agri. Center","Pitt",35.6412760008938,-77.360126,6,2025,42,38
2025-06-28,"West Johnston Co.","Johnston",35.59095,-78.4622,6,2025,52,39
2025-06-29,"Bryson City","Swain",35.434767,-83.442133,6,2025,27,32
2025-06-29,"Castle Hayne","New Hanover",34.364167,-77.838611,6,2025,33.5,34
2025-06-29,"Clemmons Middle","Forsyth",36.026612,-80.341962,6,2025,39,42
2025-06-29,"Durham Armory","Durham",36.0329550008979,-78.904037,6,2025,49.5,41
2025-06-29,"Frying Pan Mountain","Haywood",35.379167,-82.7925,6,2025,NA,37
2025-06-29,"Garinger High School","Mecklenburg",35.2401000008895,-80.785683,6,2025,39,50
2025-06-29,"Hattie Avenue","Forsyth",36.11094,-80.224501,6,2025,41,46
2025-06-29,"Leggett","Edgecombe",35.988278,-77.5843,6,2025,57,42
2025-06-29,"Mendenhall School","Guilford",36.1090060008986,-79.802314,6,2025,46,38
2025-06-29,"Millbrook School","Wake",35.856111,-78.574167,6,2025,54,40
2025-06-29,"Pitt Agri. Center","Pitt",35.6412760008938,-77.360126,6,2025,49,33
2025-06-29,"West Johnston Co.","Johnston",35.59095,-78.4622,6,2025,53,39
2025-06-30,"Bryson City","Swain",35.434767,-83.442133,6,2025,31,31
2025-06-30,"Castle Hayne","New Hanover",34.364167,-77.838611,6,2025,40,30
2025-06-30,"Clemmons Middle","Forsyth",36.026612,-80.341962,6,2025,50.5,41
2025-06-30,"Durham Armory","Durham",36.0329550008979,-78.904037,6,2025,55.5,39
2025-06-30,"Frying Pan Mountain","Haywood",35.379167,-82.7925,6,2025,31,33
2025-06-30,"Garinger High School","Mecklenburg",35.2401000008895,-80.785683,6,2025,49,42
2025-06-30,"Hattie Avenue","Forsyth",36.11094,-80.224501,6,2025,53,44
2025-06-30,"Leggett","Edgecombe",35.988278,-77.5843,6,2025,55,37
2025-06-30,"Mendenhall School","Guilford",36.1090060008986,-79.802314,6,2025,53,38
2025-06-30,"Millbrook School","Wake",35.856111,-78.574167,6,2025,52.5,37
2025-06-30,"Pitt Agri. Center","Pitt",35.6412760008938,-77.360126,6,2025,48,31
2025-06-30,"West Johnston Co.","Johnston",35.59095,-78.4622,6,2025,53,34
2025-07-01,"Bryson City","Swain",35.434767,-83.442133,7,2025,30,27
2025-07-01,"Castle Hayne","New Hanover",34.364167,-77.838611,7,2025,39,30
2025-07-01,"Clemmons Middle","Forsyth",36.026612,-80.341962,7,2025,43,48
2025-07-01,"Durham Armory","Durham",36.0329550008979,-78.904037,7,2025,42,38
2025-07-01,"Frying Pan Mountain","Haywood",35.379167,-82.7925,7,2025,NA,30
2025-07-01,"Garinger High School","Mecklenburg",35.2401000008895,-80.785683,7,2025,46,40
2025-07-01,"Hattie Avenue","Forsyth",36.11094,-80.224501,7,2025,44,49
2025-07-01,"Leggett","Edgecombe",35.988278,-77.5843,7,2025,45,36
2025-07-01,"Linville Falls","Avery",35.972347,-81.933072,7,2025,NA,31
2025-07-01,"Mendenhall School","Guilford",36.1090060008986,-79.802314,7,2025,54,40
2025-07-01,"Millbrook School","Wake",35.856111,-78.574167,7,2025,47,37
2025-07-01,"Pitt Agri. Center","Pitt",35.6412760008938,-77.360126,7,2025,43,31
2025-07-01,"West Johnston Co.","Johnston",35.59095,-78.4622,7,2025,41,36
2025-07-02,"Bryson City","Swain",35.434767,-83.442133,7,2025,29,43
2025-07-02,"Castle Hayne","New Hanover",34.364167,-77.838611,7,2025,39,25
2025-07-02,"Clemmons Middle","Forsyth",36.026612,-80.341962,7,2025,26,34
2025-07-02,"Durham Armory","Durham",36.0329550008979,-78.904037,7,2025,25.5,26
2025-07-02,"Frying Pan Mountain","Haywood",35.379167,-82.7925,7,2025,NA,44
2025-07-02,"Garinger High School","Mecklenburg",35.2401000008895,-80.785683,7,2025,26,40
2025-07-02,"Hattie Avenue","Forsyth",36.11094,-80.224501,7,2025,26,32
2025-07-02,"Leggett","Edgecombe",35.988278,-77.5843,7,2025,47,27
2025-07-02,"Linville Falls","Avery",35.972347,-81.933072,7,2025,NA,42
2025-07-02,"Mendenhall School","Guilford",36.1090060008986,-79.802314,7,2025,29,30
2025-07-02,"Millbrook School","Wake",35.856111,-78.574167,7,2025,32,25
2025-07-02,"Pitt Agri. Center","Pitt",35.6412760008938,-77.360126,7,2025,42,27
2025-07-02,"West Johnston Co.","Johnston",35.59095,-78.4622,7,2025,39,24
2025-07-03,"Bryson City","Swain",35.434767,-83.442133,7,2025,53,41
2025-07-03,"Castle Hayne","New Hanover",34.364167,-77.838611,7,2025,42.5,31
2025-07-03,"Clemmons Middle","Forsyth",36.026612,-80.341962,7,2025,47,54
2025-07-03,"Durham Armory","Durham",36.0329550008979,-78.904037,7,2025,32.5,44
2025-07-03,"Frying Pan Mountain","Haywood",35.379167,-82.7925,7,2025,29,51
2025-07-03,"Garinger High School","Mecklenburg",35.2401000008895,-80.785683,7,2025,40,51
2025-07-03,"Hattie Avenue","Forsyth",36.11094,-80.224501,7,2025,52,49
2025-07-03,"Leggett","Edgecombe",35.988278,-77.5843,7,2025,36,43
2025-07-03,"Linville Falls","Avery",35.972347,-81.933072,7,2025,31,45
2025-07-03,"Mendenhall School","Guilford",36.1090060008986,-79.802314,7,2025,38,44
2025-07-03,"Millbrook School","Wake",35.856111,-78.574167,7,2025,42.5,44
2025-07-03,"Pitt Agri. Center","Pitt",35.6412760008938,-77.360126,7,2025,39,35
2025-07-03,"West Johnston Co.","Johnston",35.59095,-78.4622,7,2025,33,40
2025-07-04,"Bryson City","Swain",35.434767,-83.442133,7,2025,58,37
2025-07-04,"Castle Hayne","New Hanover",34.364167,-77.838611,7,2025,44,39
2025-07-04,"Clemmons Middle","Forsyth",36.026612,-80.341962,7,2025,66,50
2025-07-04,"Durham Armory","Durham",36.0329550008979,-78.904037,7,2025,60.5,48
2025-07-04,"Frying Pan Mountain","Haywood",35.379167,-82.7925,7,2025,NA,43
2025-07-04,"Garinger High School","Mecklenburg",35.2401000008895,-80.785683,7,2025,68,47
2025-07-04,"Hattie Avenue","Forsyth",36.11094,-80.224501,7,2025,70,50
2025-07-04,"Leggett","Edgecombe",35.988278,-77.5843,7,2025,54,50
2025-07-04,"Linville Falls","Avery",35.972347,-81.933072,7,2025,NA,45
2025-07-04,"Mendenhall School","Guilford",36.1090060008986,-79.802314,7,2025,58,43
2025-07-04,"Millbrook School","Wake",35.856111,-78.574167,7,2025,64,47
2025-07-04,"Pitt Agri. Center","Pitt",35.6412760008938,-77.360126,7,2025,56,45
2025-07-04,"West Johnston Co.","Johnston",35.59095,-78.4622,7,2025,60,51
2025-07-05,"Bryson City","Swain",35.434767,-83.442133,7,2025,57,40
2025-07-05,"Castle Hayne","New Hanover",34.364167,-77.838611,7,2025,40,32
2025-07-05,"Clemmons Middle","Forsyth",36.026612,-80.341962,7,2025,70,47
2025-07-05,"Durham Armory","Durham",36.0329550008979,-78.904037,7,2025,61.5,47
2025-07-05,"Frying Pan Mountain","Haywood",35.379167,-82.7925,7,2025,NA,45
2025-07-05,"Garinger High School","Mecklenburg",35.2401000008895,-80.785683,7,2025,61,45
2025-07-05,"Hattie Avenue","Forsyth",36.11094,-80.224501,7,2025,66,48
2025-07-05,"Leggett","Edgecombe",35.988278,-77.5843,7,2025,53,44
2025-07-05,"Linville Falls","Avery",35.972347,-81.933072,7,2025,NA,41
2025-07-05,"Mendenhall School","Guilford",36.1090060008986,-79.802314,7,2025,61,42
2025-07-05,"Millbrook School","Wake",35.856111,-78.574167,7,2025,58,46
2025-07-05,"Pitt Agri. Center","Pitt",35.6412760008938,-77.360126,7,2025,47,38
2025-07-05,"West Johnston Co.","Johnston",35.59095,-78.4622,7,2025,58,45
2025-07-06,"Bryson City","Swain",35.434767,-83.442133,7,2025,54,35
2025-07-06,"Castle Hayne","New Hanover",34.364167,-77.838611,7,2025,28.5,30
2025-07-06,"Clemmons Middle","Forsyth",36.026612,-80.341962,7,2025,42.5,19
2025-07-06,"Durham Armory","Durham",36.0329550008979,-78.904037,7,2025,20.5,21
2025-07-06,"Frying Pan Mountain","Haywood",35.379167,-82.7925,7,2025,45,41
2025-07-06,"Garinger High School","Mecklenburg",35.2401000008895,-80.785683,7,2025,36,27
2025-07-06,"Hattie Avenue","Forsyth",36.11094,-80.224501,7,2025,46.5,19
2025-07-06,"Leggett","Edgecombe",35.988278,-77.5843,7,2025,31,26
2025-07-06,"Linville Falls","Avery",35.972347,-81.933072,7,2025,38,39
2025-07-06,"Mendenhall School","Guilford",36.1090060008986,-79.802314,7,2025,41,17
2025-07-06,"Millbrook School","Wake",35.856111,-78.574167,7,2025,24.5,22
2025-07-06,"Pitt Agri. Center","Pitt",35.6412760008938,-77.360126,7,2025,20,23
2025-07-06,"West Johnston Co.","Johnston",35.59095,-78.4622,7,2025,18,NA
2025-07-07,"Bryson City","Swain",35.434767,-83.442133,7,2025,53,35
2025-07-07,"Castle Hayne","New Hanover",34.364167,-77.838611,7,2025,30,32
2025-07-07,"Clemmons Middle","Forsyth",36.026612,-80.341962,7,2025,51,41
2025-07-07,"Durham Armory","Durham",36.0329550008979,-78.904037,7,2025,38,38
2025-07-07,"Frying Pan Mountain","Haywood",35.379167,-82.7925,7,2025,NA,36
2025-07-07,"Garinger High School","Mecklenburg",35.2401000008895,-80.785683,7,2025,48,54
2025-07-07,"Hattie Avenue","Forsyth",36.11094,-80.224501,7,2025,51,41
2025-07-07,"Leggett","Edgecombe",35.988278,-77.5843,7,2025,39,37
2025-07-07,"Linville Falls","Avery",35.972347,-81.933072,7,2025,NA,37
2025-07-07,"Mendenhall School","Guilford",36.1090060008986,-79.802314,7,2025,52,43
2025-07-07,"Millbrook School","Wake",35.856111,-78.574167,7,2025,48,33
2025-07-07,"Pitt Agri. Center","Pitt",35.6412760008938,-77.360126,7,2025,40,33
2025-07-07,"West Johnston Co.","Johnston",35.59095,-78.4622,7,2025,50,NA
2025-07-08,"Bryson City","Swain",35.434767,-83.442133,7,2025,52,31
2025-07-08,"Castle Hayne","New Hanover",34.364167,-77.838611,7,2025,30,31
2025-07-08,"Clemmons Middle","Forsyth",36.026612,-80.341962,7,2025,60,50
2025-07-08,"Durham Armory","Durham",36.0329550008979,-78.904037,7,2025,55.5,41
2025-07-08,"Frying Pan Mountain","Haywood",35.379167,-82.7925,7,2025,NA,36
2025-07-08,"Garinger High School","Mecklenburg",35.2401000008895,-80.785683,7,2025,58,80
2025-07-08,"Hattie Avenue","Forsyth",36.11094,-80.224501,7,2025,60,58
2025-07-08,"Leggett","Edgecombe",35.988278,-77.5843,7,2025,55,36
2025-07-08,"Linville Falls","Avery",35.972347,-81.933072,7,2025,NA,35
2025-07-08,"Mendenhall School","Guilford",36.1090060008986,-79.802314,7,2025,60,48
2025-07-08,"Millbrook School","Wake",35.856111,-78.574167,7,2025,57,41
2025-07-08,"Pitt Agri. Center","Pitt",35.6412760008938,-77.360126,7,2025,45,27
2025-07-08,"West Johnston Co.","Johnston",35.59095,-78.4622,7,2025,55,NA
2025-07-09,"Bryson City","Swain",35.434767,-83.442133,7,2025,44,30
2025-07-09,"Castle Hayne","New Hanover",34.364167,-77.838611,7,2025,27.5,20
2025-07-09,"Clemmons Middle","Forsyth",36.026612,-80.341962,7,2025,53,49
2025-07-09,"Durham Armory","Durham",36.0329550008979,-78.904037,7,2025,42,39
2025-07-09,"Frying Pan Mountain","Haywood",35.379167,-82.7925,7,2025,42,35
2025-07-09,"Garinger High School","Mecklenburg",35.2401000008895,-80.785683,7,2025,52,48
2025-07-09,"Hattie Avenue","Forsyth",36.11094,-80.224501,7,2025,54.5,50
2025-07-09,"Leggett","Edgecombe",35.988278,-77.5843,7,2025,38,31
2025-07-09,"Linville Falls","Avery",35.972347,-81.933072,7,2025,39,32
2025-07-09,"Mendenhall School","Guilford",36.1090060008986,-79.802314,7,2025,54,41
2025-07-09,"Millbrook School","Wake",35.856111,-78.574167,7,2025,45,34
2025-07-09,"Pitt Agri. Center","Pitt",35.6412760008938,-77.360126,7,2025,29,26
2025-07-09,"West Johnston Co.","Johnston",35.59095,-78.4622,7,2025,39,NA
2025-07-10,"Bryson City","Swain",35.434767,-83.442133,7,2025,27,27
2025-07-10,"Castle Hayne","New Hanover",34.364167,-77.838611,7,2025,32.5,35
2025-07-10,"Clemmons Middle","Forsyth",36.026612,-80.341962,7,2025,31,35
2025-07-10,"Durham Armory","Durham",36.0329550008979,-78.904037,7,2025,27,37
2025-07-10,"Frying Pan Mountain","Haywood",35.379167,-82.7925,7,2025,NA,33
2025-07-10,"Garinger High School","Mecklenburg",35.2401000008895,-80.785683,7,2025,40,54
2025-07-10,"Hattie Avenue","Forsyth",36.11094,-80.224501,7,2025,26,38
2025-07-10,"Leggett","Edgecombe",35.988278,-77.5843,7,2025,38,38
2025-07-10,"Linville Falls","Avery",35.972347,-81.933072,7,2025,NA,29
2025-07-10,"Mendenhall School","Guilford",36.1090060008986,-79.802314,7,2025,31,41
2025-07-10,"Millbrook School","Wake",35.856111,-78.574167,7,2025,33,39
2025-07-10,"Pitt Agri. Center","Pitt",35.6412760008938,-77.360126,7,2025,32,33
2025-07-10,"West Johnston Co.","Johnston",35.59095,-78.4622,7,2025,41,35
2025-07-11,"Bryson City","Swain",35.434767,-83.442133,7,2025,22,28
2025-07-11,"Castle Hayne","New Hanover",34.364167,-77.838611,7,2025,27,34
2025-07-11,"Clemmons Middle","Forsyth",36.026612,-80.341962,7,2025,43,40
2025-07-11,"Durham Armory","Durham",36.0329550008979,-78.904037,7,2025,28,37
2025-07-11,"Frying Pan Mountain","Haywood",35.379167,-82.7925,7,2025,NA,36
2025-07-11,"Garinger High School","Mecklenburg",35.2401000008895,-80.785683,7,2025,28,44
2025-07-11,"Hattie Avenue","Forsyth",36.11094,-80.224501,7,2025,41,48
2025-07-11,"Leggett","Edgecombe",35.988278,-77.5843,7,2025,48,42
2025-07-11,"Linville Falls","Avery",35.972347,-81.933072,7,2025,NA,25
2025-07-11,"Mendenhall School","Guilford",36.1090060008986,-79.802314,7,2025,44,44
2025-07-11,"Millbrook School","Wake",35.856111,-78.574167,7,2025,47,46
2025-07-11,"Pitt Agri. Center","Pitt",35.6412760008938,-77.360126,7,2025,36,33
2025-07-11,"West Johnston Co.","Johnston",35.59095,-78.4622,7,2025,41,35
2025-07-12,"Bryson City","Swain",35.434767,-83.442133,7,2025,29,28
2025-07-12,"Castle Hayne","New Hanover",34.364167,-77.838611,7,2025,38.5,34
2025-07-12,"Clemmons Middle","Forsyth",36.026612,-80.341962,7,2025,39.5,42
2025-07-12,"Durham Armory","Durham",36.0329550008979,-78.904037,7,2025,38.5,44
2025-07-12,"Frying Pan Mountain","Haywood",35.379167,-82.7925,7,2025,19,34
2025-07-12,"Garinger High School","Mecklenburg",35.2401000008895,-80.785683,7,2025,26.5,48
2025-07-12,"Hattie Avenue","Forsyth",36.11094,-80.224501,7,2025,46.5,47
2025-07-12,"Leggett","Edgecombe",35.988278,-77.5843,7,2025,54,39
2025-07-12,"Linville Falls","Avery",35.972347,-81.933072,7,2025,27,28
2025-07-12,"Mendenhall School","Guilford",36.1090060008986,-79.802314,7,2025,46,43
2025-07-12,"Millbrook School","Wake",35.856111,-78.574167,7,2025,53.5,41
2025-07-12,"Pitt Agri. Center","Pitt",35.6412760008938,-77.360126,7,2025,52,35
2025-07-12,"West Johnston Co.","Johnston",35.59095,-78.4622,7,2025,55,36
2025-07-13,"Bryson City","Swain",35.434767,-83.442133,7,2025,33,22
2025-07-13,"Castle Hayne","New Hanover",34.364167,-77.838611,7,2025,36,31
2025-07-13,"Clemmons Middle","Forsyth",36.026612,-80.341962,7,2025,42,33
2025-07-13,"Durham Armory","Durham",36.0329550008979,-78.904037,7,2025,34.5,35
2025-07-13,"Frying Pan Mountain","Haywood",35.379167,-82.7925,7,2025,NA,29
2025-07-13,"Garinger High School","Mecklenburg",35.2401000008895,-80.785683,7,2025,39,36
2025-07-13,"Hattie Avenue","Forsyth",36.11094,-80.224501,7,2025,44,33
2025-07-13,"Leggett","Edgecombe",35.988278,-77.5843,7,2025,49,36
2025-07-13,"Linville Falls","Avery",35.972347,-81.933072,7,2025,NA,24
2025-07-13,"Mendenhall School","Guilford",36.1090060008986,-79.802314,7,2025,38,31
2025-07-13,"Millbrook School","Wake",35.856111,-78.574167,7,2025,51,31
2025-07-13,"Pitt Agri. Center","Pitt",35.6412760008938,-77.360126,7,2025,43,30
2025-07-13,"West Johnston Co.","Johnston",35.59095,-78.4622,7,2025,42,32
2025-07-14,"Bryson City","Swain",35.434767,-83.442133,7,2025,21,23
2025-07-14,"Castle Hayne","New Hanover",34.364167,-77.838611,7,2025,20.5,28
2025-07-14,"Clemmons Middle","Forsyth",36.026612,-80.341962,7,2025,39,36
2025-07-14,"Durham Armory","Durham",36.0329550008979,-78.904037,7,2025,32,36
2025-07-14,"Frying Pan Mountain","Haywood",35.379167,-82.7925,7,2025,NA,29
2025-07-14,"Garinger High School","Mecklenburg",35.2401000008895,-80.785683,7,2025,37,71
2025-07-14,"Hattie Avenue","Forsyth",36.11094,-80.224501,7,2025,41,45
2025-07-14,"Leggett","Edgecombe",35.988278,-77.5843,7,2025,41,34
2025-07-14,"Linville Falls","Avery",35.972347,-81.933072,7,2025,NA,28
2025-07-14,"Mendenhall School","Guilford",36.1090060008986,-79.802314,7,2025,37,39
2025-07-14,"Millbrook School","Wake",35.856111,-78.574167,7,2025,49,40
2025-07-14,"Pitt Agri. Center","Pitt",35.6412760008938,-77.360126,7,2025,30,29
2025-07-14,"West Johnston Co.","Johnston",35.59095,-78.4622,7,2025,38,36
2025-07-15,"Bryson City","Swain",35.434767,-83.442133,7,2025,28,26
2025-07-15,"Castle Hayne","New Hanover",34.364167,-77.838611,7,2025,23,31
2025-07-15,"Clemmons Middle","Forsyth",36.026612,-80.341962,7,2025,39,42
2025-07-15,"Durham Armory","Durham",36.0329550008979,-78.904037,7,2025,20.5,30
2025-07-15,"Frying Pan Mountain","Haywood",35.379167,-82.7925,7,2025,22,24
2025-07-15,"Garinger High School","Mecklenburg",35.2401000008895,-80.785683,7,2025,35.5,37
2025-07-15,"Hattie Avenue","Forsyth",36.11094,-80.224501,7,2025,39,43
2025-07-15,"Leggett","Edgecombe",35.988278,-77.5843,7,2025,31,32
2025-07-15,"Linville Falls","Avery",35.972347,-81.933072,7,2025,28,25
2025-07-15,"Mendenhall School","Guilford",36.1090060008986,-79.802314,7,2025,33,34
2025-07-15,"Millbrook School","Wake",35.856111,-78.574167,7,2025,34,31
2025-07-15,"Pitt Agri. Center","Pitt",35.6412760008938,-77.360126,7,2025,24,31
2025-07-15,"West Johnston Co.","Johnston",35.59095,-78.4622,7,2025,26,31
2025-07-16,"Bryson City","Swain",35.434767,-83.442133,7,2025,25,31
2025-07-16,"Castle Hayne","New Hanover",34.364167,-77.838611,7,2025,33.5,13
2025-07-16,"Clemmons Middle","Forsyth",36.026612,-80.341962,7,2025,31,39
2025-07-16,"Durham Armory","Durham",36.0329550008979,-78.904037,7,2025,29,33
2025-07-16,"Frying Pan Mountain","Haywood",35.379167,-82.7925,7,2025,NA,32
2025-07-16,"Garinger High School","Mecklenburg",35.2401000008895,-80.785683,7,2025,24,36
2025-07-16,"Hattie Avenue","Forsyth",36.11094,-80.224501,7,2025,32,40
2025-07-16,"Leggett","Edgecombe",35.988278,-77.5843,7,2025,46,32
2025-07-16,"Linville Falls","Avery",35.972347,-81.933072,7,2025,NA,34
2025-07-16,"Mendenhall School","Guilford",36.1090060008986,-79.802314,7,2025,37,40
2025-07-16,"Millbrook School","Wake",35.856111,-78.574167,7,2025,38,33
2025-07-16,"Pitt Agri. Center","Pitt",35.6412760008938,-77.360126,7,2025,37,24
2025-07-16,"West Johnston Co.","Johnston",35.59095,-78.4622,7,2025,28,NA
2025-07-17,"Bryson City","Swain",35.434767,-83.442133,7,2025,32,29
2025-07-17,"Castle Hayne","New Hanover",34.364167,-77.838611,7,2025,24.5,19
2025-07-17,"Clemmons Middle","Forsyth",36.026612,-80.341962,7,2025,39,35
2025-07-17,"Durham Armory","Durham",36.0329550008979,-78.904037,7,2025,37.5,31
2025-07-17,"Frying Pan Mountain","Haywood",35.379167,-82.7925,7,2025,NA,35
2025-07-17,"Garinger High School","Mecklenburg",35.2401000008895,-80.785683,7,2025,36,33
2025-07-17,"Hattie Avenue","Forsyth",36.11094,-80.224501,7,2025,38,36
2025-07-17,"Leggett","Edgecombe",35.988278,-77.5843,7,2025,44,31
2025-07-17,"Linville Falls","Avery",35.972347,-81.933072,7,2025,NA,31
2025-07-17,"Mendenhall School","Guilford",36.1090060008986,-79.802314,7,2025,39,35
2025-07-17,"Millbrook School","Wake",35.856111,-78.574167,7,2025,43,30
2025-07-17,"Pitt Agri. Center","Pitt",35.6412760008938,-77.360126,7,2025,36,30
2025-07-17,"West Johnston Co.","Johnston",35.59095,-78.4622,7,2025,47,27
2025-07-18,"Bryson City","Swain",35.434767,-83.442133,7,2025,27,26
2025-07-18,"Castle Hayne","New Hanover",34.364167,-77.838611,7,2025,26.5,24
2025-07-18,"Clemmons Middle","Forsyth",36.026612,-80.341962,7,2025,37,34
2025-07-18,"Durham Armory","Durham",36.0329550008979,-78.904037,7,2025,30.5,40
2025-07-18,"Frying Pan Mountain","Haywood",35.379167,-82.7925,7,2025,19,32
2025-07-18,"Garinger High School","Mecklenburg",35.2401000008895,-80.785683,7,2025,41,33
2025-07-18,"Hattie Avenue","Forsyth",36.11094,-80.224501,7,2025,33.5,38
2025-07-18,"Leggett","Edgecombe",35.988278,-77.5843,7,2025,47,44
2025-07-18,"Linville Falls","Avery",35.972347,-81.933072,7,2025,20,28
2025-07-18,"Mendenhall School","Guilford",36.1090060008986,-79.802314,7,2025,39,40
2025-07-18,"Millbrook School","Wake",35.856111,-78.574167,7,2025,42.5,37
2025-07-18,"Pitt Agri. Center","Pitt",35.6412760008938,-77.360126,7,2025,36,34
2025-07-18,"West Johnston Co.","Johnston",35.59095,-78.4622,7,2025,39,35
2025-07-19,"Bryson City","Swain",35.434767,-83.442133,7,2025,20,27
2025-07-19,"Castle Hayne","New Hanover",34.364167,-77.838611,7,2025,30.5,28
2025-07-19,"Clemmons Middle","Forsyth",36.026612,-80.341962,7,2025,23,31
2025-07-19,"Durham Armory","Durham",36.0329550008979,-78.904037,7,2025,25,33
2025-07-19,"Frying Pan Mountain","Haywood",35.379167,-82.7925,7,2025,NA,28
2025-07-19,"Garinger High School","Mecklenburg",35.2401000008895,-80.785683,7,2025,26,42
2025-07-19,"Hattie Avenue","Forsyth",36.11094,-80.224501,7,2025,23,32
2025-07-19,"Leggett","Edgecombe",35.988278,-77.5843,7,2025,42,37
2025-07-19,"Linville Falls","Avery",35.972347,-81.933072,7,2025,NA,29
2025-07-19,"Mendenhall School","Guilford",36.1090060008986,-79.802314,7,2025,28,36
2025-07-19,"Millbrook School","Wake",35.856111,-78.574167,7,2025,42,31
2025-07-19,"Pitt Agri. Center","Pitt",35.6412760008938,-77.360126,7,2025,47,31
2025-07-19,"West Johnston Co.","Johnston",35.59095,-78.4622,7,2025,43,34
2025-07-20,"Bryson City","Swain",35.434767,-83.442133,7,2025,34,28
2025-07-20,"Castle Hayne","New Hanover",34.364167,-77.838611,7,2025,38,31
2025-07-20,"Clemmons Middle","Forsyth",36.026612,-80.341962,7,2025,37,31
2025-07-20,"Durham Armory","Durham",36.0329550008979,-78.904037,7,2025,30.5,31
2025-07-20,"Frying Pan Mountain","Haywood",35.379167,-82.7925,7,2025,NA,29
2025-07-20,"Garinger High School","Mecklenburg",35.2401000008895,-80.785683,7,2025,36,36
2025-07-20,"Hattie Avenue","Forsyth",36.11094,-80.224501,7,2025,36,30
2025-07-20,"Leggett","Edgecombe",35.988278,-77.5843,7,2025,40,35
2025-07-20,"Linville Falls","Avery",35.972347,-81.933072,7,2025,NA,31
2025-07-20,"Mendenhall School","Guilford",36.1090060008986,-79.802314,7,2025,33,31
2025-07-20,"Millbrook School","Wake",35.856111,-78.574167,7,2025,39,34
2025-07-20,"Pitt Agri. Center","Pitt",35.6412760008938,-77.360126,7,2025,37,31
2025-07-20,"West Johnston Co.","Johnston",35.59095,-78.4622,7,2025,43,33
2025-07-21,"Bryson City","Swain",35.434767,-83.442133,7,2025,41,27
2025-07-21,"Castle Hayne","New Hanover",34.364167,-77.838611,7,2025,47.5,31
2025-07-21,"Clemmons Middle","Forsyth",36.026612,-80.341962,7,2025,41,31
2025-07-21,"Durham Armory","Durham",36.0329550008979,-78.904037,7,2025,32,34
2025-07-21,"Frying Pan Mountain","Haywood",35.379167,-82.7925,7,2025,39,31
2025-07-21,"Garinger High School","Mecklenburg",35.2401000008895,-80.785683,7,2025,51.5,40
2025-07-21,"Hattie Avenue","Forsyth",36.11094,-80.224501,7,2025,45.5,32
2025-07-21,"Leggett","Edgecombe",35.988278,-77.5843,7,2025,53,38
2025-07-21,"Linville Falls","Avery",35.972347,-81.933072,7,2025,47,30
2025-07-21,"Mendenhall School","Guilford",36.1090060008986,-79.802314,7,2025,36,32
2025-07-21,"Millbrook School","Wake",35.856111,-78.574167,7,2025,45.5,36
2025-07-21,"Pitt Agri. Center","Pitt",35.6412760008938,-77.360126,7,2025,48,35
2025-07-21,"West Johnston Co.","Johnston",35.59095,-78.4622,7,2025,49,44
2025-07-22,"Bryson City","Swain",35.434767,-83.442133,7,2025,37,23
2025-07-22,"Castle Hayne","New Hanover",34.364167,-77.838611,7,2025,46,29
2025-07-22,"Clemmons Middle","Forsyth",36.026612,-80.341962,7,2025,49,44
2025-07-22,"Durham Armory","Durham",36.0329550008979,-78.904037,7,2025,45,44
2025-07-22,"Frying Pan Mountain","Haywood",35.379167,-82.7925,7,2025,NA,30
2025-07-22,"Garinger High School","Mecklenburg",35.2401000008895,-80.785683,7,2025,39,32
2025-07-22,"Hattie Avenue","Forsyth",36.11094,-80.224501,7,2025,52,44
2025-07-22,"Leggett","Edgecombe",35.988278,-77.5843,7,2025,42,44
2025-07-22,"Linville Falls","Avery",35.972347,-81.933072,7,2025,NA,31
2025-07-22,"Mendenhall School","Guilford",36.1090060008986,-79.802314,7,2025,45,36
2025-07-22,"Millbrook School","Wake",35.856111,-78.574167,7,2025,52,44
2025-07-22,"Pitt Agri. Center","Pitt",35.6412760008938,-77.360126,7,2025,33,41
2025-07-22,"West Johnston Co.","Johnston",35.59095,-78.4622,7,2025,44,44
2025-07-23,"Bryson City","Swain",35.434767,-83.442133,7,2025,41,31
2025-07-23,"Castle Hayne","New Hanover",34.364167,-77.838611,7,2025,35,31
2025-07-23,"Clemmons Middle","Forsyth",36.026612,-80.341962,7,2025,59,67
2025-07-23,"Durham Armory","Durham",36.0329550008979,-78.904037,7,2025,55,41
2025-07-23,"Frying Pan Mountain","Haywood",35.379167,-82.7925,7,2025,NA,39
2025-07-23,"Garinger High School","Mecklenburg",35.2401000008895,-80.785683,7,2025,52,49
2025-07-23,"Hattie Avenue","Forsyth",36.11094,-80.224501,7,2025,59,51
2025-07-23,"Leggett","Edgecombe",35.988278,-77.5843,7,2025,44,NA
2025-07-23,"Linville Falls","Avery",35.972347,-81.933072,7,2025,NA,39
2025-07-23,"Mendenhall School","Guilford",36.1090060008986,-79.802314,7,2025,53,42
2025-07-23,"Millbrook School","Wake",35.856111,-78.574167,7,2025,55,41
2025-07-23,"Pitt Agri. Center","Pitt",35.6412760008938,-77.360126,7,2025,55,35
2025-07-23,"West Johnston Co.","Johnston",35.59095,-78.4622,7,2025,48,39
2025-07-24,"Bryson City","Swain",35.434767,-83.442133,7,2025,53,37
2025-07-24,"Castle Hayne","New Hanover",34.364167,-77.838611,7,2025,22.5,25
2025-07-24,"Clemmons Middle","Forsyth",36.026612,-80.341962,7,2025,55.5,42
2025-07-24,"Durham Armory","Durham",36.0329550008979,-78.904037,7,2025,36,39
2025-07-24,"Frying Pan Mountain","Haywood",35.379167,-82.7925,7,2025,39,32
2025-07-24,"Garinger High School","Mecklenburg",35.2401000008895,-80.785683,7,2025,51.5,44
2025-07-24,"Hattie Avenue","Forsyth",36.11094,-80.224501,7,2025,55.5,50
2025-07-24,"Leggett","Edgecombe",35.988278,-77.5843,7,2025,40,NA
2025-07-24,"Linville Falls","Avery",35.972347,-81.933072,7,2025,44,41
2025-07-24,"Mendenhall School","Guilford",36.1090060008986,-79.802314,7,2025,51,42
2025-07-24,"Millbrook School","Wake",35.856111,-78.574167,7,2025,50,38
2025-07-24,"Pitt Agri. Center","Pitt",35.6412760008938,-77.360126,7,2025,36,31
2025-07-24,"West Johnston Co.","Johnston",35.59095,-78.4622,7,2025,56,39
2025-07-25,"Bryson City","Swain",35.434767,-83.442133,7,2025,34,30
2025-07-25,"Castle Hayne","New Hanover",34.364167,-77.838611,7,2025,36,30
2025-07-25,"Clemmons Middle","Forsyth",36.026612,-80.341962,7,2025,53,44
2025-07-25,"Durham Armory","Durham",36.0329550008979,-78.904037,7,2025,46.5,45
2025-07-25,"Frying Pan Mountain","Haywood",35.379167,-82.7925,7,2025,NA,31
2025-07-25,"Garinger High School","Mecklenburg",35.2401000008895,-80.785683,7,2025,28,45
2025-07-25,"Hattie Avenue","Forsyth",36.11094,-80.224501,7,2025,56,43
2025-07-25,"Leggett","Edgecombe",35.988278,-77.5843,7,2025,52,44
2025-07-25,"Linville Falls","Avery",35.972347,-81.933072,7,2025,NA,31
2025-07-25,"Mendenhall School","Guilford",36.1090060008986,-79.802314,7,2025,53,49
2025-07-25,"Millbrook School","Wake",35.856111,-78.574167,7,2025,52,42
2025-07-25,"Pitt Agri. Center","Pitt",35.6412760008938,-77.360126,7,2025,50,40
2025-07-25,"West Johnston Co.","Johnston",35.59095,-78.4622,7,2025,59,39
2025-07-26,"Bryson City","Swain",35.434767,-83.442133,7,2025,24,30
2025-07-26,"Castle Hayne","New Hanover",34.364167,-77.838611,7,2025,52,31
2025-07-26,"Clemmons Middle","Forsyth",36.026612,-80.341962,7,2025,54,51
2025-07-26,"Durham Armory","Durham",36.0329550008979,-78.904037,7,2025,43,38
2025-07-26,"Frying Pan Mountain","Haywood",35.379167,-82.7925,7,2025,NA,30
2025-07-26,"Garinger High School","Mecklenburg",35.2401000008895,-80.785683,7,2025,39,64
2025-07-26,"Hattie Avenue","Forsyth",36.11094,-80.224501,7,2025,55,44
2025-07-26,"Leggett","Edgecombe",35.988278,-77.5843,7,2025,58,38
2025-07-26,"Linville Falls","Avery",35.972347,-81.933072,7,2025,NA,31
2025-07-26,"Mendenhall School","Guilford",36.1090060008986,-79.802314,7,2025,53,34
2025-07-26,"Millbrook School","Wake",35.856111,-78.574167,7,2025,58,38
2025-07-26,"Pitt Agri. Center","Pitt",35.6412760008938,-77.360126,7,2025,59,48
2025-07-26,"West Johnston Co.","Johnston",35.59095,-78.4622,7,2025,57,46
2025-07-27,"Bryson City","Swain",35.434767,-83.442133,7,2025,25,24
2025-07-27,"Castle Hayne","New Hanover",34.364167,-77.838611,7,2025,51,31
2025-07-27,"Clemmons Middle","Forsyth",36.026612,-80.341962,7,2025,32,31
2025-07-27,"Durham Armory","Durham",36.0329550008979,-78.904037,7,2025,33.5,33
2025-07-27,"Frying Pan Mountain","Haywood",35.379167,-82.7925,7,2025,15,27
2025-07-27,"Garinger High School","Mecklenburg",35.2401000008895,-80.785683,7,2025,46,44
2025-07-27,"Hattie Avenue","Forsyth",36.11094,-80.224501,7,2025,34,31
2025-07-27,"Leggett","Edgecombe",35.988278,-77.5843,7,2025,54,32
2025-07-27,"Linville Falls","Avery",35.972347,-81.933072,7,2025,22,25
2025-07-27,"Mendenhall School","Guilford",36.1090060008986,-79.802314,7,2025,36,31
2025-07-27,"Millbrook School","Wake",35.856111,-78.574167,7,2025,54.5,35
2025-07-27,"Pitt Agri. Center","Pitt",35.6412760008938,-77.360126,7,2025,54,32
2025-07-27,"West Johnston Co.","Johnston",35.59095,-78.4622,7,2025,53,44
2025-07-28,"Bryson City","Swain",35.434767,-83.442133,7,2025,16,28
2025-07-28,"Castle Hayne","New Hanover",34.364167,-77.838611,7,2025,38,34
2025-07-28,"Clemmons Middle","Forsyth",36.026612,-80.341962,7,2025,28,41
2025-07-28,"Durham Armory","Durham",36.0329550008979,-78.904037,7,2025,22,36
2025-07-28,"Frying Pan Mountain","Haywood",35.379167,-82.7925,7,2025,NA,32
2025-07-28,"Garinger High School","Mecklenburg",35.2401000008895,-80.785683,7,2025,26,44
2025-07-28,"Hattie Avenue","Forsyth",36.11094,-80.224501,7,2025,28,43
2025-07-28,"Leggett","Edgecombe",35.988278,-77.5843,7,2025,47,35
2025-07-28,"Linville Falls","Avery",35.972347,-81.933072,7,2025,NA,29
2025-07-28,"Mendenhall School","Guilford",36.1090060008986,-79.802314,7,2025,27,34
2025-07-28,"Millbrook School","Wake",35.856111,-78.574167,7,2025,42,36
2025-07-28,"Pitt Agri. Center","Pitt",35.6412760008938,-77.360126,7,2025,31,33
2025-07-28,"West Johnston Co.","Johnston",35.59095,-78.4622,7,2025,34,43
2025-07-29,"Bryson City","Swain",35.434767,-83.442133,7,2025,20,29
2025-07-29,"Castle Hayne","New Hanover",34.364167,-77.838611,7,2025,25,29
2025-07-29,"Clemmons Middle","Forsyth",36.026612,-80.341962,7,2025,34,45
2025-07-29,"Durham Armory","Durham",36.0329550008979,-78.904037,7,2025,36,NA
2025-07-29,"Frying Pan Mountain","Haywood",35.379167,-82.7925,7,2025,NA,31
2025-07-29,"Garinger High School","Mecklenburg",35.2401000008895,-80.785683,7,2025,23,42
2025-07-29,"Hattie Avenue","Forsyth",36.11094,-80.224501,7,2025,33,47
2025-07-29,"Leggett","Edgecombe",35.988278,-77.5843,7,2025,52,38
2025-07-29,"Linville Falls","Avery",35.972347,-81.933072,7,2025,NA,24
2025-07-29,"Mendenhall School","Guilford",36.1090060008986,-79.802314,7,2025,41,36
2025-07-29,"Millbrook School","Wake",35.856111,-78.574167,7,2025,43,42
2025-07-29,"Pitt Agri. Center","Pitt",35.6412760008938,-77.360126,7,2025,39,34
2025-07-29,"West Johnston Co.","Johnston",35.59095,-78.4622,7,2025,39,42
2025-07-30,"Bryson City","Swain",35.434767,-83.442133,7,2025,18,30
2025-07-30,"Castle Hayne","New Hanover",34.364167,-77.838611,7,2025,29.5,23
2025-07-30,"Clemmons Middle","Forsyth",36.026612,-80.341962,7,2025,48,49
2025-07-30,"Durham Armory","Durham",36.0329550008979,-78.904037,7,2025,26.5,54
2025-07-30,"Frying Pan Mountain","Haywood",35.379167,-82.7925,7,2025,22,34
2025-07-30,"Garinger High School","Mecklenburg",35.2401000008895,-80.785683,7,2025,41.5,46
2025-07-30,"Hattie Avenue","Forsyth",36.11094,-80.224501,7,2025,45.5,54
2025-07-30,"Leggett","Edgecombe",35.988278,-77.5843,7,2025,46,40
2025-07-30,"Linville Falls","Avery",35.972347,-81.933072,7,2025,30,32
2025-07-30,"Mendenhall School","Guilford",36.1090060008986,-79.802314,7,2025,44,41
2025-07-30,"Millbrook School","Wake",35.856111,-78.574167,7,2025,38.5,44
2025-07-30,"Pitt Agri. Center","Pitt",35.6412760008938,-77.360126,7,2025,38,36
2025-07-30,"West Johnston Co.","Johnston",35.59095,-78.4622,7,2025,38,38
2025-07-31,"Castle Hayne","New Hanover",34.364167,-77.838611,7,2025,35,30
2025-07-31,"Clemmons Middle","Forsyth",36.026612,-80.341962,7,2025,27,44
2025-07-31,"Durham Armory","Durham",36.0329550008979,-78.904037,7,2025,27,36
2025-07-31,"Frying Pan Mountain","Haywood",35.379167,-82.7925,7,2025,NA,33
2025-07-31,"Garinger High School","Mecklenburg",35.2401000008895,-80.785683,7,2025,26,45
2025-07-31,"Hattie Avenue","Forsyth",36.11094,-80.224501,7,2025,29,46
2025-07-31,"Leggett","Edgecombe",35.988278,-77.5843,7,2025,51,38
2025-07-31,"Linville Falls","Avery",35.972347,-81.933072,7,2025,NA,25
2025-07-31,"Mendenhall School","Guilford",36.1090060008986,-79.802314,7,2025,39,47
2025-07-31,"Millbrook School","Wake",35.856111,-78.574167,7,2025,52,41
2025-07-31,"Pitt Agri. Center","Pitt",35.6412760008938,-77.360126,7,2025,40,37
2025-07-31,"West Johnston Co.","Johnston",35.59095,-78.4622,7,2025,44,41
2025-08-01,"Bryson City","Swain",35.434767,-83.442133,8,2025,NA,32
2025-08-01,"Castle Hayne","New Hanover",34.364167,-77.838611,8,2025,27.5,33
2025-08-01,"Clemmons Middle","Forsyth",36.026612,-80.341962,8,2025,28,39
2025-08-01,"Durham Armory","Durham",36.0329550008979,-78.904037,8,2025,25,31
2025-08-01,"Frying Pan Mountain","Haywood",35.379167,-82.7925,8,2025,NA,37
2025-08-01,"Garinger High School","Mecklenburg",35.2401000008895,-80.785683,8,2025,31,37
2025-08-01,"Hattie Avenue","Forsyth",36.11094,-80.224501,8,2025,29,36
2025-08-01,"Leggett","Edgecombe",35.988278,-77.5843,8,2025,39,25
2025-08-01,"Linville Falls","Avery",35.972347,-81.933072,8,2025,NA,33
2025-08-01,"Mendenhall School","Guilford",36.1090060008986,-79.802314,8,2025,28,31
2025-08-01,"Millbrook School","Wake",35.856111,-78.574167,8,2025,42,31
2025-08-01,"Pitt Agri. Center","Pitt",35.6412760008938,-77.360126,8,2025,44,27
2025-08-01,"West Johnston Co.","Johnston",35.59095,-78.4622,8,2025,44,31
2025-08-02,"Bryson City","Swain",35.434767,-83.442133,8,2025,16,21
2025-08-02,"Castle Hayne","New Hanover",34.364167,-77.838611,8,2025,30.5,26
2025-08-02,"Clemmons Middle","Forsyth",36.026612,-80.341962,8,2025,28,34
2025-08-02,"Durham Armory","Durham",36.0329550008979,-78.904037,8,2025,19,31
2025-08-02,"Frying Pan Mountain","Haywood",35.379167,-82.7925,8,2025,1,26
2025-08-02,"Garinger High School","Mecklenburg",35.2401000008895,-80.785683,8,2025,18,24
2025-08-02,"Hattie Avenue","Forsyth",36.11094,-80.224501,8,2025,27,35
2025-08-02,"Leggett","Edgecombe",35.988278,-77.5843,8,2025,28,30
2025-08-02,"Linville Falls","Avery",35.972347,-81.933072,8,2025,2,31
2025-08-02,"Mendenhall School","Guilford",36.1090060008986,-79.802314,8,2025,28,27
2025-08-02,"Millbrook School","Wake",35.856111,-78.574167,8,2025,29,29
2025-08-02,"Pitt Agri. Center","Pitt",35.6412760008938,-77.360126,8,2025,19,29
2025-08-02,"West Johnston Co.","Johnston",35.59095,-78.4622,8,2025,18,30
2025-08-03,"Bryson City","Swain",35.434767,-83.442133,8,2025,22,25
2025-08-03,"Castle Hayne","New Hanover",34.364167,-77.838611,8,2025,41,29
2025-08-03,"Clemmons Middle","Forsyth",36.026612,-80.341962,8,2025,46,33
2025-08-03,"Durham Armory","Durham",36.0329550008979,-78.904037,8,2025,32,41
2025-08-03,"Frying Pan Mountain","Haywood",35.379167,-82.7925,8,2025,NA,34
2025-08-03,"Garinger High School","Mecklenburg",35.2401000008895,-80.785683,8,2025,38,33
2025-08-03,"Hattie Avenue","Forsyth",36.11094,-80.224501,8,2025,48,32
2025-08-03,"Leggett","Edgecombe",35.988278,-77.5843,8,2025,33,37
2025-08-03,"Linville Falls","Avery",35.972347,-81.933072,8,2025,NA,33
2025-08-03,"Mendenhall School","Guilford",36.1090060008986,-79.802314,8,2025,38,33
2025-08-03,"Millbrook School","Wake",35.856111,-78.574167,8,2025,34,38
2025-08-03,"Pitt Agri. Center","Pitt",35.6412760008938,-77.360126,8,2025,29,35
2025-08-03,"West Johnston Co.","Johnston",35.59095,-78.4622,8,2025,34,37
2025-08-04,"Bryson City","Swain",35.434767,-83.442133,8,2025,25,23
2025-08-04,"Castle Hayne","New Hanover",34.364167,-77.838611,8,2025,35.5,29
2025-08-04,"Clemmons Middle","Forsyth",36.026612,-80.341962,8,2025,48,44
2025-08-04,"Durham Armory","Durham",36.0329550008979,-78.904037,8,2025,34.5,44
2025-08-04,"Frying Pan Mountain","Haywood",35.379167,-82.7925,8,2025,NA,35
2025-08-04,"Garinger High School","Mecklenburg",35.2401000008895,-80.785683,8,2025,45,36
2025-08-04,"Hattie Avenue","Forsyth",36.11094,-80.224501,8,2025,47,42
2025-08-04,"Leggett","Edgecombe",35.988278,-77.5843,8,2025,31,41
2025-08-04,"Linville Falls","Avery",35.972347,-81.933072,8,2025,NA,35
2025-08-04,"Mendenhall School","Guilford",36.1090060008986,-79.802314,8,2025,46,37
2025-08-04,"Millbrook School","Wake",35.856111,-78.574167,8,2025,38,41
2025-08-04,"Pitt Agri. Center","Pitt",35.6412760008938,-77.360126,8,2025,22,37
2025-08-04,"West Johnston Co.","Johnston",35.59095,-78.4622,8,2025,39,42
2025-08-05,"Bryson City","Swain",35.434767,-83.442133,8,2025,13,24
2025-08-05,"Castle Hayne","New Hanover",34.364167,-77.838611,8,2025,27,27
2025-08-05,"Clemmons Middle","Forsyth",36.026612,-80.341962,8,2025,40,34
2025-08-05,"Durham Armory","Durham",36.0329550008979,-78.904037,8,2025,24.5,36
2025-08-05,"Frying Pan Mountain","Haywood",35.379167,-82.7925,8,2025,2,29
2025-08-05,"Garinger High School","Mecklenburg",35.2401000008895,-80.785683,8,2025,26,33
2025-08-05,"Hattie Avenue","Forsyth",36.11094,-80.224501,8,2025,41,36
2025-08-05,"Leggett","Edgecombe",35.988278,-77.5843,8,2025,32,28
2025-08-05,"Linville Falls","Avery",35.972347,-81.933072,8,2025,16,33
2025-08-05,"Mendenhall School","Guilford",36.1090060008986,-79.802314,8,2025,32,31
2025-08-05,"Millbrook School","Wake",35.856111,-78.574167,8,2025,38,29
2025-08-05,"Pitt Agri. Center","Pitt",35.6412760008938,-77.360126,8,2025,26,30
2025-08-05,"West Johnston Co.","Johnston",35.59095,-78.4622,8,2025,36,30
2025-08-06,"Bryson City","Swain",35.434767,-83.442133,8,2025,21,26
2025-08-06,"Castle Hayne","New Hanover",34.364167,-77.838611,8,2025,14,25
2025-08-06,"Clemmons Middle","Forsyth",36.026612,-80.341962,8,2025,36,28
2025-08-06,"Durham Armory","Durham",36.0329550008979,-78.904037,8,2025,10,30
2025-08-06,"Frying Pan Mountain","Haywood",35.379167,-82.7925,8,2025,NA,26
2025-08-06,"Garinger High School","Mecklenburg",35.2401000008895,-80.785683,8,2025,21,24
2025-08-06,"Hattie Avenue","Forsyth",36.11094,-80.224501,8,2025,37,30
2025-08-06,"Leggett","Edgecombe",35.988278,-77.5843,8,2025,35,26
2025-08-06,"Linville Falls","Avery",35.972347,-81.933072,8,2025,NA,26
2025-08-06,"Mendenhall School","Guilford",36.1090060008986,-79.802314,8,2025,20,26
2025-08-06,"Millbrook School","Wake",35.856111,-78.574167,8,2025,28,31
2025-08-06,"Pitt Agri. Center","Pitt",35.6412760008938,-77.360126,8,2025,33,26
2025-08-06,"West Johnston Co.","Johnston",35.59095,-78.4622,8,2025,26,29
2025-08-07,"Bryson City","Swain",35.434767,-83.442133,8,2025,24,26
2025-08-07,"Castle Hayne","New Hanover",34.364167,-77.838611,8,2025,49,26
2025-08-07,"Clemmons Middle","Forsyth",36.026612,-80.341962,8,2025,64,27
2025-08-07,"Durham Armory","Durham",36.0329550008979,-78.904037,8,2025,61,31
2025-08-07,"Frying Pan Mountain","Haywood",35.379167,-82.7925,8,2025,NA,29
2025-08-07,"Garinger High School","Mecklenburg",35.2401000008895,-80.785683,8,2025,44,29
2025-08-07,"Hattie Avenue","Forsyth",36.11094,-80.224501,8,2025,66,26
2025-08-07,"Leggett","Edgecombe",35.988278,-77.5843,8,2025,68,31
2025-08-07,"Linville Falls","Avery",35.972347,-81.933072,8,2025,NA,31
2025-08-07,"Mendenhall School","Guilford",36.1090060008986,-79.802314,8,2025,60,21
2025-08-07,"Millbrook School","Wake",35.856111,-78.574167,8,2025,67,28
2025-08-07,"Pitt Agri. Center","Pitt",35.6412760008938,-77.360126,8,2025,68,31
2025-08-07,"West Johnston Co.","Johnston",35.59095,-78.4622,8,2025,62,27
2025-08-08,"Bryson City","Swain",35.434767,-83.442133,8,2025,36,30
2025-08-08,"Castle Hayne","New Hanover",34.364167,-77.838611,8,2025,62.5,23
2025-08-08,"Clemmons Middle","Forsyth",36.026612,-80.341962,8,2025,85,39
2025-08-08,"Durham Armory","Durham",36.0329550008979,-78.904037,8,2025,69.5,37
2025-08-08,"Frying Pan Mountain","Haywood",35.379167,-82.7925,8,2025,19,30
2025-08-08,"Garinger High School","Mecklenburg",35.2401000008895,-80.785683,8,2025,74.5,34
2025-08-08,"Hattie Avenue","Forsyth",36.11094,-80.224501,8,2025,81.5,39
2025-08-08,"Leggett","Edgecombe",35.988278,-77.5843,8,2025,63,28
2025-08-08,"Linville Falls","Avery",35.972347,-81.933072,8,2025,65,34
2025-08-08,"Mendenhall School","Guilford",36.1090060008986,-79.802314,8,2025,72,33
2025-08-08,"Millbrook School","Wake",35.856111,-78.574167,8,2025,70,30
2025-08-08,"Pitt Agri. Center","Pitt",35.6412760008938,-77.360126,8,2025,61,28
2025-08-08,"West Johnston Co.","Johnston",35.59095,-78.4622,8,2025,68,27
2025-08-09,"Bryson City","Swain",35.434767,-83.442133,8,2025,58,28
2025-08-09,"Castle Hayne","New Hanover",34.364167,-77.838611,8,2025,29,24
2025-08-09,"Clemmons Middle","Forsyth",36.026612,-80.341962,8,2025,61,37
2025-08-09,"Durham Armory","Durham",36.0329550008979,-78.904037,8,2025,40.5,37
2025-08-09,"Frying Pan Mountain","Haywood",35.379167,-82.7925,8,2025,NA,30
2025-08-09,"Garinger High School","Mecklenburg",35.2401000008895,-80.785683,8,2025,57,32
2025-08-09,"Hattie Avenue","Forsyth",36.11094,-80.224501,8,2025,60,36
2025-08-09,"Leggett","Edgecombe",35.988278,-77.5843,8,2025,33,28
2025-08-09,"Linville Falls","Avery",35.972347,-81.933072,8,2025,NA,32
2025-08-09,"Mendenhall School","Guilford",36.1090060008986,-79.802314,8,2025,48,31
2025-08-09,"Millbrook School","Wake",35.856111,-78.574167,8,2025,44,32
2025-08-09,"Pitt Agri. Center","Pitt",35.6412760008938,-77.360126,8,2025,27,27
2025-08-09,"West Johnston Co.","Johnston",35.59095,-78.4622,8,2025,39,31
2025-08-10,"Bryson City","Swain",35.434767,-83.442133,8,2025,45,22
2025-08-10,"Castle Hayne","New Hanover",34.364167,-77.838611,8,2025,13.5,23
2025-08-10,"Clemmons Middle","Forsyth",36.026612,-80.341962,8,2025,51,39
2025-08-10,"Durham Armory","Durham",36.0329550008979,-78.904037,8,2025,29.5,33
2025-08-10,"Frying Pan Mountain","Haywood",35.379167,-82.7925,8,2025,NA,25
2025-08-10,"Garinger High School","Mecklenburg",35.2401000008895,-80.785683,8,2025,31,26
2025-08-10,"Hattie Avenue","Forsyth",36.11094,-80.224501,8,2025,48,36
2025-08-10,"Leggett","Edgecombe",35.988278,-77.5843,8,2025,31,24
2025-08-10,"Linville Falls","Avery",35.972347,-81.933072,8,2025,NA,28
2025-08-10,"Mendenhall School","Guilford",36.1090060008986,-79.802314,8,2025,42,32
2025-08-10,"Millbrook School","Wake",35.856111,-78.574167,8,2025,35,28
2025-08-10,"Pitt Agri. Center","Pitt",35.6412760008938,-77.360126,8,2025,15,24
2025-08-10,"West Johnston Co.","Johnston",35.59095,-78.4622,8,2025,29,27
2025-08-11,"Bryson City","Swain",35.434767,-83.442133,8,2025,24,20
2025-08-11,"Castle Hayne","New Hanover",34.364167,-77.838611,8,2025,9.5,15
2025-08-11,"Clemmons Middle","Forsyth",36.026612,-80.341962,8,2025,26,24
2025-08-11,"Durham Armory","Durham",36.0329550008979,-78.904037,8,2025,9.5,25
2025-08-11,"Frying Pan Mountain","Haywood",35.379167,-82.7925,8,2025,2,19
2025-08-11,"Garinger High School","Mecklenburg",35.2401000008895,-80.785683,8,2025,8.5,17
2025-08-11,"Hattie Avenue","Forsyth",36.11094,-80.224501,8,2025,30,22
2025-08-11,"Leggett","Edgecombe",35.988278,-77.5843,8,2025,22,19
2025-08-11,"Linville Falls","Avery",35.972347,-81.933072,8,2025,10,21
2025-08-11,"Mendenhall School","Guilford",36.1090060008986,-79.802314,8,2025,26,19
2025-08-11,"Millbrook School","Wake",35.856111,-78.574167,8,2025,22,19
2025-08-11,"Pitt Agri. Center","Pitt",35.6412760008938,-77.360126,8,2025,11,17
2025-08-11,"West Johnston Co.","Johnston",35.59095,-78.4622,8,2025,24,21
2025-08-12,"Bryson City","Swain",35.434767,-83.442133,8,2025,16,16
2025-08-12,"Castle Hayne","New Hanover",34.364167,-77.838611,8,2025,11,10
2025-08-12,"Clemmons Middle","Forsyth",36.026612,-80.341962,8,2025,18,21
2025-08-12,"Durham Armory","Durham",36.0329550008979,-78.904037,8,2025,9,19
2025-08-12,"Frying Pan Mountain","Haywood",35.379167,-82.7925,8,2025,NA,23
2025-08-12,"Garinger High School","Mecklenburg",35.2401000008895,-80.785683,8,2025,20,22
2025-08-12,"Hattie Avenue","Forsyth",36.11094,-80.224501,8,2025,21,21
2025-08-12,"Leggett","Edgecombe",35.988278,-77.5843,8,2025,16,19
2025-08-12,"Linville Falls","Avery",35.972347,-81.933072,8,2025,NA,19
2025-08-12,"Mendenhall School","Guilford",36.1090060008986,-79.802314,8,2025,17,23
2025-08-12,"Millbrook School","Wake",35.856111,-78.574167,8,2025,22,15
2025-08-12,"Pitt Agri. Center","Pitt",35.6412760008938,-77.360126,8,2025,8,15
2025-08-12,"West Johnston Co.","Johnston",35.59095,-78.4622,8,2025,17,19
2025-08-13,"Bryson City","Swain",35.434767,-83.442133,8,2025,13,18
2025-08-13,"Castle Hayne","New Hanover",34.364167,-77.838611,8,2025,18,13
2025-08-13,"Clemmons Middle","Forsyth",36.026612,-80.341962,8,2025,26,24
2025-08-13,"Durham Armory","Durham",36.0329550008979,-78.904037,8,2025,11,24
2025-08-13,"Frying Pan Mountain","Haywood",35.379167,-82.7925,8,2025,NA,23
2025-08-13,"Garinger High School","Mecklenburg",35.2401000008895,-80.785683,8,2025,27,21
2025-08-13,"Hattie Avenue","Forsyth",36.11094,-80.224501,8,2025,29,24
2025-08-13,"Leggett","Edgecombe",35.988278,-77.5843,8,2025,28,24
2025-08-13,"Linville Falls","Avery",35.972347,-81.933072,8,2025,NA,22
2025-08-13,"Mendenhall School","Guilford",36.1090060008986,-79.802314,8,2025,38,24
2025-08-13,"Millbrook School","Wake",35.856111,-78.574167,8,2025,28,22
2025-08-13,"Pitt Agri. Center","Pitt",35.6412760008938,-77.360126,8,2025,23,23
2025-08-13,"West Johnston Co.","Johnston",35.59095,-78.4622,8,2025,21,36
2025-08-14,"Bryson City","Swain",35.434767,-83.442133,8,2025,17,23
2025-08-14,"Castle Hayne","New Hanover",34.364167,-77.838611,8,2025,17,21
2025-08-14,"Clemmons Middle","Forsyth",36.026612,-80.341962,8,2025,20,27
2025-08-14,"Durham Armory","Durham",36.0329550008979,-78.904037,8,2025,12.5,29
2025-08-14,"Frying Pan Mountain","Haywood",35.379167,-82.7925,8,2025,NA,35
2025-08-14,"Garinger High School","Mecklenburg",35.2401000008895,-80.785683,8,2025,23.5,31
2025-08-14,"Hattie Avenue","Forsyth",36.11094,-80.224501,8,2025,28,30
2025-08-14,"Leggett","Edgecombe",35.988278,-77.5843,8,2025,42,22
2025-08-14,"Linville Falls","Avery",35.972347,-81.933072,8,2025,19,27
2025-08-14,"Mendenhall School","Guilford",36.1090060008986,-79.802314,8,2025,23,37
2025-08-14,"Millbrook School","Wake",35.856111,-78.574167,8,2025,35,27
2025-08-14,"Pitt Agri. Center","Pitt",35.6412760008938,-77.360126,8,2025,31,23
2025-08-14,"West Johnston Co.","Johnston",35.59095,-78.4622,8,2025,38,31
2025-08-15,"Bryson City","Swain",35.434767,-83.442133,8,2025,29,30
2025-08-15,"Castle Hayne","New Hanover",34.364167,-77.838611,8,2025,25,20
2025-08-15,"Clemmons Middle","Forsyth",36.026612,-80.341962,8,2025,37,46
2025-08-15,"Durham Armory","Durham",36.0329550008979,-78.904037,8,2025,25.5,39
2025-08-15,"Frying Pan Mountain","Haywood",35.379167,-82.7925,8,2025,NA,43
2025-08-15,"Garinger High School","Mecklenburg",35.2401000008895,-80.785683,8,2025,36,42
2025-08-15,"Hattie Avenue","Forsyth",36.11094,-80.224501,8,2025,42,44
2025-08-15,"Leggett","Edgecombe",35.988278,-77.5843,8,2025,29,30
2025-08-15,"Linville Falls","Avery",35.972347,-81.933072,8,2025,NA,29
2025-08-15,"Mendenhall School","Guilford",36.1090060008986,-79.802314,8,2025,33,38
2025-08-15,"Millbrook School","Wake",35.856111,-78.574167,8,2025,43,36
2025-08-15,"Pitt Agri. Center","Pitt",35.6412760008938,-77.360126,8,2025,24,24
2025-08-15,"West Johnston Co.","Johnston",35.59095,-78.4622,8,2025,39,43
2025-08-16,"Bryson City","Swain",35.434767,-83.442133,8,2025,38,24
2025-08-16,"Castle Hayne","New Hanover",34.364167,-77.838611,8,2025,28.5,20
2025-08-16,"Clemmons Middle","Forsyth",36.026612,-80.341962,8,2025,51,45
2025-08-16,"Durham Armory","Durham",36.0329550008979,-78.904037,8,2025,27,32
2025-08-16,"Frying Pan Mountain","Haywood",35.379167,-82.7925,8,2025,NA,39
2025-08-16,"Garinger High School","Mecklenburg",35.2401000008895,-80.785683,8,2025,51,43
2025-08-16,"Hattie Avenue","Forsyth",36.11094,-80.224501,8,2025,52,45
2025-08-16,"Leggett","Edgecombe",35.988278,-77.5843,8,2025,42,34
2025-08-16,"Linville Falls","Avery",35.972347,-81.933072,8,2025,NA,26
2025-08-16,"Mendenhall School","Guilford",36.1090060008986,-79.802314,8,2025,46,36
2025-08-16,"Millbrook School","Wake",35.856111,-78.574167,8,2025,51,30
2025-08-16,"Pitt Agri. Center","Pitt",35.6412760008938,-77.360126,8,2025,32,31
2025-08-16,"West Johnston Co.","Johnston",35.59095,-78.4622,8,2025,46,32
2025-08-17,"Bryson City","Swain",35.434767,-83.442133,8,2025,45,29
2025-08-17,"Castle Hayne","New Hanover",34.364167,-77.838611,8,2025,40.5,32
2025-08-17,"Clemmons Middle","Forsyth",36.026612,-80.341962,8,2025,52.5,37
2025-08-17,"Durham Armory","Durham",36.0329550008979,-78.904037,8,2025,33.5,39
2025-08-17,"Frying Pan Mountain","Haywood",35.379167,-82.7925,8,2025,38,42
2025-08-17,"Garinger High School","Mecklenburg",35.2401000008895,-80.785683,8,2025,51.5,45
2025-08-17,"Hattie Avenue","Forsyth",36.11094,-80.224501,8,2025,53.5,37
2025-08-17,"Leggett","Edgecombe",35.988278,-77.5843,8,2025,46,35
2025-08-17,"Linville Falls","Avery",35.972347,-81.933072,8,2025,51,38
2025-08-17,"Mendenhall School","Guilford",36.1090060008986,-79.802314,8,2025,49,37
2025-08-17,"Millbrook School","Wake",35.856111,-78.574167,8,2025,51.5,39
2025-08-17,"Pitt Agri. Center","Pitt",35.6412760008938,-77.360126,8,2025,46,35
2025-08-17,"West Johnston Co.","Johnston",35.59095,-78.4622,8,2025,55,40
2025-08-18,"Bryson City","Swain",35.434767,-83.442133,8,2025,47,30
2025-08-18,"Castle Hayne","New Hanover",34.364167,-77.838611,8,2025,45,35
2025-08-18,"Clemmons Middle","Forsyth",36.026612,-80.341962,8,2025,47,46
2025-08-18,"Durham Armory","Durham",36.0329550008979,-78.904037,8,2025,29.5,36
2025-08-18,"Frying Pan Mountain","Haywood",35.379167,-82.7925,8,2025,NA,38
2025-08-18,"Garinger High School","Mecklenburg",35.2401000008895,-80.785683,8,2025,52,43
2025-08-18,"Hattie Avenue","Forsyth",36.11094,-80.224501,8,2025,51,46
2025-08-18,"Leggett","Edgecombe",35.988278,-77.5843,8,2025,52,38
2025-08-18,"Linville Falls","Avery",35.972347,-81.933072,8,2025,NA,32
2025-08-18,"Mendenhall School","Guilford",36.1090060008986,-79.802314,8,2025,48,36
2025-08-18,"Millbrook School","Wake",35.856111,-78.574167,8,2025,53,38
2025-08-18,"Pitt Agri. Center","Pitt",35.6412760008938,-77.360126,8,2025,53,32
2025-08-18,"West Johnston Co.","Johnston",35.59095,-78.4622,8,2025,52,39
2025-08-19,"Bryson City","Swain",35.434767,-83.442133,8,2025,37,29
2025-08-19,"Castle Hayne","New Hanover",34.364167,-77.838611,8,2025,46,25
2025-08-19,"Clemmons Middle","Forsyth",36.026612,-80.341962,8,2025,36,NA
2025-08-19,"Durham Armory","Durham",36.0329550008979,-78.904037,8,2025,10.5,22
2025-08-19,"Frying Pan Mountain","Haywood",35.379167,-82.7925,8,2025,NA,36
2025-08-19,"Garinger High School","Mecklenburg",35.2401000008895,-80.785683,8,2025,42,41
2025-08-19,"Hattie Avenue","Forsyth",36.11094,-80.224501,8,2025,37,35
2025-08-19,"Leggett","Edgecombe",35.988278,-77.5843,8,2025,20,22
2025-08-19,"Linville Falls","Avery",35.972347,-81.933072,8,2025,NA,29
2025-08-19,"Mendenhall School","Guilford",36.1090060008986,-79.802314,8,2025,26,25
2025-08-19,"Millbrook School","Wake",35.856111,-78.574167,8,2025,28,22
2025-08-19,"Pitt Agri. Center","Pitt",35.6412760008938,-77.360126,8,2025,22,20
2025-08-19,"West Johnston Co.","Johnston",35.59095,-78.4622,8,2025,26,25
2025-08-20,"Bryson City","Swain",35.434767,-83.442133,8,2025,27,26
2025-08-20,"Castle Hayne","New Hanover",34.364167,-77.838611,8,2025,23.5,16
2025-08-20,"Clemmons Middle","Forsyth",36.026612,-80.341962,8,2025,44,36
2025-08-20,"Durham Armory","Durham",36.0329550008979,-78.904037,8,2025,12.5,29
2025-08-20,"Frying Pan Mountain","Haywood",35.379167,-82.7925,8,2025,29,36
2025-08-20,"Garinger High School","Mecklenburg",35.2401000008895,-80.785683,8,2025,43,41
2025-08-20,"Hattie Avenue","Forsyth",36.11094,-80.224501,8,2025,43,32
2025-08-20,"Leggett","Edgecombe",35.988278,-77.5843,8,2025,23,20
2025-08-20,"Linville Falls","Avery",35.972347,-81.933072,8,2025,38,31
2025-08-20,"Mendenhall School","Guilford",36.1090060008986,-79.802314,8,2025,32,25
2025-08-20,"Millbrook School","Wake",35.856111,-78.574167,8,2025,30.5,24
2025-08-20,"Pitt Agri. Center","Pitt",35.6412760008938,-77.360126,8,2025,22,19
2025-08-20,"West Johnston Co.","Johnston",35.59095,-78.4622,8,2025,28,24
2025-08-21,"Bryson City","Swain",35.434767,-83.442133,8,2025,29,29
2025-08-21,"Castle Hayne","New Hanover",34.364167,-77.838611,8,2025,26,23
2025-08-21,"Clemmons Middle","Forsyth",36.026612,-80.341962,8,2025,35,35
2025-08-21,"Durham Armory","Durham",36.0329550008979,-78.904037,8,2025,14,28
2025-08-21,"Frying Pan Mountain","Haywood",35.379167,-82.7925,8,2025,NA,32
2025-08-21,"Garinger High School","Mecklenburg",35.2401000008895,-80.785683,8,2025,42,39
2025-08-21,"Hattie Avenue","Forsyth",36.11094,-80.224501,8,2025,35,38
2025-08-21,"Leggett","Edgecombe",35.988278,-77.5843,8,2025,23,25
2025-08-21,"Linville Falls","Avery",35.972347,-81.933072,8,2025,NA,24
2025-08-21,"Mendenhall School","Guilford",36.1090060008986,-79.802314,8,2025,25,31
2025-08-21,"Millbrook School","Wake",35.856111,-78.574167,8,2025,31,24
2025-08-21,"Pitt Agri. Center","Pitt",35.6412760008938,-77.360126,8,2025,23,23
2025-08-21,"West Johnston Co.","Johnston",35.59095,-78.4622,8,2025,31,25
2025-08-22,"Bryson City","Swain",35.434767,-83.442133,8,2025,32,29
2025-08-22,"Castle Hayne","New Hanover",34.364167,-77.838611,8,2025,17.5,29
2025-08-22,"Clemmons Middle","Forsyth",36.026612,-80.341962,8,2025,24,31
2025-08-22,"Durham Armory","Durham",36.0329550008979,-78.904037,8,2025,10.5,33
2025-08-22,"Frying Pan Mountain","Haywood",35.379167,-82.7925,8,2025,NA,27
2025-08-22,"Garinger High School","Mecklenburg",35.2401000008895,-80.785683,8,2025,16,25
2025-08-22,"Hattie Avenue","Forsyth",36.11094,-80.224501,8,2025,23,32
2025-08-22,"Leggett","Edgecombe",35.988278,-77.5843,8,2025,26,34
2025-08-22,"Linville Falls","Avery",35.972347,-81.933072,8,2025,NA,31
2025-08-22,"Mendenhall School","Guilford",36.1090060008986,-79.802314,8,2025,19,27
2025-08-22,"Millbrook School","Wake",35.856111,-78.574167,8,2025,30,28
2025-08-22,"Pitt Agri. Center","Pitt",35.6412760008938,-77.360126,8,2025,16,34
2025-08-22,"West Johnston Co.","Johnston",35.59095,-78.4622,8,2025,25,30
2025-08-23,"Bryson City","Swain",35.434767,-83.442133,8,2025,30,22
2025-08-23,"Castle Hayne","New Hanover",34.364167,-77.838611,8,2025,18.5,32
2025-08-23,"Clemmons Middle","Forsyth",36.026612,-80.341962,8,2025,33,31
2025-08-23,"Durham Armory","Durham",36.0329550008979,-78.904037,8,2025,26,40
2025-08-23,"Frying Pan Mountain","Haywood",35.379167,-82.7925,8,2025,12,34
2025-08-23,"Garinger High School","Mecklenburg",35.2401000008895,-80.785683,8,2025,34.5,31
2025-08-23,"Hattie Avenue","Forsyth",36.11094,-80.224501,8,2025,36,35
2025-08-23,"Leggett","Edgecombe",35.988278,-77.5843,8,2025,29,32
2025-08-23,"Linville Falls","Avery",35.972347,-81.933072,8,2025,28,30
2025-08-23,"Mendenhall School","Guilford",36.1090060008986,-79.802314,8,2025,32,32
2025-08-23,"Millbrook School","Wake",35.856111,-78.574167,8,2025,38.5,34
2025-08-23,"Pitt Agri. Center","Pitt",35.6412760008938,-77.360126,8,2025,29,31
2025-08-23,"West Johnston Co.","Johnston",35.59095,-78.4622,8,2025,38,33
2025-08-24,"Bryson City","Swain",35.434767,-83.442133,8,2025,31,29
2025-08-24,"Castle Hayne","New Hanover",34.364167,-77.838611,8,2025,20,24
2025-08-24,"Clemmons Middle","Forsyth",36.026612,-80.341962,8,2025,33,34
2025-08-24,"Durham Armory","Durham",36.0329550008979,-78.904037,8,2025,21.5,35
2025-08-24,"Frying Pan Mountain","Haywood",35.379167,-82.7925,8,2025,NA,31
2025-08-24,"Garinger High School","Mecklenburg",35.2401000008895,-80.785683,8,2025,36,46
2025-08-24,"Hattie Avenue","Forsyth",36.11094,-80.224501,8,2025,39,39
2025-08-24,"Leggett","Edgecombe",35.988278,-77.5843,8,2025,32,27
2025-08-24,"Linville Falls","Avery",35.972347,-81.933072,8,2025,NA,30
2025-08-24,"Mendenhall School","Guilford",36.1090060008986,-79.802314,8,2025,44,40
2025-08-24,"Millbrook School","Wake",35.856111,-78.574167,8,2025,41,28
2025-08-24,"Pitt Agri. Center","Pitt",35.6412760008938,-77.360126,8,2025,27,27
2025-08-24,"West Johnston Co.","Johnston",35.59095,-78.4622,8,2025,38,26
2025-08-25,"Bryson City","Swain",35.434767,-83.442133,8,2025,18,31
2025-08-25,"Castle Hayne","New Hanover",34.364167,-77.838611,8,2025,28.5,31
2025-08-25,"Clemmons Middle","Forsyth",36.026612,-80.341962,8,2025,27,35
2025-08-25,"Durham Armory","Durham",36.0329550008979,-78.904037,8,2025,27.5,39
2025-08-25,"Frying Pan Mountain","Haywood",35.379167,-82.7925,8,2025,NA,31
2025-08-25,"Garinger High School","Mecklenburg",35.2401000008895,-80.785683,8,2025,32,45
2025-08-25,"Hattie Avenue","Forsyth",36.11094,-80.224501,8,2025,30,37
2025-08-25,"Leggett","Edgecombe",35.988278,-77.5843,8,2025,34,33
2025-08-25,"Linville Falls","Avery",35.972347,-81.933072,8,2025,NA,34
2025-08-25,"Mendenhall School","Guilford",36.1090060008986,-79.802314,8,2025,24,37
2025-08-25,"Millbrook School","Wake",35.856111,-78.574167,8,2025,43,38
2025-08-25,"Pitt Agri. Center","Pitt",35.6412760008938,-77.360126,8,2025,41,36
2025-08-25,"West Johnston Co.","Johnston",35.59095,-78.4622,8,2025,41,43
2025-08-26,"Bryson City","Swain",35.434767,-83.442133,8,2025,22,32
2025-08-26,"Castle Hayne","New Hanover",34.364167,-77.838611,8,2025,38,35
2025-08-26,"Clemmons Middle","Forsyth",36.026612,-80.341962,8,2025,23,37
2025-08-26,"Durham Armory","Durham",36.0329550008979,-78.904037,8,2025,26,38
2025-08-26,"Frying Pan Mountain","Haywood",35.379167,-82.7925,8,2025,17,34
2025-08-26,"Garinger High School","Mecklenburg",35.2401000008895,-80.785683,8,2025,34,41
2025-08-26,"Hattie Avenue","Forsyth",36.11094,-80.224501,8,2025,29,39
2025-08-26,"Leggett","Edgecombe",35.988278,-77.5843,8,2025,31,32
2025-08-26,"Linville Falls","Avery",35.972347,-81.933072,8,2025,24,37
2025-08-26,"Mendenhall School","Guilford",36.1090060008986,-79.802314,8,2025,23,36
2025-08-26,"Millbrook School","Wake",35.856111,-78.574167,8,2025,31.5,36
2025-08-26,"Pitt Agri. Center","Pitt",35.6412760008938,-77.360126,8,2025,32,33
2025-08-26,"West Johnston Co.","Johnston",35.59095,-78.4622,8,2025,31,33
2025-08-27,"Bryson City","Swain",35.434767,-83.442133,8,2025,20,33
2025-08-27,"Castle Hayne","New Hanover",34.364167,-77.838611,8,2025,33,38
2025-08-27,"Clemmons Middle","Forsyth",36.026612,-80.341962,8,2025,24,40
2025-08-27,"Durham Armory","Durham",36.0329550008979,-78.904037,8,2025,27.5,42
2025-08-27,"Frying Pan Mountain","Haywood",35.379167,-82.7925,8,2025,NA,34
2025-08-27,"Garinger High School","Mecklenburg",35.2401000008895,-80.785683,8,2025,29,45
2025-08-27,"Hattie Avenue","Forsyth",36.11094,-80.224501,8,2025,29,43
2025-08-27,"Leggett","Edgecombe",35.988278,-77.5843,8,2025,38,39
2025-08-27,"Linville Falls","Avery",35.972347,-81.933072,8,2025,NA,37
2025-08-27,"Mendenhall School","Guilford",36.1090060008986,-79.802314,8,2025,24,36
2025-08-27,"Millbrook School","Wake",35.856111,-78.574167,8,2025,26,39
2025-08-27,"Pitt Agri. Center","Pitt",35.6412760008938,-77.360126,8,2025,33,39
2025-08-27,"West Johnston Co.","Johnston",35.59095,-78.4622,8,2025,39,40
2025-08-28,"Bryson City","Swain",35.434767,-83.442133,8,2025,23,33
2025-08-28,"Castle Hayne","New Hanover",34.364167,-77.838611,8,2025,33,40
2025-08-28,"Clemmons Middle","Forsyth",36.026612,-80.341962,8,2025,43,47
2025-08-28,"Durham Armory","Durham",36.0329550008979,-78.904037,8,2025,34.5,48
2025-08-28,"Frying Pan Mountain","Haywood",35.379167,-82.7925,8,2025,NA,45
2025-08-28,"Garinger High School","Mecklenburg",35.2401000008895,-80.785683,8,2025,46,45
2025-08-28,"Hattie Avenue","Forsyth",36.11094,-80.224501,8,2025,42,54
2025-08-28,"Leggett","Edgecombe",35.988278,-77.5843,8,2025,34,42
2025-08-28,"Linville Falls","Avery",35.972347,-81.933072,8,2025,NA,41
2025-08-28,"Mendenhall School","Guilford",36.1090060008986,-79.802314,8,2025,39,45
2025-08-28,"Millbrook School","Wake",35.856111,-78.574167,8,2025,42,44
2025-08-28,"Pitt Agri. Center","Pitt",35.6412760008938,-77.360126,8,2025,39,40
2025-08-28,"West Johnston Co.","Johnston",35.59095,-78.4622,8,2025,36,42
2025-08-29,"Bryson City","Swain",35.434767,-83.442133,8,2025,32,35
2025-08-29,"Castle Hayne","New Hanover",34.364167,-77.838611,8,2025,42,45
2025-08-29,"Clemmons Middle","Forsyth",36.026612,-80.341962,8,2025,38.5,42
2025-08-29,"Durham Armory","Durham",36.0329550008979,-78.904037,8,2025,36,44
2025-08-29,"Frying Pan Mountain","Haywood",35.379167,-82.7925,8,2025,21,44
2025-08-29,"Garinger High School","Mecklenburg",35.2401000008895,-80.785683,8,2025,48.5,49
2025-08-29,"Hattie Avenue","Forsyth",36.11094,-80.224501,8,2025,45,44
2025-08-29,"Leggett","Edgecombe",35.988278,-77.5843,8,2025,41,41
2025-08-29,"Linville Falls","Avery",35.972347,-81.933072,8,2025,23,39
2025-08-29,"Mendenhall School","Guilford",36.1090060008986,-79.802314,8,2025,38,44
2025-08-29,"Millbrook School","Wake",35.856111,-78.574167,8,2025,44,43
2025-08-29,"Pitt Agri. Center","Pitt",35.6412760008938,-77.360126,8,2025,41,43
2025-08-29,"West Johnston Co.","Johnston",35.59095,-78.4622,8,2025,48,46
2025-08-30,"Bryson City","Swain",35.434767,-83.442133,8,2025,41,33
2025-08-30,"Castle Hayne","New Hanover",34.364167,-77.838611,8,2025,41.5,37
2025-08-30,"Clemmons Middle","Forsyth",36.026612,-80.341962,8,2025,36,44
2025-08-30,"Durham Armory","Durham",36.0329550008979,-78.904037,8,2025,33,42
2025-08-30,"Frying Pan Mountain","Haywood",35.379167,-82.7925,8,2025,NA,41
2025-08-30,"Garinger High School","Mecklenburg",35.2401000008895,-80.785683,8,2025,52,44
2025-08-30,"Hattie Avenue","Forsyth",36.11094,-80.224501,8,2025,39,43
2025-08-30,"Leggett","Edgecombe",35.988278,-77.5843,8,2025,31,38
2025-08-30,"Linville Falls","Avery",35.972347,-81.933072,8,2025,NA,32
2025-08-30,"Mendenhall School","Guilford",36.1090060008986,-79.802314,8,2025,36,39
2025-08-30,"Millbrook School","Wake",35.856111,-78.574167,8,2025,43,39
2025-08-30,"Pitt Agri. Center","Pitt",35.6412760008938,-77.360126,8,2025,43,38
2025-08-30,"West Johnston Co.","Johnston",35.59095,-78.4622,8,2025,45,42
2025-08-31,"Bryson City","Swain",35.434767,-83.442133,8,2025,36,32
2025-08-31,"Castle Hayne","New Hanover",34.364167,-77.838611,8,2025,23.5,37
2025-08-31,"Clemmons Middle","Forsyth",36.026612,-80.341962,8,2025,34,41
2025-08-31,"Durham Armory","Durham",36.0329550008979,-78.904037,8,2025,26.5,40
2025-08-31,"Frying Pan Mountain","Haywood",35.379167,-82.7925,8,2025,NA,31
2025-08-31,"Garinger High School","Mecklenburg",35.2401000008895,-80.785683,8,2025,40,37
2025-08-31,"Hattie Avenue","Forsyth",36.11094,-80.224501,8,2025,34,43
2025-08-31,"Leggett","Edgecombe",35.988278,-77.5843,8,2025,27,40
2025-08-31,"Linville Falls","Avery",35.972347,-81.933072,8,2025,NA,31
2025-08-31,"Mendenhall School","Guilford",36.1090060008986,-79.802314,8,2025,27,36
2025-08-31,"Millbrook School","Wake",35.856111,-78.574167,8,2025,28,38
2025-08-31,"Pitt Agri. Center","Pitt",35.6412760008938,-77.360126,8,2025,16,42
2025-08-31,"West Johnston Co.","Johnston",35.59095,-78.4622,8,2025,23,38
2025-09-01,"Bryson City","Swain",35.434767,-83.442133,9,2025,38,31
2025-09-01,"Castle Hayne","New Hanover",34.364167,-77.838611,9,2025,19.5,31
2025-09-01,"Clemmons Middle","Forsyth",36.026612,-80.341962,9,2025,26.5,40
2025-09-01,"Durham Armory","Durham",36.0329550008979,-78.904037,9,2025,23,37
2025-09-01,"Frying Pan Mountain","Haywood",35.379167,-82.7925,9,2025,22,39
2025-09-01,"Garinger High School","Mecklenburg",35.2401000008895,-80.785683,9,2025,30.5,39
2025-09-01,"Hattie Avenue","Forsyth",36.11094,-80.224501,9,2025,25.5,40
2025-09-01,"Leggett","Edgecombe",35.988278,-77.5843,9,2025,21,34
2025-09-01,"Linville Falls","Avery",35.972347,-81.933072,9,2025,21,36
2025-09-01,"Mendenhall School","Guilford",36.1090060008986,-79.802314,9,2025,22,34
2025-09-01,"Millbrook School","Wake",35.856111,-78.574167,9,2025,23.5,31
2025-09-01,"Pitt Agri. Center","Pitt",35.6412760008938,-77.360126,9,2025,18,32
2025-09-01,"West Johnston Co.","Johnston",35.59095,-78.4622,9,2025,31,33
2025-09-02,"Bryson City","Swain",35.434767,-83.442133,9,2025,31,29
2025-09-02,"Castle Hayne","New Hanover",34.364167,-77.838611,9,2025,20,30
2025-09-02,"Clemmons Middle","Forsyth",36.026612,-80.341962,9,2025,24,44
2025-09-02,"Durham Armory","Durham",36.0329550008979,-78.904037,9,2025,25.5,39
2025-09-02,"Frying Pan Mountain","Haywood",35.379167,-82.7925,9,2025,NA,35
2025-09-02,"Garinger High School","Mecklenburg",35.2401000008895,-80.785683,9,2025,34,43
2025-09-02,"Hattie Avenue","Forsyth",36.11094,-80.224501,9,2025,23,44
2025-09-02,"Leggett","Edgecombe",35.988278,-77.5843,9,2025,21,31
2025-09-02,"Linville Falls","Avery",35.972347,-81.933072,9,2025,NA,31
2025-09-02,"Mendenhall School","Guilford",36.1090060008986,-79.802314,9,2025,22,36
2025-09-02,"Millbrook School","Wake",35.856111,-78.574167,9,2025,23,35
2025-09-02,"Pitt Agri. Center","Pitt",35.6412760008938,-77.360126,9,2025,14,31
2025-09-02,"West Johnston Co.","Johnston",35.59095,-78.4622,9,2025,21,35
2025-09-03,"Bryson City","Swain",35.434767,-83.442133,9,2025,30,30
2025-09-03,"Castle Hayne","New Hanover",34.364167,-77.838611,9,2025,27.5,39
2025-09-03,"Clemmons Middle","Forsyth",36.026612,-80.341962,9,2025,35,45
2025-09-03,"Durham Armory","Durham",36.0329550008979,-78.904037,9,2025,30.5,47
2025-09-03,"Frying Pan Mountain","Haywood",35.379167,-82.7925,9,2025,NA,36
2025-09-03,"Garinger High School","Mecklenburg",35.2401000008895,-80.785683,9,2025,50,47
2025-09-03,"Hattie Avenue","Forsyth",36.11094,-80.224501,9,2025,37,45
2025-09-03,"Leggett","Edgecombe",35.988278,-77.5843,9,2025,29,42
2025-09-03,"Linville Falls","Avery",35.972347,-81.933072,9,2025,NA,29
2025-09-03,"Mendenhall School","Guilford",36.1090060008986,-79.802314,9,2025,33,46
2025-09-03,"Millbrook School","Wake",35.856111,-78.574167,9,2025,34,44
2025-09-03,"Pitt Agri. Center","Pitt",35.6412760008938,-77.360126,9,2025,23,39
2025-09-03,"West Johnston Co.","Johnston",35.59095,-78.4622,9,2025,38,42
2025-09-04,"Bryson City","Swain",35.434767,-83.442133,9,2025,30,29
2025-09-04,"Castle Hayne","New Hanover",34.364167,-77.838611,9,2025,28.5,44
2025-09-04,"Clemmons Middle","Forsyth",36.026612,-80.341962,9,2025,45.5,38
2025-09-04,"Durham Armory","Durham",36.0329550008979,-78.904037,9,2025,42,45
2025-09-04,"Frying Pan Mountain","Haywood",35.379167,-82.7925,9,2025,31,36
2025-09-04,"Garinger High School","Mecklenburg",35.2401000008895,-80.785683,9,2025,50,38
2025-09-04,"Hattie Avenue","Forsyth",36.11094,-80.224501,9,2025,51,41
2025-09-04,"Leggett","Edgecombe",35.988278,-77.5843,9,2025,50,44
2025-09-04,"Linville Falls","Avery",35.972347,-81.933072,9,2025,26,27
2025-09-04,"Mendenhall School","Guilford",36.1090060008986,-79.802314,9,2025,52,43
2025-09-04,"Millbrook School","Wake",35.856111,-78.574167,9,2025,50,44
2025-09-04,"Pitt Agri. Center","Pitt",35.6412760008938,-77.360126,9,2025,31,42
2025-09-04,"West Johnston Co.","Johnston",35.59095,-78.4622,9,2025,52,47
2025-09-05,"Bryson City","Swain",35.434767,-83.442133,9,2025,50,27
2025-09-05,"Castle Hayne","New Hanover",34.364167,-77.838611,9,2025,20,38
2025-09-05,"Clemmons Middle","Forsyth",36.026612,-80.341962,9,2025,51,41
2025-09-05,"Durham Armory","Durham",36.0329550008979,-78.904037,9,2025,47,44
2025-09-05,"Frying Pan Mountain","Haywood",35.379167,-82.7925,9,2025,NA,41
2025-09-05,"Garinger High School","Mecklenburg",35.2401000008895,-80.785683,9,2025,54,42
2025-09-05,"Hattie Avenue","Forsyth",36.11094,-80.224501,9,2025,55,46
2025-09-05,"Leggett","Edgecombe",35.988278,-77.5843,9,2025,50,44
2025-09-05,"Linville Falls","Avery",35.972347,-81.933072,9,2025,NA,31
2025-09-05,"Mendenhall School","Guilford",36.1090060008986,-79.802314,9,2025,54,47
2025-09-05,"Millbrook School","Wake",35.856111,-78.574167,9,2025,54,43
2025-09-05,"Pitt Agri. Center","Pitt",35.6412760008938,-77.360126,9,2025,39,42
2025-09-05,"West Johnston Co.","Johnston",35.59095,-78.4622,9,2025,52,43
2025-09-06,"Bryson City","Swain",35.434767,-83.442133,9,2025,27,28
2025-09-06,"Castle Hayne","New Hanover",34.364167,-77.838611,9,2025,10.5,31
2025-09-06,"Clemmons Middle","Forsyth",36.026612,-80.341962,9,2025,59,34
2025-09-06,"Durham Armory","Durham",36.0329550008979,-78.904037,9,2025,47,39
2025-09-06,"Frying Pan Mountain","Haywood",35.379167,-82.7925,9,2025,NA,44
2025-09-06,"Garinger High School","Mecklenburg",35.2401000008895,-80.785683,9,2025,54,36
2025-09-06,"Hattie Avenue","Forsyth",36.11094,-80.224501,9,2025,61,36
2025-09-06,"Leggett","Edgecombe",35.988278,-77.5843,9,2025,53,41
2025-09-06,"Linville Falls","Avery",35.972347,-81.933072,9,2025,NA,34
2025-09-06,"Mendenhall School","Guilford",36.1090060008986,-79.802314,9,2025,56,37
2025-09-06,"Millbrook School","Wake",35.856111,-78.574167,9,2025,55,41
2025-09-06,"Pitt Agri. Center","Pitt",35.6412760008938,-77.360126,9,2025,35,36
2025-09-06,"West Johnston Co.","Johnston",35.59095,-78.4622,9,2025,51,40
2025-09-07,"Bryson City","Swain",35.434767,-83.442133,9,2025,18,29
2025-09-07,"Castle Hayne","New Hanover",34.364167,-77.838611,9,2025,30,27
2025-09-07,"Clemmons Middle","Forsyth",36.026612,-80.341962,9,2025,39,25
2025-09-07,"Durham Armory","Durham",36.0329550008979,-78.904037,9,2025,33.5,25
2025-09-07,"Frying Pan Mountain","Haywood",35.379167,-82.7925,9,2025,14,33
2025-09-07,"Garinger High School","Mecklenburg",35.2401000008895,-80.785683,9,2025,36,27
2025-09-07,"Hattie Avenue","Forsyth",36.11094,-80.224501,9,2025,39.5,27
2025-09-07,"Leggett","Edgecombe",35.988278,-77.5843,9,2025,52,26
2025-09-07,"Linville Falls","Avery",35.972347,-81.933072,9,2025,19,30
2025-09-07,"Mendenhall School","Guilford",36.1090060008986,-79.802314,9,2025,24,21
2025-09-07,"Millbrook School","Wake",35.856111,-78.574167,9,2025,42.5,22
2025-09-07,"Pitt Agri. Center","Pitt",35.6412760008938,-77.360126,9,2025,46,24
2025-09-07,"West Johnston Co.","Johnston",35.59095,-78.4622,9,2025,42,21
2025-09-08,"Bryson City","Swain",35.434767,-83.442133,9,2025,21,31
2025-09-08,"Castle Hayne","New Hanover",34.364167,-77.838611,9,2025,32,33
2025-09-08,"Clemmons Middle","Forsyth",36.026612,-80.341962,9,2025,26,40
2025-09-08,"Durham Armory","Durham",36.0329550008979,-78.904037,9,2025,23.5,40
2025-09-08,"Frying Pan Mountain","Haywood",35.379167,-82.7925,9,2025,NA,38
2025-09-08,"Garinger High School","Mecklenburg",35.2401000008895,-80.785683,9,2025,28,40
2025-09-08,"Hattie Avenue","Forsyth",36.11094,-80.224501,9,2025,24,41
2025-09-08,"Leggett","Edgecombe",35.988278,-77.5843,9,2025,28,40
2025-09-08,"Linville Falls","Avery",35.972347,-81.933072,9,2025,NA,34
2025-09-08,"Mendenhall School","Guilford",36.1090060008986,-79.802314,9,2025,22,35
2025-09-08,"Millbrook School","Wake",35.856111,-78.574167,9,2025,27,38
2025-09-08,"Pitt Agri. Center","Pitt",35.6412760008938,-77.360126,9,2025,37,41
2025-09-08,"West Johnston Co.","Johnston",35.59095,-78.4622,9,2025,24,38
2025-09-09,"Bryson City","Swain",35.434767,-83.442133,9,2025,28,32
2025-09-09,"Castle Hayne","New Hanover",34.364167,-77.838611,9,2025,27,28
2025-09-09,"Clemmons Middle","Forsyth",36.026612,-80.341962,9,2025,23,45
2025-09-09,"Durham Armory","Durham",36.0329550008979,-78.904037,9,2025,25.5,37
2025-09-09,"Frying Pan Mountain","Haywood",35.379167,-82.7925,9,2025,NA,39
2025-09-09,"Garinger High School","Mecklenburg",35.2401000008895,-80.785683,9,2025,29,48
2025-09-09,"Hattie Avenue","Forsyth",36.11094,-80.224501,9,2025,22,46
2025-09-09,"Leggett","Edgecombe",35.988278,-77.5843,9,2025,31,29
2025-09-09,"Linville Falls","Avery",35.972347,-81.933072,9,2025,NA,34
2025-09-09,"Mendenhall School","Guilford",36.1090060008986,-79.802314,9,2025,24,39
2025-09-09,"Millbrook School","Wake",35.856111,-78.574167,9,2025,33,32
2025-09-09,"Pitt Agri. Center","Pitt",35.6412760008938,-77.360126,9,2025,25,30
2025-09-09,"West Johnston Co.","Johnston",35.59095,-78.4622,9,2025,29,31
2025-09-10,"Bryson City","Swain",35.434767,-83.442133,9,2025,28,36
2025-09-10,"Castle Hayne","New Hanover",34.364167,-77.838611,9,2025,16,19
2025-09-10,"Clemmons Middle","Forsyth",36.026612,-80.341962,9,2025,35,40
2025-09-10,"Durham Armory","Durham",36.0329550008979,-78.904037,9,2025,24,29
2025-09-10,"Frying Pan Mountain","Haywood",35.379167,-82.7925,9,2025,22,42
2025-09-10,"Garinger High School","Mecklenburg",35.2401000008895,-80.785683,9,2025,35.5,43
2025-09-10,"Hattie Avenue","Forsyth",36.11094,-80.224501,9,2025,27,41
2025-09-10,"Leggett","Edgecombe",35.988278,-77.5843,9,2025,20,20
2025-09-10,"Linville Falls","Avery",35.972347,-81.933072,9,2025,19,39
2025-09-10,"Mendenhall School","Guilford",36.1090060008986,-79.802314,9,2025,28,38
2025-09-10,"Millbrook School","Wake",35.856111,-78.574167,9,2025,18.5,20
2025-09-10,"Pitt Agri. Center","Pitt",35.6412760008938,-77.360126,9,2025,18,18
2025-09-10,"West Johnston Co.","Johnston",35.59095,-78.4622,9,2025,14,20
2025-09-11,"Bryson City","Swain",35.434767,-83.442133,9,2025,34,35
2025-09-11,"Castle Hayne","New Hanover",34.364167,-77.838611,9,2025,21,17
2025-09-11,"Clemmons Middle","Forsyth",36.026612,-80.341962,9,2025,29,44
2025-09-11,"Durham Armory","Durham",36.0329550008979,-78.904037,9,2025,26,34
2025-09-11,"Frying Pan Mountain","Haywood",35.379167,-82.7925,9,2025,NA,47
2025-09-11,"Garinger High School","Mecklenburg",35.2401000008895,-80.785683,9,2025,40,47
2025-09-11,"Hattie Avenue","Forsyth",36.11094,-80.224501,9,2025,31,46
2025-09-11,"Leggett","Edgecombe",35.988278,-77.5843,9,2025,28,21
2025-09-11,"Linville Falls","Avery",35.972347,-81.933072,9,2025,NA,43
2025-09-11,"Mendenhall School","Guilford",36.1090060008986,-79.802314,9,2025,26,35
2025-09-11,"Millbrook School","Wake",35.856111,-78.574167,9,2025,31,28
2025-09-11,"Pitt Agri. Center","Pitt",35.6412760008938,-77.360126,9,2025,17,20
2025-09-11,"West Johnston Co.","Johnston",35.59095,-78.4622,9,2025,25,24
2025-09-12,"Bryson City","Swain",35.434767,-83.442133,9,2025,39,35
2025-09-12,"Castle Hayne","New Hanover",34.364167,-77.838611,9,2025,35,43
2025-09-12,"Clemmons Middle","Forsyth",36.026612,-80.341962,9,2025,34,49
2025-09-12,"Durham Armory","Durham",36.0329550008979,-78.904037,9,2025,50,47
2025-09-12,"Frying Pan Mountain","Haywood",35.379167,-82.7925,9,2025,NA,49
2025-09-12,"Garinger High School","Mecklenburg",35.2401000008895,-80.785683,9,2025,50,48
2025-09-12,"Hattie Avenue","Forsyth",36.11094,-80.224501,9,2025,39,50
2025-09-12,"Leggett","Edgecombe",35.988278,-77.5843,9,2025,37,46
2025-09-12,"Linville Falls","Avery",35.972347,-81.933072,9,2025,NA,40
2025-09-12,"Mendenhall School","Guilford",36.1090060008986,-79.802314,9,2025,39,42
2025-09-12,"Millbrook School","Wake",35.856111,-78.574167,9,2025,33,44
2025-09-12,"Pitt Agri. Center","Pitt",35.6412760008938,-77.360126,9,2025,32,44
2025-09-12,"West Johnston Co.","Johnston",35.59095,-78.4622,9,2025,33,41
2025-09-13,"Bryson City","Swain",35.434767,-83.442133,9,2025,34,37
2025-09-13,"Castle Hayne","New Hanover",34.364167,-77.838611,9,2025,36,31
2025-09-13,"Clemmons Middle","Forsyth",36.026612,-80.341962,9,2025,37,45
2025-09-13,"Durham Armory","Durham",36.0329550008979,-78.904037,9,2025,42,44
2025-09-13,"Frying Pan Mountain","Haywood",35.379167,-82.7925,9,2025,30,48
2025-09-13,"Garinger High School","Mecklenburg",35.2401000008895,-80.785683,9,2025,52.5,44
2025-09-13,"Hattie Avenue","Forsyth",36.11094,-80.224501,9,2025,43,46
2025-09-13,"Leggett","Edgecombe",35.988278,-77.5843,9,2025,32,43
2025-09-13,"Linville Falls","Avery",35.972347,-81.933072,9,2025,31,41
2025-09-13,"Mendenhall School","Guilford",36.1090060008986,-79.802314,9,2025,42,43
2025-09-13,"Millbrook School","Wake",35.856111,-78.574167,9,2025,39,42
2025-09-13,"Pitt Agri. Center","Pitt",35.6412760008938,-77.360126,9,2025,31,39
2025-09-13,"West Johnston Co.","Johnston",35.59095,-78.4622,9,2025,42,42
2025-09-14,"Bryson City","Swain",35.434767,-83.442133,9,2025,42,31
2025-09-14,"Castle Hayne","New Hanover",34.364167,-77.838611,9,2025,34,36
2025-09-14,"Clemmons Middle","Forsyth",36.026612,-80.341962,9,2025,47,49
2025-09-14,"Durham Armory","Durham",36.0329550008979,-78.904037,9,2025,51,43
2025-09-14,"Frying Pan Mountain","Haywood",35.379167,-82.7925,9,2025,NA,47
2025-09-14,"Garinger High School","Mecklenburg",35.2401000008895,-80.785683,9,2025,53,48
2025-09-14,"Hattie Avenue","Forsyth",36.11094,-80.224501,9,2025,51,61
2025-09-14,"Leggett","Edgecombe",35.988278,-77.5843,9,2025,48,42
2025-09-14,"Linville Falls","Avery",35.972347,-81.933072,9,2025,NA,41
2025-09-14,"Mendenhall School","Guilford",36.1090060008986,-79.802314,9,2025,46,44
2025-09-14,"Millbrook School","Wake",35.856111,-78.574167,9,2025,49,39
2025-09-14,"Pitt Agri. Center","Pitt",35.6412760008938,-77.360126,9,2025,39,41
2025-09-14,"West Johnston Co.","Johnston",35.59095,-78.4622,9,2025,49,41
2025-09-15,"Bryson City","Swain",35.434767,-83.442133,9,2025,40,36
2025-09-15,"Castle Hayne","New Hanover",34.364167,-77.838611,9,2025,45,36
2025-09-15,"Clemmons Middle","Forsyth",36.026612,-80.341962,9,2025,51,44
2025-09-15,"Durham Armory","Durham",36.0329550008979,-78.904037,9,2025,52,44
2025-09-15,"Frying Pan Mountain","Haywood",35.379167,-82.7925,9,2025,NA,45
2025-09-15,"Garinger High School","Mecklenburg",35.2401000008895,-80.785683,9,2025,52,48
2025-09-15,"Hattie Avenue","Forsyth",36.11094,-80.224501,9,2025,54,46
2025-09-15,"Leggett","Edgecombe",35.988278,-77.5843,9,2025,44,40
2025-09-15,"Linville Falls","Avery",35.972347,-81.933072,9,2025,NA,40
2025-09-15,"Mendenhall School","Guilford",36.1090060008986,-79.802314,9,2025,47,37
2025-09-15,"Millbrook School","Wake",35.856111,-78.574167,9,2025,51,42
2025-09-15,"Pitt Agri. Center","Pitt",35.6412760008938,-77.360126,9,2025,31,37
2025-09-15,"West Johnston Co.","Johnston",35.59095,-78.4622,9,2025,43,41
2025-09-16,"Bryson City","Swain",35.434767,-83.442133,9,2025,48,41
2025-09-16,"Castle Hayne","New Hanover",34.364167,-77.838611,9,2025,41,31
2025-09-16,"Clemmons Middle","Forsyth",36.026612,-80.341962,9,2025,39,41
2025-09-16,"Durham Armory","Durham",36.0329550008979,-78.904037,9,2025,40,40
2025-09-16,"Frying Pan Mountain","Haywood",35.379167,-82.7925,9,2025,38,44
2025-09-16,"Garinger High School","Mecklenburg",35.2401000008895,-80.785683,9,2025,40,45
2025-09-16,"Hattie Avenue","Forsyth",36.11094,-80.224501,9,2025,41,43
2025-09-16,"Leggett","Edgecombe",35.988278,-77.5843,9,2025,40,31
2025-09-16,"Linville Falls","Avery",35.972347,-81.933072,9,2025,36,31
2025-09-16,"Mendenhall School","Guilford",36.1090060008986,-79.802314,9,2025,33,38
2025-09-16,"Millbrook School","Wake",35.856111,-78.574167,9,2025,36.5,35
2025-09-16,"Pitt Agri. Center","Pitt",35.6412760008938,-77.360126,9,2025,18,29
2025-09-16,"West Johnston Co.","Johnston",35.59095,-78.4622,9,2025,29,37
2025-09-17,"Bryson City","Swain",35.434767,-83.442133,9,2025,39,40
2025-09-17,"Castle Hayne","New Hanover",34.364167,-77.838611,9,2025,40,39
2025-09-17,"Clemmons Middle","Forsyth",36.026612,-80.341962,9,2025,39,39
2025-09-17,"Durham Armory","Durham",36.0329550008979,-78.904037,9,2025,29,30
2025-09-17,"Frying Pan Mountain","Haywood",35.379167,-82.7925,9,2025,NA,44
2025-09-17,"Garinger High School","Mecklenburg",35.2401000008895,-80.785683,9,2025,47,46
2025-09-17,"Hattie Avenue","Forsyth",36.11094,-80.224501,9,2025,41,42
2025-09-17,"Leggett","Edgecombe",35.988278,-77.5843,9,2025,17,25
2025-09-17,"Linville Falls","Avery",35.972347,-81.933072,9,2025,NA,38
2025-09-17,"Mendenhall School","Guilford",36.1090060008986,-79.802314,9,2025,33,32
2025-09-17,"Millbrook School","Wake",35.856111,-78.574167,9,2025,25,27
2025-09-17,"Pitt Agri. Center","Pitt",35.6412760008938,-77.360126,9,2025,17,27
2025-09-17,"West Johnston Co.","Johnston",35.59095,-78.4622,9,2025,28,35
2025-09-18,"Bryson City","Swain",35.434767,-83.442133,9,2025,38,38
2025-09-18,"Castle Hayne","New Hanover",34.364167,-77.838611,9,2025,21,33
2025-09-18,"Clemmons Middle","Forsyth",36.026612,-80.341962,9,2025,27,41
2025-09-18,"Durham Armory","Durham",36.0329550008979,-78.904037,9,2025,26,35
2025-09-18,"Frying Pan Mountain","Haywood",35.379167,-82.7925,9,2025,NA,44
2025-09-18,"Garinger High School","Mecklenburg",35.2401000008895,-80.785683,9,2025,52,64
2025-09-18,"Hattie Avenue","Forsyth",36.11094,-80.224501,9,2025,30,45
2025-09-18,"Leggett","Edgecombe",35.988278,-77.5843,9,2025,NA,26
2025-09-18,"Linville Falls","Avery",35.972347,-81.933072,9,2025,NA,37
2025-09-18,"Mendenhall School","Guilford",36.1090060008986,-79.802314,9,2025,16,41
2025-09-18,"Millbrook School","Wake",35.856111,-78.574167,9,2025,22,33
2025-09-18,"Pitt Agri. Center","Pitt",35.6412760008938,-77.360126,9,2025,19,25
2025-09-18,"West Johnston Co.","Johnston",35.59095,-78.4622,9,2025,23,41
2025-09-19,"Bryson City","Swain",35.434767,-83.442133,9,2025,32,36
2025-09-19,"Castle Hayne","New Hanover",34.364167,-77.838611,9,2025,37.5,42
2025-09-19,"Clemmons Middle","Forsyth",36.026612,-80.341962,9,2025,47,77
2025-09-19,"Durham Armory","Durham",36.0329550008979,-78.904037,9,2025,51,67
2025-09-19,"Frying Pan Mountain","Haywood",35.379167,-82.7925,9,2025,32,51
2025-09-19,"Garinger High School","Mecklenburg",35.2401000008895,-80.785683,9,2025,57,67
2025-09-19,"Hattie Avenue","Forsyth",36.11094,-80.224501,9,2025,51.5,87
2025-09-19,"Leggett","Edgecombe",35.988278,-77.5843,9,2025,NA,47
2025-09-19,"Linville Falls","Avery",35.972347,-81.933072,9,2025,34,34
2025-09-19,"Mendenhall School","Guilford",36.1090060008986,-79.802314,9,2025,46,74
2025-09-19,"Millbrook School","Wake",35.856111,-78.574167,9,2025,48.5,67
2025-09-19,"Pitt Agri. Center","Pitt",35.6412760008938,-77.360126,9,2025,16,45
2025-09-19,"West Johnston Co.","Johnston",35.59095,-78.4622,9,2025,54,49
2025-09-20,"Bryson City","Swain",35.434767,-83.442133,9,2025,32,32
2025-09-20,"Castle Hayne","New Hanover",34.364167,-77.838611,9,2025,32.5,39
2025-09-20,"Clemmons Middle","Forsyth",36.026612,-80.341962,9,2025,55,61
2025-09-20,"Durham Armory","Durham",36.0329550008979,-78.904037,9,2025,57,50
2025-09-20,"Frying Pan Mountain","Haywood",35.379167,-82.7925,9,2025,NA,50
2025-09-20,"Garinger High School","Mecklenburg",35.2401000008895,-80.785683,9,2025,59,77
2025-09-20,"Hattie Avenue","Forsyth",36.11094,-80.224501,9,2025,55,61
2025-09-20,"Leggett","Edgecombe",35.988278,-77.5843,9,2025,NA,49
2025-09-20,"Linville Falls","Avery",35.972347,-81.933072,9,2025,NA,44
2025-09-20,"Mendenhall School","Guilford",36.1090060008986,-79.802314,9,2025,52,47
2025-09-20,"Millbrook School","Wake",35.856111,-78.574167,9,2025,54,47
2025-09-20,"Pitt Agri. Center","Pitt",35.6412760008938,-77.360126,9,2025,7,49
2025-09-20,"West Johnston Co.","Johnston",35.59095,-78.4622,9,2025,52,49
2025-09-21,"Bryson City","Swain",35.434767,-83.442133,9,2025,43,34
2025-09-21,"Castle Hayne","New Hanover",34.364167,-77.838611,9,2025,46.5,40
2025-09-21,"Clemmons Middle","Forsyth",36.026612,-80.341962,9,2025,55,47
2025-09-21,"Durham Armory","Durham",36.0329550008979,-78.904037,9,2025,56,47
2025-09-21,"Frying Pan Mountain","Haywood",35.379167,-82.7925,9,2025,NA,37
2025-09-21,"Garinger High School","Mecklenburg",35.2401000008895,-80.785683,9,2025,57,48
2025-09-21,"Hattie Avenue","Forsyth",36.11094,-80.224501,9,2025,57,49
2025-09-21,"Leggett","Edgecombe",35.988278,-77.5843,9,2025,3,40
2025-09-21,"Linville Falls","Avery",35.972347,-81.933072,9,2025,NA,43
2025-09-21,"Mendenhall School","Guilford",36.1090060008986,-79.802314,9,2025,53,41
2025-09-21,"Millbrook School","Wake",35.856111,-78.574167,9,2025,54,43
2025-09-21,"Pitt Agri. Center","Pitt",35.6412760008938,-77.360126,9,2025,6,37
2025-09-21,"West Johnston Co.","Johnston",35.59095,-78.4622,9,2025,54,43
2025-09-22,"Bryson City","Swain",35.434767,-83.442133,9,2025,52,34
2025-09-22,"Castle Hayne","New Hanover",34.364167,-77.838611,9,2025,32.5,23
2025-09-22,"Clemmons Middle","Forsyth",36.026612,-80.341962,9,2025,53.5,44
2025-09-22,"Durham Armory","Durham",36.0329550008979,-78.904037,9,2025,50,46
2025-09-22,"Frying Pan Mountain","Haywood",35.379167,-82.7925,9,2025,38,38
2025-09-22,"Garinger High School","Mecklenburg",35.2401000008895,-80.785683,9,2025,55,45
2025-09-22,"Hattie Avenue","Forsyth",36.11094,-80.224501,9,2025,55.5,49
2025-09-22,"Leggett","Edgecombe",35.988278,-77.5843,9,2025,NA,36
2025-09-22,"Linville Falls","Avery",35.972347,-81.933072,9,2025,47,43
2025-09-22,"Mendenhall School","Guilford",36.1090060008986,-79.802314,9,2025,48,45
2025-09-22,"Millbrook School","Wake",35.856111,-78.574167,9,2025,38,42
2025-09-22,"Pitt Agri. Center","Pitt",35.6412760008938,-77.360126,9,2025,6,35
2025-09-22,"West Johnston Co.","Johnston",35.59095,-78.4622,9,2025,34,41
2025-09-23,"Bryson City","Swain",35.434767,-83.442133,9,2025,52,31
2025-09-23,"Castle Hayne","New Hanover",34.364167,-77.838611,9,2025,17.5,29
2025-09-23,"Clemmons Middle","Forsyth",36.026612,-80.341962,9,2025,56,54
2025-09-23,"Durham Armory","Durham",36.0329550008979,-78.904037,9,2025,55,48
2025-09-23,"Frying Pan Mountain","Haywood",35.379167,-82.7925,9,2025,NA,36
2025-09-23,"Garinger High School","Mecklenburg",35.2401000008895,-80.785683,9,2025,55,49
2025-09-23,"Hattie Avenue","Forsyth",36.11094,-80.224501,9,2025,58,64
2025-09-23,"Leggett","Edgecombe",35.988278,-77.5843,9,2025,NA,41
2025-09-23,"Linville Falls","Avery",35.972347,-81.933072,9,2025,NA,33
2025-09-23,"Mendenhall School","Guilford",36.1090060008986,-79.802314,9,2025,52,51
2025-09-23,"Millbrook School","Wake",35.856111,-78.574167,9,2025,46,48
2025-09-23,"Pitt Agri. Center","Pitt",35.6412760008938,-77.360126,9,2025,8,35
2025-09-23,"West Johnston Co.","Johnston",35.59095,-78.4622,9,2025,43,45
2025-09-24,"Bryson City","Swain",35.434767,-83.442133,9,2025,51,22
2025-09-24,"Castle Hayne","New Hanover",34.364167,-77.838611,9,2025,10.5,26
2025-09-24,"Clemmons Middle","Forsyth",36.026612,-80.341962,9,2025,56,48
2025-09-24,"Durham Armory","Durham",36.0329550008979,-78.904037,9,2025,57,45
2025-09-24,"Frying Pan Mountain","Haywood",35.379167,-82.7925,9,2025,NA,37
2025-09-24,"Garinger High School","Mecklenburg",35.2401000008895,-80.785683,9,2025,56,42
2025-09-24,"Hattie Avenue","Forsyth",36.11094,-80.224501,9,2025,59,54
2025-09-24,"Leggett","Edgecombe",35.988278,-77.5843,9,2025,NA,41
2025-09-24,"Linville Falls","Avery",35.972347,-81.933072,9,2025,NA,31
2025-09-24,"Mendenhall School","Guilford",36.1090060008986,-79.802314,9,2025,54,58
2025-09-24,"Millbrook School","Wake",35.856111,-78.574167,9,2025,44,43
2025-09-24,"Pitt Agri. Center","Pitt",35.6412760008938,-77.360126,9,2025,19,32
2025-09-24,"West Johnston Co.","Johnston",35.59095,-78.4622,9,2025,43,44
2025-09-25,"Bryson City","Swain",35.434767,-83.442133,9,2025,14,25
2025-09-25,"Castle Hayne","New Hanover",34.364167,-77.838611,9,2025,16,31
2025-09-25,"Clemmons Middle","Forsyth",36.026612,-80.341962,9,2025,41,31
2025-09-25,"Durham Armory","Durham",36.0329550008979,-78.904037,9,2025,42,34
2025-09-25,"Frying Pan Mountain","Haywood",35.379167,-82.7925,9,2025,11,32
2025-09-25,"Garinger High School","Mecklenburg",35.2401000008895,-80.785683,9,2025,40.5,33
2025-09-25,"Hattie Avenue","Forsyth",36.11094,-80.224501,9,2025,43.5,32
2025-09-25,"Leggett","Edgecombe",35.988278,-77.5843,9,2025,NA,35
2025-09-25,"Linville Falls","Avery",35.972347,-81.933072,9,2025,19,27
2025-09-25,"Mendenhall School","Guilford",36.1090060008986,-79.802314,9,2025,52,33
2025-09-25,"Millbrook School","Wake",35.856111,-78.574167,9,2025,40,34
2025-09-25,"Pitt Agri. Center","Pitt",35.6412760008938,-77.360126,9,2025,36,32
2025-09-25,"West Johnston Co.","Johnston",35.59095,-78.4622,9,2025,50,NA
2025-09-26,"Bryson City","Swain",35.434767,-83.442133,9,2025,16,26
2025-09-26,"Castle Hayne","New Hanover",34.364167,-77.838611,9,2025,22.5,27
2025-09-26,"Clemmons Middle","Forsyth",36.026612,-80.341962,9,2025,31,34
2025-09-26,"Durham Armory","Durham",36.0329550008979,-78.904037,9,2025,28,34
2025-09-26,"Frying Pan Mountain","Haywood",35.379167,-82.7925,9,2025,NA,30
2025-09-26,"Garinger High School","Mecklenburg",35.2401000008895,-80.785683,9,2025,26,31
2025-09-26,"Hattie Avenue","Forsyth",36.11094,-80.224501,9,2025,26,37
2025-09-26,"Leggett","Edgecombe",35.988278,-77.5843,9,2025,22,41
2025-09-26,"Linville Falls","Avery",35.972347,-81.933072,9,2025,NA,29
2025-09-26,"Mendenhall School","Guilford",36.1090060008986,-79.802314,9,2025,27,28
2025-09-26,"Millbrook School","Wake",35.856111,-78.574167,9,2025,41,37
2025-09-26,"Pitt Agri. Center","Pitt",35.6412760008938,-77.360126,9,2025,35,35
2025-09-26,"West Johnston Co.","Johnston",35.59095,-78.4622,9,2025,51,31
2025-09-27,"Bryson City","Swain",35.434767,-83.442133,9,2025,13,27
2025-09-27,"Castle Hayne","New Hanover",34.364167,-77.838611,9,2025,22.5,14
2025-09-27,"Clemmons Middle","Forsyth",36.026612,-80.341962,9,2025,17,33
2025-09-27,"Durham Armory","Durham",36.0329550008979,-78.904037,9,2025,23,29
2025-09-27,"Frying Pan Mountain","Haywood",35.379167,-82.7925,9,2025,NA,35
2025-09-27,"Garinger High School","Mecklenburg",35.2401000008895,-80.785683,9,2025,28,34
2025-09-27,"Hattie Avenue","Forsyth",36.11094,-80.224501,9,2025,17,39
2025-09-27,"Leggett","Edgecombe",35.988278,-77.5843,9,2025,48,20
2025-09-27,"Linville Falls","Avery",35.972347,-81.933072,9,2025,NA,29
2025-09-27,"Mendenhall School","Guilford",36.1090060008986,-79.802314,9,2025,8,36
2025-09-27,"Millbrook School","Wake",35.856111,-78.574167,9,2025,27,30
2025-09-27,"Pitt Agri. Center","Pitt",35.6412760008938,-77.360126,9,2025,33,20
2025-09-27,"West Johnston Co.","Johnston",35.59095,-78.4622,9,2025,32,24
2025-09-28,"Bryson City","Swain",35.434767,-83.442133,9,2025,22,31
2025-09-28,"Castle Hayne","New Hanover",34.364167,-77.838611,9,2025,32.5,21
2025-09-28,"Clemmons Middle","Forsyth",36.026612,-80.341962,9,2025,26,40
2025-09-28,"Durham Armory","Durham",36.0329550008979,-78.904037,9,2025,29,37
2025-09-28,"Frying Pan Mountain","Haywood",35.379167,-82.7925,9,2025,14,38
2025-09-28,"Garinger High School","Mecklenburg",35.2401000008895,-80.785683,9,2025,28.5,36
2025-09-28,"Hattie Avenue","Forsyth",36.11094,-80.224501,9,2025,28.5,41
2025-09-28,"Leggett","Edgecombe",35.988278,-77.5843,9,2025,24,31
2025-09-28,"Linville Falls","Avery",35.972347,-81.933072,9,2025,21,29
2025-09-28,"Mendenhall School","Guilford",36.1090060008986,-79.802314,9,2025,21,32
2025-09-28,"Millbrook School","Wake",35.856111,-78.574167,9,2025,33.5,35
2025-09-28,"Pitt Agri. Center","Pitt",35.6412760008938,-77.360126,9,2025,24,27
2025-09-28,"West Johnston Co.","Johnston",35.59095,-78.4622,9,2025,27,33
2025-09-29,"Bryson City","Swain",35.434767,-83.442133,9,2025,22,37
2025-09-29,"Castle Hayne","New Hanover",34.364167,-77.838611,9,2025,18.5,18
2025-09-29,"Clemmons Middle","Forsyth",36.026612,-80.341962,9,2025,37,37
2025-09-29,"Durham Armory","Durham",36.0329550008979,-78.904037,9,2025,36,28
2025-09-29,"Frying Pan Mountain","Haywood",35.379167,-82.7925,9,2025,NA,36
2025-09-29,"Garinger High School","Mecklenburg",35.2401000008895,-80.785683,9,2025,30,29
2025-09-29,"Hattie Avenue","Forsyth",36.11094,-80.224501,9,2025,38,39
2025-09-29,"Leggett","Edgecombe",35.988278,-77.5843,9,2025,30,31
2025-09-29,"Linville Falls","Avery",35.972347,-81.933072,9,2025,NA,35
2025-09-29,"Mendenhall School","Guilford",36.1090060008986,-79.802314,9,2025,33,29
2025-09-29,"Millbrook School","Wake",35.856111,-78.574167,9,2025,41,23
2025-09-29,"Pitt Agri. Center","Pitt",35.6412760008938,-77.360126,9,2025,27,25
2025-09-29,"West Johnston Co.","Johnston",35.59095,-78.4622,9,2025,33,24
2025-09-30,"Bryson City","Swain",35.434767,-83.442133,9,2025,8,19
2025-09-30,"Castle Hayne","New Hanover",34.364167,-77.838611,9,2025,31.5,28
2025-09-30,"Clemmons Middle","Forsyth",36.026612,-80.341962,9,2025,39,37
2025-09-30,"Durham Armory","Durham",36.0329550008979,-78.904037,9,2025,53,NA
2025-09-30,"Frying Pan Mountain","Haywood",35.379167,-82.7925,9,2025,NA,39
2025-09-30,"Garinger High School","Mecklenburg",35.2401000008895,-80.785683,9,2025,39,40
2025-09-30,"Hattie Avenue","Forsyth",36.11094,-80.224501,9,2025,41,39
2025-09-30,"Leggett","Edgecombe",35.988278,-77.5843,9,2025,44,33
2025-09-30,"Linville Falls","Avery",35.972347,-81.933072,9,2025,NA,29
2025-09-30,"Mendenhall School","Guilford",36.1090060008986,-79.802314,9,2025,35,33
2025-09-30,"Millbrook School","Wake",35.856111,-78.574167,9,2025,55,29
2025-09-30,"Pitt Agri. Center","Pitt",35.6412760008938,-77.360126,9,2025,33,36
2025-09-30,"West Johnston Co.","Johnston",35.59095,-78.4622,9,2025,52,31
2025-10-01,"Bryson City","Swain",35.434767,-83.442133,10,2025,13,25
2025-10-01,"Castle Hayne","New Hanover",34.364167,-77.838611,10,2025,51.5,31
2025-10-01,"Clemmons Middle","Forsyth",36.026612,-80.341962,10,2025,52,41
2025-10-01,"Durham Armory","Durham",36.0329550008979,-78.904037,10,2025,50,NA
2025-10-01,"Frying Pan Mountain","Haywood",35.379167,-82.7925,10,2025,NA,45
2025-10-01,"Garinger High School","Mecklenburg",35.2401000008895,-80.785683,10,2025,45,44
2025-10-01,"Hattie Avenue","Forsyth",36.11094,-80.224501,10,2025,47,41
2025-10-01,"Leggett","Edgecombe",35.988278,-77.5843,10,2025,37,31
2025-10-01,"Linville Falls","Avery",35.972347,-81.933072,10,2025,NA,41
2025-10-01,"Mendenhall School","Guilford",36.1090060008986,-79.802314,10,2025,36,33
2025-10-01,"Millbrook School","Wake",35.856111,-78.574167,10,2025,46.5,31
2025-10-01,"Pitt Agri. Center","Pitt",35.6412760008938,-77.360126,10,2025,40,32
2025-10-01,"West Johnston Co.","Johnston",35.59095,-78.4622,10,2025,39,31
2025-10-02,"Bryson City","Swain",35.434767,-83.442133,10,2025,32,30
2025-10-02,"Castle Hayne","New Hanover",34.364167,-77.838611,10,2025,29,25
2025-10-02,"Clemmons Middle","Forsyth",36.026612,-80.341962,10,2025,33,38
2025-10-02,"Durham Armory","Durham",36.0329550008979,-78.904037,10,2025,31,31
2025-10-02,"Frying Pan Mountain","Haywood",35.379167,-82.7925,10,2025,NA,40
2025-10-02,"Garinger High School","Mecklenburg",35.2401000008895,-80.785683,10,2025,37,35
2025-10-02,"Hattie Avenue","Forsyth",36.11094,-80.224501,10,2025,34,38
2025-10-02,"Leggett","Edgecombe",35.988278,-77.5843,10,2025,18,30
2025-10-02,"Linville Falls","Avery",35.972347,-81.933072,10,2025,NA,38
2025-10-02,"Mendenhall School","Guilford",36.1090060008986,-79.802314,10,2025,NA,30
2025-10-02,"Millbrook School","Wake",35.856111,-78.574167,10,2025,31,31
2025-10-02,"Pitt Agri. Center","Pitt",35.6412760008938,-77.360126,10,2025,26,29
2025-10-02,"West Johnston Co.","Johnston",35.59095,-78.4622,10,2025,23,30
2025-10-03,"Bryson City","Swain",35.434767,-83.442133,10,2025,32,31
2025-10-03,"Castle Hayne","New Hanover",34.364167,-77.838611,10,2025,27.5,27
2025-10-03,"Clemmons Middle","Forsyth",36.026612,-80.341962,10,2025,24,36
2025-10-03,"Durham Armory","Durham",36.0329550008979,-78.904037,10,2025,32,33
2025-10-03,"Frying Pan Mountain","Haywood",35.379167,-82.7925,10,2025,NA,44
2025-10-03,"Garinger High School","Mecklenburg",35.2401000008895,-80.785683,10,2025,32,35
2025-10-03,"Hattie Avenue","Forsyth",36.11094,-80.224501,10,2025,28,35
2025-10-03,"Leggett","Edgecombe",35.988278,-77.5843,10,2025,22,33
2025-10-03,"Linville Falls","Avery",35.972347,-81.933072,10,2025,NA,29
2025-10-03,"Mendenhall School","Guilford",36.1090060008986,-79.802314,10,2025,NA,31
2025-10-03,"Millbrook School","Wake",35.856111,-78.574167,10,2025,31,31
2025-10-03,"Pitt Agri. Center","Pitt",35.6412760008938,-77.360126,10,2025,23,32
2025-10-03,"West Johnston Co.","Johnston",35.59095,-78.4622,10,2025,NA,33
2025-10-04,"Bryson City","Swain",35.434767,-83.442133,10,2025,39,27
2025-10-04,"Castle Hayne","New Hanover",34.364167,-77.838611,10,2025,19,28
2025-10-04,"Clemmons Middle","Forsyth",36.026612,-80.341962,10,2025,39,41
2025-10-04,"Durham Armory","Durham",36.0329550008979,-78.904037,10,2025,36,42
2025-10-04,"Frying Pan Mountain","Haywood",35.379167,-82.7925,10,2025,NA,36
2025-10-04,"Garinger High School","Mecklenburg",35.2401000008895,-80.785683,10,2025,48.5,34
2025-10-04,"Hattie Avenue","Forsyth",36.11094,-80.224501,10,2025,43.5,46
2025-10-04,"Leggett","Edgecombe",35.988278,-77.5843,10,2025,23,32
2025-10-04,"Linville Falls","Avery",35.972347,-81.933072,10,2025,NA,34
2025-10-04,"Mendenhall School","Guilford",36.1090060008986,-79.802314,10,2025,NA,41
2025-10-04,"Millbrook School","Wake",35.856111,-78.574167,10,2025,37,35
2025-10-04,"Pitt Agri. Center","Pitt",35.6412760008938,-77.360126,10,2025,25,31
2025-10-04,"West Johnston Co.","Johnston",35.59095,-78.4622,10,2025,NA,33
2025-10-05,"Bryson City","Swain",35.434767,-83.442133,10,2025,22,28
2025-10-05,"Castle Hayne","New Hanover",34.364167,-77.838611,10,2025,15,34
2025-10-05,"Clemmons Middle","Forsyth",36.026612,-80.341962,10,2025,38,31
2025-10-05,"Durham Armory","Durham",36.0329550008979,-78.904037,10,2025,35,31
2025-10-05,"Frying Pan Mountain","Haywood",35.379167,-82.7925,10,2025,NA,28
2025-10-05,"Garinger High School","Mecklenburg",35.2401000008895,-80.785683,10,2025,35,30
2025-10-05,"Hattie Avenue","Forsyth",36.11094,-80.224501,10,2025,30,34
2025-10-05,"Leggett","Edgecombe",35.988278,-77.5843,10,2025,18,31
2025-10-05,"Linville Falls","Avery",35.972347,-81.933072,10,2025,NA,29
2025-10-05,"Mendenhall School","Guilford",36.1090060008986,-79.802314,10,2025,NA,31
2025-10-05,"Millbrook School","Wake",35.856111,-78.574167,10,2025,30,31
2025-10-05,"Pitt Agri. Center","Pitt",35.6412760008938,-77.360126,10,2025,22,31
2025-10-05,"West Johnston Co.","Johnston",35.59095,-78.4622,10,2025,NA,31
2025-10-06,"Bryson City","Swain",35.434767,-83.442133,10,2025,13,28
2025-10-06,"Castle Hayne","New Hanover",34.364167,-77.838611,10,2025,14,31
2025-10-06,"Clemmons Middle","Forsyth",36.026612,-80.341962,10,2025,33,38
2025-10-06,"Durham Armory","Durham",36.0329550008979,-78.904037,10,2025,29,42
2025-10-06,"Frying Pan Mountain","Haywood",35.379167,-82.7925,10,2025,NA,26
2025-10-06,"Garinger High School","Mecklenburg",35.2401000008895,-80.785683,10,2025,34,27
2025-10-06,"Hattie Avenue","Forsyth",36.11094,-80.224501,10,2025,28,43
2025-10-06,"Leggett","Edgecombe",35.988278,-77.5843,10,2025,17,34
2025-10-06,"Linville Falls","Avery",35.972347,-81.933072,10,2025,NA,33
2025-10-06,"Mendenhall School","Guilford",36.1090060008986,-79.802314,10,2025,NA,34
2025-10-06,"Millbrook School","Wake",35.856111,-78.574167,10,2025,27,35
2025-10-06,"Pitt Agri. Center","Pitt",35.6412760008938,-77.360126,10,2025,14,33
2025-10-06,"West Johnston Co.","Johnston",35.59095,-78.4622,10,2025,NA,35
2025-10-07,"Bryson City","Swain",35.434767,-83.442133,10,2025,18,23
2025-10-07,"Castle Hayne","New Hanover",34.364167,-77.838611,10,2025,12,31
2025-10-07,"Clemmons Middle","Forsyth",36.026612,-80.341962,10,2025,26,32
2025-10-07,"Durham Armory","Durham",36.0329550008979,-78.904037,10,2025,27,35
2025-10-07,"Frying Pan Mountain","Haywood",35.379167,-82.7925,10,2025,NA,24
2025-10-07,"Garinger High School","Mecklenburg",35.2401000008895,-80.785683,10,2025,21,31
2025-10-07,"Hattie Avenue","Forsyth",36.11094,-80.224501,10,2025,29,33
2025-10-07,"Leggett","Edgecombe",35.988278,-77.5843,10,2025,14,31
2025-10-07,"Linville Falls","Avery",35.972347,-81.933072,10,2025,NA,30
2025-10-07,"Mendenhall School","Guilford",36.1090060008986,-79.802314,10,2025,19,31
2025-10-07,"Millbrook School","Wake",35.856111,-78.574167,10,2025,27.5,31
2025-10-07,"Pitt Agri. Center","Pitt",35.6412760008938,-77.360126,10,2025,18,29
2025-10-07,"West Johnston Co.","Johnston",35.59095,-78.4622,10,2025,NA,31
2025-10-08,"Bryson City","Swain",35.434767,-83.442133,10,2025,22,26
2025-10-08,"Castle Hayne","New Hanover",34.364167,-77.838611,10,2025,22.5,25
2025-10-08,"Clemmons Middle","Forsyth",36.026612,-80.341962,10,2025,18,31
2025-10-08,"Durham Armory","Durham",36.0329550008979,-78.904037,10,2025,23,31
2025-10-08,"Frying Pan Mountain","Haywood",35.379167,-82.7925,10,2025,NA,32
2025-10-08,"Garinger High School","Mecklenburg",35.2401000008895,-80.785683,10,2025,19,28
2025-10-08,"Hattie Avenue","Forsyth",36.11094,-80.224501,10,2025,20,32
2025-10-08,"Leggett","Edgecombe",35.988278,-77.5843,10,2025,19,25
2025-10-08,"Linville Falls","Avery",35.972347,-81.933072,10,2025,NA,31
2025-10-08,"Mendenhall School","Guilford",36.1090060008986,-79.802314,10,2025,15,30
2025-10-08,"Millbrook School","Wake",35.856111,-78.574167,10,2025,23,30
2025-10-08,"Pitt Agri. Center","Pitt",35.6412760008938,-77.360126,10,2025,25,24
2025-10-08,"West Johnston Co.","Johnston",35.59095,-78.4622,10,2025,19,28
2025-10-09,"Bryson City","Swain",35.434767,-83.442133,10,2025,27,29
2025-10-09,"Castle Hayne","New Hanover",34.364167,-77.838611,10,2025,27.5,31
2025-10-09,"Clemmons Middle","Forsyth",36.026612,-80.341962,10,2025,21,38
2025-10-09,"Durham Armory","Durham",36.0329550008979,-78.904037,10,2025,21,38
2025-10-09,"Frying Pan Mountain","Haywood",35.379167,-82.7925,10,2025,NA,37
2025-10-09,"Garinger High School","Mecklenburg",35.2401000008895,-80.785683,10,2025,23,40
2025-10-09,"Hattie Avenue","Forsyth",36.11094,-80.224501,10,2025,20,38
2025-10-09,"Leggett","Edgecombe",35.988278,-77.5843,10,2025,19,34
2025-10-09,"Linville Falls","Avery",35.972347,-81.933072,10,2025,NA,35
2025-10-09,"Mendenhall School","Guilford",36.1090060008986,-79.802314,10,2025,17,34
2025-10-09,"Millbrook School","Wake",35.856111,-78.574167,10,2025,19,35
2025-10-09,"Pitt Agri. Center","Pitt",35.6412760008938,-77.360126,10,2025,21,35
2025-10-09,"West Johnston Co.","Johnston",35.59095,-78.4622,10,2025,22,35
2025-10-10,"Bryson City","Swain",35.434767,-83.442133,10,2025,28,34
2025-10-10,"Castle Hayne","New Hanover",34.364167,-77.838611,10,2025,28,31
2025-10-10,"Clemmons Middle","Forsyth",36.026612,-80.341962,10,2025,22,34
2025-10-10,"Durham Armory","Durham",36.0329550008979,-78.904037,10,2025,24,35
2025-10-10,"Frying Pan Mountain","Haywood",35.379167,-82.7925,10,2025,NA,38
2025-10-10,"Garinger High School","Mecklenburg",35.2401000008895,-80.785683,10,2025,26.5,31
2025-10-10,"Hattie Avenue","Forsyth",36.11094,-80.224501,10,2025,27,33
2025-10-10,"Leggett","Edgecombe",35.988278,-77.5843,10,2025,19,33
2025-10-10,"Linville Falls","Avery",35.972347,-81.933072,10,2025,NA,35
2025-10-10,"Mendenhall School","Guilford",36.1090060008986,-79.802314,10,2025,19,30
2025-10-10,"Millbrook School","Wake",35.856111,-78.574167,10,2025,26,34
2025-10-10,"Pitt Agri. Center","Pitt",35.6412760008938,-77.360126,10,2025,21,33
2025-10-10,"West Johnston Co.","Johnston",35.59095,-78.4622,10,2025,23,34
2025-10-11,"Bryson City","Swain",35.434767,-83.442133,10,2025,35,30
2025-10-11,"Castle Hayne","New Hanover",34.364167,-77.838611,10,2025,15.5,30
2025-10-11,"Clemmons Middle","Forsyth",36.026612,-80.341962,10,2025,24,31
2025-10-11,"Durham Armory","Durham",36.0329550008979,-78.904037,10,2025,27,29
2025-10-11,"Frying Pan Mountain","Haywood",35.379167,-82.7925,10,2025,NA,39
2025-10-11,"Garinger High School","Mecklenburg",35.2401000008895,-80.785683,10,2025,22,30
2025-10-11,"Hattie Avenue","Forsyth",36.11094,-80.224501,10,2025,24,31
2025-10-11,"Leggett","Edgecombe",35.988278,-77.5843,10,2025,22,27
2025-10-11,"Linville Falls","Avery",35.972347,-81.933072,10,2025,NA,38
2025-10-11,"Mendenhall School","Guilford",36.1090060008986,-79.802314,10,2025,15,27
2025-10-11,"Millbrook School","Wake",35.856111,-78.574167,10,2025,30,23
2025-10-11,"Pitt Agri. Center","Pitt",35.6412760008938,-77.360126,10,2025,27,29
2025-10-11,"West Johnston Co.","Johnston",35.59095,-78.4622,10,2025,22,24
2025-10-12,"Bryson City","Swain",35.434767,-83.442133,10,2025,32,33
2025-10-12,"Castle Hayne","New Hanover",34.364167,-77.838611,10,2025,6,28
2025-10-12,"Clemmons Middle","Forsyth",36.026612,-80.341962,10,2025,12,28
2025-10-12,"Durham Armory","Durham",36.0329550008979,-78.904037,10,2025,11,29
2025-10-12,"Frying Pan Mountain","Haywood",35.379167,-82.7925,10,2025,NA,37
2025-10-12,"Garinger High School","Mecklenburg",35.2401000008895,-80.785683,10,2025,9,28
2025-10-12,"Hattie Avenue","Forsyth",36.11094,-80.224501,10,2025,13,28
2025-10-12,"Leggett","Edgecombe",35.988278,-77.5843,10,2025,8,30
2025-10-12,"Linville Falls","Avery",35.972347,-81.933072,10,2025,NA,31
2025-10-12,"Mendenhall School","Guilford",36.1090060008986,-79.802314,10,2025,8,24
2025-10-12,"Millbrook School","Wake",35.856111,-78.574167,10,2025,11,25
2025-10-12,"Pitt Agri. Center","Pitt",35.6412760008938,-77.360126,10,2025,8,30
2025-10-12,"West Johnston Co.","Johnston",35.59095,-78.4622,10,2025,4,29
2025-10-13,"Bryson City","Swain",35.434767,-83.442133,10,2025,29,33
2025-10-13,"Castle Hayne","New Hanover",34.364167,-77.838611,10,2025,22,19
2025-10-13,"Clemmons Middle","Forsyth",36.026612,-80.341962,10,2025,9,32
2025-10-13,"Durham Armory","Durham",36.0329550008979,-78.904037,10,2025,12,29
2025-10-13,"Frying Pan Mountain","Haywood",35.379167,-82.7925,10,2025,NA,39
2025-10-13,"Garinger High School","Mecklenburg",35.2401000008895,-80.785683,10,2025,10.5,35
2025-10-13,"Hattie Avenue","Forsyth",36.11094,-80.224501,10,2025,13,32
2025-10-13,"Leggett","Edgecombe",35.988278,-77.5843,10,2025,7,24
2025-10-13,"Linville Falls","Avery",35.972347,-81.933072,10,2025,NA,37
2025-10-13,"Mendenhall School","Guilford",36.1090060008986,-79.802314,10,2025,11,31
2025-10-13,"Millbrook School","Wake",35.856111,-78.574167,10,2025,11.5,25
2025-10-13,"Pitt Agri. Center","Pitt",35.6412760008938,-77.360126,10,2025,8,21
2025-10-13,"West Johnston Co.","Johnston",35.59095,-78.4622,10,2025,NA,25
2025-10-14,"Bryson City","Swain",35.434767,-83.442133,10,2025,15,34
2025-10-14,"Castle Hayne","New Hanover",34.364167,-77.838611,10,2025,25,19
2025-10-14,"Clemmons Middle","Forsyth",36.026612,-80.341962,10,2025,16,36
2025-10-14,"Durham Armory","Durham",36.0329550008979,-78.904037,10,2025,11.5,26
2025-10-14,"Frying Pan Mountain","Haywood",35.379167,-82.7925,10,2025,NA,43
2025-10-14,"Garinger High School","Mecklenburg",35.2401000008895,-80.785683,10,2025,14,38
2025-10-14,"Hattie Avenue","Forsyth",36.11094,-80.224501,10,2025,19,35
2025-10-14,"Leggett","Edgecombe",35.988278,-77.5843,10,2025,8,20
2025-10-14,"Linville Falls","Avery",35.972347,-81.933072,10,2025,NA,38
2025-10-14,"Mendenhall School","Guilford",36.1090060008986,-79.802314,10,2025,14,30
2025-10-14,"Millbrook School","Wake",35.856111,-78.574167,10,2025,16,22
2025-10-14,"Pitt Agri. Center","Pitt",35.6412760008938,-77.360126,10,2025,9,19
2025-10-14,"West Johnston Co.","Johnston",35.59095,-78.4622,10,2025,NA,22
2025-10-15,"Bryson City","Swain",35.434767,-83.442133,10,2025,34,31
2025-10-15,"Castle Hayne","New Hanover",34.364167,-77.838611,10,2025,29,19
2025-10-15,"Clemmons Middle","Forsyth",36.026612,-80.341962,10,2025,23,38
2025-10-15,"Durham Armory","Durham",36.0329550008979,-78.904037,10,2025,20,39
2025-10-15,"Frying Pan Mountain","Haywood",35.379167,-82.7925,10,2025,NA,44
2025-10-15,"Garinger High School","Mecklenburg",35.2401000008895,-80.785683,10,2025,28,44
2025-10-15,"Hattie Avenue","Forsyth",36.11094,-80.224501,10,2025,22,39
2025-10-15,"Leggett","Edgecombe",35.988278,-77.5843,10,2025,21,34
2025-10-15,"Linville Falls","Avery",35.972347,-81.933072,10,2025,NA,44
2025-10-15,"Mendenhall School","Guilford",36.1090060008986,-79.802314,10,2025,16,36
2025-10-15,"Millbrook School","Wake",35.856111,-78.574167,10,2025,26,37
2025-10-15,"Pitt Agri. Center","Pitt",35.6412760008938,-77.360126,10,2025,19,29
2025-10-15,"West Johnston Co.","Johnston",35.59095,-78.4622,10,2025,NA,35
2025-10-16,"Bryson City","Swain",35.434767,-83.442133,10,2025,27,35
2025-10-16,"Castle Hayne","New Hanover",34.364167,-77.838611,10,2025,29,34
2025-10-16,"Clemmons Middle","Forsyth",36.026612,-80.341962,10,2025,21.5,38
2025-10-16,"Durham Armory","Durham",36.0329550008979,-78.904037,10,2025,21.5,35
2025-10-16,"Frying Pan Mountain","Haywood",35.379167,-82.7925,10,2025,NA,43
2025-10-16,"Garinger High School","Mecklenburg",35.2401000008895,-80.785683,10,2025,26.5,39
2025-10-16,"Hattie Avenue","Forsyth",36.11094,-80.224501,10,2025,29.5,37
2025-10-16,"Leggett","Edgecombe",35.988278,-77.5843,10,2025,18,37
2025-10-16,"Linville Falls","Avery",35.972347,-81.933072,10,2025,NA,40
2025-10-16,"Mendenhall School","Guilford",36.1090060008986,-79.802314,10,2025,14,34
2025-10-16,"Millbrook School","Wake",35.856111,-78.574167,10,2025,29.5,33
2025-10-16,"Pitt Agri. Center","Pitt",35.6412760008938,-77.360126,10,2025,21,35
2025-10-16,"West Johnston Co.","Johnston",35.59095,-78.4622,10,2025,NA,34
2025-10-17,"Bryson City","Swain",35.434767,-83.442133,10,2025,37,35
2025-10-17,"Castle Hayne","New Hanover",34.364167,-77.838611,10,2025,27,35
2025-10-17,"Clemmons Middle","Forsyth",36.026612,-80.341962,10,2025,33,42
2025-10-17,"Durham Armory","Durham",36.0329550008979,-78.904037,10,2025,19.5,38
2025-10-17,"Frying Pan Mountain","Haywood",35.379167,-82.7925,10,2025,NA,43
2025-10-17,"Garinger High School","Mecklenburg",35.2401000008895,-80.785683,10,2025,48,44
2025-10-17,"Hattie Avenue","Forsyth",36.11094,-80.224501,10,2025,23,43
2025-10-17,"Leggett","Edgecombe",35.988278,-77.5843,10,2025,17,33
2025-10-17,"Linville Falls","Avery",35.972347,-81.933072,10,2025,NA,40
2025-10-17,"Mendenhall School","Guilford",36.1090060008986,-79.802314,10,2025,33,41
2025-10-17,"Millbrook School","Wake",35.856111,-78.574167,10,2025,31,33
2025-10-17,"Pitt Agri. Center","Pitt",35.6412760008938,-77.360126,10,2025,21,32
2025-10-17,"West Johnston Co.","Johnston",35.59095,-78.4622,10,2025,13,36
2025-10-18,"Bryson City","Swain",35.434767,-83.442133,10,2025,60,36
2025-10-18,"Castle Hayne","New Hanover",34.364167,-77.838611,10,2025,41,42
2025-10-18,"Clemmons Middle","Forsyth",36.026612,-80.341962,10,2025,55,47
2025-10-18,"Durham Armory","Durham",36.0329550008979,-78.904037,10,2025,48.5,43
2025-10-18,"Frying Pan Mountain","Haywood",35.379167,-82.7925,10,2025,NA,43
2025-10-18,"Garinger High School","Mecklenburg",35.2401000008895,-80.785683,10,2025,52,42
2025-10-18,"Hattie Avenue","Forsyth",36.11094,-80.224501,10,2025,55,50
2025-10-18,"Leggett","Edgecombe",35.988278,-77.5843,10,2025,38,44
2025-10-18,"Linville Falls","Avery",35.972347,-81.933072,10,2025,NA,46
2025-10-18,"Mendenhall School","Guilford",36.1090060008986,-79.802314,10,2025,52,48
2025-10-18,"Millbrook School","Wake",35.856111,-78.574167,10,2025,51,41
2025-10-18,"Pitt Agri. Center","Pitt",35.6412760008938,-77.360126,10,2025,NA,43
2025-10-18,"West Johnston Co.","Johnston",35.59095,-78.4622,10,2025,55,39
2025-10-19,"Bryson City","Swain",35.434767,-83.442133,10,2025,29,33
2025-10-19,"Castle Hayne","New Hanover",34.364167,-77.838611,10,2025,27,39
2025-10-19,"Clemmons Middle","Forsyth",36.026612,-80.341962,10,2025,28,38
2025-10-19,"Durham Armory","Durham",36.0329550008979,-78.904037,10,2025,33,42
2025-10-19,"Frying Pan Mountain","Haywood",35.379167,-82.7925,10,2025,NA,37
2025-10-19,"Garinger High School","Mecklenburg",35.2401000008895,-80.785683,10,2025,30.5,37
2025-10-19,"Hattie Avenue","Forsyth",36.11094,-80.224501,10,2025,29.5,39
2025-10-19,"Leggett","Edgecombe",35.988278,-77.5843,10,2025,29,40
2025-10-19,"Mendenhall School","Guilford",36.1090060008986,-79.802314,10,2025,33,37
2025-10-19,"Millbrook School","Wake",35.856111,-78.574167,10,2025,32.5,39
2025-10-19,"Pitt Agri. Center","Pitt",35.6412760008938,-77.360126,10,2025,NA,38
2025-10-19,"West Johnston Co.","Johnston",35.59095,-78.4622,10,2025,28,41
2025-10-20,"Bryson City","Swain",35.434767,-83.442133,10,2025,15,29
2025-10-20,"Castle Hayne","New Hanover",34.364167,-77.838611,10,2025,23.5,31
2025-10-20,"Clemmons Middle","Forsyth",36.026612,-80.341962,10,2025,17,32
2025-10-20,"Durham Armory","Durham",36.0329550008979,-78.904037,10,2025,14,34
2025-10-20,"Frying Pan Mountain","Haywood",35.379167,-82.7925,10,2025,NA,48
2025-10-20,"Garinger High School","Mecklenburg",35.2401000008895,-80.785683,10,2025,25,33
2025-10-20,"Hattie Avenue","Forsyth",36.11094,-80.224501,10,2025,20,32
2025-10-20,"Leggett","Edgecombe",35.988278,-77.5843,10,2025,10,33
2025-10-20,"Linville Falls","Avery",35.972347,-81.933072,10,2025,NA,34
2025-10-20,"Mendenhall School","Guilford",36.1090060008986,-79.802314,10,2025,11,31
2025-10-20,"Millbrook School","Wake",35.856111,-78.574167,10,2025,21,33
2025-10-20,"Pitt Agri. Center","Pitt",35.6412760008938,-77.360126,10,2025,NA,32
2025-10-20,"West Johnston Co.","Johnston",35.59095,-78.4622,10,2025,15,34
2025-10-21,"Bryson City","Swain",35.434767,-83.442133,10,2025,28,24
2025-10-21,"Castle Hayne","New Hanover",34.364167,-77.838611,10,2025,35.5,38
2025-10-21,"Clemmons Middle","Forsyth",36.026612,-80.341962,10,2025,35,44
2025-10-21,"Durham Armory","Durham",36.0329550008979,-78.904037,10,2025,43,44
2025-10-21,"Frying Pan Mountain","Haywood",35.379167,-82.7925,10,2025,NA,45
2025-10-21,"Garinger High School","Mecklenburg",35.2401000008895,-80.785683,10,2025,50,42
2025-10-21,"Hattie Avenue","Forsyth",36.11094,-80.224501,10,2025,41,44
2025-10-21,"Leggett","Edgecombe",35.988278,-77.5843,10,2025,35,42
2025-10-21,"Linville Falls","Avery",35.972347,-81.933072,10,2025,NA,42
2025-10-21,"Mendenhall School","Guilford",36.1090060008986,-79.802314,10,2025,41,45
2025-10-21,"Millbrook School","Wake",35.856111,-78.574167,10,2025,43,43
2025-10-21,"Pitt Agri. Center","Pitt",35.6412760008938,-77.360126,10,2025,37,38
2025-10-21,"West Johnston Co.","Johnston",35.59095,-78.4622,10,2025,41,44
2025-10-22,"Bryson City","Swain",35.434767,-83.442133,10,2025,16,34
2025-10-22,"Castle Hayne","New Hanover",34.364167,-77.838611,10,2025,44.5,38
2025-10-22,"Clemmons Middle","Forsyth",36.026612,-80.341962,10,2025,19,37
2025-10-22,"Durham Armory","Durham",36.0329550008979,-78.904037,10,2025,26.5,41
2025-10-22,"Frying Pan Mountain","Haywood",35.379167,-82.7925,10,2025,NA,39
2025-10-22,"Garinger High School","Mecklenburg",35.2401000008895,-80.785683,10,2025,29,38
2025-10-22,"Hattie Avenue","Forsyth",36.11094,-80.224501,10,2025,20.5,36
2025-10-22,"Leggett","Edgecombe",35.988278,-77.5843,10,2025,34,40
2025-10-22,"Linville Falls","Avery",35.972347,-81.933072,10,2025,NA,38
2025-10-22,"Mendenhall School","Guilford",36.1090060008986,-79.802314,10,2025,22,36
2025-10-22,"Millbrook School","Wake",35.856111,-78.574167,10,2025,34,38
2025-10-22,"Pitt Agri. Center","Pitt",35.6412760008938,-77.360126,10,2025,34,40
2025-10-22,"West Johnston Co.","Johnston",35.59095,-78.4622,10,2025,53,42
2025-10-23,"Bryson City","Swain",35.434767,-83.442133,10,2025,32,39
2025-10-23,"Castle Hayne","New Hanover",34.364167,-77.838611,10,2025,36.5,34
2025-10-23,"Clemmons Middle","Forsyth",36.026612,-80.341962,10,2025,23,38
2025-10-23,"Durham Armory","Durham",36.0329550008979,-78.904037,10,2025,20,38
2025-10-23,"Frying Pan Mountain","Haywood",35.379167,-82.7925,10,2025,NA,41
2025-10-23,"Garinger High School","Mecklenburg",35.2401000008895,-80.785683,10,2025,28,38
2025-10-23,"Hattie Avenue","Forsyth",36.11094,-80.224501,10,2025,26,37
2025-10-23,"Leggett","Edgecombe",35.988278,-77.5843,10,2025,34,37
2025-10-23,"Linville Falls","Avery",35.972347,-81.933072,10,2025,NA,40
2025-10-23,"Mendenhall School","Guilford",36.1090060008986,-79.802314,10,2025,16,36
2025-10-23,"Millbrook School","Wake",35.856111,-78.574167,10,2025,22,37
2025-10-23,"Pitt Agri. Center","Pitt",35.6412760008938,-77.360126,10,2025,28,37
2025-10-23,"West Johnston Co.","Johnston",35.59095,-78.4622,10,2025,29,38
2025-10-24,"Bryson City","Swain",35.434767,-83.442133,10,2025,23,31
2025-10-24,"Castle Hayne","New Hanover",34.364167,-77.838611,10,2025,32.5,33
2025-10-24,"Clemmons Middle","Forsyth",36.026612,-80.341962,10,2025,23,36
2025-10-24,"Durham Armory","Durham",36.0329550008979,-78.904037,10,2025,22.5,37
2025-10-24,"Frying Pan Mountain","Haywood",35.379167,-82.7925,10,2025,NA,37
2025-10-24,"Garinger High School","Mecklenburg",35.2401000008895,-80.785683,10,2025,NA,38
2025-10-24,"Hattie Avenue","Forsyth",36.11094,-80.224501,10,2025,23,37
2025-10-24,"Leggett","Edgecombe",35.988278,-77.5843,10,2025,25,36
2025-10-24,"Linville Falls","Avery",35.972347,-81.933072,10,2025,NA,38
2025-10-24,"Mendenhall School","Guilford",36.1090060008986,-79.802314,10,2025,24,35
2025-10-24,"Millbrook School","Wake",35.856111,-78.574167,10,2025,27,36
2025-10-24,"Pitt Agri. Center","Pitt",35.6412760008938,-77.360126,10,2025,22,35
2025-10-24,"West Johnston Co.","Johnston",35.59095,-78.4622,10,2025,23,37
2025-10-25,"Bryson City","Swain",35.434767,-83.442133,10,2025,42,34
2025-10-25,"Castle Hayne","New Hanover",34.364167,-77.838611,10,2025,31,31
2025-10-25,"Clemmons Middle","Forsyth",36.026612,-80.341962,10,2025,22,34
2025-10-25,"Durham Armory","Durham",36.0329550008979,-78.904037,10,2025,24.5,34
2025-10-25,"Frying Pan Mountain","Haywood",35.379167,-82.7925,10,2025,NA,39
2025-10-25,"Garinger High School","Mecklenburg",35.2401000008895,-80.785683,10,2025,49,30
2025-10-25,"Hattie Avenue","Forsyth",36.11094,-80.224501,10,2025,36,36
2025-10-25,"Leggett","Edgecombe",35.988278,-77.5843,10,2025,23,31
2025-10-25,"Linville Falls","Avery",35.972347,-81.933072,10,2025,NA,34
2025-10-25,"Mendenhall School","Guilford",36.1090060008986,-79.802314,10,2025,31,33
2025-10-25,"Millbrook School","Wake",35.856111,-78.574167,10,2025,25.5,34
2025-10-25,"Pitt Agri. Center","Pitt",35.6412760008938,-77.360126,10,2025,22,31
2025-10-25,"West Johnston Co.","Johnston",35.59095,-78.4622,10,2025,22,31
2025-10-26,"Bryson City","Swain",35.434767,-83.442133,10,2025,39,25
2025-10-26,"Castle Hayne","New Hanover",34.364167,-77.838611,10,2025,28,25
2025-10-26,"Clemmons Middle","Forsyth",36.026612,-80.341962,10,2025,34,33
2025-10-26,"Durham Armory","Durham",36.0329550008979,-78.904037,10,2025,28.5,32
2025-10-26,"Frying Pan Mountain","Haywood",35.379167,-82.7925,10,2025,NA,36
2025-10-26,"Garinger High School","Mecklenburg",35.2401000008895,-80.785683,10,2025,NA,33
2025-10-26,"Hattie Avenue","Forsyth",36.11094,-80.224501,10,2025,35,32
2025-10-26,"Leggett","Edgecombe",35.988278,-77.5843,10,2025,19,29
2025-10-26,"Linville Falls","Avery",35.972347,-81.933072,10,2025,NA,35
2025-10-26,"Mendenhall School","Guilford",36.1090060008986,-79.802314,10,2025,31,30
2025-10-26,"Millbrook School","Wake",35.856111,-78.574167,10,2025,24,31
2025-10-26,"Pitt Agri. Center","Pitt",35.6412760008938,-77.360126,10,2025,17,29
2025-10-26,"West Johnston Co.","Johnston",35.59095,-78.4622,10,2025,19,31
2025-10-27,"Bryson City","Swain",35.434767,-83.442133,10,2025,12,25
2025-10-27,"Castle Hayne","New Hanover",34.364167,-77.838611,10,2025,18.5,31
2025-10-27,"Clemmons Middle","Forsyth",36.026612,-80.341962,10,2025,30,30
2025-10-27,"Durham Armory","Durham",36.0329550008979,-78.904037,10,2025,24,31
2025-10-27,"Frying Pan Mountain","Haywood",35.379167,-82.7925,10,2025,NA,36
2025-10-27,"Garinger High School","Mecklenburg",35.2401000008895,-80.785683,10,2025,NA,28
2025-10-27,"Hattie Avenue","Forsyth",36.11094,-80.224501,10,2025,30,31
2025-10-27,"Leggett","Edgecombe",35.988278,-77.5843,10,2025,17,31
2025-10-27,"Linville Falls","Avery",35.972347,-81.933072,10,2025,NA,32
2025-10-27,"Mendenhall School","Guilford",36.1090060008986,-79.802314,10,2025,28,26
2025-10-27,"Millbrook School","Wake",35.856111,-78.574167,10,2025,23,31
2025-10-27,"Pitt Agri. Center","Pitt",35.6412760008938,-77.360126,10,2025,14,30
2025-10-27,"West Johnston Co.","Johnston",35.59095,-78.4622,10,2025,18,35
2025-10-28,"Bryson City","Swain",35.434767,-83.442133,10,2025,12,24
2025-10-28,"Castle Hayne","New Hanover",34.364167,-77.838611,10,2025,11,24
2025-10-28,"Clemmons Middle","Forsyth",36.026612,-80.341962,10,2025,18,28
2025-10-28,"Durham Armory","Durham",36.0329550008979,-78.904037,10,2025,15,26
2025-10-28,"Frying Pan Mountain","Haywood",35.379167,-82.7925,10,2025,NA,38
2025-10-28,"Garinger High School","Mecklenburg",35.2401000008895,-80.785683,10,2025,17,27
2025-10-28,"Hattie Avenue","Forsyth",36.11094,-80.224501,10,2025,19,27
2025-10-28,"Leggett","Edgecombe",35.988278,-77.5843,10,2025,16,25
2025-10-28,"Linville Falls","Avery",35.972347,-81.933072,10,2025,NA,34
2025-10-28,"Mendenhall School","Guilford",36.1090060008986,-79.802314,10,2025,14,22
2025-10-28,"Millbrook School","Wake",35.856111,-78.574167,10,2025,16.5,23
2025-10-28,"Pitt Agri. Center","Pitt",35.6412760008938,-77.360126,10,2025,9,23
2025-10-28,"West Johnston Co.","Johnston",35.59095,-78.4622,10,2025,11,29
2025-10-29,"Bryson City","Swain",35.434767,-83.442133,10,2025,9,18
2025-10-29,"Castle Hayne","New Hanover",34.364167,-77.838611,10,2025,13.5,18
2025-10-29,"Clemmons Middle","Forsyth",36.026612,-80.341962,10,2025,19,13
2025-10-29,"Durham Armory","Durham",36.0329550008979,-78.904037,10,2025,16.5,14
2025-10-29,"Frying Pan Mountain","Haywood",35.379167,-82.7925,10,2025,NA,24
2025-10-29,"Garinger High School","Mecklenburg",35.2401000008895,-80.785683,10,2025,17,12
2025-10-29,"Hattie Avenue","Forsyth",36.11094,-80.224501,10,2025,18,15
2025-10-29,"Leggett","Edgecombe",35.988278,-77.5843,10,2025,12,19
2025-10-29,"Linville Falls","Avery",35.972347,-81.933072,10,2025,NA,18
2025-10-29,"Mendenhall School","Guilford",36.1090060008986,-79.802314,10,2025,12,11
2025-10-29,"Millbrook School","Wake",35.856111,-78.574167,10,2025,20,14
2025-10-29,"Pitt Agri. Center","Pitt",35.6412760008938,-77.360126,10,2025,11,19
2025-10-29,"West Johnston Co.","Johnston",35.59095,-78.4622,10,2025,15,16
2025-10-30,"Bryson City","Swain",35.434767,-83.442133,10,2025,9,19
2025-10-30,"Castle Hayne","New Hanover",34.364167,-77.838611,10,2025,22.5,27
2025-10-30,"Clemmons Middle","Forsyth",36.026612,-80.341962,10,2025,10,26
2025-10-30,"Durham Armory","Durham",36.0329550008979,-78.904037,10,2025,13.5,27
2025-10-30,"Frying Pan Mountain","Haywood",35.379167,-82.7925,10,2025,NA,30
2025-10-30,"Garinger High School","Mecklenburg",35.2401000008895,-80.785683,10,2025,7,22
2025-10-30,"Hattie Avenue","Forsyth",36.11094,-80.224501,10,2025,10,25
2025-10-30,"Leggett","Edgecombe",35.988278,-77.5843,10,2025,18,29
2025-10-30,"Linville Falls","Avery",35.972347,-81.933072,10,2025,NA,29
2025-10-30,"Mendenhall School","Guilford",36.1090060008986,-79.802314,10,2025,6,25
2025-10-30,"Millbrook School","Wake",35.856111,-78.574167,10,2025,22,21
2025-10-30,"Pitt Agri. Center","Pitt",35.6412760008938,-77.360126,10,2025,12,28
2025-10-30,"West Johnston Co.","Johnston",35.59095,-78.4622,10,2025,19,24
2025-10-31,"Bryson City","Swain",35.434767,-83.442133,10,2025,28,32
2025-10-31,"Castle Hayne","New Hanover",34.364167,-77.838611,10,2025,27.5,31
2025-10-31,"Clemmons Middle","Forsyth",36.026612,-80.341962,10,2025,19,33
2025-10-31,"Durham Armory","Durham",36.0329550008979,-78.904037,10,2025,19,36
2025-10-31,"Frying Pan Mountain","Haywood",35.379167,-82.7925,10,2025,NA,34
2025-10-31,"Garinger High School","Mecklenburg",35.2401000008895,-80.785683,10,2025,27,31
2025-10-31,"Hattie Avenue","Forsyth",36.11094,-80.224501,10,2025,22,32
2025-10-31,"Leggett","Edgecombe",35.988278,-77.5843,10,2025,18,34
2025-10-31,"Linville Falls","Avery",35.972347,-81.933072,10,2025,NA,33
2025-10-31,"Mendenhall School","Guilford",36.1090060008986,-79.802314,10,2025,20,31
2025-10-31,"Millbrook School","Wake",35.856111,-78.574167,10,2025,20,34
2025-10-31,"Pitt Agri. Center","Pitt",35.6412760008938,-77.360126,10,2025,19,35
2025-10-31,"West Johnston Co.","Johnston",35.59095,-78.4622,10,2025,19,34
2025-11-01,"Bryson City","Swain",35.434767,-83.442133,11,2025,33,25
2025-11-01,"Castle Hayne","New Hanover",34.364167,-77.838611,11,2025,39,32
2025-11-01,"Clemmons Middle","Forsyth",36.026612,-80.341962,11,2025,32,35
2025-11-01,"Durham Armory","Durham",36.0329550008979,-78.904037,11,2025,42,35
2025-11-01,"Frying Pan Mountain","Haywood",35.379167,-82.7925,11,2025,NA,36
2025-11-01,"Garinger High School","Mecklenburg",35.2401000008895,-80.785683,11,2025,66,36
2025-11-01,"Hattie Avenue","Forsyth",36.11094,-80.224501,11,2025,46,35
2025-11-01,"Leggett","Edgecombe",35.988278,-77.5843,11,2025,38,33
2025-11-01,"Linville Falls","Avery",35.972347,-81.933072,11,2025,NA,34
2025-11-01,"Mendenhall School","Guilford",36.1090060008986,-79.802314,11,2025,62,32
2025-11-01,"Millbrook School","Wake",35.856111,-78.574167,11,2025,46,33
2025-11-01,"Pitt Agri. Center","Pitt",35.6412760008938,-77.360126,11,2025,37,33
2025-11-01,"West Johnston Co.","Johnston",35.59095,-78.4622,11,2025,47,34
2025-11-02,"Bryson City","Swain",35.434767,-83.442133,11,2025,31,31
2025-11-02,"Castle Hayne","New Hanover",34.364167,-77.838611,11,2025,35,35
2025-11-02,"Clemmons Middle","Forsyth",36.026612,-80.341962,11,2025,50,37
2025-11-02,"Durham Armory","Durham",36.0329550008979,-78.904037,11,2025,51,37
2025-11-02,"Frying Pan Mountain","Haywood",35.379167,-82.7925,11,2025,NA,38
2025-11-02,"Garinger High School","Mecklenburg",35.2401000008895,-80.785683,11,2025,66,33
2025-11-02,"Hattie Avenue","Forsyth",36.11094,-80.224501,11,2025,56,39
2025-11-02,"Leggett","Edgecombe",35.988278,-77.5843,11,2025,33,37
2025-11-02,"Linville Falls","Avery",35.972347,-81.933072,11,2025,NA,37
2025-11-02,"Mendenhall School","Guilford",36.1090060008986,-79.802314,11,2025,55,34
2025-11-02,"Millbrook School","Wake",35.856111,-78.574167,11,2025,57,34
2025-11-02,"Pitt Agri. Center","Pitt",35.6412760008938,-77.360126,11,2025,43,35
2025-11-02,"West Johnston Co.","Johnston",35.59095,-78.4622,11,2025,63,33
2025-11-03,"Bryson City","Swain",35.434767,-83.442133,11,2025,15,NA
2025-11-03,"Castle Hayne","New Hanover",34.364167,-77.838611,11,2025,29,NA
2025-11-03,"Clemmons Middle","Forsyth",36.026612,-80.341962,11,2025,39,NA
2025-11-03,"Durham Armory","Durham",36.0329550008979,-78.904037,11,2025,32,NA
2025-11-03,"Garinger High School","Mecklenburg",35.2401000008895,-80.785683,11,2025,45,33
2025-11-03,"Hattie Avenue","Forsyth",36.11094,-80.224501,11,2025,39,35
2025-11-03,"Leggett","Edgecombe",35.988278,-77.5843,11,2025,21,NA
2025-11-03,"Mendenhall School","Guilford",36.1090060008986,-79.802314,11,2025,28,NA
2025-11-03,"Millbrook School","Wake",35.856111,-78.574167,11,2025,32.5,33
2025-11-03,"Pitt Agri. Center","Pitt",35.6412760008938,-77.360126,11,2025,21,NA
2025-11-03,"West Johnston Co.","Johnston",35.59095,-78.4622,11,2025,29,NA
2025-11-04,"Bryson City","Swain",35.434767,-83.442133,11,2025,31,NA
2025-11-04,"Castle Hayne","New Hanover",34.364167,-77.838611,11,2025,41,NA
2025-11-04,"Clemmons Middle","Forsyth",36.026612,-80.341962,11,2025,36,NA
2025-11-04,"Durham Armory","Durham",36.0329550008979,-78.904037,11,2025,25,NA
2025-11-04,"Garinger High School","Mecklenburg",35.2401000008895,-80.785683,11,2025,39,36
2025-11-04,"Hattie Avenue","Forsyth",36.11094,-80.224501,11,2025,27,NA
2025-11-04,"Leggett","Edgecombe",35.988278,-77.5843,11,2025,23,NA
2025-11-04,"Mendenhall School","Guilford",36.1090060008986,-79.802314,11,2025,28,NA
2025-11-04,"Millbrook School","Wake",35.856111,-78.574167,11,2025,33,33
2025-11-04,"Pitt Agri. Center","Pitt",35.6412760008938,-77.360126,11,2025,26,NA
2025-11-04,"West Johnston Co.","Johnston",35.59095,-78.4622,11,2025,32,NA
2025-11-05,"Bryson City","Swain",35.434767,-83.442133,11,2025,31,NA
2025-11-05,"Castle Hayne","New Hanover",34.364167,-77.838611,11,2025,39.5,NA
2025-11-05,"Clemmons Middle","Forsyth",36.026612,-80.341962,11,2025,53,NA
2025-11-05,"Durham Armory","Durham",36.0329550008979,-78.904037,11,2025,51,NA
2025-11-05,"Garinger High School","Mecklenburg",35.2401000008895,-80.785683,11,2025,54,40
2025-11-05,"Hattie Avenue","Forsyth",36.11094,-80.224501,11,2025,54,NA
2025-11-05,"Leggett","Edgecombe",35.988278,-77.5843,11,2025,42,NA
2025-11-05,"Mendenhall School","Guilford",36.1090060008986,-79.802314,11,2025,53,NA
2025-11-05,"Millbrook School","Wake",35.856111,-78.574167,11,2025,53,36
2025-11-05,"Pitt Agri. Center","Pitt",35.6412760008938,-77.360126,11,2025,43,NA
2025-11-05,"West Johnston Co.","Johnston",35.59095,-78.4622,11,2025,46,NA
2025-11-06,"Bryson City","Swain",35.434767,-83.442133,11,2025,41,NA
2025-11-06,"Castle Hayne","New Hanover",34.364167,-77.838611,11,2025,53.5,NA
2025-11-06,"Clemmons Middle","Forsyth",36.026612,-80.341962,11,2025,39,NA
2025-11-06,"Durham Armory","Durham",36.0329550008979,-78.904037,11,2025,52,NA
2025-11-06,"Garinger High School","Mecklenburg",35.2401000008895,-80.785683,11,2025,51,43
2025-11-06,"Hattie Avenue","Forsyth",36.11094,-80.224501,11,2025,39,NA
2025-11-06,"Leggett","Edgecombe",35.988278,-77.5843,11,2025,40,NA
2025-11-06,"Mendenhall School","Guilford",36.1090060008986,-79.802314,11,2025,41,NA
2025-11-06,"Millbrook School","Wake",35.856111,-78.574167,11,2025,54,39
2025-11-06,"Pitt Agri. Center","Pitt",35.6412760008938,-77.360126,11,2025,34,NA
2025-11-06,"West Johnston Co.","Johnston",35.59095,-78.4622,11,2025,47,NA
2025-11-07,"Bryson City","Swain",35.434767,-83.442133,11,2025,55,NA
2025-11-07,"Castle Hayne","New Hanover",34.364167,-77.838611,11,2025,33,NA
2025-11-07,"Clemmons Middle","Forsyth",36.026612,-80.341962,11,2025,55,NA
2025-11-07,"Durham Armory","Durham",36.0329550008979,-78.904037,11,2025,50,NA
2025-11-07,"Garinger High School","Mecklenburg",35.2401000008895,-80.785683,11,2025,56,37
2025-11-07,"Hattie Avenue","Forsyth",36.11094,-80.224501,11,2025,58,NA
2025-11-07,"Leggett","Edgecombe",35.988278,-77.5843,11,2025,31,NA
2025-11-07,"Mendenhall School","Guilford",36.1090060008986,-79.802314,11,2025,54,NA
2025-11-07,"Millbrook School","Wake",35.856111,-78.574167,11,2025,44,34
2025-11-07,"Pitt Agri. Center","Pitt",35.6412760008938,-77.360126,11,2025,34,NA
2025-11-07,"West Johnston Co.","Johnston",35.59095,-78.4622,11,2025,54,NA
2025-11-08,"Bryson City","Swain",35.434767,-83.442133,11,2025,38,NA
2025-11-08,"Castle Hayne","New Hanover",34.364167,-77.838611,11,2025,53.5,NA
2025-11-08,"Clemmons Middle","Forsyth",36.026612,-80.341962,11,2025,62,NA
2025-11-08,"Durham Armory","Durham",36.0329550008979,-78.904037,11,2025,61,NA
2025-11-08,"Garinger High School","Mecklenburg",35.2401000008895,-80.785683,11,2025,45,36
2025-11-08,"Hattie Avenue","Forsyth",36.11094,-80.224501,11,2025,63,NA
2025-11-08,"Leggett","Edgecombe",35.988278,-77.5843,11,2025,56,NA
2025-11-08,"Mendenhall School","Guilford",36.1090060008986,-79.802314,11,2025,56,NA
2025-11-08,"Millbrook School","Wake",35.856111,-78.574167,11,2025,65,37
2025-11-08,"Pitt Agri. Center","Pitt",35.6412760008938,-77.360126,11,2025,54,NA
2025-11-08,"West Johnston Co.","Johnston",35.59095,-78.4622,11,2025,56,NA
2025-11-09,"Bryson City","Swain",35.434767,-83.442133,11,2025,32,NA
2025-11-09,"Castle Hayne","New Hanover",34.364167,-77.838611,11,2025,45,NA
2025-11-09,"Clemmons Middle","Forsyth",36.026612,-80.341962,11,2025,55.5,NA
2025-11-09,"Durham Armory","Durham",36.0329550008979,-78.904037,11,2025,58,NA
2025-11-09,"Garinger High School","Mecklenburg",35.2401000008895,-80.785683,11,2025,50,37
2025-11-09,"Hattie Avenue","Forsyth",36.11094,-80.224501,11,2025,55.5,NA
2025-11-09,"Leggett","Edgecombe",35.988278,-77.5843,11,2025,58,NA
2025-11-09,"Mendenhall School","Guilford",36.1090060008986,-79.802314,11,2025,57,NA
2025-11-09,"Millbrook School","Wake",35.856111,-78.574167,11,2025,58,29
2025-11-09,"Pitt Agri. Center","Pitt",35.6412760008938,-77.360126,11,2025,53,NA
2025-11-09,"West Johnston Co.","Johnston",35.59095,-78.4622,11,2025,56,NA
2025-11-10,"Bryson City","Swain",35.434767,-83.442133,11,2025,9,NA
2025-11-10,"Castle Hayne","New Hanover",34.364167,-77.838611,11,2025,30,NA
2025-11-10,"Clemmons Middle","Forsyth",36.026612,-80.341962,11,2025,10,NA
2025-11-10,"Durham Armory","Durham",36.0329550008979,-78.904037,11,2025,5,NA
2025-11-10,"Garinger High School","Mecklenburg",35.2401000008895,-80.785683,11,2025,4,26
2025-11-10,"Hattie Avenue","Forsyth",36.11094,-80.224501,11,2025,11,NA
2025-11-10,"Leggett","Edgecombe",35.988278,-77.5843,11,2025,8,NA
2025-11-10,"Mendenhall School","Guilford",36.1090060008986,-79.802314,11,2025,7,NA
2025-11-10,"Millbrook School","Wake",35.856111,-78.574167,11,2025,9,26
2025-11-10,"Pitt Agri. Center","Pitt",35.6412760008938,-77.360126,11,2025,8,NA
2025-11-10,"West Johnston Co.","Johnston",35.59095,-78.4622,11,2025,1,NA
2025-11-11,"Bryson City","Swain",35.434767,-83.442133,11,2025,25,NA
2025-11-11,"Castle Hayne","New Hanover",34.364167,-77.838611,11,2025,26.5,NA
2025-11-11,"Clemmons Middle","Forsyth",36.026612,-80.341962,11,2025,16,NA
2025-11-11,"Durham Armory","Durham",36.0329550008979,-78.904037,11,2025,13,NA
2025-11-11,"Garinger High School","Mecklenburg",35.2401000008895,-80.785683,11,2025,16,30
2025-11-11,"Hattie Avenue","Forsyth",36.11094,-80.224501,11,2025,15,NA
2025-11-11,"Leggett","Edgecombe",35.988278,-77.5843,11,2025,14,NA
2025-11-11,"Mendenhall School","Guilford",36.1090060008986,-79.802314,11,2025,9,NA
2025-11-11,"Millbrook School","Wake",35.856111,-78.574167,11,2025,14,29
2025-11-11,"Pitt Agri. Center","Pitt",35.6412760008938,-77.360126,11,2025,16,NA
2025-11-11,"West Johnston Co.","Johnston",35.59095,-78.4622,11,2025,11,NA
2025-11-12,"Bryson City","Swain",35.434767,-83.442133,11,2025,36,NA
2025-11-12,"Castle Hayne","New Hanover",34.364167,-77.838611,11,2025,45.5,NA
2025-11-12,"Clemmons Middle","Forsyth",36.026612,-80.341962,11,2025,28,NA
2025-11-12,"Durham Armory","Durham",36.0329550008979,-78.904037,11,2025,42.5,NA
2025-11-12,"Garinger High School","Mecklenburg",35.2401000008895,-80.785683,11,2025,47.5,36
2025-11-12,"Hattie Avenue","Forsyth",36.11094,-80.224501,11,2025,28.5,NA
2025-11-12,"Leggett","Edgecombe",35.988278,-77.5843,11,2025,51,NA
2025-11-12,"Mendenhall School","Guilford",36.1090060008986,-79.802314,11,2025,41,NA
2025-11-12,"Millbrook School","Wake",35.856111,-78.574167,11,2025,36.5,33
2025-11-12,"Pitt Agri. Center","Pitt",35.6412760008938,-77.360126,11,2025,42,NA
2025-11-12,"West Johnston Co.","Johnston",35.59095,-78.4622,11,2025,49,NA
2025-11-13,"Bryson City","Swain",35.434767,-83.442133,11,2025,34,NA
2025-11-13,"Castle Hayne","New Hanover",34.364167,-77.838611,11,2025,52,NA
2025-11-13,"Clemmons Middle","Forsyth",36.026612,-80.341962,11,2025,31,NA
2025-11-13,"Durham Armory","Durham",36.0329550008979,-78.904037,11,2025,41.5,NA
2025-11-13,"Garinger High School","Mecklenburg",35.2401000008895,-80.785683,11,2025,55,37
2025-11-13,"Hattie Avenue","Forsyth",36.11094,-80.224501,11,2025,24,NA
2025-11-13,"Leggett","Edgecombe",35.988278,-77.5843,11,2025,46,NA
2025-11-13,"Mendenhall School","Guilford",36.1090060008986,-79.802314,11,2025,44,NA
2025-11-13,"Millbrook School","Wake",35.856111,-78.574167,11,2025,37,36
2025-11-13,"Pitt Agri. Center","Pitt",35.6412760008938,-77.360126,11,2025,35,NA
2025-11-13,"West Johnston Co.","Johnston",35.59095,-78.4622,11,2025,52,NA
2025-11-14,"Bryson City","Swain",35.434767,-83.442133,11,2025,54,NA
2025-11-14,"Castle Hayne","New Hanover",34.364167,-77.838611,11,2025,42.5,NA
2025-11-14,"Clemmons Middle","Forsyth",36.026612,-80.341962,11,2025,29,NA
2025-11-14,"Durham Armory","Durham",36.0329550008979,-78.904037,11,2025,27.5,NA
2025-11-14,"Garinger High School","Mecklenburg",35.2401000008895,-80.785683,11,2025,48,39
2025-11-14,"Hattie Avenue","Forsyth",36.11094,-80.224501,11,2025,25,NA
2025-11-14,"Leggett","Edgecombe",35.988278,-77.5843,11,2025,36,NA
2025-11-14,"Mendenhall School","Guilford",36.1090060008986,-79.802314,11,2025,26,NA
2025-11-14,"Millbrook School","Wake",35.856111,-78.574167,11,2025,29,34
2025-11-14,"Pitt Agri. Center","Pitt",35.6412760008938,-77.360126,11,2025,40,NA
2025-11-14,"West Johnston Co.","Johnston",35.59095,-78.4622,11,2025,49,NA
2025-11-15,"Bryson City","Swain",35.434767,-83.442133,11,2025,57,NA
2025-11-15,"Castle Hayne","New Hanover",34.364167,-77.838611,11,2025,55,NA
2025-11-15,"Clemmons Middle","Forsyth",36.026612,-80.341962,11,2025,54.5,NA
2025-11-15,"Durham Armory","Durham",36.0329550008979,-78.904037,11,2025,51,NA
2025-11-15,"Garinger High School","Mecklenburg",35.2401000008895,-80.785683,11,2025,54.5,42
2025-11-15,"Hattie Avenue","Forsyth",36.11094,-80.224501,11,2025,54.5,NA
2025-11-15,"Leggett","Edgecombe",35.988278,-77.5843,11,2025,52,NA
2025-11-15,"Mendenhall School","Guilford",36.1090060008986,-79.802314,11,2025,54,NA
2025-11-15,"Millbrook School","Wake",35.856111,-78.574167,11,2025,53,40
2025-11-15,"Pitt Agri. Center","Pitt",35.6412760008938,-77.360126,11,2025,53,NA
2025-11-15,"West Johnston Co.","Johnston",35.59095,-78.4622,11,2025,54,NA
2025-11-16,"Bryson City","Swain",35.434767,-83.442133,11,2025,29,NA
2025-11-16,"Castle Hayne","New Hanover",34.364167,-77.838611,11,2025,58.5,NA
2025-11-16,"Clemmons Middle","Forsyth",36.026612,-80.341962,11,2025,36,NA
2025-11-16,"Durham Armory","Durham",36.0329550008979,-78.904037,11,2025,40.5,NA
2025-11-16,"Garinger High School","Mecklenburg",35.2401000008895,-80.785683,11,2025,43,36
2025-11-16,"Hattie Avenue","Forsyth",36.11094,-80.224501,11,2025,37,NA
2025-11-16,"Leggett","Edgecombe",35.988278,-77.5843,11,2025,39,NA
2025-11-16,"Mendenhall School","Guilford",36.1090060008986,-79.802314,11,2025,30,NA
2025-11-16,"Millbrook School","Wake",35.856111,-78.574167,11,2025,50,38
2025-11-16,"Pitt Agri. Center","Pitt",35.6412760008938,-77.360126,11,2025,44,NA
2025-11-16,"West Johnston Co.","Johnston",35.59095,-78.4622,11,2025,46,NA
2025-11-17,"Bryson City","Swain",35.434767,-83.442133,11,2025,13,NA
2025-11-17,"Castle Hayne","New Hanover",34.364167,-77.838611,11,2025,28,NA
2025-11-17,"Clemmons Middle","Forsyth",36.026612,-80.341962,11,2025,17,NA
2025-11-17,"Durham Armory","Durham",36.0329550008979,-78.904037,11,2025,19,NA
2025-11-17,"Garinger High School","Mecklenburg",35.2401000008895,-80.785683,11,2025,29,35
2025-11-17,"Hattie Avenue","Forsyth",36.11094,-80.224501,11,2025,16,NA
2025-11-17,"Leggett","Edgecombe",35.988278,-77.5843,11,2025,16,NA
2025-11-17,"Mendenhall School","Guilford",36.1090060008986,-79.802314,11,2025,19,NA
2025-11-17,"Millbrook School","Wake",35.856111,-78.574167,11,2025,20.5,36
2025-11-17,"Pitt Agri. Center","Pitt",35.6412760008938,-77.360126,11,2025,21,NA
2025-11-17,"West Johnston Co.","Johnston",35.59095,-78.4622,11,2025,27,NA
2025-11-18,"Bryson City","Swain",35.434767,-83.442133,11,2025,36,NA
2025-11-18,"Castle Hayne","New Hanover",34.364167,-77.838611,11,2025,36,NA
2025-11-18,"Clemmons Middle","Forsyth",36.026612,-80.341962,11,2025,33,NA
2025-11-18,"Durham Armory","Durham",36.0329550008979,-78.904037,11,2025,33,NA
2025-11-18,"Garinger High School","Mecklenburg",35.2401000008895,-80.785683,11,2025,43,41
2025-11-18,"Hattie Avenue","Forsyth",36.11094,-80.224501,11,2025,31.5,NA
2025-11-18,"Leggett","Edgecombe",35.988278,-77.5843,11,2025,34,NA
2025-11-18,"Mendenhall School","Guilford",36.1090060008986,-79.802314,11,2025,32,NA
2025-11-18,"Millbrook School","Wake",35.856111,-78.574167,11,2025,42,34
2025-11-18,"Pitt Agri. Center","Pitt",35.6412760008938,-77.360126,11,2025,52,NA
2025-11-18,"West Johnston Co.","Johnston",35.59095,-78.4622,11,2025,46,NA
2025-11-19,"Bryson City","Swain",35.434767,-83.442133,11,2025,47,NA
2025-11-19,"Castle Hayne","New Hanover",34.364167,-77.838611,11,2025,46.5,NA
2025-11-19,"Clemmons Middle","Forsyth",36.026612,-80.341962,11,2025,52,NA
2025-11-19,"Durham Armory","Durham",36.0329550008979,-78.904037,11,2025,51.5,NA
2025-11-19,"Garinger High School","Mecklenburg",35.2401000008895,-80.785683,11,2025,55,39
2025-11-19,"Hattie Avenue","Forsyth",36.11094,-80.224501,11,2025,52,NA
2025-11-19,"Leggett","Edgecombe",35.988278,-77.5843,11,2025,43,NA
2025-11-19,"Mendenhall School","Guilford",36.1090060008986,-79.802314,11,2025,52,NA
2025-11-19,"Millbrook School","Wake",35.856111,-78.574167,11,2025,46,36
2025-11-19,"Pitt Agri. Center","Pitt",35.6412760008938,-77.360126,11,2025,47,NA
2025-11-19,"West Johnston Co.","Johnston",35.59095,-78.4622,11,2025,53,NA
2025-11-20,"Bryson City","Swain",35.434767,-83.442133,11,2025,51,NA
2025-11-20,"Castle Hayne","New Hanover",34.364167,-77.838611,11,2025,53,NA
2025-11-20,"Clemmons Middle","Forsyth",36.026612,-80.341962,11,2025,55,NA
2025-11-20,"Durham Armory","Durham",36.0329550008979,-78.904037,11,2025,48.5,NA
2025-11-20,"Garinger High School","Mecklenburg",35.2401000008895,-80.785683,11,2025,63,37
2025-11-20,"Hattie Avenue","Forsyth",36.11094,-80.224501,11,2025,53,NA
2025-11-20,"Leggett","Edgecombe",35.988278,-77.5843,11,2025,43,NA
2025-11-20,"Mendenhall School","Guilford",36.1090060008986,-79.802314,11,2025,47,NA
2025-11-20,"Millbrook School","Wake",35.856111,-78.574167,11,2025,54,25
2025-11-20,"Pitt Agri. Center","Pitt",35.6412760008938,-77.360126,11,2025,53,NA
2025-11-20,"West Johnston Co.","Johnston",35.59095,-78.4622,11,2025,52,NA
2025-11-21,"Bryson City","Swain",35.434767,-83.442133,11,2025,54,NA
2025-11-21,"Castle Hayne","New Hanover",34.364167,-77.838611,11,2025,57,NA
2025-11-21,"Clemmons Middle","Forsyth",36.026612,-80.341962,11,2025,81,NA
2025-11-21,"Durham Armory","Durham",36.0329550008979,-78.904037,11,2025,71,NA
2025-11-21,"Garinger High School","Mecklenburg",35.2401000008895,-80.785683,11,2025,81,25
2025-11-21,"Hattie Avenue","Forsyth",36.11094,-80.224501,11,2025,84.5,NA
2025-11-21,"Leggett","Edgecombe",35.988278,-77.5843,11,2025,61,NA
2025-11-21,"Mendenhall School","Guilford",36.1090060008986,-79.802314,11,2025,76,NA
2025-11-21,"Millbrook School","Wake",35.856111,-78.574167,11,2025,72,12
2025-11-21,"Pitt Agri. Center","Pitt",35.6412760008938,-77.360126,11,2025,62,NA
2025-11-21,"West Johnston Co.","Johnston",35.59095,-78.4622,11,2025,65,NA
2025-11-22,"Bryson City","Swain",35.434767,-83.442133,11,2025,46,NA
2025-11-22,"Castle Hayne","New Hanover",34.364167,-77.838611,11,2025,59,NA
2025-11-22,"Clemmons Middle","Forsyth",36.026612,-80.341962,11,2025,58,NA
2025-11-22,"Durham Armory","Durham",36.0329550008979,-78.904037,11,2025,62,NA
2025-11-22,"Garinger High School","Mecklenburg",35.2401000008895,-80.785683,11,2025,37,30
2025-11-22,"Hattie Avenue","Forsyth",36.11094,-80.224501,11,2025,63,NA
2025-11-22,"Leggett","Edgecombe",35.988278,-77.5843,11,2025,58,NA
2025-11-22,"Mendenhall School","Guilford",36.1090060008986,-79.802314,11,2025,59,NA
2025-11-22,"Millbrook School","Wake",35.856111,-78.574167,11,2025,65,27
2025-11-22,"Pitt Agri. Center","Pitt",35.6412760008938,-77.360126,11,2025,55,NA
2025-11-22,"West Johnston Co.","Johnston",35.59095,-78.4622,11,2025,56,NA
2025-11-23,"Bryson City","Swain",35.434767,-83.442133,11,2025,34,NA
2025-11-23,"Castle Hayne","New Hanover",34.364167,-77.838611,11,2025,53.5,NA
2025-11-23,"Clemmons Middle","Forsyth",36.026612,-80.341962,11,2025,30,NA
2025-11-23,"Durham Armory","Durham",36.0329550008979,-78.904037,11,2025,34.5,NA
2025-11-23,"Garinger High School","Mecklenburg",35.2401000008895,-80.785683,11,2025,46,33
2025-11-23,"Hattie Avenue","Forsyth",36.11094,-80.224501,11,2025,29,NA
2025-11-23,"Leggett","Edgecombe",35.988278,-77.5843,11,2025,31,NA
2025-11-23,"Mendenhall School","Guilford",36.1090060008986,-79.802314,11,2025,29,NA
2025-11-23,"Millbrook School","Wake",35.856111,-78.574167,11,2025,43,30
2025-11-23,"Pitt Agri. Center","Pitt",35.6412760008938,-77.360126,11,2025,25,NA
2025-11-23,"West Johnston Co.","Johnston",35.59095,-78.4622,11,2025,40,NA
2025-11-24,"Bryson City","Swain",35.434767,-83.442133,11,2025,55,NA
2025-11-24,"Castle Hayne","New Hanover",34.364167,-77.838611,11,2025,54.5,NA
2025-11-24,"Clemmons Middle","Forsyth",36.026612,-80.341962,11,2025,31,NA
2025-11-24,"Durham Armory","Durham",36.0329550008979,-78.904037,11,2025,37,NA
2025-11-24,"Garinger High School","Mecklenburg",35.2401000008895,-80.785683,11,2025,40.5,34
2025-11-24,"Hattie Avenue","Forsyth",36.11094,-80.224501,11,2025,32,NA
2025-11-24,"Leggett","Edgecombe",35.988278,-77.5843,11,2025,36,NA
2025-11-24,"Mendenhall School","Guilford",36.1090060008986,-79.802314,11,2025,21,NA
2025-11-24,"Millbrook School","Wake",35.856111,-78.574167,11,2025,46,34
2025-11-24,"Pitt Agri. Center","Pitt",35.6412760008938,-77.360126,11,2025,41,NA
2025-11-24,"West Johnston Co.","Johnston",35.59095,-78.4622,11,2025,41,NA
2025-11-25,"Bryson City","Swain",35.434767,-83.442133,11,2025,54,NA
2025-11-25,"Castle Hayne","New Hanover",34.364167,-77.838611,11,2025,24,NA
2025-11-25,"Clemmons Middle","Forsyth",36.026612,-80.341962,11,2025,56,NA
2025-11-25,"Durham Armory","Durham",36.0329550008979,-78.904037,11,2025,46,NA
2025-11-25,"Garinger High School","Mecklenburg",35.2401000008895,-80.785683,11,2025,33,31
2025-11-25,"Hattie Avenue","Forsyth",36.11094,-80.224501,11,2025,56,NA
2025-11-25,"Leggett","Edgecombe",35.988278,-77.5843,11,2025,36,NA
2025-11-25,"Mendenhall School","Guilford",36.1090060008986,-79.802314,11,2025,45,NA
2025-11-25,"Millbrook School","Wake",35.856111,-78.574167,11,2025,39,32
2025-11-25,"Pitt Agri. Center","Pitt",35.6412760008938,-77.360126,11,2025,28,NA
2025-11-25,"West Johnston Co.","Johnston",35.59095,-78.4622,11,2025,47,NA
2025-11-26,"Bryson City","Swain",35.434767,-83.442133,11,2025,18,NA
2025-11-26,"Castle Hayne","New Hanover",34.364167,-77.838611,11,2025,36,NA
2025-11-26,"Clemmons Middle","Forsyth",36.026612,-80.341962,11,2025,54,NA
2025-11-26,"Durham Armory","Durham",36.0329550008979,-78.904037,11,2025,38.5,NA
2025-11-26,"Garinger High School","Mecklenburg",35.2401000008895,-80.785683,11,2025,37,33
2025-11-26,"Hattie Avenue","Forsyth",36.11094,-80.224501,11,2025,54,NA
2025-11-26,"Leggett","Edgecombe",35.988278,-77.5843,11,2025,34,NA
2025-11-26,"Mendenhall School","Guilford",36.1090060008986,-79.802314,11,2025,39,NA
2025-11-26,"Millbrook School","Wake",35.856111,-78.574167,11,2025,36,32
2025-11-26,"Pitt Agri. Center","Pitt",35.6412760008938,-77.360126,11,2025,24,NA
2025-11-26,"West Johnston Co.","Johnston",35.59095,-78.4622,11,2025,33,NA
2025-11-27,"Bryson City","Swain",35.434767,-83.442133,11,2025,11,NA
2025-11-27,"Castle Hayne","New Hanover",34.364167,-77.838611,11,2025,29.5,NA
2025-11-27,"Clemmons Middle","Forsyth",36.026612,-80.341962,11,2025,17,NA
2025-11-27,"Durham Armory","Durham",36.0329550008979,-78.904037,11,2025,14,NA
2025-11-27,"Garinger High School","Mecklenburg",35.2401000008895,-80.785683,11,2025,13.5,33
2025-11-27,"Hattie Avenue","Forsyth",36.11094,-80.224501,11,2025,16.5,NA
2025-11-27,"Leggett","Edgecombe",35.988278,-77.5843,11,2025,18,NA
2025-11-27,"Mendenhall School","Guilford",36.1090060008986,-79.802314,11,2025,20,NA
2025-11-27,"Millbrook School","Wake",35.856111,-78.574167,11,2025,15,32
2025-11-27,"Pitt Agri. Center","Pitt",35.6412760008938,-77.360126,11,2025,10,NA
2025-11-27,"West Johnston Co.","Johnston",35.59095,-78.4622,11,2025,11,NA
2025-11-28,"Bryson City","Swain",35.434767,-83.442133,11,2025,28,NA
2025-11-28,"Castle Hayne","New Hanover",34.364167,-77.838611,11,2025,28.5,NA
2025-11-28,"Clemmons Middle","Forsyth",36.026612,-80.341962,11,2025,29,NA
2025-11-28,"Durham Armory","Durham",36.0329550008979,-78.904037,11,2025,19,NA
2025-11-28,"Garinger High School","Mecklenburg",35.2401000008895,-80.785683,11,2025,24,31
2025-11-28,"Hattie Avenue","Forsyth",36.11094,-80.224501,11,2025,22,NA
2025-11-28,"Leggett","Edgecombe",35.988278,-77.5843,11,2025,19,NA
2025-11-28,"Mendenhall School","Guilford",36.1090060008986,-79.802314,11,2025,19,NA
2025-11-28,"Millbrook School","Wake",35.856111,-78.574167,11,2025,19,31
2025-11-28,"Pitt Agri. Center","Pitt",35.6412760008938,-77.360126,11,2025,19,NA
2025-11-28,"West Johnston Co.","Johnston",35.59095,-78.4622,11,2025,23,NA
2025-11-29,"Bryson City","Swain",35.434767,-83.442133,11,2025,41,NA
2025-11-29,"Castle Hayne","New Hanover",34.364167,-77.838611,11,2025,32,NA
2025-11-29,"Clemmons Middle","Forsyth",36.026612,-80.341962,11,2025,35,NA
2025-11-29,"Durham Armory","Durham",36.0329550008979,-78.904037,11,2025,28,NA
2025-11-29,"Garinger High School","Mecklenburg",35.2401000008895,-80.785683,11,2025,38,31
2025-11-29,"Hattie Avenue","Forsyth",36.11094,-80.224501,11,2025,39,NA
2025-11-29,"Leggett","Edgecombe",35.988278,-77.5843,11,2025,24,NA
2025-11-29,"Mendenhall School","Guilford",36.1090060008986,-79.802314,11,2025,26,NA
2025-11-29,"Millbrook School","Wake",35.856111,-78.574167,11,2025,37,30
2025-11-29,"Pitt Agri. Center","Pitt",35.6412760008938,-77.360126,11,2025,24,NA
2025-11-29,"West Johnston Co.","Johnston",35.59095,-78.4622,11,2025,36,NA
2025-11-30,"Bryson City","Swain",35.434767,-83.442133,11,2025,33,NA
2025-11-30,"Castle Hayne","New Hanover",34.364167,-77.838611,11,2025,19.5,NA
2025-11-30,"Clemmons Middle","Forsyth",36.026612,-80.341962,11,2025,55,NA
2025-11-30,"Durham Armory","Durham",36.0329550008979,-78.904037,11,2025,45,NA
2025-11-30,"Garinger High School","Mecklenburg",35.2401000008895,-80.785683,11,2025,47,20
2025-11-30,"Hattie Avenue","Forsyth",36.11094,-80.224501,11,2025,53,NA
2025-11-30,"Leggett","Edgecombe",35.988278,-77.5843,11,2025,34,NA
2025-11-30,"Mendenhall School","Guilford",36.1090060008986,-79.802314,11,2025,47,NA
2025-11-30,"Millbrook School","Wake",35.856111,-78.574167,11,2025,39,26
2025-11-30,"Pitt Agri. Center","Pitt",35.6412760008938,-77.360126,11,2025,36,NA
2025-11-30,"West Johnston Co.","Johnston",35.59095,-78.4622,11,2025,41,NA
2025-12-01,"Bryson City","Swain",35.434767,-83.442133,12,2025,28,NA
2025-12-01,"Castle Hayne","New Hanover",34.364167,-77.838611,12,2025,38.5,NA
2025-12-01,"Clemmons Middle","Forsyth",36.026612,-80.341962,12,2025,38,NA
2025-12-01,"Durham Armory","Durham",36.0329550008979,-78.904037,12,2025,29,NA
2025-12-01,"Garinger High School","Mecklenburg",35.2401000008895,-80.785683,12,2025,36,25
2025-12-01,"Hattie Avenue","Forsyth",36.11094,-80.224501,12,2025,42,NA
2025-12-01,"Leggett","Edgecombe",35.988278,-77.5843,12,2025,28,NA
2025-12-01,"Mendenhall School","Guilford",36.1090060008986,-79.802314,12,2025,28,NA
2025-12-01,"Millbrook School","Wake",35.856111,-78.574167,12,2025,37,27
2025-12-01,"Pitt Agri. Center","Pitt",35.6412760008938,-77.360126,12,2025,27,NA
2025-12-01,"West Johnston Co.","Johnston",35.59095,-78.4622,12,2025,22,NA
2025-12-02,"Bryson City","Swain",35.434767,-83.442133,12,2025,19,NA
2025-12-02,"Castle Hayne","New Hanover",34.364167,-77.838611,12,2025,28.5,NA
2025-12-02,"Clemmons Middle","Forsyth",36.026612,-80.341962,12,2025,41,NA
2025-12-02,"Durham Armory","Durham",36.0329550008979,-78.904037,12,2025,27,NA
2025-12-02,"Garinger High School","Mecklenburg",35.2401000008895,-80.785683,12,2025,37,13
2025-12-02,"Hattie Avenue","Forsyth",36.11094,-80.224501,12,2025,37,NA
2025-12-02,"Leggett","Edgecombe",35.988278,-77.5843,12,2025,22,NA
2025-12-02,"Mendenhall School","Guilford",36.1090060008986,-79.802314,12,2025,33,NA
2025-12-02,"Millbrook School","Wake",35.856111,-78.574167,12,2025,29,NA
2025-12-02,"Pitt Agri. Center","Pitt",35.6412760008938,-77.360126,12,2025,23,NA
2025-12-02,"West Johnston Co.","Johnston",35.59095,-78.4622,12,2025,31,NA
2025-12-03,"Bryson City","Swain",35.434767,-83.442133,12,2025,25,NA
2025-12-03,"Castle Hayne","New Hanover",34.364167,-77.838611,12,2025,47.5,NA
2025-12-03,"Clemmons Middle","Forsyth",36.026612,-80.341962,12,2025,37,NA
2025-12-03,"Durham Armory","Durham",36.0329550008979,-78.904037,12,2025,34,NA
2025-12-03,"Garinger High School","Mecklenburg",35.2401000008895,-80.785683,12,2025,37.5,26
2025-12-03,"Hattie Avenue","Forsyth",36.11094,-80.224501,12,2025,35.5,NA
2025-12-03,"Leggett","Edgecombe",35.988278,-77.5843,12,2025,31,NA
2025-12-03,"Mendenhall School","Guilford",36.1090060008986,-79.802314,12,2025,42,NA
2025-12-03,"Millbrook School","Wake",35.856111,-78.574167,12,2025,41,NA
2025-12-03,"Pitt Agri. Center","Pitt",35.6412760008938,-77.360126,12,2025,34,NA
2025-12-03,"West Johnston Co.","Johnston",35.59095,-78.4622,12,2025,32,NA
2025-12-04,"Bryson City","Swain",35.434767,-83.442133,12,2025,53,NA
2025-12-04,"Castle Hayne","New Hanover",34.364167,-77.838611,12,2025,56.5,NA
2025-12-04,"Clemmons Middle","Forsyth",36.026612,-80.341962,12,2025,55,NA
2025-12-04,"Durham Armory","Durham",36.0329550008979,-78.904037,12,2025,47,NA
2025-12-04,"Garinger High School","Mecklenburg",35.2401000008895,-80.785683,12,2025,60,12
2025-12-04,"Hattie Avenue","Forsyth",36.11094,-80.224501,12,2025,54,NA
2025-12-04,"Leggett","Edgecombe",35.988278,-77.5843,12,2025,52,NA
2025-12-04,"Mendenhall School","Guilford",36.1090060008986,-79.802314,12,2025,50,NA
2025-12-04,"Millbrook School","Wake",35.856111,-78.574167,12,2025,54,19
2025-12-04,"Pitt Agri. Center","Pitt",35.6412760008938,-77.360126,12,2025,56,NA
2025-12-04,"West Johnston Co.","Johnston",35.59095,-78.4622,12,2025,58,NA
2025-12-05,"Bryson City","Swain",35.434767,-83.442133,12,2025,21,NA
2025-12-05,"Castle Hayne","New Hanover",34.364167,-77.838611,12,2025,42,NA
2025-12-05,"Clemmons Middle","Forsyth",36.026612,-80.341962,12,2025,44,NA
2025-12-05,"Durham Armory","Durham",36.0329550008979,-78.904037,12,2025,34,NA
2025-12-05,"Garinger High School","Mecklenburg",35.2401000008895,-80.785683,12,2025,43,12
2025-12-05,"Hattie Avenue","Forsyth",36.11094,-80.224501,12,2025,37,NA
2025-12-05,"Leggett","Edgecombe",35.988278,-77.5843,12,2025,26,NA
2025-12-05,"Mendenhall School","Guilford",36.1090060008986,-79.802314,12,2025,33,NA
2025-12-05,"Millbrook School","Wake",35.856111,-78.574167,12,2025,35,17
2025-12-05,"Pitt Agri. Center","Pitt",35.6412760008938,-77.360126,12,2025,26,NA
2025-12-05,"West Johnston Co.","Johnston",35.59095,-78.4622,12,2025,33,NA
2025-12-06,"Bryson City","Swain",35.434767,-83.442133,12,2025,56,NA
2025-12-06,"Castle Hayne","New Hanover",34.364167,-77.838611,12,2025,36.5,NA
2025-12-06,"Clemmons Middle","Forsyth",36.026612,-80.341962,12,2025,59,NA
2025-12-06,"Durham Armory","Durham",36.0329550008979,-78.904037,12,2025,48.5,NA
2025-12-06,"Garinger High School","Mecklenburg",35.2401000008895,-80.785683,12,2025,58.5,6
2025-12-06,"Hattie Avenue","Forsyth",36.11094,-80.224501,12,2025,53.5,NA
2025-12-06,"Leggett","Edgecombe",35.988278,-77.5843,12,2025,37,NA
2025-12-06,"Mendenhall School","Guilford",36.1090060008986,-79.802314,12,2025,52,NA
2025-12-06,"Millbrook School","Wake",35.856111,-78.574167,12,2025,53,9
2025-12-06,"Pitt Agri. Center","Pitt",35.6412760008938,-77.360126,12,2025,33,NA
2025-12-06,"West Johnston Co.","Johnston",35.59095,-78.4622,12,2025,44,NA
2025-12-07,"Bryson City","Swain",35.434767,-83.442133,12,2025,42,NA
2025-12-07,"Castle Hayne","New Hanover",34.364167,-77.838611,12,2025,63,NA
2025-12-07,"Clemmons Middle","Forsyth",36.026612,-80.341962,12,2025,56,NA
2025-12-07,"Durham Armory","Durham",36.0329550008979,-78.904037,12,2025,58,NA
2025-12-07,"Garinger High School","Mecklenburg",35.2401000008895,-80.785683,12,2025,51,7
2025-12-07,"Hattie Avenue","Forsyth",36.11094,-80.224501,12,2025,56,NA
2025-12-07,"Leggett","Edgecombe",35.988278,-77.5843,12,2025,53,NA
2025-12-07,"Mendenhall School","Guilford",36.1090060008986,-79.802314,12,2025,52,NA
2025-12-07,"Millbrook School","Wake",35.856111,-78.574167,12,2025,61,10
2025-12-07,"Pitt Agri. Center","Pitt",35.6412760008938,-77.360126,12,2025,53,NA
2025-12-07,"West Johnston Co.","Johnston",35.59095,-78.4622,12,2025,59,NA
2025-12-08,"Bryson City","Swain",35.434767,-83.442133,12,2025,52,NA
2025-12-08,"Castle Hayne","New Hanover",34.364167,-77.838611,12,2025,52.5,NA
2025-12-08,"Clemmons Middle","Forsyth",36.026612,-80.341962,12,2025,56,NA
2025-12-08,"Durham Armory","Durham",36.0329550008979,-78.904037,12,2025,51,NA
2025-12-08,"Garinger High School","Mecklenburg",35.2401000008895,-80.785683,12,2025,46,19
2025-12-08,"Hattie Avenue","Forsyth",36.11094,-80.224501,12,2025,55,NA
2025-12-08,"Leggett","Edgecombe",35.988278,-77.5843,12,2025,33,NA
2025-12-08,"Mendenhall School","Guilford",36.1090060008986,-79.802314,12,2025,53,NA
2025-12-08,"Millbrook School","Wake",35.856111,-78.574167,12,2025,54,26
2025-12-08,"Pitt Agri. Center","Pitt",35.6412760008938,-77.360126,12,2025,37,NA
2025-12-08,"West Johnston Co.","Johnston",35.59095,-78.4622,12,2025,44,NA
2025-12-09,"Bryson City","Swain",35.434767,-83.442133,12,2025,32,NA
2025-12-09,"Castle Hayne","New Hanover",34.364167,-77.838611,12,2025,30,NA
2025-12-09,"Clemmons Middle","Forsyth",36.026612,-80.341962,12,2025,40,NA
2025-12-09,"Durham Armory","Durham",36.0329550008979,-78.904037,12,2025,33,NA
2025-12-09,"Garinger High School","Mecklenburg",35.2401000008895,-80.785683,12,2025,41,20
2025-12-09,"Hattie Avenue","Forsyth",36.11094,-80.224501,12,2025,38,NA
2025-12-09,"Leggett","Edgecombe",35.988278,-77.5843,12,2025,23,NA
2025-12-09,"Mendenhall School","Guilford",36.1090060008986,-79.802314,12,2025,39,NA
2025-12-09,"Millbrook School","Wake",35.856111,-78.574167,12,2025,36,26
2025-12-09,"Pitt Agri. Center","Pitt",35.6412760008938,-77.360126,12,2025,24,NA
2025-12-09,"West Johnston Co.","Johnston",35.59095,-78.4622,12,2025,28,NA
2025-12-10,"Bryson City","Swain",35.434767,-83.442133,12,2025,37,NA
2025-12-10,"Castle Hayne","New Hanover",34.364167,-77.838611,12,2025,42.5,NA
2025-12-10,"Clemmons Middle","Forsyth",36.026612,-80.341962,12,2025,53,NA
2025-12-10,"Durham Armory","Durham",36.0329550008979,-78.904037,12,2025,48.5,NA
2025-12-10,"Garinger High School","Mecklenburg",35.2401000008895,-80.785683,12,2025,39,30
2025-12-10,"Hattie Avenue","Forsyth",36.11094,-80.224501,12,2025,53,NA
2025-12-10,"Leggett","Edgecombe",35.988278,-77.5843,12,2025,42,NA
2025-12-10,"Mendenhall School","Guilford",36.1090060008986,-79.802314,12,2025,45,NA
2025-12-10,"Millbrook School","Wake",35.856111,-78.574167,12,2025,52,27
2025-12-10,"Pitt Agri. Center","Pitt",35.6412760008938,-77.360126,12,2025,46,NA
2025-12-10,"West Johnston Co.","Johnston",35.59095,-78.4622,12,2025,43,NA
2025-12-11,"Bryson City","Swain",35.434767,-83.442133,12,2025,18,NA
2025-12-11,"Castle Hayne","New Hanover",34.364167,-77.838611,12,2025,31,NA
2025-12-11,"Clemmons Middle","Forsyth",36.026612,-80.341962,12,2025,18,NA
2025-12-11,"Durham Armory","Durham",36.0329550008979,-78.904037,12,2025,13.5,NA
2025-12-11,"Garinger High School","Mecklenburg",35.2401000008895,-80.785683,12,2025,15,27
2025-12-11,"Hattie Avenue","Forsyth",36.11094,-80.224501,12,2025,18,NA
2025-12-11,"Leggett","Edgecombe",35.988278,-77.5843,12,2025,13,NA
2025-12-11,"Mendenhall School","Guilford",36.1090060008986,-79.802314,12,2025,18,NA
2025-12-11,"Millbrook School","Wake",35.856111,-78.574167,12,2025,16.5,26
2025-12-11,"Pitt Agri. Center","Pitt",35.6412760008938,-77.360126,12,2025,20,NA
2025-12-11,"West Johnston Co.","Johnston",35.59095,-78.4622,12,2025,17,NA
2025-12-12,"Bryson City","Swain",35.434767,-83.442133,12,2025,51,NA
2025-12-12,"Castle Hayne","New Hanover",34.364167,-77.838611,12,2025,31.5,NA
2025-12-12,"Clemmons Middle","Forsyth",36.026612,-80.341962,12,2025,50,NA
2025-12-12,"Durham Armory","Durham",36.0329550008979,-78.904037,12,2025,39,NA
2025-12-12,"Garinger High School","Mecklenburg",35.2401000008895,-80.785683,12,2025,33,27
2025-12-12,"Hattie Avenue","Forsyth",36.11094,-80.224501,12,2025,39,NA
2025-12-12,"Leggett","Edgecombe",35.988278,-77.5843,12,2025,23,NA
2025-12-12,"Mendenhall School","Guilford",36.1090060008986,-79.802314,12,2025,36,NA
2025-12-12,"Millbrook School","Wake",35.856111,-78.574167,12,2025,40,22
2025-12-12,"Pitt Agri. Center","Pitt",35.6412760008938,-77.360126,12,2025,26,NA
2025-12-12,"West Johnston Co.","Johnston",35.59095,-78.4622,12,2025,34,NA
2025-12-13,"Bryson City","Swain",35.434767,-83.442133,12,2025,66,NA
2025-12-13,"Castle Hayne","New Hanover",34.364167,-77.838611,12,2025,44,NA
2025-12-13,"Clemmons Middle","Forsyth",36.026612,-80.341962,12,2025,68,NA
2025-12-13,"Durham Armory","Durham",36.0329550008979,-78.904037,12,2025,59.5,NA
2025-12-13,"Garinger High School","Mecklenburg",35.2401000008895,-80.785683,12,2025,59,31
2025-12-13,"Hattie Avenue","Forsyth",36.11094,-80.224501,12,2025,64,NA
2025-12-13,"Leggett","Edgecombe",35.988278,-77.5843,12,2025,52,NA
2025-12-13,"Mendenhall School","Guilford",36.1090060008986,-79.802314,12,2025,59,NA
2025-12-13,"Millbrook School","Wake",35.856111,-78.574167,12,2025,64.5,25
2025-12-13,"Pitt Agri. Center","Pitt",35.6412760008938,-77.360126,12,2025,56,NA
2025-12-13,"West Johnston Co.","Johnston",35.59095,-78.4622,12,2025,58,NA
2025-12-14,"Bryson City","Swain",35.434767,-83.442133,12,2025,29,NA
2025-12-14,"Castle Hayne","New Hanover",34.364167,-77.838611,12,2025,34,NA
2025-12-14,"Clemmons Middle","Forsyth",36.026612,-80.341962,12,2025,48,NA
2025-12-14,"Durham Armory","Durham",36.0329550008979,-78.904037,12,2025,40.5,NA
2025-12-14,"Garinger High School","Mecklenburg",35.2401000008895,-80.785683,12,2025,32,33
2025-12-14,"Hattie Avenue","Forsyth",36.11094,-80.224501,12,2025,39,NA
2025-12-14,"Leggett","Edgecombe",35.988278,-77.5843,12,2025,41,NA
2025-12-14,"Mendenhall School","Guilford",36.1090060008986,-79.802314,12,2025,40,NA
2025-12-14,"Millbrook School","Wake",35.856111,-78.574167,12,2025,51,33
2025-12-14,"Pitt Agri. Center","Pitt",35.6412760008938,-77.360126,12,2025,33,NA
2025-12-14,"West Johnston Co.","Johnston",35.59095,-78.4622,12,2025,31,NA
2025-12-15,"Bryson City","Swain",35.434767,-83.442133,12,2025,45,NA
2025-12-15,"Castle Hayne","New Hanover",34.364167,-77.838611,12,2025,28.5,NA
2025-12-15,"Clemmons Middle","Forsyth",36.026612,-80.341962,12,2025,27.5,NA
2025-12-15,"Durham Armory","Durham",36.0329550008979,-78.904037,12,2025,20,NA
2025-12-15,"Garinger High School","Mecklenburg",35.2401000008895,-80.785683,12,2025,29.5,27
2025-12-15,"Hattie Avenue","Forsyth",36.11094,-80.224501,12,2025,22.5,NA
2025-12-15,"Leggett","Edgecombe",35.988278,-77.5843,12,2025,11,NA
2025-12-15,"Mendenhall School","Guilford",36.1090060008986,-79.802314,12,2025,20,NA
2025-12-15,"Millbrook School","Wake",35.856111,-78.574167,12,2025,32,27
2025-12-15,"Pitt Agri. Center","Pitt",35.6412760008938,-77.360126,12,2025,19,NA
2025-12-15,"West Johnston Co.","Johnston",35.59095,-78.4622,12,2025,24,NA
2025-12-16,"Bryson City","Swain",35.434767,-83.442133,12,2025,55,NA
2025-12-16,"Castle Hayne","New Hanover",34.364167,-77.838611,12,2025,44.5,NA
2025-12-16,"Clemmons Middle","Forsyth",36.026612,-80.341962,12,2025,55,NA
2025-12-16,"Durham Armory","Durham",36.0329550008979,-78.904037,12,2025,44.5,NA
2025-12-16,"Garinger High School","Mecklenburg",35.2401000008895,-80.785683,12,2025,54,26
2025-12-16,"Hattie Avenue","Forsyth",36.11094,-80.224501,12,2025,52,NA
2025-12-16,"Leggett","Edgecombe",35.988278,-77.5843,12,2025,42,NA
2025-12-16,"Mendenhall School","Guilford",36.1090060008986,-79.802314,12,2025,46,NA
2025-12-16,"Millbrook School","Wake",35.856111,-78.574167,12,2025,50.5,26
2025-12-16,"Pitt Agri. Center","Pitt",35.6412760008938,-77.360126,12,2025,48,NA
2025-12-16,"West Johnston Co.","Johnston",35.59095,-78.4622,12,2025,34,NA
2025-12-17,"Bryson City","Swain",35.434767,-83.442133,12,2025,65,NA
2025-12-17,"Castle Hayne","New Hanover",34.364167,-77.838611,12,2025,54.5,NA
2025-12-17,"Clemmons Middle","Forsyth",36.026612,-80.341962,12,2025,69,NA
2025-12-17,"Durham Armory","Durham",36.0329550008979,-78.904037,12,2025,59,NA
2025-12-17,"Garinger High School","Mecklenburg",35.2401000008895,-80.785683,12,2025,59,30
2025-12-17,"Hattie Avenue","Forsyth",36.11094,-80.224501,12,2025,78,NA
2025-12-17,"Leggett","Edgecombe",35.988278,-77.5843,12,2025,51,NA
2025-12-17,"Mendenhall School","Guilford",36.1090060008986,-79.802314,12,2025,61,NA
2025-12-17,"Millbrook School","Wake",35.856111,-78.574167,12,2025,67,27
2025-12-17,"Pitt Agri. Center","Pitt",35.6412760008938,-77.360126,12,2025,53,NA
2025-12-17,"West Johnston Co.","Johnston",35.59095,-78.4622,12,2025,56,NA
2025-12-18,"Bryson City","Swain",35.434767,-83.442133,12,2025,57,NA
2025-12-18,"Castle Hayne","New Hanover",34.364167,-77.838611,12,2025,34,NA
2025-12-18,"Clemmons Middle","Forsyth",36.026612,-80.341962,12,2025,76,NA
2025-12-18,"Durham Armory","Durham",36.0329550008979,-78.904037,12,2025,60.5,NA
2025-12-18,"Garinger High School","Mecklenburg",35.2401000008895,-80.785683,12,2025,52,26
2025-12-18,"Hattie Avenue","Forsyth",36.11094,-80.224501,12,2025,69.5,NA
2025-12-18,"Leggett","Edgecombe",35.988278,-77.5843,12,2025,54,NA
2025-12-18,"Mendenhall School","Guilford",36.1090060008986,-79.802314,12,2025,63,NA
2025-12-18,"Millbrook School","Wake",35.856111,-78.574167,12,2025,61,26
2025-12-18,"Pitt Agri. Center","Pitt",35.6412760008938,-77.360126,12,2025,53,NA
2025-12-18,"West Johnston Co.","Johnston",35.59095,-78.4622,12,2025,55,NA
2025-12-19,"Bryson City","Swain",35.434767,-83.442133,12,2025,10,NA
2025-12-19,"Castle Hayne","New Hanover",34.364167,-77.838611,12,2025,20,NA
2025-12-19,"Clemmons Middle","Forsyth",36.026612,-80.341962,12,2025,14,NA
2025-12-19,"Durham Armory","Durham",36.0329550008979,-78.904037,12,2025,11,NA
2025-12-19,"Garinger High School","Mecklenburg",35.2401000008895,-80.785683,12,2025,14,32
2025-12-19,"Hattie Avenue","Forsyth",36.11094,-80.224501,12,2025,14,NA
2025-12-19,"Leggett","Edgecombe",35.988278,-77.5843,12,2025,7,NA
2025-12-19,"Mendenhall School","Guilford",36.1090060008986,-79.802314,12,2025,7,NA
2025-12-19,"Millbrook School","Wake",35.856111,-78.574167,12,2025,14,35
2025-12-19,"Pitt Agri. Center","Pitt",35.6412760008938,-77.360126,12,2025,11,NA
2025-12-19,"West Johnston Co.","Johnston",35.59095,-78.4622,12,2025,7,NA
2025-12-20,"Bryson City","Swain",35.434767,-83.442133,12,2025,60,NA
2025-12-20,"Castle Hayne","New Hanover",34.364167,-77.838611,12,2025,29,NA
2025-12-20,"Clemmons Middle","Forsyth",36.026612,-80.341962,12,2025,27,NA
2025-12-20,"Durham Armory","Durham",36.0329550008979,-78.904037,12,2025,31,NA
2025-12-20,"Garinger High School","Mecklenburg",35.2401000008895,-80.785683,12,2025,27,33
2025-12-20,"Hattie Avenue","Forsyth",36.11094,-80.224501,12,2025,23,NA
2025-12-20,"Leggett","Edgecombe",35.988278,-77.5843,12,2025,23,NA
2025-12-20,"Mendenhall School","Guilford",36.1090060008986,-79.802314,12,2025,26,NA
2025-12-20,"Millbrook School","Wake",35.856111,-78.574167,12,2025,30,30
2025-12-20,"Pitt Agri. Center","Pitt",35.6412760008938,-77.360126,12,2025,21,NA
2025-12-20,"West Johnston Co.","Johnston",35.59095,-78.4622,12,2025,26,NA
2025-12-21,"Bryson City","Swain",35.434767,-83.442133,12,2025,64,NA
2025-12-21,"Castle Hayne","New Hanover",34.364167,-77.838611,12,2025,36.5,NA
2025-12-21,"Clemmons Middle","Forsyth",36.026612,-80.341962,12,2025,42,NA
2025-12-21,"Durham Armory","Durham",36.0329550008979,-78.904037,12,2025,29,NA
2025-12-21,"Garinger High School","Mecklenburg",35.2401000008895,-80.785683,12,2025,36.5,31
2025-12-21,"Hattie Avenue","Forsyth",36.11094,-80.224501,12,2025,31,NA
2025-12-21,"Leggett","Edgecombe",35.988278,-77.5843,12,2025,23,NA
2025-12-21,"Mendenhall School","Guilford",36.1090060008986,-79.802314,12,2025,34,NA
2025-12-21,"Millbrook School","Wake",35.856111,-78.574167,12,2025,31,33
2025-12-21,"Pitt Agri. Center","Pitt",35.6412760008938,-77.360126,12,2025,26,NA
2025-12-21,"West Johnston Co.","Johnston",35.59095,-78.4622,12,2025,30,NA
2025-12-22,"Bryson City","Swain",35.434767,-83.442133,12,2025,76,NA
2025-12-22,"Castle Hayne","New Hanover",34.364167,-77.838611,12,2025,23,NA
2025-12-22,"Clemmons Middle","Forsyth",36.026612,-80.341962,12,2025,27,NA
2025-12-22,"Durham Armory","Durham",36.0329550008979,-78.904037,12,2025,22.5,NA
2025-12-22,"Garinger High School","Mecklenburg",35.2401000008895,-80.785683,12,2025,23,34
2025-12-22,"Hattie Avenue","Forsyth",36.11094,-80.224501,12,2025,20,NA
2025-12-22,"Leggett","Edgecombe",35.988278,-77.5843,12,2025,19,NA
2025-12-22,"Mendenhall School","Guilford",36.1090060008986,-79.802314,12,2025,18,NA
2025-12-22,"Millbrook School","Wake",35.856111,-78.574167,12,2025,21,32
2025-12-22,"Pitt Agri. Center","Pitt",35.6412760008938,-77.360126,12,2025,18,NA
2025-12-22,"West Johnston Co.","Johnston",35.59095,-78.4622,12,2025,21,NA
2025-12-23,"Bryson City","Swain",35.434767,-83.442133,12,2025,71,NA
2025-12-23,"Castle Hayne","New Hanover",34.364167,-77.838611,12,2025,36,NA
2025-12-23,"Clemmons Middle","Forsyth",36.026612,-80.341962,12,2025,39,NA
2025-12-23,"Durham Armory","Durham",36.0329550008979,-78.904037,12,2025,45,NA
2025-12-23,"Garinger High School","Mecklenburg",35.2401000008895,-80.785683,12,2025,33,37
2025-12-23,"Hattie Avenue","Forsyth",36.11094,-80.224501,12,2025,37,NA
2025-12-23,"Leggett","Edgecombe",35.988278,-77.5843,12,2025,33,NA
2025-12-23,"Mendenhall School","Guilford",36.1090060008986,-79.802314,12,2025,37,NA
2025-12-23,"Millbrook School","Wake",35.856111,-78.574167,12,2025,36,31
2025-12-23,"Pitt Agri. Center","Pitt",35.6412760008938,-77.360126,12,2025,31,NA
2025-12-23,"West Johnston Co.","Johnston",35.59095,-78.4622,12,2025,50,NA
2025-12-24,"Bryson City","Swain",35.434767,-83.442133,12,2025,68,NA
2025-12-24,"Castle Hayne","New Hanover",34.364167,-77.838611,12,2025,53,NA
2025-12-24,"Clemmons Middle","Forsyth",36.026612,-80.341962,12,2025,55,NA
2025-12-24,"Durham Armory","Durham",36.0329550008979,-78.904037,12,2025,56,NA
2025-12-24,"Garinger High School","Mecklenburg",35.2401000008895,-80.785683,12,2025,59,30
2025-12-24,"Hattie Avenue","Forsyth",36.11094,-80.224501,12,2025,52.5,NA
2025-12-24,"Leggett","Edgecombe",35.988278,-77.5843,12,2025,39,NA
2025-12-24,"Mendenhall School","Guilford",36.1090060008986,-79.802314,12,2025,56,NA
2025-12-24,"Millbrook School","Wake",35.856111,-78.574167,12,2025,46.5,33
2025-12-24,"Pitt Agri. Center","Pitt",35.6412760008938,-77.360126,12,2025,36,NA
2025-12-24,"West Johnston Co.","Johnston",35.59095,-78.4622,12,2025,41,NA
2025-12-25,"Bryson City","Swain",35.434767,-83.442133,12,2025,52,NA
2025-12-25,"Castle Hayne","New Hanover",34.364167,-77.838611,12,2025,40.5,NA
2025-12-25,"Clemmons Middle","Forsyth",36.026612,-80.341962,12,2025,55,NA
2025-12-25,"Durham Armory","Durham",36.0329550008979,-78.904037,12,2025,61.5,NA
2025-12-25,"Garinger High School","Mecklenburg",35.2401000008895,-80.785683,12,2025,54,30
2025-12-25,"Hattie Avenue","Forsyth",36.11094,-80.224501,12,2025,54,NA
2025-12-25,"Leggett","Edgecombe",35.988278,-77.5843,12,2025,38,NA
2025-12-25,"Mendenhall School","Guilford",36.1090060008986,-79.802314,12,2025,63,NA
2025-12-25,"Millbrook School","Wake",35.856111,-78.574167,12,2025,58,26
2025-12-25,"Pitt Agri. Center","Pitt",35.6412760008938,-77.360126,12,2025,52,NA
2025-12-25,"West Johnston Co.","Johnston",35.59095,-78.4622,12,2025,55,NA
2025-12-26,"Bryson City","Swain",35.434767,-83.442133,12,2025,41,NA
2025-12-26,"Castle Hayne","New Hanover",34.364167,-77.838611,12,2025,41.5,NA
2025-12-26,"Clemmons Middle","Forsyth",36.026612,-80.341962,12,2025,45,NA
2025-12-26,"Durham Armory","Durham",36.0329550008979,-78.904037,12,2025,31.5,NA
2025-12-26,"Garinger High School","Mecklenburg",35.2401000008895,-80.785683,12,2025,54,24
2025-12-26,"Hattie Avenue","Forsyth",36.11094,-80.224501,12,2025,43,NA
2025-12-26,"Leggett","Edgecombe",35.988278,-77.5843,12,2025,22,NA
2025-12-26,"Mendenhall School","Guilford",36.1090060008986,-79.802314,12,2025,35,NA
2025-12-26,"Millbrook School","Wake",35.856111,-78.574167,12,2025,38,30
2025-12-26,"Pitt Agri. Center","Pitt",35.6412760008938,-77.360126,12,2025,25,NA
2025-12-26,"West Johnston Co.","Johnston",35.59095,-78.4622,12,2025,34,NA
2025-12-27,"Bryson City","Swain",35.434767,-83.442133,12,2025,39,NA
2025-12-27,"Castle Hayne","New Hanover",34.364167,-77.838611,12,2025,52.5,NA
2025-12-27,"Clemmons Middle","Forsyth",36.026612,-80.341962,12,2025,51,NA
2025-12-27,"Durham Armory","Durham",36.0329550008979,-78.904037,12,2025,45.5,NA
2025-12-27,"Garinger High School","Mecklenburg",35.2401000008895,-80.785683,12,2025,57.5,27
2025-12-27,"Hattie Avenue","Forsyth",36.11094,-80.224501,12,2025,50,NA
2025-12-27,"Leggett","Edgecombe",35.988278,-77.5843,12,2025,28,NA
2025-12-27,"Mendenhall School","Guilford",36.1090060008986,-79.802314,12,2025,51,NA
2025-12-27,"Millbrook School","Wake",35.856111,-78.574167,12,2025,51.5,24
2025-12-27,"Pitt Agri. Center","Pitt",35.6412760008938,-77.360126,12,2025,30,NA
2025-12-27,"West Johnston Co.","Johnston",35.59095,-78.4622,12,2025,41,NA
2025-12-28,"Bryson City","Swain",35.434767,-83.442133,12,2025,56,NA
2025-12-28,"Castle Hayne","New Hanover",34.364167,-77.838611,12,2025,27.5,NA
2025-12-28,"Clemmons Middle","Forsyth",36.026612,-80.341962,12,2025,37,NA
2025-12-28,"Durham Armory","Durham",36.0329550008979,-78.904037,12,2025,27,NA
2025-12-28,"Garinger High School","Mecklenburg",35.2401000008895,-80.785683,12,2025,45,17
2025-12-28,"Hattie Avenue","Forsyth",36.11094,-80.224501,12,2025,39,NA
2025-12-28,"Leggett","Edgecombe",35.988278,-77.5843,12,2025,35,NA
2025-12-28,"Mendenhall School","Guilford",36.1090060008986,-79.802314,12,2025,27,NA
2025-12-28,"Millbrook School","Wake",35.856111,-78.574167,12,2025,34,22
2025-12-28,"Pitt Agri. Center","Pitt",35.6412760008938,-77.360126,12,2025,31,NA
2025-12-28,"West Johnston Co.","Johnston",35.59095,-78.4622,12,2025,34,NA
2025-12-29,"Bryson City","Swain",35.434767,-83.442133,12,2025,12,NA
2025-12-29,"Castle Hayne","New Hanover",34.364167,-77.838611,12,2025,32,NA
2025-12-29,"Clemmons Middle","Forsyth",36.026612,-80.341962,12,2025,27,NA
2025-12-29,"Durham Armory","Durham",36.0329550008979,-78.904037,12,2025,27.5,NA
2025-12-29,"Garinger High School","Mecklenburg",35.2401000008895,-80.785683,12,2025,24,30
2025-12-29,"Hattie Avenue","Forsyth",36.11094,-80.224501,12,2025,26,NA
2025-12-29,"Leggett","Edgecombe",35.988278,-77.5843,12,2025,27,NA
2025-12-29,"Mendenhall School","Guilford",36.1090060008986,-79.802314,12,2025,20,NA
2025-12-29,"Millbrook School","Wake",35.856111,-78.574167,12,2025,32,30
2025-12-29,"Pitt Agri. Center","Pitt",35.6412760008938,-77.360126,12,2025,69,NA
2025-12-29,"West Johnston Co.","Johnston",35.59095,-78.4622,12,2025,21,NA
2025-12-30,"Bryson City","Swain",35.434767,-83.442133,12,2025,12,NA
2025-12-30,"Castle Hayne","New Hanover",34.364167,-77.838611,12,2025,30,NA
2025-12-30,"Clemmons Middle","Forsyth",36.026612,-80.341962,12,2025,20,NA
2025-12-30,"Durham Armory","Durham",36.0329550008979,-78.904037,12,2025,15.5,NA
2025-12-30,"Garinger High School","Mecklenburg",35.2401000008895,-80.785683,12,2025,17.5,27
2025-12-30,"Hattie Avenue","Forsyth",36.11094,-80.224501,12,2025,18.5,NA
2025-12-30,"Leggett","Edgecombe",35.988278,-77.5843,12,2025,16,NA
2025-12-30,"Mendenhall School","Guilford",36.1090060008986,-79.802314,12,2025,18,NA
2025-12-30,"Millbrook School","Wake",35.856111,-78.574167,12,2025,17.5,27
2025-12-30,"Pitt Agri. Center","Pitt",35.6412760008938,-77.360126,12,2025,11,NA
2025-12-30,"West Johnston Co.","Johnston",35.59095,-78.4622,12,2025,21,NA
2025-12-31,"Bryson City","Swain",35.434767,-83.442133,12,2025,22,NA
2025-12-31,"Castle Hayne","New Hanover",34.364167,-77.838611,12,2025,35,NA
2025-12-31,"Clemmons Middle","Forsyth",36.026612,-80.341962,12,2025,17,NA
2025-12-31,"Durham Armory","Durham",36.0329550008979,-78.904037,12,2025,30.5,NA
2025-12-31,"Garinger High School","Mecklenburg",35.2401000008895,-80.785683,12,2025,31,34
2025-12-31,"Hattie Avenue","Forsyth",36.11094,-80.224501,12,2025,18,NA
2025-12-31,"Leggett","Edgecombe",35.988278,-77.5843,12,2025,22,NA
2025-12-31,"Mendenhall School","Guilford",36.1090060008986,-79.802314,12,2025,18,NA
2025-12-31,"Millbrook School","Wake",35.856111,-78.574167,12,2025,24,32
2025-12-31,"Pitt Agri. Center","Pitt",35.6412760008938,-77.360126,12,2025,23,NA
2025-12-31,"West Johnston Co.","Johnston",35.59095,-78.4622,12,2025,25,NA
